problema,geracao,mu_best,mu_min_pool,nao_greedy,gap
BBOB_F1,1,-0.1630741578364705,-0.16307415068149567,False,-7.154974834833183e-09
BBOB_F1,2,-0.23513206323652452,-0.23513206839561462,False,5.159090099571273e-09
BBOB_F1,3,-0.30699007839015124,-0.3069900870323181,False,8.642166871020152e-09
BBOB_F1,4,-0.08542525484922739,-0.08540360629558563,False,-2.164855364175655e-05
BBOB_F1,5,-0.12656500291860262,-0.12656424939632416,False,-7.535222784627038e-07
BBOB_F1,6,-0.15639128014870554,-0.15639127790927887,False,-2.2394266718794853e-09
BBOB_F1,7,-0.05443782738649944,-0.054436828941106796,False,-9.984453926414893e-07
BBOB_F1,8,0.006573171055419158,0.0065305717289447784,True,4.2599326474379584e-05
BBOB_F1,9,-0.05237755430933702,-0.05237755551934242,False,1.2100054014307915e-09
BBOB_F1,10,0.033421238530350034,0.033417802304029465,True,3.436226320568947e-06
BBOB_F1,11,0.02212338558343052,0.022122090682387352,True,1.2949010431695385e-06
BBOB_F1,12,0.04141247412332788,0.04141247272491455,False,1.3984133295785739e-09
BBOB_F1,13,-0.002016607449112001,-0.002016607439145446,False,-9.966555358786877e-12
BBOB_F1,14,-0.004944890646687516,-0.004944890737533569,False,9.084605290254899e-11
BBOB_F1,15,0.026621011125323613,0.026621012017130852,False,-8.918072391672638e-10
BBOB_F1,16,-0.0063233520133871846,-0.006323351990431547,False,-2.2955637390964512e-11
BBOB_F1,17,0.00395334533291497,0.003964645322412252,False,-1.1299989497282059e-05
BBOB_F1,18,0.0017181910690417523,0.001720143249258399,False,-1.9521802166466706e-06
BBOB_F1,19,0.019962223982285754,0.11407003551721573,False,-0.09410781153492997
BBOB_F1,20,-0.002471085341378826,-0.0024351521860808134,False,-3.593315529801244e-05
BBOB_F1,21,0.00022404204196779798,0.00022404204355552793,False,-1.5877299475164364e-12
BBOB_F1,22,0.025117481955356957,0.025117481127381325,False,8.279756325002552e-10
BBOB_F1,23,0.027006466909100968,0.027006467804312706,False,-8.952117380722768e-10
BBOB_F1,24,0.038264255434864225,0.0382692888379097,False,-5.033403045473506e-06
BBOB_F1,25,0.03995943708710206,0.039977021515369415,False,-1.758442826735318e-05
BBOB_F1,26,0.06537312611725887,0.058890555053949356,True,0.006482571063309517
BBOB_F1,27,0.01874404006132982,0.01871686801314354,True,2.7172048186280273e-05
BBOB_F1,28,0.006756430815889558,0.006756430957466364,False,-1.4157680583437582e-10
BBOB_F1,29,0.01747312951729396,0.017396820709109306,True,7.630880818465524e-05
BBOB_F1,30,0.05010671117181925,0.046921197324991226,True,0.0031855138468280253
BBOB_F1,31,0.03315866616482946,0.033158667385578156,False,-1.2207486965731817e-09
BBOB_F1,32,0.028478786262044864,0.02847878634929657,False,-8.725170586032505e-11
BBOB_F1,33,0.17201177471166823,0.15930800139904022,True,0.012703773312628008
BBOB_F1,34,0.026090852661558805,0.026090852916240692,False,-2.5468188669108827e-10
BBOB_F1,35,0.038624499174840704,0.03747844696044922,True,0.0011460522143914853
BBOB_F1,36,0.0037320454317498197,0.0037320454139262438,False,1.7823575948483494e-11
BBOB_F1,37,0.05710786993135916,0.053062453866004944,True,0.004045416065354218
BBOB_F1,38,0.024445476204613487,0.02444547601044178,False,1.9417170649127513e-10
BBOB_F1,39,0.01655955867615075,0.0165384691208601,True,2.108955529064871e-05
BBOB_F1,40,0.008034207467959464,0.008024281822144985,True,9.92564581447919e-06
BBOB_F1,41,0.03322581093648791,0.1136009469628334,False,-0.0803751360263455
BBOB_F1,42,0.08008266855191681,0.08008266985416412,False,-1.302247309986626e-09
BBOB_F1,43,0.017254259048075038,0.017254259437322617,False,-3.89247578613805e-10
BBOB_F1,44,0.03582963154719562,0.03577743098139763,True,5.2200565797994036e-05
BBOB_F1,45,0.017672370548799998,0.017672371119260788,False,-5.704607897172309e-10
BBOB_F1,46,0.0348237184430398,0.034823447465896606,False,2.7097714319634925e-07
BBOB_F1,47,0.01073667086764643,0.01072835735976696,True,8.313507879470494e-06
BBOB_F1,48,0.0668032958718418,0.06679612398147583,True,7.171890365975653e-06
BBOB_F1,49,0.015414373633816758,0.015414373949170113,False,-3.153533545408038e-10
BBOB_F1,50,0.005152899119696852,0.059490811079740524,False,-0.05433791196004367
BBOB_F1,51,0.03059628399608666,0.028966180980205536,True,0.0016301030158811236
BBOB_F1,52,0.07742541011752044,0.07106554508209229,True,0.006359865035428153
BBOB_F1,53,0.02153827312729603,0.02154490165412426,False,-6.628526828228454e-06
BBOB_F1,54,0.034533012273711805,0.09543098509311676,False,-0.060897972819404955
BBOB_F1,55,0.05536274102613695,0.049853548407554626,True,0.00550919261858232
BBOB_F1,56,0.03354611509800873,0.03254226967692375,True,0.0010038454210849757
BBOB_F1,57,0.03040569136298868,0.02923520654439926,True,0.0011704848185894179
BBOB_F1,58,0.008862681408307788,0.008792247623205185,True,7.043378510260268e-05
BBOB_F1,59,0.025632549534141486,0.02515617199242115,True,0.0004763775417203353
BBOB_F1,60,0.03722212592044409,0.03681429103016853,True,0.0004078348902755574
BBOB_F1,61,0.007243439412819047,0.007243439555168152,False,-1.423491047258807e-10
BBOB_F1,62,0.07908167602081706,0.07908167690038681,False,-8.795697503671818e-10
BBOB_F1,63,0.03802312958445918,0.03802312910556793,False,4.788912461028971e-10
BBOB_F1,64,0.06947988948855453,0.11147721856832504,False,-0.04199732907977051
BBOB_F1,65,0.03860600336316804,0.13064949214458466,False,-0.09204348878141662
BBOB_F1,66,0.03563316056522067,0.03159480169415474,True,0.0040383588710659335
BBOB_F1,67,0.07512767575853696,0.07512767612934113,False,-3.7080416515067327e-10
BBOB_F1,68,0.039327962498566696,0.17599830031394958,False,-0.1366703378153829
BBOB_F1,69,0.011717035660664482,0.011533747427165508,True,0.00018328823349897383
BBOB_F1,70,0.037771587456654224,0.037783872336149216,False,-1.2284879494992018e-05
BBOB_F1,71,0.1462220140501766,0.14439940452575684,True,0.0018226095244197604
BBOB_F1,72,0.02531182121666628,0.02461981773376465,True,0.0006920034829016319
BBOB_F1,73,0.10011411284879881,0.09922848641872406,True,0.0008856264300747541
BBOB_F1,74,0.026870063965600377,0.026692796498537064,True,0.00017726746706331342
BBOB_F1,75,0.03518268045447512,0.03487228974699974,True,0.00031039070747537756
BBOB_F1,76,0.03628975378043571,0.12111175060272217,False,-0.08482199682228646
BBOB_F1,77,0.14916924135598766,0.14801329374313354,True,0.001155947612854119
BBOB_F1,78,0.022659833401224655,0.022708438336849213,False,-4.86049356245577e-05
BBOB_F1,79,0.1675760045481402,0.16671934723854065,True,0.0008566573095995511
BBOB_F1,80,0.07281540746796,0.06681672483682632,True,0.005998682631133678
BBOB_F1,81,0.03488402793378463,0.07556484639644623,False,-0.0406808184626616
BBOB_F1,82,0.03826357886933211,0.15936514735221863,False,-0.12110156848288652
BBOB_F1,83,0.022440145012217194,0.022967815399169922,False,-0.0005276703869527277
BBOB_F1,84,0.1601411112773339,0.15586797893047333,True,0.004273132346860581
BBOB_F1,85,0.001255508754191531,0.09306896477937698,False,-0.09181345602518545
BBOB_F1,86,0.013585635065866228,0.013585635460913181,False,-3.9504695348302477e-10
BBOB_F1,87,0.015873191568657574,0.13013696670532227,False,-0.11426377513666469
BBOB_F1,88,0.12712495756527167,0.1262781322002411,True,0.0008468253650305846
BBOB_F1,89,0.030358278923526882,0.03015671856701374,True,0.00020156035651314186
BBOB_F1,90,0.07938250751395301,0.07328612357378006,True,0.00609638394017295
BBOB_F1,91,0.15647062068302564,0.15561604499816895,True,0.0008545756848566954
BBOB_F1,92,0.002710137259846007,0.00849778950214386,False,-0.005787652242297853
BBOB_F1,93,0.038104235167398276,0.1460968255996704,False,-0.10799259043227213
BBOB_F1,94,0.08152690738258897,0.07726062834262848,True,0.004266279039960491
BBOB_F1,95,0.03397824136178486,0.1283763349056244,False,-0.09439809354383953
BBOB_F1,96,0.03139191574066766,0.1030527651309967,False,-0.07166084939032905
BBOB_F1,97,0.027021766382477344,0.027694132179021835,False,-0.0006723657965444912
BBOB_F1,98,0.0816761264560524,0.08082250505685806,True,0.0008536213991943431
BBOB_F1,99,0.10507998686881069,0.10508061945438385,False,-6.325855731598162e-07
BBOB_F1,100,0.06059898789539443,0.060598988085985184,False,-1.9059075151428573e-10
BBOB_F1,101,0.03401656849412518,0.1213444173336029,False,-0.08732784883947772
BBOB_F1,102,0.040193276737905584,0.10883661359548569,False,-0.0686433368575801
BBOB_F1,103,0.035879228979743896,0.1422366350889206,False,-0.1063574061091767
BBOB_F1,104,0.06793614790011965,0.05885857716202736,True,0.009077570738092289
BBOB_F1,105,0.11161531791796002,0.10765621811151505,True,0.003959099806444974
BBOB_F1,106,0.10376770163483741,0.10376770049333572,False,1.1415016848426163e-09
BBOB_F1,107,0.11575605364689477,0.11519776284694672,True,0.0005582907999480552
BBOB_F1,108,0.1530318471773258,0.15201671421527863,True,0.001015132962047166
BBOB_F1,109,0.17431057958435686,0.14246168732643127,True,0.03184889225792559
BBOB_F1,110,0.010767048475647717,0.17784690856933594,False,-0.16707986009368822
BBOB_F1,111,0.014214286513828,0.08310697227716446,False,-0.06889268576333646
BBOB_F1,112,0.13569121888621685,0.1312216967344284,True,0.0044695221517884465
BBOB_F1,113,0.15605669095741423,0.153142049908638,True,0.0029146410487762286
BBOB_F1,114,0.01016449649315515,0.1960054188966751,False,-0.18584092240351996
BBOB_F1,115,0.1563726391670286,0.15530359745025635,True,0.0010690417167722455
BBOB_F1,116,0.014695081028399073,0.02754937671124935,False,-0.012854295682850278
BBOB_F1,117,0.0460755347704077,0.03903638944029808,True,0.007039145330109617
BBOB_F1,118,0.003649461891299527,0.18093319237232208,False,-0.17728373048102256
BBOB_F1,119,0.0185412690557962,0.01677471026778221,True,0.0017665587880139888
BBOB_F1,120,0.02803813747029571,0.028038136661052704,False,8.092430059392086e-10
BBOB_F1,121,0.12153302720897469,0.12137279659509659,True,0.00016023061387809845
BBOB_F1,122,0.07319294707117834,0.06937678158283234,True,0.003816165488345999
BBOB_F1,123,0.006190703638356165,0.10130476206541061,False,-0.09511405842705445
BBOB_F1,124,0.003912411225434204,0.20482835173606873,False,-0.20091594051063452
BBOB_F1,125,0.03603154863656491,0.1157112792134285,False,-0.07967973057686359
BBOB_F1,126,0.04090614022058374,0.04908411204814911,False,-0.00817797182756537
BBOB_F1,127,0.06698008100274713,0.06470591574907303,True,0.002274165253674104
BBOB_F1,128,0.007207087800290279,0.1729506254196167,False,-0.16574353761932642
BBOB_F1,129,0.09063438763448911,0.08956944942474365,True,0.0010649382097454585
BBOB_F1,130,0.1379237979191055,0.1363811194896698,True,0.001542678429435701
BBOB_F1,131,0.031594206838095606,0.0911697968840599,False,-0.0595755900459643
BBOB_F1,132,0.10525795421103266,0.10525795072317123,False,3.4878614302291666e-09
BBOB_F1,133,0.17024692067095956,0.15756064653396606,True,0.012686274136993497
BBOB_F1,134,0.12870245734365654,0.12777815759181976,True,0.0009242997518367768
BBOB_F1,135,0.006657732348070294,0.18365728855133057,False,-0.17699955620326027
BBOB_F1,136,0.039436908082696974,0.13630282878875732,False,-0.09686592070606034
BBOB_F1,137,0.08474343924607847,0.08474315702915192,False,2.8221692655039377e-07
BBOB_F1,138,0.021339945212752384,0.09817894548177719,False,-0.07683900026902481
BBOB_F1,139,0.034125307582301895,0.1206105500459671,False,-0.08648524246366521
BBOB_F1,140,0.08960521430910866,0.08809155970811844,True,0.001513654600990219
BBOB_F1,141,0.0933302265948363,0.09333052486181259,False,-2.982669762979784e-07
BBOB_F1,142,0.11835992506338516,0.11593110114336014,True,0.002428823920025025
BBOB_F1,143,0.09335244379238522,0.09335244446992874,False,-6.775435212880154e-10
BBOB_F1,144,0.003425995870373219,0.13565081357955933,False,-0.1322248177091861
BBOB_F1,145,0.0936117430539681,0.09361173957586288,False,3.4781052205001828e-09
BBOB_F1,146,0.0791389316627645,0.07913893461227417,False,-2.949509664285088e-09
BBOB_F1,147,0.09583228047258625,0.09552636742591858,True,0.0003059130466676746
BBOB_F1,148,0.10840959029393393,0.10840881615877151,False,7.741351624179771e-07
BBOB_F1,149,0.0292804956087235,0.10403292626142502,False,-0.07475243065270151
BBOB_F1,150,0.10817856813948332,0.10788826644420624,True,0.0002903016952770787
BBOB_F1,151,0.10827482949078931,0.1065162718296051,True,0.0017585576611842124
BBOB_F1,152,0.08499888724520645,0.08385495096445084,True,0.0011439362807556114
BBOB_F1,153,0.03575634797034949,0.03497106954455376,True,0.0007852784257957324
BBOB_F1,154,0.09760617741665412,0.09760625660419464,False,-7.918754052482768e-08
BBOB_F1,155,0.08211401243233614,0.08211401104927063,False,1.383065509341641e-09
BBOB_F1,156,0.09827274208761495,0.09783288091421127,True,0.00043986117340368003
BBOB_F1,157,0.07952913456699648,0.07560939341783524,True,0.003919741149161243
BBOB_F1,158,0.09172223766186813,0.08825024217367172,True,0.0034719954881964055
BBOB_F1,159,0.09156572433168157,0.09114754945039749,True,0.00041817488128408076
BBOB_F1,160,0.08678773249221988,0.08678930997848511,False,-1.5774862652251365e-06
BBOB_F1,161,0.08946430175333178,0.08946429938077927,False,2.3725525155615657e-09
BBOB_F1,162,0.07601884476550198,0.07601892203092575,False,-7.726542376740309e-08
BBOB_F1,163,0.08541283725005429,0.0837722048163414,True,0.001640632433712888
BBOB_F1,164,0.07283530685591141,0.07067809998989105,True,0.0021572068660203614
BBOB_F1,165,0.08765249093929159,0.08628429472446442,True,0.001368196214827172
BBOB_F1,166,0.08269075632628257,0.08043358474969864,True,0.0022571715765839356
BBOB_F1,167,-8.661754670957755e-06,0.12629573047161102,False,-0.12630439222628198
BBOB_F1,168,0.07375585964273679,0.07190433889627457,True,0.0018515207464622208
BBOB_F1,169,0.09513251613157861,0.09436046332120895,True,0.0007720528103696556
BBOB_F1,170,0.11295050210415689,0.11294683068990707,True,3.6714142498117663e-06
BBOB_F1,171,0.09461246430474964,0.09400754421949387,True,0.0006049200852557696
BBOB_F1,172,0.09377450025310036,0.09377449750900269,False,2.7440976713144494e-09
BBOB_F1,173,0.09068050419979685,0.0906805619597435,False,-5.77599466450307e-08
BBOB_F1,174,0.04088905467700124,0.0342702753841877,True,0.0066187792928135425
BBOB_F1,175,0.19831511623048087,0.18274369835853577,True,0.015571417871945104
BBOB_F1,176,0.041494817063139684,0.03749370202422142,True,0.004001115038918264
BBOB_F1,177,0.10052570250879794,0.10052570700645447,False,-4.497656524993232e-09
BBOB_F1,178,0.09480638612446944,0.09419339895248413,True,0.0006129871719853103
BBOB_F1,179,0.08550248480508633,0.08368897438049316,True,0.0018135104245931705
BBOB_F1,180,0.07987343299166927,0.07987325638532639,False,1.7660634288318988e-07
BBOB_F1,181,0.10540263062432279,0.1031399518251419,True,0.0022626787991808783
BBOB_F1,182,0.07883933298199966,0.07755208015441895,True,0.001287252827580715
BBOB_F1,183,0.045491262954309226,0.04264771193265915,True,0.0028435510216500773
BBOB_F1,184,0.0025865690390600993,0.22512497007846832,False,-0.22253840103940822
BBOB_F1,185,0.07877135127573241,0.07746602594852448,True,0.0013053253272079374
BBOB_F1,186,0.018449840558489347,0.07714129239320755,False,-0.0586914518347182
BBOB_F1,187,0.10021848683580939,0.10013231635093689,True,8.617048487249979e-05
BBOB_F1,188,0.000550356100956606,0.18547038733959198,False,-0.18492003123863537
BBOB_F1,189,0.09224477764633024,0.09153012186288834,True,0.0007146557834419032
BBOB_F1,190,0.08526634189630725,0.08473397046327591,True,0.0005323714330313367
BBOB_F1,191,0.08449644792071473,0.08386150002479553,True,0.0006349478959191968
BBOB_F1,192,0.10684624328604608,0.10591961443424225,True,0.0009266288518038346
BBOB_F1,193,0.07348869872800409,0.0733194500207901,True,0.00016924870721399254
BBOB_F1,194,0.019228518456749624,0.018068430945277214,True,0.0011600875114724102
BBOB_F1,195,0.08915212341125654,0.08711542189121246,True,0.002036701520044079
BBOB_F1,196,0.08435985226207766,0.08435985445976257,False,-2.197684909055475e-09
BBOB_F1,197,0.08183032376914602,0.08183033019304276,False,-6.4238967339980135e-09
BBOB_F1,198,0.051717670993748174,0.054933976382017136,False,-0.0032163053882689613
BBOB_F1,199,0.030589897782087608,0.09822046756744385,False,-0.06763056978535624
BBOB_F1,200,0.07577596381836318,0.07191256433725357,True,0.003863399481109614
BBOB_F1,201,0.07015742808402141,0.06847988814115524,True,0.0016775399428661658
BBOB_F1,202,0.0004394733364928849,0.1326436847448349,False,-0.13220421140834202
BBOB_F1,203,0.03372680524988195,0.027201322838664055,True,0.006525482411217892
BBOB_F1,204,0.07676097129382033,0.07615399360656738,True,0.0006069776872529437
BBOB_F17,1,-0.29358044497147834,-0.29358044266700745,False,-2.304470891889565e-09
BBOB_F17,2,-0.3073478682282794,-0.3073466718196869,False,-1.1964085925297852e-06
BBOB_F17,3,-0.6095401260856157,-0.6095386743545532,False,-1.451731062473982e-06
BBOB_F17,4,-0.12028232086554969,-0.12041368335485458,True,0.00013136248930489813
BBOB_F17,5,-0.2759783005558362,-0.27597829699516296,False,-3.5606732562420973e-09
BBOB_F17,6,-0.28534411852877606,-0.28534412384033203,False,5.311555972831172e-09
BBOB_F17,7,-0.2349908108996587,-0.23499105870723724,False,2.478075785405931e-07
BBOB_F17,8,-0.17108172871018648,-0.17108172178268433,False,-6.92750215525173e-09
BBOB_F17,9,-0.2364887711187706,-0.23648877441883087,False,3.3000602805977053e-09
BBOB_F17,10,-0.02597923016863235,-0.029637575149536133,True,0.0036583449809037827
BBOB_F17,11,-0.026050630858905494,-0.0260506309568882,False,9.798270528271757e-11
BBOB_F17,12,-0.013437556704335801,-0.01343755703419447,False,3.2985866815771203e-10
BBOB_F17,13,0.021033283134111957,0.02103324979543686,False,3.333867509835997e-08
BBOB_F17,14,-0.5255135316404227,-0.5255135297775269,False,-1.8628958375899174e-09
BBOB_F17,15,-0.2897463624000763,-0.28974637389183044,False,1.14917541593762e-08
BBOB_F17,16,-0.32974831400516047,-0.3297483026981354,False,-1.130702509399839e-08
BBOB_F17,17,-0.6737749106563258,-0.6737748980522156,False,-1.2604110199987417e-08
BBOB_F17,18,-0.2991487591009183,-0.2991487681865692,False,9.085650898299491e-09
BBOB_F17,19,-0.20053009392266719,-0.20053009688854218,False,2.965874990046302e-09
BBOB_F17,20,-0.07022969658435065,-0.07022969424724579,False,-2.337104856864336e-09
BBOB_F17,21,-0.061627445211149455,-0.06162691116333008,False,-5.340478193768816e-07
BBOB_F17,22,-0.05688048390296235,-0.05688047409057617,False,-9.812386181362598e-09
BBOB_F17,23,-0.1679006676062717,-0.1679006665945053,False,-1.011766392888802e-09
BBOB_F17,24,-0.10299058663108829,-0.10299059003591537,False,3.4048270869391217e-09
BBOB_F17,25,-0.0589497589531118,-0.05894975736737251,False,-1.5857392898777078e-09
BBOB_F17,26,-0.09937485577777438,-0.0993947759270668,True,1.9920149292418365e-05
BBOB_F17,27,-0.1330925512379063,-0.13309255242347717,False,1.1855708637042994e-09
BBOB_F17,28,-0.08710870966984471,-0.08710870891809464,False,-7.517500788534193e-10
BBOB_F17,29,-0.025589905668810184,-0.025580937042832375,False,-8.968625977809341e-06
BBOB_F17,30,-0.05452192925398622,-0.054687388241291046,True,0.00016545898730482844
BBOB_F17,31,-0.042070610356516186,-0.04219682514667511,True,0.0001262147901589239
BBOB_F17,32,-0.034885028812330715,-0.03488503023982048,False,1.427489765282175e-09
BBOB_F17,33,-0.06554772799477682,-0.06554772704839706,False,-9.463797523423523e-10
BBOB_F17,34,-0.02857752688218719,-0.028577527031302452,False,1.4911526180494405e-10
BBOB_F17,35,-0.030294884421719848,-0.030315527692437172,True,2.0643270717324302e-05
BBOB_F17,36,-0.04572967516354298,-0.04577916860580444,True,4.949344226146124e-05
BBOB_F17,37,-0.04613780352725058,-0.04614359885454178,True,5.795327291197028e-06
BBOB_F17,38,-0.04048804493325131,-0.040488045662641525,False,7.293902148930442e-10
BBOB_F17,39,-0.04799137572127387,-0.047991376370191574,False,6.48917704293428e-10
BBOB_F17,40,-0.028816058170986397,-0.02881605736911297,False,-8.018734287684737e-10
BBOB_F17,41,-0.014427364910832602,-0.014474037103354931,True,4.6672192522329015e-05
BBOB_F17,42,-0.017152300524453698,-0.017148995772004128,False,-3.304752449570514e-06
BBOB_F17,43,-0.013717665020402892,-0.01371766533702612,False,3.166232276363701e-10
BBOB_F17,44,-0.041914923713887664,-0.0419149249792099,False,1.2653222358771643e-09
BBOB_F17,45,-0.013771136158806763,-0.013771136291325092,False,1.3251832964300547e-10
BBOB_F17,46,-0.0213047857553616,-0.021520471200346947,True,0.00021568544498534736
BBOB_F17,47,-0.022142782871833584,-0.02214278280735016,False,-6.448342554365993e-11
BBOB_F17,48,-0.010157742539781744,-0.010174277238547802,True,1.653469876605751e-05
BBOB_F17,49,-0.012514097691413949,-0.01251409761607647,False,-7.533747931054435e-11
BBOB_F17,50,-0.01028931721723363,-0.01028931699693203,False,-2.203015998791802e-10
BBOB_F17,51,-0.01675011492253156,-0.016750114038586617,False,-8.839449450182002e-10
BBOB_F17,52,-0.018850057215394844,-0.018884502351284027,True,3.4445135889182854e-05
BBOB_F17,53,-0.02035046044999185,-0.020350705832242966,False,2.45382251115589e-07
BBOB_F17,54,-0.005688127841885757,-0.005688128061592579,False,2.1970682217986592e-10
BBOB_F17,55,-0.01012755072775616,-0.010128463618457317,False,9.128907011574094e-07
BBOB_F17,56,-0.0067042063564033,-0.006714418064802885,True,1.0211708399585073e-05
BBOB_F17,57,-0.01550277846483248,-0.015502778813242912,False,3.4841043244915326e-10
BBOB_F17,58,-0.005018018516692424,-0.005016761366277933,False,-1.2571504144909262e-06
BBOB_F17,59,-0.012236791627368515,-0.012255022302269936,True,1.8230674901420496e-05
BBOB_F17,60,-0.004393468859481706,-0.0044006421230733395,True,7.173263591633838e-06
BBOB_F17,61,-0.009680635174846047,-0.009692893363535404,True,1.2258188689356908e-05
BBOB_F17,62,-0.01555315408206294,-0.015553154051303864,False,-3.075907584193516e-11
BBOB_F17,63,-0.02438972589496914,-0.024386441335082054,False,-3.2845598870873127e-06
BBOB_F17,64,-0.010108644466453535,-0.010108644142746925,False,-3.2370661012803836e-10
BBOB_F17,65,-0.009493017269428194,-0.009491770528256893,False,-1.2467411713013021e-06
BBOB_F17,66,-0.026873810565516094,-0.026873810216784477,False,-3.4873161650073037e-10
BBOB_F17,67,-0.02551706646858859,-0.02551737241446972,False,3.0594588112942134e-07
BBOB_F17,68,-0.005531271045829095,-0.005527319386601448,False,-3.951659227646731e-06
BBOB_F17,69,-0.009724021337242452,-0.009724020957946777,False,-3.792956747294962e-10
BBOB_F17,70,-0.005130977216264841,-0.0051309773698449135,False,1.5358007227073145e-10
BBOB_F17,71,-0.009627010463045697,-0.009623357094824314,False,-3.6533682213832352e-06
BBOB_F17,72,-0.007963547129739956,-0.007963547483086586,False,3.533466297334087e-10
BBOB_F17,73,-0.004994406121883177,-0.004994405899196863,False,-2.2268631383326465e-10
BBOB_F17,74,-0.0036854990596234607,-0.003692003432661295,True,6.504373037834188e-06
BBOB_F17,75,-0.00564438946756704,-0.0056443894281983376,False,-3.936870274223736e-11
BBOB_F17,76,-0.007398232905343312,-0.007398232817649841,False,-8.76934705407173e-11
BBOB_F17,77,-0.004562099523063801,-0.004558804910629988,False,-3.2946124338129046e-06
BBOB_F17,78,-0.01117516495393571,-0.011175164952874184,False,-1.0615258672075356e-12
BBOB_F17,79,-0.005272594989082426,-0.005272026173770428,False,-5.688153119978723e-07
BBOB_F17,80,-0.003704686195318399,-0.0037046861834824085,False,-1.1835990521014139e-11
BBOB_F17,81,-0.0022988418725640586,-0.0022988419514149427,False,7.885088415537922e-11
BBOB_F17,82,-0.0022192857053103185,-0.002217391040176153,False,-1.8946651341653076e-06
BBOB_F17,83,-0.0072684180949635635,-0.007268418092280626,False,-2.6829372057335377e-12
BBOB_F17,84,-0.002437879141743947,-0.0024378790985792875,False,-4.316465934683933e-11
BBOB_F17,85,-0.0013677545077767361,-0.0014227265492081642,True,5.497204143142809e-05
BBOB_F17,86,-0.004811719795185,-0.004827482625842094,True,1.5762830657094218e-05
BBOB_F17,87,-0.0008325172389393523,-0.0011193582322448492,True,0.0002868409933054969
BBOB_F17,88,-0.001175302776568743,-0.0012132500996813178,True,3.794732311257487e-05
BBOB_F17,89,0.04041887605777059,0.040418874472379684,False,1.5853909088314744e-09
BBOB_F17,90,-0.004257235267990215,-0.004253714811056852,False,-3.520456933362587e-06
BBOB_F17,91,-0.0009888292465165677,-0.0009883299935609102,False,-4.992529556574477e-07
BBOB_F17,92,0.0886119732189965,0.08861128240823746,False,6.908107590408719e-07
BBOB_F17,93,0.04609405442208894,0.046094056218862534,False,-1.7967735910229266e-09
BBOB_F17,94,-0.003540361991922031,-0.0035507443826645613,True,1.0382390742530098e-05
BBOB_F17,95,-0.0019652733040014525,-0.0020047766156494617,True,3.950331164800924e-05
BBOB_F17,96,-0.006402446897745415,-0.006402446888387203,False,-9.358212121890475e-12
BBOB_F17,97,-0.002049145598767621,-0.002217245753854513,True,0.00016810015508689213
BBOB_F17,98,0.019159552389498673,0.019159644842147827,False,-9.245264915441753e-08
BBOB_F17,99,0.026460882309146862,0.02532682940363884,True,0.0011340529055080227
BBOB_F17,100,-0.0035051495149711707,-0.0035051496233791113,False,1.0840794061051096e-10
BBOB_F17,101,0.026636528362264468,0.026636527851223946,False,5.110405223995862e-10
BBOB_F17,102,0.037493405987334624,0.03736547380685806,True,0.00012793218047656152
BBOB_F17,103,0.05097471614555761,0.049942463636398315,True,0.0010322525091592955
BBOB_F17,104,-0.0064056333995546125,-0.006392934359610081,False,-1.2699039944531754e-05
BBOB_F17,105,0.050403942514899935,0.05040394142270088,False,1.0921990534207282e-09
BBOB_F17,106,-0.0034695415989615015,-0.0034695416688919067,False,6.993040521652283e-11
BBOB_F17,107,0.05804344926322938,0.05801849812269211,True,2.4951140537271543e-05
BBOB_F17,108,0.06173120206275205,0.060719460248947144,True,0.001011741813804909
BBOB_F17,109,-0.0022823675892152985,-0.0022825284395366907,False,1.6085032139220856e-07
BBOB_F17,110,-0.005178313436603799,-0.005365823395550251,True,0.0001875099589464524
BBOB_F17,111,0.009138405817275562,0.009126601740717888,True,1.180407655767407e-05
BBOB_F17,112,0.07563725016392311,0.07561910152435303,True,1.8148639570086944e-05
BBOB_F17,113,0.020849041875519534,0.020849041640758514,False,2.3476101965180796e-10
BBOB_F17,114,0.06107290017411073,0.061072900891304016,False,-7.171932839278305e-10
BBOB_F17,115,0.028160989974241622,0.026663020253181458,True,0.0014979697210601647
BBOB_F17,116,-0.002619846920762406,-0.0026332258712500334,True,1.3378950487627495e-05
BBOB_F17,117,-0.0012220182458048817,-0.0013551763258874416,True,0.00013315808008255992
BBOB_F17,118,-0.00299746977805853,-0.0029974698554724455,False,7.741391555571298e-11
BBOB_F17,119,-0.0011784743590989369,-0.001178474398329854,False,3.9230917125987474e-11
BBOB_F17,120,0.026497066777280007,0.026023654267191887,True,0.0004734125100881205
BBOB_F17,121,0.07390059533392121,0.07350961118936539,True,0.00039098414455582264
BBOB_F17,122,0.009666410938545554,0.009666411206126213,False,-2.6758065901910655e-10
BBOB_F17,123,-0.002163349448325823,-0.0021633494179695845,False,-3.035623835634382e-11
BBOB_F17,124,0.14141928915838475,0.14101004600524902,True,0.0004092431531357299
BBOB_F17,125,-0.006874011985632544,-0.00687401182949543,False,-1.5613711365491945e-10
BBOB_F17,126,0.030698548614062002,0.030680224299430847,True,1.832431463115458e-05
BBOB_F17,127,-0.003345154517940414,-0.003346225479617715,True,1.0709616773008773e-06
BBOB_F17,128,0.0007568665745502634,-0.0007716341060586274,True,0.0015285006806088908
BBOB_F17,129,0.007829126983211199,0.00782912690192461,False,8.128658857131654e-11
BBOB_F17,130,0.08284577034892653,0.08283267170190811,True,1.3098647018414122e-05
BBOB_F17,131,0.03085317776300553,0.029891924932599068,True,0.0009612528304064616
BBOB_F17,132,0.0796549652195147,0.07732273638248444,True,0.00233222883703027
BBOB_F17,133,0.00016672742475513924,9.505718480795622e-05,True,7.167023994718302e-05
BBOB_F17,134,0.04994837600450714,0.04569322615861893,True,0.004255149845888213
BBOB_F17,135,0.10935146478594363,0.10574989765882492,True,0.0036015671271187044
BBOB_F17,136,0.06595753547840441,0.06259187310934067,True,0.0033656623690637433
BBOB_F17,137,0.023845494720431584,0.023366430774331093,True,0.0004790639461004914
BBOB_F17,138,0.000872549765897894,0.0008725497755222023,False,-9.624308294764461e-12
BBOB_F17,139,0.0746476930430791,0.06915470957756042,True,0.005492983465518672
BBOB_F17,140,0.09494155603576088,0.08922527730464935,True,0.005716278731111524
BBOB_F17,141,0.014036649860801552,0.0636986792087555,False,-0.04966202934795394
BBOB_F17,142,0.007406017076751718,0.007406017277389765,False,-2.0063804697517673e-10
BBOB_F17,143,0.005607769509058112,0.005608013365417719,False,-2.4385635960695595e-07
BBOB_F17,144,-0.0007027997931550404,-0.0007027998217381537,False,2.8583113306779317e-11
BBOB_F17,145,-0.002210002205970705,-0.0022823954932391644,True,7.239328726845948e-05
BBOB_F17,146,-0.002162534922322188,-0.002192691434174776,True,3.0156511852588025e-05
BBOB_F17,147,0.00012070213028463062,0.00010271379869664088,True,1.7988331587989737e-05
BBOB_F17,148,0.03551814032258263,0.03359192982316017,True,0.0019262104994224594
BBOB_F17,149,-0.0019602308894214205,-0.002062471117824316,True,0.00010224022840289552
BBOB_F17,150,0.05498133032869443,0.05198599398136139,True,0.0029953363473330386
BBOB_F17,151,0.07035523360249453,0.06712619215250015,True,0.003229041449994377
BBOB_F17,152,-0.003389794648587404,-0.003391880076378584,True,2.0854277911798447e-06
BBOB_F17,153,-0.0002710238333515219,-0.00026471453020349145,False,-6.309303148030465e-06
BBOB_F17,154,0.037558892017533804,0.034920237958431244,True,0.0026386540591025603
BBOB_F17,155,0.03478864184063517,0.03262655436992645,True,0.002162087470708715
BBOB_F17,156,0.011265156950767411,0.011265157721936703,False,-7.711692916190227e-10
BBOB_F17,157,-0.004670984897373333,-0.004670985043048859,False,1.456755254619635e-10
BBOB_F17,158,-0.0032600180456107287,-0.0032600180711597204,False,2.554899174167513e-11
BBOB_F17,159,0.013650774874931576,0.013650774955749512,False,-8.081793567704665e-11
BBOB_F17,160,0.005562536716484877,0.005562536884099245,False,-1.6761436769791027e-10
BBOB_F17,161,0.02474435669464576,0.02377801015973091,True,0.0009663465349148484
BBOB_F17,162,0.005059943581787372,0.005059943534433842,False,4.735352995138831e-11
BBOB_F17,163,0.0038925109182572845,0.00388901773840189,True,3.4931798553947124e-06
BBOB_F17,164,0.0011324995693371169,0.0011324930237606168,False,6.545576500087413e-09
BBOB_F17,165,0.006425933672963022,0.006092525087296963,True,0.00033340858566605937
BBOB_F17,166,0.004465822802404102,0.004113489296287298,True,0.00035233350611680366
BBOB_F17,167,-0.003356241473659757,-0.0035820435732603073,True,0.00022580209960055024
BBOB_F17,168,0.02932716464649569,0.029327165335416794,False,-6.889211041916088e-10
BBOB_F17,169,0.028278569415632386,0.02827739156782627,True,1.1778478061150177e-06
BBOB_F17,170,0.06764637171012719,0.06764636933803558,False,2.3720916064728925e-09
BBOB_F17,171,0.014720455952864975,0.014388306066393852,True,0.00033214988647112254
BBOB_F17,172,-0.006483201137168238,-0.006483200937509537,False,-1.9965870103055838e-10
BBOB_F17,173,-0.003766996352929446,-0.003766996320337057,False,-3.2592388857222154e-11
BBOB_F17,174,-0.0008856988684315783,-0.0009185962844640017,True,3.28974160324234e-05
BBOB_F17,175,-0.00519934762649997,-0.005199347622692585,False,-3.807384962861704e-12
BBOB_F17,176,0.0159313594040841,0.015813002362847328,True,0.00011835704123677043
BBOB_F17,177,0.006214338384198514,0.006214338354766369,False,2.943214508915881e-11
BBOB_F17,178,0.02148101514632575,0.021285738795995712,True,0.00019527635033003699
BBOB_F17,179,0.004064825517488177,0.0037825838662683964,True,0.0002822416512197803
BBOB_F17,180,0.013461152923331252,0.013461153022944927,False,-9.961367494759621e-11
BBOB_F17,181,0.020208285430373917,0.02020849846303463,False,-2.1303266071331928e-07
BBOB_F17,182,0.03389501772572327,0.03389501944184303,False,-1.7161197601867073e-09
BBOB_F17,183,0.02389383754738606,0.023893898352980614,False,-6.080559455251544e-08
BBOB_F17,184,0.05480951556978579,0.05480946972966194,False,4.584012384956093e-08
BBOB_F17,185,0.03983528744562641,0.03983528912067413,False,-1.6750477255245144e-09
BBOB_F17,186,0.010582407694282132,0.009475892409682274,True,0.0011065152845998582
BBOB_F17,187,0.016581800082301486,0.016581831499934196,False,-3.14176327106952e-08
BBOB_F17,188,0.03799427594773499,0.037994276732206345,False,-7.84471355930183e-10
BBOB_F17,189,0.015492049694688939,0.015492049977183342,False,-2.8249440287009264e-10
BBOB_F17,190,0.02638292955642309,0.02638292871415615,False,8.42266940220826e-10
BBOB_F17,191,0.010176384355575286,0.010176383890211582,False,4.653637041690528e-10
BBOB_F17,192,0.058672381962873776,0.058672383427619934,False,-1.4647461576977605e-09
BBOB_F17,193,0.06009958501843579,0.060099586844444275,False,-1.8260084833077173e-09
BBOB_F17,194,0.046785506878676685,0.04678552970290184,False,-2.282422515570426e-08
BBOB_F17,195,0.0070398550916664976,0.007039855234324932,False,-1.426584345445847e-10
BBOB_F17,196,0.012216630816636754,0.011873236857354641,True,0.00034339395928211294
BBOB_F17,197,0.010483255798819605,0.010171015746891499,True,0.000312240051928106
BBOB_F17,198,0.03525788301203388,0.03525788336992264,False,-3.578887602939673e-10
BBOB_F17,199,0.02483894335284302,0.0248390045017004,False,-6.114885738039977e-08
BBOB_F17,200,0.04501267205836295,0.04501272737979889,False,-5.5321435939170716e-08
BBOB_F17,201,-0.010154394995041373,-0.01015439536422491,False,3.691835379071584e-10
BBOB_F17,202,-0.0008928987138942671,-0.0008928987081162632,False,-5.778003943357479e-12
BBOB_F17,203,-0.060548610672679706,-0.06054861098527908,False,3.125993769392821e-10
BBOB_F17,204,-0.03445086568213679,-0.03445085138082504,False,-1.4301311745956724e-08
BBOB_F17,205,0.01313928370483625,0.01313928421586752,False,-5.110312693845653e-10
BBOB_F17,206,0.01430733760999833,0.014307337813079357,False,-2.0308102768873404e-10
BBOB_F22,1,-0.04667683447290144,-0.046813398599624634,True,0.00013656412672319318
BBOB_F22,2,-0.38644389858908956,-0.3864439129829407,False,1.4393851111016431e-08
BBOB_F22,3,-0.17361954332592522,-0.1736120581626892,False,-7.485163236009562e-06
BBOB_F22,4,-0.07015108244189133,-0.07014937698841095,False,-1.705453480382868e-06
BBOB_F22,5,-0.22972441260174598,-0.22972440719604492,False,-5.405701053451395e-09
BBOB_F22,6,-0.10595842729125476,-0.10595842450857162,False,-2.7826831394683893e-09
BBOB_F22,7,-0.07102040577130975,-0.07101372629404068,False,-6.679477269067036e-06
BBOB_F22,8,-0.039138332483505844,-0.03912431374192238,False,-1.4018741583465832e-05
BBOB_F22,9,0.003963953785314167,0.0013977159978821874,True,0.0025662377874319797
BBOB_F22,10,0.0034331255352393897,0.0032607964240014553,True,0.00017232911123793437
BBOB_F22,11,0.0033464880916863615,0.0030253236182034016,True,0.00032116447348295996
BBOB_F22,12,0.013795907742499502,0.01345036830753088,True,0.0003455394349686225
BBOB_F22,13,0.000656560155233521,0.0006851796060800552,False,-2.8619450846534278e-05
BBOB_F22,14,-0.11608415296238123,-0.11609989404678345,True,1.5741084402220995e-05
BBOB_F22,15,0.009925942055520776,0.009866246953606606,True,5.9695101914170046e-05
BBOB_F22,16,-0.016505001416601384,-0.016519954428076744,True,1.4953011475360434e-05
BBOB_F22,17,-0.028534808184188576,-0.02853480726480484,False,-9.193837358090207e-10
BBOB_F22,18,-0.007696246076886792,-0.007696246262639761,False,1.8575296856226942e-10
BBOB_F22,19,-0.012460399267344657,-0.012464762665331364,True,4.363397986706374e-06
BBOB_F22,20,0.014226063561266489,0.014214788563549519,True,1.1274997716970159e-05
BBOB_F22,21,-0.006546561747158397,-0.006534218788146973,False,-1.2342959011424348e-05
BBOB_F22,22,0.009107484859346981,0.009107484482228756,False,3.7711822553632146e-10
BBOB_F22,23,0.006544115662141969,0.00654982216656208,False,-5.706504420111003e-06
BBOB_F22,24,0.02887622933482925,0.02716832235455513,True,0.001707906980274121
BBOB_F22,25,0.016258483047495997,0.01625509187579155,True,3.391171704447693e-06
BBOB_F22,26,0.018534151376258023,0.01844104379415512,True,9.31075821029026e-05
BBOB_F22,27,0.005160358105855745,0.00514691136777401,True,1.344673808173491e-05
BBOB_F22,28,-0.014196834461575047,-0.014196834526956081,False,6.538103392017547e-11
BBOB_F22,29,0.008027910115212311,0.008046510629355907,False,-1.8600514143596314e-05
BBOB_F22,30,0.001450296491632419,-0.00024370723986066878,True,0.0016940037314930878
BBOB_F22,31,0.00793341513583845,0.007482759188860655,True,0.000450655946977796
BBOB_F22,32,0.03217565655451485,0.030481215566396713,True,0.0016944409881181344
BBOB_F22,33,-0.05525825872847007,-0.05528443306684494,True,2.6174338374873596e-05
BBOB_F22,34,0.016087068745211264,0.07503801584243774,False,-0.05895094709722648
BBOB_F22,35,0.011163844854486987,0.011159404180943966,True,4.440673543021356e-06
BBOB_F22,36,-0.051171123042583366,-0.05147014558315277,True,0.0002990225405694047
BBOB_F22,37,-0.024604315072938532,-0.0246043149381876,False,-1.3475093263437543e-10
BBOB_F22,38,0.01707190915576054,0.016835307702422142,True,0.00023660145333839755
BBOB_F22,39,-0.0004659757774807538,-0.0003847619518637657,False,-8.121382561698809e-05
BBOB_F22,40,-0.017181624903192583,-0.01755383051931858,True,0.0003722056161259979
BBOB_F22,41,0.017130964311252883,0.016233127564191818,True,0.0008978367470610649
BBOB_F22,42,0.012798036782784905,0.012852695770561695,False,-5.4658987776790013e-05
BBOB_F22,43,-0.009714425305780677,-0.010203134268522263,True,0.0004887089627415853
BBOB_F22,44,0.0090708822436954,0.009070882573723793,False,-3.300283935026016e-10
BBOB_F22,45,-0.0006894205498219619,-0.0007063400698825717,True,1.6919520060609816e-05
BBOB_F22,46,0.019856240734778874,0.01989586278796196,False,-3.962205318308598e-05
BBOB_F22,47,0.00354790390019466,0.003547903848811984,False,5.138267589188672e-11
BBOB_F22,48,0.014397875991906561,0.014293194748461246,True,0.00010468124344531482
BBOB_F22,49,0.02024412383085844,0.017028046771883965,True,0.003216077058974476
BBOB_F22,50,-6.711065700265584e-05,-0.0003345546138007194,True,0.00026744395679806354
BBOB_F22,51,-0.0032804731903275097,-0.0034567816182971,True,0.00017630842796959034
BBOB_F22,52,0.008520710903421769,0.007260631304234266,True,0.0012600795991875025
BBOB_F22,53,0.006567987657394747,0.01623326912522316,False,-0.009665281467828413
BBOB_F22,54,0.0135235897120487,0.013523589819669724,False,-1.0762102320427402e-10
BBOB_F22,55,-0.00246342235281799,-0.0027083498425781727,True,0.00024492748976018275
BBOB_F22,56,-0.027624090820703412,-0.027624091133475304,False,3.12771891719521e-10
BBOB_F22,57,0.011075322924587905,0.011075322516262531,False,4.083253735132075e-10
BBOB_F22,58,-0.08502081362680311,-0.08502081036567688,False,-3.2611262301696087e-09
BBOB_F22,59,0.017732856909424888,0.014870314858853817,True,0.002862542050571071
BBOB_F22,60,0.015320742857039132,0.014574584551155567,True,0.0007461583058835652
BBOB_F22,61,0.027649711806377597,0.026470420882105827,True,0.0011792909242717697
BBOB_F22,62,0.013822405671165772,0.011038345284759998,True,0.0027840603864057734
BBOB_F22,63,0.014121512637066097,0.014114112593233585,True,7.4000438325116935e-06
BBOB_F22,64,0.0002985363747345926,2.0180636056466028e-05,True,0.0002783557386781266
BBOB_F22,65,0.013457272850963958,0.013457273133099079,False,-2.8213512082153613e-10
BBOB_F22,66,0.006722823573275971,0.042048320174217224,False,-0.03532549660094125
BBOB_F22,67,0.012374258371932484,0.010928111150860786,True,0.0014461472210716975
BBOB_F22,68,0.012186980803589625,0.012186980806291103,False,-2.7014779302447778e-12
BBOB_F22,69,0.010645892179437566,0.010645892471075058,False,-2.9163749193372723e-10
BBOB_F22,70,0.014853977640868599,0.014313766732811928,True,0.0005402109080566708
BBOB_F22,71,0.010725326228576026,0.009531814604997635,True,0.0011935116235783916
BBOB_F22,72,0.05597707666565843,0.048146046698093414,True,0.007831029967565017
BBOB_F22,73,0.013871138348479195,0.18445897102355957,False,-0.17058783267508038
BBOB_F22,74,0.03781722952991334,0.03211412951350212,True,0.005703100016411222
BBOB_F22,75,0.013135870482762796,0.012242821045219898,True,0.0008930494375428977
BBOB_F22,76,0.007291094343058885,0.007148912642151117,True,0.0001421817009077675
BBOB_F22,77,0.011610449427781888,0.011474348604679108,True,0.0001361008231027805
BBOB_F22,78,0.007814373094753357,0.2789095342159271,False,-0.27109516112117377
BBOB_F22,79,0.02188659123296227,0.01973714865744114,True,0.002149442575521132
BBOB_F22,80,0.010755972467366842,0.010755972005426884,False,4.619399585070738e-10
BBOB_F22,81,0.008956054073083974,0.008594285696744919,True,0.00036176837633905556
BBOB_F22,82,0.015334538307317125,0.015302839688956738,True,3.169861836038734e-05
BBOB_F22,83,0.027792269811230702,0.02506246045231819,True,0.0027298093589125105
BBOB_F22,84,0.012766531110418908,0.012766530737280846,False,3.7313806211525247e-10
BBOB_F22,85,-0.09727033402957962,-0.09727033227682114,False,-1.7527584800225426e-09
BBOB_F22,86,0.24918174307095878,0.24783113598823547,True,0.001350607082723304
BBOB_F22,87,-0.03034527915202692,-0.030345279723405838,False,5.713789164030203e-10
BBOB_F22,88,0.012025815720262165,0.011642084456980228,True,0.0003837312632819362
BBOB_F22,89,0.008157405816967722,0.22503893077373505,False,-0.21688152495676732
BBOB_F22,90,0.011717595204911307,0.21560649573802948,False,-0.20388890053311817
BBOB_F22,91,0.091240449055082,0.09124045073986053,False,-1.68477853890181e-09
BBOB_F22,92,-0.05609904118817012,-0.05610081925988197,True,1.7780717118526246e-06
BBOB_F22,93,0.0981099655048781,0.09810996800661087,False,-2.5017327653920063e-09
BBOB_F22,94,0.2280642712931556,0.22806903719902039,False,-4.7659058647897545e-06
BBOB_F22,95,0.07642176792965456,0.0764225497841835,False,-7.818545289389744e-07
BBOB_F22,96,0.10625034855662988,0.10625037550926208,False,-2.6952632209420457e-08
BBOB_F22,97,0.1684965632566702,0.16849656403064728,False,-7.739770768733223e-10
BBOB_F22,98,0.2027594282832049,0.20275942981243134,False,-1.529226439922482e-09
BBOB_F22,99,0.14309254699553386,0.143092542886734,False,4.108799855906398e-09
BBOB_F22,100,0.0032101507648369942,0.22391802072525024,False,-0.22070786996041325
BBOB_F22,101,0.06147930926487663,0.06147930771112442,False,1.5537522102260226e-09
BBOB_F22,102,0.05246011599799788,0.052460115402936935,False,5.950609449634214e-10
BBOB_F22,103,0.0934163543099297,0.09341635555028915,False,-1.2403594540355556e-09
BBOB_F22,104,0.22743725018694189,0.22743724286556244,False,7.321379447144949e-09
BBOB_F22,105,0.02229162364900869,0.01988142356276512,True,0.002410200086243569
BBOB_F22,106,0.09407182681200534,0.09407182782888412,False,-1.0168787895059594e-09
BBOB_F22,107,0.02264365528662278,0.019237356260418892,True,0.003406299026203888
BBOB_F22,108,0.09562063658635025,0.09562063217163086,False,4.414719395606781e-09
BBOB_F22,109,0.12529294482726924,0.12529294192790985,False,2.8993593914616866e-09
BBOB_F22,110,-0.017138062663155526,-0.018288489431142807,True,0.001150426767987281
BBOB_F22,111,0.13680447765899031,0.1368044763803482,False,1.278642108859529e-09
BBOB_F22,112,-0.006333830146297056,-0.006333830300718546,False,1.5442148948441314e-10
BBOB_F22,113,0.09245271792221238,0.09245271980762482,False,-1.885412437285794e-09
BBOB_F22,114,-0.03432875768730109,-0.03432875871658325,False,1.0292821595037083e-09
BBOB_F22,115,0.0059830517845663456,0.005983051843941212,False,-5.937486613483145e-11
BBOB_F22,116,0.06381918364528691,0.06381918489933014,False,-1.2540432303698168e-09
BBOB_F22,117,0.052937864316230904,0.05293784663081169,False,1.7685419212432052e-08
BBOB_F22,118,-0.0373958943290478,-0.0373958945274353,False,1.98387500871533e-10
BBOB_F22,119,-0.004430588847902928,-0.0044305888004601,False,-4.744282744439943e-11
BBOB_F22,120,0.04766089330674653,0.04766089469194412,False,-1.385197595515919e-09
BBOB_F22,121,0.02543713961454011,0.10157617181539536,False,-0.07613903220085524
BBOB_F22,122,0.0551557495362861,0.05515575036406517,False,-8.277790675137453e-10
BBOB_F22,123,0.0527537598854016,0.052753761410713196,False,-1.5253115992486244e-09
BBOB_F22,124,-0.05425071520971242,-0.05425071343779564,False,-1.7719167799690183e-09
BBOB_F22,125,0.007545556469570669,0.007545556407421827,False,6.214884162858425e-11
BBOB_F22,126,-0.006787965525606732,-0.006787965539842844,False,1.4236112289012226e-11
BBOB_F22,127,0.04200087993914875,0.04200087860226631,False,1.336882438085496e-09
BBOB_F22,128,-0.025694612139080114,-0.02569461241364479,False,2.745646765500709e-10
BBOB_F22,129,0.05599136610857877,0.05599137768149376,False,-1.1572914987434402e-08
BBOB_F22,130,0.0004980645302271047,-0.011359024792909622,True,0.011857089323136727
BBOB_F22,131,-0.01333148015896321,-0.013331480324268341,False,1.6530513069490382e-10
BBOB_F22,132,0.011896139460294941,0.06880371272563934,False,-0.0569075732653444
BBOB_F22,133,-0.021567232998019742,-0.02156723290681839,False,-9.120135202600466e-11
BBOB_F22,134,0.036063558364172105,0.03606355935335159,False,-9.891794883198912e-10
BBOB_F22,135,-0.011791166923219187,-0.012288162484765053,True,0.0004969955615458654
BBOB_F22,136,0.02251341057766365,0.022513410076498985,False,5.011646653230173e-10
BBOB_F22,137,-0.013768882020870982,-0.013768881559371948,False,-4.6149903343284393e-10
BBOB_F22,138,0.011209528331732,0.05980708822607994,False,-0.04859755989434794
BBOB_F22,139,0.0771872577686579,0.07718725502490997,False,2.743747923306117e-09
BBOB_F22,140,0.06125265387833983,0.06113269925117493,True,0.00011995462716490185
BBOB_F22,141,0.07342350388979985,0.07342350482940674,False,-9.396068922917777e-10
BBOB_F22,142,0.025278857762625895,0.025278856977820396,False,7.848054983661257e-10
BBOB_F22,143,0.06997094858472926,0.06997095048427582,False,-1.8995465617122065e-09
BBOB_F22,144,0.06199273909766523,0.06174211576581001,True,0.00025062333185521535
BBOB_F22,145,-0.015024527133309984,-0.015024526976048946,False,-1.5726103752555787e-10
BBOB_F22,146,-0.01077383347055652,-0.010773833841085434,False,3.705289131072931e-10
BBOB_F22,147,0.06277642832343829,0.06268235296010971,True,9.407536332857458e-05
BBOB_F22,148,-0.0043199176713400456,-0.004319917876273394,False,2.0493334806914731e-10
BBOB_F22,149,0.02692358744372758,0.026923587545752525,False,-1.0202494404865092e-10
BBOB_F22,150,0.07644413587777658,0.07644413411617279,False,1.761603793393185e-09
BBOB_F22,151,0.07504311545569647,0.07433359324932098,True,0.0007095222063754902
BBOB_F22,152,0.06852879727397945,0.06852879375219345,False,3.5217860017144886e-09
BBOB_F22,153,0.03838358291507693,0.03838358446955681,False,-1.5544798781519376e-09
BBOB_F22,154,-0.012650269430958122,-0.012650269083678722,False,-3.472793996817103e-10
BBOB_F22,155,-0.008156997705917185,-0.008156998082995415,False,3.7707822975185934e-10
BBOB_F22,156,0.024637590509771184,0.02463759109377861,False,-5.840074257523753e-10
BBOB_F22,157,0.06557870624202147,0.06555305421352386,True,2.565202849760806e-05
BBOB_F22,158,0.06821354533845997,0.06783691048622131,True,0.00037663485223865534
BBOB_F22,159,0.03356889891162351,0.03356890007853508,False,-1.1669115673740293e-09
BBOB_F22,160,0.07455779413616467,0.07455779612064362,False,-1.9844789422851505e-09
BBOB_F22,161,0.009022646137363144,0.009022646583616734,False,-4.4625358963656936e-10
BBOB_F22,162,0.0789615887203463,0.07885017991065979,True,0.00011140880968650568
BBOB_F22,163,0.07536599486696574,0.07519987970590591,True,0.0001661151610598266
BBOB_F22,164,0.07725022980833281,0.07686223834753036,True,0.00038799146080244207
BBOB_F22,165,0.07693829378700477,0.07687250524759293,True,6.57885394118457e-05
BBOB_F22,166,0.07648520799498308,0.07630989700555801,True,0.00017531098942506762
BBOB_F22,167,0.059326257786800785,0.058905962854623795,True,0.00042029493217699
BBOB_F22,168,0.026140765753763062,0.02614085003733635,False,-8.428357328726932e-08
BBOB_F22,169,0.06626113018610148,0.06626112759113312,False,2.594968365188244e-09
BBOB_F22,170,0.00932011688396469,0.009320116601884365,False,2.82080324376377e-10
BBOB_F22,171,0.02552699723286199,0.025526996701955795,False,5.309061940073079e-10
BBOB_F22,172,0.037214191559348894,0.037214189767837524,False,1.791511369808596e-09
BBOB_F22,173,0.02836629835408258,0.028366297483444214,False,8.706383669565554e-10
BBOB_F22,174,0.07382226206031392,0.07325968146324158,True,0.000562580597072343
BBOB_F22,175,-0.006335840744349466,-0.009108283556997776,True,0.0027724428126483097
BBOB_F22,176,0.0034876007644299156,0.003487600712105632,False,5.232428379464693e-11
BBOB_F22,177,0.04034300063105503,0.04034300148487091,False,-8.538158791093764e-10
BBOB_F22,178,0.006131279246072707,0.006131279282271862,False,-3.6199154784810617e-11
BBOB_F22,179,0.07577289179868954,0.07499101758003235,True,0.0007818742186571914
BBOB_F22,180,0.07645688102505664,0.07645688205957413,False,-1.0345174855652672e-09
BBOB_F22,181,0.01651954216089574,0.016307523474097252,True,0.00021201868679848745
BBOB_F22,182,0.06958409342626826,0.06958409398794174,False,-5.616734854996253e-10
BBOB_F22,183,-0.0026828354823138986,-0.001936881453730166,False,-0.0007459540285837327
BBOB_F22,184,-0.015187703394882346,-0.016240937635302544,True,0.0010532342404201978
BBOB_F22,185,0.07623226763910543,0.07623200863599777,False,2.590031076554755e-07
BBOB_F22,186,0.07460217170403874,0.0741502046585083,True,0.0004519670455304381
BBOB_F22,187,0.0026659961261881054,0.0026659960858523846,False,4.033572087447368e-11
BBOB_F22,188,-0.018498478119651315,-0.019574077799916267,True,0.001075599680264952
BBOB_F22,189,0.03620128694576674,0.03620128706097603,False,-1.1520928655528451e-10
BBOB_F22,190,0.010243003547952767,0.010243003256618977,False,2.91333790425341e-10
BBOB_F22,191,0.050526488179787624,0.050021059811115265,True,0.0005054283686723587
BBOB_F22,192,-0.007322170100574732,-0.007322170305997133,False,2.054224013114947e-10
BBOB_F22,193,0.04474405143936054,0.04474470019340515,False,-6.487540446104001e-07
BBOB_F22,194,0.00839318838907896,0.07017740607261658,False,-0.06178421768353762
BBOB_F22,195,0.08184508862439314,0.08184508979320526,False,-1.1688121165365217e-09
BBOB_F22,196,0.05338000126407845,0.053380001336336136,False,-7.225768594576465e-11
BBOB_F22,197,0.06822132619776336,0.0682213231921196,False,3.0056437616554632e-09
BBOB_F22,198,0.023125336725283087,0.023125354200601578,False,-1.7475318490889347e-08
BBOB_F22,199,0.004559621533746616,0.0045596216805279255,False,-1.4678130932921363e-10
BBOB_F22,200,-0.004621103686349139,-0.004621103871613741,False,1.8526460227041852e-10
BBOB_F22,201,0.09579545717757325,0.09504301846027374,True,0.0007524387172995056
BBOB_F22,202,0.045404262584894495,0.04540426284074783,False,-2.558533385155215e-10
BBOB_F22,203,0.008442308067926639,0.03792353719472885,False,-0.029481229126802212
BBOB_F22,204,0.022757105093173052,0.022352920845150948,True,0.00040418424802210473
BBOB_F22,205,0.0042048069065820926,0.004204807337373495,False,-4.3079140255031234e-10
BBOB_F22,206,-0.015409024417906342,-0.015409024432301521,False,1.4395179492865395e-11
BBOB_F22,207,0.04234559692679228,0.042345598340034485,False,-1.4132422038182213e-09
BBOB_F22,208,0.10298441985912074,0.10298442095518112,False,-1.0960603813447989e-09
BBOB_F22,209,0.04926968628408205,0.04920496791601181,True,6.471836807023928e-05
BBOB_F22,210,0.026664203629922542,0.02666420303285122,False,5.970713229386249e-10
BBOB_F22,211,0.07951667249798065,0.07951667159795761,False,9.000230422051558e-10
BBOB_F22,212,0.030373076395207272,0.03037307597696781,False,4.1823946042574e-10
BBOB_F22,213,0.07108321066508187,0.07108321040868759,False,2.563942808064823e-10
BBOB_F22,214,0.05524503389830969,0.054423872381448746,True,0.0008211615168609437
BBOB_F22,215,0.00550051009147938,0.005345999263226986,True,0.00015451082825239382
BBOB_F22,216,0.009904609787806065,0.009904609993100166,False,-2.0529410116321145e-10
BBOB_F22,217,0.02967875280385533,0.02967875264585018,False,1.5800514716057812e-10
BBOB_F22,218,0.03702360251915007,0.03666343539953232,True,0.0003601671196177547
BBOB_F22,219,0.1205616676545776,0.12056166678667068,False,8.679069130046457e-10
BBOB_F22,220,0.056446284694538836,0.05644630268216133,False,-1.7987622495663214e-08
BBOB_F22,221,0.004440884824948435,0.004440885037183762,False,-2.122353265354704e-10
BBOB_F22,222,0.013302238858850457,0.0590723417699337,False,-0.045770102911083244
BBOB_F22,223,-0.007724899249216766,-0.007154582068324089,False,-0.0005703171808926766
BBOB_F22,224,0.05444158782034303,0.05444158613681793,False,1.6835250971070082e-09
BBOB_F22,225,0.022408234684238415,0.02240823395550251,False,7.287359049534814e-10
BBOB_F22,226,0.018066792608602472,0.018062938004732132,True,3.854603870340201e-06
BBOB_F22,227,-0.007833824847150436,-0.00783382449299097,False,-3.541594656431002e-10
BBOB_F22,228,0.03877615717200225,0.03877615928649902,False,-2.114496772120944e-09
BBOB_F22,229,0.07552888221396284,0.07552888244390488,False,-2.2994203763282428e-10
BBOB_F22,230,0.0018357921891343637,0.0018357922090217471,False,-1.9887383406747006e-11
BBOB_F22,231,0.0306060599951114,0.030511317774653435,True,9.474222045796621e-05
BBOB_F22,232,0.08009936120693627,0.08009935915470123,False,2.052235034688543e-09
BBOB_F22,233,0.061048044028483836,0.06104804575443268,False,-1.72594884217947e-09
BBOB_F22,234,0.022626407354439784,0.02262640744447708,False,-9.003729706247299e-11
BBOB_F22,235,0.05265926699996991,0.05213959142565727,True,0.0005196755743126363
BBOB_F22,236,0.007591858801560471,0.04427580535411835,False,-0.036683946552557876
BBOB_F22,237,0.03309126084827149,0.033091261982917786,False,-1.1346462935879487e-09
BBOB_F22,238,0.04161648465051898,0.04161648452281952,False,1.276994621157712e-10
BBOB_F22,239,0.009540366033410602,0.009540366008877754,False,2.4532847975322625e-11
BBOB_F22,240,0.009986719797288456,0.05950518324971199,False,-0.049518463452423535
BBOB_F22,241,0.09707438978824572,0.09707438945770264,False,3.3054307901903e-10
BBOB_F22,242,0.04551331310833747,0.04551331326365471,False,-1.5531723823736243e-10
BBOB_F22,243,0.08048225856421007,0.08048225939273834,False,-8.28528273766338e-10
BBOB_F22,244,0.03070939490325284,0.030709395185112953,False,-2.818601116394426e-10
BBOB_F22,245,0.00661237228572395,0.006403073202818632,True,0.00020929908290531762
BBOB_F22,246,0.056510888132067325,0.056510888040065765,False,9.200155914879105e-11
BBOB_F22,247,0.005923187162678131,0.005923187360167503,False,-1.9748937207797468e-10
BBOB_F22,248,0.056388087870339026,0.05638808757066727,False,2.9967175962930526e-10
BBOB_F22,249,-0.005533079808889382,-0.005533079616725445,False,-1.9216393754017957e-10
BBOB_F22,250,0.03151594773510166,0.031515948474407196,False,-7.393055334592447e-10
BBOB_F22,251,0.0808797264626026,0.08087972551584244,False,9.467601563839523e-10
BBOB_F22,252,0.08867263481047623,0.08867263793945312,False,-3.128976897026625e-09
BBOB_F22,253,0.08615517755270273,0.08615517616271973,False,1.3899830036967487e-09
BBOB_F22,254,0.02083725680332585,0.02083725668489933,False,1.184265185916189e-10
BBOB_F22,255,0.06564119266966449,0.06564119458198547,False,-1.912320982122573e-09
BBOB_F22,256,0.07912154524169608,0.07912154495716095,False,2.8453513156723176e-10
BBOB_F22,257,0.0905515416103184,0.09055154025554657,False,1.354771836381552e-09
BBOB_F22,258,0.06643173969329572,0.06643173843622208,False,1.2570736396266824e-09
BBOB_F22,259,-0.007813870212049268,-0.00781386997550726,False,-2.3654200820288906e-10
BBOB_F22,260,-0.0012696581052798334,-0.0012696579797193408,False,-1.2556049255874058e-10
BBOB_F22,261,0.020800068212544237,0.02076861634850502,True,3.145186403921696e-05
BBOB_F22,262,-0.0023239977463445916,-0.0023239976726472378,False,-7.369735377515951e-11
BBOB_F22,263,0.015023987171764161,0.01502398680895567,False,3.628084915829888e-10
BBOB_F22,264,0.01920929234006508,0.01920929178595543,False,5.541096505246035e-10
BBOB_F37,1,-0.06940019424991303,-0.06940019130706787,False,-2.942845162001717e-09
BBOB_F37,2,-0.21980096499963847,-0.21980096399784088,False,-1.0017975893283904e-09
BBOB_F37,3,-0.4211252242144312,-0.42110785841941833,False,-1.736579501288027e-05
BBOB_F37,4,-0.08799235544858602,-0.08799389004707336,True,1.5345984873404994e-06
BBOB_F37,5,-0.11493185419341834,-0.1149318516254425,False,-2.567975831979652e-09
BBOB_F37,6,-0.2705342512459924,-0.2705296576023102,False,-4.59364368221582e-06
BBOB_F37,7,-0.21759219253312187,-0.21759113669395447,False,-1.0558391674020395e-06
BBOB_F37,8,-0.20453353543316716,-0.20384736359119415,False,-0.0006861718419730045
BBOB_F37,9,-0.08411583625298946,-0.08417005836963654,True,5.422211664707355e-05
BBOB_F37,10,-0.058279038247671305,-0.05871040001511574,True,0.00043136176744443255
BBOB_F37,11,-0.10997737619361381,-0.10996368527412415,False,-1.3690919489661724e-05
BBOB_F37,12,-0.06484046709834326,-0.06484046578407288,False,-1.3142703869650774e-09
BBOB_F37,13,-0.07653590309389643,-0.07658956944942474,True,5.3666355528309007e-05
BBOB_F37,14,-0.15259009973219761,-0.15258212387561798,False,-7.975856579633955e-06
BBOB_F37,15,-0.00399764290557203,-0.004069619346410036,True,7.197644083800636e-05
BBOB_F37,16,-0.22736653602128612,-0.22730989754199982,False,-5.6638479286302834e-05
BBOB_F37,17,-0.015560201734504009,-0.01552861649543047,False,-3.1585239073539384e-05
BBOB_F37,18,-0.15916073784154802,-0.15916083753108978,False,9.968954176042821e-08
BBOB_F37,19,-0.03557311431772148,-0.03554053604602814,False,-3.257827169333982e-05
BBOB_F37,20,0.041251940386076186,0.027792004868388176,True,0.01345993551768801
BBOB_F37,21,-0.13385273705591155,-0.1338685303926468,True,1.5793336735236974e-05
BBOB_F37,22,0.0059190276455959034,0.005778939463198185,True,0.00014008818239771847
BBOB_F37,23,-0.016126282004071235,-0.016130801290273666,True,4.51928620243125e-06
BBOB_F37,24,-0.00216918370517144,-0.002145862439647317,False,-2.332126552412328e-05
BBOB_F37,25,0.006492841829516427,0.006497920025140047,False,-5.0781956236201076e-06
BBOB_F37,26,0.007387860569523674,0.0073850988410413265,True,2.7617284823477917e-06
BBOB_F37,27,-0.023715208905370683,-0.02494080364704132,True,0.001225594741670638
BBOB_F37,28,-0.09961658341607295,-0.09961657971143723,False,-3.7046357231895755e-09
BBOB_F37,29,-0.0029032615731283407,-0.002903261687606573,False,1.1447823244914446e-10
BBOB_F37,30,-0.010183091203215755,-0.01009234506636858,False,-9.074613684717514e-05
BBOB_F37,31,-0.00019097899585202027,-0.00020374410087242723,True,1.2765105020406953e-05
BBOB_F37,32,0.005636615307737458,0.005636615213006735,False,9.473072326571241e-11
BBOB_F37,33,-0.014877075631048342,-0.01486488338559866,False,-1.219224544968256e-05
BBOB_F37,34,0.003738375118267412,0.003738375147804618,False,-2.9537206014396133e-11
BBOB_F37,35,0.004222446843736349,0.004219789057970047,True,2.6577857663023785e-06
BBOB_F37,36,-0.0018985013771319892,-0.0020748074166476727,True,0.00017630603951568347
BBOB_F37,37,-0.02909117490280555,-0.02909117564558983,False,7.427842785290295e-10
BBOB_F37,38,-0.0033776054115350895,-0.0033196397125720978,False,-5.796569896299175e-05
BBOB_F37,39,-0.00846870165864659,-0.008484406396746635,True,1.570473810004469e-05
BBOB_F37,40,-0.0019438562427475103,-0.002032780321314931,True,8.892407856742057e-05
BBOB_F37,41,0.005877064139590993,0.005877064075320959,False,6.427003373943307e-11
BBOB_F37,42,0.0064746772331896185,0.00627971300855279,True,0.00019496422463682883
BBOB_F37,43,0.027956470137237288,0.022795647382736206,True,0.005160822754501082
BBOB_F37,44,0.004469309451547859,0.004469309467822313,False,-1.6274454006648398e-11
BBOB_F37,45,0.0031381876453505653,0.003138187574222684,False,7.112788136254267e-11
BBOB_F37,46,0.0065586709984097324,0.006389674264937639,True,0.0001689967334720932
BBOB_F37,47,-0.022219672244657512,-0.02220785804092884,False,-1.1814203728671702e-05
BBOB_F37,48,0.011112490969318989,0.011069181375205517,True,4.3309594113472016e-05
BBOB_F37,49,-0.001832010900074163,-0.0018320109229534864,False,2.287932343580934e-11
BBOB_F37,50,-0.02019716833970596,-0.020069025456905365,False,-0.00012814288280059427
BBOB_F37,51,0.0024668666229309966,0.0025806890334933996,False,-0.00011382241056240305
BBOB_F37,52,0.004188308687195275,0.004191508982330561,False,-3.2002951352860798e-06
BBOB_F37,53,0.004460166011829275,0.004460166208446026,False,-1.9661675065840711e-10
BBOB_F37,54,0.01033692644309811,0.010336926206946373,False,2.361517370541577e-10
BBOB_F37,55,0.25119397882344835,0.251107394695282,True,8.658412816636707e-05
BBOB_F37,56,0.0007934810306136075,0.0007934810128062963,False,1.7807311181172736e-11
BBOB_F37,57,0.021573101234863445,0.02132059633731842,True,0.00025250489754502503
BBOB_F37,58,0.001904359653368437,0.0019043596694245934,False,-1.6056156404431476e-11
BBOB_F37,59,0.008617340195052434,0.008617340587079525,False,-3.920270913448931e-10
BBOB_F37,60,0.08695306969683778,0.0771578699350357,True,0.00979519976180207
BBOB_F37,61,0.028859902511563167,0.028859902173280716,False,3.382824506625859e-10
BBOB_F37,62,0.010602941550276246,0.2300587147474289,False,-0.21945577319715265
BBOB_F37,63,0.015861224654861755,0.015840861946344376,True,2.0362708517379646e-05
BBOB_F37,64,0.014361232505697458,0.014183259569108486,True,0.0001779729365889715
BBOB_F37,65,0.013174782252664219,0.2455778419971466,False,-0.2324030597444824
BBOB_F37,66,0.0023756696984397335,0.002375669777393341,False,-7.895360754073266e-11
BBOB_F37,67,0.011083589801047955,0.24732737243175507,False,-0.2362437826307071
BBOB_F37,68,0.004939744197783286,0.004887990653514862,True,5.17535442684236e-05
BBOB_F37,69,0.018690756001173252,0.01869075559079647,False,4.1037678116806475e-10
BBOB_F37,70,-0.000546837055268895,-0.0005468370509333909,False,-4.335504177888083e-12
BBOB_F37,71,0.007786762112287043,0.007894009351730347,False,-0.00010724723944330328
BBOB_F37,72,0.0029509675507906202,0.002705927472561598,True,0.0002450400782290224
BBOB_F37,73,0.0063500946802655805,0.006350094452500343,False,2.2776523722622954e-10
BBOB_F37,74,0.006864356229246402,0.0068587008863687515,True,5.655342877650127e-06
BBOB_F37,75,0.006540344090786465,0.006540344096720219,False,-5.933753488562843e-12
BBOB_F37,76,0.22047372146740896,0.21886545419692993,True,0.0016082672704790246
BBOB_F37,77,0.010883158635143886,0.22979263961315155,False,-0.21890948097800766
BBOB_F37,78,-0.0008381746426939091,-0.0008381746592931449,False,1.659923587471468e-11
BBOB_F37,79,0.017993336657273484,0.13742895424365997,False,-0.11943561758638649
BBOB_F37,80,0.01729701649868065,0.10473792254924774,False,-0.08744090605056709
BBOB_F37,81,0.017575753860766652,0.10767718404531479,False,-0.09010143018454814
BBOB_F37,82,0.019747456522612755,0.1486082524061203,False,-0.12886079588350755
BBOB_F37,83,-0.0007809424929066666,-0.0007809425005689263,False,7.662259715601749e-12
BBOB_F37,84,0.1596099073401014,0.15961052477359772,False,-6.174334963304773e-07
BBOB_F37,85,0.19673276882256605,0.1967327743768692,False,-5.5543031562965695e-09
BBOB_F37,86,0.019847563360185783,0.06886302679777145,False,-0.04901546343758567
BBOB_F37,87,0.1995999588004498,0.199599951505661,False,7.2947888007934836e-09
BBOB_F37,88,0.011729175610823844,0.1730474978685379,False,-0.16131832225771406
BBOB_F37,89,0.006025412089052662,0.024180404841899872,False,-0.01815499275284721
BBOB_F37,90,0.0006733403610558325,0.0009974759304895997,False,-0.0003241355694337672
BBOB_F37,91,0.15187116812842738,0.15187117457389832,False,-6.445470934757225e-09
BBOB_F37,92,0.2159511632999477,0.21581310033798218,True,0.00013806296196552936
BBOB_F37,93,0.017678854779586375,0.03226475045084953,False,-0.014585895671263158
BBOB_F37,94,-0.005349405628404913,-0.005349405575543642,False,-5.2861270916082503e-11
BBOB_F37,95,-0.00010085770815783379,-0.0001008577091852203,False,1.027386509200312e-12
BBOB_F37,96,0.013128595343205013,0.06068681553006172,False,-0.04755822018685671
BBOB_F37,97,0.010734671908353387,0.029100539162755013,False,-0.018365867254401626
BBOB_F37,98,0.019979121038072187,0.019979121163487434,False,-1.25415247631544e-10
BBOB_F37,99,0.01184276360701314,0.011842763982713223,False,-3.757000821558165e-10
BBOB_F37,100,-0.00443101318489194,-0.0044310130178928375,False,-1.6699910204698298e-10
BBOB_F37,101,0.010820357996486993,0.06826604157686234,False,-0.05744568358037534
BBOB_F37,102,0.03953437017072408,0.03908083215355873,True,0.00045353801716534886
BBOB_F37,103,0.1621305846504426,0.16212345659732819,True,7.1280531144246595e-06
BBOB_F37,104,-0.0041603835897197,-0.004160383716225624,False,1.2650592379204184e-10
BBOB_F37,105,0.135527304969138,0.13552729785442352,False,7.114714484224294e-09
BBOB_F37,106,0.0256210613630293,0.025621017441153526,False,4.3921875775287944e-08
BBOB_F37,107,0.1994607688446915,0.19945091009140015,True,9.858753291347444e-06
BBOB_F37,108,0.20106880301383548,0.20066331326961517,True,0.00040548974422030537
BBOB_F37,109,-0.017119948508604578,-0.01711994782090187,False,-6.877027072804687e-10
BBOB_F37,110,0.20110043592963128,0.2011004388332367,False,-2.90360541166379e-09
BBOB_F37,111,-0.0033336644882608624,-0.0033336644992232323,False,1.0962369900724411e-11
BBOB_F37,112,0.18576737050464773,0.18576739728450775,False,-2.6779860023973256e-08
BBOB_F37,113,0.016241849655239587,0.14688149094581604,False,-0.13063964129057645
BBOB_F37,114,0.0009331101538242181,0.20946072041988373,False,-0.2085276102660595
BBOB_F37,115,0.040095291893850776,0.040095292031764984,False,-1.3791420783171304e-10
BBOB_F37,116,0.007187162243708432,0.00714361947029829,True,4.3542773410142066e-05
BBOB_F37,117,0.014836035544841128,0.014836035668849945,False,-1.2400881710394884e-10
BBOB_F37,118,-0.005280639798648179,0.1918197125196457,False,-0.19710035231829387
BBOB_F37,119,0.0023510655805296377,0.18419025838375092,False,-0.18183919280322128
BBOB_F37,120,0.04306616712555523,0.04306616634130478,False,7.842504493038582e-10
BBOB_F37,121,0.18928733521569122,0.18928733468055725,False,5.351339649184439e-10
BBOB_F37,122,0.0018257059813177115,0.00182570971082896,False,-3.7295112484403425e-09
BBOB_F37,123,-0.019486631176863216,-0.01948663406074047,False,2.883877255055456e-09
BBOB_F37,124,-0.006603230531272458,0.1520208865404129,False,-0.15862411707168536
BBOB_F37,125,0.03795101603424547,0.037951018661260605,False,-2.6270151332052905e-09
BBOB_F37,126,0.047703988072857105,0.04770398885011673,False,-7.772596247179742e-10
BBOB_F37,127,0.010276583027748518,0.010276583023369312,False,4.379205331694891e-12
BBOB_F37,128,0.165345479076306,0.1653454750776291,False,3.998676917360555e-09
BBOB_F37,129,0.002404278284385289,0.002404278377071023,False,-9.26857340877163e-11
BBOB_F37,130,0.1506588752436844,0.15065887570381165,False,-4.601272418636171e-10
BBOB_F37,131,0.02589611492185888,0.025896115228533745,False,-3.0667486605739924e-10
BBOB_F37,132,0.16898278364249297,0.1687396615743637,True,0.0002431220681292645
BBOB_F37,133,0.1605153548026803,0.16015322506427765,True,0.00036212973840266116
BBOB_F37,134,0.09557654600965777,0.09557654708623886,False,-1.0765810881663285e-09
BBOB_F37,135,0.1458742361522674,0.1458742320537567,False,4.09851069749223e-09
BBOB_F37,136,0.09323629095697811,0.09313905984163284,True,9.72311153452643e-05
BBOB_F37,137,0.037407882768968684,0.03740788251161575,False,2.573529306326705e-10
BBOB_F37,138,0.16193865513853462,0.16188473999500275,True,5.391514353186855e-05
BBOB_F37,139,0.13939404832991287,0.13916684687137604,True,0.00022720145853682983
BBOB_F37,140,0.010373693283895674,0.1847618967294693,False,-0.17438820344557363
BBOB_F37,141,0.11239254152083414,0.11239254474639893,False,-3.2255647874901427e-09
BBOB_F37,142,0.02023112067396101,0.02023112028837204,False,3.8558897047513696e-10
BBOB_F37,143,0.02351455962386169,0.023514559492468834,False,1.3139285492957953e-10
BBOB_F37,144,-0.01608243978140486,-0.016082312911748886,False,-1.2686965597530353e-07
BBOB_F37,145,0.013426406976651942,0.08067990094423294,False,-0.067253493967581
BBOB_F37,146,0.011383132176827154,0.06090676411986351,False,-0.049523631943036356
BBOB_F37,147,0.15178582557102713,0.15178583562374115,False,-1.0052714022323883e-08
BBOB_F37,148,0.07145829417052349,0.07145829498767853,False,-8.171550380797754e-10
BBOB_F37,149,0.009078425225480052,0.009078425355255604,False,-1.2977555141624464e-10
BBOB_F37,150,0.1438757290860293,0.143410325050354,True,0.00046540403567529864
BBOB_F37,151,0.17037078110510065,0.16976504027843475,True,0.0006057408266658959
BBOB_F37,152,0.0001889089442360728,0.0001889100094558671,False,-1.0652197943161745e-09
BBOB_F37,153,-0.0025987891278131114,0.11634065210819244,False,-0.11893944123600556
BBOB_F37,154,0.043612892743279716,0.04361289367079735,False,-9.27517632143271e-10
BBOB_F37,155,0.024451672294210677,0.02445167303085327,False,-7.366425941457422e-10
BBOB_F37,156,0.001442054092278905,0.0014420540537685156,False,3.851038932189965e-11
BBOB_F37,157,0.008569073407287055,0.008569073863327503,False,-4.5604044845992675e-10
BBOB_F37,158,0.003727738543514811,0.003578149015083909,True,0.00014958952843090179
BBOB_F37,159,0.0011504545756386986,0.0011504546273499727,False,-5.171127415160015e-11
BBOB_F37,160,0.016213464257986657,0.016213463619351387,False,6.386352696674535e-10
BBOB_F37,161,0.017648776486908643,0.01764877699315548,False,-5.062468361183292e-10
BBOB_F37,162,0.011399786747891417,0.011399786919355392,False,-1.7146397496281551e-10
BBOB_F37,163,-0.004615448650780216,-0.004615448880940676,False,2.3016046013513147e-10
BBOB_F37,164,0.008320334929503653,0.008320335298776627,False,-3.6927297331068587e-10
BBOB_F37,165,-0.023933739749931425,-0.023933740332722664,False,5.827912388789436e-10
BBOB_F37,166,0.006912956094225951,0.006857569795101881,True,5.538629912407028e-05
BBOB_F37,167,-0.013257728555318371,-0.01325771864503622,False,-9.910282150471517e-09
BBOB_F37,168,0.007077831312178651,0.10556565225124359,False,-0.09848782093906494
BBOB_F37,169,0.13931398942105705,0.13832730054855347,True,0.0009866888725035827
BBOB_F37,170,0.09110680366252606,0.09110680222511292,False,1.4374131468430917e-09
BBOB_F37,171,0.00395097907115273,0.003950979094952345,False,-2.3799615056496748e-11
BBOB_F37,172,0.0005485397884507498,0.0005485397996380925,False,-1.1187342718876891e-11
BBOB_F37,173,0.0036684136437021564,0.003668413730338216,False,-8.663605943759478e-11
BBOB_F37,174,0.001305292014901198,0.0010541114024817944,True,0.00025118061241940354
BBOB_F37,175,0.06842924069962544,0.06842923909425735,False,1.6053680884642318e-09
BBOB_F37,176,0.001681140352024435,0.0016811403911560774,False,-3.9131642370904274e-11
BBOB_F37,177,-0.000528992489942412,-0.0005289925029501319,False,1.300771990120353e-11
BBOB_F37,178,-0.003919287142453473,-0.003919287119060755,False,-2.3392718317971628e-11
BBOB_F37,179,0.0017780537573095292,0.0017749961698427796,True,3.0575874667496117e-06
BBOB_F37,180,0.12324385516377483,0.12324385344982147,False,1.7139533542431806e-09
BBOB_F37,181,0.08448578286269579,0.08448578417301178,False,-1.3103159945959675e-09
BBOB_F37,182,0.13933225060472706,0.1391206681728363,True,0.0002115824318907611
BBOB_F37,183,0.10099148601643537,0.10099148750305176,False,-1.4866163855487002e-09
BBOB_F37,184,0.09419117012688717,0.09419117122888565,False,-1.1019984785809456e-09
BBOB_F37,185,0.15438716267719654,0.15438716113567352,False,1.5415230203430497e-09
BBOB_F37,186,-0.03131715695904895,-0.03131715580821037,False,-1.150838577212987e-09
BBOB_F37,187,0.05734040850562546,0.05715934559702873,True,0.0001810629085967283
BBOB_F37,188,0.0963043305990191,0.09630432724952698,False,3.349492128101872e-09
BBOB_F37,189,-0.006318551289450816,-0.006318551488220692,False,1.9876987555900172e-10
BBOB_F37,190,-0.0055753963495821235,-0.005575396120548248,False,-2.290338751986809e-10
BBOB_F37,191,-0.005258220456179921,-0.005258220247924328,False,-2.0825559332582344e-10
BBOB_F37,192,0.1146883363912739,0.11468833684921265,False,-4.5793874248190036e-10
BBOB_F37,193,0.145648517313783,0.14540798962116241,True,0.00024052769262059015
BBOB_F37,194,0.12006338788979555,0.12006338685750961,False,1.0322859372857707e-09
BBOB_F37,195,-0.003451926260126234,-0.0034519261680543423,False,-9.207189177740105e-11
BBOB_F37,196,-0.008913652167832915,-0.008913652040064335,False,-1.2776858043794803e-10
BBOB_F37,197,0.009179917340198178,0.0091799171641469,False,1.7605127772268858e-10
BBOB_F37,198,0.11862622800655537,0.11843445152044296,True,0.00019177648611240494
BBOB_F37,199,-0.013668595369817543,-0.013668595813214779,False,4.4339723559438937e-10
BBOB_F37,200,0.06796428781357347,0.06796428561210632,False,2.201467147466829e-09
BBOB_F37,201,-0.002519747288622566,-0.002519747242331505,False,-4.629106126197158e-11
BBOB_F37,202,-0.0034345678045161407,-0.0036585256457328796,True,0.00022395784121673895
BBOB_F37,203,0.07698893349865739,0.07698893547058105,False,-1.9719236660220574e-09
BBOB_F37,204,0.11098207205277281,0.11024833470582962,True,0.0007337373469431946
BBOB_F37,205,-0.02106553653605317,-0.02106553688645363,False,3.5040045864853653e-10
BBOB_F37,206,0.09311524756424237,0.09311524778604507,False,-2.218027012057533e-10
BBOB_F37,207,0.12449242940551056,0.12449242919683456,False,2.0867599315188556e-10
BBOB_F37,208,-0.006052240375382059,-0.006052240263670683,False,-1.1171137626053707e-10
BBOB_F37,209,0.14925903255887538,0.1492590308189392,False,1.7399361673664515e-09
BBOB_F37,210,0.10943403280508007,0.10917031764984131,True,0.000263715155238764
BBOB_F37,211,-0.03576417961092033,-0.035764180123806,False,5.128856714331498e-10
BBOB_F37,212,0.10471602395346798,0.10441090166568756,True,0.0003051222877804155
BBOB_F37,213,-0.004628621883210858,-0.004628621973097324,False,8.988646632568376e-11
BBOB_F37,214,0.15139243885368145,0.15139244496822357,False,-6.1145421226260765e-09
BBOB_F37,215,0.011952069462708922,0.011952069588005543,False,-1.252966203013628e-10
BBOB_F37,216,0.03359590202082609,0.03359590098261833,False,1.0382077558768188e-09
BBOB_F37,217,0.13555332685812432,0.1349303424358368,True,0.0006229844222875314
BBOB_F37,218,0.11057337712510736,0.11057337373495102,False,3.3901563362137566e-09
BBOB_F37,219,-0.007051651946310446,-0.007051651831716299,False,-1.1459414667180923e-10
BBOB_F37,220,0.1595216150398848,0.15952160954475403,False,5.495130767085854e-09
BBOB_F37,221,0.09772833184552716,0.097525954246521,True,0.0002023775990061677
BBOB_F37,222,0.15605479573593872,0.1560547947883606,False,9.475781270751327e-10
BBOB_F37,223,0.11328675628884306,0.11328675597906113,False,3.097819362141152e-10
BBOB_F37,224,0.005820531077393845,0.00582053093239665,False,1.449971948064288e-10
BBOB_F37,225,-0.0021813730240993756,-0.002181373070925474,False,4.682609855422015e-11
BBOB_F37,226,0.022650383834352583,0.022650383412837982,False,4.2151460100114946e-10
BBOB_F37,227,0.07488841586909928,0.0747070163488388,True,0.00018139952026047235
BBOB_F37,228,0.11922687702893997,0.11920572072267532,True,2.115630626464693e-05
BBOB_F37,229,0.0047535697519614645,0.004753569606691599,False,1.4526986558127675e-10
BBOB_F37,230,0.08996207602799361,0.08965994417667389,True,0.0003021318513197202
BBOB_F37,231,-0.003967994452960949,-0.00396799435839057,False,-9.457037930538092e-11
BBOB_F37,232,0.010079281238551549,0.010079281404614449,False,-1.6606289954257392e-10
BBOB_F37,233,0.010396787445296235,0.16985958814620972,False,-0.15946280070091348
BBOB_F37,234,0.02228092104769873,0.021961431950330734,True,0.0003194890973679948
BBOB_F37,235,0.10475851383691984,0.10475851595401764,False,-2.117097802623036e-09
BBOB_F37,236,0.11643079618712618,0.11643079668283463,False,-4.957084465129213e-10
BBOB_F37,237,-0.017180377413485243,-0.01718037761747837,False,2.0399312794516788e-10
BBOB_F37,238,0.114867602360447,0.11486760526895523,False,-2.9085082259294737e-09
BBOB_F37,239,-0.01050510068422826,-0.010505100712180138,False,2.795187692417045e-11
BBOB_F37,240,0.11717120307139939,0.11717120558023453,False,-2.5088351396362896e-09
BBOB_F37,241,-0.002201860922250602,-0.0022018610034137964,False,8.116319422102336e-11
BBOB_F37,242,0.12476735784338139,0.12476735562086105,False,2.2225203344383715e-09
BBOB_F37,243,-0.0027335251783635606,-0.0027643200010061264,True,3.079482264256583e-05
BBOB_F37,244,0.12593463117876366,0.1259346306324005,False,5.463631491675613e-10
BBOB_F37,245,0.08040275333368925,0.07999637722969055,True,0.0004063761039986985
BBOB_F37,246,-0.01854958198149613,-0.018549581989645958,False,8.149828034653694e-12
BBOB_F37,247,0.1054047712314285,0.1050589457154274,True,0.000345825516001097
BBOB_F37,248,-0.013610415455159675,-0.013610415160655975,False,-2.9450369920525077e-10
BBOB_F37,249,0.11015424177239586,0.11015424132347107,False,4.489247862338175e-10
BBOB_F37,250,0.027662822757369962,0.027604015544056892,True,5.8807213313069595e-05
BBOB_F37,251,0.004436523953167203,0.004436524119228125,False,-1.660609219578113e-10
BBOB_F37,252,-0.007390262202373779,-0.007459897082298994,True,6.9634879925215e-05
BBOB_F37,253,-0.015989459975069224,-0.015989460051059723,False,7.599049861584106e-11
BBOB_F37,254,0.00156075141831305,0.0015607514651492238,False,-4.6836173828168626e-11
BBOB_F37,255,-0.014357939028487185,-0.01435793936252594,False,3.340387549899404e-10
BBOB_F37,256,0.0004906297488534023,0.0004906298709101975,False,-1.2205679522647728e-10
BBOB_F37,257,0.002198007664611902,0.002198007656261325,False,8.350577174187634e-12
BBOB_F37,258,-0.015145609664590096,-0.015145610086619854,False,4.2202975836236334e-10
BBOB_F37,259,0.09271732092659066,0.09271731972694397,False,1.1996466875441314e-09
BBOB_F37,260,0.06220195523579603,0.06169094145298004,True,0.0005110137828159902
BBOB_F37,261,0.11061608760356875,0.11061608791351318,False,-3.099444312315569e-10
BBOB_F37,262,0.055797081306841495,0.05554325506091118,True,0.00025382624593031644
BBOB_F37,263,0.006810036958136867,0.006810036953538656,False,4.598210701090011e-12
BBOB_F37,264,0.11011437894008684,0.11011438071727753,False,-1.777190686280683e-09
BBOB_F37,265,-0.030031904461213454,-0.030031904578208923,False,1.169954688684527e-10
BBOB_F37,266,0.13505977822181625,0.13459081947803497,True,0.0004689587437812781
BBOB_F37,267,0.09446429091154902,0.09446429461240768,False,-3.700858661193074e-09
BBOB_F37,268,0.00994961848543395,0.009949618950486183,False,-4.650522328342177e-10
BBOB_F37,269,-0.016380893261174118,-0.01638089306652546,False,-1.946486583026541e-10
BBOB_F37,270,0.12551287063203345,0.12551286816596985,False,2.466063603323576e-09
BBOB_F37,271,0.0003731600774348337,0.00037316008820198476,False,-1.0767151059631885e-11
BBOB_F37,272,-0.010408791833234107,-0.010408791713416576,False,-1.1981753089695957e-10
BBOB_F37,273,0.004141627992533842,0.004141627810895443,False,1.8163839876628174e-10
BBOB_F37,274,0.11868703882995457,0.11868704110383987,False,-2.2738853022730154e-09
BBOB_F37,275,0.12709274700404413,0.12709274888038635,False,-1.876342220485938e-09
BBOB_F37,276,0.12505229205508045,0.1247650757431984,True,0.00028721631188205476
BBOB_F37,277,0.06021820131480471,0.05986994877457619,True,0.0003482525402285219
BBOB_F37,278,-0.030457388163610377,-0.03045738860964775,False,4.460373737025236e-10
BBOB_F37,279,0.002474723133862086,0.0024747231509536505,False,-1.7091564274984705e-11
BBOB_F37,280,0.0883484177927774,0.08834841847419739,False,-6.814199898785844e-10
BBOB_F37,281,-0.0034620308093651075,-0.0034620307851582766,False,-2.4206830984141448e-11
BBOB_F37,282,0.0017312341166059175,0.001731234136968851,False,-2.0362933561557384e-11
BBOB_F37,283,0.00462675649659839,0.00462675653398037,False,-3.7381979456352354e-11
BBOB_F37,284,0.009704051823217236,0.009704051539301872,False,2.8391536344152257e-10
BBOB_F37,285,0.004054206879666948,0.004048699978739023,True,5.506900927924885e-06
BBOB_F37,286,-0.010836312941513632,-0.010836312547326088,False,-3.9418754371745024e-10
BBOB_F37,287,0.06307406852670093,0.06307406723499298,False,1.2917079489360717e-09
BBOB_F37,288,0.1114263291866286,0.11142633110284805,False,-1.9162194470068172e-09
BBOB_F37,289,0.11015407225776805,0.11015406996011734,False,2.297650708582566e-09
BBOB_F37,290,-0.021557424775086445,-0.02155742421746254,False,-5.576239053839416e-10
BBOB_F37,291,-0.0046666488333124145,-0.004666648805141449,False,-2.8170965560292416e-11
BBOB_F37,292,0.13878032993504366,0.13878032565116882,False,4.2838748381957e-09
BBOB_F37,293,-0.009956883054533378,-0.009956883266568184,False,2.1203480637943528e-10
BBOB_F37,294,0.12741374232203193,0.12671023607254028,True,0.0007035062494916422
BBOB_F37,295,0.1141678429969334,0.11347272992134094,True,0.00069511307559246
BBOB_F37,296,0.14506359744012853,0.1450635939836502,False,3.4564783257806653e-09
BBOB_F37,297,0.052081404563249625,0.052081406116485596,False,-1.5532359703973597e-09
BBOB_F37,298,0.023000069113601793,0.022857708856463432,True,0.0001423602571383603
BBOB_F37,299,-0.006969084914385096,-0.0069690849632024765,False,4.8817380693400025e-11
BBOB_F37,300,0.13803987329107828,0.13803987205028534,False,1.2407929406155205e-09
BBOB_F37,301,-0.015944558345928686,-0.01594455912709236,False,7.811636754118112e-10
BBOB_F37,302,0.10594807389039015,0.10522264242172241,True,0.0007254314686677421
BBOB_F37,303,-0.01722232284401099,-0.017222322523593903,False,-3.2041708869501306e-10
BBOB_F37,304,0.01521418574101957,0.015214186161756516,False,-4.2073694528355077e-10
BBOB_F37,305,0.0005109000135771827,0.0005108999903313816,False,2.32458011173442e-11
BBOB_F37,306,0.07322995341926326,0.07281900197267532,True,0.0004109514465879399
BBOB_F37,307,0.003722710582088999,0.003722710534930229,False,4.7158769944655177e-11
BBOB_F37,308,0.09836355450028911,0.09836355596780777,False,-1.4675186621460057e-09
BBOB_F37,309,0.11854222684476336,0.11854222416877747,False,2.6759858912095424e-09
BBOB_F37,310,-0.006898324544938245,-0.006898324470967054,False,-7.397119028418331e-11
BBOB_F37,311,0.003688368301029858,0.003688368247821927,False,5.3207931116627805e-11
BBOB_F37,312,0.12184144956753717,0.12184145301580429,False,-3.4482671162905376e-09
BBOB_F37,313,-0.009381042538246648,-0.009381042793393135,False,2.551464872713183e-10
BBOB_F37,314,0.1161412885852525,0.11614128947257996,False,-8.873274615073257e-10
BBOB_F37,315,-0.00339444443345073,-0.0033944444730877876,False,3.963705752507707e-11
BBOB_F37,316,0.09293282789996371,0.09293282777070999,False,1.292537188390952e-10
BBOB_F37,317,-0.011918217491626706,-0.01191821787506342,False,3.8343671293628034e-10
BBOB_F37,318,0.0970267312991056,0.09702672809362411,False,3.205481491352913e-09
BBOB_F37,319,0.11165023240861814,0.11077305674552917,True,0.0008771756630889666
BBOB_F37,320,0.051307875729744074,0.05130787566304207,False,6.67020050304501e-11
BBOB_F37,321,0.11480399914116005,0.11437564343214035,True,0.00042835570901969544
BBOB_F37,322,-0.01733409298455993,-0.017334092408418655,False,-5.761412735783011e-10
BBOB_F37,323,-0.0027562303107491956,-0.0027562303002923727,False,-1.0456822907567442e-11
BBOB_F37,324,-0.006985970038405245,-0.006985969841480255,False,-1.9692499020340648e-10
BBOB_F37,325,2.5772422329740918e-05,2.5772422304726206e-05,False,2.5014712523585558e-14
BBOB_F37,326,0.07744959410572394,0.07744959741830826,False,-3.312584317960443e-09
BBOB_F37,327,-0.013970733643045422,-0.013970733620226383,False,-2.2819038325572194e-11
BBOB_F37,328,0.0492614806968263,0.04926148056983948,False,1.2698682383405213e-10
BBOB_F37,329,-0.015064211847996584,-0.015064211562275887,False,-2.8572069710186554e-10
BBOB_F37,330,0.14399746644345682,0.14323587715625763,True,0.0007615892871991881
BBOB_F37,331,-0.00104888112080323,-0.0010488810949027538,False,-2.5900476208207124e-11
BBOB_F37,332,0.0438605010624262,0.04355959966778755,True,0.0003009013946386474
BBOB_F37,333,0.0370706813747087,0.03697044402360916,True,0.00010023735109954135
BBOB_F37,334,0.13576763961979788,0.1350792646408081,True,0.0006883749789897697
BBOB_F37,335,0.1488697801843176,0.14886978268623352,False,-2.501915924435494e-09
BBOB_F37,336,0.043708943839079,0.043606795370578766,True,0.00010214846850023496
BBOB_F37,337,0.0803934235108909,0.07990123331546783,True,0.0004921901954230701
BBOB_F37,338,-0.013145531248050846,-0.01314553152769804,False,2.79647194290078e-10
BBOB_F37,339,0.001842760494852748,0.001842760480940342,False,1.391240594950105e-11
BBOB_F37,340,0.003469050796535124,0.0034690508618950844,False,-6.53599604993893e-11
BBOB_F37,341,0.09008944231745117,0.09008944034576416,False,1.9716870081065707e-09
BBOB_F37,342,0.09825057779707996,0.09825057536363602,False,2.433443946348035e-09
BBOB_F37,343,-0.030880205404316963,-0.03088020533323288,False,-7.10840830642212e-11
BBOB_F37,344,0.005082816705280463,0.005082816816866398,False,-1.1158593493654223e-10
BBOB_F37,345,-0.0087158902686411,-0.008715890347957611,False,7.931651169190701e-11
BBOB_F37,346,0.13349005212794682,0.13288141787052155,True,0.0006086342574252723
BBOB_F37,347,-0.015353418316306267,-0.015353417955338955,False,-3.6096731159673823e-10
BBOB_F37,348,-0.010704276903038532,-0.010704277083277702,False,1.8023917081055885e-10
BBOB_F37,349,0.055736816937326704,0.05573681741952896,False,-4.822022572903428e-10
BBOB_F37,350,0.11403987221167738,0.11325397342443466,True,0.0007858987872427226
BBOB_F37,351,-0.002552417824582584,-0.002552417805418372,False,-1.9164211884081794e-11
BBOB_F37,352,0.12550712325655422,0.12550711631774902,False,6.938805197087561e-09
BBOB_F37,353,0.12141504149424091,0.12121427804231644,True,0.00020076345192447664
BBOB_F37,354,0.11974099458244931,0.11899394541978836,True,0.0007470491626609538
BBOB_F37,355,-0.009855577278804102,-0.00985557772219181,False,4.433877084930593e-10
BBOB_F37,356,0.10234972797955999,0.10234972834587097,False,-3.663109815477128e-10
BBOB_F37,357,0.09232515574594993,0.09172386676073074,True,0.0006012889852191894
BBOB_F37,358,0.12290389890995501,0.12290389835834503,False,5.51609979915213e-10
BBOB_F37,359,0.049351490340671815,0.04903204366564751,True,0.0003194466750243083
BBOB_F37,360,0.0009508595146885124,0.0009508595103397965,False,4.3487158318811225e-12
BBOB_F37,361,0.020003760842911486,0.019893288612365723,True,0.00011047223054576338
BBOB_F37,362,-0.00043552177650297424,-0.00043552176794037223,False,-8.562602016315424e-12
BBOB_F37,363,0.001997968908169258,0.0019979688804596663,False,2.770959156572772e-11
BBOB_F37,364,0.009260753566773902,0.11768972128629684,False,-0.10842896771952294
BBOB_F37,365,-0.0019733866894652494,-0.0019733866211026907,False,-6.836255866948804e-11
BBOB_F37,366,0.0019402432368740771,0.0019402431789785624,False,5.789551477120014e-11
BBOB_F37,367,-0.0002999644750883851,-0.0002999644784722477,False,3.3838626345428224e-12
BBOB_F37,368,-0.017076771253593616,-0.017076771706342697,False,4.52749081281123e-10
BBOB_F37,369,-0.013232202958502616,-0.01323220320045948,False,2.419568642664238e-10
BBOB_F37,370,-0.012055285307036256,-0.012055285274982452,False,-3.205380405546521e-11
BBOB_F37,371,0.09753840984713746,0.09753841161727905,False,-1.770141588863794e-09
BBOB_F37,372,-0.024790356984702028,-0.024790357798337936,False,8.136359086474698e-10
BBOB_F37,373,-0.01436627192116749,-0.014366271905601025,False,-1.5566464783844935e-11
BBOB_F37,374,-0.014952524942861187,-0.014952524565160275,False,-3.7770091221300817e-10
BBOB_F37,375,-0.020844249196259934,-0.020844249054789543,False,-1.414703909574655e-10
BBOB_F37,376,0.10179459514833838,0.10179459303617477,False,2.1121636106791186e-09
BBOB_F37,377,0.1315649854699687,0.13098472356796265,True,0.0005802619020060518
BBOB_F37,378,-0.018497389237659784,-0.018497388809919357,False,-4.2774042641191556e-10
BBOB_F37,379,0.0953656851368776,0.09536568820476532,False,-3.0678877216416822e-09
BBOB_F37,380,0.12828660831072938,0.12828661501407623,False,-6.703346849823433e-09
BBOB_F37,381,-0.01474139824553345,-0.014741398394107819,False,1.4857436808624058e-10
BBOB_F37,382,0.12553199615397473,0.12553200125694275,False,-5.1029680203651395e-09
BBOB_F37,383,0.13046304510820006,0.13046304881572723,False,-3.7075271741571214e-09
BBOB_F37,384,-0.002250034894220973,-0.0022500348277390003,False,-6.64819727047572e-11
BBOB_F37,385,-0.02977211223003992,-0.029772112146019936,False,-8.40199854135193e-11
BBOB_F37,386,0.07248841127436212,0.07248841226100922,False,-9.866470973562969e-10
BBOB_F37,387,0.09398281243900639,0.09398281574249268,False,-3.3034862900738204e-09
BBOB_F37,388,0.12369536646125176,0.12369536608457565,False,3.766761069723401e-10
BBOB_F37,389,-0.03271366829750385,-0.032713666558265686,False,-1.7392381632119758e-09
BBOB_F37,390,0.1540992161301676,0.15398742258548737,True,0.00011179354468024427
BBOB_F37,391,-0.02215057245495463,-0.022150572389364243,False,-6.559038728815025e-11
BBOB_F37,392,0.11245447186449122,0.11244858056306839,True,5.891301422825124e-06
BBOB_F37,393,0.09784081022169169,0.0978408083319664,False,1.8897252929139796e-09
BBOB_F37,394,-0.02870719965133378,-0.028707198798656464,False,-8.526773176420477e-10
BBOB_F37,395,0.10510592945693259,0.1051059290766716,False,3.802609893632791e-10
BBOB_F37,396,0.0013076070886511235,0.001307607046328485,False,4.2322638449387995e-11
BBOB_F37,397,0.10746216682858346,0.10746216773986816,False,-9.112847004777436e-10
BBOB_F37,398,-0.021487183158029076,-0.02148718386888504,False,7.108559643698165e-10
BBOB_F37,399,0.09484986107770543,0.09484986215829849,False,-1.080593059477053e-09
BBOB_F37,400,0.09642291319701426,0.09642291069030762,False,2.506706647809054e-09
BBOB_F37,401,-0.0007560727898398706,-0.0007560728117823601,False,2.1942489492055017e-11
BBOB_F37,402,0.00793303404168444,0.1163422092795372,False,-0.10840917523785276
BBOB_F37,403,0.00256903794750752,0.0025690379552543163,False,-7.746796260033051e-12
BBOB_F37,404,0.10456265633821293,0.1045626550912857,False,1.2469272281379062e-09
BBOB_F37,405,-0.020582411661132727,-0.0205824114382267,False,-2.2290602696983797e-10
BBOB_F37,406,0.13395453573242483,0.13395453989505768,False,-4.162632849524783e-09
BBOB_F37,407,0.08784007273965139,0.08784007281064987,False,-7.09984848690226e-11
BBOB_F37,408,-0.016978291324519654,-0.016978291794657707,False,4.701380534877231e-10
BBOB_F37,409,0.10970933339903596,0.10970932990312576,False,3.495910200213004e-09
BBOB_F37,410,0.08609559471856698,0.08609559386968613,False,8.488808544981907e-10
BBOB_F37,411,-0.016424854132274493,-0.01642485335469246,False,-7.775820334843253e-10
BBOB_F37,412,0.031844117803682515,0.0318441167473793,False,1.0563032115662452e-09
BBOB_F37,413,-0.005181601646977646,-0.005181601736694574,False,8.971692833092959e-11
BBOB_F37,414,0.10331044944361632,0.10331045091152191,False,-1.4679055887478754e-09
BBOB_F37,415,0.10753942071274611,0.10753942281007767,False,-2.0973315584260632e-09
BBOB_F37,416,-0.021968673779170764,-0.021968673914670944,False,1.3550018052033153e-10
BBOB_F37,417,0.1356686452600386,0.13566865026950836,False,-5.0094697556790635e-09
BBOB_F37,418,0.0004189746869468908,0.0004189746978227049,False,-1.0875814138167073e-11
BBOB_F37,419,-0.01017918690112208,-0.010179187171161175,False,2.7003909525147307e-10
BBOB_F37,420,-0.014222253319300687,-0.014222253113985062,False,-2.0531562561210137e-10
BBOB_F37,421,0.09063404977894755,0.0906340479850769,False,1.7938706492470757e-09
BBOB_F37,422,0.03339103587989353,0.033391036093235016,False,-2.1334148336826786e-10
BBOB_F37,423,0.130172936602726,0.1301729381084442,False,-1.505718216776586e-09
BBOB_F37,424,0.11333352618721396,0.11333352327346802,False,2.9137459389705356e-09
BBOB_F37,425,0.13053620720661308,0.1303100883960724,True,0.0002261188105406875
BBOB_F37,426,0.05051477276626374,0.05027506873011589,True,0.0002397040361478489
BBOB_F37,427,0.12228429532458605,0.12228429317474365,False,2.1498424013222106e-09
BBOB_F37,428,0.14297123260364547,0.1429712325334549,False,7.019057557400288e-11
BBOB_F37,429,0.011058172311605954,0.011058172211050987,False,1.0055496713068379e-10
BBOB_F37,430,-0.02330125910516062,-0.02330125868320465,False,-4.219559701645892e-10
BBOB_F37,431,0.1143697977844295,0.11382536590099335,True,0.0005444318834361556
BBOB_F37,432,0.06687901619383835,0.06621801108121872,True,0.0006610051126196281
BBOB_F37,433,0.05467080593089828,0.05434257164597511,True,0.0003282342849231651
BBOB_F37,434,0.11916166990832387,0.11916167289018631,False,-2.981862437523297e-09
BBOB_F37,435,-0.00629385029132036,-0.006294212304055691,False,3.620127353304303e-07
BBOB_F37,436,0.08858920942395702,0.08858920633792877,False,3.0860282523859084e-09
BBOB_F37,437,0.05514316894472084,0.054762255400419235,True,0.00038091354430160734
BBOB_F37,438,0.13341396742346687,0.13341397047042847,False,-3.046961599695308e-09
BBOB_F37,439,-0.02458615226768976,-0.024586152285337448,False,1.7647688865807254e-11
BBOB_F37,440,-0.016011620861539268,-0.016011619940400124,False,-9.21139144127725e-10
BBOB_F37,441,0.09421282642322426,0.09421283006668091,False,-3.6434566474952135e-09
BBOB_F37,442,-0.020677466544148135,-0.020677465945482254,False,-5.986658807577427e-10
BBOB_F37,443,0.07241117750012309,0.0724111795425415,False,-2.042418414949232e-09
BBOB_F37,444,-0.004328173698782821,-0.0043281735852360725,False,-1.1354674839259005e-10
BBOB_F37,445,0.12413749622873414,0.1241374984383583,False,-2.209624164195567e-09
BBOB_F37,446,0.11622972080521105,0.11622972041368484,False,3.9152620034954566e-10
BBOB_F37,447,-0.0009587694674134326,-0.0009587694657966495,False,-1.616783096292096e-12
BBOB_F37,448,0.11773672434342505,0.11773672699928284,False,-2.655857783695481e-09
BBOB_F37,449,-0.011206460280462086,-0.011206460185348988,False,-9.511309795318112e-11
BBOB_F37,450,-0.015491617931216575,-0.01549161784350872,False,-8.77078548677801e-11
BBOB_F37,451,0.13535273647210666,0.1353527307510376,False,5.721069062936124e-09
BBOB_F37,452,0.11806047583850657,0.11768171936273575,True,0.0003787564757708195
BBOB_F37,453,0.09775805273728265,0.09775805473327637,False,-1.995993717529565e-09
BBOB_F37,454,-0.01229589687258692,-0.012295897118747234,False,2.4616031435442665e-10
BBOB_F37,455,0.10885061473337189,0.10885061323642731,False,1.496944582179971e-09
BBOB_F37,456,-0.03456992003719393,-0.03456991910934448,False,-9.278494500497558e-10
BBOB_F37,457,0.1274390771491502,0.12743908166885376,False,-4.519703555860843e-09
BBOB_F37,458,0.04373541569787607,0.04353228211402893,True,0.00020313358384713848
BBOB_F37,459,-0.007893274911866019,-0.007893274538218975,False,-3.7364704386089187e-10
BBOB_F37,460,-0.026282254744859845,-0.026282254606485367,False,-1.3837447854214702e-10
BBOB_F37,461,-0.0025391275771503505,-0.0025391275994479656,False,2.2297615143163085e-11
BBOB_F37,462,0.006490479757580367,0.006490479689091444,False,6.848892286637209e-11
BBOB_F37,463,0.026171634796609985,0.02617163397371769,False,8.228922959707674e-10
BBOB_F37,464,-0.02348959806272352,-0.02348959818482399,False,1.2210046862470847e-10
BBOB_F37,465,0.003402244336680696,0.0034022442996501923,False,3.703050366343774e-11
BBOB_F37,466,0.10257328508290206,0.101910799741745,True,0.0006624853411570653
BBOB_F37,467,0.00699889938949988,0.13349024951457977,False,-0.1264913501250799
BBOB_F37,468,-0.007729050571145091,-0.007729050703346729,False,1.3220163852523115e-10
BBOB_F37,469,0.0899013145324393,0.08990131318569183,False,1.346747463548681e-09
BBOB_F37,470,-0.013803053568726721,-0.01380305364727974,False,7.85530182567662e-11
BBOB_F37,471,-0.010578309512711506,-0.01061866246163845,True,4.035294892694441e-05
BBOB_F37,472,-0.015468847108743314,-0.015468847006559372,False,-1.0218394186356505e-10
BBOB_F37,473,0.10251801913560141,0.10247796773910522,True,4.005139649618239e-05
BBOB_F37,474,-0.020300534061362153,-0.02030053362250328,False,-4.3885887285322056e-10
BBOB_F37,475,-0.0021732294411376113,-0.0024138404987752438,True,0.00024061105763763246
BBOB_F37,476,0.08892187126739197,0.08892187476158142,False,-3.4941894516693495e-09
BBOB_F37,477,0.15248463610204788,0.1521815061569214,True,0.00030312994512649016
BBOB_F37,478,-0.01464772175772898,-0.01464772131294012,False,-4.447888585223936e-10
BBOB_F37,479,-0.021096860459621267,-0.021096860989928246,False,5.303069788853421e-10
BBOB_F37,480,-0.015191527437554211,-0.015191527083516121,False,-3.5403809051093305e-10
BBOB_F37,481,-0.0007566629045081541,-0.0007566629210487008,False,1.6540546710075432e-11
BBOB_F37,482,0.019550173279718752,0.019550172612071037,False,6.676477148914728e-10
BBOB_F37,483,0.11797122074734465,0.11797121912240982,False,1.6249348255836793e-09
BBOB_F37,484,0.010066901329632616,0.010059894062578678,True,7.007267053937838e-06
BBOB_F37,485,-0.0073594435061858435,-0.007359443698078394,False,1.9189255046070386e-10
BBOB_F37,486,-0.012685014567338532,-0.012685014866292477,False,2.9895394493273386e-10
BBOB_F37,487,-0.02319824075352568,-0.023198241367936134,False,6.144104530703132e-10
BBOB_F37,488,0.05106538981111735,0.05057413876056671,True,0.0004912510505506382
BBOB_F37,489,0.11838645755896357,0.11833031475543976,True,5.614280352381207e-05
BBOB_F37,490,0.03379378337015167,0.03379378467798233,False,-1.3078306632108294e-09
BBOB_F37,491,-0.013047933350985454,-0.013047933578491211,False,2.2750575728869293e-10
BBOB_F37,492,-0.021166222919072566,-0.021166222169995308,False,-7.490772585549976e-10
BBOB_F37,493,-0.0214352372967324,-0.021435236558318138,False,-7.384142602928634e-10
BBOB_F37,494,-0.02052720394306031,-0.020527204498648643,False,5.555883322849731e-10
BBOB_F37,495,0.08484620945523187,0.0847703069448471,True,7.590251038476492e-05
BBOB_F37,496,0.13335833564580268,0.13307197391986847,True,0.0002863617259342144
BBOB_F37,497,0.16198286802647852,0.16152822971343994,True,0.0004546383130385745
BBOB_F37,498,0.09618990829850671,0.09573061764240265,True,0.00045929065610406106
BBOB_F37,499,-0.01544980611097721,-0.015449806116521358,False,5.54414847364626e-12
BBOB_F37,500,0.1716801435188966,0.17168013751506805,False,6.0038285454311335e-09
BBOB_F37,501,0.12994219889224012,0.12994219362735748,False,5.2648826409651406e-09
BBOB_F37,502,0.11306957970584633,0.11265820264816284,True,0.0004113770576834874
BBOB_F37,503,0.12686435388754655,0.12686435878276825,False,-4.8952217002184994e-09
BBOB_F37,504,0.07430222423620446,0.07430222630500793,False,-2.0688034757521123e-09
BBOB_F37,505,0.10236994240298851,0.10176167637109756,True,0.0006082660318909444
BBOB_F37,506,0.12345036165552498,0.12337960302829742,True,7.075862722755177e-05
BBOB_F37,507,-0.02682736744108074,-0.026827367022633553,False,-4.184471866230943e-10
BBOB_F37,508,0.1349675924279642,0.1349675953388214,False,-2.9108572219271878e-09
BBOB_F37,509,0.10672480845182068,0.10562273859977722,True,0.0011020698520434608
BBOB_F37,510,-0.0037503138795039054,-0.0037503137718886137,False,-1.076152916779094e-10
BBOB_F37,511,0.041379007148680896,0.0411338247358799,True,0.0002451824128009983
BBOB_F37,512,0.003455592042793408,0.0034555920865386724,False,-4.374526435535486e-11
BBOB_F37,513,-0.01494435115169871,-0.014944351278245449,False,1.2654673836598462e-10
BBOB_F37,514,-0.023932067042046874,-0.023932067677378654,False,6.353317802409997e-10
BBOB_F37,515,-0.01055911860383528,-0.01055911835283041,False,-2.5100486966689317e-10
BBOB_F49,1,0.0574897684434178,0.05633838474750519,True,0.0011513836959126111
BBOB_F49,2,-0.19917231487008774,-0.19917231798171997,False,3.1116322296576016e-09
BBOB_F49,3,-1.6084243549730688,-1.6084243059158325,False,-4.905723627324221e-08
BBOB_F49,4,-0.35154973138781687,-0.2236236333847046,False,-0.12792609800311228
BBOB_F49,5,-0.19784998322075956,-0.19784998893737793,False,5.716618373119431e-09
BBOB_F49,6,-0.38996379557579997,-0.3899638056755066,False,1.0099706626576221e-08
BBOB_F49,7,0.13320309018497756,0.13320308923721313,False,9.477644224986648e-10
BBOB_F49,8,-0.07262455698565773,0.6151834726333618,False,-0.6878080296190195
BBOB_F49,9,-0.00903678022537907,-0.009036780335009098,False,1.0963002727848448e-10
BBOB_F49,10,0.04707213608835792,0.03767167776823044,True,0.00940045832012748
BBOB_F49,11,0.02731056911490304,0.02613419108092785,True,0.0011763780339751895
BBOB_F49,12,0.0577005470544093,0.05618734285235405,True,0.0015132042020552516
BBOB_F49,13,0.04232477564223014,0.03932299092411995,True,0.0030017847181101898
BBOB_F49,14,-0.2209682742883328,-0.22100237011909485,True,3.409583076205425e-05
BBOB_F49,15,-0.023020832862450824,-0.023020833730697632,False,8.682468077836347e-10
BBOB_F49,16,-0.7932662183547455,-0.7930576801300049,False,-0.00020853822474065087
BBOB_F49,17,-0.14342377482354102,-0.14342401921749115,False,2.443939501328707e-07
BBOB_F49,18,-0.9030572340839367,-0.9030321836471558,False,-2.5050436780915675e-05
BBOB_F49,19,-0.040381479313238294,-0.040381480008363724,False,6.951254294396136e-10
BBOB_F49,20,-0.008678582015655745,-0.008678581565618515,False,-4.500372297044919e-10
BBOB_F49,21,-0.05886306709422762,-0.058863066136837006,False,-9.573906112336772e-10
BBOB_F49,22,-0.022821000866894314,-0.022821001708507538,False,8.41613223556692e-10
BBOB_F49,23,0.06747624998030352,0.06747260689735413,True,3.6430829493949712e-06
BBOB_F49,24,0.1045810374621435,0.101771779358387,True,0.0028092581037565123
BBOB_F49,25,0.07337670441789546,0.07337670773267746,False,-3.3147820044376886e-09
BBOB_F49,26,0.08778788353384603,0.08778788149356842,False,2.0402776135242107e-09
BBOB_F49,27,-0.040419400354976154,-0.04041939973831177,False,-6.166643862215437e-10
BBOB_F49,28,-0.023137939023493814,-0.023137938231229782,False,-7.922640321567087e-10
BBOB_F49,29,0.024711269568328476,0.025566894561052322,False,-0.0008556249927238468
BBOB_F49,30,0.19074881360224338,0.190748393535614,False,4.200666293696642e-07
BBOB_F49,31,0.10820087577697687,0.1079476922750473,True,0.0002531835019295714
BBOB_F49,32,0.09416521115166754,0.09420367330312729,False,-3.8462151459750515e-05
BBOB_F49,33,-0.06639251170160804,-0.06638944894075394,False,-3.062760854100066e-06
BBOB_F49,34,0.01962756314968217,0.019627563655376434,False,-5.056942642411855e-10
BBOB_F49,35,0.10599988742966474,0.1059998869895935,False,4.4007122945721733e-10
BBOB_F49,36,-0.04222688092238952,-0.0422268807888031,False,-1.335864197038461e-10
BBOB_F49,37,0.12895369904736523,0.1289536952972412,False,3.75012401687691e-09
BBOB_F49,38,0.09983291035105318,0.09858784824609756,True,0.0012450621049556188
BBOB_F49,39,-0.029134342246299516,-0.0293109193444252,True,0.00017657709812568534
BBOB_F49,40,-0.013241804604975066,-0.013242951594293118,True,1.1469893180515722e-06
BBOB_F49,41,0.104635741254818,0.1037193015217781,True,0.0009164397330398977
BBOB_F49,42,0.03661748019163391,0.0367959663271904,False,-0.00017848613555648818
BBOB_F49,43,0.11634950728959961,0.11634951084852219,False,-3.5589225733101415e-09
BBOB_F49,44,0.052166080838212,0.052166081964969635,False,-1.1267576316420502e-09
BBOB_F49,45,0.08775512875440178,0.08775512874126434,False,1.3137435583843171e-11
BBOB_F49,46,0.09949903741031116,0.09937825798988342,True,0.0001207794204277357
BBOB_F49,47,-0.2108754953333586,-0.2108754962682724,False,9.349138130332335e-10
BBOB_F49,48,-0.023902153197463916,-0.01972358301281929,False,-0.0041785701846446255
BBOB_F49,49,-0.06328620070310242,-0.06296420842409134,False,-0.0003219922790110852
BBOB_F49,50,-0.04779584207717724,-0.04795721173286438,True,0.00016136965568713801
BBOB_F49,51,0.1052091108027716,0.10481318831443787,True,0.00039592248833372756
BBOB_F49,52,-0.003951415887460175,-0.004354551900178194,True,0.00040313601271801947
BBOB_F49,53,0.011052454956181346,0.008622442372143269,True,0.002430012584038077
BBOB_F49,54,0.060164949383018695,0.05599723011255264,True,0.004167719270466053
BBOB_F49,55,0.11505324869555235,0.11290942877531052,True,0.0021438199202418323
BBOB_F49,56,0.15336866909923608,0.17996613681316376,False,-0.02659746771392768
BBOB_F49,57,0.03484738579929236,0.03484738618135452,False,-3.8206215968727975e-10
BBOB_F49,58,0.012083162899775596,0.012104992754757404,False,-2.182985498180856e-05
BBOB_F49,59,0.021758882308792082,0.021762428805232048,False,-3.5464964399656296e-06
BBOB_F49,60,0.05883485115975495,0.058834850788116455,False,3.716384977536791e-10
BBOB_F49,61,-0.0326516008297002,-0.03243566304445267,False,-0.00021593778524753304
BBOB_F49,62,0.08262875307761,0.08269134163856506,False,-6.258856095506249e-05
BBOB_F49,63,0.046620125069093465,0.04635853320360184,True,0.00026159186549162827
BBOB_F49,64,-0.031246766475065357,-0.031246766448020935,False,-2.704442225720527e-11
BBOB_F49,65,0.03639525371031985,0.03639525547623634,False,-1.7659164963657048e-09
BBOB_F49,66,-0.05009873463351,-0.04958533123135567,False,-0.0005134034021543332
BBOB_F49,67,0.03301985251891024,0.03281465172767639,True,0.00020520079123384494
BBOB_F49,68,0.021050365088822465,0.020827580243349075,True,0.0002227848454733894
BBOB_F49,69,-0.03389551839442706,-0.033944886177778244,True,4.936778335118408e-05
BBOB_F49,70,0.028550264052699392,0.027775956317782402,True,0.0007743077349169902
BBOB_F49,71,0.007225766611580031,0.00767944473773241,False,-0.00045367812615237924
BBOB_F49,72,-0.0004513224782234926,-0.0001580642710905522,False,-0.0002932582071329404
BBOB_F49,73,0.008699747460451102,0.008699747733771801,False,-2.73320699406554e-10
BBOB_F49,74,0.009422427234055342,0.009395530447363853,True,2.6896786691488206e-05
BBOB_F49,75,0.015878463010511268,0.015458259731531143,True,0.00042020327898012466
BBOB_F49,76,0.015270161665279502,0.015879910439252853,False,-0.0006097487739733509
BBOB_F49,77,0.024140504579818978,0.02417425438761711,False,-3.3749807798133524e-05
BBOB_F49,78,-0.011226293050516034,-0.011226292699575424,False,-3.509406099055923e-10
BBOB_F49,79,0.02818557038326791,0.028174899518489838,True,1.0670864778072886e-05
BBOB_F49,80,0.02745611217684052,0.027456112205982208,False,-2.914168906187342e-11
BBOB_F49,81,0.018858439557557727,0.018858440220355988,False,-6.627982607199101e-10
BBOB_F49,82,0.03922869039458737,0.038730066269636154,True,0.0004986241249512191
BBOB_F49,83,0.00318792597920059,0.003187926020473242,False,-4.127265196274266e-11
BBOB_F49,84,0.06668956286071848,0.0952850803732872,False,-0.028595517512568724
BBOB_F49,85,0.006083546644327434,0.005990985315293074,True,9.256132903436021e-05
BBOB_F49,86,0.012437208836494185,0.01243720855563879,False,2.8085539449662633e-10
BBOB_F49,87,0.08094375987584519,0.08092833310365677,True,1.5426772188423254e-05
BBOB_F49,88,0.03490492344905688,0.03490492329001427,False,1.5904261241317386e-10
BBOB_F49,89,0.015260879880305556,0.015260879881680012,False,-1.3744561044859438e-12
BBOB_F49,90,0.022422501878228696,0.020057788118720055,True,0.002364713759508641
BBOB_F49,91,0.03905877364290408,0.03905877470970154,False,-1.0667974559286364e-09
BBOB_F49,92,0.03440893121336541,0.034399665892124176,True,9.265321241236357e-06
BBOB_F49,93,0.08445278174012616,0.0719652846455574,True,0.012487497094568756
BBOB_F49,94,0.041846816794598396,0.06296422332525253,False,-0.021117406530654137
BBOB_F49,95,0.010464452105517608,0.010915662162005901,False,-0.0004512100564882937
BBOB_F49,96,0.018225304000599796,0.018225304782390594,False,-7.817907987650585e-10
BBOB_F49,97,0.01104418113598643,0.011044180952012539,False,1.8397389167645883e-10
BBOB_F49,98,0.007308913627473157,0.007404670584946871,False,-9.575695747371382e-05
BBOB_F49,99,0.021243408281856724,0.018329227343201637,True,0.0029141809386550865
BBOB_F49,100,-0.004553796617790373,-0.004553796723484993,False,1.0569461972309568e-10
BBOB_F49,101,0.023891785362537166,0.023621244356036186,True,0.00027054100650097945
BBOB_F49,102,0.022506356171257125,0.022603323683142662,False,-9.696751188553732e-05
BBOB_F49,103,0.03366768414291882,0.033557407557964325,True,0.000110276584954494
BBOB_F49,104,0.0013989184181040781,0.001472935196943581,False,-7.401677883950297e-05
BBOB_F49,105,0.04104556066754231,0.07300625741481781,False,-0.0319606967472755
BBOB_F49,106,0.020672579899806642,0.02067258022725582,False,-3.2744917888294367e-10
BBOB_F49,107,0.030586321525759796,0.030586320906877518,False,6.188822787578374e-10
BBOB_F49,108,0.085734679724453,0.16362477838993073,False,-0.07789009866547772
BBOB_F49,109,0.006218027378461777,0.0048009175807237625,True,0.0014171097977380143
BBOB_F49,110,0.051193163753296654,0.051193833351135254,False,-6.695978385998225e-07
BBOB_F49,111,0.009832198559822758,0.005772104486823082,True,0.004060094072999676
BBOB_F49,112,0.03416436717333836,0.09474503248929977,False,-0.060580665315961416
BBOB_F49,113,0.10839718907718486,0.10839718580245972,False,3.274725143831425e-09
BBOB_F49,114,0.05345519194902962,0.05325017869472504,True,0.00020501325430458128
BBOB_F49,115,0.022596838885866,0.02259683981537819,False,-9.295121894403735e-10
BBOB_F49,116,0.003739340525423296,0.073529452085495,False,-0.0697901115600717
BBOB_F49,117,0.018509105130160464,0.3371396064758301,False,-0.3186305013456696
BBOB_F49,118,0.040497674488747526,0.04049767553806305,False,-1.0493155233604057e-09
BBOB_F49,119,0.02145132029246548,0.021451320499181747,False,-2.0671626910218066e-10
BBOB_F49,120,0.03462636051777401,0.1786755621433258,False,-0.1440492016255518
BBOB_F49,121,0.03971585825569732,0.11242984235286713,False,-0.07271398409716981
BBOB_F49,122,0.02207100676387741,0.3411373496055603,False,-0.3190663428416829
BBOB_F49,123,0.39321178647537863,0.3895264267921448,True,0.0036853596832338575
BBOB_F49,124,0.02479425865245625,0.024794258177280426,False,4.751758223009439e-10
BBOB_F49,125,0.022390948874097177,0.1684073805809021,False,-0.14601643170680492
BBOB_F49,126,0.01996360864414093,0.24287839233875275,False,-0.22291478369461182
BBOB_F49,127,0.29404155929418535,0.2924495041370392,True,0.001592055157146166
BBOB_F49,128,0.03431923712129534,0.03431926295161247,False,-2.5830317135211445e-08
BBOB_F49,129,0.2234626663143383,0.22094960510730743,True,0.0025130612070308755
BBOB_F49,130,0.018294865673876066,0.03999948874115944,False,-0.021704623067283373
BBOB_F49,131,0.21949100168318025,0.219491109251976,False,-1.075687957596827e-07
BBOB_F49,132,0.03757134331046717,0.03757081553339958,False,5.277770675909954e-07
BBOB_F49,133,0.026408347296294227,0.026408348232507706,False,-9.362134782697762e-10
BBOB_F49,134,0.1079355766249343,0.10581188648939133,True,0.002123690135542977
BBOB_F49,135,0.019919947738848635,0.036637067794799805,False,-0.01671712005595117
BBOB_F49,136,0.08917316064874517,0.08917257189750671,False,5.887512384561422e-07
BBOB_F49,137,0.19017096549281454,0.18685244023799896,True,0.003318525254815574
BBOB_F49,138,0.03666375928545669,0.03666365519165993,False,1.0409379676279418e-07
BBOB_F49,139,0.11293058403903888,0.10979337245225906,True,0.00313721158677982
BBOB_F49,140,0.041856304234647465,0.0418563038110733,False,4.235741618563438e-10
BBOB_F49,141,0.13292801133041277,0.13015614449977875,True,0.0027718668306340177
BBOB_F49,142,0.20931118561887263,0.2080731838941574,True,0.0012380017247152209
BBOB_F49,143,0.21989473499345213,0.21989473700523376,False,-2.0117816301734592e-09
BBOB_F49,144,0.29469595797013975,0.29469597339630127,False,-1.5426161514842107e-08
BBOB_F49,145,0.14698704157266912,0.14469969272613525,True,0.0022873488465338654
BBOB_F49,146,0.15734908111411475,0.15615937113761902,True,0.0011897099764957286
BBOB_F49,147,0.03950509548082774,0.03950509428977966,False,1.1910480796073486e-09
BBOB_F49,148,0.14287148335724015,0.1412176489830017,True,0.0016538343742384387
BBOB_F49,149,0.21195743751959845,0.21186573803424835,True,9.169948535009409e-05
BBOB_F49,150,0.11697202825424033,0.11469224840402603,True,0.0022797798502142974
BBOB_F49,151,0.07659044799391666,0.07574966549873352,True,0.0008407824951831427
BBOB_F49,152,0.28336678816063343,0.2829919755458832,True,0.00037481261475025285
BBOB_F49,153,0.04460292138898568,0.04460292309522629,False,-1.706240607135534e-09
BBOB_F49,154,0.1278592528541529,0.12658093869686127,True,0.0012783141572916268
BBOB_F49,155,0.1536463922405828,0.1513335406780243,True,0.0023128515625585044
BBOB_F49,156,0.21801040120355442,0.21760235726833344,True,0.0004080439352209808
BBOB_F49,157,0.28638080662632187,0.286380797624588,False,9.00173385831593e-09
BBOB_F49,158,0.30540477897630347,0.30540478229522705,False,-3.3189235804087502e-09
BBOB_F49,159,0.21855026040137981,0.21830317378044128,True,0.0002470866209385303
BBOB_F49,160,0.22536930957563592,0.22536930441856384,False,5.1570720749349874e-09
BBOB_F49,161,0.19816888304375635,0.19768302142620087,True,0.00048586161755548307
BBOB_F49,162,0.24703631735172815,0.2460119128227234,True,0.0010244045290047632
BBOB_F49,163,0.2685498822246478,0.2685498893260956,False,-7.101447763169233e-09
BBOB_F49,164,0.28399716058190333,0.28399714827537537,False,1.2306527963357183e-08
BBOB_F49,165,0.26502932675587537,0.2649569511413574,True,7.237561451794994e-05
BBOB_F49,166,0.2787864321804589,0.27878642082214355,False,1.1358315343823477e-08
BBOB_F49,167,0.3149761833029141,0.31497618556022644,False,-2.257312337050621e-09
BBOB_F49,168,0.040346955782001336,0.039695218205451965,True,0.0006517375765493702
BBOB_F49,169,0.07447964241540624,0.0737670287489891,True,0.0007126136664171306
BBOB_F49,170,0.022892714315571702,0.02283106930553913,True,6.164501003257106e-05
BBOB_F49,171,0.1629448783436229,0.16294488310813904,False,-4.764516142730102e-09
BBOB_F49,172,0.209425499187116,0.20942549407482147,False,5.11229453215023e-09
BBOB_F49,173,0.21280188349685555,0.21280188858509064,False,-5.0882350832726075e-09
BBOB_F49,174,0.29489554269756224,0.2948955297470093,False,1.2950552963353346e-08
BBOB_F49,175,0.030450758813211975,0.030450759455561638,False,-6.42349663043662e-10
BBOB_F49,176,0.20315121616893092,0.20315121114253998,False,5.026390942353132e-09
BBOB_F49,177,0.21291270645846883,0.21291270852088928,False,-2.062420456638847e-09
BBOB_F49,178,0.18841854656828308,0.18841855227947235,False,-5.711189271506711e-09
BBOB_F49,179,0.2388128959905736,0.2388128936290741,False,2.3614994959508806e-09
BBOB_F49,180,0.10615207368572238,0.10535769909620285,True,0.0007943745895195309
BBOB_F49,181,0.01603079255422204,0.03985157236456871,False,-0.023820779810346672
BBOB_F49,182,0.044378586977635234,0.04437858611345291,False,8.641823229238454e-10
BBOB_F49,183,0.0241874788605198,0.02418747916817665,False,-3.076568513837863e-10
BBOB_F49,184,0.01357846093262554,0.012643370777368546,True,0.0009350901552569943
BBOB_F49,185,0.04739193706942306,0.04739193618297577,False,8.864472905711906e-10
BBOB_F49,186,0.16229328081795077,0.16229328513145447,False,-4.313503693120779e-09
BBOB_F49,187,0.1392858577010445,0.1378309279680252,True,0.0014549297330193056
BBOB_F49,188,-0.000344999318622502,-0.0014251847751438618,True,0.0010801854565213598
BBOB_F49,189,0.16335558403725198,0.16335558891296387,False,-4.87571188978464e-09
BBOB_F49,190,0.1668044092380488,0.16680440306663513,False,6.171413657884983e-09
BBOB_F49,191,0.1432074232357053,0.14320741593837738,False,7.297327908606377e-09
BBOB_F49,192,0.017882853382557413,0.031918562948703766,False,-0.014035709566146352
BBOB_F49,193,0.014377255853117277,0.01437725592404604,False,-7.092876286307614e-11
BBOB_F49,194,0.0421867753155723,0.04164760932326317,True,0.0005391659923091319
BBOB_F49,195,0.16992415781541437,0.16992415487766266,False,2.9377517085649174e-09
BBOB_F49,196,0.16812042253324544,0.16812042891979218,False,-6.386546735903664e-09
BBOB_F49,197,0.17679609578660194,0.176796093583107,False,2.2034949420657313e-09
BBOB_F49,198,0.03588522587651122,0.03588522598147392,False,-1.0496270519411155e-10
BBOB_F49,199,0.15402243354389977,0.1540224403142929,False,-6.770393135013819e-09
BBOB_F49,200,0.019055504704945925,0.019055504351854324,False,3.5309160109631144e-10
BBOB_F49,201,0.22064772241277214,0.22064772248268127,False,-6.99091340372604e-11
BBOB_F49,202,0.2333969504513277,0.23339694738388062,False,3.0674470741232085e-09
BBOB_F49,203,0.02052343753695688,0.05616224929690361,False,-0.03563881175994673
BBOB_F49,204,0.08786700038706236,0.08786699920892715,False,1.1781352005080237e-09
BBOB_F49,205,0.14303021055436682,0.14303021132946014,False,-7.75093322857856e-10
BBOB_F49,206,0.0013471214978154553,0.001347121549770236,False,-5.195478075536997e-11
BBOB_F49,207,0.02895475700242149,0.028954757377505302,False,-3.750838112326349e-10
BBOB_F49,208,0.21866014106959664,0.2186601459980011,False,-4.92840446231213e-09
BBOB_F49,209,0.0171733965641839,0.017173396423459053,False,1.407248484408541e-10
BBOB_F49,210,0.03570254667083031,0.03541596606373787,True,0.0002865806070924404
BBOB_F49,211,0.18499520541190165,0.18499520421028137,False,1.2016202755038563e-09
BBOB_F49,212,0.03580901796442159,0.03580901771783829,False,2.4658330238791493e-10
BBOB_F49,213,0.2085505604298004,0.2085505574941635,False,2.93563690023646e-09
BBOB_F49,214,0.022962526385036125,0.022962525486946106,False,8.980900190191932e-10
BBOB_F49,215,0.10906826330226951,0.10906825959682465,False,3.70544486760771e-09
BBOB_F49,216,0.09712073882613198,0.0971207395195961,False,-6.934641194611402e-10
BBOB_F49,217,0.03712921429961145,0.036402780562639236,True,0.000726433736972211
BBOB_F49,218,0.03853058290164625,0.038530584424734116,False,-1.5230878641636636e-09
BBOB_F49,219,0.1886860723607077,0.1886860728263855,False,-4.656778018752306e-10
BBOB_F49,220,0.019443585282003753,0.019443584606051445,False,6.759523080157592e-10
BBOB_F49,221,0.07164075637824663,0.07164075970649719,False,-3.328250564038626e-09
BBOB_F49,222,0.028210649584016867,0.028210649266839027,False,3.1717783954832157e-10
BBOB_F49,223,0.031604034656826825,0.03141405060887337,True,0.00018998404795345786
BBOB_F49,224,0.1199736757163101,0.11981695145368576,True,0.00015672426262433592
BBOB_F49,225,0.11773177545130606,0.11767461895942688,True,5.715649187917893e-05
BBOB_F49,226,0.12941450149661882,0.12941449880599976,False,2.690619060885524e-09
BBOB_F49,227,0.09373925369286273,0.09373925626277924,False,-2.5699165018266967e-09
BBOB_F49,228,0.023327710769954463,0.02332771010696888,False,6.6298558309974e-10
BBOB_F49,229,0.16080956242834515,0.16080956161022186,False,8.181232913351266e-10
BBOB_F49,230,0.07614565493676147,0.07614565640687943,False,-1.4701179579246215e-09
BBOB_F49,231,0.1366596392515322,0.136659637093544,False,2.1579882047984e-09
BBOB_F49,232,0.16846367632019082,0.16846367716789246,False,-8.477016311125851e-10
BBOB_F49,233,0.02376341060159759,0.02376341074705124,False,-1.4545364912521563e-10
BBOB_F49,234,0.10152372993403348,0.10152372717857361,False,2.7554598741597047e-09
BBOB_F49,235,0.016439944421448582,0.01643994450569153,False,-8.424294595243964e-11
BBOB_F49,236,0.023059415418122606,0.023059414699673653,False,7.184489531075755e-10
BBOB_F49,237,0.14350916030278948,0.1435091644525528,False,-4.149763310756782e-09
BBOB_F49,238,0.016300210615917035,0.01630021072924137,False,-1.1332433602628811e-10
BBOB_F49,239,0.1360067611896853,0.13600675761699677,False,3.5726885339038006e-09
BBOB_F49,240,0.014123710516990337,0.014123710803687572,False,-2.86697235396538e-10
BBOB_F49,241,0.1815354079875811,0.18153540790081024,False,8.677086826835989e-11
BBOB_F49,242,0.02583521319776351,0.025790665298700333,True,4.454789906317702e-05
BBOB_F49,243,0.216837871192674,0.21683786809444427,False,3.098229728326629e-09
BBOB_F49,244,0.017383811612060707,0.017383811995387077,False,-3.833263706454204e-10
BBOB_F49,245,0.07565273605214479,0.07565273344516754,False,2.6069772451897677e-09
BBOB_F49,246,0.1370134445031954,0.13701345026493073,False,-5.761735338838392e-09
BBOB_F49,247,0.07115222890327233,0.0711522325873375,False,-3.6840651640446254e-09
BBOB_F49,248,0.14454586251460266,0.14454586803913116,False,-5.524528501332782e-09
BBOB_F49,249,0.008679104830060076,0.00935435201972723,False,-0.0006752471896671539
BBOB_F49,250,0.09243239704209183,0.09243239462375641,False,2.4183354208062724e-09
BBOB_F49,251,0.1495445168036468,0.14954452216625214,False,-5.362605332015491e-09
BBOB_F49,252,0.1946565262078655,0.19465652108192444,False,5.125941060502015e-09
BBOB_F49,253,0.1575860783148105,0.15758608281612396,False,-4.501313460858469e-09
BBOB_F49,254,0.11782626040861596,0.11782626062631607,False,-2.1770010794064376e-10
BBOB_F49,255,0.14860239326446295,0.14860239624977112,False,-2.9853081673358872e-09
BBOB_F49,256,0.24704514616727594,0.2470451444387436,False,1.7285323450355605e-09
BBOB_F49,257,0.24431030813662197,0.24431030452251434,False,3.6141076242834913e-09
BBOB_F49,258,0.15968645414766808,0.15968646109104156,False,-6.943373487278137e-09
BBOB_F49,259,0.031223776994157675,0.030062370002269745,True,0.0011614069918879297
BBOB_F49,260,0.05620610057246242,0.056206099689006805,False,8.834556142200967e-10
BBOB_F49,261,0.03365287295999256,0.03365287184715271,False,1.1128398480497737e-09
BBOB_F49,262,0.0722472759185883,0.07224727421998978,False,1.6985985257234049e-09
BBOB_F49,263,0.1044549139057502,0.10445491224527359,False,1.6604766034378216e-09
BBOB_F49,264,0.037676270056368526,0.03650248050689697,True,0.001173789549471553
BBOB_F49,265,0.17680243265268242,0.17680242657661438,False,6.076068037597082e-09
BBOB_F49,266,0.022731583399054914,0.022731583565473557,False,-1.6641864275523943e-10
BBOB_F49,267,0.035477650154854656,0.0354776494204998,False,7.343548547034118e-10
BBOB_F49,268,0.12107299777055257,0.1210264042019844,True,4.6593568568162325e-05
BBOB_F49,269,0.1555397540746013,0.15553975105285645,False,3.0217448543368164e-09
BBOB_F49,270,0.03513804428143991,0.03513804450631142,False,-2.248715033625892e-10
BBOB_F49,271,0.21002012026879566,0.21002012491226196,False,-4.643466305909172e-09
BBOB_F49,272,0.18530961709515656,0.18530961871147156,False,-1.6163149985093384e-09
BBOB_F49,273,0.2259887187514361,0.2259887158870697,False,2.8643664107264044e-09
BBOB_F49,274,0.033352045168883585,0.033352043479681015,False,1.689202569488124e-09
BBOB_F49,275,0.013474033857833467,0.013474034145474434,False,-2.8764096660083283e-10
BBOB_F49,276,0.024271968546602615,0.024271968752145767,False,-2.055431519432105e-10
BBOB_F49,277,0.07358105599629315,0.07358105480670929,False,1.1895838619713217e-09
BBOB_F49,278,0.17762362832654505,0.17762362957000732,False,-1.2434622775892024e-09
BBOB_F49,279,0.24555819345012161,0.24555818736553192,False,6.084589693200471e-09
BBOB_F49,280,0.035345359373397424,0.03534536063671112,False,-1.2633136967088454e-09
BBOB_F49,281,0.11781722277205806,0.117817223072052,False,-2.999939463510515e-10
BBOB_F49,282,0.22079407006177376,0.22079406678676605,False,3.27500770946898e-09
BBOB_F49,283,0.23685500431216777,0.23685500025749207,False,4.054675706299804e-09
BBOB_F49,284,0.1036076041373163,0.10360760241746902,False,1.719847278480735e-09
BBOB_F49,285,0.23376754367041647,0.2337675392627716,False,4.40764486020484e-09
BBOB_F49,286,0.14019203258016855,0.14019203186035156,False,7.198169837963064e-10
BBOB_F49,287,0.06859259571725991,0.06859259307384491,False,2.643415000780358e-09
BBOB_F49,288,0.04164305746273269,0.041643064469099045,False,-7.006366355144511e-09
BBOB_F49,289,0.02562131068594399,0.025621309876441956,False,8.095020348486415e-10
BBOB_F49,290,0.13146371494376713,0.13146372139453888,False,-6.450771750099449e-09
BBOB_F49,291,0.10728561738090948,0.10728561878204346,False,-1.4011339727337813e-09
BBOB_F49,292,0.02586087100735683,0.025860870257019997,False,7.503368343320105e-10
BBOB_F49,293,0.14683326890427395,0.14683327078819275,False,-1.8839187987396144e-09
BBOB_F49,294,0.040010885378880694,0.040010884404182434,False,9.746982596037235e-10
BBOB_F49,295,0.0345632370991327,0.03456323593854904,False,1.160583656956149e-09
BBOB_F49,296,0.019415955739428267,0.019415955990552902,False,-2.511246349756746e-10
BBOB_F49,297,0.08126577954546688,0.08126577734947205,False,2.195994830422876e-09
BBOB_F49,298,0.09756699310713274,0.09756699204444885,False,1.0626838853333709e-09
BBOB_F49,299,0.1190869443152038,0.11908694356679916,False,7.484046299355285e-10
BBOB_F49,300,0.025197900177947957,0.02519790083169937,False,-6.537514141147227e-10
BBOB_F49,301,0.19330321550601082,0.1933032125234604,False,2.9825504288538696e-09
BBOB_F49,302,0.10100515618948895,0.10100515931844711,False,-3.1289581620130846e-09
BBOB_F49,303,0.1432990895872706,0.14329908788204193,False,1.7052286804819516e-09
BBOB_F49,304,0.09699547923332326,0.09697363525629044,True,2.184397703282326e-05
BBOB_F49,305,0.18004144998996244,0.18004144728183746,False,2.7081249742710867e-09
BBOB_F49,306,0.06788108313793174,0.06788108497858047,False,-1.8406487306554808e-09
BBOB_F49,307,0.16125512997131497,0.1612551361322403,False,-6.160925325460198e-09
BBOB_F49,308,0.017295410677228583,0.017607485875487328,False,-0.0003120751982587447
BBOB_F49,309,0.030775142137890427,0.030775142833590508,False,-6.957000808771596e-10
BBOB_F49,310,0.1716077623267768,0.17160776257514954,False,-2.4837273904232404e-10
BBOB_F49,311,0.238579557005709,0.23857955634593964,False,6.597693502641278e-10
BBOB_F49,312,0.016042076732295393,0.0160420760512352,False,6.81060194351879e-10
BBOB_F49,313,0.16971310203072765,0.16889628767967224,True,0.000816814351055406
BBOB_F49,314,0.01582706850233208,0.01582706905901432,False,-5.566822419700301e-10
BBOB_F49,315,0.19056746023327067,0.19023828208446503,True,0.0003291781488056478
BBOB_F49,316,0.09537031016139044,0.09537030756473541,False,2.596655029885042e-09
BBOB_F49,317,0.15887332478901883,0.1588733196258545,False,5.163164340515891e-09
BBOB_F49,318,0.01647481073368709,0.016474811360239983,False,-6.265528929016995e-10
BBOB_F49,319,0.024932752926348146,0.02352873608469963,True,0.0014040168416485158
BBOB_F49,320,0.04667909277111952,0.046679094433784485,False,-1.6626649640416602e-09
BBOB_F49,321,0.021643128907671574,0.021643128246068954,False,6.616026199113278e-10
BBOB_F49,322,0.17132070328440416,0.17132070660591125,False,-3.3215070971426286e-09
BBOB_F49,323,0.24528491748499381,0.24528491497039795,False,2.5145958648664646e-09
BBOB_F49,324,0.19524909242781113,0.19524909555912018,False,-3.1313090453899406e-09
BBOB_F49,325,0.22572312757503696,0.22572313249111176,False,-4.916074797245429e-09
BBOB_F49,326,0.014730969816944332,0.01335050817579031,True,0.0013804616411540217
BBOB_F49,327,-0.04750807204213811,-0.04750807210803032,False,6.58922083562885e-11
BBOB_F49,328,-0.05672591950415301,-0.056725919246673584,False,-2.5747942666853874e-10
BBOB_F49,329,-0.0522209373610083,-0.05222093686461449,False,-4.963938149415981e-10
BBOB_F49,330,0.02753441168620655,0.02753441222012043,False,-5.339138783866382e-10
BBOB_F49,331,-0.019619367368587798,-0.019619368016719818,False,6.481320202755825e-10
BBOB_F49,332,-0.049967595360385975,-0.04996759444475174,False,-9.156342350991054e-10
BBOB_F49,333,-0.0436510625456403,-0.04365106299519539,False,4.495550876004728e-10
BBOB_F49,334,0.021378558891780614,0.02137855812907219,False,7.627084241956794e-10
BBOB_F49,335,-0.053525552566625834,-0.05352555215358734,False,-4.1303849229734624e-10
BBOB_F49,336,-0.06999244278247177,-0.06999244540929794,False,2.6268261732464993e-09
BBOB_F49,337,-0.06143641717572254,-0.06143641844391823,False,1.2681956873539235e-09
BBOB_F49,338,-0.04336990002676283,-0.043369900435209274,False,4.084464433340429e-10
BBOB_F49,339,-0.017718001611173984,-0.017718002200126648,False,5.889526644153875e-10
BBOB_F49,340,-0.022087709648845266,-0.022087709978222847,False,3.2937758076556634e-10
BBOB_F49,341,0.02593633811728589,0.025936784222722054,False,-4.461054361644401e-07
BBOB_F49,342,0.017359030760184406,0.01735903136432171,False,-6.041373026843821e-10
BBOB_F49,343,-0.06731651401576694,-0.06731651723384857,False,3.2180816345039887e-09
BBOB_F49,344,-0.03916323749174461,-0.03916323930025101,False,1.8085064001915896e-09
BBOB_F49,345,-0.03841339942879904,-0.0384133979678154,False,-1.4609836396228815e-09
BBOB_F49,346,-0.026675738171644925,-0.026675738394260406,False,2.2261548160429356e-10
BBOB_F49,347,-0.01230787454645349,-0.012307874858379364,False,3.1192587401918104e-10
BBOB_F49,348,-0.04246508954140832,-0.04246509075164795,False,1.2102396307334118e-09
BBOB_F49,349,-0.049988608182084976,-0.04998860880732536,False,6.252403872419876e-10
BBOB_F49,350,0.027374272765039405,0.027374273166060448,False,-4.01021042761851e-10
BBOB_F49,351,-0.058303843081982054,-0.058303844183683395,False,1.1017013412661925e-09
BBOB_F49,352,0.019620626726954513,0.019620627164840698,False,-4.3788618564466475e-10
BBOB_F49,353,0.02248870389132454,0.022488703951239586,False,-5.991504514746282e-11
BBOB_F49,354,0.03411022333311304,0.03396523371338844,True,0.00014498961972459617
BBOB_F49,355,-0.04073606238198901,-0.040736060589551926,False,-1.7924370876443163e-09
BBOB_F49,356,0.01302506797120255,0.013025067746639252,False,2.2456329851205936e-10
BBOB_F49,357,-0.04040620356676686,-0.040406204760074615,False,1.1933077581627316e-09
BBOB_F49,358,0.018387726814938943,0.018387727439403534,False,-6.244645911479552e-10
BBOB_F49,359,-0.07754400158916508,-0.07754400372505188,False,2.1358868007581577e-09
BBOB_F49,360,-0.04273064466522031,-0.04273064434528351,False,-3.199367992756663e-10
BBOB_F49,361,-0.05548371109265335,-0.05548371002078056,False,-1.071872784974559e-09
BBOB_F49,362,-0.03940382649291313,-0.039403825998306274,False,-4.946068554723126e-10
BBOB_F49,363,-0.020648502584273143,-0.020648501813411713,False,-7.708614302437411e-10
BBOB_F49,364,-0.062069643398275504,-0.062069643288850784,False,-1.0942471928565567e-10
BBOB_F49,365,-0.02475504501568876,-0.024755045771598816,False,7.559100567711141e-10
BBOB_F49,366,-0.06801287452467081,-0.06801287084817886,False,-3.6764919442155986e-09
BBOB_F49,367,-0.039714082736426876,-0.039714083075523376,False,3.3909650087871057e-10
BBOB_F49,368,-0.05420951347204728,-0.05420951172709465,False,-1.7449526268364934e-09
BBOB_F49,369,-0.03959533417096006,-0.039595335721969604,False,1.5510095430215642e-09
BBOB_F49,370,-0.029153479261419757,-0.029153479263186455,False,1.7666978990860116e-12
BBOB_F49,371,0.026550136655221997,0.026550136506557465,False,1.4866453207362795e-10
BBOB_F49,372,-0.012836301085301122,-0.012836300767958164,False,-3.1734295746765895e-10
BBOB_F49,373,-0.038103868691197446,-0.0381038673222065,False,-1.3689909483804996e-09
BBOB_F49,374,-0.07213942077799529,-0.07213941961526871,False,-1.1627265816827048e-09
BBOB_F49,375,-0.028464945340181624,-0.028464945033192635,False,-3.069889897844291e-10
BBOB_F49,376,0.007116771840852416,0.005698765628039837,True,0.0014180062128125795
BBOB_F49,377,0.027004683155840342,0.027004683390259743,False,-2.3441940055768384e-10
BBOB_F49,378,-0.045287390756814205,-0.04528738930821419,False,-1.4486000177171832e-09
BBOB_F49,379,-0.06661575434220918,-0.0666157528758049,False,-1.4664042757850382e-09
BBOB_F49,380,0.029425309086803048,0.028941171243786812,True,0.00048413784301623575
BBOB_F49,381,-0.10174019240478066,-0.10174018889665604,False,-3.5081246241297492e-09
BBOB_F49,382,0.020345303187124103,0.020345302298665047,False,8.884590563251749e-10
BBOB_F49,383,0.025070947180126153,0.025070946663618088,False,5.165080654845333e-10
BBOB_F49,384,-0.039675731565229355,-0.03967573121190071,False,-3.5332864412040976e-10
BBOB_F49,385,-0.04109336419010842,-0.0410933643579483,False,1.6783988088242552e-10
BBOB_F49,386,-0.02070261253430375,-0.020702611654996872,False,-8.793068773105261e-10
BBOB_F49,387,0.018519516665856897,0.019282514229416847,False,-0.0007629975635599501
BBOB_F49,388,-0.03231783376475679,-0.03231783211231232,False,-1.652444472921566e-09
BBOB_F49,389,-0.03511514585243364,-0.03511514514684677,False,-7.055868667116272e-10
BBOB_F49,390,0.03007035600097402,0.030070355162024498,False,8.389495209648601e-10
BBOB_F49,391,-0.027995302041313175,-0.02799530141055584,False,-6.307573352515305e-10
BBOB_F49,392,0.03099652712280221,0.030799804255366325,True,0.0001967228674358834
BBOB_F49,393,0.02429312067930199,0.02429678663611412,False,-3.665956812129445e-06
BBOB_F49,394,-0.048747228252863095,-0.0487472265958786,False,-1.6569844940583778e-09
BBOB_F49,395,-0.06117490269228232,-0.0611749030649662,False,3.726838837536661e-10
BBOB_F49,396,-0.007985245988695044,-0.007985246367752552,False,3.7905750760458545e-10
BBOB_F49,397,-0.055629283360979984,-0.055663738399744034,True,3.4455038764050205e-05
BBOB_F49,398,-0.03438377526232905,-0.03438377380371094,False,-1.4586181151798883e-09
BBOB_F49,399,0.009921880654918183,0.009939447045326233,False,-1.7566390408049748e-05
BBOB_F49,400,0.021560695518784225,0.02156069502234459,False,4.964396359274925e-10
BBOB_F49,401,-0.008694945251764619,-0.008694944903254509,False,-3.485101096600829e-10
BBOB_F49,402,-0.043673026478605326,-0.04367302730679512,False,8.281897945217054e-10
BBOB_F49,403,-0.008822908149861863,-0.008822907693684101,False,-4.5617776223139117e-10
BBOB_F49,404,-0.04366111034166131,-0.04366111010313034,False,-2.3853097275150503e-10
BBOB_F49,405,-0.06416957355663339,-0.06416957080364227,False,-2.752991112853209e-09
BBOB_F49,406,-0.046706194125628764,-0.046706195920705795,False,1.7950770314634212e-09
BBOB_F49,407,0.011143642373671707,0.011143642477691174,False,-1.0401946665128392e-10
BBOB_F49,408,-0.05096168822375918,-0.0509616881608963,False,-6.286288156687192e-11
BBOB_F49,409,0.021420369068835293,0.021420368924736977,False,1.4409831661232886e-10
BBOB_F49,410,-0.01954988960932047,-0.019549889490008354,False,-1.1931211574278677e-10
BBOB_F49,411,-0.06439276877008632,-0.06439276784658432,False,-9.235019970965652e-10
BBOB_F49,412,-0.03937649033456983,-0.03937648981809616,False,-5.164736693874517e-10
BBOB_F49,413,-0.02654515509277755,-0.02654515579342842,False,7.00650870655295e-10
BBOB_F49,414,-0.045079160054941725,-0.04507916048169136,False,4.2674963562916446e-10
BBOB_F49,415,0.037181189788858246,0.0370589978992939,True,0.00012219188956434646
BBOB_F49,416,0.013767600704779281,0.013767600990831852,False,-2.860525705195016e-10
BBOB_F49,417,-0.05223888607997648,-0.052238885313272476,False,-7.667040058390029e-10
BBOB_F49,418,-0.032228238798023695,-0.03222823888063431,False,8.261061279490889e-11
BBOB_F49,419,-0.0403298981703879,-0.04032989963889122,False,1.4685033189465457e-09
BBOB_F49,420,-0.02266866745614915,-0.022668667137622833,False,-3.185263164340313e-10
BBOB_F49,421,0.02264865958774897,0.022648660466074944,False,-8.783259744515881e-10
BBOB_F49,422,-0.06132301489394573,-0.06132301315665245,False,-1.7372932814563313e-09
BBOB_F49,423,-0.05559825994244723,-0.05559825897216797,False,-9.702792597154897e-10
BBOB_F49,424,-0.039058271422817537,-0.03909498080611229,True,3.670938329475293e-05
BBOB_F49,425,0.02560994117861637,0.02560994029045105,False,8.881653190684347e-10
BBOB_F49,426,-0.0028344023232293736,-0.002834402257576585,False,-6.565278876102809e-11
BBOB_F49,427,-0.06177956642548427,-0.06177956610918045,False,-3.163038164721854e-10
BBOB_F49,428,-0.05814420580445272,-0.05814420431852341,False,-1.4859293101521232e-09
BBOB_F49,429,-0.05839887138210209,-0.05849717557430267,True,9.830419220058229e-05
BBOB_F49,430,-0.008937313659924145,-0.008937313221395016,False,-4.38529129676013e-10
BBOB_F49,431,-0.0614984693629097,-0.06149847060441971,False,1.2415100059115503e-09
BBOB_F49,432,-0.05830512956162745,-0.058305129408836365,False,-1.5279108533938768e-10
BBOB_F49,433,-0.05035156928400131,-0.050351567566394806,False,-1.7176065014723463e-09
BBOB_F49,434,-0.06310286543327633,-0.06314144283533096,True,3.8577402054637555e-05
BBOB_F49,435,-0.03621951883271418,-0.0362195186316967,False,-2.0101748043899192e-10
BBOB_F49,436,0.0017544864440053529,0.016216866672039032,False,-0.014462380228033679
BBOB_F49,437,-0.07007161894713029,-0.07007161527872086,False,-3.6684094373296006e-09
BBOB_F49,438,-0.054406786169971286,-0.0544067844748497,False,-1.695121584766035e-09
BBOB_F49,439,0.004840463664986389,0.004840463865548372,False,-2.0056198368756384e-10
BBOB_F49,440,-0.03535816691512389,-0.03535816818475723,False,1.2696333429040862e-09
BBOB_F49,441,-0.05915530310997244,-0.05915530398488045,False,8.749080071535076e-10
BBOB_F49,442,-0.023292197102817686,-0.023292196914553642,False,-1.8826404324379098e-10
BBOB_F49,443,0.014013236550159361,0.015636244788765907,False,-0.0016230082386065464
BBOB_F49,444,-0.041261992402238046,-0.04126199334859848,False,9.463604344617238e-10
BBOB_F49,445,-0.04587995722751545,-0.04587995633482933,False,-8.926861194691327e-10
BBOB_F49,446,0.02786407931685172,0.027864079922437668,False,-6.055859494424887e-10
BBOB_F49,447,-0.0377977807142858,-0.03779778257012367,False,1.8558378722666191e-09
BBOB_F49,448,0.02943727221016864,0.029437271878123283,False,3.3204535648811984e-10
BBOB_F49,449,-0.006670220164449292,-0.006670220289379358,False,1.24930066291995e-10
BBOB_F49,450,-0.05535221976308577,-0.05535221844911575,False,-1.313970016125765e-09
BBOB_F49,451,-0.07742247133734581,-0.07742246985435486,False,-1.4829909522617868e-09
BBOB_F49,452,-0.08741516757927387,-0.0874151661992073,False,-1.3800665610297358e-09
BBOB_F49,453,0.022820681670621443,0.04817713797092438,False,-0.025356456300302935
BBOB_F49,454,-0.0135943157978069,-0.013594315387308598,False,-4.104983020170039e-10
BBOB_F49,455,-0.03542862415241081,-0.03542862460017204,False,4.477612308706469e-10
BBOB_F49,456,-0.05648384410296589,-0.05648384243249893,False,-1.6704669592026988e-09
BBOB_F49,457,-0.1213880246162781,-0.1213880255818367,False,9.655586052925713e-10
BBOB_F49,458,-0.1170806708915921,-0.1170806735754013,False,2.683809202652654e-09
BBOB_F49,459,-0.04665281275662275,-0.046652812510728836,False,-2.4589391633966784e-10
BBOB_F49,460,-0.039525545742288726,-0.03952554613351822,False,3.912294932462146e-10
BBOB_F49,461,-0.03028824201043806,-0.030288241803646088,False,-2.067919724346723e-10
BBOB_F49,462,-0.013636172685154047,-0.013636172749102116,False,6.394806906229178e-11
BBOB_F49,463,-0.10553751829748761,-0.1055375188589096,False,5.61421992228972e-10
BBOB_F49,464,-0.04699144200161853,-0.046991441398859024,False,-6.027595089719284e-10
BBOB_F49,465,-0.08063346607267446,-0.08063346892595291,False,2.8532784468460193e-09
BBOB_F49,466,0.018968016419323556,0.03123738244175911,False,-0.012269366022435554
BBOB_F49,467,-0.09238894249074132,-0.09238894283771515,False,3.4697382467197e-10
BBOB_F49,468,-0.033310420833051524,-0.0333104208111763,False,-2.187522385455054e-11
BBOB_F49,469,-0.11444115074037667,-0.1144411489367485,False,-1.8036281634881135e-09
BBOB_F49,470,-0.10025254797448693,-0.10025254637002945,False,-1.6044574835394343e-09
BBOB_F49,471,-0.08038844149908062,-0.08038844168186188,False,1.8278126234783088e-10
BBOB_F49,472,-0.06295793168149294,-0.06295793503522873,False,3.353735789080048e-09
BBOB_F49,473,-0.11189868884988322,-0.11189869046211243,False,1.612229211245264e-09
BBOB_F49,474,-0.09226349157472064,-0.09226348996162415,False,-1.6130964897165256e-09
BBOB_F49,475,-0.08177507474692208,-0.08177507668733597,False,1.9404138851264463e-09
BBOB_F49,476,-0.050251383333023536,-0.05025138333439827,False,1.3747336602421e-12
BBOB_F49,477,-0.1123249239914357,-0.11232492327690125,False,-7.145344593784131e-10
BBOB_F49,478,-0.07390039773725163,-0.07390039414167404,False,-3.5955775856688632e-09
BBOB_F49,479,-0.04154831576037102,-0.041548315435647964,False,-3.247230540015522e-10
BBOB_F49,480,-0.07286562065121932,-0.07286562025547028,False,-3.957490446460099e-10
BBOB_F49,481,-0.1151219664822084,-0.11512196809053421,False,1.6083258058685601e-09
BBOB_F49,482,-0.10309083000510075,-0.10309083014726639,False,1.4216564037106139e-10
BBOB_F49,483,-0.03635430213700398,-0.03635430335998535,False,1.2229813689534907e-09
BBOB_F49,484,-0.08756233188975932,-0.08756233006715775,False,-1.8226015696676257e-09
BBOB_F49,485,-0.08583968753783988,-0.08583968877792358,False,1.2400837023918143e-09
BBOB_F49,486,-0.06847198386557096,-0.0684719830751419,False,-7.904290555416082e-10
BBOB_F49,487,-0.06128975759491828,-0.06128975749015808,False,-1.0476020051441992e-10
BBOB_F49,488,-0.10442881046008493,-0.10442881286144257,False,2.401357640513524e-09
BBOB_F49,489,-0.11994177532720794,-0.11994177848100662,False,3.1537986805441065e-09
BBOB_F49,490,-0.10185236397712077,-0.10185236483812332,False,8.610025470368043e-10
BBOB_F49,491,-0.07887042237695946,-0.07887042313814163,False,7.611821728481516e-10
BBOB_F49,492,-0.04362094796488292,-0.04362094774842262,False,-2.1646029413346923e-10
BBOB_F49,493,-0.04230106235003256,-0.04230106249451637,False,1.4448381380205433e-10
BBOB_F49,494,-0.099027501823654,-0.09902749955654144,False,-2.2671125532447434e-09
BBOB_F49,495,-0.07365669934915586,-0.07365670055150986,False,1.2023539941452555e-09
BBOB_F49,496,-0.11558366776300223,-0.11558366566896439,False,-2.09403784590112e-09
BBOB_F49,497,-0.10822851433830424,-0.10822851210832596,False,-2.2299782853618666e-09
BBOB_F49,498,-0.08099344898704491,-0.08099345117807388,False,2.1910289693671814e-09
BBOB_F49,499,-0.10493453460106641,-0.10493453592061996,False,1.3195535497612099e-09
BBOB_F49,500,-0.09705351945731618,-0.09705352038145065,False,9.241344772759064e-10
BBOB_F49,501,-0.05256378873795384,-0.05256379023194313,False,1.493989293388509e-09
BBOB_F49,502,-0.02524350841714125,-0.02524350769817829,False,-7.189629586124013e-10
BBOB_F49,503,-0.02781155817525853,-0.027811558917164803,False,7.419062725277925e-10
BBOB_F49,504,0.009966058654945431,0.011049117892980576,False,-0.0010830592380351445
BBOB_F5,1,0.06642744064718742,0.06637905538082123,True,4.8385266366191004e-05
BBOB_F5,2,-0.3594206440788889,-0.35941281914711,False,-7.824931778921407e-06
BBOB_F5,3,-0.03669470387056972,-0.036814961582422256,True,0.00012025771185253387
BBOB_F5,4,0.07711963619405915,0.07711963355541229,False,2.6386468565675614e-09
BBOB_F5,5,-0.14633379606099772,-0.14631611108779907,False,-1.768497319865059e-05
BBOB_F5,6,0.0010151576884789293,0.0009779022075235844,True,3.725548095534492e-05
BBOB_F5,7,0.0022645318408414106,0.00226031756028533,True,4.214280556080752e-06
BBOB_F5,8,0.018405156442920845,0.018407944589853287,False,-2.788146932442004e-06
BBOB_F5,9,0.06213544193791992,0.061967432498931885,True,0.0001680094389880371
BBOB_F5,10,0.04569054768954578,0.045636169612407684,True,5.437807713809528e-05
BBOB_F5,11,0.03642895370382171,0.03640403226017952,True,2.4921443642189622e-05
BBOB_F5,12,0.07599639263881508,0.07599639147520065,False,1.1636144270354976e-09
BBOB_F5,13,0.06308993422042225,0.06312072277069092,False,-3.078855026866778e-05
BBOB_F5,14,-0.0011946330764972535,-0.001199498656205833,True,4.865579708579482e-06
BBOB_F5,15,0.06599384906519212,0.06599894911050797,False,-5.100045315842294e-06
BBOB_F5,16,-0.06342546190246656,-0.0634254589676857,False,-2.934780862773323e-09
BBOB_F5,17,0.016537159310252125,0.016547752544283867,False,-1.0593234031741616e-05
BBOB_F5,18,-0.008454757658215906,-0.008456610143184662,True,1.8524849687562295e-06
BBOB_F5,19,0.03600795085358627,0.03600795194506645,False,-1.0914801840122834e-09
BBOB_F5,20,0.058090557317610425,0.057567961513996124,True,0.0005225958036143008
BBOB_F5,21,-0.022036156024295095,-0.022036155685782433,False,-3.385126623456358e-10
BBOB_F5,22,0.06207244427923514,0.06207912042737007,False,-6.676148134932003e-06
BBOB_F5,23,0.046454453584521826,0.046454451978206635,False,1.606315191970964e-09
BBOB_F5,24,0.19749083456237373,0.19590768218040466,True,0.0015831523819690718
BBOB_F5,25,0.07211548172453136,0.07211548089981079,False,8.247205696143567e-10
BBOB_F5,26,0.07755993074291967,0.07757413387298584,False,-1.4203130066170466e-05
BBOB_F5,27,-0.05315258306964382,-0.05315258353948593,False,4.698421096627214e-10
BBOB_F5,28,-0.014503171740684495,-0.014503171667456627,False,-7.322786821362115e-11
BBOB_F5,29,0.04928274724879522,0.0492827482521534,False,-1.0033581743229547e-09
BBOB_F5,30,0.04382437192992994,0.043824370950460434,False,9.794695055020952e-10
BBOB_F5,31,0.029820298915134935,0.02983134239912033,False,-1.1043483985395675e-05
BBOB_F5,32,0.030280968618445425,0.03028096817433834,False,4.441070844407591e-10
BBOB_F5,33,0.012132087416056647,0.16429704427719116,False,-0.15216495686113451
BBOB_F5,34,0.05488555950123197,0.054885558784008026,False,7.172239468999919e-10
BBOB_F5,35,0.04799244776166928,0.04796009883284569,True,3.2348928823588974e-05
BBOB_F5,36,0.0022592308412874296,0.002259230939671397,False,-9.838396763939272e-11
BBOB_F5,37,0.17192903718191235,0.1637430042028427,True,0.00818603297906964
BBOB_F5,38,0.04998778079063393,0.0500139445066452,False,-2.6163716011273763e-05
BBOB_F5,39,0.0038499852045923433,0.0037623438984155655,True,8.764130617677779e-05
BBOB_F5,40,0.0172540880711905,0.017254088073968887,False,-2.7783886302756855e-12
BBOB_F5,41,0.058850446402628154,0.22081635892391205,False,-0.1619659125212839
BBOB_F5,42,0.05719097004437895,0.05730695277452469,False,-0.00011598273014573612
BBOB_F5,43,0.020686001150648947,0.02067926898598671,True,6.732164662237583e-06
BBOB_F5,44,0.09728992690758842,0.09846063703298569,False,-0.0011707101253972674
BBOB_F5,45,0.22180829703778057,0.2132854014635086,True,0.008522895574271966
BBOB_F5,46,0.051148963034419015,0.05114865303039551,False,3.1000402350711553e-07
BBOB_F5,47,0.020536276392389086,0.020536275580525398,False,8.118636873888363e-10
BBOB_F5,48,0.05471589832866139,0.05475901439785957,False,-4.311606919818467e-05
BBOB_F5,49,0.03158927914851939,0.031109319999814034,True,0.0004799591487053556
BBOB_F5,50,-0.018488021446485536,-0.018488021567463875,False,1.209783384581442e-10
BBOB_F5,51,0.20192336069802092,0.19284804165363312,True,0.009075319044387797
BBOB_F5,52,0.04268763658385999,0.042687635868787766,False,7.150722236559659e-10
BBOB_F5,53,0.04622010253032549,0.046228811144828796,False,-8.708614503305512e-06
BBOB_F5,54,0.06900024164785898,0.0690169408917427,False,-1.6699243883727677e-05
BBOB_F5,55,0.11070575966628424,0.10809219628572464,True,0.002613563380559597
BBOB_F5,56,0.16442718013630492,0.1572762429714203,True,0.00715093716488463
BBOB_F5,57,0.050944908422473456,0.05094490945339203,False,-1.0309185727308545e-09
BBOB_F5,58,0.0161763233912392,0.01620376482605934,False,-2.7441434820141275e-05
BBOB_F5,59,0.0335551462763749,0.033573415130376816,False,-1.8268854001912693e-05
BBOB_F5,60,0.06236858036273277,0.06236857920885086,False,1.1538819066903017e-09
BBOB_F5,61,0.0081396145823871,0.008156687952578068,False,-1.7073370190967552e-05
BBOB_F5,62,0.07349581505985658,0.23167990148067474,False,-0.15818408642081816
BBOB_F5,63,0.20800649074195077,0.20649069547653198,True,0.0015157952654187845
BBOB_F5,64,0.06880519744532981,0.0688018873333931,True,3.3101119367162646e-06
BBOB_F5,65,0.06439566603956182,0.06299969553947449,True,0.001395970500087329
BBOB_F5,66,0.04805677298268346,0.04805677384138107,False,-8.586976130153801e-10
BBOB_F5,67,0.06479428306160412,0.2295776754617691,False,-0.16478339240016499
BBOB_F5,68,0.07002124891680539,0.0696602538228035,True,0.00036099509400189245
BBOB_F5,69,0.01586736004999706,0.015867359936237335,False,1.1375972386318267e-10
BBOB_F5,70,0.08758525664123401,0.23962771892547607,False,-0.15204246228424206
BBOB_F5,71,0.07647472204286193,0.07526035606861115,True,0.0012143659742507862
BBOB_F5,72,0.06153488916162386,0.06156144291162491,False,-2.6553750001045984e-05
BBOB_F5,73,0.07251137539828775,0.07234247773885727,True,0.00016889765943048363
BBOB_F5,74,0.05975401231147795,0.059754014015197754,False,-1.7037198041247592e-09
BBOB_F5,75,0.07888471819521595,0.07717791199684143,True,0.0017068061983745164
BBOB_F5,76,0.193818468922564,0.19078674912452698,True,0.0030317197980370136
BBOB_F5,77,0.044340644267477414,0.04434064403176308,False,2.35714336938031e-10
BBOB_F5,78,0.04542892575158497,0.045742522925138474,False,-0.0003135971735535037
BBOB_F5,79,0.08025229124192601,0.23731209337711334,False,-0.15705980213518733
BBOB_F5,80,0.07334373316075399,0.20145386457443237,False,-0.12811013141367839
BBOB_F5,81,0.07440792958510348,0.20866383612155914,False,-0.13425590653645567
BBOB_F5,82,0.07834028639854873,0.2173537164926529,False,-0.13901343009410416
BBOB_F5,83,0.05182087091120738,0.19538331031799316,False,-0.14356243940678579
BBOB_F5,84,0.1471895876578446,0.14718958735466003,False,3.031845607903705e-10
BBOB_F5,85,-0.004270729222049574,0.007438231725245714,False,-0.011708960947295288
BBOB_F5,86,0.05081241595064631,0.05058977007865906,True,0.00022264587198725372
BBOB_F5,87,0.2680481801553778,0.2535114586353302,True,0.01453672152004759
BBOB_F5,88,0.06239602924125473,0.06253351271152496,False,-0.00013748347027023322
BBOB_F5,89,0.06419612453134996,0.1849590688943863,False,-0.12076294436303633
BBOB_F5,90,0.06094291039945418,0.20259176194667816,False,-0.14164885154722398
BBOB_F5,91,0.06901120480128461,0.18702299892902374,False,-0.11801179412773913
BBOB_F5,92,0.0058441794326234975,0.3189109265804291,False,-0.3130667471478056
BBOB_F5,93,0.18326573081497965,0.18326576054096222,False,-2.9725982564343667e-08
BBOB_F5,94,0.04289242721234943,0.041682206094264984,True,0.0012102211180844424
BBOB_F5,95,0.18181748971762382,0.18181748688220978,False,2.835414042445805e-09
BBOB_F5,96,0.14303103632254396,0.14303092658519745,False,1.0973734651531508e-07
BBOB_F5,97,0.035958894675245046,0.036220453679561615,False,-0.0002615590043165694
BBOB_F5,98,0.023290778235594833,0.02329077757894993,False,6.566449051170764e-10
BBOB_F5,99,0.08354490335159788,0.08354566246271133,False,-7.591111134547246e-07
BBOB_F5,100,0.33539153651046183,0.33402174711227417,True,0.0013697893981876597
BBOB_F5,101,0.052298551270628255,0.13968069851398468,False,-0.08738214724335643
BBOB_F5,102,0.12101406682303792,0.1210140660405159,False,7.825220194046523e-10
BBOB_F5,103,0.05186729281096353,0.15208081901073456,False,-0.10021352619977103
BBOB_F5,104,0.001649618074092224,0.0016496180323883891,False,4.170383482993145e-11
BBOB_F5,105,0.14547553524332382,0.14533686637878418,True,0.00013866886453964278
BBOB_F5,106,0.07972249826434312,0.07972250133752823,False,-3.0731851091703177e-09
BBOB_F5,107,0.15643558409710565,0.15643557906150818,False,5.035597466784836e-09
BBOB_F5,108,0.0558090944573407,0.1462017297744751,False,-0.0903926353171344
BBOB_F5,109,0.009779257342025394,0.2897752821445465,False,-0.2799960248025211
BBOB_F5,110,0.07958290748177917,0.0719575360417366,True,0.007625371440042564
BBOB_F5,111,0.02077945513871232,0.03986528515815735,False,-0.019085830019445027
BBOB_F5,112,0.13441743451662352,0.1290055364370346,True,0.005411898079588917
BBOB_F5,113,0.15873437553793854,0.15809690952301025,True,0.000637466014928284
BBOB_F5,114,0.014949944590559927,0.1369933933019638,False,-0.12204344871140388
BBOB_F5,115,0.051589160554505936,0.11576076596975327,False,-0.06417160541524733
BBOB_F5,116,-0.006253335927977277,-0.006108437664806843,False,-0.0001448982631704343
BBOB_F5,117,0.1433682303069136,0.14335685968399048,True,1.1370622923112528e-05
BBOB_F5,118,0.004361773347553888,0.13035646080970764,False,-0.12599468746215375
BBOB_F5,119,0.1002168177821178,0.09130394458770752,True,0.008912873194410281
BBOB_F5,120,0.11547988459254718,0.11547988653182983,False,-1.93928265113108e-09
BBOB_F5,121,0.13217163712608387,0.132171630859375,False,6.266708874047566e-09
BBOB_F5,122,0.023658085823311914,0.02672882005572319,False,-0.0030707342324112763
BBOB_F5,123,0.01353455674813242,0.2629305422306061,False,-0.24939598548247366
BBOB_F5,124,0.10222499838101662,0.10222094506025314,True,4.053320763475199e-06
BBOB_F5,125,0.054447154276378765,0.1280454695224762,False,-0.07359831524609743
BBOB_F5,126,0.12335320997591794,0.12335321307182312,False,-3.0959051849910324e-09
BBOB_F5,127,0.019659696330819737,0.02693939208984375,False,-0.007279695759024013
BBOB_F5,128,0.010479612237281805,0.07834912091493607,False,-0.06786950867765426
BBOB_F5,129,0.06942292481112838,0.06942328810691833,False,-3.632957899513123e-07
BBOB_F5,130,0.01719852171732092,0.01588725484907627,True,0.0013112668682446482
BBOB_F5,131,0.07783719239773726,0.07783719152212143,False,8.756158298428574e-10
BBOB_F5,132,0.13038805867172676,0.1302378922700882,True,0.00015016640163856287
BBOB_F5,133,0.0028681237243879942,0.024308230727910995,False,-0.021440107003523
BBOB_F5,134,0.12350169840357551,0.12350169569253922,False,2.7110362982307734e-09
BBOB_F5,135,0.06367212658285211,0.060103852301836014,True,0.0035682742810160956
BBOB_F5,136,0.1307703485368877,0.1307702511548996,False,9.738198811226617e-08
BBOB_F5,137,0.05144402131133646,0.11946659535169601,False,-0.06802257404035955
BBOB_F5,138,0.09349797716060326,0.09318488836288452,True,0.0003130887977187413
BBOB_F5,139,0.055143847629621115,0.12709785997867584,False,-0.07195401234905473
BBOB_F5,140,0.045616960446278484,0.05067160725593567,False,-0.0050546468096571845
BBOB_F5,141,0.134337453831463,0.13433745503425598,False,-1.2027929763291922e-09
BBOB_F5,142,0.06498108332428046,0.06498108804225922,False,-4.7179787576734356e-09
BBOB_F5,143,0.08025514763637409,0.08016793429851532,True,8.721333785877139e-05
BBOB_F5,144,0.005655631254949167,0.022363539785146713,False,-0.016707908530197546
BBOB_F5,145,0.06507783389872637,0.06976931542158127,False,-0.004691481522854896
BBOB_F5,146,0.10103130654655806,0.10103132575750351,False,-1.9210945445546912e-08
BBOB_F5,147,0.09883885681104448,0.09883885830640793,False,-1.4953634441816632e-09
BBOB_F5,148,0.14709082657104547,0.1470908671617508,False,-4.0590705324694554e-08
BBOB_F5,149,0.07401131710727903,0.07401131838560104,False,-1.2783220176837418e-09
BBOB_F5,150,0.12738536237909207,0.12717992067337036,True,0.00020544170572170395
BBOB_F5,151,0.13659702710258137,0.13659702241420746,False,4.688373911321264e-09
BBOB_F5,152,0.14725528893958226,0.14725545048713684,False,-1.6154755458352987e-07
BBOB_F5,153,0.1407635090496906,0.14076350629329681,False,2.7563937798902316e-09
BBOB_F5,154,0.056287501665480674,0.14316816627979279,False,-0.08688066461431211
BBOB_F5,155,0.11326266113350589,0.11326266080141068,False,3.320952124408194e-10
BBOB_F5,156,0.057526416587996204,0.05752641707658768,False,-4.885914728358642e-10
BBOB_F5,157,0.023558678709741432,0.14293348789215088,False,-0.11937480918240945
BBOB_F5,158,0.1923608426803307,0.1921694427728653,True,0.00019139990746541713
BBOB_F5,159,0.0569563357593937,0.05695633590221405,False,-1.4282035276647065e-10
BBOB_F5,160,0.08024828275982367,0.07995032519102097,True,0.00029795756880270086
BBOB_F5,161,0.07800047479136837,0.07800047844648361,False,-3.6551152382546803e-09
BBOB_F5,162,0.025665289550532877,0.13423940539360046,False,-0.10857411584306759
BBOB_F5,163,0.029808453603429985,0.15824127197265625,False,-0.12843281836922626
BBOB_F5,164,0.1544032213106273,0.15440328419208527,False,-6.288145795729783e-08
BBOB_F5,165,0.08545931782700739,0.08545931428670883,False,3.540298554316479e-09
BBOB_F5,166,0.13212931439184922,0.13212931156158447,False,2.830264744790867e-09
BBOB_F5,167,0.22569010619580082,0.22568988800048828,False,2.1819531254019253e-07
BBOB_F5,168,0.08432014081411848,0.08412370085716248,True,0.00019643995695600713
BBOB_F5,169,0.09840967504353333,0.09840967506170273,False,-1.8169396542866423e-11
BBOB_F5,170,0.20143078999214847,0.19642478227615356,True,0.005006007715994909
BBOB_F5,171,0.08871984591176613,0.08871984481811523,False,1.0936508920700305e-09
BBOB_F5,172,0.08039046118072074,0.08039046078920364,False,3.9151709652074373e-10
BBOB_F5,173,0.09683022105750459,0.09683024883270264,False,-2.7775198044310834e-08
BBOB_F5,174,0.007997499684348625,0.18403150141239166,False,-0.17603400172804304
BBOB_F5,175,0.14993407381259583,0.14792491495609283,True,0.0020091588565029905
BBOB_F5,176,0.05614571134864836,0.05614573881030083,False,-2.7461652465921027e-08
BBOB_F5,177,0.08121078295666051,0.08121078461408615,False,-1.6574256411772126e-09
BBOB_F5,178,0.08138833049555286,0.08138833194971085,False,-1.454157988467486e-09
BBOB_F5,179,0.10666325617018872,0.10666326433420181,False,-8.164013090561362e-09
BBOB_F5,180,0.11361324197681791,0.11361324787139893,False,-5.894581017740208e-09
BBOB_F5,181,0.0692258660713404,0.06902103871107101,True,0.00020482736026938841
BBOB_F5,182,0.09394713200872329,0.09394651651382446,False,6.154948988257303e-07
BBOB_F5,183,0.02185971645516012,0.18002861738204956,False,-0.15816890092688946
BBOB_F5,184,0.005115617762585983,0.2826244831085205,False,-0.27750886534593455
BBOB_F5,185,0.09173819189146726,0.09173819422721863,False,-2.3357513700972277e-09
BBOB_F5,186,0.08931168070564126,0.08931168168783188,False,-9.82190620502088e-10
BBOB_F5,187,0.12544386537797483,0.12544386088848114,False,4.4894936934714025e-09
BBOB_F5,188,0.16494120347677785,0.1550372838973999,True,0.009903919579377946
BBOB_F5,189,0.08196871553213325,0.0819682851433754,False,4.3038875785494923e-07
BBOB_F5,190,0.07947128534406034,0.07947128266096115,False,2.6830991872728305e-09
BBOB_F5,191,0.08264214245588528,0.08264214545488358,False,-2.9989982996969644e-09
BBOB_F5,192,0.005059033363686127,0.005059033166617155,False,1.9706897225191256e-10
BBOB_F5,193,0.07152641735123653,0.07133553177118301,True,0.00019088558005352085
BBOB_F5,194,0.025738715776655013,0.10348080843687057,False,-0.07774209266021556
BBOB_F5,195,0.0727311583008022,0.07273115962743759,False,-1.3266353848795376e-09
BBOB_F5,196,0.08431356201088706,0.08431356400251389,False,-1.9916268217956556e-09
BBOB_F5,197,0.07704937589359094,0.0770493745803833,False,1.3132076398525427e-09
BBOB_F5,198,0.04559838576074371,0.044532135128974915,True,0.0010662506317687948
BBOB_F5,199,0.06504403312058947,0.06504403054714203,False,2.5734474412564268e-09
BBOB_F5,200,0.058079683024864465,0.049512360244989395,True,0.00856732277987507
BBOB_F5,201,0.012248534540650058,0.19358523190021515,False,-0.1813366973595651
BBOB_F5,202,0.18792237284546726,0.1870042085647583,True,0.0009181642807089552
BBOB_F5,203,0.10032758308750789,0.09680642187595367,True,0.0035211612115542135
BBOB_F5,204,0.10809877632775441,0.10803554952144623,True,6.322680630818645e-05
BBOB_F5,205,0.08765343328475808,0.08765343576669693,False,-2.481938848886145e-09
BBOB_F5,206,0.00017903686025069754,0.163365438580513,False,-0.1631864017202623
BBOB_F5,207,0.06561528968903729,0.06535953283309937,True,0.0002557568559379275
BBOB_F5,208,0.07291720290205107,0.07291720062494278,False,2.27710829359129e-09
BBOB_F5,209,0.07483013560885735,0.07483012974262238,False,5.866234970008932e-09
BBOB_F5,210,0.042441588441958666,0.04244158789515495,False,5.468037134193082e-10
BBOB_F5,211,0.057172273336342005,0.057172272354364395,False,9.81977610337026e-10
BBOB_F5,212,0.11036306797654605,0.1087801605463028,True,0.0015829074302432522
BBOB_F5,213,0.1323483933650591,0.13234838843345642,False,4.931602681779168e-09
BBOB_F5,214,0.09124436913824426,0.09124436974525452,False,-6.070102614996742e-10
BBOB_F55,1,0.2906446869901964,0.29064467549324036,False,1.149695605384693e-08
BBOB_F55,2,0.11938249194418737,0.10569113492965698,True,0.013691357014530392
BBOB_F55,3,-0.03282734363584594,-0.03321320563554764,True,0.00038586199970169766
BBOB_F55,4,0.09355923502882657,0.09363191574811935,False,-7.268071929278364e-05
BBOB_F55,5,0.05298692054296661,0.04984838142991066,True,0.0031385391130559492
BBOB_F55,6,0.020737197853541334,0.017932837828993797,True,0.0028043600245475364
BBOB_F55,7,-0.24084409454581945,-0.24084410071372986,False,6.16791040464193e-09
BBOB_F55,8,-0.05145236317483204,-0.05132884159684181,False,-0.00012352157799022656
BBOB_F55,9,0.10009518301000386,0.09889338910579681,True,0.0012017939042070491
BBOB_F55,10,0.12769866777159844,0.12205293029546738,True,0.005645737476131063
BBOB_F55,11,0.11456694654582056,0.10474498569965363,True,0.009821960846166933
BBOB_F55,12,0.20823454744704545,0.20482289791107178,True,0.003411649535973671
BBOB_F55,13,0.12234300255859898,0.12234300374984741,False,-1.19124843322993e-09
BBOB_F55,14,0.018968184825693846,0.01208014227449894,True,0.006888042551194906
BBOB_F55,15,0.197581500357708,0.1974553018808365,True,0.00012619847687150854
BBOB_F55,16,-0.41457506097607155,-0.41457507014274597,False,9.166674419525123e-09
BBOB_F55,17,0.007832627289890315,0.007246838882565498,True,0.0005857884073248165
BBOB_F55,18,0.01966103014461218,0.019148223102092743,True,0.0005128070425194364
BBOB_F55,19,0.05047141064727334,0.050471410155296326,False,4.919770146827318e-10
BBOB_F55,20,0.022271483663790947,0.022591056302189827,False,-0.0003195726383988795
BBOB_F55,21,-0.00068454105367588,-0.0007959811482578516,True,0.00011144009458197157
BBOB_F55,22,0.19200670529075037,0.1920865923166275,False,-7.988702587713448e-05
BBOB_F55,23,0.12323486357854252,0.12281594425439835,True,0.00041891932414417354
BBOB_F55,24,0.2157312415062742,0.2153504639863968,True,0.0003807775198774177
BBOB_F55,25,0.28570044397269606,0.2857004404067993,False,3.565896744550656e-09
BBOB_F55,26,0.31114380262914487,0.30903685092926025,True,0.0021069516998846183
BBOB_F55,27,0.0602209297245383,0.060220930725336075,False,-1.0007977779835642e-09
BBOB_F55,28,0.0314611636645824,0.031461164355278015,False,-6.906956118157836e-10
BBOB_F55,29,0.12584251518446798,0.1259266585111618,False,-8.414332669381963e-05
BBOB_F55,30,0.1858796252895828,0.18587961792945862,False,7.360124176791771e-09
BBOB_F55,31,0.2578011018679528,0.25658220052719116,True,0.0012189013407616356
BBOB_F55,32,0.21416343426237522,0.21416343748569489,False,-3.22331966673417e-09
BBOB_F55,33,0.5765137537910794,0.5742233991622925,True,0.002290354628786906
BBOB_F55,34,0.18874287214142638,0.18874287605285645,False,-3.911430068725963e-09
BBOB_F55,35,0.2328859192151958,0.2326732575893402,True,0.00021266162585559245
BBOB_F55,36,-0.007193078583681567,-0.007193078752607107,False,1.6892554022263084e-10
BBOB_F55,37,0.11708545832989892,0.11708545684814453,False,1.4817543858569593e-09
BBOB_F55,38,0.22348004965295043,0.22348004579544067,False,3.8575097560666904e-09
BBOB_F55,39,0.066825957418857,0.06685864925384521,False,-3.2691834988218815e-05
BBOB_F55,40,0.02922787763147172,0.029227877035737038,False,5.957346838059152e-10
BBOB_F55,41,0.18849356241404336,0.18849356472492218,False,-2.3108788216319454e-09
BBOB_F55,42,0.22205869079905804,0.22205868363380432,False,7.165253723684373e-09
BBOB_F55,43,0.10550877753758914,0.105709969997406,False,-0.00020119245981686795
BBOB_F55,44,0.36059790989912277,0.4532186985015869,False,-0.09262078860246414
BBOB_F55,45,0.17145314950822177,0.171001598238945,True,0.00045155126927676204
BBOB_F55,46,0.26301695183477597,0.2626154124736786,True,0.00040153936109738053
BBOB_F55,47,0.02448062244102467,0.024725111201405525,False,-0.00024448876038085654
BBOB_F55,48,0.2362253625283357,0.23622536659240723,False,-4.064071523757207e-09
BBOB_F55,49,0.04458515114227224,0.044585149735212326,False,1.4070599130278083e-09
BBOB_F55,50,-0.027900018646265456,-0.02736024744808674,False,-0.0005397711981787179
BBOB_F55,51,0.2033825014745626,0.20335006713867188,True,3.243433589072975e-05
BBOB_F55,52,0.06641961615642311,0.06641961634159088,False,-1.851677700059895e-10
BBOB_F55,53,0.10514096309713672,0.10508102178573608,True,5.99413114006353e-05
BBOB_F55,54,0.2622817346450862,0.262344092130661,False,-6.235748557481546e-05
BBOB_F55,55,0.18970647968024423,0.18984301388263702,False,-0.00013653420239279068
BBOB_F55,56,0.13832513359766446,0.13832513988018036,False,-6.282515896405272e-09
BBOB_F55,57,0.19876309410666854,0.19876308739185333,False,6.71481520386763e-09
BBOB_F55,58,0.007976780253082572,0.0084762591868639,False,-0.0004994789337813277
BBOB_F55,59,0.14305681879076004,0.14305682480335236,False,-6.012592312920617e-09
BBOB_F55,60,0.3485313649616078,0.3485313653945923,False,-4.3298448160200564e-10
BBOB_F55,61,0.011470673545688204,0.01252365205436945,False,-0.001052978508681246
BBOB_F55,62,0.2139355831261741,0.21296140551567078,True,0.0009741776105033351
BBOB_F55,63,0.3150874628688447,0.3150874674320221,False,-4.563177391503359e-09
BBOB_F55,64,0.22605367088300343,0.22605367004871368,False,8.342897483970546e-10
BBOB_F55,65,0.25340499288275137,0.2534081041812897,False,-3.111298538305274e-06
BBOB_F55,66,0.10246130161529987,0.10266809165477753,False,-0.00020679003947765562
BBOB_F55,67,0.1939801434130849,0.1939394772052765,True,4.066620780840413e-05
BBOB_F55,68,0.2992631860226406,0.2993927597999573,False,-0.00012957377731664943
BBOB_F55,69,0.07481162889452664,0.08631748706102371,False,-0.011505858166497074
BBOB_F55,70,0.2998985313149667,0.42970728874206543,False,-0.12980875742709874
BBOB_F55,71,0.228933873834881,0.22893387079238892,False,3.0424920915983478e-09
BBOB_F55,72,0.11611048684653269,0.11611048877239227,False,-1.9258595829185765e-09
BBOB_F55,73,0.2021072423215634,0.202107235789299,False,6.532264396064136e-09
BBOB_F55,74,0.1350371809469066,0.13511943817138672,False,-8.225722448013117e-05
BBOB_F55,75,0.22858294014025252,0.2285829335451126,False,6.595139906417913e-09
BBOB_F55,76,0.33621460394697467,0.3362146019935608,False,1.953413875099841e-09
BBOB_F55,77,0.34561616125164113,0.3456161618232727,False,-5.716315754078494e-10
BBOB_F55,78,0.10250913976195258,0.10250914096832275,False,-1.2063701704256857e-09
BBOB_F55,79,0.2623123663755903,0.2637152671813965,False,-0.0014029008058061843
BBOB_F55,80,0.23809042322844146,0.4556369483470917,False,-0.21754652511865022
BBOB_F55,81,0.2094978333498429,0.21020981669425964,False,-0.0007119833444167445
BBOB_F55,82,0.23933842415566745,0.42168667912483215,False,-0.1823482549691647
BBOB_F55,83,0.09329930220209709,0.09625129401683807,False,-0.002951991814740984
BBOB_F55,84,0.263758273022923,0.339210569858551,False,-0.07545229683562804
BBOB_F55,85,-0.0007613361947047537,0.5472400784492493,False,-0.548001414643954
BBOB_F55,86,0.08415239361190979,0.08423098176717758,False,-7.858815526778917e-05
BBOB_F55,87,0.06608235468263501,0.5203433632850647,False,-0.4542610086024297
BBOB_F55,88,0.3419678371832075,0.3419678509235382,False,-1.3740330706557558e-08
BBOB_F55,89,0.12292747627807915,0.1229274794459343,False,-3.1678551448699466e-09
BBOB_F55,90,0.12837216763198372,0.1283721625804901,False,5.051493612295843e-09
BBOB_F55,91,0.3341793368245108,0.33417946100234985,False,-1.2417783906704116e-07
BBOB_F55,92,0.029463821153016156,0.5666163563728333,False,-0.5371525352198171
BBOB_F55,93,0.2887703578614448,0.4140692949295044,False,-0.1252989370680596
BBOB_F55,94,0.12564229460855825,0.6541579961776733,False,-0.5285157015691151
BBOB_F55,95,0.1878330530116472,0.1878330558538437,False,-2.842196478169967e-09
BBOB_F55,96,0.16599123850265113,0.4832606017589569,False,-0.3172693632563058
BBOB_F55,97,0.1124117344780815,0.11205379664897919,True,0.0003579378291023172
BBOB_F55,98,0.08564475098578478,0.08479934185743332,True,0.0008454091283514598
BBOB_F55,99,0.13472317727094973,0.13472317159175873,False,5.679191006358053e-09
BBOB_F55,100,-0.02310348574921972,-0.023103484883904457,False,-8.65315263887112e-10
BBOB_F55,101,0.22476386297609072,0.4145427644252777,False,-0.189778901449187
BBOB_F55,102,0.17688119864102153,0.46248874068260193,False,-0.2856075420415804
BBOB_F55,103,0.33204004244710345,0.33204004168510437,False,7.619990749496708e-10
BBOB_F55,104,0.01724096033060707,0.017240960150957108,False,1.7964996157360247e-10
BBOB_F55,105,0.30251242206881457,0.30251240730285645,False,1.4765958122886502e-08
BBOB_F55,106,0.4476053735190172,0.44698566198349,True,0.0006197115355272009
BBOB_F55,107,0.29345602841082263,0.2934560179710388,False,1.0439783815208159e-08
BBOB_F55,108,0.29511164168450654,0.29511165618896484,False,-1.450445830109004e-08
BBOB_F55,109,0.05826924453041349,0.2550828158855438,False,-0.19681357135513033
BBOB_F55,110,0.02205218322367286,0.5038897395133972,False,-0.48183755628972436
BBOB_F55,111,0.038003592799942476,0.5913107991218567,False,-0.5533072063219142
BBOB_F55,112,0.06955389018376079,0.06955388933420181,False,8.495589787216318e-10
BBOB_F55,113,0.22565480569333965,0.42254456877708435,False,-0.1968897630837447
BBOB_F55,114,0.08624443409859495,0.5149359703063965,False,-0.42869153620780154
BBOB_F55,115,0.12984320811453043,0.12994135916233063,False,-9.815104780019901e-05
BBOB_F55,116,0.050534247387606535,0.6344190835952759,False,-0.5838848362076694
BBOB_F55,117,0.4731343322926298,0.4680331349372864,True,0.005101197355343423
BBOB_F55,118,-0.04504255740084118,0.02212444134056568,False,-0.06716699874140686
BBOB_F55,119,0.04436503992793317,0.11211960762739182,False,-0.06775456769945865
BBOB_F55,120,0.3843098401496875,0.3843090534210205,False,7.867286669904772e-07
BBOB_F55,121,0.23740989705002602,0.3218821883201599,False,-0.08447229127013389
BBOB_F55,122,0.12545933431921352,0.4806196093559265,False,-0.355160275036713
BBOB_F55,123,0.017690236247468905,0.6234155893325806,False,-0.6057253530851117
BBOB_F55,124,0.009522813026663579,0.5926989912986755,False,-0.583176178272012
BBOB_F55,125,0.3902706305240695,0.38773849606513977,True,0.0025321344589297468
BBOB_F55,126,0.20433032744382051,0.38457223773002625,False,-0.18024191028620573
BBOB_F55,127,0.0676307270421313,0.12205963581800461,False,-0.05442890877587331
BBOB_F55,128,0.024284195108466577,0.5624357461929321,False,-0.5381515510844656
BBOB_F55,129,0.13259054002196508,0.44379955530166626,False,-0.3112090152797012
BBOB_F55,130,0.05673166948594943,0.5221490263938904,False,-0.46541735690794095
BBOB_F55,131,0.3884435697629669,0.38844355940818787,False,1.0354779034216222e-08
BBOB_F55,132,0.20068567337836685,0.3844309449195862,False,-0.18374527154121933
BBOB_F55,133,0.012577206141300534,0.5965293645858765,False,-0.5839521584445759
BBOB_F55,134,0.3894853165499245,0.389207661151886,True,0.00027765539803853434
BBOB_F55,135,0.04943960258008728,0.5642379522323608,False,-0.5147983496522736
BBOB_F55,136,0.39342808131568685,0.3927236497402191,True,0.0007044315754677344
BBOB_F55,137,0.2060402102166249,0.3970485031604767,False,-0.19100829294385177
BBOB_F55,138,0.3927395277583201,0.39273953437805176,False,-6.619731651724692e-09
BBOB_F55,139,0.38340071471762716,0.3830445408821106,True,0.00035617383551656
BBOB_F55,140,0.34913042027428826,0.34913045167922974,False,-3.1404941480683846e-08
BBOB_F55,141,0.39805440401844283,0.39630162715911865,True,0.0017527768593241788
BBOB_F55,142,0.3909173002447468,0.39091813564300537,False,-8.353982585695974e-07
BBOB_F55,143,0.43915931778720463,0.43780601024627686,True,0.0013533075409277728
BBOB_F55,144,0.02087082812621055,0.6346665024757385,False,-0.613795674349528
BBOB_F55,145,0.3836189930525314,0.38317880034446716,True,0.0004401927080642243
BBOB_F55,146,0.19034956829665134,0.3802304267883301,False,-0.18988085849167874
BBOB_F55,147,0.32961517486281877,0.32961517572402954,False,-8.612107693650728e-10
BBOB_F55,148,0.2413369281958937,0.3933763802051544,False,-0.15203945200926072
BBOB_F55,149,0.18642944190190858,0.34182441234588623,False,-0.15539497044397765
BBOB_F55,150,0.263405761399508,0.36023566126823425,False,-0.09682989986872625
BBOB_F55,151,0.3242854948618576,0.3231797218322754,True,0.0011057730295822021
BBOB_F55,152,0.06007412236834153,0.5427396297454834,False,-0.48266550737714187
BBOB_F55,153,0.5017449784344816,0.5002027153968811,True,0.001542263037600522
BBOB_F55,154,0.23641142887372402,0.4050155282020569,False,-0.16860409932833287
BBOB_F55,155,0.37970126710381225,0.3797006905078888,False,5.76595923451606e-07
BBOB_F55,156,0.33163647540046803,0.3316364586353302,False,1.6765137833552046e-08
BBOB_F55,157,0.5191115605387769,0.5178731679916382,True,0.0012383925471387558
BBOB_F55,158,0.022625815436424668,0.5965117812156677,False,-0.573885965779243
BBOB_F55,159,0.17544181163547964,0.3649132549762726,False,-0.18947144334079294
BBOB_F55,160,0.12361679335493997,0.43786466121673584,False,-0.31424786786179587
BBOB_F55,161,0.3487772032725476,0.34877702593803406,False,1.7733451351809038e-07
BBOB_F55,162,0.09950589717993213,0.5126456618309021,False,-0.41313976465096997
BBOB_F55,163,0.484275985170795,0.4814491868019104,True,0.0028267983688846088
BBOB_F55,164,0.49722005902364913,0.49056702852249146,True,0.006653030501157675
BBOB_F55,165,0.4942575485214525,0.4926965534687042,True,0.0015609950527482597
BBOB_F55,166,0.48316843414329785,0.47771650552749634,True,0.005451928615801516
BBOB_F55,167,0.6158776846918517,0.6086133718490601,True,0.007264312842791609
BBOB_F55,168,0.14561611127516527,0.30337488651275635,False,-0.15775877523759108
BBOB_F55,169,0.2829587110962626,0.2829587161540985,False,-5.057835927857468e-09
BBOB_F55,170,0.041226871949430643,0.5140206813812256,False,-0.47279380943179494
BBOB_F55,171,0.35014122235025463,0.34716275334358215,True,0.0029784690066724795
BBOB_F55,172,0.3185497792012071,0.31808239221572876,True,0.00046738698547832414
BBOB_F55,173,0.3083862064582289,0.3083862066268921,False,-1.6866319452191192e-10
BBOB_F55,174,-0.004746992447434484,0.5575546622276306,False,-0.5623016546750651
BBOB_F55,175,0.0016517441260185395,0.4853838086128235,False,-0.48373206448680495
BBOB_F55,176,0.3474924103495922,0.34437665343284607,True,0.0031157569167461485
BBOB_F55,177,0.3455389688737939,0.34287041425704956,True,0.002668554616744312
BBOB_F55,178,0.3406848833116475,0.33986151218414307,True,0.0008233711275044131
BBOB_F55,179,0.3511784313223118,0.35117843747138977,False,-6.149077969030969e-09
BBOB_F55,180,0.23250111757974468,0.23250111937522888,False,-1.7954842057577025e-09
BBOB_F55,181,0.029646120619165495,0.39504531025886536,False,-0.36539918963969986
BBOB_F55,182,0.1786817961490274,0.17868179082870483,False,5.320322571389369e-09
BBOB_F55,183,0.40727793476229146,0.40645501017570496,True,0.0008229245865865042
BBOB_F55,184,0.44275652435290164,0.4427550435066223,True,1.4808462793225452e-06
BBOB_F55,185,0.17401837209269622,0.17401836812496185,False,3.967734363286013e-09
BBOB_F55,186,0.43343470599566086,0.43343469500541687,False,1.0990243992647919e-08
BBOB_F55,187,0.41129047731291446,0.4086841642856598,True,0.0026063130272546697
BBOB_F55,188,0.3129734637282005,0.3127124607563019,True,0.0002610029718986273
BBOB_F55,189,0.28226925006805903,0.2822692394256592,False,1.0642399850269157e-08
BBOB_F55,190,0.16922940996700178,0.3394581377506256,False,-0.17022872778362383
BBOB_F55,191,0.2651827353136503,0.26511621475219727,True,6.652056145300955e-05
BBOB_F55,192,0.4220412581954125,0.41839858889579773,True,0.0036426692996147647
BBOB_F55,193,0.20781436765728079,0.20781436562538147,False,2.031899315468877e-09
BBOB_F55,194,0.29581845953992714,0.29581981897354126,False,-1.3594336141231622e-06
BBOB_F55,195,0.3740012073317393,0.3740012049674988,False,2.3642405255763776e-09
BBOB_F55,196,0.3714576365706169,0.37047332525253296,True,0.0009843113180839635
BBOB_F55,197,0.45351533235146957,0.4489670395851135,True,0.0045482927663560435
BBOB_F55,198,0.33248095586938675,0.3324809670448303,False,-1.1175443570543564e-08
BBOB_F55,199,0.3454482087095699,0.3412844240665436,True,0.004163784643026303
BBOB_F55,200,0.030133791941232335,0.4197022318840027,False,-0.38956843994277035
BBOB_F55,201,0.5131583394280469,0.505743145942688,True,0.007415193485358906
DTLZ1,1,-0.11214017465524567,-0.11214924603700638,True,9.071381760705766e-06
DTLZ1,2,-0.0794168010701852,-0.079457588493824,True,4.0787423638805054e-05
DTLZ1,3,0.015190571581277484,0.014285878278315067,True,0.0009046933029624171
DTLZ1,4,0.04956274514039469,0.041679251939058304,True,0.007883493201336383
DTLZ1,5,-0.044995892175592744,-0.04499589279294014,False,6.173473954262931e-10
DTLZ1,6,-0.044613563903559805,-0.044613562524318695,False,-1.379241110210927e-09
DTLZ1,7,0.028035922196756574,0.026939477771520615,True,0.0010964444252359595
DTLZ1,8,0.028609104241362343,0.028609104454517365,False,-2.1315502141128206e-10
DTLZ1,9,0.03429873148149129,0.03429873287677765,False,-1.3952863586741415e-09
DTLZ1,10,-0.17495750119794054,-0.1749574989080429,False,-2.28989763262355e-09
DTLZ1,11,0.10277933734044319,0.1027793362736702,False,1.0667729893887312e-09
DTLZ1,12,-0.048679631946208946,-0.048869527876377106,True,0.0001898959301681602
DTLZ1,13,-0.08633784433382008,-0.08633784204721451,False,-2.2866055715553557e-09
DTLZ1,14,-0.24544908061296694,-0.24544908106327057,False,4.503036277192507e-10
DTLZ1,15,-0.023310870003349804,-0.02331087365746498,False,3.6541151771096736e-09
DTLZ1,16,0.07578509898129762,0.07578510046005249,False,-1.4787548685557539e-09
DTLZ1,17,-0.25494457910417945,-0.2549445927143097,False,1.3610130245034213e-08
DTLZ1,18,-0.007947942486602244,-0.013528464362025261,True,0.005580521875423017
DTLZ1,19,0.030738988606262146,0.02985701709985733,True,0.0008819715064048161
DTLZ1,20,0.0036069916688415693,0.002957627410069108,True,0.0006493642587724613
DTLZ1,21,0.002371196187673119,-0.0013768996577709913,True,0.0037480958454441105
DTLZ1,22,-0.005449762718248985,-0.007981371134519577,True,0.002531608416270592
DTLZ1,23,0.068886026669167,0.06886278092861176,True,2.3245740555247196e-05
DTLZ1,24,-0.07502809133523469,-0.07502809166908264,False,3.3384794928537076e-10
DTLZ1,25,-0.022785339384863323,-0.022785339504480362,False,1.1961703849650007e-10
DTLZ1,26,0.006331569694481315,0.004833088256418705,True,0.00149848143806261
DTLZ1,27,0.03992743962460241,0.03766779601573944,True,0.0022596436088629657
DTLZ1,28,-0.08243703945577308,-0.08243703842163086,False,-1.0341422163051561e-09
DTLZ1,29,0.023115862105152624,0.023110872134566307,True,4.989970586316561e-06
DTLZ1,30,-0.06732944981176708,-0.06732945144176483,False,1.6299977478873018e-09
DTLZ1,31,0.04208438109116498,0.042084380984306335,False,1.0685864693105174e-10
DTLZ1,32,-0.22964856583892196,-0.22964856028556824,False,-5.553353721321486e-09
DTLZ1,33,-0.007451114811421439,-0.008381138555705547,True,0.0009300237442841086
DTLZ1,34,-0.15098929159781077,-0.15098929405212402,False,2.454313252631124e-09
DTLZ1,35,0.015358611839198844,0.01464497484266758,True,0.0007136369965312639
DTLZ1,36,0.006113813294719023,0.006113813258707523,False,3.601149933807335e-11
DTLZ1,37,0.021399588059130253,0.011740362271666527,True,0.009659225787463727
DTLZ1,38,0.03531265956529822,0.03542742133140564,False,-0.0001147617661074185
DTLZ1,39,0.05196135848515343,0.048494853079319,True,0.0034665054058344302
DTLZ1,40,-0.009775502761558363,-0.009775502607226372,False,-1.5433199163084055e-10
DTLZ1,41,-0.13048863374406872,-0.13048863410949707,False,3.654283542431358e-10
DTLZ1,42,0.04328693316382334,0.038509566336870193,True,0.00477736682695315
DTLZ1,43,0.07616526679401725,0.07404327392578125,True,0.002121992868236
DTLZ1,44,0.03246713928240759,0.02223566547036171,True,0.01023147381204588
DTLZ1,45,-0.016521586320722398,-0.016521615907549858,False,2.958682746023733e-08
DTLZ1,46,0.016498293778100206,0.016497673466801643,False,6.203112985631032e-07
DTLZ1,47,0.024276664489615768,0.004475683439522982,True,0.019800981050092786
DTLZ1,48,0.04743009753245021,0.04743009805679321,False,-5.243429995749338e-10
DTLZ1,49,-0.11840648670736542,-0.11840648949146271,False,2.7840972860460056e-09
DTLZ1,50,0.032666096023333036,0.03265397250652313,True,1.2123516809903201e-05
DTLZ1,51,0.030524865255534828,0.030415937304496765,True,0.00010892795103806252
DTLZ1,52,0.04061055560481215,0.03735930100083351,True,0.00325125460397864
DTLZ1,53,0.012419744537139954,0.00970934983342886,True,0.0027103947037110943
DTLZ1,54,0.06611149893300187,0.05166969075798988,True,0.014441808175011991
DTLZ1,55,-0.012858706779153739,-0.012858706526458263,False,-2.5269547565542894e-10
DTLZ1,56,0.022947330705303956,0.02294733002781868,False,6.77485276212586e-10
DTLZ1,57,0.012881978486371126,0.0038400248158723116,True,0.009041953670498815
DTLZ1,58,0.0735308659301518,0.07353083789348602,False,2.8036665780661885e-08
DTLZ1,59,-0.010922530070385988,-0.01693297177553177,True,0.00601044170514578
DTLZ1,60,-0.008275832607196776,-0.010241547599434853,True,0.0019657149922380768
DTLZ1,61,0.03331288422026456,0.031740300357341766,True,0.0015725838629227912
DTLZ1,62,-0.059419682885099245,-0.05941968411207199,False,1.2269727456271085e-09
DTLZ1,63,-0.015512838982544852,-0.021147683262825012,True,0.00563484428028016
DTLZ1,64,0.006543500278295339,0.0050168996676802635,True,0.0015266006106150753
DTLZ1,65,0.023588091368645953,0.023141903802752495,True,0.00044618756589345776
DTLZ1,66,-0.007294113254691009,-0.008191179484128952,True,0.0008970662294379428
DTLZ1,67,0.015154633005417015,0.01507276576012373,True,8.186724529328504e-05
DTLZ1,68,-0.0011506306934607469,-0.0027475173119455576,True,0.0015968866184848107
DTLZ1,69,0.002770650239408312,0.00028866471257060766,True,0.0024819855268377045
DTLZ1,70,0.04101672257817604,0.03877412527799606,True,0.002242597300179977
DTLZ1,71,0.005484296142262229,0.004894171841442585,True,0.0005901243008196444
DTLZ1,72,0.0402684258310614,0.017700176686048508,True,0.02256824914501289
DTLZ1,73,0.018630551692714548,0.018630551174283028,False,5.184315199358025e-10
DTLZ1,74,0.017230330189016804,0.017230330035090446,False,1.5392635777100594e-10
DTLZ1,75,0.015619140151969677,0.015619145706295967,False,-5.554326290568845e-09
DTLZ1,76,0.04487011872129279,0.04487011954188347,False,-8.205906787406292e-10
DTLZ1,77,0.03739643463224904,0.01994539052248001,True,0.017451044109769026
DTLZ1,78,0.08765869933575278,0.08765821903944016,False,4.80296312624362e-07
DTLZ1,79,0.016707125572081788,0.012350746430456638,True,0.00435637914162515
DTLZ1,80,-0.03958385624387151,-0.03958385810256004,False,1.858688536415798e-09
DTLZ1,81,0.04124477105823666,0.03809848055243492,True,0.003146290505801737
DTLZ1,82,0.033015166038688676,0.03068258799612522,True,0.0023325780425634546
DTLZ1,83,0.02425175427223672,0.022206395864486694,True,0.0020453584077500253
DTLZ1,84,0.012660915575977871,0.012615334242582321,True,4.558133339555015e-05
DTLZ1,85,0.00615306477775969,0.006028954405337572,True,0.00012411037242211764
DTLZ1,86,0.03835856398394677,0.028056425973773003,True,0.010302138010173767
DTLZ1,87,0.03589267051599693,0.03138166666030884,True,0.004511003855688089
DTLZ1,88,0.0015140682974061764,-0.001766574801877141,True,0.0032806430992833174
DTLZ1,89,0.01885552269680668,0.014692237600684166,True,0.004163285096122515
DTLZ1,90,0.03650043999628157,0.030618105083703995,True,0.005882334912577572
DTLZ1,91,-0.032725319357933214,-0.032725319266319275,False,-9.161393865753098e-11
DTLZ1,92,-0.03006880725622095,-0.030087538063526154,True,1.873080730520338e-05
DTLZ1,93,-0.06943334981402897,-0.06943552196025848,True,2.172146229509342e-06
DTLZ1,94,-0.014687358885855817,-0.014861436560750008,True,0.0001740776748941908
DTLZ1,95,0.0015808087688518602,0.0015808087773621082,False,-8.510248061810444e-12
DTLZ1,96,-0.01489370559540927,-0.01489590760320425,True,2.202007794979699e-06
DTLZ1,97,0.0582879932721045,0.0556737445294857,True,0.0026142487426187994
DTLZ1,98,-0.027505652927334978,-0.027674011886119843,True,0.0001683589587848644
DTLZ1,99,0.025687333194996324,0.025685207918286324,True,2.1252767100007897e-06
DTLZ1,100,0.04595510588009533,0.04025188833475113,True,0.005703217545344204
DTLZ1,101,0.030749843032806173,0.026186605915427208,True,0.004563237117378965
DTLZ1,102,-0.12127654413219066,-0.12128126621246338,True,4.722080272717699e-06
DTLZ1,103,0.009333161226714654,0.008759315125644207,True,0.0005738461010704465
DTLZ1,104,0.024556645572269213,0.021617352962493896,True,0.0029392926097753166
DTLZ1,105,0.0012041260198993042,0.0010646529262885451,True,0.0001394730936107591
DTLZ1,106,-0.0019379330185660126,-0.0027795671485364437,True,0.0008416341299704311
DTLZ1,107,0.05995124470597764,0.056948598474264145,True,0.0030026462317134933
DTLZ1,108,0.0019164484204313575,0.00043604389065876603,True,0.0014804045297725915
DTLZ1,109,-0.027328364362611296,-0.027328364551067352,False,1.884560563158999e-10
DTLZ1,110,0.0016562147018577694,-0.003179803490638733,True,0.004836018192496502
DTLZ1,111,-0.002423934899087002,-0.00300979265011847,True,0.0005858577510314683
DTLZ1,112,-0.013612804202068885,-0.01364972349256277,True,3.691929049388573e-05
DTLZ1,113,-0.02115996461188296,-0.02113395556807518,False,-2.600904380778077e-05
DTLZ1,114,-0.0019138117425524168,-0.0019138117786496878,False,3.6097271005619547e-11
DTLZ1,115,-0.006312752715833994,-0.007530596107244492,True,0.0012178433914104975
DTLZ1,116,-0.02336955815665443,-0.02336955815553665,False,-1.1177794800865115e-12
DTLZ1,117,-0.06289934726463975,-0.06289934366941452,False,-3.595225228636423e-09
DTLZ1,118,-0.03491333182389755,-0.03599010035395622,True,0.0010767685300586693
DTLZ1,119,0.04707004954035943,0.04152670502662659,True,0.00554334451373284
DTLZ1,120,-0.007302340408346722,-0.008707314729690552,True,0.0014049743213438298
DTLZ1,121,0.02121959029469142,0.02122252993285656,False,-2.9396381651392023e-06
DTLZ1,122,-0.0089040139073159,-0.00890401378273964,False,-1.2457626076545214e-10
DTLZ1,123,0.0205787738147217,0.020577961578965187,False,8.122357565143457e-07
DTLZ1,124,0.01861921211188152,0.017146149650216103,True,0.0014730624616654184
DTLZ1,125,0.008518579080475507,0.008132766000926495,True,0.00038581307954901195
DTLZ1,126,-0.029614861411439708,-0.029653646051883698,True,3.878464044398955e-05
DTLZ1,127,0.011955335799515285,0.013554980978369713,False,-0.001599645178854428
DTLZ1,128,0.026887328764789234,0.013766956515610218,True,0.013120372249179016
DTLZ1,129,0.006740493407195805,0.006576344836503267,True,0.00016414857069253774
DTLZ1,130,0.05465810743491062,0.054658107459545135,False,-2.4634516648802673e-11
DTLZ1,131,0.0033343636663571603,0.0021822904236614704,True,0.00115207324269569
DTLZ1,132,-0.08056635577256428,-0.08063838630914688,True,7.20305365825985e-05
DTLZ1,133,-0.02163535173133465,-0.021636778488755226,True,1.4267574205764633e-06
DTLZ1,134,-0.02990327121602985,-0.02990531548857689,True,2.044272547040149e-06
DTLZ1,135,-0.5309962750473871,-0.5550936460494995,True,0.0240973710021124
DTLZ1,136,-0.058752785264841165,-0.05881417542695999,True,6.139016211882675e-05
DTLZ1,137,-1.5026339301063811,-1.5026339292526245,False,-8.53756620955437e-10
DTLZ1,138,-0.0644439278869445,-0.06451550126075745,True,7.157337381294426e-05
DTLZ1,139,-0.4871454610659516,-0.48714545369148254,False,-7.374469035426046e-09
DTLZ1,140,-0.01735848663985967,-0.017358487471938133,False,8.320784616877575e-10
DTLZ1,141,0.01799684080592509,0.01637074537575245,True,0.0016260954301726416
DTLZ1,142,-0.014155986619267785,-0.016099276021122932,True,0.0019432894018551472
DTLZ1,143,0.02327371137620573,0.02621496468782425,False,-0.0029412533116185205
DTLZ1,144,0.0005431501223395058,0.0005431501194834709,False,2.8560348530604074e-12
DTLZ1,145,-0.0005792983136364768,-0.0005781602812930942,False,-1.1380323433826667e-06
DTLZ1,146,-0.0034729573376747064,-0.0035450563300400972,True,7.209899236539086e-05
DTLZ1,147,0.014060091396195809,0.012088745832443237,True,0.0019713455637525718
DTLZ1,148,-0.013198759713824764,-0.013225861825048923,True,2.7102111224159425e-05
DTLZ1,149,-0.02740474684224954,-0.027404746040701866,False,-8.015476754552608e-10
DTLZ1,150,0.002141055230745939,0.0021410551853477955,False,4.5398143577735084e-11
DTLZ1,151,-0.1869827947321477,-0.1869719922542572,False,-1.0802477890509143e-05
DTLZ1,152,-0.0009555691891642813,-0.0010732096852734685,True,0.00011764049610918717
DTLZ1,153,0.020328974884617497,0.020328974351286888,False,5.333306088428635e-10
DTLZ2,1,-0.28806065680960913,-0.2880591154098511,False,-1.5413997580537853e-06
DTLZ2,2,0.09227067412081938,0.09227064996957779,False,2.415124158994253e-08
DTLZ2,3,0.02895536028386958,0.02881810814142227,True,0.00013725214244730832
DTLZ2,4,-0.14454502781038642,-0.1445450335741043,False,5.763717891849041e-09
DTLZ2,5,0.028478248687290902,0.0020769040565937757,True,0.026401344630697127
DTLZ2,6,0.04127545619836254,0.041027333587408066,True,0.00024812261095447097
DTLZ2,7,-0.03426774008656605,-0.034267738461494446,False,-1.6250716050603131e-09
DTLZ2,8,0.05265624974652769,0.05265113338828087,True,5.1163582468205515e-06
DTLZ2,9,0.0024728792883366157,0.0024728793650865555,False,-7.6749939736942e-11
DTLZ2,10,0.006030407069548577,0.006030407268553972,False,-1.9900539549588814e-10
DTLZ2,11,0.06870471993058963,0.06868573278188705,True,1.8987148702576118e-05
DTLZ2,12,-0.10214196848607604,-0.10214196890592575,False,4.1984971055342157e-10
DTLZ2,13,-0.18361253761987162,-0.18361254036426544,False,2.744393823306268e-09
DTLZ2,14,-0.13143419812988383,-0.13143420219421387,False,4.064330039188491e-09
DTLZ2,15,-0.102231090500575,-0.10226704180240631,True,3.595130183131623e-05
DTLZ2,16,-0.015411264311705197,-0.01685705967247486,True,0.0014457953607696639
DTLZ2,17,0.010340542140268028,0.010122761130332947,True,0.00021778100993508076
DTLZ2,18,-0.08811519799497886,-0.08811520040035248,False,2.405373622504925e-09
DTLZ2,19,0.027414048942723257,0.026458635926246643,True,0.0009554130164766139
DTLZ2,20,-0.058519980033231195,-0.05851998180150986,False,1.7682786623840485e-09
DTLZ2,21,-0.048882421445448715,-0.04888242110610008,False,-3.3934863252760294e-10
DTLZ2,22,-0.03956973757909338,-0.03956973925232887,False,1.673235494603631e-09
DTLZ2,23,-0.07186728407376808,-0.07186728715896606,False,3.0851979859747303e-09
DTLZ2,24,0.04037948163908808,0.04037948325276375,False,-1.613675665312897e-09
DTLZ2,25,0.06735354727183825,0.06735902279615402,False,-5.475524315776137e-06
DTLZ2,26,0.03845841206810646,0.038472093641757965,False,-1.3681573651502799e-05
DTLZ2,27,0.06675103661638884,0.06675103306770325,False,3.5486855953781316e-09
DTLZ2,28,0.029633852340692324,0.02963385172188282,False,6.188095036385732e-10
DTLZ2,29,0.00837462459595098,0.0083796801045537,False,-5.055508602719305e-06
DTLZ2,30,0.06286613876648145,0.06286613643169403,False,2.334787418956097e-09
DTLZ2,31,-0.1440485222417801,-0.14404702186584473,False,-1.5003759353815482e-06
DTLZ2,32,-0.11294346617440487,-0.11315950006246567,True,0.00021603388806079593
DTLZ2,33,-0.0511315972192522,-0.05112379416823387,False,-7.803051018329121e-06
DTLZ2,34,-0.021342886158924018,-0.021476509049534798,True,0.00013362289061077948
DTLZ2,35,-0.007426746159826608,-0.007423621602356434,False,-3.1245574701743717e-06
DTLZ2,36,0.04754624545023464,0.04754624515771866,False,2.925159836575375e-10
DTLZ2,37,0.06582512960447584,0.06582512706518173,False,2.5392941083168807e-09
DTLZ2,38,-0.026475323284111424,-0.026485197246074677,True,9.873961963252631e-06
DTLZ2,39,-0.059526036572021435,-0.05952603742480278,False,8.527813455394551e-10
DTLZ2,40,-0.15234385918214569,-0.15234385430812836,False,-4.874017328626579e-09
DTLZ2,41,-0.05114397281282726,-0.05115123093128204,True,7.258118454783746e-06
DTLZ2,42,-0.04813265770853925,-0.04185483977198601,False,-0.006277817936553243
DTLZ2,43,0.01718578480981328,0.01694042794406414,True,0.0002453568657491412
DTLZ2,44,-0.03262127845290569,-0.03262127935886383,False,9.05958141839136e-10
DTLZ2,45,0.05197625446916504,0.05197625607252121,False,-1.6033561700545818e-09
DTLZ2,46,-0.025828240089811744,-0.02582824043929577,False,3.494840250528597e-10
DTLZ2,47,0.038679538128908064,0.03759767487645149,True,0.0010818632524565719
DTLZ2,48,-0.019166136226714148,-0.019145013764500618,False,-2.1122462213529758e-05
DTLZ2,49,-0.04087081398170225,-0.04103875532746315,True,0.00016794134576089692
DTLZ2,50,-0.036279246740454296,-0.03627924621105194,False,-5.294023552870897e-10
DTLZ2,51,-0.00949984813396032,-0.009499847888946533,False,-2.4501378703689625e-10
DTLZ2,52,0.013167509817158224,0.01316750980913639,False,8.021833197702222e-12
DTLZ2,53,0.05492020788250743,0.054956018924713135,False,-3.5811042205707855e-05
DTLZ2,54,0.02704242036722776,0.027042420580983162,False,-2.1375540226742373e-10
DTLZ2,55,0.03217728166449618,0.03217728063464165,False,1.0298545349840538e-09
DTLZ2,56,-0.021559073193618827,-0.02163594774901867,True,7.687455539984178e-05
DTLZ2,57,-0.059798595583648445,-0.05987520143389702,True,7.660585024857336e-05
DTLZ2,58,-0.0942815715380998,-0.09428156912326813,False,-2.414831667962858e-09
DTLZ2,59,-0.03089447538213594,-0.030922112986445427,True,2.763760430948836e-05
DTLZ2,60,0.007688768923228034,0.0076326592825353146,True,5.610964069271973e-05
DTLZ2,61,0.00019294459285948418,0.00013762600428890437,True,5.531858857057981e-05
DTLZ2,62,-0.013659901294364424,-0.01453204546123743,True,0.0008721441668730068
DTLZ2,63,-0.08521436129713472,-0.08562028408050537,True,0.00040592278337064913
DTLZ2,64,-0.03363115215024337,-0.03378478065133095,True,0.00015362850108757709
DTLZ2,65,-0.01822943812650027,-0.018250353634357452,True,2.0915507857183213e-05
DTLZ2,66,-0.034234869990757893,-0.034295160323381424,True,6.029033262353045e-05
DTLZ2,67,0.05882531081566353,0.058825310319662094,False,4.960014343691199e-10
DTLZ2,68,0.0061778711093325445,0.006177871022373438,False,8.695910658218509e-11
DTLZ2,69,0.07234457171566669,0.072344571352005,False,3.636616840996254e-10
DTLZ2,70,-0.044935842805017334,-0.04541768133640289,True,0.0004818385313855589
DTLZ2,71,-0.006550196153980559,-0.0065501960925757885,False,-6.140477015748047e-11
DTLZ2,72,0.01172057104661639,0.010849854908883572,True,0.0008707161377328188
DTLZ2,73,-0.015193677290580326,-0.015355749055743217,True,0.00016207176516289112
DTLZ2,74,0.022788743827847707,0.022788744419813156,False,-5.919654488817372e-10
DTLZ2,75,-0.015220869041465135,-0.017130084335803986,True,0.0019092152943388507
DTLZ2,76,-0.024126988466829286,-0.024379869922995567,True,0.00025288145616628177
DTLZ2,77,-0.033336986584880976,-0.03333698585629463,False,-7.285863440342766e-10
DTLZ2,78,-0.05490964058629913,-0.05494523048400879,True,3.5589897709659146e-05
DTLZ2,79,-0.018169916882204845,-0.018169917166233063,False,2.840282176119757e-10
DTLZ2,80,0.03336613437629379,0.0333661325275898,False,1.848703995444012e-09
DTLZ2,81,-0.014670439153743331,-0.014659054577350616,False,-1.1384576392714507e-05
DTLZ2,82,0.04603766123835017,0.04603766277432442,False,-1.5359742505660634e-09
DTLZ2,83,0.027016067220699172,0.0270293690264225,False,-1.3301805723328619e-05
DTLZ2,84,-0.026243921616689536,-0.02624351903796196,False,-4.025787275763193e-07
DTLZ2,85,0.012764506360731481,0.01274041086435318,True,2.409549637830133e-05
DTLZ2,86,0.04337931402159989,0.04337931424379349,False,-2.22193596854936e-10
DTLZ2,87,-0.06513834117333646,-0.06513766944408417,False,-6.717292522911977e-07
DTLZ2,88,0.005720647197831885,0.005607715807855129,True,0.00011293138997675589
DTLZ2,89,0.030483943307264214,0.030483942478895187,False,8.283690261512433e-10
DTLZ2,90,0.028174646616063614,0.028174646198749542,False,4.173140721874802e-10
DTLZ2,91,0.07975268244909922,0.07938815653324127,True,0.00036452591585794947
DTLZ2,92,0.044337953457538035,0.04433795437216759,False,-9.146295526507586e-10
DTLZ2,93,0.008357331956482222,0.00833688024431467,True,2.0451712167551817e-05
DTLZ2,94,0.05385463145003576,0.05385463312268257,False,-1.6726468127226113e-09
DTLZ2,95,0.017642280678962036,0.017642280086874962,False,5.920870738140849e-10
DTLZ2,96,0.06980339397995695,0.06977785378694534,True,2.5540193011611145e-05
DTLZ2,97,-0.025742430763737723,-0.02699502743780613,True,0.001252596674068407
DTLZ2,98,0.06402616370132877,0.06402616202831268,False,1.6730160867783894e-09
DTLZ2,99,-0.05509772475062025,-0.05541212856769562,True,0.00031440381707537046
DTLZ2,100,0.03983009108226275,0.039507970213890076,True,0.0003221208683726745
DTLZ2,101,0.015985756305147883,0.015600857324898243,True,0.00038489898024964
DTLZ2,102,0.01381309447159941,0.013813094235956669,False,2.356427414307305e-10
DTLZ2,103,-0.0297117265638423,-0.02971324697136879,True,1.520407526489631e-06
DTLZ2,104,0.05834474662461493,0.05834474787116051,False,-1.2465455750954035e-09
DTLZ2,105,0.06177676149780331,0.06177676096558571,False,5.322176033217829e-10
DTLZ2,106,-0.02199766511369816,-0.021997665986418724,False,8.727205624836643e-10
DTLZ2,107,0.01697517634426371,0.016975175589323044,False,7.549406655371627e-10
DTLZ2,108,0.005770113995272774,0.005770113784819841,False,2.1045293285837374e-10
DTLZ2,109,0.04344221965286631,0.0430910587310791,True,0.00035116092178720526
DTLZ2,110,0.044084583118468135,0.04410887882113457,False,-2.429570266643255e-05
DTLZ2,111,0.009053718222044482,0.00905371829867363,False,-7.662914747186278e-11
DTLZ2,112,-0.006257982846534102,-0.006276728119701147,True,1.8745273167045107e-05
DTLZ2,113,0.020960634220160368,0.020071301609277725,True,0.0008893326108826427
DTLZ2,114,-0.04545401131429849,-0.04567841440439224,True,0.00022440309009374992
DTLZ2,115,0.04507427038906234,0.04397222399711609,True,0.0011020463919462486
DTLZ2,116,0.07832765933678408,0.0778515636920929,True,0.00047609564469118515
DTLZ2,117,-0.026039244202413284,-0.02603924460709095,False,4.0467766637686253e-10
DTLZ2,118,-0.02370060050863615,-0.023700600489974022,False,-1.8662127398982875e-11
DTLZ2,119,0.04984083895786984,0.049840837717056274,False,1.2408135630082029e-09
DTLZ2,120,0.01506614182963184,0.015066142193973064,False,-3.6434122385742285e-10
DTLZ2,121,0.026120935692864056,0.024684809148311615,True,0.0014361265445524407
DTLZ2,122,0.021914159216974954,0.02184261940419674,True,7.15398127782152e-05
DTLZ2,123,0.047006841650662365,0.047006841748952866,False,-9.829050073850709e-11
DTLZ2,124,0.05778777405680813,0.059413064271211624,False,-0.0016252902144034964
DTLZ2,125,-0.03736610124260553,-0.037376731634140015,True,1.0630391534482975e-05
DTLZ2,126,0.017199591654189814,0.017179472371935844,True,2.0119282253969195e-05
DTLZ2,127,0.021487341324600714,0.01884746551513672,True,0.0026398758094639957
DTLZ2,128,-0.03722894452161678,-0.03728846088051796,True,5.951635890118212e-05
DTLZ2,129,0.06236996486134545,0.06236996501684189,False,-1.5549643517243084e-10
DTLZ2,130,0.026794504472965927,0.026718029752373695,True,7.64747205922317e-05
DTLZ2,131,-0.03813367739918436,-0.03813367336988449,False,-4.0292998659818835e-09
DTLZ2,132,0.008917572981880492,0.008879994042217731,True,3.757893966276071e-05
DTLZ2,133,0.01264424690426108,0.012337521649897099,True,0.000306725254363982
DTLZ2,134,0.013134006353607106,0.0131295844912529,True,4.421862354206385e-06
DTLZ2,135,0.055890630606230104,0.055890630930662155,False,-3.2443205066901015e-10
DTLZ2,136,-0.01905098966977603,-0.01908387430012226,True,3.288463034623046e-05
DTLZ2,137,-0.003051381335934439,-0.00452170055359602,True,0.001470319217661581
DTLZ2,138,0.07019189521366496,0.07021438330411911,False,-2.2488090454145238e-05
DTLZ2,139,0.017724778624917753,0.01758185587823391,True,0.00014292274668384342
DTLZ2,140,0.06437283629302232,0.06437283754348755,False,-1.2504652313616305e-09
DTLZ2,141,-0.023538688575060418,-0.02369934320449829,True,0.000160654629437873
DTLZ2,142,0.019249916391845784,0.01837482862174511,True,0.0008750877701006743
DTLZ2,143,-0.022380563357934147,-0.022393055260181427,True,1.2491902247280251e-05
DTLZ2,144,-0.019420324075851286,-0.01949271187186241,True,7.238779601112522e-05
DTLZ2,145,0.042456697281914355,0.042456697672605515,False,-3.9069115997936166e-10
DTLZ2,146,0.03150135080271868,0.031501349061727524,False,1.7409911567956016e-09
DTLZ2,147,-0.017851651777357036,-0.017866913229227066,True,1.526145187003003e-05
DTLZ2,148,0.002796908294522074,0.002796908374875784,False,-8.035370979708745e-11
DTLZ2,149,0.010551793061780543,0.01055179350078106,False,-4.39000516494481e-10
DTLZ2,150,0.015838353187549323,0.015825709328055382,True,1.2643859493940979e-05
DTLZ2,151,-0.01128725816690894,-0.011713487096130848,True,0.00042622892922190847
DTLZ2,152,-0.026914634513268546,-0.026944346725940704,True,2.9712212672158844e-05
DTLZ2,153,0.020944083089928803,0.020747113972902298,True,0.00019696911702650477
DTLZ2,154,0.03771560788760672,0.037708453834056854,True,7.1540535498682e-06
DTLZ2,155,0.07528048010700673,0.07485849410295486,True,0.00042198600405186915
DTLZ2,156,0.011182300547964388,0.011182300746440887,False,-1.9847649912474452e-10
DTLZ2,157,0.034160956426349476,0.034160956740379333,False,-3.1402985767314817e-10
DTLZ2,158,-0.02318702117114993,-0.023933755233883858,True,0.0007467340627339281
DTLZ2,159,0.05083157016733757,0.0506058968603611,True,0.0002256733069764677
DTLZ2,160,0.025815303769917808,0.023586923256516457,True,0.0022283805134013512
DTLZ2,161,-0.012317323636398952,-0.01265071053057909,True,0.00033338689418013767
DTLZ2,162,0.0491727706728114,0.05212967097759247,False,-0.002956900304781067
DTLZ2,163,-0.041790443865778806,-0.041876401752233505,True,8.595788645469893e-05
DTLZ2,164,0.019264957563934704,0.019272439181804657,False,-7.481617869953272e-06
DTLZ2,165,0.06465605732539338,0.06465605646371841,False,8.616749674894564e-10
DTLZ2,166,-0.01809008004761936,-0.018090080469846725,False,4.222273641829588e-10
DTLZ2,167,0.054754417434215275,0.05431606248021126,True,0.0004383549540040166
DTLZ2,168,0.020665441451115665,0.02066544070839882,False,7.427168463580713e-10
DTLZ2,169,0.06375557493268752,0.06366442888975143,True,9.114604293608553e-05
DTLZ2,170,0.04375356403796696,0.043841518461704254,False,-8.795442373729645e-05
DTLZ2,171,-0.012752761808323618,-0.012948964722454548,True,0.00019620291413093016
DTLZ2,172,0.019434802186040268,0.01943480223417282,False,-4.8132553498447805e-11
DTLZ2,173,-0.024708450479859596,-0.024810558184981346,True,0.00010210770512174977
DTLZ2,174,-0.008335679586011446,-0.009409603662788868,True,0.0010739240767774216
DTLZ2,175,0.05109857448285112,0.08718171715736389,False,-0.03608314267451277
DTLZ2,176,-0.017817755914490294,-0.017817756161093712,False,2.4660341824134235e-10
DTLZ2,177,-0.015700636789302128,-0.016527697443962097,True,0.0008270606546599696
DTLZ2,178,-0.05393930198777089,-0.05404045060276985,True,0.00010114861499896377
DTLZ2,179,0.04169156824229478,0.04169156774878502,False,4.935097608349537e-10
DTLZ2,180,0.07223191811344479,0.07393725961446762,False,-0.0017053415010228334
DTLZ2,181,0.023889969655954205,0.02382458932697773,True,6.538032897647483e-05
DTLZ2,182,0.03814696895605914,0.0381469689309597,False,2.5099436418152266e-11
DTLZ2,183,0.019431837607512395,0.019431836903095245,False,7.044171496106699e-10
DTLZ2,184,0.022506479279033063,0.022506479173898697,False,1.0513436649040031e-10
DTLZ2,185,0.06083841832447548,0.05921606346964836,True,0.0016223548548271183
DTLZ2,186,0.02265171264226598,0.022651713341474533,False,-6.992085521684288e-10
DTLZ2,187,0.05873061079949447,0.058730609714984894,False,1.0845095793632353e-09
DTLZ2,188,0.05932730044386131,0.059327300637960434,False,-1.9409912566104026e-10
DTLZ2,189,0.020993640968417965,0.020993640646338463,False,3.2207950195761725e-10
DTLZ2,190,-0.04990704639253346,-0.05016029253602028,True,0.0002532461434868183
DTLZ2,191,0.016270988300000233,0.01612253114581108,True,0.00014845715418915217
DTLZ2,192,0.017548301659567556,0.017548302188515663,False,-5.289481075365643e-10
DTLZ2,193,0.019064804080315384,0.018843118101358414,True,0.0002216859789569703
DTLZ2,194,0.06616989998416772,0.06645713001489639,False,-0.00028723003072866904
DTLZ2,195,0.021379090382988297,0.02219746634364128,False,-0.0008183759606529839
DTLZ2,196,0.03280884682819906,0.02882116101682186,True,0.003987685811377199
DTLZ2,197,0.07129565307525282,0.06717032194137573,True,0.004125331133877086
DTLZ2,198,0.07421180536236965,0.0747155249118805,False,-0.0005037195495108393
DTLZ2,199,-0.01866914937332223,-0.01866914890706539,False,-4.662568386937238e-10
DTLZ2,200,-0.009327249978638055,-0.01066586747765541,True,0.0013386174990173555
DTLZ2,201,-0.020271656072701524,-0.022631382569670677,True,0.002359726496969153
DTLZ2,202,0.04716538654181296,0.047689761966466904,False,-0.0005243754246539445
DTLZ2,203,-0.004877978501168237,-0.008069529198110104,True,0.0031915506969418667
DTLZ2,204,0.005271978290680254,0.005285047926008701,False,-1.3069635328447071e-05
DTLZ2,205,0.021455787803714946,0.021455787122249603,False,6.814653424891404e-10
DTLZ2,206,0.016726498164258308,0.016726497560739517,False,6.035187904984696e-10
DTLZ2,207,0.022168571022491465,0.02216857112944126,False,-1.0694979624137346e-10
DTLZ2,208,0.024769849561666918,0.024769850075244904,False,-5.135779856946243e-10
DTLZ2,209,0.02329391941276103,0.02329391986131668,False,-4.4855565095591743e-10
DTLZ2,210,0.050441061269895324,0.049221571534872055,True,0.0012194897350232686
DTLZ2,211,0.06654079832214849,0.06842783838510513,False,-0.0018870400629566464
DTLZ2,212,-0.01485958257626719,-0.014898689463734627,True,3.91068874674369e-05
DTLZ2,213,0.040592481679725005,0.04059248045086861,False,1.2288563985829448e-09
DTLZ2,214,0.04805614265236596,0.04805614426732063,False,-1.6149546699928408e-09
DTLZ2,215,-0.023630717648549127,-0.02363636903464794,True,5.651386098814992e-06
DTLZ2,216,0.024053566430482634,0.024534864351153374,False,-0.0004812979206707396
DTLZ2,217,-0.014932134654539388,-0.015102884732186794,True,0.00017075007764740663
DTLZ2,218,0.015381969308741257,0.015381969511508942,False,-2.0276768458726835e-10
DTLZ2,219,0.04775211121680801,0.04775211215019226,False,-9.333842518333135e-10
DTLZ2,220,0.061900235867824935,0.06038473919034004,True,0.0015154966774848927
DTLZ2,221,0.022493961635831894,0.022493962198495865,False,-5.626639709710446e-10
DTLZ2,222,0.07803507471121617,0.08080992847681046,False,-0.00277485376559429
DTLZ2,223,-0.007722887807118287,-0.010890359990298748,True,0.0031674721831804614
DTLZ2,224,-0.006778019587046963,-0.008781873621046543,True,0.0020038540339995803
DTLZ2,225,0.021244255116419822,0.019708652049303055,True,0.001535603067116767
DTLZ2,226,-0.012644705243789592,-0.012636571191251278,False,-8.134052538313896e-06
DTLZ2,227,0.017391621196767584,0.017391622066497803,False,-8.697302184001998e-10
DTLZ2,228,0.04703591671487199,0.04636586830019951,True,0.0006700484146724833
DTLZ2,229,0.08547851402045126,0.07644472271203995,True,0.00903379130841131
DTLZ2,230,-0.010312744947829376,-0.010311955586075783,False,-7.893617535933983e-07
DTLZ2,231,0.11737128593382593,0.11677251011133194,True,0.0005987758224939854
DTLZ2,232,-0.020920599694798363,-0.02092956192791462,True,8.962233116256713e-06
DTLZ2,233,0.009607828303358136,0.009607828222215176,False,8.114296040639957e-11
DTLZ2,234,0.048626576404160717,0.048626575618982315,False,7.851784014634156e-10
DTLZ2,235,0.014136473317242423,0.014136473648250103,False,-3.3100767959926003e-10
DTLZ2,236,-0.010266681047055873,-0.010353008285164833,True,8.632723810896026e-05
DTLZ2,237,0.03951253650194446,0.030281689018011093,True,0.009230847483933366
DTLZ2,238,0.04917182944669244,0.04917182773351669,False,1.7131757470978393e-09
DTLZ2,239,-0.014972609307246816,-0.014972609467804432,False,1.6055761581368344e-10
DTLZ2,240,0.023354411747891386,0.023354411125183105,False,6.227082807730433e-10
DTLZ3,1,-0.20163890986261207,-0.20161984860897064,False,-1.9061253641428078e-05
DTLZ3,2,0.019014312087132612,0.01901431195437908,False,1.327535303907723e-10
DTLZ3,3,-0.0632719753395315,-0.06327197700738907,False,1.6678575742723467e-09
DTLZ3,4,-0.30130921844441605,-0.3013092279434204,False,9.499004360868923e-09
DTLZ3,5,0.03627000325898522,0.036269959062337875,False,4.4196647341898654e-08
DTLZ3,6,-0.006935020607659104,-0.0069350204430520535,False,-1.6460705021259514e-10
DTLZ3,7,-0.19106032486382912,-0.19106031954288483,False,-5.320944296283159e-09
DTLZ3,8,-0.0008056855577872057,-0.0008336050668731332,True,2.791950908592744e-05
DTLZ3,9,-0.0149356981103978,-0.015400214120745659,True,0.0004645160103478596
DTLZ3,10,-0.1652556565246993,-0.16525565087795258,False,-5.646746736864827e-09
DTLZ3,11,0.003246433886325395,0.0032468370627611876,False,-4.031764357925738e-07
DTLZ3,12,-0.2065149204579097,-0.20651446282863617,False,-4.576292735314347e-07
DTLZ3,13,-0.36353599119242686,-0.36353600025177,False,9.059343164530276e-09
DTLZ3,14,-0.27529280402810796,-0.2752928137779236,False,9.74981562151811e-09
DTLZ3,15,-0.20085310526063932,-0.2008531093597412,False,4.099101891252843e-09
DTLZ3,16,-0.049814778165936546,-0.049981702119112015,True,0.0001669239531754685
DTLZ3,17,-0.06155044615988331,-0.06154768541455269,False,-2.760745330621095e-06
DTLZ3,18,-0.17415782212605363,-0.17415782809257507,False,5.966521443578898e-09
DTLZ3,19,0.007199885883990564,0.005484983790665865,True,0.0017149020933246995
DTLZ3,20,-0.12851959477147185,-0.12851959466934204,False,-1.0212980461332677e-10
DTLZ3,21,-0.07483280017145943,-0.0748254582285881,False,-7.341942871330609e-06
DTLZ3,22,-0.12996677304649706,-0.12996646761894226,False,-3.054275548031171e-07
DTLZ3,23,-0.014492551888893757,-0.014492551796138287,False,-9.275546997145057e-11
DTLZ3,24,-0.018826601157329842,-0.01883493922650814,True,8.338069178298602e-06
DTLZ3,25,0.05375461406851434,0.05011182278394699,True,0.0036427912845673482
DTLZ3,26,0.009772531900854198,0.00970657542347908,True,6.595647737511756e-05
DTLZ3,27,0.04895354318009229,0.039191167801618576,True,0.009762375378473714
DTLZ3,28,0.04198882859035141,0.04112311080098152,True,0.0008657177893698909
DTLZ3,29,0.03731371996825708,0.032728832215070724,True,0.004584887753186356
DTLZ3,30,0.0489498152938386,0.04614455997943878,True,0.0028052553143998182
DTLZ3,31,-0.22014416307734447,-0.22014416754245758,False,4.465113112583907e-09
DTLZ3,32,-0.10445989263700917,-0.10446156561374664,True,1.6729767374767945e-06
DTLZ3,33,0.005500698598032733,0.005163702182471752,True,0.0003369964155609806
DTLZ3,34,-0.05393454879016904,-0.05396583676338196,True,3.1287973212917874e-05
DTLZ3,35,0.02349305689237488,0.008943122811615467,True,0.014549934080759414
DTLZ3,36,0.006611706225159136,0.006584865506738424,True,2.6840718420712006e-05
DTLZ3,37,0.06670854831510203,0.06670854985713959,False,-1.5420375532038122e-09
DTLZ3,38,-0.04308959637959672,-0.04309485852718353,True,5.262147586809762e-06
DTLZ3,39,0.013007766212087407,0.006421519909054041,True,0.006586246303033366
DTLZ3,40,-0.10895092600766279,-0.10895092785358429,False,1.8459214989885453e-09
DTLZ3,41,0.017603722794630794,0.007287314161658287,True,0.010316408632972507
DTLZ3,42,-0.041428234049222745,-0.041475191712379456,True,4.695766315671035e-05
DTLZ3,43,0.02301863488044656,0.01593809202313423,True,0.0070805428573123275
DTLZ3,44,-0.0032592903139941343,-0.004334254190325737,True,0.0010749638763316027
DTLZ3,45,0.050440974556183765,0.04352324455976486,True,0.006917729996418903
DTLZ3,46,-0.0170629806486913,-0.01706298068165779,False,3.296649064843393e-11
DTLZ3,47,-0.007398884049843568,-0.0074455514550209045,True,4.666740517733636e-05
DTLZ3,48,-0.019321461506804055,-0.019816648215055466,True,0.0004951867082514105
DTLZ3,49,-0.11755900489101459,-0.11755900830030441,False,3.409289822675632e-09
DTLZ3,50,0.00010066043444365014,0.0001004770674626343,False,1.8336698101584226e-07
DTLZ3,51,-0.0442899008097179,-0.044741351157426834,True,0.0004514503477089371
DTLZ3,52,-0.018089325281695573,-0.018093904480338097,True,4.579198642523652e-06
DTLZ3,53,0.050872113907122415,0.050872113555669785,False,3.514526308867616e-10
DTLZ3,54,0.05205926539096152,0.03217094764113426,True,0.01988831774982726
DTLZ3,55,0.021752806459302054,0.02133685164153576,True,0.0004159548177662953
DTLZ3,56,-0.019404851398128337,-0.02024374157190323,True,0.0008388901737748922
DTLZ3,57,-0.09529570551079547,-0.09529570490121841,False,-6.095770554992441e-10
DTLZ3,58,-0.05000146119944379,-0.050138335675001144,True,0.00013687447555735255
DTLZ3,59,-0.01483579416652106,-0.01645505614578724,True,0.0016192619792661789
DTLZ3,60,0.021005098878609046,0.02035437524318695,True,0.0006507236354220958
DTLZ3,61,0.009459022697119734,0.007279620505869389,True,0.002179402191250346
DTLZ3,62,0.00251588700562988,0.0005555900279432535,True,0.0019602969776866264
DTLZ3,63,-0.06019997620033554,-0.060415565967559814,True,0.00021558976722427237
DTLZ3,64,0.00863051003174492,0.0040522292256355286,True,0.004578280806109392
DTLZ3,65,-0.015157663842949504,-0.01562647521495819,True,0.0004688113720086873
DTLZ3,66,-0.03964903610700968,-0.03964903578162193,False,-3.253877445263953e-10
DTLZ3,67,0.08529043455118773,0.08390585333108902,True,0.0013845812200987129
DTLZ3,68,0.020641387906618514,0.020114758983254433,True,0.0005266289233640808
DTLZ3,69,0.012986936755543715,0.012903704307973385,True,8.323244757033055e-05
DTLZ3,70,-0.021442864057458988,-0.02144286409020424,False,3.2745250955201755e-11
DTLZ3,71,0.013066962911708377,0.01216153148561716,True,0.0009054314260912161
DTLZ3,72,-0.007442630548783302,-0.00758188683539629,True,0.0001392562866129876
DTLZ3,73,-0.022733210130966408,-0.023278310894966125,True,0.0005451007639997174
DTLZ3,74,0.020294244965132185,0.019554194062948227,True,0.0007400509021839585
DTLZ3,75,-0.007649474069487933,-0.011623579077422619,True,0.003974105007934686
DTLZ3,76,-0.0006131269482744783,-0.00241741887293756,True,0.0018042919246630817
DTLZ3,77,-0.04898739854744388,-0.049154166132211685,True,0.00016676758476780185
DTLZ3,78,-0.04124523321491824,-0.0412452332675457,False,5.2627457947096445e-11
DTLZ3,79,-0.021672357279409082,-0.02223682776093483,True,0.0005644704815257473
DTLZ3,80,0.020654257744432858,0.019810572266578674,True,0.0008436854778541836
DTLZ3,81,-0.019947246623329695,-0.020136510953307152,True,0.00018926432997745657
DTLZ3,82,0.02660182655501013,0.02637602761387825,True,0.00022579894113188004
DTLZ3,83,0.02366362758950491,0.024348070845007896,False,-0.0006844432555029867
DTLZ3,84,-0.04051824974834334,-0.040514975786209106,False,-3.2739621342314784e-06
DTLZ3,85,-0.013197461704529595,-0.013238665647804737,True,4.1203943275142096e-05
DTLZ3,86,0.007830002413809406,0.007830002345144749,False,6.866465729338245e-11
DTLZ3,87,-0.04692659915462796,-0.046926598995923996,False,-1.5870396663508757e-10
DTLZ3,88,-0.39982315607995733,-0.3998231589794159,False,2.8994585621333613e-09
DTLZ3,89,0.03320360705669069,0.031596772372722626,True,0.0016068346839680642
DTLZ3,90,-0.00010897820404273673,-0.00010897820175159723,False,-2.29113950034332e-12
DTLZ3,91,0.04560574293848346,0.04331834614276886,True,0.0022873967957146024
DTLZ3,92,0.025131017571250552,0.024759480729699135,True,0.00037153684155141753
DTLZ3,93,-0.007118098257947944,-0.0074081020429730415,True,0.0002900037850250975
DTLZ3,94,0.025253427138112503,0.019661854952573776,True,0.005591572185538726
DTLZ3,95,0.004678615196093611,0.003941594157367945,True,0.0007370210387256659
DTLZ3,96,0.050792319237701125,0.04665982723236084,True,0.004132492005340285
DTLZ3,97,-0.0248120133861314,-0.02693955972790718,True,0.0021275463417757823
DTLZ3,98,0.04267252895869457,0.04099969565868378,True,0.0016728333000107926
DTLZ3,99,-0.00376803670444964,-0.008529908955097198,True,0.004761872250647559
DTLZ3,100,0.02240944032673073,0.020255209878087044,True,0.0021542304486436847
DTLZ3,101,-0.004359159490767886,-0.004382638726383448,True,2.3479235615561644e-05
DTLZ3,102,-0.004749036378247237,-0.004749036394059658,False,1.581242081716283e-11
DTLZ3,103,-0.027384513276814848,-0.02738451398909092,False,7.122760714572962e-10
DTLZ3,104,0.04703302259325724,0.04338692128658295,True,0.003646101306674296
DTLZ3,105,0.025187041313851605,0.0252283476293087,False,-4.1306315457095844e-05
DTLZ3,106,-0.0009227637387199811,0.018834348767995834,False,-0.019757112506715815
DTLZ3,107,-0.011500141522655785,-0.01154871191829443,True,4.8570395638644626e-05
DTLZ3,108,-0.008315560213813036,-0.00802586879581213,False,-0.00028969141800090636
DTLZ3,109,0.03178128361798721,0.024798059836030006,True,0.006983223781957204
DTLZ3,110,0.019172421864243172,0.01917242258787155,False,-7.236283794398446e-10
DTLZ3,111,0.0024495935678584546,1.7905798586070887e-06,True,0.0024478029879998475
DTLZ3,112,-0.03154804873367262,-0.03154804930090904,False,5.672364244979633e-10
DTLZ3,113,0.005326313247842718,0.00531415268778801,True,1.2160560054708114e-05
DTLZ3,114,-0.02661366760320133,-0.027110548689961433,True,0.0004968810867601037
DTLZ3,115,0.027667713312504408,0.023923087865114212,True,0.0037446254473901958
DTLZ3,116,0.05371237338178976,0.05236811563372612,True,0.0013442577480636403
DTLZ3,117,-0.03604859893464786,-0.03609438240528107,True,4.5783470633206647e-05
DTLZ3,118,-0.015277758562763144,-0.016412734985351562,True,0.0011349764225884185
DTLZ3,119,0.0399801160404383,0.029178638011217117,True,0.010801478029221184
DTLZ3,120,0.0029492539867583406,0.002582570305094123,True,0.0003666836816642177
DTLZ3,121,0.020313043523840196,0.018864920362830162,True,0.0014481231610100342
DTLZ3,122,0.028101427474269428,0.019026195630431175,True,0.009075231843838252
DTLZ3,123,0.05476191096745355,0.05476191267371178,False,-1.706258224987156e-09
DTLZ3,124,0.038407426720040314,0.03591800481081009,True,0.0024894219092302244
DTLZ3,125,-0.02478142575366772,-0.024781426414847374,False,6.611796526945213e-10
DTLZ3,126,0.02361686767769669,0.014275017194449902,True,0.009341850483246789
DTLZ3,127,0.03249003970332896,0.017139265313744545,True,0.015350774389584418
DTLZ3,128,-0.018297773730171454,-0.01829734817147255,False,-4.255586989049265e-07
DTLZ3,129,0.03208797363757682,0.031236357986927032,True,0.0008516156506497841
DTLZ3,130,0.023640680562608013,0.017515160143375397,True,0.006125520419232616
DTLZ3,131,-0.027683417346694515,-0.02768341824412346,False,8.97428943658074e-10
DTLZ3,132,0.0008411002564027575,0.0008411002345383167,False,2.186444081342387e-11
DTLZ3,133,-0.00301113178364934,-0.0030164236668497324,True,5.291883200392311e-06
DTLZ3,134,-0.05519508086713003,-0.05519508197903633,False,1.1119063031417298e-09
DTLZ3,135,0.04963442320543636,0.03956752270460129,True,0.010066900500835071
DTLZ3,136,0.010993168122011773,-0.0022925061639398336,True,0.013285674285951607
DTLZ3,137,-0.01204882520861654,-0.012713924050331116,True,0.0006650988417145759
DTLZ3,138,0.07509739985186606,0.0643468126654625,True,0.010750587186403565
DTLZ3,139,0.021875469639452305,0.0158550925552845,True,0.006020377084167805
DTLZ3,140,-0.039135716345485516,-0.03913571685552597,False,5.100404543156856e-10
DTLZ3,141,0.005100732226479915,-0.0009999115718528628,True,0.006100643798332778
DTLZ3,142,0.020944807606483,0.01717776246368885,True,0.003767045142794148
DTLZ3,143,0.0004353692068583964,-0.004840421956032515,True,0.005275791162890911
DTLZ3,144,-0.020415798733279616,-0.02041579782962799,False,-9.036516257499017e-10
DTLZ3,145,0.0655076958311563,0.06550769507884979,False,7.523065087555736e-10
DTLZ3,146,-0.07412269018897821,-0.07412268966436386,False,-5.2461435195994e-10
DTLZ3,147,0.003406845343341916,-0.0033953627571463585,True,0.0068022081004882745
DTLZ3,148,0.01101761471716891,0.008721423335373402,True,0.002296191381795508
DTLZ3,149,0.013938658378571986,0.012301703914999962,True,0.001636954463572024
DTLZ3,150,0.012776153261084916,0.010146452113986015,True,0.0026297011470989007
DTLZ3,151,-0.027462500341311508,-0.02746250107884407,False,7.375325628000695e-10
DTLZ3,152,-0.014479914289392173,-0.015012211166322231,True,0.0005322968769300579
DTLZ3,153,0.015201029677391217,0.015201029367744923,False,3.0964629471608163e-10
DTLZ3,154,-0.04190607183293603,-0.041906073689460754,False,1.8565247256185913e-09
DTLZ3,155,0.044440350238719784,0.04007729887962341,True,0.00436305135909637
DTLZ3,156,0.01051532291429564,0.010516723617911339,False,-1.4007036156990504e-06
DTLZ3,157,0.027041658081518274,0.025946106761693954,True,0.00109555131982432
DTLZ3,158,-0.03945297635563737,-0.03945297747850418,False,1.122866813418888e-09
DTLZ3,159,0.03818561717206614,0.036592256277799606,True,0.0015933608942665309
DTLZ3,160,0.024223950366403818,0.017105530947446823,True,0.007118419418956995
DTLZ3,161,-0.034430318102648766,-0.03443031758069992,False,-5.219488452556931e-10
DTLZ3,162,0.04477119378384979,0.037583280354738235,True,0.007187913429111556
DTLZ3,163,-0.026865180914157377,-0.026881979778409004,True,1.679886425162702e-05
DTLZ3,164,0.025257278291818057,0.018124962225556374,True,0.007132316066261683
DTLZ3,165,0.0571771505700457,0.05275838077068329,True,0.0044187697993624125
DTLZ3,166,-0.011419961580813848,-0.0028607812710106373,False,-0.00855918030980321
DTLZ3,167,0.04540999145519846,0.03315196558833122,True,0.012258025866867236
DTLZ3,168,0.02968839832673756,0.01856129802763462,True,0.011127100299102938
DTLZ3,169,0.029436771754796864,0.027018681168556213,True,0.002418090586240651
DTLZ3,170,0.03278118847312436,0.025937706232070923,True,0.006843482241053439
DTLZ3,171,-0.02506797467109881,-0.025784268975257874,True,0.0007162943041590653
DTLZ3,172,-0.011384556276093624,-0.004242070019245148,False,-0.0071424862568484765
DTLZ3,173,-0.03159224509542965,-0.03159138187766075,False,-8.632177688969178e-07
DTLZ3,174,-0.00786872107879269,-0.008784343488514423,True,0.0009156224097217336
DTLZ3,175,0.04726395820394462,0.04465898126363754,True,0.002604976940307077
DTLZ3,176,-0.028827157589747153,-0.028827156871557236,False,-7.181899172592487e-10
DTLZ3,177,-0.02655834842172447,-0.026558348909020424,False,4.872959535884291e-10
DTLZ3,178,-0.02383359164293884,-0.023832149803638458,False,-1.4418393003805263e-06
DTLZ3,179,0.02250308195244352,0.021554147824645042,True,0.0009489341277984786
DTLZ3,180,0.041231961565299825,0.04128309711813927,False,-5.1135552839441656e-05
DTLZ3,181,0.007151877409243557,0.004377883858978748,True,0.0027739935502648083
DTLZ3,182,-0.10390801580313745,-0.10390801727771759,False,1.4745801385496193e-09
DTLZ3,183,0.02276210864838525,0.01849839836359024,True,0.004263710284795011
DTLZ3,184,0.02787611181165475,0.023769032210111618,True,0.004107079601543131
DTLZ3,185,-0.023558583486181728,-0.023558583110570908,False,-3.7561082022463665e-10
DTLZ3,186,0.03993647374882568,0.028928546234965324,True,0.011007927513860358
DTLZ3,187,0.039086744799071406,0.03549230843782425,True,0.0035944363612471567
DTLZ3,188,0.04816952763503536,0.04573548957705498,True,0.002434038057980384
DTLZ3,189,0.02376973401365609,0.017282050102949142,True,0.006487683910706948
DTLZ3,190,-0.02101435696495415,-0.02101435698568821,False,2.0734060302007862e-11
DTLZ3,191,-0.1876492448462283,-0.18738947808742523,False,-0.00025976675880307054
DTLZ3,192,-0.16802631493166761,-0.16802631318569183,False,-1.7459757806204124e-09
DTLZ3,193,0.021966469281702573,0.021966468542814255,False,7.388883185854844e-10
DTLZ3,194,0.05529017972105491,0.05370352789759636,True,0.0015866518234585528
DTLZ3,195,0.02017087798249341,0.017788928002119064,True,0.0023819499803743455
DTLZ3,196,0.004508165613166963,0.004508165642619133,False,-2.945216986960375e-11
DTLZ3,197,0.05183088427782259,0.04790382832288742,True,0.003927055954935171
DTLZ3,198,0.013519015267964604,0.013519015163183212,False,1.0478139189640245e-10
DTLZ3,199,-0.02288967799780365,-0.022889677435159683,False,-5.626439661399196e-10
DTLZ3,200,-0.00448102305590338,-0.006039769854396582,True,0.0015587467984932019
DTLZ3,201,-0.007110816098829895,-0.007650561165064573,True,0.0005397450662346787
DTLZ3,202,0.038410299005473006,0.030779657885432243,True,0.0076306411200407626
DTLZ3,203,-0.003414123898886498,-0.004423277452588081,True,0.0010091535537015833
DTLZ3,204,-0.016586051781241125,-0.019595282152295113,True,0.0030092303710539878
DTLZ3,205,0.01545400999513584,0.012485288083553314,True,0.0029687219115825253
DTLZ3,206,0.0014425869758568702,0.0014425870031118393,False,-2.7254969114931527e-11
DTLZ3,207,0.024622206174593035,0.01985928602516651,True,0.004762920149426524
DTLZ3,208,0.019984188121107863,0.01986784115433693,True,0.00011634696677093395
DTLZ3,209,0.02113982905794031,0.017991716042160988,True,0.0031481130157793233
DTLZ3,210,0.07890910778691385,0.07838449627161026,True,0.0005246115153035857
DTLZ3,211,0.02366840378991926,0.023726727813482285,False,-5.832402356302502e-05
DTLZ3,212,-0.00583667081592236,-0.0058366707526147366,False,-6.330762303274895e-11
DTLZ3,213,-0.28801019623588003,-0.28801020979881287,False,1.3562932832389407e-08
DTLZ3,214,0.034030087896515245,0.034388862550258636,False,-0.00035877465374339196
DTLZ3,215,-0.013741058108773279,-0.01374105829745531,False,1.886820318042215e-10
DTLZ3,216,0.02143501399320956,0.014093452133238316,True,0.0073415618599712434
DTLZ3,217,-0.004183787872474462,-0.004183787852525711,False,-1.994875098443316e-11
DTLZ3,218,0.01764152985050636,0.01687915250658989,True,0.0007623773439164698
DTLZ3,219,0.02766928637891891,0.025488782674074173,True,0.0021805037048447384
DTLZ3,220,0.03872969693619745,0.03515642508864403,True,0.003573271847553419
DTLZ3,221,0.026053979220953837,0.019034700468182564,True,0.007019278752771273
DTLZ3,222,0.04643185734823482,0.04485529288649559,True,0.0015765644617392327
DTLZ3,223,-0.005656182465922824,-0.006883618421852589,True,0.0012274359559297648
DTLZ3,224,0.0011918949508935711,0.00028100336203351617,True,0.000910891588860055
DTLZ3,225,0.019141546812382386,0.014044110663235188,True,0.005097436149147198
DTLZ3,226,-0.011493687106701247,-0.012009389698505402,True,0.0005157025918041541
DTLZ3,227,0.0011759785103334641,0.00046217351336963475,True,0.0007138049969638294
DTLZ3,228,0.051655739473687824,0.051655739545822144,False,-7.213431935104708e-11
DTLZ3,229,0.01562937088463598,0.01584985852241516,False,-0.000220487637779182
DTLZ3,230,-0.010660017401097798,-0.010660017840564251,False,4.3946645281178753e-10
DTLZ3,231,0.025187419985195844,0.033083703368902206,False,-0.007896283383706362
DTLZ3,232,0.0009031480691987885,0.0008696147124283016,True,3.353335677048694e-05
DTLZ3,233,0.008879894883400626,0.008900473825633526,False,-2.0578942232899605e-05
DTLZ3,234,0.016948564869444557,0.015959201380610466,True,0.0009893634888340913
DTLZ3,235,0.009651084139366486,0.00958647858351469,True,6.460555585179571e-05
DTLZ3,236,0.0009031249838509919,0.0009031249792315066,False,4.6194853497993904e-12
DTLZ3,237,0.005788506018569166,0.005584326572716236,True,0.00020417944585292974
DTLZ3,238,0.041012439765720686,0.041012439876794815,False,-1.1107412906108394e-10
DTLZ3,239,-0.03579127193927506,-0.035791270434856415,False,-1.504418645215111e-09
DTLZ3,240,0.004154026031503957,0.00481511140242219,False,-0.0006610853709182324
DTLZ7,1,-0.013775940562872402,-0.013775940984487534,False,4.2161513169602927e-10
DTLZ7,2,-0.015774709582124846,-0.015774710103869438,False,5.217445919747377e-10
DTLZ7,3,-0.013571810129181294,-0.013571809977293015,False,-1.5188827973133812e-10
DTLZ7,4,-0.30943342998189777,-0.3094334304332733,False,4.513755480495263e-10
DTLZ7,5,0.08855925006555737,0.08855924755334854,False,2.5122088298523693e-09
DTLZ7,6,0.04320025057051097,0.04320025071501732,False,-1.4450635132945422e-10
DTLZ7,7,0.05789754295322597,0.05789754167199135,False,1.2812346183999068e-09
DTLZ7,8,0.09465592292070396,0.09465592354536057,False,-6.246566042200641e-10
DTLZ7,9,-0.032023254375657895,-0.03202325478196144,False,4.0630354636306265e-10
DTLZ7,10,0.08666749306712984,0.0866674929857254,False,8.14044387453805e-11
DTLZ7,11,0.081859630560844,0.08046628534793854,True,0.0013933452129054613
DTLZ7,12,0.05917281082614029,0.05132118612527847,True,0.007851624700861815
DTLZ7,13,0.03836277247810882,0.0383627712726593,False,1.2054495179825153e-09
DTLZ7,14,-0.007936579286123124,-0.007936579175293446,False,-1.1082967876774319e-10
DTLZ7,15,0.023255016467574108,0.023172304034233093,True,8.271243334101452e-05
DTLZ7,16,0.05072242190911305,0.05072242021560669,False,1.6935063629208713e-09
DTLZ7,17,0.08285493150218803,0.07789932936429977,True,0.00495560213788826
DTLZ7,18,0.010672839978244197,0.010672840289771557,False,-3.1152735946449184e-10
DTLZ7,19,0.061459548900632266,0.0613563172519207,True,0.00010323164871156587
DTLZ7,20,0.007452063651111562,0.007452063728123903,False,-7.701234094881215e-11
DTLZ7,21,0.11551882019156368,0.10846759378910065,True,0.007051226402463029
DTLZ7,22,-0.026132803034060403,-0.026132803410291672,False,3.762312683619484e-10
DTLZ7,23,0.0605182498776935,0.06051824986934662,False,8.346878743736852e-12
DTLZ7,24,0.05733767585301486,0.057337675243616104,False,6.093987536814893e-10
DTLZ7,25,-0.02833241861179958,-0.028332417830824852,False,-7.809747293308078e-10
DTLZ7,26,0.06871929854911529,0.0687192976474762,False,9.01639096717588e-10
DTLZ7,27,0.015570469060627201,0.015570469200611115,False,-1.3998391334979488e-10
DTLZ7,28,0.0047392359540574525,0.00495207728818059,False,-0.00021284133412313722
DTLZ7,29,-0.022435958043729,-0.022435957565903664,False,-4.778253348547423e-10
DTLZ7,30,-0.02773210883103261,-0.027732109650969505,False,8.19936896157003e-10
DTLZ7,31,-0.0126374068894482,-0.012637406587600708,False,-3.018474914462388e-10
DTLZ7,32,0.01142525299760383,0.011425253003835678,False,-6.2318483706746974e-12
DTLZ7,33,0.02374274356727829,0.023742742836475372,False,7.308029181807285e-10
DTLZ7,34,0.11183567331960892,0.10224375128746033,True,0.009591922032148592
DTLZ7,35,0.05771842944973027,0.0574895478785038,True,0.00022888157122646913
DTLZ7,36,-0.04323087210706672,-0.043230872601270676,False,4.942039555366762e-10
DTLZ7,37,0.08506788387701958,0.0592053197324276,True,0.025862564144591982
DTLZ7,38,0.016961186248430127,0.01696118712425232,False,-8.758221925475596e-10
DTLZ7,39,0.03403976037508144,0.03155583143234253,True,0.002483928942738911
DTLZ7,40,0.04935108176887942,0.04462922364473343,True,0.0047218581241459945
DTLZ7,41,-1.2222519663040998e-08,-1.2222519885085603e-08,False,2.220446049250313e-16
DTLZ7,42,-0.0004885876126975996,-0.0004885875969193876,False,-1.577821207021657e-11
DTLZ7,43,0.02916560075198349,0.029101241379976273,True,6.435937200721664e-05
DTLZ7,44,0.048083563803100776,0.046916548162698746,True,0.0011670156404020304
DTLZ7,45,0.11728004263832456,0.11158891022205353,True,0.005691132416271033
DTLZ7,46,0.0485658647299278,0.0367530956864357,True,0.0118127690434921
DTLZ7,47,0.01663750923788676,0.016637509688735008,False,-4.5084824762398057e-10
DTLZ7,48,0.10618288547159693,0.09417706727981567,True,0.012005818191781259
DTLZ7,49,0.03474920906158918,0.03474920988082886,False,-8.192396760975384e-10
DTLZ7,50,0.046104324847186184,0.046104323118925095,False,1.728261089795069e-09
DTLZ7,51,-0.01287856624217898,-0.012878566049039364,False,-1.9313961541200797e-10
DTLZ7,52,0.049912330606289745,0.04991232976317406,False,8.431156883759172e-10
DTLZ7,53,0.007956824421916253,0.007956824265420437,False,1.5649581630583498e-10
DTLZ7,54,0.006695099120535258,0.006695099174976349,False,-5.4441090524548486e-11
DTLZ7,55,0.04781615682347967,0.045513883233070374,True,0.0023022735904092984
DTLZ7,56,0.07987221690645813,0.07987221330404282,False,3.6024153104996515e-09
DTLZ7,57,0.01613799843865804,0.016137998551130295,False,-1.1247225373267611e-10
DTLZ7,58,0.05002770669511897,0.05002770572900772,False,9.66111246558654e-10
DTLZ7,59,-0.007590476171277449,-0.007590475957840681,False,-2.1343676825935631e-10
DTLZ7,60,0.050905409529123785,0.04872627183794975,True,0.0021791376911740323
DTLZ7,61,0.017633585010621844,0.017633585259318352,False,-2.4869650783188035e-10
DTLZ7,62,0.06443463559430535,0.06489790230989456,False,-0.0004632667155892167
DTLZ7,63,0.09354927744492716,0.07598935067653656,True,0.017559926768390605
DTLZ7,64,0.08393213926087628,0.08449116349220276,False,-0.000559024231326477
DTLZ7,65,-0.04692420674593395,-0.04692420735955238,False,6.136184338423334e-10
DTLZ7,66,0.07114382580446177,0.07114382833242416,False,-2.527962394971439e-09
DTLZ7,67,0.029841908354564295,0.019313614815473557,True,0.010528293539090738
DTLZ7,68,-0.016900501460753947,-0.016900502145290375,False,6.845364275420707e-10
DTLZ7,69,0.04967400179733103,0.04750269651412964,True,0.0021713052832013913
DTLZ7,70,0.008939698899743609,0.00893969926983118,False,-3.7008757169942896e-10
DTLZ7,71,0.04223752343434334,0.041290033608675,True,0.0009474898256683351
DTLZ7,72,0.04670883092805306,0.04670882970094681,False,1.2271062499458196e-09
DTLZ7,73,0.08170369078818157,0.07103028148412704,True,0.010673409304054526
DTLZ7,74,-0.01007627420176116,-0.010076274164021015,False,-3.7740144342990334e-11
DTLZ7,75,0.012170994796969065,0.012170994654297829,False,1.4267123593647568e-10
DTLZ7,76,0.05964815249775457,0.05964815244078636,False,5.696820792877588e-11
DTLZ7,77,-9.352828506115074e-08,-9.35282855607511e-08,False,4.996003610813204e-16
DTLZ7,78,0.03172076743426544,0.03172076866030693,False,-1.2260414905540529e-09
DTLZ7,79,0.04920465383850331,0.04960276931524277,False,-0.0003981154767394579
DTLZ7,80,0.03189654238814282,0.03189654275774956,False,-3.696067341074638e-10
DTLZ7,81,0.051205405369904505,0.05120540410280228,False,1.2671022286969702e-09
DTLZ7,82,0.07913160139608905,0.08628914505243301,False,-0.007157543656343968
DTLZ7,83,0.10075059337382841,0.10075059533119202,False,-1.9573636045322473e-09
DTLZ7,84,0.059948727564125726,0.05852266028523445,True,0.0014260672788912743
DTLZ7,85,0.033128589073280645,0.033128589391708374,False,-3.1842772862944457e-10
DTLZ7,86,0.05581502767756075,0.05581502616405487,False,1.513505876182819e-09
DTLZ7,87,0.04204616845382658,0.04021121561527252,True,0.0018349528385540603
DTLZ7,88,0.03155877657571743,0.03155877813696861,False,-1.5612511838902776e-09
DTLZ7,89,0.04361125953321726,0.04361125826835632,False,1.2648609382104326e-09
DTLZ7,90,0.04375425917344436,0.026552435010671616,True,0.017201824162772744
DTLZ7,91,0.06728939754163912,0.06704399734735489,True,0.0002454001942842343
DTLZ7,92,0.03796355407492366,0.028003834187984467,True,0.009959719886939195
DTLZ7,93,0.08743721928743184,0.05799449235200882,True,0.02944272693542302
DTLZ7,94,0.08231104979300946,0.07327977567911148,True,0.00903127411389798
DTLZ7,95,-0.007298538568417445,-0.007298538461327553,False,-1.0708989250929335e-10
DTLZ7,96,0.076709880320317,0.07670988142490387,False,-1.1045868664183445e-09
DTLZ7,97,0.009276819432136041,0.009276819415390491,False,1.6745549391572467e-11
DTLZ7,98,0.05967778481860128,0.05967778339982033,False,1.4187809538324103e-09
DTLZ7,99,0.10609409874068212,0.10589897632598877,True,0.000195122414693355
DTLZ7,100,0.056747528916416545,0.055742617696523666,True,0.001004911219892879
DTLZ7,101,0.05631529381220629,0.04887700453400612,True,0.007438289278200172
DTLZ7,102,0.10496696521003773,0.1044386699795723,True,0.0005282952304654365
DTLZ7,103,0.04329442664323138,0.043294426053762436,False,5.894689458774138e-10
DTLZ7,104,-3.090429312457843e-07,-3.090429174790188e-07,False,-1.3766765505351941e-14
DTLZ7,105,-0.0073702985286597245,-0.007088928949087858,False,-0.00028136957957186626
DTLZ7,106,0.03392502766818278,0.031122490763664246,True,0.0028025369045185378
DTLZ7,107,0.05989906161424269,0.0365639328956604,True,0.023335128718582288
DTLZ7,108,0.02980405809851311,0.029804058372974396,False,-2.7446128703090267e-10
DTLZ7,109,0.008380590228671936,0.00788943562656641,True,0.0004911546021055258
DTLZ7,110,0.031506135426402404,0.03096337988972664,True,0.0005427555366757653
DTLZ7,111,-0.023957404102160268,-0.023957403376698494,False,-7.25461773987135e-10
DTLZ7,112,0.05579962072921202,0.055449068546295166,True,0.0003505521829168523
DTLZ7,113,-0.008810694870382996,-0.008810695260763168,False,3.9038017263237634e-10
DTLZ7,114,0.2831542082279133,0.2750491499900818,True,0.00810505823783153
DTLZ7,115,0.021601133545386175,0.021601133048534393,False,4.968517819392559e-10
DTLZ7,116,0.030863804682848245,0.0308638047426939,False,-5.984565620842375e-11
DTLZ7,117,0.07223616533460878,0.07223616540431976,False,-6.971098698294043e-11
DTLZ7,118,-0.0186884141590819,-0.018688414245843887,False,8.676198648416289e-11
DTLZ7,119,0.05221321637265433,0.02675679884850979,True,0.025456417524144542
DTLZ7,120,0.02510522790650263,0.025105228647589684,False,-7.410870528357094e-10
DTLZ7,121,0.050967011476005436,0.07021702080965042,False,-0.019250009333644985
DTLZ7,122,0.04438125134649884,0.04438124969601631,False,1.6504825284258118e-09
DTLZ7,123,0.7267203863397149,0.45391905307769775,True,0.27280133326201716
DTLZ7,124,0.0006094809650529776,0.0006094809505157173,False,1.45372602844418e-11
DTLZ7,125,0.027219861045927107,0.020036524161696434,True,0.007183336884230673
DTLZ7,126,0.01846323043084569,0.0126320356503129,True,0.005831194780532789
DTLZ7,127,0.04947684166452701,0.028223730623722076,True,0.021253111040804934
DTLZ7,128,0.023141072935304957,0.023141073063015938,False,-1.277109806796517e-10
DTLZ7,129,0.05677645324314981,0.05663667991757393,True,0.0001397733255758815
DTLZ7,130,0.025409551502451694,0.025409551337361336,False,1.6509035805079009e-10
DTLZ7,131,0.03202650872101018,0.032026506960392,False,1.7606181790252862e-09
DTLZ7,132,0.05697207771630036,0.05645836889743805,True,0.0005137088188623129
DTLZ7,133,0.05428576362420967,0.03906750679016113,True,0.015218256834048538
DTLZ7,134,0.022654870576839875,0.018796022981405258,True,0.003858847595434617
DTLZ7,135,-0.006212496576457782,-0.006232053507119417,True,1.9556930661634997e-05
DTLZ7,136,0.011451732489850291,0.011451732367277145,False,1.2257314607744263e-10
DTLZ7,137,0.08676740912113062,0.04572875425219536,True,0.041038654868935265
DTLZ7,138,-0.006141766049981706,-0.006141765974462032,False,-7.551967384777925e-11
DTLZ7,139,0.03828517757069366,0.03828517720103264,False,3.69661024013368e-10
DTLZ7,140,0.01719580803770221,0.0171958077698946,False,2.6780760942202164e-10
DTLZ7,141,0.07425381957123714,0.07425381988286972,False,-3.116325808516507e-10
DTLZ7,142,0.01897559089374587,0.01897559128701687,False,-3.9327099909947094e-10
DTLZ7,143,0.06502693829547035,0.06459912657737732,True,0.00042781171809302965
DTLZ7,144,0.05059354092634971,0.0505935400724411,False,8.539086104875082e-10
DTLZ7,145,0.08103635247528462,0.0708218663930893,True,0.010214486082195329
DTLZ7,146,-0.026076522085088094,-0.02607652172446251,False,-3.606255849497586e-10
DTLZ7,147,-0.010248088811673245,-0.010248089209198952,False,3.9752570679674193e-10
DTLZ7,148,0.09531384949544358,0.08387065678834915,True,0.01144319270709443
DTLZ7,149,0.07877555148939874,0.06549882888793945,True,0.01327672260145929
DTLZ7,150,-0.004764523525592174,-0.004764523357152939,False,-1.684392347822694e-10
DTLZ7,151,0.03872538481006266,0.039495304226875305,False,-0.0007699194168126477
DTLZ7,152,0.03084830738900149,0.021070491522550583,True,0.009777815866450906
DTLZ7,153,0.04033782450618592,0.04222269356250763,False,-0.0018848690563217085
DTLZ7,154,0.04634556599851175,0.04634556546807289,False,5.304388595028797e-10
DTLZ7,155,0.011003572626149205,0.01100357249379158,False,1.3235762486019098e-10
DTLZ7,156,-0.007845454934135715,-0.007845454849302769,False,-8.483294622330106e-11
DTLZ7,157,0.011889092750074298,0.01188909262418747,False,1.2588682873904133e-10
DTLZ7,158,-0.004224937191801753,-0.004224937409162521,False,2.1736076827316708e-10
DTLZ7,159,-5.595881467646002e-07,-5.595881589215423e-07,False,1.2156942119645464e-14
DTLZ7,160,0.013067557565508786,0.014807173982262611,False,-0.0017396164167538253
DTLZ7,161,0.04931738900730703,0.04905661568045616,True,0.0002607733268508716
DTLZ7,162,0.014905001423436703,0.013529093936085701,True,0.0013759074873510024
DTLZ7,163,0.05679042147464258,0.051141299307346344,True,0.005649122167296239
DTLZ7,164,-0.006341064168734284,-0.006341064348816872,False,1.8008258773072328e-10
DTLZ7,165,0.027645164722405885,0.027645165100693703,False,-3.7828781773718845e-10
DTLZ7,166,0.09733967559963225,0.06510229408740997,True,0.032237381512222274
DTLZ7,167,0.12562226228892243,0.08369293808937073,True,0.0419293241995517
DTLZ7,168,-0.00010307732700781669,0.010756933130323887,False,-0.010860010457331704
DTLZ7,169,0.05047997563319612,0.05047997459769249,False,1.0355036272891027e-09
DTLZ7,170,0.05941111072581734,0.060383401811122894,False,-0.0009722910853055544
DTLZ7,171,0.08411154468626358,0.07491890341043472,True,0.009192641275828861
DTLZ7,172,0.05368908107993331,0.053689081221818924,False,-1.418856143686753e-10
DTLZ7,173,-0.027495271093648438,-0.02749527059495449,False,-4.986939472484408e-10
DTLZ7,174,-0.04311446108031769,-0.04311446100473404,False,-7.558365044957327e-11
DTLZ7,175,-0.010240678293705174,-0.010240678675472736,False,3.8176756200769546e-10
DTLZ7,176,0.1995183179414248,0.17861776053905487,True,0.02090055740236993
DTLZ7,177,0.02160033459912611,0.019709188491106033,True,0.0018911461080200753
DTLZ7,178,0.09707633580712849,0.053268179297447205,True,0.043808156509681284
DTLZ7,179,0.06559487629592559,0.0653686597943306,True,0.00022621650159498907
DTLZ7,180,0.05371709094386176,0.04783492907881737,True,0.005882161865044394
DTLZ7,181,0.037925579439350376,0.03265353664755821,True,0.005272042791792164
DTLZ7,182,0.06476906449754327,0.06476906687021255,False,-2.3726692832681806e-09
DTLZ7,183,0.10022627016445876,0.07402229309082031,True,0.026203977073638446
DTLZ7,184,0.03351135487973908,0.03351135551929474,False,-6.395556584326556e-10
DTLZ7,185,-0.016417442412475225,-0.01641744188964367,False,-5.228315558269969e-10
DTLZ7,186,0.1973317719850639,0.07599672675132751,True,0.1213350452337364
DTLZ7,187,0.08379205345841184,0.07496798783540726,True,0.008824065623004584
DTLZ7,188,-9.186290248486273e-07,-9.186290412799281e-07,False,1.6431300764452317e-14
DTLZ7,189,0.1654653256238528,0.14813925325870514,True,0.01732607236514766
DTLZ7,190,0.013596643273097397,0.007135297637432814,True,0.006461345635664584
DTLZ7,191,0.01245225280465706,0.012486156076192856,False,-3.390327153579564e-05
DTLZ7,192,-0.0022934121373402727,-0.002293412107974291,False,-2.936598186842332e-11
DTLZ7,193,-0.00782767988194591,-0.007827679626643658,False,-2.553022515616732e-10
DTLZ7,194,-0.0012273240409946262,-0.0012273240135982633,False,-2.7396362956011444e-11
DTLZ7,195,0.20907266773046165,0.1899721473455429,True,0.019100520384918745
DTLZ7,196,0.01329933394028962,0.2826574444770813,False,-0.2693581105367917
DTLZ7,197,0.04851421138554757,0.03828807175159454,True,0.010226139633953024
DTLZ7,198,0.22798653187086393,0.21907642483711243,True,0.008910107033751502
DTLZ7,199,0.07097952358126611,0.0709795206785202,False,2.9027459047537008e-09
DTLZ7,200,0.026669239530951044,0.024135056883096695,True,0.0025341826478543494
DTLZ7,201,0.046828835236505384,0.04727675020694733,False,-0.00044791497044194273
DTLZ7,202,0.012700406896716615,0.01311419252306223,False,-0.0004137856263456141
DTLZ7,203,0.012690792364790093,0.012690792791545391,False,-4.2675529776659005e-10
DTLZ7,204,0.035055669044688625,0.03316185623407364,True,0.0018938128106149865
DTLZ7,205,0.062036723870100646,0.06276419013738632,False,-0.0007274662672856758
DTLZ7,206,0.025945594357959956,0.026130110025405884,False,-0.00018451566744592807
DTLZ7,207,0.04360471277541941,0.043604712933301926,False,-1.5788251261916741e-10
DTLZ7,208,0.038201306968231624,0.03820130601525307,False,9.529785571782412e-10
DTLZ7,209,0.021977127463129825,0.021977126598358154,False,8.647716709386799e-10
DTLZ7,210,0.017447309104720976,0.012792778201401234,True,0.004654530903319742
DTLZ7,211,0.0575250524729502,0.051047734916210175,True,0.006477317556740025
DTLZ7,212,0.06307952185602367,0.06654299050569534,False,-0.003463468649671675
DTLZ7,213,0.04675529398217165,0.04659050330519676,True,0.0001647906769748908
DTLZ7,214,0.2491728239669965,0.12741580605506897,True,0.12175701791192753
DTLZ7,215,0.03548903087753237,0.0354890301823616,False,6.951707681723818e-10
DTLZ7,216,0.06845259913236479,0.06860289722681046,False,-0.00015029809444566666
DTLZ7,217,0.08327157478976821,0.05698800086975098,True,0.026283573920017234
DTLZ7,218,0.025819874452414446,0.025819875299930573,False,-8.475161267229581e-10
DTLZ7,219,0.045964327344865524,0.04392700269818306,True,0.0020373246466824646
DTLZ7,220,0.07971455271092769,0.06032424792647362,True,0.019390304784454068
DTLZ7,221,0.01583814971661504,0.01299426518380642,True,0.0028438845328086215
DTLZ7,222,0.6576227798572254,0.45472195744514465,True,0.20290082241208074
DTLZ7,223,0.05463019456333695,0.05569067224860191,False,-0.00106047768526496
DTLZ7,224,0.023126392654875372,0.02312639355659485,False,-9.017194768645709e-10
DTLZ7,225,0.028565302143401916,0.019146200269460678,True,0.009419101873941238
DTLZ7,226,0.2164967063071757,0.21034367382526398,True,0.0061530324819117355
DTLZ7,227,0.10517241471840655,0.1121768206357956,False,-0.007004405917389045
DTLZ7,228,0.1214776549984328,0.059891313314437866,True,0.06158634168399493
DTLZ7,229,0.10978217013328548,0.0753929540514946,True,0.03438921608179088
DTLZ7,230,0.0445265035538904,0.017344357445836067,True,0.027182146108054334
DTLZ7,231,0.04304950517544813,0.027819963172078133,True,0.015229542003369997
DTLZ7,232,0.09635095517145961,0.07222912460565567,True,0.024121830565803942
DTLZ7,233,0.08237715385405595,0.08196058124303818,True,0.0004165726110177681
DTLZ7,234,0.08821135770281588,0.04565000906586647,True,0.04256134863694941
DTLZ7,235,-0.030328648586205098,-0.030328648164868355,False,-4.213367432726045e-10
DTLZ7,236,0.13700049735138592,0.06166354566812515,True,0.07533695168326077
DTLZ7,237,0.001462195903935981,0.29559770226478577,False,-0.2941355063608498
DTLZ7,238,0.03362893758484953,0.024255573749542236,True,0.009373363835307291
DTLZ7,239,-0.011254064220159204,-0.011254063807427883,False,-4.1273132134200807e-10
DTLZ7,240,-0.006032339649844204,-0.006032339762896299,False,1.1305209546286221e-10
DTLZ7,241,0.008529735310174744,0.006420908961445093,True,0.0021088263487296505
DTLZ7,242,0.21499969736796673,0.17303481698036194,True,0.04196488038760479
DTLZ7,243,0.02087972636769768,0.015078780241310596,True,0.005800946126387083
DTLZ7,244,0.04443941573530563,0.03865756466984749,True,0.005781851065458143
DTLZ7,245,0.03673029979202992,0.17573557794094086,False,-0.13900527814891095
DTLZ7,246,0.1966011325829133,0.07769675552845001,True,0.1189043770544633
DTLZ7,247,-0.017750331175805018,-0.0177503302693367,False,-9.064683170745269e-10
DTLZ7,248,0.08060851178239856,0.06534675508737564,True,0.015261756695022916
DTLZ7,249,0.038664183130184174,0.038664184510707855,False,-1.3805236814823374e-09
DTLZ7,250,0.060366950872305675,0.03712782636284828,True,0.023239124509457393
DTLZ7,251,0.031832993567341594,0.031832993030548096,False,5.36793498540078e-10
DTLZ7,252,-0.007793164771890709,-0.007793164812028408,False,4.0137698720243975e-11
DTLZ7,253,0.033607654429597386,0.026258785277605057,True,0.007348869151992329
DTLZ7,254,0.05660232780192609,0.05662059411406517,False,-1.8266312139081364e-05
DTLZ7,255,0.14028955445550187,0.1186412125825882,True,0.021648341872913673
DTLZ7,256,0.045920189880246876,0.04592018947005272,False,4.101941564194078e-10
DTLZ7,257,-2.7080543665847223e-07,-2.708054296363116e-07,False,-7.022160630754115e-15
DTLZ7,258,0.020171119074966867,0.0076002394780516624,True,0.012570879596915205
DTLZ7,259,0.012896546544557033,0.03893199563026428,False,-0.02603544908570725
DTLZ7,260,0.05458316704227795,0.05712025612592697,False,-0.0025370890836490245
DTLZ7,261,0.07240525001875175,0.06564630568027496,True,0.006758944338476791
DTLZ7,262,0.025820951392154887,0.19242672622203827,False,-0.16660577482988337
DTLZ7,263,0.11751053412602407,0.11751053482294083,False,-6.969167604120585e-10
DTLZ7,264,0.05235565743265397,0.04971648380160332,True,0.002639173631050651
DTLZ7,265,0.054188776856892634,0.038622260093688965,True,0.01556651676320367
DTLZ7,266,0.10238684818229828,0.05675249546766281,True,0.045634352714635465
DTLZ7,267,0.14976297893342,0.13585644960403442,True,0.013906529329385575
DTLZ7,268,0.03479296205278433,0.02980702556669712,True,0.0049859364860872085
DTLZ7,269,0.10279416988257437,0.06871708482503891,True,0.034077085057535456
DTLZ7,270,-4.297571686712187e-07,-4.2975716496584937e-07,False,-3.70536934468646e-15
DTLZ7,271,0.11065980472518981,0.08289514482021332,True,0.027764659904976494
DTLZ7,272,0.018407547256620596,0.0184075478464365,False,-5.89815904450397e-10
DTLZ7,273,-0.007624838023810365,-0.007624838035553694,False,1.1743328531821362e-11
DTLZ7,274,0.06464699117871076,0.03691349923610687,True,0.027733491942603883
DTLZ7,275,0.0013645734208085902,0.33851900696754456,False,-0.33715443354673597
DTLZ7,276,0.17833301852998562,0.17689958214759827,True,0.0014334363823873542
DTLZ7,277,0.05490814129304243,0.0549081414937973,False,-2.0075487106030465e-10
DTLZ7,278,0.02997158866437158,0.025230327621102333,True,0.004741261043269246
DTLZ7,279,-3.000518175588773e-08,-3.000518233875482e-08,False,5.828670879282072e-16
DTLZ7,280,-0.031772978500245144,-0.031772978603839874,False,1.0359473001653186e-10
DTLZ7,281,0.05788173220037873,0.05213272571563721,True,0.005749006484741526
DTLZ7,282,0.04855860001517659,0.04855860024690628,False,-2.317296909915001e-10
DTLZ7,283,0.010819130402348012,0.010819130577147007,False,-1.7479899472316873e-10
DTLZ7,284,0.09831897012508566,0.08561500906944275,True,0.012703961055642907
DTLZ7,285,0.03804633876272566,0.03613380715250969,True,0.00191253161021597
DTLZ7,286,0.04211094462479541,0.035470861941576004,True,0.006640082683219403
DTLZ7,287,0.011288414258001228,0.006895435508340597,True,0.004392978749660631
DTLZ7,288,0.05705862365963123,0.05705862492322922,False,-1.2635979901309824e-09
DTLZ7,289,0.15725707383314444,0.09063299745321274,True,0.0666240763799317
DTLZ7,290,0.1347896037125848,0.13312219083309174,True,0.0016674128794930687
DTLZ7,291,0.17811631024829697,0.1775967925786972,True,0.0005195176695997616
DTLZ7,292,0.018300900186098604,0.015412618406116962,True,0.0028882817799816413
DTLZ7,293,0.08468869981629075,0.06480955332517624,True,0.01987914649111451
DTLZ7,294,0.14627204803735505,0.14437684416770935,True,0.0018952038696457008
DTLZ7,295,0.08369312672239546,0.08200114220380783,True,0.0016919845185876248
DTLZ7,296,0.04850047271664604,0.04859249293804169,False,-9.202022139565003e-05
DTLZ7,297,0.04659572261774665,0.04659572243690491,False,1.8084174435717415e-10
DTLZ7,298,0.060532913005620775,0.0432087704539299,True,0.017324142551690874
DTLZ7,299,0.07460827437654455,0.07223481684923172,True,0.0023734575273128278
DTLZ7,300,0.18265193816597702,0.1622559279203415,True,0.020396010245635532
DTLZ7,301,0.04386571694772305,0.04386571794748306,False,-9.997600108890836e-10
DTLZ7,302,0.018952631784572654,0.018966255709528923,False,-1.362392495626863e-05
DTLZ7,303,0.01809038045190363,0.01809038035571575,False,9.618787710774512e-11
DTLZ7,304,0.04653618703242279,0.04653618857264519,False,-1.5402223940697013e-09
DTLZ7,305,-2.2636760832472902e-07,-2.2636760377281462e-07,False,-4.551914400963142e-15
DTLZ7,306,0.02374714990611551,0.016660941764712334,True,0.0070862081414031775
DTLZ7,307,0.03612680314506578,0.03612680360674858,False,-4.61682803098995e-10
DTLZ7,308,0.0378974885964114,0.037897489964962006,False,-1.3685506061733577e-09
DTLZ7,309,0.02683260901863692,0.026899971067905426,False,-6.736204926850731e-05
DTLZ7,310,0.020206977360854292,0.01926671527326107,True,0.0009402620875932216
DTLZ7,311,0.02143459615570134,0.01402193121612072,True,0.007412664939580621
DTLZ7,312,0.05402918447274903,0.0540291853249073,False,-8.521582745002476e-10
DTLZ7,313,0.06905230641875885,0.0418023057281971,True,0.027250000690561757
DTLZ7,314,0.075717149087069,0.07571715116500854,False,-2.077939542655116e-09
DTLZ7,315,0.008291444832227143,0.006481988355517387,True,0.001809456476709756
DTLZ7,316,0.012207327238784774,0.007407980039715767,True,0.004799347199069007
DTLZ7,317,0.021058490109722244,0.01815062388777733,True,0.002907866221944916
DTLZ7,318,-0.02014001721516369,-0.020140016451478004,False,-7.636856841353179e-10
DTLZ7,319,0.09445789712745954,0.056290075182914734,True,0.03816782194454481
DTLZ7,320,0.06582957555043713,0.05987491086125374,True,0.005954664689183389
DTLZ7,321,0.021338002447992208,0.01377191673964262,True,0.0075660857083495875
DTLZ7,322,0.025198656822034426,0.025228118523955345,False,-2.946170192091868e-05
DTLZ7,323,0.04670648257319768,0.048523858189582825,False,-0.0018173756163851473
DTLZ7,324,0.040758020747438506,0.018974600359797478,True,0.021783420387641028
DTLZ7,325,0.07931574706007592,0.06047944724559784,True,0.018836299814478083
DTLZ7,326,0.012436157913858423,0.012923741713166237,False,-0.00048758379930781415
DTLZ7,327,0.06378062768770837,0.07782240211963654,False,-0.014041774431928167
DTLZ7,328,0.023534806130561664,0.02348380535840988,True,5.100077215178245e-05
DTLZ7,329,0.2015089517006805,0.19753581285476685,True,0.00397313884591366
DTLZ7,330,0.09567836460800037,0.08387026190757751,True,0.01180810270042286
DTLZ7,331,0.13016512316509102,0.08653751015663147,True,0.04362761300845955
DTLZ7,332,0.08684539854962131,0.0745730847120285,True,0.012272313837592808
DTLZ7,333,0.16706706624876355,0.15174652636051178,True,0.015320539888251772
DTLZ7,334,0.15525591991025184,0.15525591373443604,False,6.175815803199924e-09
DTLZ7,335,0.04222400508535591,0.012849567458033562,True,0.02937443762732235
DTLZ7,336,-0.018010345931927532,-0.018010346218943596,False,2.8701606369363475e-10
DTLZ7,337,0.12764953083250385,0.12764953076839447,False,6.410938446776981e-11
DTLZ7,338,0.0326211703014075,0.03266417607665062,False,-4.300577524311844e-05
DTLZ7,339,0.014926875410024562,0.014049068093299866,True,0.0008778073167246964
DTLZ7,340,0.1990351759095146,0.17406684160232544,True,0.02496833430718917
DTLZ7,341,0.02522764659139022,0.18468627333641052,False,-0.15945862674502032
DTLZ7,342,0.19612988485268268,0.18000859022140503,True,0.01612129463127765
DTLZ7,343,0.19724933635164552,0.1764805018901825,True,0.02076883446146302
DTLZ7,344,0.12240847772389288,0.10814358294010162,True,0.014264894783791254
DTLZ7,345,0.16007688111920826,0.11198142170906067,True,0.04809545941014759
DTLZ7,346,-0.000143249888957947,0.009110610000789165,False,-0.009253859889747112
DTLZ7,347,0.06654678649168728,0.06423811614513397,True,0.0023086703465533126
DTLZ7,348,-0.007691305971799331,-0.007691306062042713,False,9.024338221141903e-11
DTLZ7,349,0.038651956293410186,0.0386519581079483,False,-1.8145381169842878e-09
DTLZ7,350,0.0787924271576986,0.07154673337936401,True,0.007245693778334589
DTLZ7,351,0.2048254164469411,0.15716198086738586,True,0.04766343557955524
DTLZ7,352,0.007087602645381025,0.007087602745741606,False,-1.0036058095685974e-10
DTLZ7,353,-0.006189763946537266,-0.0061897640116512775,False,6.511401140496531e-11
DTLZ7,354,0.17192566647681926,0.03532902151346207,True,0.1365966449633572
DTLZ7,355,0.1897088486531861,0.18674631416797638,True,0.0029625344852097224
DTLZ7,356,0.11847280837035892,0.1032317653298378,True,0.015241043040521124
DTLZ7,357,0.19575487549277687,0.19540080428123474,True,0.0003540712115421285
DTLZ7,358,0.13042458128362125,0.08706348389387131,True,0.04336109738974994
DTLZ7,359,0.09552159943121488,0.09154776483774185,True,0.00397383459347303
DTLZ7,360,0.20866523333329823,0.1952180564403534,True,0.013447176892944834
DTLZ7,361,0.18347686506186603,0.17156201601028442,True,0.011914849051581605
DTLZ7,362,0.1535921713586466,0.14899446070194244,True,0.004597710656704168
DTLZ7,363,-2.3765804460507134e-07,-2.3765804257891432e-07,False,-2.0261570199409107e-15
DTLZ7,364,0.17463167397496382,0.14086300134658813,True,0.033768672628375684
DTLZ7,365,0.22396257562141794,0.2073269784450531,True,0.01663559717636484
DTLZ7,366,0.24428088553889388,0.2183414101600647,True,0.02593947537882918
DTLZ7,367,0.1592749222796842,0.14258739352226257,True,0.016687528757421632
DTLZ7,368,0.09905579504742257,0.07948420941829681,True,0.019571585629125754
DTLZ7,369,0.012632620580116327,0.16341908276081085,False,-0.15078646218069452
DTLZ7,370,-0.004894343743369098,-0.0048943436704576015,False,-7.29114962849664e-11
DTLZ7,371,0.012625738867140482,0.01264951191842556,False,-2.3773051285078117e-05
DTLZ7,372,0.012614286506202402,0.16900749504566193,False,-0.15639320853945954
DTLZ7,373,0.051801651796768405,0.10479079931974411,False,-0.052989147522975705
DTLZ7,374,0.27839514452614567,0.2658420503139496,True,0.012553094212196081
DTLZ7,375,0.20269557494459853,0.19680218398571014,True,0.005893390958888384
DTLZ7,376,0.23977989172011255,0.2114926278591156,True,0.028287263860996947
DTLZ7,377,0.13722537788347383,0.13722537457942963,False,3.30404420489927e-09
DTLZ7,378,0.2503765285692291,0.08158773183822632,True,0.16878879673100278
DTLZ7,379,-0.19924052581557788,-0.1992405205965042,False,-5.219073673234931e-09
DTLZ7,380,0.08143338130678189,0.010628201067447662,True,0.07080518023933423
DTLZ7,381,0.31732868982582496,0.28099751472473145,True,0.036331175101093516
DTLZ7,382,0.20908977184972458,0.19892287254333496,True,0.010166899306389615
DTLZ7,383,-0.006467537273483516,-0.006276119500398636,False,-0.00019141777308488012
DTLZ7,384,0.2453467017266589,0.24540725350379944,False,-6.055177714053839e-05
DTLZ7,385,0.2796526838832645,0.24853987991809845,True,0.031112803965166025
DTLZ7,386,0.05796194605134174,0.05796194449067116,False,1.560670578881762e-09
DTLZ7,387,-0.0029044047720144656,-0.0029044048860669136,False,1.140524480414129e-10
DTLZ7,388,0.11537126217736285,0.11320754140615463,True,0.0021637207712082163
DTLZ7,389,0.2651384603231498,0.2163984775543213,True,0.048739982768828516
DTLZ7,390,-0.0023873454919968867,-0.0022828769870102406,False,-0.00010446850498664617
DTLZ7,391,0.012578613588861476,0.012969942763447762,False,-0.0003913291745862857
DTLZ7,392,0.06169741079026621,0.04864300414919853,True,0.013054406641067676
DTLZ7,393,0.06687302533224178,0.06384452432394028,True,0.0030285010083015013
DTLZ7,394,0.02229138918405201,0.022291388362646103,False,8.214059085687175e-10
DTLZ7,395,0.012565752354270432,0.12924228608608246,False,-0.11667653373181203
DTLZ7,396,0.07469211685056523,0.045297734439373016,True,0.029394382411192216
DTLZ7,397,0.11700355170373238,0.11686371266841888,True,0.00013983903531349096
DTLZ7,398,0.07266136756747665,0.1194935292005539,False,-0.04683216163307724
DTLZ7,399,0.05899522252189554,0.06199067458510399,False,-0.002995452063208448
DTLZ7,400,0.14821958012029282,0.1179732009768486,True,0.03024637914344422
DTLZ7,401,0.05608907865233176,0.05784662812948227,False,-0.0017575494771505107
DTLZ7,402,0.02022645748968986,0.015946701169013977,True,0.004279756320675884
DTLZ7,403,0.04716238831368359,0.047162387520074844,False,7.936087481619225e-10
DTLZ7,404,0.145486539708191,0.10201860219240189,True,0.04346793751578912
DTLZ7,405,0.018802373723359966,0.06965290009975433,False,-0.05085052637639437
DTLZ7,406,0.12065415744474171,0.07455069571733475,True,0.046103461727406966
DTLZ7,407,0.24126198719494135,0.20022858679294586,True,0.04103340040199549
DTLZ7,408,0.006657285520995579,0.0068747797049582005,False,-0.00021749418396262155
DTLZ7,409,0.1476726301497533,0.03703397512435913,True,0.11063865502539416
DTLZ7,410,0.2337412859142054,0.23176738619804382,True,0.0019738997161615757
DTLZ7,411,-0.0035963557157954185,-0.0035963556729257107,False,-4.2869707783665945e-11
DTLZ7,412,0.27096762108843475,0.2489010989665985,True,0.02206652212183624
DTLZ7,413,0.1642443280686225,0.013503667898476124,True,0.15074066017014637
DTLZ7,414,0.21333196545915978,0.21123018860816956,True,0.0021017768509902224
DTLZ7,415,0.04548407088260217,0.045622263103723526,False,-0.00013819222112135265
DTLZ7,416,0.15416695827059257,0.14029596745967865,True,0.013870990810913919
DTLZ7,417,-0.0068225129087038094,-0.006822512950748205,False,4.204439574273522e-11
DTLZ7,418,0.14315650170871697,0.11029976606369019,True,0.03285673564502678
DTLZ7,419,0.06728223155343249,0.06728222966194153,False,1.891490963856768e-09
DTLZ7,420,0.16417706950153566,0.013368661515414715,True,0.15080840798612094
DTLZ7,421,0.019935256293082883,0.00941834133118391,True,0.010516914961898972
DTLZ7,422,-0.0017761907487043385,-0.0017761907074600458,False,-4.124429270335739e-11
DTLZ7,423,0.12615982730414815,0.12446454912424088,True,0.001695278179907278
DTLZ7,424,-0.002126015737670142,-0.0021260157227516174,False,-1.4918524748885886e-11
DTLZ7,425,0.1971825382423611,0.17960791289806366,True,0.017574625344297434
DTLZ7,426,0.09846321099337249,0.0840647742152214,True,0.014398436778151086
DTLZ7,427,0.2247735489192285,0.1847689151763916,True,0.04000463374283689
DTLZ7,428,0.01705436712314616,0.1601077765226364,False,-0.14305340939949024
DTLZ7,429,0.24075967907594212,0.20577923953533173,True,0.03498043954061039
DTLZ7,430,0.15494013708570492,0.15498648583889008,False,-4.6348753185154745e-05
DTLZ7,431,0.1707327605045086,0.1646614372730255,True,0.0060713232314831
DTLZ7,432,0.1994419329570704,0.17933489382266998,True,0.02010703913440043
DTLZ7,433,0.10753767082007411,0.09621576219797134,True,0.011321908622102764
DTLZ7,434,0.026265449386302882,0.00632329611107707,True,0.01994215327522581
DTLZ7,435,0.16893538456339138,0.16768991947174072,True,0.0012454650916506604
DTLZ7,436,0.15715899257726668,0.1531139612197876,True,0.004045031357479079
DTLZ7,437,0.1880153385592423,0.14532570540905,True,0.04268963315019231
DTLZ7,438,0.017625375120757195,0.01272926852107048,True,0.004896106599686714
DTLZ7,439,0.012822900041881295,0.01385769248008728,False,-0.001034792438205985
DTLZ7,440,0.03940901257676002,0.03940901160240173,False,9.743582884969015e-10
MMF1,1,0.07931476980636776,0.052687350660562515,True,0.026627419145805242
MMF1,2,0.05903300325887112,0.05904866009950638,False,-1.565684063525863e-05
MMF1,3,0.044424093231656636,0.044501882046461105,False,-7.77888148044692e-05
MMF1,4,-0.09048260648410614,-0.09097882360219955,True,0.0004962171180934172
MMF1,5,0.02840689414532266,0.02836601994931698,True,4.087419600568021e-05
MMF1,6,0.024606297911286323,0.024625826627016068,False,-1.9528715729744128e-05
MMF1,7,-0.05857515335024657,-0.06342610716819763,True,0.004850953817951059
MMF1,8,0.02016432171694227,0.018370430916547775,True,0.0017938908003944931
MMF1,9,0.058266539511706905,0.011337598785758018,True,0.04692894072594889
MMF1,10,0.061277408812182216,0.043137747794389725,True,0.01813966101779249
MMF1,11,-0.008247761201053805,-0.01275856513530016,True,0.004510803934246355
MMF1,12,0.013245552481069844,0.007295522838830948,True,0.0059500296422388965
MMF1,13,0.010427332612032436,0.010430690832436085,False,-3.3582204036486374e-06
MMF1,14,0.01427450950337772,0.014023125171661377,True,0.0002513843317163422
MMF1,15,0.02271542773443591,0.02276843599975109,False,-5.300826531517977e-05
MMF1,16,0.03287640830231095,0.017334355041384697,True,0.015542053260926253
MMF1,17,-0.02409775443778578,-0.024112829938530922,True,1.5075500745143078e-05
MMF1,18,-0.0013487248582344513,-0.009653165936470032,True,0.00830444107823558
MMF1,19,0.01872724033641629,0.016086488962173462,True,0.002640751374242828
MMF1,20,0.029319811504011473,0.04322372004389763,False,-0.013903908539886156
MMF1,21,0.047447266410524436,0.031972914934158325,True,0.01547435147636611
MMF1,22,0.04837495914817433,0.025612100958824158,True,0.02276285818935017
MMF1,23,-0.007800684631081634,-0.007799050770699978,False,-1.633860381655694e-06
MMF1,24,0.0936557609398882,0.09365575760602951,False,3.3338586891140665e-09
MMF1,25,0.017305907985635333,0.01732392981648445,False,-1.802183084911868e-05
MMF1,26,0.004142241132136598,0.0035820838529616594,True,0.0005601572791749387
MMF1,27,0.0835806949477915,0.4044751524925232,False,-0.32089445754473167
MMF1,28,-0.011922091473310859,0.1510177105665207,False,-0.16293980203983155
MMF1,29,0.03228001473898112,0.03168807178735733,True,0.0005919429516237917
MMF1,30,0.19315206978090804,0.1931520700454712,False,-2.645631491660083e-10
MMF1,31,0.011299316487715427,0.018948247656226158,False,-0.007648931168510731
MMF1,32,0.04187094667431615,0.04187094792723656,False,-1.2529204063138621e-09
MMF1,33,0.003222641782180874,0.0031994206365197897,True,2.322114566108424e-05
MMF1,34,0.21987174505241408,0.21987174451351166,False,5.389024226865047e-10
MMF1,35,-0.3816258024308698,-0.3811568319797516,False,-0.00046897045111821134
MMF1,36,0.11851985087323677,0.1185198500752449,False,7.979918670297792e-10
MMF1,37,-0.10983743026179987,-0.11025042086839676,True,0.0004129906065968858
MMF1,38,0.014689967786169988,0.2231730967760086,False,-0.20848312898983862
MMF1,39,-0.0845668643433635,-0.08772854506969452,True,0.003161680726331023
MMF1,40,0.008555402371812376,0.0021696400362998247,True,0.0063857623355125515
MMF1,41,0.10768838077391923,0.10768838226795197,False,-1.4940327308643475e-09
MMF1,42,0.12519541689057476,0.12519541382789612,False,3.062678638476868e-09
MMF1,43,0.09766064450184674,0.09766064584255219,False,-1.3407054494374293e-09
MMF1,44,0.09885378370729919,0.09885378181934357,False,1.8879556251683027e-09
MMF1,45,0.04822384291273012,0.048223841935396194,False,9.773339221252897e-10
MMF1,46,0.1320115184429834,0.1320115178823471,False,5.606362873944448e-10
MMF1,47,-1.3519727450117962,-1.3519760370254517,True,3.2920136554537294e-06
MMF1,48,0.15076635188519286,0.15076635777950287,False,-5.894310012299897e-09
MMF11_L,1,0.09917199459123188,0.09921561926603317,False,-4.3624674801290286e-05
MMF11_L,2,0.10768672212724645,0.10769248753786087,False,-5.765410614422262e-06
MMF11_L,3,0.13914226822541176,0.1391439288854599,False,-1.6606600481416933e-06
MMF11_L,4,0.018201574068037185,0.018201574683189392,False,-6.15152206950853e-10
MMF11_L,5,0.08494415454121149,0.08522805571556091,False,-0.00028390117434942685
MMF11_L,6,0.14674388743614022,0.14674389362335205,False,-6.187211826214067e-09
MMF11_L,7,-0.4494734694405428,-0.44947361946105957,False,1.5002051678703054e-07
MMF11_L,8,-0.002796332200038998,-0.009129592217504978,True,0.00633326001746598
MMF11_L,9,0.05492149019955295,0.05492148920893669,False,9.906162556916343e-10
MMF11_L,10,0.08600931817647695,0.08501434326171875,True,0.0009949749147581954
MMF11_L,11,0.0899538856463512,0.08995990455150604,False,-6.018905154836496e-06
MMF11_L,12,0.061738825743203996,0.0617390014231205,False,-1.756799165031353e-07
MMF11_L,13,0.0777410171043772,0.07774101942777634,False,-2.3233991397475506e-09
MMF11_L,14,0.047805687226218085,0.04780609533190727,False,-4.081056891869217e-07
MMF11_L,15,0.09879259338168889,0.09879220277070999,False,3.906109788953671e-07
MMF11_L,16,-0.18863087848790414,-0.18862949311733246,False,-1.3853705716770914e-06
MMF11_L,17,0.030952194769170438,0.030956674367189407,False,-4.479598018969355e-06
MMF11_L,18,0.07045924688506838,0.07045939564704895,False,-1.487619805673468e-07
MMF11_L,19,0.11365316649969767,0.11365051567554474,True,2.6508241529332732e-06
MMF11_L,20,0.13259916139594727,0.16038666665554047,False,-0.027787505259593198
MMF11_L,21,0.12733056054429798,0.12733055651187897,False,4.032419009813992e-09
MMF11_L,22,0.1296540164496386,0.12965209782123566,True,1.9186284029304446e-06
MMF11_L,23,0.03180401228667329,0.03180411458015442,False,-1.0229348113011127e-07
MMF11_L,24,-0.7557184764003791,-0.7570176124572754,True,0.001299136056896244
MMF11_L,25,0.05744642136696293,0.057446420192718506,False,1.1742444239182248e-09
MMF11_L,26,0.15726249969921707,0.1313035786151886,True,0.025958921084028475
MMF11_L,27,0.0776720422469277,0.07737050950527191,True,0.0003015327416557856
MMF11_L,28,0.12571373023735155,0.1253194510936737,True,0.0003942791436778448
MMF11_L,29,0.09139267443351429,0.09121901541948318,True,0.0001736590140311023
MMF11_L,30,0.010021491489972778,0.010021491907536983,False,-4.1756420543492823e-10
MMF11_L,31,-0.016855503525821408,-0.017219670116901398,True,0.0003641665910799896
MMF11_L,32,0.1466929818740783,0.1340639889240265,True,0.01262899295005182
MMF11_L,33,0.08112241750114338,0.08055396378040314,True,0.0005684537207402418
MMF11_L,34,0.10266008672554863,0.10220131278038025,True,0.00045877394516838366
MMF11_L,35,0.06873047862301829,0.06892353296279907,False,-0.0001930543397807849
MMF11_L,36,0.09568289329748576,0.0936768501996994,True,0.0020060430977863614
MMF11_L,37,0.1390705816578792,0.13907058537006378,False,-3.7121845875009996e-09
MMF11_L,38,0.07975760584155223,0.07887009531259537,True,0.0008875105289568586
MMF11_L,39,0.11405396362188838,0.09505581110715866,True,0.01899815251472972
MMF11_L,40,0.0691738812703336,0.09035632014274597,False,-0.021182438872412376
MMF16_20,1,-0.4147455100090019,-0.4147455096244812,False,-3.845206930641609e-10
MMF16_20,2,-0.16116718831936316,-0.1611671894788742,False,1.159511042736483e-09
MMF16_20,3,-0.15279604281930514,-0.15279604494571686,False,2.126411713376797e-09
MMF16_20,4,0.009015605039099595,0.009152734652161598,False,-0.00013712961306200366
MMF16_20,5,0.035640634244160196,0.03564063459634781,False,-3.5218761240685126e-10
MMF16_20,6,0.09657107205227058,0.09679733216762543,False,-0.0002262601153548427
MMF16_20,7,0.12036673128919295,0.12036672979593277,False,1.493260182172662e-09
MMF16_20,8,-0.09209049213479858,-0.09209049493074417,False,2.7959455861648053e-09
MMF16_20,9,-0.06350501924697882,-0.06350501626729965,False,-2.979679170067584e-09
MMF16_20,10,-0.214709506966188,-0.21470950543880463,False,-1.5273833864348774e-09
MMF16_20,11,0.11953841894928671,0.11953841894865036,False,6.363520821395241e-13
MMF16_20,12,-0.42820441626146133,-0.42820441722869873,False,9.672374012836826e-10
MMF16_20,13,-0.3345342316748153,-0.334534227848053,False,-3.8267622959331504e-09
MMF16_20,14,0.003051617966776332,0.0030267073307186365,True,2.4910636057695612e-05
MMF16_20,15,-0.22949500125160172,-0.22949500381946564,False,2.5678639214987697e-09
MMF16_20,16,-0.10449525105855906,-0.10449524968862534,False,-1.3699337220174357e-09
MMF16_20,17,-0.10792929413479324,-0.1079292967915535,False,2.6567602562366233e-09
MMF16_20,18,-0.04193502565075985,-0.0419350266456604,False,9.949005508325115e-10
MMF16_20,19,0.03808689667412707,0.038086894899606705,False,1.7745203639840668e-09
MMF16_20,20,0.1482961277214136,0.14829613268375397,False,-4.962340371950091e-09
MMF16_20,21,0.19707792617857953,0.1970779299736023,False,-3.795022768260381e-09
MMF16_20,22,-0.15823846889623056,-0.1582384705543518,False,1.6581212514132915e-09
MMF16_20,23,0.14277924714296047,0.1427672803401947,True,1.1966802765772666e-05
MMF16_20,24,-0.07672207704411482,-0.07672207802534103,False,9.812262113939596e-10
MMF16_20,25,0.20974371806170994,0.20941340923309326,True,0.00033030882861667665
MMF16_20,26,0.07691661307419406,0.07691661268472672,False,3.8946734726152954e-10
MMF16_20,27,-0.5686934428607748,-0.5686934590339661,False,1.6173191230706152e-08
MMF16_20,28,0.09794470411862316,0.0979447066783905,False,-2.5597673425359346e-09
MMF16_20,29,0.08510240730479918,0.08510240912437439,False,-1.8195752127248e-09
MMF16_20,30,0.17072742499338978,0.1707274317741394,False,-6.78074962845443e-09
MMF16_20,31,-0.1239355064325301,-0.1239355057477951,False,-6.847349909300249e-10
MMF16_20,32,0.0494923159674685,0.04949231445789337,False,1.5095751315641337e-09
MMF16_20,33,-0.16075362149281924,-0.16075362265110016,False,1.1582809156251983e-09
MMF16_20,34,0.05147157579427536,0.05147157609462738,False,-3.003520210320687e-10
MMF16_20,35,0.11178094676831007,0.11178094893693924,False,-2.1686291651334955e-09
MMF16_20,36,-0.18166484534056482,-0.18166483938694,False,-5.953624815369096e-09
MMF16_20,37,0.0841334950231083,0.08413349837064743,False,-3.347539134779254e-09
MMF16_20,38,-0.2687666508871458,-0.2687666416168213,False,-9.27032450803722e-09
MMF16_20,39,-0.11886082185311575,-0.11886165291070938,False,8.310575936310016e-07
MMF16_20,40,0.09487970118975161,0.09487970173358917,False,-5.438375583199928e-10
MMF16_20,41,0.07364280705284065,0.0736428052186966,False,1.8341440588542923e-09
MMF16_20,42,0.0782337585936301,0.0782337561249733,False,2.4686568067533443e-09
MMF16_20,43,-0.25431707183652347,-0.2543170750141144,False,3.1775909126174895e-09
MMF16_20,44,0.1351166769180065,0.13511668145656586,False,-4.538559361666472e-09
MMF16_20,45,0.01484262342809567,0.014842623844742775,False,-4.166471057054366e-10
MMF16_20,46,0.03165034197517591,0.03165034204721451,False,-7.203859730964268e-11
MMF16_20,47,-0.20980689283883586,-0.209806889295578,False,-3.5432578537886172e-09
MMF16_20,48,-0.019562301333536425,-0.01956230215728283,False,8.237464044213993e-10
MMF16_20,49,-0.20976954593654573,-0.20976954698562622,False,1.0490804891460925e-09
MMF16_20,50,0.08910024428230778,0.08910024166107178,False,2.6212360060284823e-09
MMF16_20,51,0.10214580302000614,0.10214580595493317,False,-2.934927023634515e-09
MMF16_20,52,-0.023461592481271443,-0.023461593315005302,False,8.337338597286248e-10
MMF16_20,53,0.14462352554515134,0.1446235328912735,False,-7.346122155027501e-09
MMF16_20,54,0.1183779602762732,0.11833078414201736,True,4.717613425583855e-05
MMF16_20,55,0.0638501388510016,0.06385014206171036,False,-3.2107087544197555e-09
MMF16_20,56,-0.3550720404968199,-0.3550720512866974,False,1.0789877491479416e-08
MMF16_20,57,-0.43527232289537604,-0.43527233600616455,False,1.311078851040648e-08
MMF16_20,58,0.038483408387281814,0.038339126855134964,True,0.00014428153214685047
MMF16_20,59,0.15535371335221246,0.15538981556892395,False,-3.610221671149216e-05
MMF16_20,60,0.03745230428441071,0.03745230287313461,False,1.4112760959861248e-09
MMF16_20,61,-0.23660703411653547,-0.23660703003406525,False,-4.082470222988022e-09
MMF16_20,62,0.13238259647363934,0.1323826014995575,False,-5.025918153878095e-09
MMF16_20,63,-0.022287964383677028,-0.022287964820861816,False,4.3718478837107e-10
MMF16_20,64,-0.3386672199757061,-0.33866721391677856,False,-6.058927526364499e-09
MMF16_20,65,-0.328350635435995,-0.32835063338279724,False,-2.0531977784621347e-09
MMF16_20,66,-0.0351438683118549,-0.03517775982618332,True,3.38915143284213e-05
MMF16_20,67,0.12294656935063604,0.12294656783342361,False,1.5172124251394692e-09
MMF16_20,68,-0.026756887372924587,-0.02675688825547695,False,8.825523645228373e-10
MMF16_20,69,0.07513083415795202,0.07513083517551422,False,-1.0175622011665553e-09
MMF16_20,70,-0.1823159038967311,-0.1823159009218216,False,-2.9749095131759162e-09
MMF16_20,71,-0.024343627269206303,-0.0243198461830616,False,-2.378108614470298e-05
MMF16_20,72,-0.10155025481786284,-0.10155174881219864,True,1.4939943357994423e-06
MMF16_20,73,-0.02895861951482881,-0.028958618640899658,False,-8.739291512682712e-10
MMF16_20,74,0.07740629460041842,0.07740629464387894,False,-4.346051296622022e-11
MMF16_20,75,-0.10901101818417397,-0.10901101678609848,False,-1.3980754887121805e-09
MMF16_20,76,-0.060152107288858614,-0.06015210598707199,False,-1.3017866229425579e-09
MMF16_20,77,-0.013950828673801985,-0.013950828462839127,False,-2.1096285829358408e-10
MMF16_20,78,-0.04346010822581409,-0.04346010833978653,False,1.1397244259470085e-10
MMF16_20,79,0.019349143781489886,0.019345058128237724,True,4.085653252161592e-06
MMF16_20,80,-0.07998424101102042,-0.07998424023389816,False,-7.771222554353585e-10
MMF16_20,81,-0.03517089631410614,-0.03500233218073845,False,-0.00016856413336768794
MMF16_20,82,-0.05989214864019338,-0.06005855277180672,True,0.00016640413161334022
MMF16_20,83,0.02102192513605025,0.021021924912929535,False,2.2312071634722486e-10
MMF16_20,84,-0.011326583840203852,-0.014358047395944595,True,0.0030314635557407432
MMF16_20,85,-0.05450806205681871,-0.054508060216903687,False,-1.8399150258918695e-09
MMF16_20,86,-0.02218843839770701,-0.022757744416594505,True,0.0005693060188874943
MMF16_20,87,0.077165381077655,0.07474163174629211,True,0.0024237493313628844
MMF16_20,88,-0.030734575788426477,-0.030734576284885406,False,4.964589295219923e-10
MMF16_20,89,0.10413806466658188,0.10361925512552261,True,0.0005188095410592619
MMF16_20,90,0.04722723207458829,0.04722723364830017,False,-1.5737118830294605e-09
MMF16_20,91,0.05022042127644771,0.05022042244672775,False,-1.1702800395418933e-09
MMF16_20,92,0.026045790787257272,0.026045789942145348,False,8.451119248853445e-10
MMF16_20,93,-0.2291361331937109,-0.2291361391544342,False,5.960723303832793e-09
MMF16_20,94,-0.011702311861721715,-0.011938320472836494,True,0.00023600861111477967
MMF16_20,95,-0.006136279520558563,-0.0061362795531749725,False,3.2616409573194005e-11
MMF16_20,96,0.1316685060640643,0.13166850805282593,False,-1.988761627602642e-09
MMF16_20,97,0.14829331382715824,0.14829331636428833,False,-2.537130089352857e-09
MMF16_20,98,-0.13580704803073407,-0.13580705225467682,False,4.2239427511248095e-09
MMF16_20,99,0.14107580411307477,0.14099282026290894,True,8.298385016583532e-05
MMF16_20,100,0.09974553641065406,0.09955392777919769,True,0.0001916086314563692
MMF16_20,101,0.13170673235195673,0.13170672953128815,False,2.8206685875886706e-09
MMF16_20,102,0.12973886945668922,0.12973886728286743,False,2.1738217892419698e-09
MMF16_20,103,-0.014449400571458826,-0.015206113457679749,True,0.0007567128862209227
MMF16_20,104,0.1426712408921774,0.14267092943191528,False,3.114602621090423e-07
MMF16_20,105,0.0937165442946604,0.09371654689311981,False,-2.5984594059780264e-09
MMF16_20,106,-0.01107882715814662,-0.01107882708311081,False,-7.503581089807199e-11
MMF16_20,107,0.05052235121561682,0.04996353015303612,True,0.0005588210625807055
MMF16_20,108,-0.007506594366224417,-0.007506594527512789,False,1.6128837154738562e-10
MMF16_20,109,0.0036762133983262446,0.0030703421216458082,True,0.0006058712766804364
MMF16_20,110,-0.005182080711162496,-0.011681935749948025,True,0.006499855038785529
MMF16_20,111,0.128224893627161,0.12785974144935608,True,0.00036515217780491716
MMF16_20,112,-0.009143846327884064,-0.012482625432312489,True,0.0033387791044284243
MMF16_20,113,0.025618951121597372,0.02561895176768303,False,-6.460856571965934e-10
MMF16_20,114,0.07301204343309996,0.07301204651594162,False,-3.0828416625050536e-09
MMF16_20,115,-0.00436845919252124,-0.007618948817253113,True,0.0032504896247318726
MMF16_20,116,0.10608357225320121,0.10489580035209656,True,0.0011877719011046534
MMF16_20,117,0.10143728815869983,0.10110972076654434,True,0.00032756739215548947
MMF16_20,118,-0.001988480518841762,-0.0044575827196240425,True,0.0024691022007822805
MMF16_20,119,0.06124150271187842,0.05891677364706993,True,0.0023247290648084895
MMF16_20,120,0.040560418740114346,0.04056042060256004,False,-1.8624456976645831e-09
MMF16_20,121,0.02438911647049677,0.02438911609351635,False,3.7698041910338986e-10
MMF16_20,122,-0.13193283084236437,-0.1319328248500824,False,-5.992281976174851e-09
MMF16_20,123,0.019590901182314935,0.01959090121090412,False,-2.8589186573668712e-11
MMF16_20,124,0.08419786224539061,0.08419786393642426,False,-1.6910336464448505e-09
MMF16_20,125,0.07190677258539346,0.06816596537828445,True,0.0037408072071090093
MMF16_20,126,0.102221890205771,0.10222189128398895,False,-1.0782179593604724e-09
MMF16_20,127,0.04514048897505349,0.0423080176115036,True,0.0028324713635498877
MMF16_20,128,-0.06723048599395509,-0.06723048537969589,False,-6.142591990609958e-10
MMF16_20,129,0.14058519641053394,0.14058519899845123,False,-2.587917297125486e-09
MMF16_20,130,0.10069482924743607,0.10069482773542404,False,1.5120120294698225e-09
MMF16_20,131,0.0022380388466632928,-0.003239643992856145,True,0.005477682839519438
MMF16_20,132,-0.06635527684314152,-0.06635527312755585,False,-3.715585672470212e-09
MMF16_20,133,0.04941991410780405,0.0494123138487339,True,7.600259070150717e-06
MMF16_20,134,0.09839689802124046,0.09791355580091476,True,0.00048334222032569985
MMF16_20,135,-0.008737287588131692,-0.008771107532083988,True,3.3819943952295706e-05
MMF16_20,136,0.1467540063539272,0.14675401151180267,False,-5.157875460071182e-09
MMF16_20,137,0.10348565533666465,0.10348565876483917,False,-3.4281745220354765e-09
MMF16_20,138,0.044905976916708,0.04484223574399948,True,6.37411727085202e-05
MMF16_20,139,-0.0011513322576040819,-0.0034841459710150957,True,0.002332813713411014
MMF16_20,140,0.05152677646770884,0.05152677744626999,False,-9.785611487789225e-10
MMF16_20,141,0.056642595885288693,0.055023591965436935,True,0.001619003919851758
MMF16_20,142,0.1030246761757267,0.1030246764421463,False,-2.6641959471884746e-10
MMF16_20,143,0.09825469603683075,0.09821715950965881,True,3.7536527171935785e-05
MMF16_20,144,0.05058979564278698,0.05058979615569115,False,-5.129041635854037e-10
MMF16_20,145,0.04496395982317822,0.044963959604501724,False,2.1867649357965036e-10
MMF16_20,146,0.1424073148809643,0.14240731298923492,False,1.891729384251306e-09
MMF16_20,147,0.046661532909946485,0.046661533415317535,False,-5.053710505631415e-10
MMF16_20,148,0.09174973778077015,0.09174973517656326,False,2.6042068917986327e-09
MMF16_20,149,0.01965723201331232,0.019657231867313385,False,1.4599893516376028e-10
MMF16_20,150,0.045140210210475734,0.045140210539102554,False,-3.286268202007392e-10
MMF16_20,151,0.048895221112285475,0.0489477813243866,False,-5.2560212101121495e-05
MMF16_20,152,-0.10750654105729326,-0.10750654339790344,False,2.340610177897773e-09
MMF16_20,153,0.11840246775138726,0.11814142763614655,True,0.0002610401152407099
MMF16_20,154,0.10102496639223191,0.10086314380168915,True,0.0001618225905427595
MMF16_20,155,0.1425535852220456,0.14255358278751373,False,2.4345318538898653e-09
MMF16_20,156,-0.016571796885449686,-0.01657179743051529,False,5.450656037631063e-10
MMF16_20,157,0.030668742874748967,0.030668742954730988,False,-7.998202100623075e-11
MMF16_20,158,0.035777359730805536,0.035763926804065704,True,1.343292673983143e-05
MMF16_20,159,-0.06468191302835871,-0.06468190997838974,False,-3.0499689718244127e-09
MMF16_20,160,-0.006410104615580947,-0.006405404303222895,False,-4.700312358052461e-06
MMF16_20,161,-0.006419152412851931,-0.009983247146010399,True,0.0035640947331584683
MMF16_20,162,0.09094347061499286,0.09094347059726715,False,1.7725709788862787e-11
MMF16_20,163,-0.016645868681014586,-0.01638314686715603,False,-0.0002627218138585574
MMF16_20,164,0.08111104890363746,0.08111105114221573,False,-2.2385782671996424e-09
MMF16_20,165,-0.010652033418932116,-0.011369957588613033,True,0.0007179241696809169
MMF16_20,166,-0.005586842365076727,-0.00558684254065156,False,1.755748324505646e-10
MMF16_20,167,0.056867790792531486,0.05654880404472351,True,0.00031898674780797553
MMF16_20,168,-0.021913057373221134,-0.021913057193160057,False,-1.8006107715962116e-10
MMF16_20,169,0.006972725262028606,0.006972725037485361,False,2.2454324510867707e-10
MMF16_20,170,0.10057843724569365,0.1005784347653389,False,2.480354754919034e-09
MMF16_20,171,0.14360459505166656,0.1436045914888382,False,3.5628283656663484e-09
MMF16_20,172,-0.005105502891001312,-0.005105502903461456,False,1.2460144027670594e-11
MMF16_20,173,0.019159310078607605,0.019159309566020966,False,5.125866398003609e-10
MMF16_20,174,0.14544010435070007,0.14521005749702454,True,0.00023004685367553068
MMF16_20,175,0.12239501858024235,0.12239501625299454,False,2.3272478111291406e-09
MMF16_20,176,0.10935267880521723,0.10199145972728729,True,0.0073612190779299425
MMF16_20,177,0.10004307079410463,0.10010900348424911,False,-6.593269014448788e-05
MMF16_20,178,0.0532285646611316,0.05322856456041336,False,1.0071823930424273e-10
MMF16_20,179,0.004506754217110498,0.0018934316467493773,True,0.0026133225703611207
MMF16_20,180,0.05474523493761521,0.05474523454904556,False,3.8856964867939325e-10
MMF16_20,181,-0.11823891283962054,-0.1182389110326767,False,-1.8069438445511565e-09
MMF16_20,182,-0.01620549498144319,-0.016205495223402977,False,2.4195978554075737e-10
MMF16_20,183,-0.017291817702377033,-0.01729181781411171,False,1.1173467706626639e-10
MMF16_20,184,0.09982093326662454,0.09982093423604965,False,-9.694251096314943e-10
MMF16_20,185,0.1410330813820362,0.1410330832004547,False,-1.8184184991110186e-09
MMF16_20,186,0.0996045024787679,0.09965745359659195,False,-5.29511178240516e-05
MMF16_20,187,0.10349785938355405,0.10349786281585693,False,-3.432302886352545e-09
MMF16_20,188,0.1441197177897921,0.1441197246313095,False,-6.841517408151532e-09
MMF16_20,189,-0.009773711767590398,-0.009773711673915386,False,-9.367501219159635e-11
MMF16_20,190,-0.008257799180210856,-0.008561057038605213,True,0.0003032578583943568
MMF16_20,191,-0.011747957434307649,-0.011747957207262516,False,-2.2704513269466986e-10
MMF16_20,192,0.10514576547080964,0.10514576733112335,False,-1.8603137086348198e-09
MMF16_20,193,0.10570240211043044,0.10570240020751953,False,1.9029109121770915e-09
MMF16_20,194,0.0056462760182176,-0.0009575776057317853,True,0.006603853623949385
MMF16_20,195,0.1096129987626112,0.10961300134658813,False,-2.58397693519985e-09
MMF16_20,196,0.10843546077763805,0.10767985135316849,True,0.000755609424469561
MMF16_20,197,0.05119597967084613,0.05119597911834717,False,5.52498963246606e-10
MMF16_20,198,0.04226332473950101,0.042263325303792953,False,-5.642919465032037e-10
MMF16_20,199,0.002220365807923619,-0.002642647363245487,True,0.004863013171169106
MMF16_20,200,-0.01591860584549168,-0.015939731150865555,True,2.1125305373875802e-05
MMF16_20,201,0.1465865510836663,0.1465865522623062,False,-1.1786399078950183e-09
MMF16_20,202,0.019045238029756634,0.019045237451791763,False,5.779648704073992e-10
MMF16_20,203,-0.00409322061092024,-0.004093220457434654,False,-1.5348558535244194e-10
MMF16_20,204,-0.0011740425673692212,-0.003454666119068861,True,0.00228062355169964
MMF16_20,205,-0.0018330513900588763,-0.0019046420929953456,True,7.15907029364693e-05
MMF16_20,206,0.05581729109895511,0.055817291140556335,False,-4.160122246688047e-11
MMF16_20,207,0.0333911865009314,0.033391185104846954,False,1.3960844424953933e-09
MMF16_20,208,0.10549601932352395,0.10549601912498474,False,1.9853921284784803e-10
MMF16_20,209,-0.0854206216685158,-0.085420623421669,False,1.7531532059411603e-09
MMF16_20,210,0.05332675876840451,0.05336151644587517,False,-3.4757677470659276e-05
MMF16_20,211,0.05573951891862859,0.03872030973434448,True,0.01701920918428411
MMF16_20,212,-0.10183594805060363,-0.1018359512090683,False,3.15846467036085e-09
MMF16_20,213,0.14487746994946868,0.14487746357917786,False,6.370290822621527e-09
MMF16_20,214,0.04523183363723468,0.045231834053993225,False,-4.1675854434153337e-10
MMF16_20,215,0.030183992267982823,0.030217014253139496,False,-3.302198515667265e-05
MMF16_20,216,-0.01722434393130623,-0.01735144481062889,True,0.00012710087932266134
MMF16_20,217,-0.005390628484901627,-0.005390628706663847,False,2.217622196987179e-10
MMF16_20,218,0.018439866242585895,-0.00020728912204504013,True,0.018647155364630935
MMF16_20,219,0.14787177161958198,0.14787177741527557,False,-5.7956935917147234e-09
MMF16_20,220,0.10570801702696468,0.10570801794528961,False,-9.183249299882235e-10
MMF16_20,221,0.10617169926955625,0.10617169737815857,False,1.8913976773671237e-09
MMF16_20,222,0.029550479161170012,-0.002003083238378167,True,0.03155356239954818
MMF16_20,223,-0.01202840246449105,-0.012028402648866177,False,1.8437512627755837e-10
MMF16_20,224,-0.009992082325664453,-0.009992082603275776,False,2.776113228186716e-10
MMF16_20,225,0.11116033341475723,0.10905849188566208,True,0.0021018415290951498
MMF16_20,226,0.10905064777892112,0.10905064642429352,False,1.3546276045328653e-09
MMF16_20,227,-0.007676737274612794,-0.008786383084952831,True,0.0011096458103400375
MMF16_20,228,0.10900654216545204,0.10900653898715973,False,3.1782923098910842e-09
MMF16_20,229,0.07887439033747276,0.0788743868470192,False,3.4904535650692736e-09
MMF16_20,230,-0.0038353965124518774,-0.003877074457705021,True,4.16779452531435e-05
MMF16_20,231,-0.006655921393348585,-0.0066559212282299995,False,-1.6511858547119118e-10
MMF16_20,232,0.053873802867722115,0.05388929694890976,False,-1.5494081187644726e-05
MMF16_20,233,0.04266958308678112,0.04266958311200142,False,-2.5220298072170522e-11
MMF16_20,234,-0.012852508027790172,-0.012852507643401623,False,-3.843885487686549e-10
MMF16_20,235,-0.0036382700860085604,-0.003638270078226924,False,-7.781636446324569e-12
MMF16_20,236,0.0774557379663317,0.07745573669672012,False,1.2696115825328036e-09
MMF16_20,237,0.096947143424082,0.09694714099168777,False,2.432394230478252e-09
MMF16_20,238,0.056565032247102534,0.051246996968984604,True,0.00531803527811793
MMF16_20,239,-0.05998381941216137,-0.05998381972312927,False,3.109679042045954e-10
MMF16_20,240,0.05136694079559238,0.049050603061914444,True,0.0023163377336779395
MMF16_20,241,0.1476535517861823,0.14404882490634918,True,0.0036047268798331256
MMF16_20,242,-0.007428840585019081,-0.007428840734064579,False,1.4904549816563417e-10
MMF16_20,243,0.09246183166126715,0.09246183186769485,False,-2.0642770826029277e-10
MMF16_20,244,0.10514779714637135,0.10517263412475586,False,-2.4836978384512598e-05
MMF16_20,245,-0.0009471736332112013,-0.0020285577047616243,True,0.001081384071550423
MMF16_20,246,-0.007134656508524961,-0.01229796838015318,True,0.005163311871628218
MMF16_20,247,0.04728015451275405,0.04769764095544815,False,-0.0004174864426940983
MMF16_20,248,-0.00815805970409289,-0.008158059790730476,False,8.663758599425364e-11
MMF16_20,249,0.1440749388084512,0.1440749317407608,False,7.067690405149207e-09
MMF16_20,250,0.0461599871599426,0.04615998640656471,False,7.533778878521247e-10
MMF16_20,251,-0.002590676833179345,-0.0025906767696142197,False,-6.356512538552295e-11
MMF16_20,252,-0.010491644043078896,-0.010491644032299519,False,-1.077937739069057e-11
MMF16_20,253,-0.010954184612417275,-0.010954184457659721,False,-1.5475755399396718e-10
MMF16_20,254,-0.0069241504018137945,-0.007055965252220631,True,0.00013181485040683616
MMF16_20,255,-0.0025952329634379434,-0.0025952330324798822,False,6.904193883272569e-11
MMF16_20,256,0.058439557135147396,0.057957638055086136,True,0.0004819190800612605
MMF16_20,257,0.2408383676085786,0.23116664588451385,True,0.009671721724064747
MMF16_20,258,-0.0023615522663016364,-0.002360645215958357,False,-9.070503432795363e-07
MMF16_20,259,0.1083048832657548,0.10830488055944443,False,2.706310370248488e-09
MMF16_20,260,0.05554914156980856,0.05557694286108017,False,-2.7801291271611905e-05
MMF16_20,261,0.1251745767358215,0.12517458200454712,False,-5.268725622453729e-09
MMF16_20,262,0.03853020181787384,0.038530200719833374,False,1.0980404641092179e-09
MMF16_20,263,-0.00972641407296182,-0.009726414456963539,False,3.840017193112999e-10
MMF16_20,264,0.005591005172398494,1.6846104699652642e-05,True,0.005574159067698842
MMF16_20,265,0.11070328467455205,0.11091144382953644,False,-0.00020815915498438586
MMF16_20,266,-0.011305375832024386,-0.011305375955998898,False,1.2397451121248793e-10
MMF16_20,267,0.056462835784776955,0.056462835520505905,False,2.6427104948822944e-10
MMF16_20,268,0.038146231613556944,0.038146231323480606,False,2.9007633794986276e-10
MMF16_20,269,0.03336191223639359,0.03336191177368164,False,4.627119520872469e-10
MMF16_20,270,0.04913815629586443,0.049138154834508896,False,1.4613555365805553e-09
MMF16_20,271,0.003116448263714905,-0.0006869485368952155,True,0.0038033968006101204
MMF16_20,272,0.07156713731725556,0.06078565865755081,True,0.010781478659704746
MMF16_20,273,-0.013888546031511573,-0.013888546265661716,False,2.3415014371863663e-10
MMF16_20,274,0.11306414061027983,0.11306414008140564,False,5.288741944386999e-10
MMF16_20,275,-0.05794673824200616,-0.05830741673707962,True,0.0003606784950734576
MMF16_20,276,-0.011203655952054775,-0.01120365597307682,False,2.1022045215701723e-11
MMF16_20,277,0.051436293137674144,0.05143629387021065,False,-7.325365036781051e-10
MMF16_20,278,-0.08871773820822537,-0.0887177363038063,False,-1.904419066889318e-09
MMF16_20,279,-0.07978398468646056,-0.07978398352861404,False,-1.157846513111238e-09
MMF16_20,280,0.05473371942383991,0.05473371967673302,False,-2.528931092316e-10
MMF16_20,281,-0.004211508956047272,-0.004211509134620428,False,1.7857315626201853e-10
MMF16_20,282,-0.007309509393479796,-0.007309509441256523,False,4.777672701905544e-11
MMF16_20,283,0.1761696344793707,0.17398668825626373,True,0.0021829462231069685
MMF16_20,284,-0.005782737290340151,-0.009456200525164604,True,0.0036734632348244534
MMF16_20,285,0.13090510838521438,0.11850156635046005,True,0.012403542034754328
MMF16_20,286,0.033705594176538525,0.03370559588074684,False,-1.704208316133382e-09
MMF16_20,287,0.052991003102511564,0.052991002798080444,False,3.044311192024196e-10
MMF16_20,288,-0.004533542174403465,-0.004635872319340706,True,0.00010233014493724046
MMF16_20,289,-0.0034577832272311426,-0.003457783255726099,False,2.8494956394453652e-11
MMF16_20,290,0.10045934128116965,0.10045934468507767,False,-3.4039080165637614e-09
MMF16_20,291,0.1712423692981241,0.15578138828277588,True,0.015460981015348207
MMF16_20,292,0.18060625145671994,0.16958147287368774,True,0.011024778583032191
MMF16_20,293,0.01029886529234101,0.010070369578897953,True,0.0002284957134430568
MMF16_20,294,0.05694861970661788,0.05670403689146042,True,0.0002445828151574625
MMF16_20,295,0.16134976203532084,0.15132611989974976,True,0.010023642135571081
MMF16_20,296,-0.008556764823471508,-0.00855676457285881,False,-2.5061269726123214e-10
MMF16_20,297,-0.03691535611485228,-0.03717780485749245,True,0.00026244874264017004
MMF16_20,298,-0.01226022463656154,-0.012260224670171738,False,3.36101979581116e-11
MMF16_20,299,0.11035491857793038,0.10973453521728516,True,0.0006203833606452241
MMF16_20,300,-0.010235986884977524,-0.010235986672341824,False,-2.1263570071372584e-10
MMF16_20,301,-0.03127067099470042,-0.031270671635866165,False,6.411657454963304e-10
MMF16_20,302,0.13366454420621485,0.1336645483970642,False,-4.190849361984661e-09
MMF16_20,303,0.052979802071304594,0.052826523780822754,True,0.00015327829048183972
MMF16_20,304,0.06697719358679183,0.06637288630008698,True,0.0006043072867048527
MMF16_20,305,-0.014599993611352752,-0.014599993824958801,False,2.1360604951503603e-10
MMF16_20,306,0.13536753586610312,0.13520140945911407,True,0.00016612640698904224
MMF16_20,307,0.056165672706249364,0.0561656728386879,False,-1.3243853236311054e-10
MMF16_20,308,0.14768112443842576,0.1476822793483734,False,-1.1549099476482194e-06
MMF16_20,309,0.11375474471162089,0.11117623746395111,True,0.0025785072476697812
MMF16_20,310,0.14241134745224274,0.14148665964603424,True,0.0009246878062084962
MMF16_20,311,-0.0057251729104252636,-0.005744534078985453,True,1.93611685601891e-05
MMF16_20,312,-0.006376426206217034,-0.006376426201313734,False,-4.903299988257004e-12
MMF16_20,313,0.052385204031937666,0.052415572106838226,False,-3.0368074900560815e-05
MMF16_20,314,-0.003769487117160325,-0.003769487142562866,False,2.540254118166274e-11
MMF16_20,315,-0.03784215543299049,-0.03867826610803604,True,0.0008361106750455483
MMF16_20,316,-0.0024024709859540583,-0.002402470912784338,False,-7.316972028270641e-11
MMF16_20,317,0.055154027472490125,0.05515402927994728,False,-1.807457156166592e-09
MMF16_20,318,-0.004539783912851744,-0.0045397840440273285,False,1.3117558428366038e-10
MMF16_20,319,0.04679055967010279,0.046790558844804764,False,8.252980243650399e-10
MMF16_20,320,0.1412132312024316,0.14121323823928833,False,-7.036856736197805e-09
MMF16_20,321,0.2326808534906327,0.232392817735672,True,0.0002880357549606971
MMF16_20,322,0.05481023635666449,0.054810237139463425,False,-7.827989367825694e-10
MMF16_20,323,0.1460100855137591,0.14414674043655396,True,0.0018633450772051474
MMF16_20,324,0.10010975460525255,0.1001097559928894,False,-1.3876368526455352e-09
MMF16_20,325,-0.012959126318775188,-0.012959126383066177,False,6.429098919902287e-11
MMF16_20,326,-0.003421218100665979,-0.005434672813862562,True,0.002013454713196583
MMF16_20,327,-0.012252589881721135,-0.01225258968770504,False,-1.940160948565861e-10
MMF16_20,328,0.10500467559489482,0.10316331684589386,True,0.0018413587490009597
MMF16_20,329,0.054488961980233105,0.05448896065354347,False,1.3266896331520783e-09
MMF16_20,330,0.0023713707038979653,-0.0006136574666015804,True,0.0029850281704995457
MMF16_20,331,0.055342476272866925,0.055242136120796204,True,0.00010034015207072144
MMF16_20,332,0.1040601079220922,0.08905301988124847,True,0.015007088040843719
MMF16_20,333,0.06610178803328987,0.0548577755689621,True,0.011244012464327768
MMF16_20,334,0.025905195319825776,0.002244282281026244,True,0.02366091303879953
MMF16_20,335,0.10790323378474016,0.10790536552667618,False,-2.1317419360150636e-06
MMF16_20,336,0.15280767427730602,0.15280766785144806,False,6.425857956848802e-09
MMF16_20,337,-0.0057766666676278,-0.005776666570454836,False,-9.717296411970722e-11
MMF16_20,338,-0.0013917541013442614,-0.0022818148136138916,True,0.0008900607122696302
MMF16_20,339,0.145742814560053,0.1457461416721344,False,-3.3271120813971322e-06
MMF16_20,340,0.05399360456693521,0.05399360507726669,False,-5.103314854038032e-10
MMF16_20,341,-0.006002996925226156,-0.006226401776075363,True,0.00022340485084920703
MMF16_20,342,0.15153697547059236,0.15178881585597992,False,-0.0002518403853875584
MMF16_20,343,-0.0051402775051099525,-0.005169789306819439,True,2.9511801709486418e-05
MMF16_20,344,-0.011369422780410657,-0.011369423009455204,False,2.290445472175051e-10
MMF16_20,345,-0.01800154584941291,-0.018067726865410805,True,6.618101599789594e-05
MMF16_20,346,0.08682066581611428,0.08664210885763168,True,0.00017855695848259523
MMF16_20,347,0.07934464897873332,0.05812733992934227,True,0.02121730904939105
MMF16_20,348,0.12982931205294507,0.1298293173313141,False,-5.2783690196456234e-09
MMF16_20,349,-0.003925436005350336,-0.0039254361763596535,False,1.710093178175498e-10
MMF16_20,350,-0.0051419640961400115,-0.005141964182257652,False,8.611764079624606e-11
MMF16_20,351,0.05404155790064724,0.05383087322115898,True,0.00021068467948825997
MMF16_20,352,0.10272324099993985,0.10272324085235596,False,1.4758388955371515e-10
MMF16_20,353,0.10203707494288952,0.10203707218170166,False,2.761187861688441e-09
MMF16_20,354,0.05412282342340516,0.0540921688079834,True,3.065461542176018e-05
MMF16_20,355,0.1119083627500636,0.11190836131572723,False,1.4343363718971602e-09
MMF16_20,356,0.1296950359893363,0.12991371750831604,False,-0.00021868151897974641
MMF16_20,357,0.05476802479244702,0.054760195314884186,True,7.829477562837361e-06
MMF16_20,358,0.04830967554293661,0.048309676349163055,False,-8.062264467145752e-10
MMF16_20,359,-0.00456721203636154,-0.004567211959511042,False,-7.685049818739742e-11
MMF16_20,360,0.05429501135435928,0.05429501086473465,False,4.896246325047926e-10
MMF16_20,361,0.10438813911338395,0.10438814014196396,False,-1.028580012829572e-09
MMF16_20,362,0.09721346228319758,0.08177338540554047,True,0.01544007687765711
MMF16_20,363,0.14353135520227867,0.1429935246706009,True,0.0005378305316777743
MMF16_20,364,0.14963153818275285,0.13603875041007996,True,0.013592787772672893
MMF16_20,365,-0.01029813176949776,-0.010298131965100765,False,1.9560300601462188e-10
MMF16_20,366,0.14241601702064785,0.14241601526737213,False,1.7532757190519277e-09
MMF16_20,367,-0.002109951890727435,-0.002167066792026162,True,5.7114901298727094e-05
MMF16_20,368,0.15296263372368626,0.15296263992786407,False,-6.204177810387179e-09
MMF16_20,369,0.056365945655131505,0.05641510710120201,False,-4.9161446070505876e-05
MMF16_20,370,0.1036739468019645,0.10367394983768463,False,-3.0357201336039807e-09
MMF16_20,371,0.04904035146296952,0.04904035106301308,False,3.9995644296464405e-10
MMF16_20,372,-0.0009222198737903614,-0.0015949970111250877,True,0.0006727771373347263
MMF16_20,373,-0.00041456009682504236,-0.002112677786499262,True,0.0016981176896742195
MMF16_20,374,0.055126064494361346,0.05191904678940773,True,0.003207017704953616
MMF16_20,375,0.05412737570978435,0.05410804599523544,True,1.9329714548904642e-05
MMF16_20,376,-7.799583854550818e-05,-0.0002080176054732874,True,0.00013002176692777923
MMF16_20,377,-0.0004046786539497471,-0.0018517413409426808,True,0.0014470626869929337
MMF16_20,378,0.11112915204378675,0.11112914979457855,False,2.2492081946934306e-09
MMF16_20,379,0.10640235129874705,0.10565586388111115,True,0.0007464874176359021
MMF16_20,380,0.10896929244548567,0.1089692935347557,False,-1.0892700352815865e-09
MMF16_20,381,0.21648232410152374,0.2158084362745285,True,0.0006738878269952342
MMF16_20,382,-0.004576861039430308,-0.004576860927045345,False,-1.1238496244736496e-10
MMF16_20,383,-0.036050996612207495,-0.03607858717441559,True,2.7590562208093528e-05
MMF16_20,384,-0.027174875782494542,-0.02718617022037506,True,1.1294437880518537e-05
MMF16_20,385,-0.001526221730582894,-0.0016415163408964872,True,0.00011529461031359323
MMF16_20,386,-0.0017000759725081804,-0.0017000759253278375,False,-4.7180342965802424e-11
MMF16_20,387,0.05329204410591944,0.05329204350709915,False,5.988202850248925e-10
MMF16_20,388,0.10351430616150203,0.10321544855833054,True,0.00029885760317149845
MMF16_20,389,-0.012139906095841466,-0.012808578088879585,True,0.0006686719930381196
MMF16_20,390,0.05693734709485555,0.05693734809756279,False,-1.0027072366858292e-09
MMF16_20,391,0.001461042159897119,-0.006920121144503355,True,0.008381163304400474
MMF16_20,392,-0.0005735970296160409,-0.000573597033508122,False,3.892081101852796e-12
MMF16_20,393,0.05278206600372953,0.05278206616640091,False,-1.6267137636916118e-10
MMF16_20,394,0.11078657163557618,0.11079439520835876,False,-7.823572782589272e-06
MMF16_20,395,0.05441344851962335,0.05441344901919365,False,-4.995703017929287e-10
MMF16_20,396,0.04833185139858976,0.04833630472421646,False,-4.453325626700699e-06
MMF16_20,397,0.05471530633493174,0.05471530556678772,False,7.681440206130929e-10
MMF16_20,398,0.05071659441669525,0.050716593861579895,False,5.55115356459801e-10
MMF16_20,399,0.10649078536470742,0.10637130588293076,True,0.0001194794817766659
MMF16_20,400,0.10312352657543511,0.10312400758266449,False,-4.810072293803813e-07
MMF4,1,0.2937443937590507,0.2551751732826233,True,0.03856922047642741
MMF4,2,0.05121392163917393,0.051350805908441544,False,-0.000136884269267612
MMF4,3,0.22593220628662103,0.20898573100566864,True,0.01694647528095239
MMF4,4,0.2352561477540277,0.18000632524490356,True,0.055249822509124136
MMF4,5,0.23723644945796762,0.19352473318576813,True,0.0437117162721995
MMF4,6,0.11144966051452021,0.11148177087306976,False,-3.211035854955302e-05
MMF4,7,0.026625157824219647,-0.003334915265440941,True,0.029960073089660588
MMF4,8,0.2781117001449015,0.2162485271692276,True,0.0618631729756739
MMF4,9,-0.011287424636709287,-0.011287406086921692,False,-1.8549787594857037e-08
MMF4,10,0.2721827831201461,0.2512369751930237,True,0.020945807927122417
MMF4,11,0.14247868519374304,0.14247743785381317,True,1.2473399298718046e-06
MMF4,12,0.04046406694025134,0.04061032086610794,False,-0.0001462539258565987
MMF4,13,0.07361966634955386,0.07310289144515991,True,0.0005167749043939462
MMF4,14,0.09149828793539455,0.09149778634309769,False,5.015922968643061e-07
MMF4,15,0.23649744504991013,0.10953137278556824,True,0.1269660722643419
MMF4,16,0.1859459021822659,0.15533633530139923,True,0.030609566880866662
MMF4,17,0.04716308549393822,0.04716320335865021,False,-1.1786471199037862e-07
MMF4,18,0.049822309500868356,0.04921796917915344,True,0.0006043403217149135
MMF4,19,0.14225994101259934,0.14200720191001892,True,0.0002527391025804182
MMF4,20,0.19545267580164719,0.18100659549236298,True,0.01444608030928421
MMF4,21,0.21518350570789338,0.17306208610534668,True,0.0421214196025467
MMF4,22,0.14477586014659724,0.14459511637687683,True,0.0001807437697204095
MMF4,23,0.012186210009761056,0.012235787697136402,False,-4.957768737534618e-05
MMF4,24,0.16558368271237975,0.13377533853054047,True,0.03180834418183928
MMF4,25,0.14522019163910685,0.10417432337999344,True,0.04104586825911341
MMF4,26,0.23673804518567476,0.22853827476501465,True,0.008199770420660113
MMF4,27,0.062044235569157336,0.062087658792734146,False,-4.342322357681061e-05
MMF4,28,0.12279737367004057,0.12218596041202545,True,0.0006114132580151144
MMF4,29,0.2144586182779618,0.21316450834274292,True,0.00129410993521889
MMF4,30,0.028303405571161233,0.00014850044681224972,True,0.028154905124348983
MMF4,31,0.011210137528724962,0.0023045320995151997,True,0.008905605429209762
MMF4,32,0.16983543010658458,0.1636733114719391,True,0.006162118634645497
MMF4,33,0.08808603913399307,0.28197067975997925,False,-0.19388464062598618
MMF4,34,0.10894068820518751,0.1070636510848999,True,0.0018770371202876113
MMF4,35,0.19071249185025851,0.18699149787425995,True,0.0037209939759985655
MMF4,36,0.20458493583601403,0.19821855425834656,True,0.006366381577667474
MMF4,37,0.1665358524465266,0.16476896405220032,True,0.001766888394326288
MMF4,38,0.22298972417682544,0.22298972308635712,False,1.09046832674764e-09
MMF4,39,0.16739539724758254,0.16560031473636627,True,0.0017950825112162672
MMF4,40,0.18665523677433327,0.18181301653385162,True,0.004842220240481643
WFG2,1,0.16544783285616754,0.16544783115386963,False,1.7022979137415462e-09
WFG2,2,0.012988388401334927,0.012988388538360596,False,-1.3702566858952991e-10
WFG2,3,0.20878521596779298,0.20874646306037903,True,3.875290741395254e-05
WFG2,4,0.13589522563318057,0.13589522242546082,False,3.2077197564817084e-09
WFG2,5,0.030160909370048006,0.03016090951859951,False,-1.485515044308272e-10
WFG2,6,0.19661893518196963,0.19474343955516815,True,0.0018754956268014766
WFG2,7,-0.03215314587078172,-0.03215314447879791,False,-1.3919838059983647e-09
WFG2,8,0.07421372092928824,0.07271108776330948,True,0.0015026331659787617
WFG2,9,-0.045105505989506134,-0.04541356861591339,True,0.00030806262640725723
WFG2,10,0.12249027356291675,0.12249027192592621,False,1.6369905431190546e-09
WFG2,11,0.15092900223568134,0.15092900395393372,False,-1.718252373716922e-09
WFG2,12,0.06396158117490491,0.06080029904842377,True,0.0031612821264811464
WFG2,13,0.04001341733652852,0.04001341760158539,False,-2.650568653450591e-10
WFG2,14,0.12322690867868724,0.12299568951129913,True,0.0002312191673881081
WFG2,15,0.15580195313582218,0.1558019518852234,False,1.2505987911914929e-09
WFG2,16,0.1651303532370867,0.16468922793865204,True,0.00044112529843465254
WFG2,17,0.14745872379843833,0.14745871722698212,False,6.571456212522975e-09
WFG2,18,-0.08381967652578631,-0.083819679915905,False,3.390118685775434e-09
WFG2,19,0.14602045149005025,0.14570245146751404,True,0.00031800002253620785
WFG2,20,0.16913702814013148,0.16913703083992004,False,-2.699788559379357e-09
WFG2,21,0.13021718147670586,0.1304944008588791,False,-0.0002772193821732327
WFG2,22,-0.039928825654677036,-0.039928827434778214,False,1.7801011775731013e-09
WFG2,23,-0.01285915229101453,-0.012859152629971504,False,3.389569736000908e-10
WFG2,24,0.04637846221968234,0.04631883278489113,True,5.9629434791208524e-05
WFG2,25,0.1543747709779088,0.15437477827072144,False,-7.292812631565226e-09
WFG2,26,0.04366965336752637,0.04285626858472824,True,0.0008133847827981322
WFG2,27,0.1557344720484679,0.15573447942733765,False,-7.378869737451055e-09
WFG2,28,0.12618771869561554,0.1261049509048462,True,8.276779076935026e-05
WFG2,29,-0.06989669809204058,-0.06989669799804688,False,-9.3993701710815e-11
WFG2,30,0.053162496139925686,0.05316249653697014,False,-3.9704445287114254e-10
WFG2,31,0.06409184234682297,0.06331543624401093,True,0.0007764061028120439
WFG2,32,0.10972350265461872,0.10972350090742111,False,1.747197608814588e-09
WFG2,33,0.0902292482761824,0.087166927754879,True,0.0030623205213033966
WFG2,34,0.09681701363035106,0.0968170166015625,False,-2.9712114435476167e-09
WFG2,35,0.19405322298290573,0.19405321776866913,False,5.214236598050093e-09
WFG2,36,0.0800325724250428,0.08003257215023041,False,2.7481239506244037e-10
WFG2,37,0.14029050588952263,0.14004577696323395,True,0.00024472892628868426
WFG2,38,0.17773333629542665,0.17589589953422546,True,0.0018374367612011833
WFG2,39,-0.011433475172606955,-0.011433474719524384,False,-4.530825714610387e-10
WFG2,40,0.06330777814260097,0.06330777704715729,False,1.0954436802101952e-09
WFG2,41,-0.032206286545552465,-0.03220628574490547,False,-8.006469931487459e-10
WFG2,42,0.14757515866021936,0.14757515490055084,False,3.759668520952886e-09
WFG2,43,0.11746848858016501,0.11746849119663239,False,-2.6164673760931123e-09
WFG2,44,0.140172591873157,0.1401725858449936,False,6.02816341288559e-09
WFG2,45,0.13836047794122872,0.13836047053337097,False,7.4078577438907445e-09
WFG2,46,0.08887553220100494,0.08743538707494736,True,0.0014401451260575848
WFG2,47,0.08366817649911579,0.08366817981004715,False,-3.31093136241023e-09
WFG2,48,0.011006455273351978,0.011006454937160015,False,3.3619196315726185e-10
WFG2,49,0.17382702005709044,0.1738283932209015,False,-1.373163811047018e-06
WFG2,50,0.11072890178247877,0.1107289046049118,False,-2.8224330372861317e-09
WFG2,51,0.09605342287007745,0.09605342149734497,False,1.3727324832402132e-09
WFG2,52,0.11021895719018687,0.10969603806734085,True,0.0005229191228460217
WFG2,53,0.166475289944805,0.16515561938285828,True,0.0013196705619467342
WFG2,54,0.17842161688400596,0.17842161655426025,False,3.297457029649564e-10
WFG2,55,0.12520871644082832,0.12489666044712067,True,0.00031205599370764947
WFG2,56,0.24430900327335084,0.2400774210691452,True,0.004231582204205636
WFG2,57,0.0707614094213842,0.07060009986162186,True,0.00016130955976234596
WFG2,58,0.17722248907635976,0.17722249031066895,False,-1.2343091826405583e-09
WFG2,59,0.1565610009396412,0.15628647804260254,True,0.00027452289703866484
WFG2,60,0.16189859037157925,0.1623973548412323,False,-0.0004987644696530513
WFG2,61,0.009663634989235337,0.009663634933531284,False,5.570405248178645e-11
WFG2,62,0.18722129439507418,0.18722128868103027,False,5.714043904703203e-09
WFG2,63,0.17641896318082073,0.1764189600944519,False,3.0863688271765e-09
WFG2,64,0.16259770989584776,0.16259771585464478,False,-5.9587970113739175e-09
WFG2,65,0.16976765675815744,0.16976766288280487,False,-6.124647428107366e-09
WFG2,66,0.18860177374622822,0.1886017769575119,False,-3.2112836834130576e-09
WFG2,67,-0.047949614234520654,-0.047949615865945816,False,1.6314251616300623e-09
WFG2,68,0.08320689794817515,0.0832068994641304,False,-1.515955250219747e-09
WFG2,69,0.18483734091352622,0.18483734130859375,False,-3.9506753424234375e-10
WFG2,70,-0.008456039687765371,-0.008456039242446423,False,-4.4531894838328867e-10
WFG2,71,-0.02073151621208258,-0.020731516182422638,False,-2.9659941169768445e-11
WFG2,72,0.17362161318342068,0.17286629974842072,True,0.0007553134349999602
WFG2,73,0.12919315614673615,0.12908576428890228,True,0.00010739185783387173
WFG2,74,-0.03042380770882097,-0.030423806980252266,False,-7.285687053659728e-10
WFG2,75,0.17713454284776722,0.17713454365730286,False,-8.095356329729242e-10
WFG2,76,0.18091664194223955,0.17980457842350006,True,0.0011120635187394923
WFG2,77,-0.05417253464326094,-0.05417253449559212,False,-1.4766882161509898e-10
WFG2,78,0.10327281102171551,0.10327281057834625,False,4.433692579741688e-10
WFG2,79,0.19327969036803383,0.1932796835899353,False,6.7780985268939276e-09
WFG2,80,0.08912779417035593,0.0891277939081192,False,2.6223673232905753e-10
WFG2,81,0.15880822043144768,0.15880821645259857,False,3.978849111296867e-09
WFG2,82,0.15552234308009044,0.15552234649658203,False,-3.4164915896361947e-09
WFG2,83,0.2033137468677644,0.1934783011674881,True,0.009835445700276307
WFG2,84,0.17990031202110948,0.17998100817203522,False,-8.069615092573534e-05
WFG2,85,0.03915333776501184,0.03909308463335037,True,6.025313166146962e-05
WFG2,86,0.1923342106936367,0.19233420491218567,False,5.781451040132168e-09
WFG2,87,0.1599486371512752,0.15994863212108612,False,5.0301890708315256e-09
WFG2,88,0.16668648314849102,0.16668649017810822,False,-7.0296171938988294e-09
WFG2,89,0.02587909638511321,0.025701628997921944,True,0.00017746738719126576
WFG2,90,0.10964617041502092,0.10754082351922989,True,0.0021053468957910326
WFG2,91,0.17528730402540174,0.17528730630874634,False,-2.283344596731851e-09
WFG2,92,0.10679017640513641,0.10679017752408981,False,-1.1189534021571745e-09
WFG2,93,0.18737872195808714,0.18640601634979248,True,0.000972705608294655
WFG2,94,0.1281850914689413,0.12477945536375046,True,0.0034056361051908457
WFG2,95,-0.01741180778574647,-0.017590448260307312,True,0.00017864047456084275
WFG2,96,0.20385370452000742,0.2017284333705902,True,0.0021252711494172127
WFG2,97,0.029853105503191507,0.029853105545043945,False,-4.185243818177753e-11
WFG2,98,0.1819832273633406,0.18206457793712616,False,-8.135057378555466e-05
WFG2,99,0.19344512581094575,0.1934451311826706,False,-5.37172484271764e-09
WFG2,100,0.21267915182591707,0.21267914772033691,False,4.1055801536238334e-09
WFG2,101,0.17742648328274432,0.17742648720741272,False,-3.924668395827169e-09
WFG2,102,0.18108055267654494,0.18108054995536804,False,2.721176894926458e-09
WFG2,103,0.18784779631498819,0.1878477931022644,False,3.2127237814538745e-09
WFG2,104,0.10732073427501382,0.10654571652412415,True,0.0007750177508896727
WFG2,105,0.1489017401788741,0.14890174567699432,False,-5.4981202368686866e-09
WFG2,106,0.07398459234206692,0.07398459315299988,False,-8.109329596717174e-10
WFG2,107,0.14616626981864306,0.14616626501083374,False,4.8078093173309355e-09
WFG2,108,0.10305854440882284,0.10305854678153992,False,-2.3727170783693907e-09
WFG2,109,-0.04556789979799214,-0.04556789994239807,False,1.4440593165687687e-10
WFG2,110,0.12305180691876633,0.12305180728435516,False,-3.6558883698134537e-10
WFG2,111,0.1347149145449559,0.1318405270576477,True,0.0028743874873082
WFG2,112,0.155424913110266,0.15542490780353546,False,5.306730527232517e-09
WFG2,113,0.04824401334337847,0.048244014382362366,False,-1.0389838989155464e-09
WFG2,114,0.14677720709825137,0.1467772126197815,False,-5.5215301220101765e-09
WFG2,115,0.0985138772356085,0.09508033841848373,True,0.0034335388171247705
WFG2,116,0.1640710721924906,0.16407106816768646,False,4.024804128865966e-09
WFG2,117,0.20396489041842267,0.20274682343006134,True,0.001218066988361327
WFG2,118,0.04263664355140742,0.04263664409518242,False,-5.437749972525552e-10
WFG2,119,0.10790908897434429,0.10782061517238617,True,8.84738019581166e-05
WFG2,120,0.14137162501953932,0.14065299928188324,True,0.0007186257376560756
WFG2,121,0.18795116228288739,0.18948274850845337,False,-0.001531586225565984
WFG2,122,0.1227156403849805,0.12282760441303253,False,-0.0001119640280520251
WFG2,123,-0.04339174138929569,-0.043391741812229156,False,4.229334660266204e-10
WFG2,124,0.03546696029717905,0.02669522911310196,True,0.008771731184077092
WFG2,125,0.01968338605797315,0.019683385267853737,False,7.901194143400403e-10
WFG2,126,0.0653948261146533,0.065394826233387,False,-1.1873368954695707e-10
WFG2,127,0.10608315088668466,0.10435029864311218,True,0.0017328522435724747
WFG2,128,0.09879929136073856,0.09199384599924088,True,0.006805445361497686
WFG2,129,0.1977866068888926,0.19653332233428955,True,0.0012532845546030513
WFG2,130,0.1749957323224949,0.17499573528766632,False,-2.9651714139600216e-09
WFG2,131,0.03155603858650069,0.03155604004859924,False,-1.4620985533397857e-09
WFG2,132,0.1280520572884561,0.12805205583572388,False,1.4527322123036868e-09
WFG2,133,0.1424840438105676,0.14248403906822205,False,4.74234554403985e-09
WFG2,134,0.07802703331095939,0.07802703231573105,False,9.95228344180532e-10
WFG2,135,0.07042167536286106,0.06994248181581497,True,0.00047919354704609174
WFG2,136,0.037840347977053934,0.0378403477370739,False,2.399800358432458e-10
WFG2,137,0.021095776081280382,0.018296096473932266,True,0.0027996796073481156
WFG2,138,0.16558300915657037,0.16558301448822021,False,-5.331649843842712e-09
WFG2,139,0.16471334239463298,0.16471333801746368,False,4.377169293690031e-09
WFG2,140,0.03491607320409065,0.034916073083877563,False,1.202130894828457e-10
WFG2,141,0.20920191326455131,0.20913168787956238,True,7.022538498893671e-05
WFG2,142,0.20984784115039523,0.2098478376865387,False,3.4638565349354167e-09
WFG2,143,0.147283059386339,0.14404185116291046,True,0.003241208223428549
WFG2,144,0.1954439825459427,0.1954439878463745,False,-5.300431815680184e-09
WFG2,145,0.14879480227237923,0.14693623781204224,True,0.0018585644603369977
WFG2,146,0.190751993952495,0.19075199961662292,False,-5.664127916693573e-09
WFG2,147,0.19969002714838008,0.19969002902507782,False,-1.8766977416539987e-09
WFG2,148,0.15536910224911948,0.1553691029548645,False,-7.05745017981485e-10
WFG2,149,0.2204755025774527,0.2155708372592926,True,0.004904665318160084
WFG2,150,0.19213679799828098,0.19213679432868958,False,3.669591408517192e-09
WFG2,151,0.18687909837663136,0.18687909841537476,False,-3.8743397379192857e-11
WFG2,152,0.08494702164951212,0.08247994631528854,True,0.0024670753342235785
WFG2,153,0.21363822921849093,0.211908221244812,True,0.001730007973678921
WFG2,154,0.22407097712993151,0.2188231647014618,True,0.0052478124284697225
WFG2,155,0.12510572710530182,0.1239638477563858,True,0.0011418793489160195
WFG2,156,0.03962267018006871,0.038353268057107925,True,0.0012694021229607833
WFG2,157,0.04182528056541138,0.04182527959346771,False,9.719436644406443e-10
WFG2,158,0.07466498058700596,0.07466498017311096,False,4.1389500160526893e-10
WFG2,159,0.09264960779197501,0.09264960885047913,False,-1.058504117690262e-09
WFG2,160,0.20485984008741764,0.19619345664978027,True,0.00866638343763737
WFG2,161,0.20765475059120786,0.20675820112228394,True,0.000896549468923924
WFG2,162,0.17174729111900383,0.1712428331375122,True,0.0005044579814916239
WFG2,163,0.005629476810839307,0.005440488923341036,True,0.0001889878874982709
WFG2,164,-0.018361310271738873,-0.01836130954325199,False,-7.28486881929058e-10
WFG2,165,0.1455885264915842,0.1460399180650711,False,-0.0004513915734868923
WFG2,166,0.1672195343853471,0.16721953451633453,False,-1.3098744311434984e-10
WFG2,167,0.18839201188599736,0.1883920133113861,False,-1.4253887514747987e-09
WFG2,168,-0.02643834253283006,-0.026438342407345772,False,-1.2548428962588787e-10
WFG2,169,0.225888811795374,0.2219807207584381,True,0.003908091036935901
WFG2,170,0.171773450909802,0.17177344858646393,False,2.3233380774811963e-09
WFG2,171,0.15972989986025357,0.15485215187072754,True,0.004877747989526032
WFG2,172,-0.0050633284759612485,-0.005063328426331282,False,-4.9629966802910985e-11
WFG2,173,0.19067785750279398,0.18851140141487122,True,0.0021664560879227635
WFG2,174,0.1652113723462157,0.16521137952804565,False,-7.18182996406469e-09
WFG2,175,0.12017125405760494,0.1181311383843422,True,0.0020401156732627462
WFG2,176,0.2134261338211922,0.2134261280298233,False,5.79136888445575e-09
WFG2,177,0.08210240286051546,0.07932140678167343,True,0.002780996078842024
WFG2,178,0.2303883252428341,0.22891844809055328,True,0.0014698771522808074
WFG2,179,0.20134580823963902,0.21290260553359985,False,-0.011556797293960835
WFG2,180,0.2194925430368258,0.21949253976345062,False,3.27337518202242e-09
WFG2,181,0.056988908182562026,0.0569889098405838,False,-1.658021775430285e-09
WFG2,182,0.14730575199729284,0.14730575680732727,False,-4.810034426316889e-09
WFG2,183,0.1292213843328638,0.1292213797569275,False,4.575936296546956e-09
WFG2,184,0.04562003267910869,0.04547367990016937,True,0.0001463527789393182
WFG2,185,0.05179731109287655,0.05179731175303459,False,-6.60158039345049e-10
WFG2,186,0.024943514615934637,0.024943513795733452,False,8.202011847480151e-10
WFG2,187,0.13568908361415183,0.13568907976150513,False,3.852646701663076e-09
WFG2,188,0.11772968407623335,0.11772968620061874,False,-2.124385389823402e-09
WFG2,189,0.17043080001655003,0.17022982239723206,True,0.00020097761931797686
WFG2,190,0.10599849325428135,0.1056344211101532,True,0.0003640721441281469
WFG2,191,0.09883092010363312,0.0988309234380722,False,-3.334439085955765e-09
WFG2,192,0.0446058681355328,0.04379669949412346,True,0.0008091686414093413
WFG2,193,0.17320724003349797,0.1711970716714859,True,0.002010168362012066
WFG2,194,0.2288977551808059,0.22832471132278442,True,0.0005730438580214825
WFG2,195,0.1945046184747353,0.19450461864471436,False,-1.6997905860627327e-10
WFG2,196,0.13640664615917503,0.13539661467075348,True,0.0010100314884215478
WFG2,197,0.05543178887962541,0.04923998564481735,True,0.006191803234808058
WFG2,198,0.20261296665789993,0.19927246868610382,True,0.0033404979717961136
WFG2,199,0.14911324046452193,0.14694257080554962,True,0.0021706696589723073
WFG2,200,0.053541920030612145,0.05354192107915878,False,-1.0485466384047015e-09
WFG2,201,0.15661609146355238,0.15647585690021515,True,0.00014023456333722706
WFG2,202,0.07805482294714625,0.07805482298135757,False,-3.421132821479489e-11
WFG2,203,0.12585856295373687,0.12585856020450592,False,2.7492309540022575e-09
WFG2,204,0.20245213510443213,0.2024521380662918,False,-2.961859674188716e-09
WFG2,205,0.18742994182769776,0.18742993474006653,False,7.087631231916802e-09
WFG2,206,0.1240610836437041,0.12406108528375626,False,-1.6400521496429121e-09
WFG2,207,0.11389853477982106,0.11389853805303574,False,-3.2732146715286348e-09
WFG2,208,0.17326762402837187,0.17326761782169342,False,6.206678448972269e-09
WFG2,209,0.178848216796371,0.17884822189807892,False,-5.10170791723219e-09
WFG2,210,0.1924126755152792,0.19241267442703247,False,1.0882467427197895e-09
WFG2,211,0.021158893137513235,0.021158892661333084,False,4.761801508657015e-10
WFG2,212,0.2122476155075776,0.21224761009216309,False,5.415414505716143e-09
WFG2,213,0.1549530917633206,0.1372036337852478,True,0.017749457978072786
WFG2,214,0.18032732936083506,0.18097633123397827,False,-0.0006490018731432068
WFG2,215,0.10604366729577835,0.10179980099201202,True,0.0042438663037663305
WFG2,216,0.1291255070304774,0.12912550568580627,False,1.344671124448027e-09
WFG2,217,0.1439212594655634,0.14392125606536865,False,3.4001947368800245e-09
WFG2,218,0.12267573869169107,0.12267573922872543,False,-5.370343614252704e-10
WFG2,219,0.041250327331661785,0.0379357635974884,True,0.0033145637341733813
WFG2,220,0.20896567716385714,0.20816949009895325,True,0.0007961870649038916
WFG2,221,0.14697885433483737,0.14697885513305664,False,-7.98219268460798e-10
WFG2,222,-0.011943920294608112,-0.011943920515477657,False,2.2086954487576804e-10
WFG2,223,-0.016060602076555075,-0.016081519424915314,True,2.091734836023873e-05
WFG2,224,0.21824235223266014,0.218242347240448,False,4.992212143672958e-09
WFG2,225,0.06761088421749412,0.06761088222265244,False,1.994841680730275e-09
WFG2,226,0.12872534127417606,0.1287253350019455,False,6.2722305682605395e-09
WFG2,227,0.1976523389960187,0.1973758041858673,True,0.00027653481015138537
WFG2,228,0.02668358555123368,0.026683585718274117,False,-1.6704043703796856e-10
WFG2,229,0.13450941517091447,0.13377849757671356,True,0.0007309175942009083
WFG2,230,0.18703152041984564,0.18703152239322662,False,-1.9733809863975438e-09
WFG2,231,0.24112996352436472,0.23879534006118774,True,0.002334623463176977
WFG2,232,0.21751619517461962,0.2175161987543106,False,-3.5796909880758676e-09
WFG2,233,0.19603841580841103,0.18865998089313507,True,0.007378434915275955
WFG2,234,0.17286962095421132,0.17192430794239044,True,0.0009453130118208808
WFG2,235,0.20058813055115093,0.200306698679924,True,0.0002814318712269226
WFG2,236,0.006431085582704499,0.0064310855232179165,False,5.948658232668436e-11
WFG2,237,-0.018779532726017456,-0.018779532983899117,False,2.5788166047036043e-10
WFG2,238,0.027348446330532156,0.02734844572842121,False,6.02110944436518e-10
WFG2,239,0.1812968940090066,0.18251949548721313,False,-0.0012226014782065475
WFG2,240,0.16538913805205277,0.16538913547992706,False,2.5721257068678227e-09
WFG2,241,0.11229656012381739,0.10811055451631546,True,0.00418600560750193
WFG2,242,0.14737901511005402,0.13988211750984192,True,0.007496897600212105
WFG2,243,0.1962375276788536,0.18477953970432281,True,0.011457987974530792
WFG2,244,0.030257529149643886,0.03025752864778042,False,5.01863467450292e-10
WFG2,245,0.15233037666535998,0.15015679597854614,True,0.0021735806868138363
WFG2,246,0.18995211316153704,0.18995212018489838,False,-7.023361336955247e-09
WFG2,247,0.21670829178630704,0.21953323483467102,False,-0.002824943048363976
WFG2,248,0.13276863990127885,0.1327686458826065,False,-5.9813276553910555e-09
WFG2,249,0.1781929267929278,0.17819292843341827,False,-1.6404904656930341e-09
WFG2,250,0.13905901947648158,0.13905902206897736,False,-2.5924957736123133e-09
WFG2,251,0.052425430153987984,0.05242542922496796,False,9.290200275735572e-10
WFG2,252,0.05147107667025333,0.04846806824207306,True,0.0030030084281802705
WFG2,253,0.18229945347126547,0.18057094514369965,True,0.0017285083275658253
WFG2,254,0.20725216690779108,0.20610761642456055,True,0.001144550483230533
WFG2,255,0.2035630458806137,0.19981388747692108,True,0.0037491584036926096
WFG2,256,0.1941605066301635,0.19188815355300903,True,0.0022723530771544542
WFG2,257,-0.011226358251482577,-0.011226357892155647,False,-3.5932692932227894e-10
WFG2,258,-0.005010607297159214,-0.005010607186704874,False,-1.1045434011869304e-10
WFG2,259,0.2108609328224499,0.210860937833786,False,-5.011336123850185e-09
WFG2,260,-0.011149961831367905,-0.01114996150135994,False,-3.300079653989485e-10
WFG2,261,0.21303624495751483,0.20887090265750885,True,0.004165342300005981
WFG2,262,0.19729160752253735,0.1993754804134369,False,-0.002083872890899535
WFG2,263,0.22564361215679457,0.21991856396198273,True,0.005725048194811844
WFG2,264,0.19394327495721536,0.19244810938835144,True,0.001495165568863921
WFG2,265,0.19424604668285747,0.19284868240356445,True,0.0013973642792930174
WFG2,266,0.21448806403075005,0.20633479952812195,True,0.0081532645026281
WFG2,267,0.14978420903933887,0.14425988495349884,True,0.005524324085840027
WFG2,268,0.13486046020162723,0.13486045598983765,False,4.211789583763448e-09
WFG2,269,0.2035644061437038,0.2028498351573944,True,0.000714570986309393
WFG2,270,0.11385199441067695,0.11209950596094131,True,0.0017524884497356341
WFG2,271,0.1396454159641857,0.1385849118232727,True,0.0010605041409129934
WFG2,272,0.06463582968611742,0.06463582813739777,False,1.5487196525221236e-09
WFG2,273,0.07670328113826015,0.07694616913795471,False,-0.00024288799969456043
WFG2,274,0.12642642117303188,0.12642642855644226,False,-7.383410383088318e-09
WFG2,275,-0.024465967360364826,-0.02446596696972847,False,-3.906363565953086e-10
WFG2,276,0.19497663805376825,0.19516649842262268,False,-0.00018986036885443314
WFG2,277,0.20010111690413188,0.2001011222600937,False,-5.355961812947285e-09
WFG2,278,0.05250430592541094,0.05250430479645729,False,1.1289536527847588e-09
WFG2,279,0.12665819344351473,0.12513388693332672,True,0.001524306510188006
WFG2,280,0.06795736793694743,0.06795737147331238,False,-3.536364950873505e-09
WFG2,281,-0.022137197952694698,-0.022137198597192764,False,6.44498066026955e-10
WFG2,282,0.0025170316015998284,0.002517031505703926,False,9.589590233005651e-11
WFG2,283,0.050420797380562904,0.04644418880343437,True,0.003976608577128532
WFG2,284,0.19117393181088543,0.186061829328537,True,0.005112102482348446
WFG2,285,0.18999397424170117,0.1899939775466919,False,-3.3049907255389144e-09
WFG2,286,0.0995944870911455,0.09959448873996735,False,-1.6488218429477897e-09
WFG2,287,0.013615578240628617,0.013615578413009644,False,-1.723810261200498e-10
WFG2,288,0.13954178195982783,0.13954177498817444,False,6.971653393472721e-09
WFG2,289,0.21064177250815042,0.2106417715549469,False,9.532035161186059e-10
WFG2,290,0.15145831386658665,0.15034803748130798,True,0.0011102763852786635
WFG2,291,0.19658440266065907,0.19658440351486206,False,-8.542029861224876e-10
WFG2,292,0.04131448662715659,0.04131448641419411,False,2.1296248098323645e-10
WFG2,293,0.14108395542981658,0.13964800536632538,True,0.0014359500634912037
WFG2,294,0.15297423359616977,0.1529742330312729,False,5.648968792737463e-10
WFG2,295,0.21072528395417367,0.21010194718837738,True,0.0006233367657962896
WFG2,296,0.21346030450343564,0.213460311293602,False,-6.790166345860271e-09
WFG2,297,0.1510471178047631,0.15104711055755615,False,7.2472069456708255e-09
WFG2,298,0.04036433972064313,0.0403643399477005,False,-2.2705737290351635e-10
WFG2,299,0.19627205548035334,0.18846897780895233,True,0.00780307767140101
WFG2,300,0.2063048782327902,0.20006275177001953,True,0.00624212646277067
WFG2,301,0.14707151621223233,0.14707151055335999,False,5.658872342939603e-09
WFG2,302,0.1472356651430689,0.14339421689510345,True,0.003841448247965451
WFG2,303,0.08261093397592673,0.08261093497276306,False,-9.96836335698248e-10
WFG2,304,0.19856359359510223,0.1988692581653595,False,-0.0003056645702572691
WFG2,305,0.11677597631818551,0.11384908109903336,True,0.0029268952191521536
WFG2,306,0.09437633241487536,0.09400969743728638,True,0.00036663497758898655
WFG2,307,-0.010620525339880227,-0.01082700490951538,True,0.00020647956963515401
WFG2,308,0.19417727726490358,0.1941772699356079,False,7.329295670377434e-09
WFG2,309,0.22380271788113498,0.22316031157970428,True,0.000642406301430698
WFG2,310,0.0929025032171743,0.08829692751169205,True,0.004605575705482257
WFG2,311,0.09453357982824939,0.09453357756137848,False,2.2668709132034337e-09
WFG2,312,0.17490301202723643,0.174903005361557,False,6.665679425088555e-09
WFG2,313,0.1516563794027974,0.151656374335289,False,5.067508385137032e-09
WFG2,314,0.21443329167887223,0.20653337240219116,True,0.007899919276681072
WFG2,315,0.014589421099117539,0.014589421451091766,False,-3.519742275415183e-10
WFG2,316,0.018114928356912252,0.018114928156137466,False,2.0077478568580887e-10
WFG2,317,0.21918865843207824,0.21842265129089355,True,0.000766007141184688
WFG2,318,0.24148598287072684,0.241482213139534,True,3.7697311928430732e-06
WFG2,319,0.2129634321565043,0.20266498625278473,True,0.01029844590371956
WFG2,320,-0.019502054440391214,-0.019502054899930954,False,4.5953973959456107e-10
WFG2,321,0.17497080044586005,0.174970805644989,False,-5.19912896068675e-09
WFG2,322,0.14321086021243606,0.14071452617645264,True,0.0024963340359834274
WFG2,323,0.22279760576066482,0.22121687233448029,True,0.001580733426184533
WFG2,324,0.08046858408362495,0.07839611172676086,True,0.0020724723568640857
WFG2,325,0.21860167684663462,0.21065987646579742,True,0.007941800380837194
WFG2,326,0.15266760912123092,0.15266761183738708,False,-2.7161561610977714e-09
WFG2,327,0.22010929396729934,0.21977804601192474,True,0.00033124795537459173
WFG2,328,0.06473278490017999,0.06628221273422241,False,-0.0015494278340424245
WFG2,329,0.182539277344332,0.18253928422927856,False,-6.884946557317306e-09
WFG2,330,0.20263305846127772,0.2026330530643463,False,5.396931401779881e-09
WFG2,331,0.185233609487518,0.19339942932128906,False,-0.00816581983377107
WFG2,332,0.15149332561549816,0.14516891539096832,True,0.006324410224529842
WFG2,333,0.21776133613077786,0.2177613377571106,False,-1.6263327351495604e-09
WFG2,334,0.19674365837052726,0.1880367398262024,True,0.008706918544324871
WFG2,335,0.03931216695167253,0.03931216523051262,False,1.7211599090405372e-09
WFG2,336,0.04834045316617869,0.04834045469760895,False,-1.5314302603819385e-09
WFG2,337,0.13676015032698755,0.13844448328018188,False,-0.0016843329531943396
WFG2,338,0.19064574268531376,0.1906457394361496,False,3.2491641599463605e-09
WFG2,339,0.08837529615881809,0.08820551633834839,True,0.00016977982046970097
WFG2,340,0.1299168808829123,0.12991687655448914,False,4.328423175437024e-09
WFG2,341,0.19170776909196063,0.1917077749967575,False,-5.9047968736791745e-09
WFG2,342,0.14181281039764554,0.14050889015197754,True,0.001303920245668
WFG2,343,0.20128256403997402,0.20021091401576996,True,0.0010716500242040627
WFG2,344,0.13619814552358317,0.13619814813137054,False,-2.6077873749308367e-09
WFG2,345,0.12709226356641312,0.12713079154491425,False,-3.852797850112388e-05
WFG2,346,-0.041320610362986565,-0.04132061079144478,False,4.2845821335291134e-10
WFG2,347,0.18225116762265495,0.1845494657754898,False,-0.00229829815283486
WFG2,348,0.15804403424348845,0.1564597487449646,True,0.001584285498523852
WFG2,349,0.1944928328826061,0.1447824388742447,True,0.049710394008361414
WFG2,350,0.1331765953641516,0.13317659497261047,False,3.9154113284922687e-10
WFG2,351,0.14477822313705813,0.14477822184562683,False,1.2914312952361229e-09
WFG2,352,0.12988869677900003,0.12902146577835083,True,0.000867231000649199
WFG2,353,0.1779776003966781,0.17797760665416718,False,-6.257489082450718e-09
WFG2,354,0.17292701161200305,0.17292700707912445,False,4.532878600249646e-09
WFG2,355,0.23701051402967196,0.23883135616779327,False,-0.0018208421381213091
WFG2,356,0.20602373209789673,0.20377026498317719,True,0.0022534671147195484
WFG2,357,0.12249709686499219,0.12249709665775299,False,2.0723919802456692e-10
WFG2,358,0.08336728878178803,0.07939869165420532,True,0.0039685971275827125
WFG2,359,0.1235228888589334,0.12138035148382187,True,0.002142537375111525
WFG2,360,0.1974593944658545,0.1976669579744339,False,-0.00020756350857939476
WFG2,361,0.20241907038680107,0.1959926038980484,True,0.006426466488752669
WFG2,362,0.2281988191365024,0.2228575497865677,True,0.005341269349934702
WFG2,363,-0.0020199049350157483,-0.006044383160769939,True,0.004024478225754191
WFG2,364,0.2312962543456466,0.22447709739208221,True,0.006819156953564387
WFG2,365,0.12777341932042918,0.12654121220111847,True,0.0012322071193107131
WFG2,366,0.12415236554716341,0.12415236234664917,False,3.2005142425184374e-09
WFG2,367,0.1838929252164319,0.18389292061328888,False,4.603143033410362e-09
WFG2,368,0.1488582669672003,0.14694079756736755,True,0.0019174693998327552
WFG2,369,0.18108781286976183,0.18192946910858154,False,-0.0008416562388197102
WFG2,370,0.16334238104092216,0.162262424826622,True,0.001079956214300154
WFG2,371,0.2200400793798986,0.22004008293151855,False,-3.5516199425877915e-09
WFG2,372,0.0867839366120122,0.0839051753282547,True,0.002878761283757497
WFG2,373,0.00023254914957565598,0.0002325491514056921,False,-1.8300361226408768e-12
WFG2,374,0.21122511205624966,0.20695626735687256,True,0.004268844699377106
WFG2,375,0.12426080389712911,0.1242608055472374,False,-1.6501082861219984e-09
WFG2,376,0.2128715600024985,0.20994187891483307,True,0.00292968108766542
WFG2,377,0.17610549296473837,0.16434340178966522,True,0.011762091175073153
WFG2,378,0.014184316943434166,0.013910122215747833,True,0.00027419472768633324
WFG2,379,0.22512148275476143,0.22319933772087097,True,0.00192214503389046
WFG2,380,0.19251780581943312,0.186700239777565,True,0.005817566041868116
WFG2,381,0.1549606837251118,0.13946063816547394,True,0.015500045559637854
WFG2,382,0.16990566081781483,0.16875521838665009,True,0.0011504424311647443
WFG2,383,0.014651417705296266,0.01244537252932787,True,0.0022060451759683963
WFG2,384,0.19387650399497924,0.1938765048980713,False,-9.03092045589915e-10
WFG2,385,0.13334955508844404,0.13971523940563202,False,-0.006365684317187981
WFG2,386,0.1690711486762588,0.169632688164711,False,-0.0005615394884521951
WFG2,387,0.13529592940169127,0.13529592752456665,False,1.877124622406967e-09
WFG2,388,0.22963527015938584,0.22624458372592926,True,0.00339068643345658
WFG2,389,0.09699587237670901,0.09637261927127838,True,0.0006232531054306267
WFG2,390,0.05236630751491403,0.04728829488158226,True,0.005078012633331769
WFG2,391,0.1359360471321085,0.13442866504192352,True,0.0015073820901849722
WFG2,392,0.12846176340301793,0.1293150782585144,False,-0.0008533148554964731
WFG2,393,0.18161242624994306,0.18161243200302124,False,-5.753078180514848e-09
WFG2,394,0.06021154736121612,0.06021154671907425,False,6.421418674573687e-10
WFG2,395,0.23058315333097623,0.23058314621448517,False,7.116491063108299e-09
WFG2,396,0.12108894107570597,0.12591370940208435,False,-0.004824768326378376
WFG2,397,0.2242128492979688,0.22431230545043945,False,-9.945615247064499e-05
WFG2,398,0.19397171126980628,0.19116826355457306,True,0.0028034477152332204
WFG2,399,0.17926974914242694,0.17926974594593048,False,3.1964964564146214e-09
WFG2,400,0.14907104142786973,0.14907103776931763,False,3.658552100160861e-09
WFG2,401,0.20720482453200467,0.2065657377243042,True,0.000639086807700473
WFG2,402,0.18707599856020393,0.18707600235939026,False,-3.79918632664733e-09
WFG2,403,0.21103942191315692,0.2075003683567047,True,0.003539053556452204
WFG2,404,0.15885541224101288,0.1588554084300995,False,3.810913390411841e-09
WFG2,405,0.06440303513978468,0.06440303474664688,False,3.9313780009209154e-10
WFG2,406,0.02433581090981879,0.024335810914635658,False,-4.8168691257899354e-12
WFG2,407,0.12138949159481231,0.12038981914520264,True,0.000999672449609676
WFG2,408,0.015565977487335764,0.015565977431833744,False,5.5502019646880285e-11
WFG2,409,0.20144732816982958,0.20144732296466827,False,5.205161301979899e-09
WFG2,410,0.20384824947353997,0.2038482427597046,False,6.713835376537247e-09
WFG2,411,0.1275502682720866,0.12842845916748047,False,-0.0008781908953938711
WFG2,412,0.12468560462508685,0.12448375672101974,True,0.00020184790406710396
WFG2,413,0.08431441524353665,0.08256854116916656,True,0.001745874074370088
WFG2,414,0.2089169908632243,0.20891699194908142,False,-1.085857126437162e-09
WFG2,415,-0.006781884792488535,-0.0067818849347531796,False,1.4226464450928233e-10
WFG2,416,0.20258693282347134,0.20262600481510162,False,-3.907199163027952e-05
WFG2,417,0.15780746643395133,0.1556299328804016,True,0.0021775335535497153
WFG2,418,0.16610137876730258,0.1661452054977417,False,-4.382673043912266e-05
WFG2,419,0.18056914635462784,0.17712967097759247,True,0.0034394753770353725
WFG2,420,0.198584405199494,0.19836661219596863,True,0.00021779300352536834
WFG2,421,0.10510089285860516,0.10510089248418808,False,3.7441708067298407e-10
WFG2,422,0.010468483240386933,0.005149597302079201,True,0.0053188859383077325
WFG2,423,0.23843851439784125,0.22629085183143616,True,0.012147662566405093
WFG2,424,0.16059178866228918,0.16059179604053497,False,-7.3782457921112155e-09
WFG2,425,0.1430804821462824,0.13215425610542297,True,0.010926226040859438
WFG2,426,0.07268321226624255,0.07174588739871979,True,0.0009373248675227652
WFG2,427,0.21066724346025498,0.19736863672733307,True,0.013298606732921908
WFG2,428,0.13923464600640417,0.13923464715480804,False,-1.1484038719977718e-09
WFG2,429,0.251932645066174,0.25193265080451965,False,-5.7383456320003745e-09
WFG2,430,0.15302804043374302,0.154282808303833,False,-0.00125476787008999
WFG2,431,0.25494070682541015,0.2549407184123993,False,-1.1586989145939697e-08
WFG2,432,0.13014706196587167,0.1301470547914505,False,7.17442116826561e-09
WFG2,433,0.1361480921847736,0.137396901845932,False,-0.0012488096611583954
WFG2,434,0.10407936515912863,0.10407936573028564,False,-5.711570105759733e-10
WFG2,435,0.2076197031075343,0.20761969685554504,False,6.25198925963133e-09
WFG2,436,0.12973505834073895,0.1297350525856018,False,5.7551371446251665e-09
WFG2,437,0.08518043372845377,0.08478748053312302,True,0.000392953195330753
WFG2,438,0.15544811414204254,0.14492732286453247,True,0.010520791277510072
WFG2,439,0.03114865479868628,0.031148655340075493,False,-5.413892112393626e-10
WFG2,440,0.2078796161281945,0.20787961781024933,False,-1.682054828755497e-09
WFG4,1,0.17391499916359326,0.17391499876976013,False,3.9383313277241427e-10
WFG4,2,0.1507999444116453,0.1507999449968338,False,-5.851885087615472e-10
WFG4,3,0.27605419677695714,0.2760542035102844,False,-6.733327284624835e-09
WFG4,4,0.3273941939916082,0.32739418745040894,False,6.541199248921714e-09
WFG4,5,0.11205515389222098,0.07866872847080231,True,0.033386425421418675
WFG4,6,0.24274708444257595,0.24274708330631256,False,1.1362633889344664e-09
WFG4,7,0.05130285980805688,0.05130286142230034,False,-1.6142434611232659e-09
WFG4,8,0.032678929966871384,0.03267892822623253,False,1.7406388552743124e-09
WFG4,9,-0.1376703920720348,-0.1376703977584839,False,5.68644908938154e-09
WFG4,10,0.13776482304188786,0.1377648264169693,False,-3.3750814365518522e-09
WFG4,11,0.12797529197109575,0.12797528505325317,False,6.917842576559252e-09
WFG4,12,-0.020603600847203807,-0.02060360088944435,False,4.224054439561087e-11
WFG4,13,-0.028536163642089996,-0.02853616327047348,False,-3.716165153377915e-10
WFG4,14,0.2257226700289922,0.22572267055511475,False,-5.26122534427742e-10
WFG4,15,0.2765684472312022,0.2757847011089325,True,0.000783746122269724
WFG4,16,0.2516464297506712,0.2516464293003082,False,4.503629691399169e-10
WFG4,17,0.15200013486863562,0.15200012922286987,False,5.645765743800268e-09
WFG4,18,-0.12786520397450546,-0.12786521017551422,False,6.2010087620301135e-09
WFG4,19,0.15806308139611927,0.15806308388710022,False,-2.490980949287902e-09
WFG4,20,0.2625482352327305,0.2625124156475067,True,3.581958522380635e-05
WFG4,21,0.27325360158876744,0.27325358986854553,False,1.1720221904099049e-08
WFG4,22,-0.0872760781995986,-0.08727607876062393,False,5.610253372978491e-10
WFG4,23,-0.062969033881624,-0.06264863163232803,False,-0.00032040224929597017
WFG4,24,0.026235777696415608,0.026235777884721756,False,-1.883061484519999e-10
WFG4,25,0.1903339661572617,0.19033396244049072,False,3.7167709743268773e-09
WFG4,26,0.031809184988868644,0.031809184700250626,False,2.886180183736542e-10
WFG4,27,0.26597314414775985,0.26597315073013306,False,-6.582373202057568e-09
WFG4,28,0.15289812845359196,0.1530257910490036,False,-0.00012766259541163727
WFG4,29,-0.06782396387021788,-0.06782396137714386,False,-2.4930740250006522e-09
WFG4,30,0.020065900943462944,0.020065901800990105,False,-8.57527160391669e-10
WFG4,31,0.029833854330227116,0.029833855107426643,False,-7.771995269578724e-10
WFG4,32,0.06945026774512475,0.0694502666592598,False,1.0858649535094855e-09
WFG4,33,0.027571620712481648,0.027571620419621468,False,2.928601805507469e-10
WFG4,34,0.2928071496643479,0.2930617034435272,False,-0.00025455377917932287
WFG4,35,0.26904935342987835,0.2690541446208954,False,-4.791191017039509e-06
WFG4,36,0.06156399629518183,0.061563994735479355,False,1.5597024782820768e-09
WFG4,37,0.19577154167479663,0.19577154517173767,False,-3.4969410422913683e-09
WFG4,38,0.28226261933365315,0.2822626233100891,False,-3.9764359582861175e-09
WFG4,39,-0.027719984395500774,-0.027745410799980164,True,2.5426404479389486e-05
WFG4,40,0.052033992409209695,0.05203399062156677,False,1.78764292257938e-09
WFG4,41,-0.11589008891762015,-0.11589008569717407,False,-3.220446076479533e-09
WFG4,42,0.24088227289037067,0.2408822774887085,False,-4.5983378216263304e-09
WFG4,43,0.2963698681051252,0.29636988043785095,False,-1.233272572953581e-08
WFG4,44,0.2849786604668876,0.2849786579608917,False,2.505995855273113e-09
WFG4,45,0.18705318716450314,0.18705318868160248,False,-1.5170993350466233e-09
WFG4,46,0.0510934349320854,0.051093436777591705,False,-1.845506303332911e-09
WFG4,47,0.12949432867156352,0.12927944958209991,True,0.00021487908946360434
WFG4,48,0.03266555756865097,0.031054306775331497,True,0.0016112507933194742
WFG4,49,0.2748376631943533,0.2748376727104187,False,-9.516065380132943e-09
WFG4,50,0.16220983447016082,0.16220983862876892,False,-4.158608096771488e-09
WFG4,51,0.07555573236502744,0.07555573433637619,False,-1.971348750906543e-09
WFG4,52,0.12226047402754003,0.11811226606369019,True,0.004148207963849848
WFG4,53,0.2774485660258852,0.2767237722873688,True,0.000724793738516416
WFG4,54,0.23763921750267172,0.23763921856880188,False,-1.0661301563796854e-09
WFG4,55,0.13745950078419067,0.13745950162410736,False,-8.399166917527623e-10
WFG4,56,0.27270493229749654,0.27270492911338806,False,3.1841084768835515e-09
WFG4,57,0.04825573733785604,0.048255737870931625,False,-5.330755836752132e-10
WFG4,58,0.28612608642444504,0.2861260771751404,False,9.249304655511992e-09
WFG4,59,0.18408983872358148,0.18408983945846558,False,-7.348840980192506e-10
WFG4,60,0.2851581195762452,0.2851581275463104,False,-7.970065218909639e-09
WFG4,61,0.046070184401407366,0.04607018455862999,False,-1.5722262380890584e-10
WFG4,62,0.2677707648675767,0.26777076721191406,False,-2.3443373353693175e-09
WFG4,63,0.30954421226427337,0.3095442056655884,False,6.598684987313419e-09
WFG4,64,0.2051266346278458,0.20512662827968597,False,6.3481598311376786e-09
WFG4,65,0.29831104302266154,0.2983110547065735,False,-1.168391194905638e-08
WFG4,66,0.21356733354290497,0.21290066838264465,True,0.0006666651602603157
WFG4,67,-0.03552869658057184,-0.035528697073459625,False,4.928877861409831e-10
WFG4,68,0.16572824899258642,0.16572825610637665,False,-7.113790223556293e-09
WFG4,69,0.2398025434301611,0.2398025393486023,False,4.081558813151531e-09
WFG4,70,-0.023657111655455754,-0.023657111451029778,False,-2.0442597614689362e-10
WFG4,71,0.008798629269208824,0.00879862904548645,False,2.2372237395984484e-10
WFG4,72,0.2875097609829388,0.2875097692012787,False,-8.218339897503313e-09
WFG4,73,0.1337596070221404,0.13375960290431976,False,4.117820640026082e-09
WFG4,74,-0.022174508202798204,-0.02217450737953186,False,-8.232663439855514e-10
WFG4,75,0.2905667769931386,0.2905667722225189,False,4.7706196770747056e-09
WFG4,76,0.31113680860893306,0.31113681197166443,False,-3.3627313711370732e-09
WFG4,77,-0.024265385763744318,-0.025029035285115242,True,0.0007636495213709238
WFG4,78,0.12036347400479008,0.12036347389221191,False,1.1257816900922535e-10
WFG4,79,0.2780841513623271,0.2780841588973999,False,-7.535072787945296e-09
WFG4,80,0.1348773146800084,0.1348773092031479,False,5.476860520658988e-09
WFG4,81,0.31036602258234347,0.31036603450775146,False,-1.1925407994439752e-08
WFG4,82,0.21411045998218636,0.21329882740974426,True,0.0008116325724421003
WFG4,83,0.3059914327491127,0.30251142382621765,True,0.0034800089228950726
WFG4,84,0.2749439182547313,0.27494391798973083,False,2.6500046601540816e-10
WFG4,85,0.009702835450951852,0.009702835232019424,False,2.1893242774240207e-10
WFG4,86,0.2754473762331863,0.27544736862182617,False,7.611360153259028e-09
WFG4,87,0.22726884384368878,0.22726884484291077,False,-9.992219829335625e-10
WFG4,88,0.28254364293788015,0.2825436294078827,False,1.3529997455741238e-08
WFG4,89,-0.02503901743362802,-0.02503901720046997,False,-2.331580484238316e-10
WFG4,90,0.07442191351326899,0.07442191243171692,False,1.0815520701257242e-09
WFG4,91,0.31546681049266173,0.31471535563468933,True,0.0007514548579724001
WFG4,92,0.06963067680657403,0.06962976604700089,False,9.107595731472351e-07
WFG4,93,0.22966900975866233,0.2296690046787262,False,5.079936138407959e-09
WFG4,94,0.11056525841612519,0.11056526005268097,False,-1.6365557797826114e-09
WFG4,95,-0.07980783026293775,-0.07967035472393036,False,-0.0001374755390073923
WFG4,96,0.2838609662770932,0.2838609516620636,False,1.4615029575448801e-08
WFG4,97,0.008782358288742964,0.008782357908785343,False,3.799576209218003e-10
WFG4,98,0.2239551403150194,0.22395513951778412,False,7.972352777940728e-10
WFG4,99,0.2729457978817597,0.2729457914829254,False,6.398834295762157e-09
WFG4,100,0.291889945540993,0.28759363293647766,True,0.004296312604515351
WFG4,101,0.2801508051906444,0.28001368045806885,True,0.00013712473257554425
WFG4,102,0.2149346261522052,0.21493463218212128,False,-6.029916066463414e-09
WFG4,103,0.24563787166684659,0.2455824911594391,True,5.538050740749867e-05
WFG4,104,0.05847284183643642,0.05847284197807312,False,-1.4163670236655435e-10
WFG4,105,0.17978764273644365,0.17978763580322266,False,6.933220997318301e-09
WFG4,106,0.1359390979919656,0.1359390914440155,False,6.5479500988008255e-09
WFG4,107,0.17811205009747,0.17811204493045807,False,5.167011929430032e-09
WFG4,108,0.057788277476260363,0.05778827890753746,False,-1.4312770968416544e-09
WFG4,109,-0.09460373631728913,-0.09460373967885971,False,3.3615705774536764e-09
WFG4,110,0.12817623918314833,0.1281762421131134,False,-2.929965076114982e-09
WFG4,111,0.17035604354356512,0.17035605013370514,False,-6.5901400170265134e-09
WFG4,112,0.20366144985124535,0.2036614567041397,False,-6.852894363085227e-09
WFG4,113,0.019971574333721154,0.01997157372534275,False,6.083784032107076e-10
WFG4,114,0.20374463335933762,0.20374463498592377,False,-1.6265861435549311e-09
WFG4,115,0.07028995550589534,0.07028995454311371,False,9.62781632196652e-10
WFG4,116,0.25175931250684935,0.25189852714538574,False,-0.00013921463853638905
WFG4,117,0.2854744519094512,0.2854744493961334,False,2.513317776120516e-09
WFG4,118,-0.0059925151453359415,-0.00599251501262188,False,-1.327140619622469e-10
WFG4,119,0.06536839438544906,0.06536839157342911,False,2.8120199502268406e-09
WFG4,120,0.167677925944991,0.16767792403697968,False,1.9080113322633707e-09
WFG4,121,0.3113153536239534,0.3111173212528229,True,0.00019803237113052985
WFG4,122,0.06648001706856621,0.06648001819849014,False,-1.12992393219713e-09
WFG4,123,-0.05750475679470812,-0.05750475823879242,False,1.4440842965868228e-09
WFG4,124,-0.04236230497473853,-0.04236230626702309,False,1.2922845571416985e-09
WFG4,125,0.024403204821789815,0.024403205141425133,False,-3.1963531821332936e-10
WFG4,126,0.050710550820111666,0.050506047904491425,True,0.0002045029156202416
WFG4,127,0.08225665854868286,0.08225665986537933,False,-1.3166964740740639e-09
WFG4,128,0.05946127930969902,0.05946128070354462,False,-1.3938455944995098e-09
WFG4,129,0.24969683775646936,0.24969683587551117,False,1.880958194755422e-09
WFG4,130,0.2920855749099744,0.29208558797836304,False,-1.3068388649006835e-08
WFG4,131,0.021816656301813286,0.02181665599346161,False,3.0835167752485404e-10
WFG4,132,0.1339025794418473,0.13390257954597473,False,-1.0412742890153481e-10
WFG4,133,0.23206613979718413,0.23206613957881927,False,2.1836485397663807e-10
WFG4,134,0.041934551143382626,0.04340379685163498,False,-0.0014692457082523536
WFG4,135,0.1728314859110082,0.1728314906358719,False,-4.724863694738346e-09
WFG4,136,0.0030959615028754994,0.003095961408689618,False,9.418588131637762e-11
WFG4,137,0.024191783550878476,0.024191783741116524,False,-1.9023804753715012e-10
WFG4,138,0.24897385541975614,0.24897386133670807,False,-5.916951928419678e-09
WFG4,139,0.3070225273495317,0.30584874749183655,True,0.0011737798576951786
WFG4,140,0.037548666041729406,0.037056680768728256,True,0.0004919852730011498
WFG4,141,0.27840866872448833,0.2784086763858795,False,-7.661391188129585e-09
WFG4,142,0.26576491316025475,0.2640102207660675,True,0.0017546923941872405
WFG4,143,0.12128381882931133,0.12128382176160812,False,-2.9322967942668754e-09
WFG4,144,0.2828867437437778,0.2828867435455322,False,1.982455866134103e-10
WFG4,145,0.11687000533430791,0.11687000840902328,False,-3.074715371198522e-09
WFG4,146,0.30498316804594716,0.3045380115509033,True,0.00044515649504384136
WFG4,147,0.29542226677453565,0.2954222559928894,False,1.0781646242463694e-08
WFG4,148,0.24385873015066803,0.2416190207004547,True,0.0022397094502133175
WFG4,149,0.3036678838002863,0.3033197224140167,True,0.00034816138626958537
WFG4,150,0.31266284190491966,0.30880433320999146,True,0.003858508694928209
WFG4,151,0.28320161489481344,0.2832016050815582,False,9.813255208435123e-09
WFG4,152,0.026870986971270883,0.026870986446738243,False,5.245326395453276e-10
WFG4,153,0.3041632822379915,0.30422115325927734,False,-5.787102128584909e-05
WFG4,154,0.22754092094609427,0.22754092514514923,False,-4.199054964848514e-09
WFG4,155,0.19061544306674053,0.19065183401107788,False,-3.639094433735557e-05
WFG4,156,0.013133411255443928,0.013133411295711994,False,-4.0268066658910584e-11
WFG4,157,0.031595238508583035,0.03159523755311966,False,9.554633750852304e-10
WFG4,158,0.05600577078447416,0.056005772203207016,False,-1.4187328534198684e-09
WFG4,159,0.06292691784283883,0.06292691826820374,False,-4.2536490996170073e-10
WFG4,160,0.3099857770595125,0.30998578667640686,False,-9.616894336428317e-09
WFG4,161,0.3144064095169383,0.31280073523521423,True,0.0016056742817240899
WFG4,162,0.2593720202743761,0.2593720257282257,False,-5.453849594161397e-09
WFG4,163,-0.007110449161386034,-0.007152278907597065,True,4.182974621103064e-05
WFG4,164,-0.04726908314950884,-0.04726908355951309,False,4.100042527710457e-10
WFG4,165,0.13231376553145363,0.1327182948589325,False,-0.00040452932747886416
WFG4,166,0.3105643513593669,0.3105643391609192,False,1.2198447696398773e-08
WFG4,167,0.19758338809640835,0.1975833922624588,False,-4.166050449061487e-09
WFG4,168,-0.028161039610502536,-0.02816103957593441,False,-3.45681261393338e-11
WFG4,169,0.29007531841328577,0.2899729013442993,True,0.00010241706898644898
WFG4,170,0.20602787605888834,0.20602788031101227,False,-4.2521239307369285e-09
WFG4,171,0.10989120203526115,0.10989119857549667,False,3.4597644749112533e-09
WFG4,172,-0.00333140494259887,-0.0033314048778265715,False,-6.47722986357735e-11
WFG4,173,0.31643909224381167,0.31643909215927124,False,8.454043021188795e-11
WFG4,174,0.2599644592609235,0.2599644660949707,False,-6.83404721701919e-09
WFG4,175,0.09267553641776213,0.09290841221809387,False,-0.00023287580033173882
WFG4,176,0.22945243486234676,0.22945243120193481,False,3.6604119457717132e-09
WFG4,177,0.008107128634066152,0.00850024726241827,False,-0.0003931186283521182
WFG4,178,0.2838719756077486,0.2828884720802307,True,0.0009835035275178594
WFG4,179,0.2956922668886948,0.2956922650337219,False,1.8549728975081337e-09
WFG4,180,0.25473853987004413,0.25473853945732117,False,4.1272296691374777e-10
WFG4,181,0.021245229404512567,0.021245229989290237,False,-5.847776707312846e-10
WFG4,182,0.08746044162927735,0.08746044337749481,False,-1.7482174596850086e-09
WFG4,183,0.12259422401321718,0.12259422242641449,False,1.5868026892462694e-09
WFG4,184,0.025185962723339506,0.02518596313893795,False,-4.155984445475269e-10
WFG4,185,0.04425521767423518,0.04425521939992905,False,-1.725693865584077e-09
WFG4,186,0.0033674696236527524,0.003367469646036625,False,-2.2383872533282556e-11
WFG4,187,0.13601270480198985,0.1360127031803131,False,1.6216767373400387e-09
WFG4,188,0.09269410755261592,0.09349947422742844,False,-0.0008053666748125132
WFG4,189,0.24367493804654192,0.24367493391036987,False,4.136172043756048e-09
WFG4,190,0.09068773582011236,0.09068773686885834,False,-1.048745978948773e-09
WFG4,191,0.19518441354883076,0.19518440961837769,False,3.9304530741191e-09
WFG4,192,-0.007713604360897353,-0.007713604252785444,False,-1.0811190831461204e-10
WFG4,193,0.252207962338195,0.2512799799442291,True,0.0009279823939658538
WFG4,194,0.2868286073302354,0.2868286073207855,False,9.449885318701945e-12
WFG4,195,0.3127268025624781,0.31272679567337036,False,6.889107728724753e-09
WFG4,196,0.13012698313317328,0.1301269829273224,False,2.0585089188784877e-10
WFG4,197,0.013900925416340137,0.01509113796055317,False,-0.0011902125442130318
WFG4,198,0.2986694003839483,0.29866939783096313,False,2.5529851566119532e-09
WFG4,199,0.13089852510812594,0.13050611317157745,True,0.00039241193654848683
WFG4,200,0.01616808111249879,0.016168080270290375,False,8.422084141201935e-10
WFG4,201,0.23392675980075162,0.23392675817012787,False,1.6306237471397367e-09
WFG4,202,0.06122414528211981,0.06103590875864029,True,0.00018823652347951803
WFG4,203,0.10206186439106635,0.10206186771392822,False,-3.322861874544003e-09
WFG4,204,0.3149775282462347,0.3149775266647339,False,1.581500819192172e-09
WFG4,205,0.29969003548482775,0.29969003796577454,False,-2.4809467813469155e-09
WFG4,206,0.2004158359168536,0.19934867322444916,True,0.0010671626924044497
WFG4,207,0.1502236318862382,0.15022362768650055,False,4.199737640986356e-09
WFG4,208,0.28889772178889367,0.28889772295951843,False,-1.1706247637910394e-09
WFG4,209,0.28488589503777717,0.28488588333129883,False,1.1706478342254911e-08
WFG4,210,0.30360500329964474,0.3033822774887085,True,0.00022272581093624177
WFG4,211,-0.03752817016299492,-0.03752816841006279,False,-1.7529321327813818e-09
WFG4,212,0.30406875373445674,0.30406874418258667,False,9.551870072677104e-09
WFG4,213,0.10499500316937899,0.10211167484521866,True,0.002883328324160328
WFG4,214,0.3264864902409737,0.32431384921073914,True,0.0021726410302345678
WFG4,215,0.07487312518226463,0.07487312704324722,False,-1.8609825902515809e-09
WFG4,216,0.1242376828056701,0.12325950711965561,True,0.000978175686014493
WFG4,217,0.15696884672785671,0.1565956175327301,True,0.000373229195126612
WFG4,218,0.12164264101963218,0.12164264172315598,False,-7.035237947761175e-10
WFG4,219,-0.004850950335380078,-0.0048509505577385426,False,2.2235846497409284e-10
WFG4,220,0.2390947288061672,0.23875835537910461,True,0.00033637342706258067
WFG4,221,0.19112073878810065,0.19112074375152588,False,-4.963425226378604e-09
WFG4,222,-0.056699909516921165,-0.05669990926980972,False,-2.47111442419623e-10
WFG4,223,-0.026934357157533673,-0.02693435736000538,False,2.0247170606779719e-10
WFG4,224,0.2698460927738653,0.2698460817337036,False,1.1040161673747662e-08
WFG4,225,0.044706228732931785,0.04412824288010597,True,0.000577985852825813
WFG4,226,0.13618805214488078,0.13450153172016144,True,0.00168652042471934
WFG4,227,0.1985217671648516,0.19852176308631897,False,4.078532622742159e-09
WFG4,228,-0.00994266066573235,-0.009942661039531231,False,3.7379888073729717e-10
WFG4,229,0.1029457548299722,0.10294575244188309,False,2.388089115346048e-09
WFG4,230,0.30383365912632376,0.30317914485931396,True,0.0006545142670097981
WFG4,231,0.23925656855679225,0.23965266346931458,False,-0.0003960949125223212
WFG4,232,0.2826755711090284,0.280886173248291,True,0.0017893978607373962
WFG4,233,0.19491905497907125,0.19491904973983765,False,5.2392336025164354e-09
WFG4,234,0.25348257320244294,0.2534825801849365,False,-6.982493583329585e-09
WFG4,235,0.30815135032700297,0.30795934796333313,True,0.00019200236366984091
WFG4,236,-0.023929399459746148,-0.023237958550453186,False,-0.0006914409092929619
WFG4,237,-0.01475675714040775,-0.013507322408258915,False,-0.0012494347321488353
WFG4,238,0.0006422685706933828,9.31619870243594e-05,True,0.0005491065836690234
WFG4,239,0.3242830439718214,0.3215726613998413,True,0.0027103825719800856
WFG4,240,0.31223920304761743,0.3122391998767853,False,3.1708321523993277e-09
WFG4,241,0.061982288083344494,0.06198228895664215,False,-8.732976564118644e-10
WFG4,242,0.1577637618943535,0.1577637642621994,False,-2.367845891582121e-09
WFG4,243,0.3174557356630481,0.3174557387828827,False,-3.1198346128746834e-09
WFG4,244,-0.02921006236199436,-0.029210062697529793,False,3.3553543277164977e-10
WFG4,245,0.14964412104015803,0.1496042162179947,True,3.990482216334468e-05
WFG4,246,0.2995999640699462,0.29944536089897156,True,0.00015460317097465426
WFG4,247,0.3037169128431211,0.30371689796447754,False,1.4878643539439906e-08
WFG4,248,0.11585219887659731,0.11585219949483871,False,-6.182414025168725e-10
WFG4,249,0.3006069486197988,0.29849737882614136,True,0.002109569793657451
WFG4,250,0.21451260074921366,0.21451260149478912,False,-7.45575462479664e-10
WFG4,251,0.02140906772499812,0.021409068256616592,False,-5.31618471466544e-10
WFG4,252,0.010841597645762424,0.01084159780293703,False,-1.571746066630908e-10
WFG4,253,0.2931788373486019,0.29289510846138,True,0.00028372888722189016
WFG4,254,0.2314734625041898,0.23147346079349518,False,1.710694613743513e-09
WFG4,255,0.24222379344265568,0.24279198050498962,False,-0.0005681870623339413
WFG4,256,0.30161853804144256,0.3016185462474823,False,-8.20603973661349e-09
WFG4,257,0.03869323344168235,0.007925883866846561,True,0.03076734957483579
WFG4,258,0.02214324314640337,0.01395323220640421,True,0.00819001093999916
WFG4,259,0.2650278149988709,0.26502782106399536,False,-6.0651244582210495e-09
WFG4,260,-0.060264348226987174,-0.054443709552288055,False,-0.005820638674699119
WFG4,261,0.32022949128876355,0.3199980854988098,True,0.0002314057899537314
WFG4,262,0.3315170975649929,0.33281370997428894,False,-0.0012966124092960163
WFG4,263,0.3003700938442934,0.30037009716033936,False,-3.316045937840073e-09
WFG4,264,0.30655834502137175,0.30334997177124023,True,0.003208373250131513
WFG4,265,0.30438912496316267,0.3043891191482544,False,5.814908277113062e-09
WFG4,266,0.32315345223653985,0.32315346598625183,False,-1.3749711980093338e-08
WFG4,267,0.10494171955882359,0.1049417182803154,False,1.2785081882071836e-09
WFG4,268,0.20641005913119567,0.20641006529331207,False,-6.162116400476592e-09
WFG4,269,0.30635036501358304,0.30635035037994385,False,1.463363918929872e-08
WFG4,270,0.08940873119111009,0.08598465472459793,True,0.0034240764665121604
WFG4,271,0.09037596067483022,0.09037595987319946,False,8.016307617708662e-10
WFG4,272,0.05519906493032639,0.05519906431436539,False,6.159610044242925e-10
WFG4,273,0.06369318037387328,0.06369318068027496,False,-3.064016818044024e-10
WFG4,274,0.15365252223434558,0.15365251898765564,False,3.2466899446692565e-09
WFG4,275,-0.06145267511212199,-0.061452675610780716,False,4.986587254229846e-10
WFG4,276,0.329612601018315,0.32720208168029785,True,0.0024105193380171697
WFG4,277,0.31218873019185495,0.31265154480934143,False,-0.00046281461748648445
WFG4,278,-0.008239940255286737,-0.00823993980884552,False,-4.46441217327731e-10
WFG4,279,0.06748517283441485,0.06742697954177856,True,5.819329263628825e-05
WFG4,280,0.07957862776136726,0.07896430045366287,True,0.0006143273077043876
WFG4,281,-0.043395236255600156,-0.043395236134529114,False,-1.210710420807004e-10
WFG4,282,-0.0340342470503488,-0.03403424844145775,False,1.39110895025496e-09
WFG4,283,0.024740026613692234,0.024740027263760567,False,-6.500683324972556e-10
WFG4,284,0.2047619353587805,0.20476193726062775,False,-1.9018472352527738e-09
WFG4,285,0.2982434126871247,0.2982434034347534,False,9.25237125803946e-09
WFG4,286,0.08843504458950965,0.08843504637479782,False,-1.7852881672997256e-09
WFG4,287,0.017610238569544134,0.014647893607616425,True,0.00296234496192771
WFG4,288,0.06326393030703059,0.06326393038034439,False,-7.331379947572714e-11
WFG4,289,0.27766003527923655,0.2776600420475006,False,-6.7682640603194955e-09
WFG4,290,0.233369949650353,0.23336994647979736,False,3.170555623599469e-09
WFG4,291,0.3042991709651237,0.304008811712265,True,0.00029035925285869624
WFG4,292,0.025694139943312988,0.02441459149122238,True,0.0012795484520906064
WFG4,293,0.12368843480469549,0.12378397583961487,False,-9.554103491937749e-05
WFG4,294,0.21657168025264523,0.21657167375087738,False,6.501767846334161e-09
WFG4,295,0.2873585138056847,0.28735852241516113,False,-8.609476409571215e-09
WFG4,296,0.2875870918456806,0.28758710622787476,False,-1.4382194157835926e-08
WFG4,297,0.254042654798379,0.253046452999115,True,0.0009962017992640182
WFG4,298,-0.025358548119162494,-0.02474248595535755,False,-0.0006160621638049424
WFG4,299,0.3298489816092016,0.32904815673828125,True,0.0008008248709203691
WFG4,300,0.3205671816786261,0.31740450859069824,True,0.0031626730879278364
WFG4,301,0.1607984868956667,0.16079849004745483,False,-3.1517881360354494e-09
WFG4,302,0.15926415936096483,0.15926416218280792,False,-2.8218430925264215e-09
WFG4,303,0.015333021998372276,0.015333021990954876,False,7.417400027520671e-12
WFG4,304,0.3120755825477057,0.31057101488113403,True,0.0015045676665716434
WFG4,305,0.07716854508312754,0.0771685466170311,False,-1.5339035597250472e-09
WFG4,306,0.06879241903755229,0.06534629315137863,True,0.0034461258861736566
WFG4,307,-0.017061064055725883,-0.018362658098340034,True,0.0013015940426141515
WFG4,308,0.32800114403703623,0.3277260959148407,True,0.00027504812219553143
WFG4,309,0.24574030238228547,0.24574030935764313,False,-6.975357652594383e-09
WFG4,310,0.06054203658135937,0.0605420358479023,False,7.334570728545486e-10
WFG4,311,0.04439183783063044,0.04439183697104454,False,8.595859024573826e-10
WFG4,312,0.20478072653059975,0.2047807276248932,False,-1.0942934336455323e-09
WFG4,313,0.27172693778118634,0.27028101682662964,True,0.0014459209545567009
WFG4,314,0.32769416478815466,0.3276941776275635,False,-1.2839408813913877e-08
WFG4,315,0.012664207358674573,0.01656976155936718,False,-0.003905554200692607
WFG4,316,0.0038327226875505827,0.0077145579271018505,False,-0.003881835239551268
WFG4,317,0.3207930360620181,0.3192221224308014,True,0.0015709136312166971
WFG4,318,0.30668940726536886,0.30668941140174866,False,-4.136379794239531e-09
WFG4,319,0.33236866362067047,0.3317093849182129,True,0.0006592787024575775
WFG4,320,-0.04271973355966885,-0.039662156254053116,False,-0.003057577305615733
WFG4,321,0.2821329551553084,0.28213295340538025,False,1.7499281468325023e-09
WFG4,322,0.15487813148218896,0.15487812459468842,False,6.88750054211873e-09
WFG4,323,0.3222882532015105,0.3207177221775055,True,0.0015705310240050063
WFG4,324,0.02003086546969418,0.02003086544573307,False,2.3961110873216285e-11
WFG4,325,0.3287527363713353,0.32775184512138367,True,0.0010008912499516187
WFG4,326,0.1724680241988301,0.17246802151203156,False,2.6867985336576083e-09
WFG4,327,0.31152612176532646,0.3115261197090149,False,2.0563115654681496e-09
WFG4,328,0.04797994266796232,0.047979943454265594,False,-7.863032724930719e-10
WFG4,329,0.30224735224685306,0.3022473454475403,False,6.7993127794707675e-09
WFG4,330,0.3329089413495493,0.33245688676834106,True,0.0004520545812082277
WFG4,331,0.3364757525819724,0.3346148133277893,True,0.0018609392541830694
WFG4,332,0.1199257264657459,0.11442028731107712,True,0.005505439154668779
WFG4,333,0.2580332353394641,0.25803324580192566,False,-1.046246156377606e-08
WFG4,334,0.23362058085710927,0.23362058401107788,False,-3.153968614055813e-09
WFG4,335,0.03807128901928125,0.037938300520181656,True,0.00013298849909959554
WFG4,336,0.04401188985376059,0.04401189088821411,False,-1.034453522841261e-09
WFG4,337,0.15418003045973255,0.1515018343925476,True,0.002678196067184946
WFG4,338,0.3059673357085631,0.3059673309326172,False,4.7759459165241935e-09
WFG4,339,-0.043523403174672515,-0.043523404747247696,False,1.572575181185698e-09
WFG4,340,0.13985099452286567,0.13985098898410797,False,5.5387577024834656e-09
WFG4,341,0.2985326687719523,0.2985326647758484,False,3.9961038922342595e-09
WFG4,342,0.16606242311309882,0.156711608171463,True,0.00935081494163581
WFG4,343,0.24215398961569046,0.24215398728847504,False,2.327215420372397e-09
WFG4,344,0.11488959111914473,0.11488959193229675,False,-8.131520179421869e-10
WFG4,345,0.16546657321655056,0.1654665768146515,False,-3.598100928314807e-09
WFG4,346,-0.05099921168257865,-0.05099921301007271,False,1.3274940591223583e-09
WFG4,347,0.3314305527888465,0.33038923144340515,True,0.0010413213454413262
WFG4,348,0.16647113032357758,0.16647112369537354,False,6.6282040411813625e-09
WFG4,349,0.121989410124827,0.121989406645298,False,3.4795289982625377e-09
WFG4,350,0.0857798366994113,0.0857798382639885,False,-1.5645771900274497e-09
WFG4,351,0.11604529669740749,0.11604529619216919,False,5.052382956449719e-10
WFG4,352,0.1420565516306404,0.14205655455589294,False,-2.9252525401979312e-09
WFG4,353,0.3166295381219182,0.3167155981063843,False,-8.605998446609142e-05
WFG4,354,0.29836564689493605,0.2976688742637634,True,0.0006967726311726263
WFG4,355,0.3022945622774852,0.3022945523262024,False,9.951282797793226e-09
WFG4,356,0.3117083901134918,0.31170839071273804,False,-5.992462637216533e-10
WFG4,357,0.13090977009253088,0.1309097707271576,False,-6.346267122925298e-10
WFG4,358,0.02023632744999798,0.026906060054898262,False,-0.00666973260490028
WFG4,359,0.10165763660593585,0.10165763646364212,False,1.4229373235252751e-10
WFG4,360,0.3050708427297873,0.30553677678108215,False,-0.00046593405129485843
WFG4,361,0.3227234171159629,0.3227234184741974,False,-1.358234469339692e-09
WFG4,362,0.2985352095937319,0.29853519797325134,False,1.1620480577789749e-08
WFG4,363,0.019552799820743816,0.019552798941731453,False,8.790123628976687e-10
WFG4,364,0.3008041804211213,0.30080416798591614,False,1.243520514337959e-08
WFG4,365,0.204078030043005,0.20407412946224213,True,3.9005807628833544e-06
WFG4,366,0.15686555729590065,0.15705695748329163,False,-0.0001914001873909721
WFG4,367,0.2961995489016652,0.2961995601654053,False,-1.1263740051781213e-08
WFG4,368,0.11843229639416714,0.11843229830265045,False,-1.9084833158267145e-09
WFG4,369,0.31796758140197584,0.31796759366989136,False,-1.2267915516783745e-08
WFG4,370,0.20300677640250817,0.203006774187088,False,2.215420152884562e-09
WFG4,371,0.2893779901817345,0.28360527753829956,True,0.00577271264343493
WFG4,372,0.08184420530941983,0.08184420317411423,False,2.1353055990047665e-09
WFG4,373,-0.02288450126373881,-0.02288450114428997,False,-1.1944883970826936e-10
WFG4,374,0.3291747746936192,0.32917478680610657,False,-1.2112487346449541e-08
WFG4,375,0.1514866362281529,0.15148663520812988,False,1.020023010500637e-09
WFG4,376,0.31359712248395005,0.3138287365436554,False,-0.00023161405970534288
WFG4,377,0.20233929049488666,0.2023392915725708,False,-1.077684136374657e-09
WFG4,378,0.036873259080648535,0.03687325865030289,False,4.3034564800592534e-10
WFG4,379,0.2736732552825027,0.27367326617240906,False,-1.0889906365552093e-08
WFG4,380,0.3302599168628401,0.33025991916656494,False,-2.303724822017017e-09
WFG4,381,0.1657387582121494,0.1657387614250183,False,-3.2128689153587686e-09
WFG4,382,0.28185324814698415,0.28038057684898376,True,0.001472671298000383
WFG4,383,0.002118622730240771,0.006696226075291634,False,-0.004577603345050862
WFG4,384,0.3281640943511739,0.3241283893585205,True,0.004035704992653377
WFG4,385,0.15682964272440295,0.15682964026927948,False,2.45512346563892e-09
WFG4,386,0.3284116642299819,0.32841166853904724,False,-4.30906532677966e-09
WFG4,387,0.13740695897036584,0.13740696012973785,False,-1.1593720150582243e-09
WFG4,388,0.29650413372749085,0.2949635088443756,True,0.001540624883115238
WFG4,389,0.09132743696104645,0.09132743626832962,False,6.92716828343265e-10
WFG4,390,0.02420684835107506,0.024547606706619263,False,-0.00034075835554420175
WFG4,391,0.22914555764535946,0.2254631370306015,True,0.0036824206147579586
WFG4,392,0.18151396136093267,0.17160314321517944,True,0.00991081814575323
WFG4,393,0.34955286996265955,0.34387585520744324,True,0.005677014755216314
WFG4,394,0.0590325189652382,0.05903251841664314,False,5.485950582695409e-10
WFG4,395,0.28271274962281767,0.28271275758743286,False,-7.964615189592905e-09
WFG4,396,0.1708460502351168,0.17084604501724243,False,5.2178743548125794e-09
WFG4,397,0.27707701467475737,0.27195391058921814,True,0.005123104085539232
WFG4,398,0.23386858586105186,0.2338685840368271,False,1.8242247712407789e-09
WFG4,399,0.3462265339906902,0.339527428150177,True,0.006699105840513198
WFG4,400,0.24306235344955807,0.2430623471736908,False,6.275867270311153e-09
WFG4,401,0.31123989709720423,0.31123989820480347,False,-1.10759923455106e-09
WFG4,402,0.3218205930869302,0.32182058691978455,False,6.167145627511417e-09
WFG4,403,0.32767671754117833,0.3273373246192932,True,0.0003393929218851177
WFG4,404,0.18947424554339845,0.18947423994541168,False,5.597986768579588e-09
WFG4,405,0.06590831941183212,0.06590832024812698,False,-8.362948666906789e-10
WFG4,406,0.011899400634338864,0.011899400502443314,False,1.31895550037342e-10
WFG4,407,0.12836639092278526,0.1283663958311081,False,-4.908322831509437e-09
WFG4,408,0.020248605066786274,0.02024860493838787,False,1.2839840302092398e-10
WFG4,409,0.333902732327705,0.3338896930217743,True,1.303930593071767e-05
WFG4,410,0.31703263629032225,0.31735262274742126,False,-0.00031998645709901963
WFG4,411,0.1490584872852978,0.1459619104862213,True,0.003096576799076489
WFG4,412,0.17328254669987186,0.17328254878520966,False,-2.085337791335462e-09
WFG4,413,0.07012912372886057,0.07012912631034851,False,-2.5814879400787305e-09
WFG4,414,0.32889666269738416,0.3288966715335846,False,-8.836200438011588e-09
WFG4,415,-0.005590558229280618,-0.00884526502341032,True,0.0032547067941297025
WFG4,416,0.3280258404323678,0.3275297284126282,True,0.0004961120197396474
WFG4,417,0.2085466149547375,0.20668423175811768,True,0.0018623831966198268
WFG4,418,0.1971021184292896,0.1971021145582199,False,3.871069687022555e-09
WFG4,419,0.21803152819566324,0.21847179532051086,False,-0.0004402671248476264
WFG4,420,0.33566401996046286,0.33136340975761414,True,0.00430061020284872
WFG4,421,0.05945010606719903,0.05945010483264923,False,1.2345497957255702e-09
WFG4,422,0.00824741533102874,0.008247415535151958,False,-2.0412321832807834e-10
WFG4,423,0.330562378205729,0.32508939504623413,True,0.005472983159494849
WFG4,424,0.2037392721532173,0.20598222315311432,False,-0.00224295099989702
WFG4,425,0.20576160215088263,0.19721412658691406,True,0.008547475563968565
WFG4,426,0.045300890219665046,0.045715298503637314,False,-0.00041440828397226737
WFG4,427,0.3226285301239392,0.3233190178871155,False,-0.0006904877631762618
WFG4,428,0.15405843589438603,0.15405844151973724,False,-5.6253512126236416e-09
WFG4,429,0.25092437926501127,0.25105080008506775,False,-0.00012642082005648314
WFG4,430,0.24899213411309357,0.24940423667430878,False,-0.0004121025612152107
WFG4,431,0.2650490220091888,0.265049010515213,False,1.1493975771159626e-08
WFG4,432,0.13464157678578348,0.13464157283306122,False,3.952722260613939e-09
WFG4,433,0.1510659142448423,0.1510659158229828,False,-1.5781404794079634e-09
WFG4,434,0.06983292700395888,0.0698329284787178,False,-1.4747589260899474e-09
WFG4,435,0.2681902464057722,0.2620472311973572,True,0.006143015208415037
WFG4,436,0.1955688518445814,0.1917426586151123,True,0.003826193229469088
WFG4,437,0.041605272793559245,0.04185684397816658,False,-0.0002515711846073354
WFG4,438,0.2154781731896543,0.21547816693782806,False,6.2518262233801636e-09
WFG4,439,0.03987985926948959,0.03987985849380493,False,7.75684655396347e-10
WFG4,440,0.307092119152361,0.30756285786628723,False,-0.000470738713926222
WFG5,1,0.25263255282006547,0.2526325583457947,False,-5.525729207533914e-09
WFG5,2,0.30690058678648124,0.30690059065818787,False,-3.871706621971782e-09
WFG5,3,0.30628392105947944,0.30618709325790405,True,9.682780157538318e-05
WFG5,4,0.3504707376470779,0.35047075152397156,False,-1.3876893634190424e-08
WFG5,5,0.15147006326063128,0.15147006511688232,False,-1.8562510417652334e-09
WFG5,6,0.3866623388585883,0.3865949809551239,True,6.735790346440451e-05
WFG5,7,0.3338682307863548,0.33386823534965515,False,-4.563300348703336e-09
WFG5,8,0.2752102851574405,0.2746647894382477,True,0.0005454957191928234
WFG5,9,0.33257350119800916,0.3290756642818451,True,0.0034978369161640654
WFG5,10,0.3607516591636873,0.3607516586780548,False,4.856324786750577e-10
WFG5,11,0.3797299068843295,0.3795863687992096,True,0.00014353808511990973
WFG5,12,0.12602553920203385,0.40848684310913086,False,-0.282461303907097
WFG5,13,0.34401381466226916,0.3440138101577759,False,4.504493278378874e-09
WFG5,14,0.36730489000714883,0.3668944835662842,True,0.0004104064408646524
WFG5,15,0.3853250355388785,0.38532504439353943,False,-8.854660948909299e-09
WFG5,16,0.3868912104927624,0.38680651783943176,True,8.469265333066467e-05
WFG5,17,0.39094803448120463,0.3900337517261505,True,0.0009142827550541188
WFG5,18,0.10171743527475918,0.3265320956707001,False,-0.2248146603959409
WFG5,19,0.3014769225604895,0.2704504132270813,True,0.031026509333408225
WFG5,20,0.4015944388073616,0.4015944302082062,False,8.599155443267392e-09
WFG5,21,0.38541632137399967,0.3853916823863983,True,2.46389876013553e-05
WFG5,22,0.10417376650164645,0.0463181734085083,True,0.05785559309313815
WFG5,23,0.12886263428668177,0.1051558330655098,True,0.02370680122117197
WFG5,24,0.08532057083979605,0.08532056957483292,False,1.2649631342398493e-09
WFG5,25,0.26209427218158554,0.2546984553337097,True,0.007395816847875825
WFG5,26,-0.028259274697596815,-0.03163004294037819,True,0.0033707682427813745
WFG5,27,0.3121961505851219,0.3104146420955658,True,0.001781508489556105
WFG5,28,0.1540693056717488,0.15406930446624756,False,1.2055012543754628e-09
WFG5,29,-0.04714450885082566,-0.046723637729883194,False,-0.0004208711209424676
WFG5,30,0.05703590373554679,0.0570359043776989,False,-6.421521092647708e-10
WFG5,31,-0.11986448536173233,-0.11986448615789413,False,7.961618031515627e-10
WFG5,32,0.10559830420921812,0.10586682707071304,False,-0.0002685228614949242
WFG5,33,-0.0885148374951279,-0.08851483464241028,False,-2.85271761768513e-09
WFG5,34,0.3295885357587858,0.32958853244781494,False,3.3109708308387553e-09
WFG5,35,0.2639718858646336,0.26397189497947693,False,-9.11484332455359e-09
WFG5,36,0.052331056253653196,0.05233105644583702,False,-1.9218382441010817e-10
WFG5,37,0.1683437771978476,0.16834378242492676,False,-5.227079158398595e-09
WFG5,38,0.33176949055531335,0.33176949620246887,False,-5.647155520982494e-09
WFG5,39,0.006985049523008935,0.006985049694776535,False,-1.7176760014336878e-10
WFG5,40,0.05717388273677115,0.05717388167977333,False,1.056997822601602e-09
WFG5,41,-0.026435217291493895,-0.02728211134672165,True,0.0008468940552277537
WFG5,42,0.2354109611193099,0.23525451123714447,True,0.000156449882165427
WFG5,43,0.32105589674121904,0.32105588912963867,False,7.611580365995962e-09
WFG5,44,0.34000047613902884,0.3400004804134369,False,-4.2744080497314485e-09
WFG5,45,0.18436637651063276,0.184366375207901,False,1.3027317558034213e-09
WFG5,46,0.07124614507032306,0.07124614715576172,False,-2.0854386550972492e-09
WFG5,47,0.0788315454200646,0.07883154600858688,False,-5.885222864598916e-10
WFG5,48,-0.06850395411658927,-0.0685039535164833,False,-6.001059649207718e-10
WFG5,49,0.3209782402439597,0.3209782540798187,False,-1.383585901404416e-08
WFG5,50,0.1981686789967751,0.19816868007183075,False,-1.0750556556082813e-09
WFG5,51,0.018669295612469772,0.01866929605603218,False,-4.43562409024878e-10
WFG5,52,0.08201576518863718,0.08201576769351959,False,-2.5048824126017166e-09
WFG5,53,0.33848993950967393,0.33848994970321655,False,-1.0193542621106388e-08
WFG5,54,0.2745407447446006,0.2738010883331299,True,0.0007396564114707238
WFG5,55,0.1495421495129992,0.14954215288162231,False,-3.368623102684154e-09
WFG5,56,0.29484772053112285,0.2948477268218994,False,-6.2907765663311466e-09
WFG5,57,0.004954838547006402,0.004954838659614325,False,-1.126079229862853e-10
WFG5,58,0.29864348594291823,0.2986434996128082,False,-1.3669889997736107e-08
WFG5,59,0.192695053113152,0.19269505143165588,False,1.6814961090183544e-09
WFG5,60,0.3176779685764448,0.31748923659324646,True,0.0001887319831983536
WFG5,61,0.03802382690211081,0.038023825734853745,False,1.1672570687792927e-09
WFG5,62,0.2964714735623393,0.2964714765548706,False,-2.9925312783340985e-09
WFG5,63,0.337424767806024,0.33671876788139343,True,0.0007059999246305515
WFG5,64,0.22754661974189222,0.22754661738872528,False,2.3531669390841614e-09
WFG5,65,0.30999147372727326,0.3099914789199829,False,-5.192709651158367e-09
WFG5,66,0.24605202531012427,0.24605202674865723,False,-1.438532959419092e-09
WFG5,67,-0.025304142512652228,-0.025304142385721207,False,-1.269310212492769e-10
WFG5,68,0.17793987840405312,0.17793987691402435,False,1.4900287670371881e-09
WFG5,69,0.26578567246121276,0.26578566431999207,False,8.14122069758838e-09
WFG5,70,0.024658374140122397,0.02465837448835373,False,-3.482313326585995e-10
WFG5,71,-0.025671194725025992,-0.02567119523882866,False,5.138026670792328e-10
WFG5,72,0.31760527372738695,0.31760528683662415,False,-1.310923719577417e-08
WFG5,73,0.10406371673273751,0.1040637195110321,False,-2.7782945943854997e-09
WFG5,74,-0.018001585171247392,-0.018057776615023613,True,5.6191443776221206e-05
WFG5,75,0.31528610072616065,0.3152860999107361,False,8.154245612068678e-10
WFG5,76,0.33839307263930396,0.33839306235313416,False,1.0286169804807344e-08
WFG5,77,-0.07639336671396502,-0.07639336585998535,False,-8.539796647610842e-10
WFG5,78,0.13519708238276146,0.13519708812236786,False,-5.739606401267139e-09
WFG5,79,0.29503405025615936,0.2950340509414673,False,-6.853079215218827e-10
WFG5,80,0.16598138272790164,0.16598138213157654,False,5.963251004104109e-10
WFG5,81,0.33116898663170735,0.3311689794063568,False,7.225350540096542e-09
WFG5,82,0.21695319509526095,0.21695318818092346,False,6.914337491448208e-09
WFG5,83,0.3103896988041721,0.3103896975517273,False,1.2524448145256883e-09
WFG5,84,0.2996650628200611,0.2996259927749634,True,3.9070045097733264e-05
WFG5,85,-0.053847724284747156,-0.053847722709178925,False,-1.575568231437785e-09
WFG5,86,0.29842848031327474,0.2980968654155731,True,0.00033161489770161534
WFG5,87,0.2338105072710295,0.23381051421165466,False,-6.940625157936253e-09
WFG5,88,0.32938891793415315,0.32944682240486145,False,-5.790447070830318e-05
WFG5,89,-0.027264850660596474,-0.027264850214123726,False,-4.4647274766163036e-10
WFG5,90,0.10170283789899215,0.1013568639755249,True,0.00034597392346724654
WFG5,91,0.34149501690489875,0.34091028571128845,True,0.0005847311936102995
WFG5,92,0.11531089268183892,0.11531089246273041,False,2.1910850911410762e-10
WFG5,93,0.24498060899367666,0.2449806034564972,False,5.53717946494281e-09
WFG5,94,0.12806822238202759,0.1280682235956192,False,-1.21359161608936e-09
WFG5,95,-0.015334947873962279,-0.01533494796603918,False,9.207690165879967e-11
WFG5,96,0.29547893510484424,0.2954789400100708,False,-4.905226558271636e-09
WFG5,97,0.03127803782377381,0.031278036534786224,False,1.2889875833366204e-09
WFG5,98,0.2556836247727396,0.25568363070487976,False,-5.932140167974609e-09
WFG5,99,0.29649468499384085,0.2964946925640106,False,-7.57016976882241e-09
WFG5,100,0.3086709709394517,0.3085508942604065,True,0.00012007667904523345
WFG5,101,0.29093955560823304,0.2909395694732666,False,-1.3865033565707563e-08
WFG5,102,0.25161084974768166,0.2516409754753113,False,-3.0125727629615184e-05
WFG5,103,0.2575531014240821,0.25733205676078796,True,0.0002210446632941454
WFG5,104,0.037499538732307935,0.03749953955411911,False,-8.218111746671752e-10
WFG5,105,0.16516217401339778,0.16516217589378357,False,-1.880385791519501e-09
WFG5,106,0.1453296793472244,0.14517979323863983,True,0.00014988610858457374
WFG5,107,0.17527067128095974,0.175270676612854,False,-5.331894259441583e-09
WFG5,108,0.07835951168699246,0.07853736728429794,False,-0.0001778555973054874
WFG5,109,-0.02929003606134073,-0.029352445155382156,True,6.24090940414268e-05
WFG5,110,0.15621766696784117,0.15621766448020935,False,2.487631822756242e-09
WFG5,111,0.18517730877155908,0.18517731130123138,False,-2.5296723049628156e-09
WFG5,112,0.23017632503658894,0.23017632961273193,False,-4.576142992318566e-09
WFG5,113,0.07268274377674794,0.07268274575471878,False,-1.9779708426703735e-09
WFG5,114,0.2205776273347627,0.2205166071653366,True,6.102016942607924e-05
WFG5,115,0.11159129796750777,0.10949090123176575,True,0.0021003967357420272
WFG5,116,0.2608798921925739,0.26087990403175354,False,-1.1839179636652375e-08
WFG5,117,0.31342775971303316,0.3108373284339905,True,0.002590431279042682
WFG5,118,0.0381562043816836,0.03815620392560959,False,4.5607401188973995e-10
WFG5,119,0.11476590109653317,0.11472269892692566,True,4.320216960751466e-05
WFG5,120,0.19656425945936717,0.19656425714492798,False,2.3144391958496158e-09
WFG5,121,0.3259575766837278,0.3259575664997101,False,1.0184017740222373e-08
WFG5,122,-0.017314964905448038,-0.017170801758766174,False,-0.0001441631466818638
WFG5,123,-0.0880219210843447,-0.08802191913127899,False,-1.9530657091593184e-09
WFG5,124,0.009987938499344207,0.009987938217818737,False,2.8152546960313884e-10
WFG5,125,0.037818742041168474,0.03781874105334282,False,9.878256546080877e-10
WFG5,126,0.035649453001015685,0.03564945235848427,False,6.42531416961134e-10
WFG5,127,0.09954343308490937,0.09955459088087082,False,-1.1157795961447281e-05
WFG5,128,0.08653397932743928,0.08653397858142853,False,7.460107531720439e-10
WFG5,129,0.27214033173362817,0.2721403241157532,False,7.61787499747868e-09
WFG5,130,0.3347065433182994,0.33470654487609863,False,-1.5577992229509618e-09
WFG5,131,-0.0032686643070006793,-0.0031893292907625437,False,-7.933501623813566e-05
WFG5,132,0.15648702640560802,0.15648703277111053,False,-6.365502513983046e-09
WFG5,133,0.23126870795745338,0.2283487170934677,True,0.002919990863985672
WFG5,134,0.040176694131447976,0.040176693350076675,False,7.813713009952039e-10
WFG5,135,0.1737753713631241,0.17377537488937378,False,-3.5262496811405697e-09
WFG5,136,0.06887134407941942,0.06887134164571762,False,2.4337017956455043e-09
WFG5,137,0.0034402051679714996,0.003440205240622163,False,-7.265066326311853e-11
WFG5,138,0.23788287707268613,0.23792001605033875,False,-3.7138977652617644e-05
WFG5,139,0.3083154060226902,0.3080388903617859,True,0.00027651566090430846
WFG5,140,0.0688697199309386,0.06886971741914749,False,2.511791108439354e-09
WFG5,141,0.29119098433731416,0.2911909818649292,False,2.472384963425611e-09
WFG5,142,0.2887490206571224,0.28874900937080383,False,1.1286318546410712e-08
WFG5,143,0.12705138793012088,0.12705138325691223,False,4.673208653382943e-09
WFG5,144,0.3050138479063559,0.3042299449443817,True,0.00078390296197417
WFG5,145,0.11724385926027864,0.11724385619163513,False,3.068643505965696e-09
WFG5,146,0.292358979260667,0.29235896468162537,False,1.4579041640594426e-08
WFG5,147,0.32686266489687676,0.3268626630306244,False,1.8662523748602666e-09
WFG5,148,0.2520637759266363,0.25183579325675964,True,0.0002279826698766696
WFG5,149,0.311998680260426,0.3119986951351166,False,-1.4874690590360728e-08
WFG5,150,0.327139899250694,0.3271399140357971,False,-1.4785103141790046e-08
WFG5,151,0.30077000374924934,0.2991803288459778,True,0.001589674903271554
WFG5,152,0.030127146888193956,0.030810611322522163,False,-0.000683464434328207
WFG5,153,0.303041957474263,0.3030419647693634,False,-7.29510041264092e-09
WFG5,154,0.25298985428195525,0.2529771625995636,True,1.2691682391652304e-05
WFG5,155,0.20854617512768012,0.20854617655277252,False,-1.4250924051939506e-09
WFG5,156,0.041937199984825424,0.041937198489904404,False,1.49492102030635e-09
WFG5,157,0.05693207875826689,0.056932080537080765,False,-1.7788138739760484e-09
WFG5,158,0.0727521168394466,0.07275211811065674,False,-1.2712101371548101e-09
WFG5,159,0.059259159588523846,0.05925916135311127,False,-1.7645874206273504e-09
WFG5,160,0.33856657485568686,0.3341965973377228,True,0.004369977517964085
WFG5,161,0.31487783409191156,0.31487783789634705,False,-3.804435488863334e-09
WFG5,162,0.2799157178991085,0.2799157202243805,False,-2.325271974967791e-09
WFG5,163,-0.026216828089692834,-0.02621682733297348,False,-7.567193538449146e-10
WFG5,164,-0.013322550200907779,-0.013322549872100353,False,-3.288074257312701e-10
WFG5,165,0.20693718141869907,0.20412735641002655,True,0.002809825008672523
WFG5,166,0.32521400450647553,0.3252139985561371,False,5.950338444193903e-09
WFG5,167,0.23750310860841733,0.23750311136245728,False,-2.7540399405445726e-09
WFG5,168,-0.047787582868816014,-0.047787584364414215,False,1.4955982008402202e-09
WFG5,169,0.2975853333742115,0.29741764068603516,True,0.0001676926881763463
WFG5,170,0.2476877625574124,0.240756556391716,True,0.006931206165696396
WFG5,171,0.12149379902690705,0.12149380147457123,False,-2.447664182447795e-09
WFG5,172,-0.004937687071009056,-0.004937686957418919,False,-1.1359013729617118e-10
WFG5,173,0.32213450225981244,0.32213449478149414,False,7.47831829794876e-09
WFG5,174,0.2606037402177349,0.26060372591018677,False,1.43075481462418e-08
WFG5,175,0.11554925208508171,0.1155492514371872,False,6.478945158150395e-10
WFG5,176,0.2574332818414018,0.25743329524993896,False,-1.3408537169468104e-08
WFG5,177,0.04333475248446772,0.043334752321243286,False,1.632244339688782e-10
WFG5,178,0.2935259723123269,0.29261520504951477,True,0.0009107672628121399
WFG5,179,0.31997232850216906,0.32398107647895813,False,-0.004008747976789073
WFG5,180,0.18640042020659414,0.1864004135131836,False,6.693410548042067e-09
WFG5,181,-0.23386085978760363,-0.23386086523532867,False,5.447725048846053e-09
WFG5,182,0.020144056905153584,0.022447412833571434,False,-0.0023033559284178495
WFG5,183,0.02022243046876404,0.020222431048750877,False,-5.799868363354221e-10
WFG5,184,-0.11188403587934598,-0.11188403517007828,False,-7.092677001274694e-10
WFG5,185,0.08118996179903254,0.08097165077924728,True,0.00021831101978525558
WFG5,186,-0.048334493312501225,-0.04889439046382904,True,0.000559897151327815
WFG5,187,0.09060180593199901,0.09060180932283401,False,-3.390835001670922e-09
WFG5,188,0.009075107639309243,0.009075107984244823,False,-3.449355800988485e-10
WFG5,189,0.18969397875976696,0.18969397246837616,False,6.2913907972195204e-09
WFG5,190,-0.0034727198015156446,-0.003472719807177782,False,5.662137425588298e-12
WFG5,191,0.15013622945297062,0.15013623237609863,False,-2.9231280174180085e-09
WFG5,192,0.019893680395508928,0.01964751072227955,True,0.00024616967322937944
WFG5,193,0.24812943377218705,0.24508528411388397,True,0.0030441496583030747
WFG5,194,0.28822503518437237,0.2882250249385834,False,1.0245788995000282e-08
WFG5,195,0.321626858593029,0.3216268718242645,False,-1.3231235551636189e-08
WFG5,196,0.12034553966749162,0.12034554034471512,False,-6.772234995011672e-10
WFG5,197,-0.1398070627577616,-0.1398070603609085,False,-2.3968531048801367e-09
WFG5,198,0.3430662098528327,0.3430662155151367,False,-5.662304014553143e-09
WFG5,199,0.06232919280683963,0.06232919171452522,False,1.0923144055929868e-09
WFG5,200,0.04418488392064457,0.04418488219380379,False,1.726840781479666e-09
WFG5,201,0.1855811668571174,0.18558116257190704,False,4.2852103532275976e-09
WFG5,202,0.0842023359729831,0.0823872834444046,True,0.001815052528578498
WFG5,203,0.10770790296473087,0.1077079027891159,False,1.756149670129048e-10
WFG5,204,0.3428862913027196,0.33343103528022766,True,0.00945525602249192
WFG5,205,0.30648004262995787,0.3064475953578949,True,3.2447272062974264e-05
WFG5,206,0.18757084985565536,0.18757085502147675,False,-5.165821381769575e-09
WFG5,207,0.1635071376051914,0.1635071337223053,False,3.882886095984972e-09
WFG5,208,0.2622477866314835,0.26224780082702637,False,-1.4195542852313281e-08
WFG5,209,0.2682754670899021,0.2682754695415497,False,-2.451647607148999e-09
WFG5,210,0.3248816667523111,0.32526788115501404,False,-0.0003862144027029224
WFG5,211,-0.21394155464840836,-0.2139415591955185,False,4.547110132868681e-09
WFG5,212,0.3134924179494083,0.31349241733551025,False,6.138980435110852e-10
WFG5,213,0.0032946349121578122,0.0032946348655968904,False,4.6560921784788434e-11
WFG5,214,0.33182729242056314,0.33139216899871826,True,0.00043512342184487407
WFG5,215,0.07397349624735267,0.07397349923849106,False,-2.9911383925274038e-09
WFG5,216,0.07199313667525653,0.0719931349158287,False,1.7594278256538587e-09
WFG5,217,0.1134425313516379,0.11344253271818161,False,-1.366543711522894e-09
WFG5,218,0.1283055354381093,0.12830553948879242,False,-4.050683122258647e-09
WFG5,219,-0.02176077131069809,-0.021760771051049232,False,-2.596488579698075e-10
WFG5,220,0.24301567970906485,0.24301567673683167,False,2.9722331817971792e-09
WFG5,221,0.17195394112156775,0.171953946352005,False,-5.230437249981179e-09
WFG5,222,-0.020743267547931765,-0.020743267610669136,False,6.273737085393805e-11
WFG5,223,-0.05320430790480468,-0.053373824805021286,True,0.00016951690021660415
WFG5,224,0.3368753554382815,0.3369519114494324,False,-7.655601115086341e-05
WFG5,225,0.049446642614360936,0.04944664239883423,False,2.1552670759206194e-10
WFG5,226,0.1338559451964113,0.13294284045696259,True,0.0009131047394487224
WFG5,227,0.2346125235551954,0.23461252450942993,False,-9.54234524730424e-10
WFG5,228,-0.028251379976515723,-0.02825137972831726,False,-2.481984617830335e-10
WFG5,229,0.04488340281257008,0.044883403927087784,False,-1.114517700351314e-09
WFG5,230,0.3214205807954529,0.32113876938819885,True,0.000281811407254029
WFG5,231,0.2881892482345793,0.28818926215171814,False,-1.3917138830255027e-08
WFG5,232,0.34364642381113053,0.34364643692970276,False,-1.3118572228520975e-08
WFG5,233,0.21424253946640515,0.21424253284931183,False,6.6170933177289726e-09
WFG5,234,0.18203603170660768,0.18203602731227875,False,4.394328928514213e-09
WFG5,235,0.3076718064716305,0.30767181515693665,False,-8.685306140954197e-09
WFG5,236,-0.029231050743216636,-0.029231050983071327,False,2.398546916637656e-10
WFG5,237,-0.04769974470468674,-0.046857964247465134,False,-0.0008417804572216081
WFG5,238,-0.03541362769147238,-0.03482063487172127,False,-0.0005929928197511147
WFG5,239,0.3505988889728876,0.34828007221221924,True,0.002318816760668363
WFG5,240,0.3174215359077246,0.3153095841407776,True,0.0021119517669470067
WFG5,241,0.04793409602450627,0.047934096306562424,False,-2.8205615620890967e-10
WFG5,242,0.12897693133427246,0.1301320493221283,False,-0.001155117987855836
WFG5,243,0.36950605651244944,0.3695060610771179,False,-4.564668476536582e-09
WFG5,244,-0.0025911877575915954,-0.00259118783287704,False,7.528544454515895e-11
WFG5,245,0.11524895856354062,0.11524895578622818,False,2.777312435586765e-09
WFG5,246,0.32260315079487994,0.32260313630104065,False,1.4493839295415256e-08
WFG5,247,0.31779300738255767,0.31405627727508545,True,0.0037367301074722192
WFG5,248,0.12570599003763938,0.12570598721504211,False,2.8225972670270494e-09
WFG5,249,0.27212564856973454,0.2721256613731384,False,-1.2803403892647225e-08
WFG5,250,0.1890284370471729,0.18902844190597534,False,-4.858802443719057e-09
WFG5,251,-0.0072946383840826745,-0.0072946385480463505,False,1.6396367596982486e-10
WFG5,252,0.027308597211503804,0.027308596298098564,False,9.134052403325654e-10
WFG5,253,0.27022511389850085,0.27084803581237793,False,-0.0006229219138770836
WFG5,254,0.2713947008401806,0.2713946998119354,False,1.0282451556875571e-09
WFG5,255,0.2530951762741561,0.25309517979621887,False,-3.522062752558952e-09
WFG5,256,0.2940257703830709,0.2900392711162567,True,0.0039864992668141586
WFG5,257,-0.017482887065701058,-0.017776411026716232,True,0.0002935239610151741
WFG5,258,-0.01437615100345968,-0.014376151375472546,False,3.720128649575827e-10
WFG5,259,0.32641405363221815,0.3264140486717224,False,4.960495736394677e-09
WFG5,260,-0.05081618107035307,-0.05081618204712868,False,9.767756048439935e-10
WFG5,261,0.3141599899745271,0.31413307785987854,True,2.691211464855847e-05
WFG5,262,0.3177809987626098,0.3177509009838104,True,3.0097778799365038e-05
WFG5,263,0.34278279136685497,0.3426612317562103,True,0.00012155961064463927
WFG5,264,0.2990466059444247,0.2891058623790741,True,0.00994074356535063
WFG5,265,0.29833874360344664,0.29833874106407166,False,2.5393749880642247e-09
WFG5,266,0.3462980952214969,0.3225800096988678,True,0.023718085522629107
WFG5,267,0.0794267087270768,0.07942670583724976,False,2.8898270443278307e-09
WFG5,268,0.18981678079104816,0.18981678783893585,False,-7.047887690125876e-09
WFG5,269,0.30679354369467776,0.30271288752555847,True,0.00408065616911929
WFG5,270,0.020068156969084705,0.020068157464265823,False,-4.951811183318e-10
WFG5,271,0.06428649833483618,0.0642865002155304,False,-1.880694211475742e-09
WFG5,272,0.03502533250610751,0.03728695213794708,False,-0.002261619631839573
WFG5,273,0.07000149116641224,0.07000149041414261,False,7.522696354733682e-10
WFG5,274,0.15345869712260754,0.15345869958400726,False,-2.4613997229305795e-09
WFG5,275,-0.014126736767847314,-0.014126736670732498,False,-9.711481618879247e-11
WFG5,276,0.32910847490676576,0.32910847663879395,False,-1.7320281875399246e-09
WFG5,277,0.3065507360580897,0.3065507411956787,False,-5.137589020876021e-09
WFG5,278,-0.008131561576393054,-0.008131561800837517,False,2.2444446301506105e-10
WFG5,279,0.06685250718353403,0.06685250997543335,False,-2.7918993228404076e-09
WFG5,280,0.05349446911611039,0.053494468331336975,False,7.84773412920714e-10
WFG5,281,-0.017392734362447926,-0.017392734065651894,False,-2.9679603219534556e-10
WFG5,282,-0.003334193728865953,-0.0033341937232762575,False,-5.589695373231507e-12
WFG5,283,0.030494012507050916,0.03049401193857193,False,5.684789861071238e-10
WFG5,284,0.23744945780232568,0.23744945228099823,False,5.521327450797031e-09
WFG5,285,0.27387571408457084,0.27387571334838867,False,7.361821707796423e-10
WFG5,286,0.09772790041636378,0.09811433404684067,False,-0.0003864336304768845
WFG5,287,-0.05048032605160169,-0.050480324774980545,False,-1.2766211421322282e-09
WFG5,288,0.07094037900675348,0.07094037532806396,False,3.6786895196705416e-09
WFG5,289,0.34359234982214404,0.3435923457145691,False,4.107574946843329e-09
WFG5,290,0.20821328400534353,0.20821328461170197,False,-6.06358435684129e-10
WFG5,291,0.2552554930133743,0.25525549054145813,False,2.4719161717534632e-09
WFG5,292,0.017393699409453345,0.017393698915839195,False,4.936141495548441e-10
WFG5,293,0.12003739169740593,0.12003739178180695,False,-8.440101395557065e-11
WFG5,294,0.2250151879685337,0.22501519322395325,False,-5.255419543992446e-09
WFG5,295,0.33341205620118564,0.3334120512008667,False,5.00031893668762e-09
WFG5,296,0.3368295137321091,0.3368168771266937,True,1.2636605415394797e-05
WFG5,297,0.22888177299788726,0.22960101068019867,False,-0.0007192376823114133
WFG5,298,-0.026414053129835746,-0.0264140535145998,False,3.8476405395115876e-10
WFG5,299,0.33228455284732433,0.32727980613708496,True,0.005004746710239372
WFG5,300,0.3332045819841475,0.3319173753261566,True,0.0012872066579908692
WFG5,301,0.14594080285403402,0.14594079554080963,False,7.313224387184292e-09
WFG5,302,0.1606290107182549,0.160629004240036,False,6.478218878003261e-09
WFG5,303,0.011950200657944499,0.01195020042359829,False,2.3434620910478543e-10
WFG5,304,0.31036566460174553,0.30445176362991333,True,0.005913900971832198
WFG5,305,0.05657321453607822,0.05657321587204933,False,-1.3359711115157324e-09
WFG5,306,-0.007665350278629024,-0.00766535010188818,False,-1.7674084418217717e-10
WFG5,307,-0.013312081394869668,-0.013613970018923283,True,0.0003018886240536145
WFG5,308,0.3411129091791126,0.3363563120365143,True,0.004756597142598296
WFG5,309,0.27729629426328906,0.27071550488471985,True,0.006580789378569207
WFG5,310,0.0021260643735331874,0.002126064384356141,False,-1.0822953644407107e-11
WFG5,311,-0.012223858254366393,-0.012223858386278152,False,1.3191175929350152e-10
WFG5,312,0.22185185207435448,0.22185185551643372,False,-3.442079232751638e-09
WFG5,313,0.25136777080925005,0.2513677775859833,False,-6.776733230129395e-09
WFG5,314,0.343584983429788,0.34358498454093933,False,-1.1111513376071969e-09
WFG5,315,-0.007335792428450449,-0.006990177556872368,False,-0.00034561487157808157
WFG5,316,0.0015249943976480274,0.0013711272040382028,True,0.0001538671936098246
WFG5,317,0.32894286247384324,0.3243480920791626,True,0.004594770394680647
WFG5,318,0.3187806225326555,0.3187806308269501,False,-8.294294584487716e-09
WFG5,319,0.3134751759259985,0.31338173151016235,True,9.344441583614138e-05
WFG5,320,-0.05139392872610793,-0.05139392986893654,False,1.1428286095238605e-09
WFG5,321,0.28501092809511347,0.27766427397727966,True,0.007346654117833806
WFG5,322,0.16003659210814017,0.1600365936756134,False,-1.56747323454276e-09
WFG5,323,0.3348022191230989,0.33118149638175964,True,0.003620722741339233
WFG5,324,0.028248554328027753,0.028248554095625877,False,2.324018755217594e-10
WFG5,325,0.340573688248911,0.33859190344810486,True,0.00198178480080613
WFG5,326,0.18078883939294996,0.18078884482383728,False,-5.430887323187861e-09
WFG5,327,0.3029900725590843,0.3029900789260864,False,-6.367002147733558e-09
WFG5,328,0.03739203068029673,0.0373920314013958,False,-7.210990693451436e-10
WFG5,329,0.33665627978589246,0.33665627241134644,False,7.374546029392803e-09
WFG5,330,0.3318130555882855,0.3318130671977997,False,-1.160951418333056e-08
WFG5,331,0.3281625134360982,0.32523688673973083,True,0.002925626696367367
WFG5,332,0.1174288961419068,0.11742889881134033,False,-2.6694335353294463e-09
WFG5,333,0.30818790682267694,0.2853822112083435,True,0.022805695614333432
WFG5,334,0.2417512038301351,0.24175120890140533,False,-5.071270237078096e-09
WFG5,335,0.008693204673281663,0.008693204261362553,False,4.119191099327679e-10
WFG5,336,0.017047679550398043,0.01704767905175686,False,4.986411838991955e-10
WFG5,337,0.06778034988213838,0.07456792891025543,False,-0.006787579028117052
WFG5,338,0.2857445455122992,0.2857445478439331,False,-2.3316338859658003e-09
WFG5,339,-0.011871554210890978,-0.01187155395746231,False,-2.534286669408914e-10
WFG5,340,0.16024139555365088,0.16024139523506165,False,3.185892383239519e-10
WFG5,341,0.3407465758562483,0.34063050150871277,True,0.00011607434753552193
WFG5,342,0.14952574144813813,0.1495257467031479,False,-5.2550097606740565e-09
WFG5,343,0.3270049907161437,0.327004998922348,False,-8.206204327176891e-09
WFG5,344,0.11102071616648435,0.11102071404457092,False,2.121913422747923e-09
WFG5,345,0.1847598591969157,0.18475985527038574,False,3.926529962283709e-09
WFG5,346,-0.001967720729185385,0.009797582402825356,False,-0.01176530313201074
WFG5,347,0.33566973731975147,0.3170020580291748,True,0.018667679290576666
WFG5,348,0.20506297770974896,0.20506297051906586,False,7.190683104507656e-09
WFG5,349,0.13922968630147278,0.1347511112689972,True,0.00447857503247559
WFG5,350,0.10259988331750494,0.10461259633302689,False,-0.002012713015521944
WFG5,351,0.10166741053872896,0.10166741162538528,False,-1.0866563204814383e-09
WFG5,352,0.0935691385705352,0.09356913715600967,False,1.4145255244901733e-09
WFG5,353,0.3345033285533953,0.3342989981174469,True,0.00020433043594841882
WFG5,354,0.28275496049847704,0.28275495767593384,False,2.82254319916575e-09
WFG5,355,0.3368454997380959,0.3289934992790222,True,0.007852000459073694
WFG5,356,0.3210306063131376,0.3166860044002533,True,0.004344601912884327
WFG5,357,0.13250753539478669,0.1325075328350067,False,2.5597799713228397e-09
WFG5,358,0.025723505039248806,0.02572350576519966,False,-7.25950854985058e-10
WFG5,359,0.07568430710575116,0.0756843090057373,False,-1.899986140641019e-09
WFG5,360,0.3065451585395418,0.30408579111099243,True,0.0024593674285493528
WFG5,361,0.30805398487252594,0.30805397033691406,False,1.4535611880805988e-08
WFG5,362,0.3114624602425001,0.3114624619483948,False,-1.705894647763273e-09
WFG5,363,0.016928909056591945,0.016928909346461296,False,-2.898693507447092e-10
WFG5,364,0.3130261911463142,0.31302618980407715,False,1.3422370437332631e-09
WFG5,365,0.16500442221712922,0.1650044173002243,False,4.916904911000941e-09
WFG5,366,0.15527979318991267,0.15328146517276764,True,0.001998328017145029
WFG5,367,0.33344007416578336,0.31356990337371826,True,0.0198701707920651
WFG5,368,0.11122694458985513,0.11122694611549377,False,-1.5256386431961033e-09
WFG5,369,0.3109278643287375,0.3109278678894043,False,-3.5606668169485545e-09
WFG5,370,0.22887596063586962,0.22887596487998962,False,-4.244119999885498e-09
WFG5,371,0.28933958869259935,0.2893396019935608,False,-1.3300961443363235e-08
WFG5,372,0.06753832177514277,0.067538321018219,False,7.569237736593237e-10
WFG5,373,-0.001661392875741463,-0.0016613928601145744,False,-1.562688867196016e-11
WFG5,374,0.33375990140422906,0.3337599039077759,False,-2.5035468143030926e-09
WFG5,375,0.14249609807650174,0.14249293506145477,True,3.163015046964146e-06
WFG5,376,0.31139698765473306,0.3093869090080261,True,0.0020100786467069365
WFG5,377,0.22838557518357544,0.2099553793668747,True,0.018430195816700745
WFG5,378,0.00988139212806205,0.006959135644137859,True,0.0029222564839241905
WFG5,379,0.2916275795579819,0.29160839319229126,True,1.91863656906488e-05
WFG5,380,0.3177989421603138,0.3186015188694,False,-0.0008025767090862335
WFG5,381,0.2233926525340576,0.22334808111190796,True,4.4571422149641826e-05
WFG5,382,0.2971257524500382,0.29712575674057007,False,-4.290531874229231e-09
WFG5,383,0.1774427579630116,0.17637471854686737,True,0.001068039416144223
WFG5,384,0.33210838791073727,0.3294663429260254,True,0.0026420449847118777
WFG5,385,0.16338685996436642,0.1650225818157196,False,-0.001635721851353189
WFG5,386,0.31334577386975254,0.315889447927475,False,-0.0025436740577224337
WFG5,387,0.14543538631846417,0.1454353928565979,False,-6.538133728861695e-09
WFG5,388,0.2837864148036513,0.283786416053772,False,-1.250120673645938e-09
WFG5,389,0.10039333787453944,0.10039908438920975,False,-5.74651467030729e-06
WFG5,390,0.04553853918513848,0.049068715423345566,False,-0.003530176238207089
WFG5,391,0.27269970471473925,0.27279478311538696,False,-9.50784006477079e-05
WFG5,392,0.13651889255223335,0.13651889562606812,False,-3.073834770050965e-09
WFG5,393,0.3415825237589927,0.32135048508644104,True,0.020232038672551633
WFG5,394,0.06263505292365915,0.06263504922389984,False,3.699759304476302e-09
WFG5,395,0.2899511113563683,0.2899511158466339,False,-4.490265603784849e-09
WFG5,396,0.17325097430591838,0.1731785237789154,True,7.245052700297072e-05
WFG5,397,0.2988581617362781,0.2988581657409668,False,-4.0046886917721736e-09
WFG5,398,0.2576041022314295,0.25760409235954285,False,9.87188664147709e-09
WFG5,399,0.31307630992052804,0.31307631731033325,False,-7.389805212199008e-09
WFG5,400,0.2909006958563979,0.29090070724487305,False,-1.1388475162910083e-08
WFG5,401,0.3048810871836282,0.30488109588623047,False,-8.70260224994368e-09
WFG5,402,0.3603865998267104,0.33671221137046814,True,0.023674388456242257
WFG5,403,0.32193313983573607,0.3200593590736389,True,0.0018737807620971547
WFG5,404,0.22693552934266598,0.22693553566932678,False,-6.326660806355022e-09
WFG5,405,0.08786644790589485,0.08786644786596298,False,3.993186337147847e-11
WFG5,406,-0.025200712321909513,-0.02520071156322956,False,-7.586799521952514e-10
WFG5,407,0.24732209821916015,0.24732209742069244,False,7.984677086181335e-10
WFG5,408,0.1705062342529526,0.17050623893737793,False,-4.684425319867458e-09
WFG5,409,0.3165964129959047,0.3165964186191559,False,-5.6232511980169875e-09
WFG5,410,0.3467375425286736,0.3377102315425873,True,0.009027310986086334
WFG5,411,0.14589503076357885,0.14589503407478333,False,-3.3112044772742877e-09
WFG5,412,0.2612794834653642,0.26127949357032776,False,-1.0104963532597822e-08
WFG5,413,0.09569984986853139,0.09569984674453735,False,3.123994035680866e-09
WFG5,414,0.34846162210080495,0.3482079803943634,True,0.00025364170644154305
WFG5,415,-0.0020284789759646427,0.13112099468708038,False,-0.13314947366304503
WFG5,416,0.3341545748006457,0.33415457606315613,False,-1.2625104295338474e-09
WFG5,417,0.19391811216425053,0.1943219155073166,False,-0.0004038033430660559
WFG5,418,0.19769157528795667,0.19810491800308228,False,-0.0004133427151256086
WFG5,419,0.1980739022004675,0.19807390868663788,False,-6.4861703785723535e-09
WFG5,420,0.3593600264363319,0.3593600392341614,False,-1.2797829462840582e-08
WFG5,421,0.0774622068227813,0.07746220380067825,False,3.022103040040136e-09
WFG5,422,0.07493077793434472,0.07493077963590622,False,-1.7015615028093123e-09
WFG5,423,0.32998491760933374,0.3299849033355713,False,1.427376244977907e-08
WFG5,424,0.19604498034922505,0.19604498147964478,False,-1.130419730044352e-09
WFG5,425,0.21606522278720275,0.21606522798538208,False,-5.1981793314226366e-09
WFG5,426,0.06299747488049548,0.0629974752664566,False,-3.859611241718852e-10
WFG5,427,0.3509483070873213,0.350948303937912,False,3.1494092889161607e-09
WFG5,428,0.21345890617230306,0.21345891058444977,False,-4.412146703547393e-09
WFG5,429,0.25915221029742497,0.25915220379829407,False,6.499130900117223e-09
WFG5,430,0.24295537789621502,0.24392056465148926,False,-0.0009651867552742388
WFG5,431,0.2595263828950074,0.2599196135997772,False,-0.00039323070476982025
WFG5,432,0.0834773369411583,0.08347734063863754,False,-3.6974792394506295e-09
WFG5,433,0.16989351182381696,0.1698935180902481,False,-6.266431151757956e-09
WFG5,434,0.13564293748802428,0.13552799820899963,True,0.00011493927902464507
WFG5,435,0.24536920892260566,0.24536921083927155,False,-1.916665881562807e-09
WFG5,436,0.24509620786335215,0.2441064864397049,True,0.0009897214236472551
WFG5,437,0.04591233040436449,0.05011174827814102,False,-0.004199417873776534
WFG5,438,0.23942167665694575,0.23942168056964874,False,-3.912702994934847e-09
WFG5,439,0.19025169644212117,0.1902516931295395,False,3.3125816811807596e-09
WFG5,440,0.3340066652348425,0.3333851099014282,True,0.000621555333414292
WFG9,1,0.048386309067759925,0.048386309295892715,False,-2.281327904363195e-10
WFG9,2,0.25198458932413215,0.2519521415233612,True,3.244780077094056e-05
WFG9,3,0.19151844152386355,0.19168584048748016,False,-0.00016739896361661621
WFG9,4,0.2719551577095273,0.2719551622867584,False,-4.577231149660577e-09
WFG9,5,0.19825990745961058,0.19825990498065948,False,2.4789510999490005e-09
WFG9,6,0.3322192608419401,0.33221927285194397,False,-1.201000388029172e-08
WFG9,7,0.26798805593441916,0.2680271565914154,False,-3.910065699624932e-05
WFG9,8,0.2751773806323452,0.2749047577381134,True,0.00027262289423179986
WFG9,9,0.3172008725145762,0.3155789375305176,True,0.001621934984058604
WFG9,10,0.30866010892923457,0.3086414933204651,True,1.8615608769478875e-05
WFG9,11,0.3413671063200351,0.34124600887298584,True,0.00012109744704924541
WFG9,12,0.12772355508702848,0.402244508266449,False,-0.2745209531794205
WFG9,13,0.2326382358710612,0.23263823986053467,False,-3.9894734737977444e-09
WFG9,14,0.3396311006049017,0.3396311104297638,False,-9.824862090557218e-09
WFG9,15,0.36491808066731607,0.36466479301452637,True,0.0002532876527897021
WFG9,16,0.3827800045191305,0.3820998966693878,True,0.000680107849742706
WFG9,17,0.3626697403621674,0.3626357614994049,True,3.397886276251816e-05
WFG9,18,0.3153193731885615,0.31531935930252075,False,1.388604076169031e-08
WFG9,19,0.3005614477153702,0.30056145787239075,False,-1.0157020557954866e-08
WFG9,20,0.3251785249043762,0.3869363069534302,False,-0.061757782049053966
WFG9,21,0.36854099767481074,0.36829954385757446,True,0.00024145381723628123
WFG9,22,0.151428121054551,0.1057736724615097,True,0.0456544485930413
WFG9,23,0.12320277793548301,0.39874088764190674,False,-0.27553810970642373
WFG9,24,0.13883211383616167,0.28362786769866943,False,-0.14479575386250776
WFG9,25,0.30718291572188755,0.30684688687324524,True,0.0003360288486423113
WFG9,26,0.10802874372872784,0.08768674731254578,True,0.020341996416182062
WFG9,27,0.337450688919969,0.3368685245513916,True,0.000582164368577387
WFG9,28,0.22940336852008053,0.22075143456459045,True,0.008651933955490076
WFG9,29,0.015683712274095818,0.00664043752476573,True,0.009043274749330088
WFG9,30,0.09080035149879512,0.09050454199314117,True,0.00029580950565394337
WFG9,31,0.10176461857034075,0.06704512983560562,True,0.03471948873473513
WFG9,32,0.1293995210500114,0.1166563630104065,True,0.012743158039604907
WFG9,33,0.07105952496827406,0.0710156261920929,True,4.389877618116156e-05
WFG9,34,0.2732692954760623,0.27326929569244385,False,-2.1638152380987208e-10
WFG9,35,0.2708216388519179,0.27082163095474243,False,7.897175469118167e-09
WFG9,36,0.04062604606804643,0.04062604531645775,False,7.515886801812144e-10
WFG9,37,0.171383250832162,0.1712246984243393,True,0.00015855240782269853
WFG9,38,0.2630962627375675,0.2627406716346741,True,0.00035559110289340445
WFG9,39,-0.08809292244192513,-0.08809292316436768,False,7.224425502272425e-10
WFG9,40,-0.004028339244556811,-0.007238819729536772,True,0.0032104804849799606
WFG9,41,-0.11223542695311428,-0.11996238678693771,True,0.007726959833823432
WFG9,42,0.22248332548287,0.2259179949760437,False,-0.0034346694931736976
WFG9,43,0.2413164740376461,0.24180449545383453,False,-0.0004880214161884222
WFG9,44,0.253512824117433,0.25351282954216003,False,-5.424727056446699e-09
WFG9,45,0.1357063932751027,0.13467799127101898,True,0.0010284020040837172
WFG9,46,-0.02730823888550271,-0.023193681612610817,False,-0.0041145572728918944
WFG9,47,-0.0789609809310764,-0.07896097749471664,False,-3.436359752306828e-09
WFG9,48,-0.7734166397435348,-0.7734166383743286,False,-1.3692061928693988e-09
WFG9,49,0.24215310311854982,0.2421531081199646,False,-5.001414782324076e-09
WFG9,50,0.15253499769216067,0.15253499150276184,False,6.189398826794701e-09
WFG9,51,-0.16066799997884096,-0.1606680005788803,False,6.000393515392943e-10
WFG9,52,-0.0039058885490642625,-0.003905888646841049,False,9.777678666722522e-11
WFG9,53,0.24001345931944715,0.2400134652853012,False,-5.9658540607632204e-09
WFG9,54,0.24608510806154502,0.2452673465013504,True,0.0008177615601946131
WFG9,55,-0.008179494002540089,-0.008179494179785252,False,1.7724516299111315e-10
WFG9,56,0.24836809450650613,0.24836809933185577,False,-4.8253496476302615e-09
WFG9,57,-0.38989198512626266,-0.38989198207855225,False,-3.047710417369842e-09
WFG9,58,0.25541575556687635,0.25541576743125916,False,-1.186438280953439e-08
WFG9,59,0.015970746123720903,0.0159707460552454,False,6.847550304556194e-11
WFG9,60,0.2663683198810024,0.26724305748939514,False,-0.0008747376083927394
WFG9,61,-0.021838348972577637,-0.021838348358869553,False,-6.137080843515719e-10
WFG9,62,0.28487061744662845,0.28440961241722107,True,0.00046100502940737975
WFG9,63,0.2722893001060436,0.27228930592536926,False,-5.819325687994592e-09
WFG9,64,0.1497206233231798,0.14972062408924103,False,-7.660612144633205e-10
WFG9,65,0.31645565622271943,0.3088226020336151,True,0.007633054189104316
WFG9,66,0.16191838053210517,0.161052867770195,True,0.0008655127619101588
WFG9,67,-0.1013198457059884,-0.1014680489897728,True,0.0001482032837843983
WFG9,68,0.015083600300074662,0.017558032646775246,False,-0.0024744323467005835
WFG9,69,0.18986860187902008,0.18986859917640686,False,2.702613216554184e-09
WFG9,70,-0.06516566745404595,-0.06516566872596741,False,1.2719214570466875e-09
WFG9,71,-0.12125651498110102,-0.12078443914651871,False,-0.0004720758345823084
WFG9,72,0.28297272257694817,0.2829727232456207,False,-6.686725617655043e-10
WFG9,73,0.0666183765886158,0.06700193136930466,False,-0.00038355478068885507
WFG9,74,-0.11058997289127181,-0.11058997362852097,False,7.372491506174583e-10
WFG9,75,0.28560975821764556,0.28560975193977356,False,6.2778720000267185e-09
WFG9,76,0.3477411852046509,0.34774118661880493,False,-1.4141540161105581e-09
WFG9,77,-0.12715357478752987,-0.12715357542037964,False,6.328497725860416e-10
WFG9,78,0.02887202465417732,0.02887202426791191,False,3.8626540854735936e-10
WFG9,79,0.2638967669691653,0.26389676332473755,False,3.644427759574853e-09
WFG9,80,0.080188272479638,0.07940874993801117,True,0.0007795225416268314
WFG9,81,0.3464620485075094,0.33088961243629456,True,0.015572436071214835
WFG9,82,0.10801559290995522,0.10806253552436829,False,-4.694261441307024e-05
WFG9,83,0.26449161991484904,0.26449161767959595,False,2.235253093729739e-09
WFG9,84,0.27811308172085913,0.27811306715011597,False,1.4570743167574562e-08
WFG9,85,-0.3024071813806496,-0.3024071753025055,False,-6.07814409914198e-09
WFG9,86,0.27352476415531657,0.2724567651748657,True,0.001067998980450846
WFG9,87,0.20082871920519338,0.20082871615886688,False,3.0463264966140713e-09
WFG9,88,0.27185528457286257,0.2717619240283966,True,9.33605444659591e-05
WFG9,89,-0.055323859982614576,-0.057773951441049576,True,0.0024500914584349998
WFG9,90,-0.02067094986430784,-0.020670950412750244,False,5.48442402603655e-10
WFG9,91,0.2919549659956575,0.29195496439933777,False,1.5963197430579612e-09
WFG9,92,-0.010395502817888536,-0.010395502671599388,False,-1.462891474623973e-10
WFG9,93,0.16821581980496075,0.1682158261537552,False,-6.348794434618554e-09
WFG9,94,0.06545889306820624,0.06545889377593994,False,-7.077337049743448e-10
WFG9,95,-0.0561663701719507,-0.05616636946797371,False,-7.039769878147695e-10
WFG9,96,0.2777231251717365,0.27772313356399536,False,-8.3922588878238e-09
WFG9,97,-0.015884575675962687,-0.015884576365351677,False,6.893889903381023e-10
WFG9,98,0.18347312753729972,0.1834731251001358,False,2.4371639151254954e-09
WFG9,99,0.2948687102996982,0.29486870765686035,False,2.642837837463219e-09
WFG9,100,0.2597621333438074,0.25976213812828064,False,-4.784473262020583e-09
WFG9,101,0.27264255741302057,0.2726425528526306,False,4.560389954555433e-09
WFG9,102,0.20035975366017542,0.2003597468137741,False,6.8464013069924334e-09
WFG9,103,0.23777268969696227,0.23546190559864044,True,0.002310784098321833
WFG9,104,-0.01328573407685224,-0.013439871370792389,True,0.00015413729394014863
WFG9,105,0.127451575200684,0.12777353823184967,False,-0.00032196303116566183
WFG9,106,0.05184934890244958,0.051849350333213806,False,-1.4307642293154288e-09
WFG9,107,0.12141839827070039,0.12141840159893036,False,-3.3282299694015194e-09
WFG9,108,0.0308336050110245,0.029422573745250702,True,0.001411031265773799
WFG9,109,0.011724216923623021,-0.011827000416815281,True,0.023551217340438302
WFG9,110,0.11759224599325135,0.11759224534034729,False,6.529040641467532e-10
WFG9,111,0.15892629532501867,0.1509435623884201,True,0.007982732936598569
WFG9,112,0.22959825579648205,0.2295982539653778,False,1.831104240457293e-09
WFG9,113,-0.15390207703851022,-0.1539020836353302,False,6.5968199791655024e-09
WFG9,114,0.17596502116159635,0.17004965245723724,True,0.005915368704359103
WFG9,115,0.0006192722798710748,0.0006192722939886153,False,-1.411754046998226e-11
WFG9,116,0.17666254814189625,0.17666254937648773,False,-1.2345914846001449e-09
WFG9,117,0.2640865081490551,0.26408651471138,False,-6.562324905701189e-09
WFG9,118,-0.09561790926227631,-0.0970982164144516,True,0.0014803071521752864
WFG9,119,-0.050296768712990714,-0.05029676854610443,False,-1.6688628257099936e-10
WFG9,120,0.12644258249452406,0.1264425814151764,False,1.0793476667991797e-09
WFG9,121,0.31634776671199305,0.3150308430194855,True,0.0013169236925075767
WFG9,122,0.07055683805419632,0.07055683434009552,False,3.714100804685927e-09
WFG9,123,-0.038754372071324705,-0.03875437378883362,False,1.7175089128684817e-09
WFG9,124,-0.07554632177863158,-0.07554632425308228,False,2.47445069989638e-09
WFG9,125,-0.007624472963838613,-0.008599630557000637,True,0.0009751575931620238
WFG9,126,0.07168555996696635,0.04747568443417549,True,0.02420987553279086
WFG9,127,0.019549818429430044,0.017946163192391396,True,0.001603655237038648
WFG9,128,0.009057950186447006,0.009057950228452682,False,-4.2005676714751417e-11
WFG9,129,0.18567444295709276,0.18543215095996857,True,0.00024229199712419436
WFG9,130,0.30851373434569657,0.30193376541137695,True,0.006579968934319613
WFG9,131,-0.10009899118022603,-0.10009898990392685,False,-1.276299177455087e-09
WFG9,132,0.09813536009725649,0.09813535958528519,False,5.119712986889624e-10
WFG9,133,0.20865121526748606,0.20865121483802795,False,4.294581079644644e-10
WFG9,134,-0.04149456447070621,-0.04149456322193146,False,-1.248774750273185e-09
WFG9,135,0.13917607385909941,0.13917607069015503,False,3.1689443846794063e-09
WFG9,136,-0.011302534750257498,-0.011302534490823746,False,-2.594337522587864e-10
WFG9,137,-0.03762967402807382,-0.03379702568054199,False,-0.0038326483475318307
WFG9,138,0.20777587742396084,0.20777587592601776,False,1.4979430751349554e-09
WFG9,139,0.3287967937375708,0.3287968039512634,False,-1.0213692613891823e-08
WFG9,140,-0.06790368932454544,-0.06790369004011154,False,7.155661063684704e-10
WFG9,141,0.30493701620177416,0.3000766336917877,True,0.004860382509986438
WFG9,142,0.2670842311430648,0.2670842409133911,False,-9.770326325764245e-09
WFG9,143,0.14853669711289275,0.14022891223430634,True,0.00830778487858641
WFG9,144,0.30253967315589636,0.29961708188056946,True,0.0029225912753269023
WFG9,145,0.08742010807741762,0.08742010593414307,False,2.143274557830921e-09
WFG9,146,0.3239282857037376,0.321515291929245,True,0.002412993774492611
WFG9,147,0.30897697524653883,0.3622997999191284,False,-0.053322824672589586
WFG9,148,0.2241362531498538,0.22413624823093414,False,4.918919660479304e-09
WFG9,149,0.3328284296544552,0.33282843232154846,False,-2.6670932684602633e-09
WFG9,150,0.30469498022362934,0.31073370575904846,False,-0.0060387255354191205
WFG9,151,0.27301910960389586,0.2690888047218323,True,0.003930304882063584
WFG9,152,-0.024270108753033925,-0.024270107969641685,False,-7.833922399669291e-10
WFG9,153,0.27414112505638133,0.2741411328315735,False,-7.775192156778132e-09
WFG9,154,0.20202776227210115,0.20202776789665222,False,-5.624551074889794e-09
WFG9,155,0.1340548981942037,0.13405489921569824,False,-1.0214945556086263e-09
WFG9,156,-0.048240641602336765,-0.04824064299464226,False,1.3923054931197498e-09
WFG9,157,-0.009512884763518359,-0.009480084292590618,False,-3.2800470927740744e-05
WFG9,158,-0.0023006623325588227,-0.0023006622213870287,False,-1.1117179399278143e-10
WFG9,159,0.06279187063214042,0.0720396488904953,False,-0.009247778258354877
WFG9,160,0.32234483123537727,0.324882835149765,False,-0.002538003914387743
WFG9,161,0.31332553591386525,0.32170772552490234,False,-0.008382189611037094
WFG9,162,0.251894564878124,0.24909673631191254,True,0.002797828566211469
WFG9,163,-0.07263875047918461,-0.07263875007629395,False,-4.028906652742137e-10
WFG9,164,-0.06270105711626756,-0.06270105391740799,False,-3.198859566122536e-09
WFG9,165,0.17643623533666564,0.17629024386405945,True,0.0001459914726061884
WFG9,166,0.316704336238731,0.31670433282852173,False,3.4102092816290508e-09
WFG9,167,0.20444296363428985,0.20444296300411224,False,6.301776045436469e-10
WFG9,168,0.03134512445486409,0.004721241071820259,True,0.026623883383043834
WFG9,169,0.3144146013831812,0.3145923912525177,False,-0.00017778986933647545
WFG9,170,0.20805587247835713,0.20805586874485016,False,3.733506975800438e-09
WFG9,171,0.1491630158820969,0.14916302263736725,False,-6.75527034310619e-09
WFG9,172,0.0360660369212179,0.03606603667140007,False,2.4981783308675176e-10
WFG9,173,0.31414489777301485,0.31414490938186646,False,-1.1608851602229464e-08
WFG9,174,0.24919533118829937,0.24919533729553223,False,-6.107232858321154e-09
WFG9,175,0.06445642551436459,0.058636296540498734,True,0.005820128973865857
WFG9,176,0.2588887172108959,0.2584713101387024,True,0.0004174070721935097
WFG9,177,0.004076468737923611,0.004076468758285046,False,-2.036143476047414e-11
WFG9,178,0.3115380947774277,0.31153810024261475,False,-5.465187025155416e-09
WFG9,179,0.34668335352686985,0.34669366478919983,False,-1.0311262329976145e-05
WFG9,180,0.29580558869458035,0.29560038447380066,True,0.0002052042207796867
WFG9,181,0.014244471861230734,0.014244471676647663,False,1.8458307105007066e-10
WFG9,182,0.06676819695580499,0.06676819920539856,False,-2.2495935669830658e-09
WFG9,183,0.006159340018864645,0.006159340031445026,False,-1.2580381181237499e-11
WFG9,184,0.004213498587353093,0.004213498439639807,False,1.4771328604723521e-10
WFG9,185,0.042942714424683115,0.042856812477111816,True,8.590194757129854e-05
WFG9,186,-0.03827769612702747,-0.03827769681811333,False,6.910858552089394e-10
WFG9,187,0.19267098556585352,0.1869533509016037,True,0.005717634664249821
WFG9,188,0.14447692636628445,0.11870633810758591,True,0.025770588258698546
WFG9,189,0.14957405765608456,0.14957405626773834,False,1.3883462157693316e-09
WFG9,190,0.09189289939726797,0.12219268828630447,False,-0.030299788889036505
WFG9,191,0.19617884699952629,0.18507885932922363,True,0.011099987670302652
WFG9,192,0.05344242072718575,0.04683643952012062,True,0.006605981207065126
WFG9,193,0.19362358389343376,0.19461968541145325,False,-0.0009961015180194877
WFG9,194,0.31642931526731527,0.30771711468696594,True,0.008712200580349327
WFG9,195,0.29816424599496805,0.2981642484664917,False,-2.471523652403107e-09
WFG9,196,0.04782296031531036,0.04782295972108841,False,5.942219494237122e-10
WFG9,197,0.1527950008506629,0.1518770009279251,True,0.0009179999227377778
WFG9,198,0.3519964470363965,0.35199645161628723,False,-4.5798907444272174e-09
WFG9,199,0.11343506699603773,0.10702329128980637,True,0.00641177570623136
WFG9,200,0.06665485778270946,0.06665486097335815,False,-3.190648689699316e-09
WFG9,201,0.22669379131210307,0.226693794131279,False,-2.8191759204876377e-09
WFG9,202,0.055343103091664236,0.05534310266375542,False,4.279088194891756e-10
WFG9,203,0.08093574935010495,0.08093574643135071,False,2.9187542383013465e-09
WFG9,204,0.27815393393948984,0.2781539261341095,False,7.805380342063017e-09
WFG9,205,0.3520140915965934,0.35201409459114075,False,-2.9945473323245153e-09
WFG9,206,0.15670045711205152,0.15670046210289001,False,-4.990838492480165e-09
WFG9,207,0.13452632298732833,0.13148772716522217,True,0.003038595822106166
WFG9,208,0.2673306576033488,0.2673306465148926,False,1.1088456208785402e-08
WFG9,209,0.23947040099352268,0.23947040736675262,False,-6.373229943790193e-09
WFG9,210,0.2942361564016032,0.2942361533641815,False,3.0374217030448847e-09
WFG9,211,-0.1803088866845044,-0.18030889332294464,False,6.638440241957255e-09
WFG9,212,0.3367072210305101,0.33155637979507446,True,0.0051508412354356325
WFG9,213,0.10433413641272749,0.12916412949562073,False,-0.024829993082893242
WFG9,214,0.32024849083392287,0.32024848461151123,False,6.222411641498837e-09
WFG9,215,0.06295920094654006,0.04739301651716232,True,0.015566184429377738
WFG9,216,0.011750852737033357,0.011750852689146996,False,4.788636154273718e-11
WFG9,217,0.06551480143326144,0.06551636755466461,False,-1.5661214031736925e-06
WFG9,218,0.08514824219989797,0.08514824509620667,False,-2.896308692879046e-09
WFG9,219,-0.00400360520251497,0.0021130985114723444,False,-0.006116703713987315
WFG9,220,0.24641462497406183,0.24641463160514832,False,-6.631086485464621e-09
WFG9,221,0.16485504374893614,0.16485504806041718,False,-4.311481033303366e-09
WFG9,222,-0.25091296190464035,-0.19555941224098206,False,-0.0553535496636583
WFG9,223,0.039944356860050656,0.008633345365524292,True,0.031311011494526364
WFG9,224,0.3045805182361023,0.3046128749847412,False,-3.235674863888427e-05
WFG9,225,0.04592067501562869,0.04592067375779152,False,1.2578371677562927e-09
WFG9,226,0.07781471472925788,0.07781471312046051,False,1.6087973730982696e-09
WFG9,227,0.2634947533105794,0.26082855463027954,True,0.0026661986802998805
WFG9,228,-0.03096337052824827,-0.030963370576500893,False,4.8252624118561016e-11
WFG9,229,0.08902939822705475,0.08902940154075623,False,-3.313701479878972e-09
WFG9,230,0.32826101033626115,0.32826101779937744,False,-7.463116291628324e-09
WFG9,231,0.2969157993500745,0.29691579937934875,False,-2.9274249691013665e-11
WFG9,232,0.3263288713013812,0.3263288736343384,False,-2.332957160788851e-09
WFG9,233,0.226062338556476,0.2260623425245285,False,-3.968052497693719e-09
WFG9,234,0.21573890195846301,0.21619927883148193,False,-0.0004603768730189195
WFG9,235,0.26452800467987914,0.2645280063152313,False,-1.6353521870016152e-09
WFG9,236,-0.471999245986897,-0.47199925780296326,False,1.1816066236569611e-08
WFG9,237,-0.21186907160118823,-0.21186907589435577,False,4.293167543689691e-09
WFG9,238,-0.014886086498561935,-0.005170765332877636,False,-0.009715321165684299
WFG9,239,0.3618345729903445,0.3618345856666565,False,-1.267631200008168e-08
WFG9,240,0.3312395785853182,0.33260807394981384,False,-0.0013684953644956255
WFG9,241,0.08978510003645823,0.16023913025856018,False,-0.07045403022210195
WFG9,242,0.14052855099906048,0.14052854478359222,False,6.21546825119168e-09
WFG9,243,0.3614513117688209,0.36145129799842834,False,1.377039254846224e-08
WFG9,244,0.08419879795468971,0.08419879525899887,False,2.695690837217768e-09
WFG9,245,0.07407831843262219,0.07407832145690918,False,-3.024286987507452e-09
WFG9,246,0.32405754006187365,0.32465824484825134,False,-0.0006007047863776926
WFG9,247,0.3461458791133718,0.3521401882171631,False,-0.005994309103791284
WFG9,248,0.1345190760417543,0.1345190703868866,False,5.6548677129786284e-09
WFG9,249,0.29021699210298363,0.290473997592926,False,-0.0002570054899423968
WFG9,250,0.1515612776202915,0.15156127512454987,False,2.495741641128646e-09
WFG9,251,-0.006877212391883825,-0.006877212319523096,False,-7.236072852023767e-11
WFG9,252,-0.08249079924426472,-0.08249080181121826,False,2.566953538618577e-09
WFG9,253,0.28513650924869083,0.28513652086257935,False,-1.1613888517558735e-08
WFG9,254,0.24212573880738297,0.2563173770904541,False,-0.014191638283071129
WFG9,255,0.24727746227671246,0.24727746844291687,False,-6.166204408186715e-09
WFG9,256,0.30571811879841326,0.3057181239128113,False,-5.114398016203836e-09
WFG9,257,-0.06772256627348733,-0.06772256642580032,False,1.5231299554940847e-10
WFG9,258,0.03835490100612371,0.03835489973425865,False,1.2718650577170365e-09
WFG9,259,0.3168187195646785,0.3168187141418457,False,5.422832793922083e-09
WFG9,260,0.005944303335376655,0.01323713269084692,False,-0.007292829355470265
WFG9,261,0.29197553841319124,0.2919755280017853,False,1.0411405959587228e-08
WFG9,262,0.30939617398012437,0.31082987785339355,False,-0.0014337038732691876
WFG9,263,0.3057689086495705,0.30695557594299316,False,-0.0011866672934226496
WFG9,264,0.27202576079585783,0.2720257639884949,False,-3.1926370436252682e-09
WFG9,265,0.30904107461364133,0.3090410828590393,False,-8.245397975503721e-09
WFG9,266,0.3510919107971742,0.37517592310905457,False,-0.024084012311880343
WFG9,267,0.10204950596946194,0.10204950720071793,False,-1.2312559860561123e-09
WFG9,268,0.1955429677614302,0.19554296135902405,False,6.402406160788132e-09
WFG9,269,0.3204430231547436,0.3204430341720581,False,-1.1017314505146203e-08
WFG9,270,0.09061139028760506,0.09061139076948166,False,-4.818765941827508e-10
WFG9,271,0.0938657401104192,0.09429267048835754,False,-0.0004269303779383393
WFG9,272,0.013728332691696599,0.012059707194566727,True,0.001668625497129872
WFG9,273,0.04190007628062531,0.04190007597208023,False,3.0854507837574374e-10
WFG9,274,0.19086488537222945,0.18413908779621124,True,0.006725797576018211
WFG9,275,-0.005480212737776269,-0.010109622962772846,True,0.004629410224996577
WFG9,276,0.32341816645811416,0.3234887719154358,False,-7.060545732162637e-05
WFG9,277,0.32861212620497376,0.3286121189594269,False,7.245546884693255e-09
WFG9,278,0.0813302307866603,0.07705268263816833,True,0.004277548148491961
WFG9,279,0.05103161348192503,0.05776585638523102,False,-0.006734242903305987
WFG9,280,0.06021444862208197,0.06021444872021675,False,-9.81347780815156e-11
WFG9,281,0.026114489575405853,0.026114489883184433,False,-3.0777858039954253e-10
WFG9,282,0.0023337360159151332,0.002094811527058482,True,0.00023892448885665107
WFG9,283,0.1133461484390911,0.0987488329410553,True,0.014597315498035807
WFG9,284,0.23341561012617584,0.2331993579864502,True,0.00021625213972564783
WFG9,285,0.26067645888069957,0.26067647337913513,False,-1.4498435563226053e-08
WFG9,286,0.07733017907918632,0.0770365372300148,True,0.00029364184917152203
WFG9,287,0.09861263280457089,0.08756094425916672,True,0.01105168854540417
WFG9,288,0.12160541142717174,0.12160541117191315,False,2.552585920412298e-10
WFG9,289,0.2984230863103716,0.29842308163642883,False,4.6739427883579765e-09
WFG9,290,0.23711219629085906,0.23561540246009827,True,0.0014967938307607898
WFG9,291,0.30978056174816193,0.3097805678844452,False,-6.136283259294828e-09
WFG9,292,0.05816242484523482,0.03846493735909462,True,0.019697487486140197
WFG9,293,0.1650468814984554,0.1542743444442749,True,0.010772537054180492
WFG9,294,0.24250014321419278,0.24250014126300812,False,1.951184658288696e-09
WFG9,295,0.3102897201229874,0.3144797384738922,False,-0.004190018350904823
WFG9,296,0.34185408820024915,0.3418540954589844,False,-7.258735224002777e-09
WFG9,297,0.24356766679185554,0.24356766045093536,False,6.3409201778164e-09
WFG9,298,0.0014295541607238227,0.0020075137726962566,False,-0.000577959611972434
WFG9,299,0.33949683540038034,0.3499438762664795,False,-0.010447040866099155
WFG9,300,0.3347328810854343,0.3191879093647003,True,0.015544971720733991
WFG9,301,0.14931478769673331,0.1493147909641266,False,-3.267393272610164e-09
WFG9,302,0.09675694161018197,0.0967569425702095,False,-9.6002752969504e-10
WFG9,303,-0.14086954643722277,-0.13948248326778412,False,-0.0013870631694386515
WFG9,304,0.3193057243334942,0.31920066475868225,True,0.00010505957481193873
WFG9,305,0.11275058878330202,0.1127505898475647,False,-1.064262677985539e-09
WFG9,306,0.016109524753884774,0.02514423057436943,False,-0.009034705820484656
WFG9,307,0.014498167158781106,0.014498166739940643,False,4.188404623128861e-10
WFG9,308,0.3356531683275291,0.335653156042099,False,1.2285430117664475e-08
WFG9,309,0.26921757187305984,0.2692175805568695,False,-8.683809671339304e-09
WFG9,310,-0.010189457103602806,-0.01018945686519146,False,-2.3841134622060167e-10
WFG9,311,-0.006203100720098109,-0.006203100550919771,False,-1.69178338005338e-10
WFG9,312,0.16423611404456595,0.16423611342906952,False,6.154964315996381e-10
WFG9,313,0.2275275320128157,0.22752752900123596,False,3.0115797355900753e-09
WFG9,314,0.3587697557478329,0.3569110631942749,True,0.0018586925535579724
WFG9,315,0.05272774776739253,0.052727747708559036,False,5.883349363244861e-11
WFG9,316,0.11865756886921097,0.10803312808275223,True,0.010624440786458744
WFG9,317,0.34234557599324034,0.33636748790740967,True,0.005978088085830668
WFG9,318,0.330707585078873,0.3289807140827179,True,0.0017268709961550943
WFG9,319,0.31823156217240517,0.31906065344810486,False,-0.0008290912756996893
WFG9,320,-0.0010127557809290755,-0.017361529171466827,True,0.016348773390537752
WFG9,321,0.28606260296266794,0.28552889823913574,True,0.0005337047235322023
WFG9,322,0.14146462241905672,0.14210863411426544,False,-0.0006440116952087238
WFG9,323,0.30788727474158767,0.30798575282096863,False,-9.84780793809592e-05
WFG9,324,-0.021798117986249144,-0.021798117086291313,False,-8.999578304802469e-10
WFG9,325,0.32094738370996106,0.3209473788738251,False,4.836135991670432e-09
WFG9,326,0.1603570367721875,0.1652219593524933,False,-0.004864922580305797
WFG9,327,0.3117790570429036,0.31359776854515076,False,-0.0018187115022471612
WFG9,328,0.1066688669360808,0.1066688671708107,False,-2.347299021820959e-10
WFG9,329,0.3026730856461496,0.3026730716228485,False,1.4023301075916095e-08
WFG9,330,0.3451336301711057,0.33041998744010925,True,0.014713642730996457
WFG9,331,0.391619509885849,0.3917643129825592,False,-0.00014480309671022207
WFG9,332,0.1761375413311425,0.14930813014507294,True,0.026829411186069574
WFG9,333,0.2753505170813435,0.27535051107406616,False,6.007277342234829e-09
WFG9,334,0.24022198956975985,0.2402219921350479,False,-2.5652880653037613e-09
WFG9,335,0.04084187793177335,0.040841877460479736,False,4.712936152451164e-10
WFG9,336,0.0702924641981687,0.06949742883443832,True,0.0007950353637303786
WFG9,337,0.1331941675047273,0.13319416344165802,False,4.063069269921726e-09
WFG9,338,0.29011194512351957,0.2906063497066498,False,-0.0004944045831302146
WFG9,339,0.055868962062321115,0.055868960916996,False,1.1453251125281838e-09
WFG9,340,0.15280684160350308,0.1528068482875824,False,-6.684079317809122e-09
WFG9,341,0.29115397354246864,0.2911539673805237,False,6.161944954286014e-09
WFG9,342,0.14758054419883138,0.14686737954616547,True,0.0007131646526659097
WFG9,343,0.2587220068056564,0.2587220072746277,False,-4.689713062333567e-10
WFG9,344,0.10547220886784736,0.10547220706939697,False,1.7984503886125935e-09
WFG9,345,0.1753754280882533,0.17537543177604675,False,-3.6877934594947703e-09
WFG9,346,0.019091528611645037,0.014570611529052258,True,0.004520917082592779
WFG9,347,0.3377925554442929,0.35465916991233826,False,-0.016866614468045382
WFG9,348,0.19723276231773165,0.19723276793956757,False,-5.621835913460771e-09
WFG9,349,0.11983751371281084,0.11979926377534866,True,3.8249937462181416e-05
WFG9,350,0.08611100337957961,0.08611100167036057,False,1.7092190440770594e-09
WFG9,351,0.1155050050554664,0.11550500243902206,False,2.6164443389653513e-09
WFG9,352,0.10063298779061672,0.10063298791646957,False,-1.258528559144878e-10
WFG9,353,0.18626902073364768,0.18626901507377625,False,5.659871432639463e-09
WFG9,354,0.2963812412064367,0.29638123512268066,False,6.083756054486855e-09
WFG9,355,0.2859047989168075,0.2864965498447418,False,-0.0005917509279343425
WFG9,356,0.30678120208446374,0.33219850063323975,False,-0.025417298548776
WFG9,357,0.11248711862606595,0.11248711496591568,False,3.660150266204809e-09
WFG9,358,0.030473708029576663,0.030990002676844597,False,-0.0005162946472679342
WFG9,359,0.03704681515748304,0.03704681620001793,False,-1.0425348917486588e-09
WFG9,360,0.34508515709566867,0.34718775749206543,False,-0.0021026003963967588
WFG9,361,0.35165703119589253,0.35165703296661377,False,-1.7707212363049507e-09
WFG9,362,0.33546766966147523,0.335467666387558,False,3.273917248414193e-09
WFG9,363,0.11904142315458585,0.1060381680727005,True,0.013003255081885351
WFG9,364,0.2976296755380286,0.3342401683330536,False,-0.036610492795024985
WFG9,365,0.16356752535010277,0.16356752812862396,False,-2.7785211909048257e-09
WFG9,366,0.04028852155747942,0.040288522839546204,False,-1.2820667860680146e-09
WFG9,367,0.32597265712905477,0.32597264647483826,False,1.0654216509031755e-08
WFG9,368,0.07354453564065017,0.07354453206062317,False,3.5800269970742704e-09
WFG9,369,0.33512941119000517,0.31737402081489563,True,0.017755390375109537
WFG9,370,0.18590374012692204,0.2021118700504303,False,-0.016208129923508258
WFG9,371,0.3027316012391945,0.3027678430080414,False,-3.624176884686747e-05
WFG9,372,0.0505542757138667,0.050743792206048965,False,-0.00018951649218226785
WFG9,373,-0.00853699032310501,-0.012285052798688412,True,0.0037480624755834024
WFG9,374,0.354746766529151,0.35192596912384033,True,0.00282079740531066
WFG9,375,0.09603634071027137,0.09603633731603622,False,3.3942351429505635e-09
WFG9,376,0.3233910300612129,0.32319632172584534,True,0.00019470833536755494
WFG9,377,0.19775195674331533,0.19629691541194916,True,0.0014550413313661748
WFG9,378,0.04994686252225633,0.04961103945970535,True,0.00033582306255097727
WFG9,379,0.30382546874307603,0.3038254678249359,False,9.181401194879868e-10
WFG9,380,0.33224340326233753,0.3325625956058502,False,-0.00031919234351268644
WFG9,381,0.12762311992014994,0.12762312591075897,False,-5.990609036610195e-09
WFG9,382,0.2735464495202864,0.2735464572906494,False,-7.77036301968792e-09
WFG9,383,0.043714471578711056,0.04371447116136551,False,4.173455470102283e-10
WFG9,384,0.31550952250784603,0.31550952792167664,False,-5.4138306060380614e-09
WFG9,385,0.05586210333829292,0.05587783455848694,False,-1.5731220194020734e-05
WFG9,386,0.2855458834544916,0.2925816774368286,False,-0.007035793982337002
WFG9,387,0.08916497092143916,0.08916497230529785,False,-1.3838586943037967e-09
WFG9,388,0.3239791896184,0.3239791989326477,False,-9.314247706448953e-09
WFG9,389,0.05490202556856513,0.05490202456712723,False,1.0014379048239874e-09
WFG9,390,0.04675962540832679,0.046759624034166336,False,1.3741604520944861e-09
WFG9,391,0.1330210089005016,0.1375170201063156,False,-0.004496011205813999
WFG9,392,0.13102712815367984,0.13102713227272034,False,-4.119040497574389e-09
WFG9,393,0.3255956895667342,0.34264662861824036,False,-0.017050939051506175
WFG9,394,0.036856661872368385,0.03685666248202324,False,-6.096548543776947e-10
WFG9,395,0.3058039351663264,0.3054308593273163,True,0.00037307583901013963
WFG9,396,0.1358622777010499,0.13586227595806122,False,1.7429886700615072e-09
WFG9,397,0.30501737846894644,0.3050173819065094,False,-3.4375629565097654e-09
WFG9,398,0.23489156814324166,0.23489156365394592,False,4.489295740706112e-09
WFG9,399,0.3023793473613921,0.3023793399333954,False,7.427996717712659e-09
WFG9,400,0.2444518006750063,0.2440449297428131,True,0.0004068709321931874
WFG9,401,0.30038832636252083,0.3003883361816406,False,-9.819119795029252e-09
WFG9,402,0.3622678298525781,0.3590008616447449,True,0.003266968207833232
WFG9,403,0.3694327705439067,0.3571666479110718,True,0.012266122632834942
WFG9,404,0.1934853052322714,0.1934853047132492,False,5.190221863404787e-10
WFG9,405,0.08135838436933815,0.08105912059545517,True,0.00029926377388297953
WFG9,406,0.08821894517339623,0.04663911089301109,True,0.04157983428038514
WFG9,407,0.09190172361842361,0.09190172702074051,False,-3.40231690043602e-09
WFG9,408,0.08105901445424485,0.08105901628732681,False,-1.8330819639977847e-09
WFG9,409,0.326802864747724,0.3257025182247162,True,0.0011003465230078335
WFG9,410,0.2619280249612219,0.2619280219078064,False,3.0534155204264835e-09
WFG9,411,0.1118276295163218,0.11182762682437897,False,2.691942835308936e-09
WFG9,412,0.14895536613460114,0.1489553600549698,False,6.079631353905768e-09
WFG9,413,0.09434918603229259,0.09389592707157135,True,0.0004532589607212367
WFG9,414,0.3278250192392266,0.3185943365097046,True,0.009230682729521988
WFG9,415,-0.011279714332337765,-0.011279714293777943,False,-3.855982200207109e-11
WFG9,416,0.31247065687635583,0.3124706447124481,False,1.2163907714413114e-08
WFG9,417,0.16177318824146023,0.1617731899023056,False,-1.6608453778932386e-09
WFG9,418,0.1801167851523993,0.18011678755283356,False,-2.4004342680239432e-09
WFG9,419,0.19675008740898434,0.1965809166431427,True,0.00016917076584163637
WFG9,420,0.2733447550694398,0.2733447551727295,False,-1.032897101183039e-10
WFG9,421,0.002599024075617573,0.012746430933475494,False,-0.010147406857857921
WFG9,422,0.0716331792532379,0.042542144656181335,True,0.02909103459705656
WFG9,423,0.2841042369893084,0.28407397866249084,True,3.025832681757823e-05
WFG9,424,0.18606200444261864,0.1860620081424713,False,-3.699852674232673e-09
WFG9,425,0.18234444430189997,0.18133817613124847,True,0.0010062681706514975
WFG9,426,0.04649609253618309,0.04649609327316284,False,-7.36979755000533e-10
WFG9,427,0.29811705473306144,0.2981170415878296,False,1.3145231847477845e-08
WFG9,428,0.1414010820433244,0.14140108227729797,False,-2.3397356274657e-10
WFG9,429,0.2786525226943021,0.27865251898765564,False,3.7066464342316863e-09
WFG9,430,0.24237278362478507,0.2423727810382843,False,2.5865007635683668e-09
WFG9,431,0.28381870919119323,0.28381872177124023,False,-1.2580047004107087e-08
WFG9,432,0.13356319195487668,0.13356319069862366,False,1.2562530182780307e-09
WFG9,433,0.1223062995166003,0.12230630218982697,False,-2.6732266678042294e-09
WFG9,434,0.03428133008734641,0.016657885164022446,True,0.01762344492332396
WFG9,435,0.26573863106385354,0.26613640785217285,False,-0.00039777678831931507
WFG9,436,0.16584840088941674,0.16603781282901764,False,-0.00018941193960089753
WFG9,437,0.03350779576890839,0.033693041652441025,False,-0.0001852458835326365
WFG9,438,0.20850332372380656,0.20850332081317902,False,2.9106275445389684e-09
WFG9,439,0.024916597168152227,0.027220776304602623,False,-0.002304179136450396
WFG9,440,0.25287354989141386,0.2528735399246216,False,9.966792280380332e-09
ZDT1,1,-0.06308389178037399,-0.06308389455080032,False,2.770426332787679e-09
ZDT1,2,0.0691318235995923,0.06913182139396667,False,2.2056256265834406e-09
ZDT1,3,0.016518390073651135,0.01651838980615139,False,2.674997445772931e-10
ZDT1,4,-0.13102193245226013,-0.13102193176746368,False,-6.847964417744379e-10
ZDT1,5,0.17087142307445236,0.17087142169475555,False,1.3796968012513844e-09
ZDT1,6,0.18910324119031632,0.1890965849161148,True,6.656274201516377e-06
ZDT1,7,0.0263241565432355,0.026324156671762466,False,-1.2852696684717557e-10
ZDT1,8,0.14860840340755604,0.14860840141773224,False,1.9898238057258766e-09
ZDT1,9,0.13796512318279996,0.137965127825737,False,-4.6429370348377574e-09
ZDT1,10,0.1843892789495684,0.18438927829265594,False,6.569124688660111e-10
ZDT1,11,0.17286945650440713,0.1728694587945938,False,-2.290186679188011e-09
ZDT1,12,0.10720394582020215,0.10720394551753998,False,3.0266217310170873e-10
ZDT1,13,0.1265633083397677,0.12656331062316895,False,-2.2834012458616826e-09
ZDT1,14,0.05624715934972929,0.05624715983867645,False,-4.889471605373785e-10
ZDT1,15,-0.0034259533353383498,-0.003425953444093466,False,1.0875511602392862e-10
ZDT1,16,0.14809112460184837,0.148091122508049,False,2.0937993561176427e-09
ZDT1,17,0.019656877024198938,0.019656876102089882,False,9.221090557787193e-10
ZDT1,18,0.18032886700759196,0.1803288608789444,False,6.12864756166509e-09
ZDT1,19,0.10255092981238223,0.1025509312748909,False,-1.4625086697250822e-09
ZDT1,20,0.07623926561683897,0.07623926550149918,False,1.153397932718292e-10
ZDT1,21,0.018350655136561533,0.01835065521299839,False,-7.64368568439977e-11
ZDT1,22,0.039698532565321076,0.039698533713817596,False,-1.1484965201091768e-09
ZDT1,23,0.11392476019973874,0.11392475664615631,False,3.55358242831727e-09
ZDT1,24,0.03347397359537557,0.03347397223114967,False,1.364225898914384e-09
ZDT1,25,0.04743732666928435,0.04743732511997223,False,1.5493121230392148e-09
ZDT1,26,-0.0036846251135806973,-0.003684625029563904,False,-8.40167935223235e-11
ZDT1,27,0.03373448286443492,0.03372768312692642,True,6.799737508500492e-06
ZDT1,28,0.08686589252787319,0.08686589449644089,False,-1.9685676977410083e-09
ZDT1,29,0.07014029463615679,0.0701402947306633,False,-9.450651372588936e-11
ZDT1,30,0.0660631346940449,0.06606313586235046,False,-1.1683055634037487e-09
ZDT1,31,0.07936343263773876,0.07936343550682068,False,-2.869081916490046e-09
ZDT1,32,0.040843190495938486,0.040843188762664795,False,1.7332736912401003e-09
ZDT1,33,0.04113606297397704,0.041253697127103806,False,-0.00011763415312676662
ZDT1,34,0.05274951609152939,0.052754949778318405,False,-5.433686789013681e-06
ZDT1,35,0.053667801712147745,0.05429387465119362,False,-0.0006260729390458741
ZDT1,36,0.042311290303996496,0.04231129214167595,False,-1.8376794530539087e-09
ZDT1,37,0.04606167187438909,0.046061672270298004,False,-3.9590891676155593e-10
ZDT1,38,0.06265368152218204,0.06265368312597275,False,-1.60379071134642e-09
ZDT1,39,0.0984114230214293,0.07396441698074341,True,0.024447006040685892
ZDT1,40,-0.0024123315648342247,0.001750695751979947,False,-0.004163027316814172
ZDT1,41,-0.012044835168808832,-0.012044834904372692,False,-2.644361396519912e-10
ZDT1,42,0.058501627173297266,0.058501627296209335,False,-1.2291206941128507e-10
ZDT1,43,0.06847960014936033,0.06847959756851196,False,2.5808483683498196e-09
ZDT1,44,0.05101446454244901,0.05101446434855461,False,1.9389440053529938e-10
ZDT1,45,0.05956484080604463,0.06035599485039711,False,-0.0007911540443524823
ZDT1,46,0.03551094717504233,0.035510946065187454,False,1.1098548746701908e-09
ZDT1,47,0.07080566844653635,0.07023691385984421,True,0.000568754586692144
ZDT1,48,0.06099712068519414,0.060997121036052704,False,-3.508585644240725e-10
ZDT1,49,0.03989804851399098,0.03989804908633232,False,-5.723413409874922e-10
ZDT1,50,0.07150474638021825,0.07150474935770035,False,-2.977482094213002e-09
ZDT1,51,0.09486343783059525,0.07189340889453888,True,0.022970028936056375
ZDT1,52,-5.011296089207917e-08,-5.011295911572233e-08,False,-1.7763568394002505e-15
ZDT1,53,-0.024102074721463307,-0.024102075025439262,False,3.039759555178989e-10
ZDT1,54,0.06710685920101667,0.06710685789585114,False,1.3051655312068533e-09
ZDT1,55,-0.0031078912763639055,-0.003107891185209155,False,-9.115475041454602e-11
ZDT1,56,-0.026167478765988128,-0.026167478412389755,False,-3.5359837280424244e-10
ZDT1,57,0.08987315420531972,0.08475108444690704,True,0.005122069758412673
ZDT1,58,0.03134085393519259,0.03134085237979889,False,1.5553937027235065e-09
ZDT1,59,0.0640996512978384,0.06409965455532074,False,-3.257482339424911e-09
ZDT1,60,0.04502622851390281,0.045026227831840515,False,6.820622955316935e-10
ZDT1,61,0.0627546709665241,0.06275466829538345,False,2.6711406420076855e-09
ZDT1,62,0.04279779517136206,0.04279779642820358,False,-1.2568415197478089e-09
ZDT1,63,0.00850939536973705,0.008509395644068718,False,-2.743316684927777e-10
ZDT1,64,0.06411271138443708,0.06762197613716125,False,-0.0035092647527241727
ZDT1,65,0.04299297094639076,0.03285392373800278,True,0.010139047208387986
ZDT1,66,0.06684112090340832,0.06792668253183365,False,-0.0010855616284253244
ZDT1,67,0.03711434355054044,0.03711434453725815,False,-9.86717707540663e-10
ZDT1,68,0.05706545246156802,0.0570654533803463,False,-9.187782756825413e-10
ZDT1,69,0.0033744033599319434,0.003374403342604637,False,1.732730625647605e-11
ZDT1,70,-0.014666784798023191,-0.014666784554719925,False,-2.4330326642285627e-10
ZDT1,71,0.019772082803973134,0.019772082567214966,False,2.367581686257836e-10
ZDT1,72,0.05440894289944437,0.05440894141793251,False,1.48151185763723e-09
ZDT1,73,0.12439002124455412,0.08322317153215408,True,0.04116684971240003
ZDT1,74,0.007126717430051666,0.01752570830285549,False,-0.010398990872803826
ZDT1,75,0.021181563108519763,0.021181562915444374,False,1.930753890100334e-10
ZDT1,76,0.03167283656630698,0.03206382319331169,False,-0.000390986627004708
ZDT1,77,0.0656590254795959,0.06520608067512512,True,0.00045294480447077845
ZDT1,78,0.039942247002038855,0.03994224593043327,False,1.0716055820481074e-09
ZDT1,79,0.03309893158688415,0.03309893235564232,False,-7.6875816823474e-10
ZDT1,80,0.033402623011758725,0.03340262174606323,False,1.2656954928580433e-09
ZDT1,81,0.030567250192048145,0.030567249283194542,False,9.088536034873584e-10
ZDT1,82,0.03425865045855958,0.0342586487531662,False,1.7053933820676548e-09
ZDT1,83,0.09935724738491136,0.08916299045085907,True,0.010194256934052293
ZDT1,84,0.006663898419865921,0.006663898471742868,False,-5.187694718244984e-11
ZDT1,85,0.0705887287407504,0.07002847641706467,True,0.0005602523236857282
ZDT1,86,0.06341175669875976,0.06616408377885818,False,-0.0027523270800984267
ZDT1,87,-0.0004701155345593344,-0.000470115541247651,False,6.6883165672493305e-12
ZDT1,88,0.07270194769194205,0.07270194590091705,False,1.7910249949792956e-09
ZDT1,89,-0.0005468998213327136,-0.0005468997987918556,False,-2.2540858068964553e-11
ZDT1,90,0.05305608144146612,0.04446502774953842,True,0.008591053691927697
ZDT1,91,0.02126823394995081,0.02126823365688324,False,2.930675702117469e-10
ZDT1,92,0.08794522289883588,0.07628892362117767,True,0.01165629927765821
ZDT1,93,0.11647285816769914,0.08099333941936493,True,0.035479518748334216
ZDT1,94,0.040183458579139186,0.03659510612487793,True,0.0035883524542612566
ZDT1,95,0.06005480355666504,0.060054805129766464,False,-1.5731014268993704e-09
ZDT1,96,0.02474025384324835,0.024740254506468773,False,-6.632204230250238e-10
ZDT1,97,0.07278523858840164,0.07278523594141006,False,2.6469915703764e-09
ZDT1,98,0.0749114642672028,0.07379914820194244,True,0.0011123160652603548
ZDT1,99,0.0700124443906679,0.07001244276762009,False,1.6230478072642995e-09
ZDT1,100,0.0049929712408184335,0.004992971196770668,False,4.40477654350957e-11
ZDT1,101,0.04132514917742258,0.041325148195028305,False,9.823942770381677e-10
ZDT1,102,-6.752909853524613e-08,-6.752910053364758e-08,False,1.9984014443252818e-15
ZDT1,103,0.04974700751186678,0.049747008830308914,False,-1.3184421332468332e-09
ZDT1,104,-0.0038590186083721223,-0.003859018674120307,False,6.574818467441901e-11
ZDT1,105,0.016542908718240767,0.017736803740262985,False,-0.0011938950220222178
ZDT1,106,0.05212630980472205,0.05313413217663765,False,-0.001007822371915601
ZDT1,107,0.06490483151869864,0.0649048313498497,False,1.688489348339317e-10
ZDT1,108,0.029294980140492644,0.029294980689883232,False,-5.493905885778361e-10
ZDT1,109,0.02532548138727614,0.025325480848550797,False,5.38725342114077e-10
ZDT1,110,0.05407303097118682,0.05457448959350586,False,-0.0005014586223190398
ZDT1,111,0.09105752806690054,0.08545776456594467,True,0.005599763500955868
ZDT1,112,0.03406785528319134,0.03406785428524017,False,9.979511661484253e-10
ZDT1,113,0.043376787130133654,0.04337678849697113,False,-1.3668374765352098e-09
ZDT1,114,0.03051204963497356,0.030766012147068977,False,-0.0002539625120954181
ZDT1,115,0.009084307600722541,0.009084307588636875,False,1.2085665801464529e-11
ZDT1,116,0.45106516716226835,0.45099249482154846,True,7.267234071989259e-05
ZDT1,117,0.0005897057715061882,0.0005897057708352804,False,6.709077737809821e-13
ZDT1,118,0.010981792974652793,0.010981792584061623,False,3.9059117051820635e-10
ZDT1,119,0.04862253954627899,0.045653022825717926,True,0.0029695167205610606
ZDT1,120,0.03400715213214772,0.034007150679826736,False,1.4523209856953656e-09
ZDT1,121,0.09128463177183058,0.09128463268280029,False,-9.109697163278696e-10
ZDT1,122,0.01760318414622153,0.017603185027837753,False,-8.816162244684733e-10
ZDT1,123,0.07602974744512031,0.07137928158044815,True,0.00465046586467216
ZDT1,124,0.0896759723634975,0.08049658685922623,True,0.009179385504271276
ZDT1,125,0.063701894654971,0.06523299217224121,False,-0.001531097517270208
ZDT1,126,0.09659898667321842,0.07649892568588257,True,0.020100060987335855
ZDT1,127,0.0381464322882642,0.03814643248915672,False,-2.0089252483757036e-10
ZDT1,128,0.06476946492190327,0.06492282450199127,False,-0.00015335958008799722
ZDT1,129,0.01783415099546115,0.017834151163697243,False,-1.6823609172433862e-10
ZDT1,130,0.06997743120869471,0.07188884913921356,False,-0.001911417930518855
ZDT1,131,0.06313759748404457,0.06512020528316498,False,-0.001982607799120406
ZDT1,132,0.009800307794997964,0.00980030745267868,False,3.423192840301681e-10
ZDT1,133,0.09312582249223203,0.07017477601766586,True,0.022951046474566167
ZDT1,134,0.02198379360129954,0.01969613879919052,True,0.002287654802109018
ZDT1,135,0.02974132104897348,0.028650734573602676,True,0.0010905864753708028
ZDT1,136,0.024549784770251826,0.024508537724614143,True,4.1247045637682334e-05
ZDT1,137,0.05705042801541069,0.0570504292845726,False,-1.2691619144522548e-09
ZDT1,138,0.0943746911813442,0.06833998113870621,True,0.026034710042637993
ZDT1,139,0.06975714632780411,0.07279366999864578,False,-0.003036523670841673
ZDT1,140,0.062249566452178856,0.06159554794430733,True,0.0006540185078715288
ZDT1,141,0.007804633855952869,0.008035178296267986,False,-0.0002305444403151169
ZDT1,142,0.018156877862018805,0.018184101209044456,False,-2.72233470256511e-05
ZDT1,143,0.00912905563209171,0.009131726808845997,False,-2.6711767542875187e-06
ZDT1,144,0.06748793601582487,0.067487932741642,False,3.2741828692728348e-09
ZDT1,145,0.06974543439141223,0.07048826664686203,False,-0.000742832255449799
ZDT1,146,0.04963730969900235,0.05603015422821045,False,-0.006392844529208103
ZDT1,147,0.3051622390555435,0.305162250995636,False,-1.1940092470297259e-08
ZDT1,148,0.06021568054114443,0.06021568179130554,False,-1.25016111351961e-09
ZDT1,149,0.07342058307108049,0.07342058420181274,False,-1.130732257825784e-09
ZDT1,150,0.06304553495720056,0.06411643326282501,False,-0.001070898305624457
ZDT1,151,0.02649068069211874,0.026490680873394012,False,-1.8127527257050247e-10
ZDT1,152,0.03391759930810315,0.03391759842634201,False,8.817611363287625e-10
ZDT1,153,0.08276155850676703,0.07980401813983917,True,0.0029575403669278577
ZDT1,154,0.07250319113001769,0.07250319421291351,False,-3.0828958275108675e-09
ZDT1,155,0.010840103116050492,0.009653951972723007,True,0.0011861511433274852
ZDT1,156,0.10207665546753059,0.09837745130062103,True,0.0036992041669095532
ZDT1,157,0.011012829271370261,0.011012828908860683,False,3.6250957791139626e-10
ZDT1,158,0.06707735435024859,0.06707735359668732,False,7.535612689402171e-10
ZDT1,159,0.0024635557023057197,0.0024635556619614363,False,4.03442834695511e-11
ZDT1,160,0.05774268516798711,0.057742685079574585,False,8.84125272992975e-11
ZDT1,161,0.03280834876330066,0.032808348536491394,False,2.2680926581308825e-10
ZDT1,162,0.0010461788207619116,0.001046178862452507,False,-4.16905954203628e-11
ZDT1,163,0.08438241836993171,0.06738244742155075,True,0.01699997094838096
ZDT1,164,0.06674819335064783,0.0655684545636177,True,0.0011797387870301212
ZDT1,165,0.025200600118515437,0.02545199729502201,False,-0.00025139717650657367
ZDT1,166,0.10079322922528858,0.10079322755336761,False,1.6719209627868992e-09
ZDT1,167,0.05509078845886767,0.04872887581586838,True,0.00636191264299929
ZDT1,168,0.045115670906668126,0.04668639227747917,False,-0.0015707213708110457
ZDT1,169,0.13340320768542835,0.10513580590486526,True,0.028267401780563084
ZDT1,170,0.05742699533098419,0.2724760174751282,False,-0.21504902214414398
ZDT1,171,0.052122848768725694,0.052122849971055984,False,-1.2023302908836797e-09
ZDT1,172,0.08906477382822992,0.07970258593559265,True,0.009362187892637264
ZDT1,173,0.02159503750937894,0.022263657301664352,False,-0.0006686197922854131
ZDT1,174,0.03330071575231386,0.03330071642994881,False,-6.776349481540933e-10
ZDT1,175,0.0710217835368569,0.07445079833269119,False,-0.0034290147958342954
ZDT1,176,-2.61620307639987e-08,-2.61620307639987e-08,False,0.0
ZDT1,177,0.06299959090686247,0.06299959123134613,False,-3.244836621618674e-10
ZDT1,178,0.0632544743404655,0.0632544755935669,False,-1.2531014004224517e-09
ZDT1,179,0.05682165583377696,0.04803639277815819,True,0.008785263055618775
ZDT1,180,0.07000101194477842,0.07386484742164612,False,-0.003863835476867694
ZDT1,181,0.04915070805146679,0.03724680840969086,True,0.011903899641775934
ZDT1,182,0.0656979139095992,0.32880711555480957,False,-0.26310920164521034
ZDT1,183,0.03037600026484355,0.030376000329852104,False,-6.500855409541373e-11
ZDT1,184,0.04284391842329566,0.043200135231018066,False,-0.00035621680772240927
ZDT1,185,0.13022615449041672,0.07956644147634506,True,0.050659713014071656
ZDT1,186,0.3396338634787219,0.33839547634124756,True,0.0012383871374743172
ZDT1,187,0.05160495261719539,0.051906608045101166,False,-0.00030165542790577815
ZDT1,188,0.06410145012692911,0.2817328870296478,False,-0.21763143690271872
ZDT1,189,0.06118179925220679,0.06124255061149597,False,-6.075135928917952e-05
ZDT1,190,0.04450465477033874,0.04450465366244316,False,1.107895580831908e-09
ZDT1,191,0.008285398421724044,0.008285398595035076,False,-1.7331103219220267e-10
ZDT1,192,0.10515054562766626,0.06543099135160446,True,0.0397195542760618
ZDT1,193,0.06869111119237772,0.07109297811985016,False,-0.0024018669274724347
ZDT1,194,0.32698332578773154,0.32369115948677063,True,0.003292166300960908
ZDT1,195,0.02979129925233051,0.03272860497236252,False,-0.0029373057200320074
ZDT1,196,0.052868478480420034,0.05372454598546028,False,-0.0008560675050402478
ZDT1,197,0.07261869684341929,0.09036071598529816,False,-0.017742019141878868
ZDT1,198,0.03336623393724292,0.03338122367858887,False,-1.498974134594988e-05
ZDT1,199,0.08230307628824826,0.07926934957504272,True,0.0030337267132055368
ZDT1,200,0.03631401754474939,0.036314018070697784,False,-5.259483959463296e-10
ZDT1,201,0.12244303816865573,0.07681456953287125,True,0.045628468635784486
ZDT1,202,0.028492719945552164,0.02894093468785286,False,-0.00044821474230069547
ZDT1,203,0.06722277001389107,0.12636546790599823,False,-0.05914269789210716
ZDT1,204,0.06917626134968732,0.0699431449174881,False,-0.0007668835678007746
ZDT1,205,0.01463799394796067,0.014637993648648262,False,2.993124081918097e-10
ZDT1,206,0.07039143886041005,0.07141343504190445,False,-0.0010219961814944
ZDT1,207,0.02749061479627843,0.024020787328481674,True,0.0034698274677967544
ZDT1,208,0.02675772803853066,0.03537207841873169,False,-0.00861435038020103
ZDT1,209,0.07429640720716094,0.07453898340463638,False,-0.000242576197475447
ZDT1,210,0.25916752631090134,0.25916752219200134,False,4.1188999988506225e-09
ZDT1,211,0.08624444799033965,0.07100730389356613,True,0.015237144096773514
ZDT1,212,0.05335139465747318,0.04742536321282387,True,0.005926031444649316
ZDT1,213,0.04275306582839328,0.04275306686758995,False,-1.0391966731582158e-09
ZDT1,214,0.031442485755729666,0.03144248574972153,False,6.008138431212728e-12
ZDT1,215,0.2518480263972753,0.2518480122089386,False,1.4188336727727346e-08
ZDT1,216,0.13106603733120123,0.07943733036518097,True,0.05162870696602026
ZDT1,217,0.020810377592525603,0.0211853738874197,False,-0.0003749962948940977
ZDT1,218,0.052584206952454526,0.2625375986099243,False,-0.2099533916574698
ZDT1,219,0.03188682049593036,0.03213852643966675,False,-0.00025170594373638555
ZDT1,220,0.06672365525620255,0.06672365218400955,False,3.072192999997725e-09
ZDT1,221,0.06832181221925326,0.07381288707256317,False,-0.005491074853309907
ZDT1,222,0.06254015521044917,0.06256641447544098,False,-2.6259264991806974e-05
ZDT1,223,-0.0073853005514585846,-0.007385300472378731,False,-7.907985377642035e-11
ZDT1,224,0.029267021742196808,0.028686389327049255,True,0.0005806324151475528
ZDT1,225,0.0683976855577095,0.10879867523908615,False,-0.04040098968137665
ZDT1,226,0.12011234874846724,0.09326048195362091,True,0.02685186679484633
ZDT1,227,0.05555343195786336,0.047841865569353104,True,0.007711566388510255
ZDT1,228,0.02618139885543705,0.02650800347328186,False,-0.0003266046178448112
ZDT1,229,0.07693821853427488,0.0769382193684578,False,-8.341829171865101e-10
ZDT1,230,0.0777560833623856,0.0649912878870964,True,0.012764795475289192
ZDT1,231,0.08402199554900278,0.07187192142009735,True,0.012150074128905425
ZDT1,232,0.043896274828375104,0.043896276503801346,False,-1.6754262421869726e-09
ZDT1,233,0.04480304044183378,0.04619738459587097,False,-0.0013943441540371915
ZDT1,234,0.05574524389354879,0.0617799274623394,False,-0.006034683568790611
ZDT1,235,0.12848776637540912,0.08411756902933121,True,0.044370197346077916
ZDT1,236,0.03139460366679239,0.031394604593515396,False,-9.267230038911833e-10
ZDT1,237,0.03891921470478388,0.026497766375541687,True,0.01242144832924219
ZDT1,238,-8.103569384965148e-08,-8.10356937108736e-08,False,-1.3877787807814457e-16
ZDT1,239,0.04385366457737594,0.03158572316169739,True,0.012267941415678552
ZDT1,240,0.02448414080195166,0.024710414931178093,False,-0.00022627412922643364
ZDT1,241,0.007857780145837712,0.00785777997225523,False,1.7358248172172352e-10
ZDT1,242,0.07218086294024276,0.07402549684047699,False,-0.0018446339002342327
ZDT1,243,0.06949956186133677,0.07005252689123154,False,-0.0005529650298947697
ZDT1,244,0.0720183797308249,0.07381254434585571,False,-0.0017941646150308188
ZDT1,245,0.03491670629017124,0.030871085822582245,True,0.004045620467588995
ZDT1,246,0.06701238536105744,0.06701238453388214,False,8.271753004773785e-10
ZDT1,247,0.03257928371365812,0.03137627989053726,True,0.0012030038231208573
ZDT1,248,0.051552154079847756,0.04796715825796127,True,0.003584995821886483
ZDT1,249,0.043038314055477755,0.04303831234574318,False,1.709734576138544e-09
ZDT1,250,0.06679193592441468,0.24045991897583008,False,-0.1736679830514154
ZDT1,251,0.08619903187823816,0.07986844331026077,True,0.0063305885679773855
ZDT1,252,0.03125139602995297,0.03125139698386192,False,-9.539089518284527e-10
ZDT1,253,0.009472637249428761,0.009472637437283993,False,-1.8785523137054838e-10
ZDT1,254,0.1484139980480575,0.09912154078483582,True,0.04929245726322168
ZDT1,255,0.16728090086957925,0.09834031760692596,True,0.06894058326265329
ZDT1,256,0.07038374999661323,0.07401817291975021,False,-0.003634422923136982
ZDT1,257,0.1302882020071902,0.11820423603057861,True,0.0120839659766116
ZDT1,258,0.08921114783525172,0.07366806268692017,True,0.015543085148331554
ZDT1,259,0.07823619591679934,0.06712610274553299,True,0.01111009317126635
ZDT1,260,0.07800179306943919,0.07800178974866867,False,3.320770519676941e-09
ZDT1,261,0.13436292614112877,0.08422904461622238,True,0.05013388152490639
ZDT1,262,0.06893897617970826,0.0689389780163765,False,-1.8366682341675045e-09
ZDT1,263,0.0011092629950080757,0.001109263044781983,False,-4.977390721805364e-11
ZDT1,264,0.022019251462064238,0.0226999893784523,False,-0.0006807379163880634
ZDT1,265,0.010871462870771287,0.011394072324037552,False,-0.0005226094532662651
ZDT1,266,0.11221797374381066,0.07984842360019684,True,0.032369550143613826
ZDT1,267,0.008589278767914432,0.008355168625712395,True,0.00023411014220203752
ZDT1,268,0.12794063242254777,0.1151154637336731,True,0.012825168688874677
ZDT1,269,0.22056512900827546,0.21268752217292786,True,0.007877606835347606
ZDT1,270,0.08797952394408473,0.08596963435411453,True,0.0020098895899701985
ZDT1,271,0.02244840382255686,0.02138383872807026,True,0.0010645650944866025
ZDT1,272,0.05207438246331947,0.052074383944272995,False,-1.480953526478146e-09
ZDT1,273,0.07053030084184572,0.07173039764165878,False,-0.0012000967998130607
ZDT1,274,0.06710030841772552,0.20378433167934418,False,-0.13668402326161866
ZDT1,275,0.07192797954221342,0.0719279795885086,False,-4.62951899038444e-11
ZDT1,276,0.06719035077227453,0.05621153861284256,True,0.010978812159431972
ZDT1,277,0.0227430519116488,0.022380808368325233,True,0.0003622435433235649
ZDT1,278,0.05348908371275338,0.0508560985326767,True,0.00263298518007668
ZDT1,279,0.04103209881688344,0.0395444892346859,True,0.001487609582197541
ZDT1,280,0.07890610704719161,0.0789061039686203,False,3.0785713145409233e-09
ZDT1,281,0.12391058038246522,0.11998300999403,True,0.00392757038843522
ZDT1,282,0.062394989862014555,0.20515833795070648,False,-0.14276334808869193
ZDT1,283,0.01989847624873553,0.01882743276655674,True,0.0010710434821787906
ZDT1,284,0.046820450382689865,0.04682045057415962,False,-1.914697567162449e-10
ZDT1,285,0.07168866100503576,0.0690770372748375,True,0.0026116237301982703
ZDT1,286,0.06576057446559569,0.06092848628759384,True,0.004832088178001848
ZDT1,287,0.06302439768952225,0.06383278965950012,False,-0.0008083919699778674
ZDT1,288,0.03501444497352116,0.03633465990424156,False,-0.0013202149307204036
ZDT1,289,0.03683346755062547,0.036833468824625015,False,-1.2739995447486052e-09
ZDT1,290,0.07640722237361919,0.07688387483358383,False,-0.0004766524599646438
ZDT1,291,0.012355678576021129,0.01240749005228281,False,-5.18114762616817e-05
ZDT1,292,0.06221712401006971,0.22318483889102936,False,-0.16096771488095965
ZDT1,293,0.0433594820275032,0.04341328516602516,False,-5.3803138521962834e-05
ZDT1,294,0.019748763137689446,0.02157827652990818,False,-0.0018295133922187345
ZDT1,295,0.014820403716227892,0.014876929111778736,False,-5.652539555084379e-05
ZDT1,296,0.018184828753456075,0.018259847536683083,False,-7.501878322700717e-05
ZDT1,297,0.2056025926230667,0.2000875025987625,True,0.005515090024304198
ZDT1,298,0.09384560500065493,0.07979250699281693,True,0.014053098007838008
ZDT1,299,0.07143934080254158,0.10651016980409622,False,-0.03507082900155464
ZDT1,300,0.07882096164054506,0.07883556187152863,False,-1.4600230983569107e-05
ZDT1,301,0.015777766193767445,0.015965377911925316,False,-0.0001876117181578707
ZDT1,302,0.07576483700955777,0.07765563577413559,False,-0.0018907987645778168
ZDT1,303,0.05455551801712666,0.05455551669001579,False,1.327110865645409e-09
ZDT1,304,0.04945175500672644,0.04945175349712372,False,1.5096027206062956e-09
ZDT1,305,0.028847111422470262,0.02962382324039936,False,-0.0007767118179290988
ZDT1,306,0.07507076003870328,0.07689085602760315,False,-0.0018200959888998725
ZDT1,307,0.1706242041906698,0.12107152491807938,True,0.04955267927259041
ZDT1,308,0.08850108636326141,0.07256852835416794,True,0.015932558009093475
ZDT1,309,0.07555896601783113,0.07831384241580963,False,-0.0027548763979785007
ZDT1,310,0.09603126285642068,0.07347219437360764,True,0.02255906848281304
ZDT1,311,0.030056754280376227,0.030562233179807663,False,-0.0005054788994314358
ZDT1,312,0.0733771127856285,0.0733771100640297,False,2.7215988074313913e-09
ZDT1,313,0.08452642263483219,0.07626757025718689,True,0.008258852377645301
ZDT1,314,0.2550252018894028,0.2550252079963684,False,-6.1069655998835515e-09
ZDT1,315,0.01976259460899263,0.01820114441215992,True,0.0015614501968327088
ZDT1,316,0.07686257497798514,0.07686257362365723,False,1.3543279137051556e-09
ZDT1,317,0.0297047031842302,0.021716218441724777,True,0.007988484742505422
ZDT1,318,0.1857795366800044,0.17759349942207336,True,0.008186037257931045
ZDT1,319,0.06446248203555877,0.06552038341760635,False,-0.001057901382047588
ZDT1,320,0.08639945752558326,0.06985168904066086,True,0.0165477684849224
ZDT1,321,0.05127251895412288,0.04999585077166557,True,0.0012766681824573078
ZDT1,322,0.16198814301472036,0.07681023329496384,True,0.08517790971975653
ZDT1,323,0.042722132691900117,0.04262708127498627,True,9.505141691384944e-05
ZDT1,324,0.03282766927512032,0.03282766789197922,False,1.3831411016518302e-09
ZDT1,325,0.23118354747968428,0.23118354380130768,False,3.678376603311051e-09
ZDT1,326,0.19658662410438937,0.19502758979797363,True,0.0015590343064157408
ZDT1,327,0.05215769839459056,0.05518784746527672,False,-0.003030149070686161
ZDT1,328,0.17113277424971834,0.07991518825292587,True,0.09121758599679247
ZDT1,329,0.03374811107194228,0.03374811261892319,False,-1.5469809044876826e-09
ZDT1,330,0.09592623897716958,0.07763642817735672,True,0.01828981079981286
ZDT1,331,0.03453686486192957,0.024095119908452034,True,0.010441744953477536
ZDT1,332,-0.000151350932435651,0.0052234819158911705,False,-0.0053748328483268215
ZDT1,333,0.05805961862472643,0.06221822649240494,False,-0.004158607867678507
ZDT1,334,0.06036569992049641,0.04685159772634506,True,0.013514102194151348
ZDT1,335,0.062085454991220784,0.20096862316131592,False,-0.13888316817009513
ZDT1,336,0.05693117096635693,0.05581400543451309,True,0.0011171655318438362
ZDT1,337,0.022792885890109554,0.023055238649249077,False,-0.0002623527591395225
ZDT1,338,0.22771456967891301,0.22771456837654114,False,1.302371877009989e-09
ZDT1,339,0.11192636890206367,0.027514634653925896,True,0.08441173424813778
ZDT1,340,0.08386783408697632,0.07645775377750397,True,0.00741008030947235
ZDT1,341,0.2390409769161362,0.23700597882270813,True,0.002034998093428081
ZDT1,342,0.02053969109122504,0.017868787050247192,True,0.002670904040977848
ZDT1,343,0.025864610919226524,0.03728470578789711,False,-0.011420094868670586
ZDT1,344,0.07096127695741977,0.07096127420663834,False,2.7507814359672977e-09
ZDT1,345,0.07430495002500843,0.07349652796983719,True,0.0008084220551712457
ZDT1,346,0.07261792895525818,0.07222186774015427,True,0.00039606121510391
ZDT1,347,0.2010396680781077,0.16599175333976746,True,0.035047914738340236
ZDT1,348,0.19940237496203375,0.19628192484378815,True,0.0031204501182456046
ZDT1,349,0.027971780865314447,0.024567482993006706,True,0.0034042978723077405
ZDT1,350,0.03298061044105516,0.023413201794028282,True,0.009567408647026876
ZDT1,351,0.046760151786259155,0.04676015302538872,False,-1.2391295628466636e-09
ZDT1,352,0.032668762335909055,0.03353092446923256,False,-0.0008621621333235047
ZDT1,353,0.06705379651419856,0.06835342943668365,False,-0.0012996329224850972
ZDT1,354,0.008093498560393167,0.008243567310273647,False,-0.00015006874988048036
ZDT1,355,0.0014491085140260762,0.0014491084730252624,False,4.100081385516319e-11
ZDT1,356,0.011388856364000083,0.01138885598629713,False,3.777029522478159e-10
ZDT1,357,0.11910699391060092,0.07358811795711517,True,0.04551887595348575
ZDT1,358,0.04879816823724312,0.217165008187294,False,-0.1683668399500509
ZDT1,359,0.172024612164417,0.10753928869962692,True,0.06448532346479008
ZDT1,360,0.2216233862342004,0.21722953021526337,True,0.00439385601893702
ZDT1,361,0.22442941374760864,0.22215193510055542,True,0.002277478647053216
ZDT1,362,0.0013630465018173166,0.0013630464673042297,False,3.451308683288801e-11
ZDT1,363,0.3490791193070349,0.31850725412368774,True,0.030571865183347147
ZDT1,364,0.05085443053029186,0.03400764614343643,True,0.016846784386855426
ZDT1,365,0.05315687826983541,0.20268158614635468,False,-0.14952470787651928
ZDT1,366,0.10047186522544754,0.08544962108135223,True,0.01502224414409531
ZDT1,367,0.048077444991382404,0.19334666430950165,False,-0.14526921931811926
ZDT1,368,0.10032676213549012,0.08247256278991699,True,0.017854199345573127
ZDT1,369,0.07229424820498133,0.07347765564918518,False,-0.0011834074442038517
ZDT1,370,0.022991082283907213,0.02460702881217003,False,-0.0016159465282628155
ZDT1,371,0.02472559660275883,0.025281790643930435,False,-0.0005561940411716038
ZDT1,372,-2.4057614594896748e-08,-2.4057614567141172e-08,False,-2.7755575615628914e-17
ZDT1,373,0.002789084054503968,0.0027890841010957956,False,-4.6591827618236437e-11
ZDT1,374,0.04975528417023242,0.0497552827000618,False,1.4701706241293522e-09
ZDT1,375,0.21098644296219993,0.2071399837732315,True,0.0038464591889684208
ZDT1,376,0.0009327102428174361,0.0009327102452516556,False,-2.434219492641887e-12
ZDT1,377,0.07599672914994487,0.056314997375011444,True,0.01968173177493343
ZDT1,378,0.22094257680970691,0.2168636918067932,True,0.004078885002913701
ZDT1,379,0.21933310982775672,0.21783752739429474,True,0.0014955824334619838
ZDT1,380,0.2706994286242305,0.21096177399158478,True,0.05973765463264574
ZDT1,381,0.31380354652578235,0.27218618988990784,True,0.041617356635874514
ZDT1,382,-1.5206597654693343e-07,-1.5206597936412436e-07,False,2.8171909249863347e-15
ZDT1,383,0.21642791738038186,0.1903911828994751,True,0.026036734480906765
ZDT1,384,0.06032452876242997,0.05109085142612457,True,0.009233677336305396
ZDT1,385,0.01627300622607207,0.01714300364255905,False,-0.0008699974164869811
ZDT1,386,0.010863590452041091,0.010863590054214,False,3.9782709071456424e-10
ZDT1,387,0.038990998662137066,0.03540925681591034,True,0.003581741846226727
ZDT1,388,0.013579709229992479,0.013467581011354923,True,0.00011212821863755551
ZDT1,389,0.01410308498759097,0.014296574518084526,False,-0.00019348953049355688
ZDT1,390,0.047456524737912384,0.0474565252661705,False,-5.282581178045476e-10
ZDT1,391,0.08261412763136677,0.08261413127183914,False,-3.640472368005021e-09
ZDT1,392,0.01750963710181483,0.017664479091763496,False,-0.0001548419899486675
ZDT1,393,0.005998040069884539,0.005998040083795786,False,-1.3911247154219097e-11
ZDT1,394,0.06936550271075834,0.06901489198207855,True,0.0003506107286797844
ZDT1,395,0.01922428733779602,0.019224287942051888,False,-6.042558675645182e-10
ZDT1,396,0.020409390005245484,0.018900401890277863,True,0.0015089881149676215
ZDT1,397,0.17266776062041594,0.07914811372756958,True,0.09351964689284636
ZDT1,398,0.008299312793419389,0.008299312554299831,False,2.3911955748801006e-10
ZDT1,399,0.04808799032315708,0.04868708550930023,False,-0.0005990951861431504
ZDT1,400,0.015222157654653498,0.0155338104814291,False,-0.0003116528267756019
ZDT1,401,0.2829149841334485,0.26042068004608154,True,0.022494304087366968
ZDT1,402,0.23218605590446567,0.1957852691411972,True,0.03640078676326847
ZDT1,403,0.2242578400212776,0.22122472524642944,True,0.0030331147748481613
ZDT1,404,0.03520833917551815,0.01834835670888424,True,0.016859982466633908
ZDT1,405,0.03787020688846918,0.0369722843170166,True,0.0008979225714525751
ZDT1,406,0.06265905227876208,0.21368156373500824,False,-0.15102251145624618
ZDT1,407,0.18977385100388683,0.11899758875370026,True,0.07077626225018657
ZDT1,408,0.03762895285202095,0.03762895241379738,False,4.3822356854406053e-10
ZDT1,409,0.060099769303998185,0.04940049722790718,True,0.010699272076091004
ZDT1,410,0.027743270657605068,0.027743270620703697,False,3.690137084788603e-11
ZDT1,411,0.19684196857874167,0.19684197008609772,False,-1.5073560455380886e-09
ZDT1,412,0.0385604999625278,0.025295842438936234,True,0.013264657523591565
ZDT1,413,0.007139366967663555,0.010238060727715492,False,-0.0030986937600519376
ZDT1,414,0.03274868495973146,0.030381739139556885,True,0.0023669458201745763
ZDT1,415,0.06257872927242641,0.21967659890651703,False,-0.15709786963409061
ZDT1,416,0.07158962326999496,0.010430946946144104,True,0.06115867632385086
ZDT1,417,0.07756814928850654,0.08186964690685272,False,-0.004301497618346181
ZDT1,418,0.10942377791992225,0.07099015265703201,True,0.038433625262890236
ZDT1,419,0.03125993195111694,0.03150926157832146,False,-0.000249329627204517
ZDT1,420,-0.0017717479455549856,-0.00032439830829389393,False,-0.0014473496372610917
ZDT1,421,0.19009574119937211,0.18830512464046478,True,0.001790616558907332
ZDT1,422,-2.7075987342473073e-07,-2.7063563834417437e-07,False,-1.2423508055636745e-10
ZDT1,423,0.15131535233892002,0.100631944835186,True,0.05068340750373401
ZDT1,424,0.16914873985241385,0.13557389378547668,True,0.03357484606693717
ZDT1,425,0.16581578555209758,0.1263723522424698,True,0.039443433309627796
ZDT1,426,0.07953091649965933,0.07861404865980148,True,0.0009168678398578517
ZDT1,427,0.12372065032520292,0.11300283670425415,True,0.010717813620948771
ZDT1,428,0.0329081865142503,0.3182183802127838,False,-0.2853101936985335
ZDT1,429,0.17515196958438384,0.17083199322223663,True,0.004319976362147204
ZDT1,430,0.010008478351407515,0.008222868666052818,True,0.001785609685354697
ZDT1,431,0.039859750674534344,0.04006610065698624,False,-0.00020634998245189218
ZDT1,432,0.024548356603822763,0.024548357352614403,False,-7.48791639804125e-10
ZDT1,433,0.047285648469911054,0.0425584577023983,True,0.004727190767512754
ZDT1,434,0.04936294925662717,0.1854294389486313,False,-0.13606648969200413
ZDT1,435,0.04657517607884454,0.1828000247478485,False,-0.13622484866900397
ZDT1,436,0.11987153752462036,0.07479730993509293,True,0.045074227589527435
ZDT1,437,0.019789839766582842,0.048793308436870575,False,-0.029003468670287733
ZDT1,438,0.2277585608932423,0.22463098168373108,True,0.003127579209511233
ZDT1,439,0.04257532128159293,0.19394338130950928,False,-0.15136806002791636
ZDT1,440,0.11404125322575481,0.10823923349380493,True,0.005802019731949881
ZDT1,441,0.012053964551539856,0.012053964659571648,False,-1.0803179184559752e-10
ZDT1,442,0.20986552405155984,0.2093687653541565,True,0.0004967586974033433
ZDT1,443,0.016805451254578857,0.01705038547515869,False,-0.0002449342205798344
ZDT1,444,0.034126635400400715,0.034126635640859604,False,-2.404588889115544e-10
ZDT1,445,0.048707759399182995,0.03569026663899422,True,0.013017492760188779
ZDT1,446,0.03377109887014877,0.0337710976600647,False,1.210084074609874e-09
ZDT1,447,0.21538307351028108,0.0751756951212883,True,0.14020737838899278
ZDT1,448,0.23058252706599155,0.22088436782360077,True,0.009698159242390786
ZDT1,449,0.0702725374292407,0.07168703526258469,False,-0.0014144978333439917
ZDT1,450,0.2982727759495875,0.19634301960468292,True,0.10192975634490459
ZDT1,451,0.060096728539581826,0.060827985405921936,False,-0.0007312568663401103
ZDT1,452,0.2683156141532903,0.18381360173225403,True,0.08450201242103628
ZDT1,453,0.2203438011528301,0.20717208087444305,True,0.013171720278387034
ZDT1,454,-0.014818323069000466,-0.01358109712600708,False,-0.0012372259429933863
ZDT1,455,0.0436923388539778,0.04369233921170235,False,-3.5772454443083745e-10
ZDT1,456,0.056353190117339094,0.056353189051151276,False,1.066187818588027e-09
ZDT1,457,0.013012115052220385,0.0130121149122715,False,1.3994888581336795e-10
ZDT1,458,0.036220259811446304,0.0360233373939991,True,0.00019692241744720396
ZDT1,459,0.02776148614906007,0.028695877641439438,False,-0.0009343914923793661
ZDT1,460,0.02299067910055276,0.007571120746433735,True,0.015419558354119026
ZDT1,461,0.01692376805018428,0.01557475421577692,True,0.0013490138344073588
ZDT1,462,0.09710076927988234,0.07967443019151688,True,0.017426339088365467
ZDT1,463,0.21038070241695073,0.19599249958992004,True,0.014388202827030683
ZDT1,464,0.10979677913603322,0.06353554874658585,True,0.04626123038944738
ZDT1,465,0.10492998889774213,0.10492999106645584,False,-2.1687137086168207e-09
ZDT1,466,0.015708419754194375,0.012325339019298553,True,0.0033830807348958214
ZDT1,467,0.00289157044453274,0.0028915703296661377,False,1.1486660234094614e-10
ZDT1,468,0.37415345897578567,0.3374837338924408,True,0.03666972508334487
ZDT1,469,0.10919451018195489,0.07084940373897552,True,0.038345106442979365
ZDT1,470,0.2080893799584912,0.20709539949893951,True,0.00099398045955168
ZDT1,471,0.21182246008101657,0.21182246506214142,False,-4.981124845926388e-09
ZDT1,472,0.12629665970464912,0.05949220061302185,True,0.06680445909162727
ZDT1,473,0.03499894704494953,0.035128284245729446,False,-0.00012933720077991373
ZDT1,474,0.07253184949045265,0.07253184914588928,False,3.445633639520551e-10
ZDT1,475,0.19008461750858965,0.1834413707256317,True,0.00664324678295794
ZDT1,476,0.1190985409007288,0.11962159723043442,False,-0.0005230563297056179
ZDT1,477,0.1570253737673818,0.1570924073457718,False,-6.703357838999668e-05
ZDT1,478,0.09779273905609348,0.09753059595823288,True,0.00026214309786060097
ZDT1,479,0.06746641494784594,0.06746641546487808,False,-5.170321393244137e-10
ZDT1,480,0.17743268210959107,0.1716713011264801,True,0.005761380983110964
ZDT1,481,0.11397757834847518,0.11458461731672287,False,-0.0006070389682476945
ZDT1,482,0.1140492884459399,0.07619056105613708,True,0.03785872738980281
ZDT1,483,0.08454013823731568,0.08454013615846634,False,2.078849342668221e-09
ZDT1,484,0.1072375418206436,0.10724972188472748,False,-1.2180064083877618e-05
ZDT1,485,0.007380096522924012,0.007380096707493067,False,-1.8456905448438476e-10
ZDT1,486,0.028535711393594815,0.028535710647702217,False,7.458925976866482e-10
ZDT1,487,0.02773678086281131,0.029390202835202217,False,-0.001653421972390906
ZDT1,488,0.024356833560105304,0.02435683272778988,False,8.323154249145759e-10
ZDT1,489,0.10528695616576811,0.07470805943012238,True,0.030578896735645733
ZDT1,490,0.04093754404185271,0.041342318058013916,False,-0.0004047740161612079
ZDT1,491,0.0018312850673239817,0.0018537960713729262,False,-2.2511004048944572e-05
ZDT1,492,0.35397258023899786,0.3310244381427765,True,0.02294814209622137
ZDT1,493,0.0879602837448099,0.06486498564481735,True,0.023095298099992542
ZDT1,494,0.020120659454538906,0.020120659843087196,False,-3.8854829076395703e-10
ZDT1,495,0.16755828710092335,0.16776566207408905,False,-0.00020737497316569709
ZDT1,496,0.06030390910812176,0.039190806448459625,True,0.021113102659662132
ZDT1,497,0.07618550732349091,0.07618550956249237,False,-2.239001456461054e-09
ZDT1,498,-1.5039016695861385e-07,-1.5039016432183416e-07,False,-2.6367796834847468e-15
ZDT1,499,0.11207719874365397,0.11207719892263412,False,-1.789801501450583e-10
ZDT1,500,0.11641272907990027,0.11641272902488708,False,5.501318844913783e-11
ZDT1,501,0.005162972614871655,0.00579750956967473,False,-0.0006345369548030749
ZDT1,502,0.03375630553841058,0.033756304532289505,False,1.0061210753420369e-09
ZDT1,503,0.16693640443910093,0.1670752316713333,False,-0.00013882723223238025
ZDT1,504,0.3103993068797912,0.2903774082660675,True,0.02002189861372372
ZDT1,505,0.17086653450514866,0.17086653411388397,False,3.912646873160952e-10
ZDT1,506,0.1330419938005907,0.13325610756874084,False,-0.0002141137681501426
ZDT1,507,0.33144970753557346,0.2820836305618286,True,0.049366076973744843
ZDT1,508,0.23269043130249967,0.23108512163162231,True,0.0016053096708773529
ZDT1,509,0.022843692695481366,0.02482800930738449,False,-0.0019843166119031252
ZDT1,510,0.09843651178318172,0.06003464013338089,True,0.03840187164980083
ZDT1,511,0.170341000233848,0.1689932495355606,True,0.001347750698287381
ZDT1,512,0.0058616192476186185,0.005659652408212423,True,0.0002019668394061952
ZDT1,513,0.16726401573955274,0.16668164730072021,True,0.0005823684388325256
ZDT1,514,0.28908433855831883,0.2559981942176819,True,0.03308614434063695
ZDT1,515,0.18753065655190168,0.18422147631645203,True,0.0033091802354496547
ZDT1,516,0.03653331232370477,0.037455637007951736,False,-0.0009223246842469668
ZDT1,517,0.15911017400637212,0.11864399164915085,True,0.04046618235722127
ZDT1,518,0.12605743669450536,0.027715247124433517,True,0.09834218957007185
ZDT1,519,0.04122764885581599,0.04122764989733696,False,-1.041520966693632e-09
ZDT1,520,0.0847784646220992,0.05316048115491867,True,0.03161798346718053
ZDT1,521,0.3647513964850529,0.3298344910144806,True,0.0349169054705723
ZDT1,522,0.13365958769749778,0.13365958631038666,False,1.3871111204100117e-09
ZDT1,523,0.09844057196429515,0.0948992669582367,True,0.003541305006058454
ZDT1,524,0.4022476225193645,0.353937029838562,True,0.04831059268080251
ZDT1,525,0.1220345369174697,0.12203453481197357,False,2.105496124671369e-09
ZDT1,526,0.00411272432607751,0.003687793156132102,True,0.00042493116994540836
ZDT1,527,0.15252906481418296,0.15265397727489471,False,-0.00012491246071175133
ZDT1,528,0.31564154302748176,0.2690487802028656,True,0.04659276282461616
ZDT1,529,0.055827166082330654,0.05582716688513756,False,-8.028069042875785e-10
ZDT1,530,0.020854626823353914,0.020854627713561058,False,-8.902071441108106e-10
ZDT1,531,0.08855721129406302,0.0786961242556572,True,0.009861087038405825
ZDT1,532,0.16451205852442224,0.028764240443706512,True,0.13574781808071573
ZDT1,533,0.001846933184462135,0.0018469331553205848,False,2.9141550283995343e-11
ZDT1,534,0.06876865031985713,0.06876865029335022,False,2.6506907779833e-11
ZDT1,535,0.1259063802278318,0.06777098029851913,True,0.05813539992931266
ZDT1,536,0.17883803606731272,0.0695674791932106,True,0.10927055687410211
ZDT1,537,0.06126759060558995,0.061486829072237015,False,-0.0002192384666470648
ZDT1,538,0.12262117239085424,0.12275025248527527,False,-0.0001290800944210302
ZDT1,539,0.19207242282120063,0.19207242131233215,False,1.5088684746089598e-09
ZDT1,540,0.22940526301650344,0.22788920998573303,True,0.0015160530307704034
ZDT1,541,0.1339258544333069,0.13420049846172333,False,-0.00027464402841642643
ZDT1,542,0.10124441807026463,0.10139978677034378,False,-0.00015536870007915038
ZDT1,543,0.03153612111176207,0.029319122433662415,True,0.0022169986780996576
ZDT1,544,0.23399146836270837,0.2194906771183014,True,0.01450079124440698
ZDT1,545,0.3858061597293221,0.33635881543159485,True,0.049447344297727236
ZDT1,546,0.1310175797917285,0.131095752120018,False,-7.817232828949416e-05
ZDT1,547,0.13490309852565047,0.06871749460697174,True,0.06618560391867873
ZDT1,548,0.14923988619605288,0.020987432450056076,True,0.1282524537459968
ZDT1,549,0.10333730892518728,0.10333731025457382,False,-1.3293865452901343e-09
ZDT1,550,0.09106674309153645,0.07511525601148605,True,0.015951487080050397
ZDT1,551,0.08662498735252924,0.08662498742341995,False,-7.089070996890712e-11
ZDT1,552,0.3491657218246501,0.2911088764667511,True,0.05805684535789901
ZDT1,553,0.023786607521261972,0.02378660812973976,False,-6.084777889880932e-10
ZDT1,554,0.21476244337427508,0.20977260172367096,True,0.004989841650604121
ZDT1,555,0.20584884649216711,0.20429927110671997,True,0.001549575385447144
ZDT1,556,0.16255176964194495,0.1614425927400589,True,0.0011091769018860553
ZDT1,557,0.04195741794433194,0.04204580560326576,False,-8.83876589338195e-05
ZDT1,558,0.09038621644321815,0.09038621932268143,False,-2.8794632789264085e-09
ZDT1,559,0.06924830699721049,0.06924830377101898,False,3.2261915083875436e-09
ZDT1,560,0.4065499255956889,0.3463208079338074,True,0.06022911766188155
ZDT1,561,0.1014142043832579,0.10124655067920685,True,0.00016765370405105728
ZDT1,562,0.24784450689247578,0.22452107071876526,True,0.02332343617371052
ZDT1,563,0.052579148940700475,0.05257914960384369,False,-6.63143213952555e-10
ZDT1,564,0.3573234616151407,0.28440502285957336,True,0.07291843875556736
ZDT1,565,0.012205347453159994,0.012205347418785095,False,3.4374898760791694e-11
ZDT1,566,0.20921442446808713,0.20463111996650696,True,0.0045833045015801765
ZDT1,567,0.08384606463010813,0.05881013348698616,True,0.02503593114312197
ZDT1,568,0.3825478138438081,0.3429296314716339,True,0.03961818237217418
ZDT1,569,0.28061985011646307,0.2547565698623657,True,0.025863280254097343
ZDT1,570,0.3249011540474822,0.2980354130268097,True,0.026865741020672518
ZDT1,571,0.1160631223035874,0.11544016748666763,True,0.000622954816919763
ZDT1,572,0.08330731670801908,0.08330731838941574,False,-1.6813966607909236e-09
ZDT1,573,0.06924069617098892,0.06924069672822952,False,-5.572406008846897e-10
ZDT1,574,0.05668010176958088,0.054815832525491714,True,0.0018642692440891673
ZDT1,575,0.16920583579127113,0.06511740386486053,True,0.1040884319264106
ZDT1,576,0.11498788990183545,0.05367419496178627,True,0.06131369494004918
ZDT1,577,0.003717572585228729,0.0036995941773056984,True,1.7978407923030515e-05
ZDT1,578,0.008899062235016818,0.008899061940610409,False,2.944064089738241e-10
ZDT1,579,0.09235741797438163,0.0923740565776825,False,-1.6638603300866972e-05
ZDT1,580,0.4302102401638298,0.37207621335983276,True,0.05813402680399704
ZDT1,581,0.15860582234826015,0.15865197777748108,False,-4.6155429220928745e-05
ZDT1,582,0.14821771158881802,0.1482616364955902,False,-4.3924906772185857e-05
ZDT1,583,0.05804179006180007,0.053718872368335724,True,0.004322917693464344
ZDT1,584,0.24674739094545467,0.23527173697948456,True,0.011475653965970112
ZDT1,585,0.15610266641243972,0.047502677887678146,True,0.10859998852476158
ZDT1,586,0.1706768727513304,0.16772474348545074,True,0.0029521292658796494
ZDT1,587,0.19691853064597253,0.18624891340732574,True,0.010669617238646789
ZDT1,588,0.1737555755944727,0.17375557124614716,False,4.3483255329768156e-09
ZDT1,589,0.19445436789290352,0.1593179702758789,True,0.03513639761702461
ZDT1,590,0.025960043978356245,0.0259600430727005,False,9.056557448428038e-10
ZDT1,591,0.007829278102802532,0.0038285288028419018,True,0.004000749299960631
ZDT1,592,0.015904057266599887,0.014212045818567276,True,0.0016920114480326112
ZDT1,593,0.10102064978658504,0.10106833279132843,False,-4.768300474339293e-05
ZDT1,594,0.18555853197029598,0.18571573495864868,False,-0.0001572029883527004
ZDT1,595,0.1998880786877401,0.15989950299263,True,0.03998857569511011
ZDT1,596,0.1495752762580456,0.08692410588264465,True,0.06265117037540094
ZDT1,597,0.062287035290845054,0.060095399618148804,True,0.00219163567269625
ZDT1,598,0.06861936942155616,0.019707486033439636,True,0.04891188338811653
ZDT1,599,0.14690372852802108,0.0891641229391098,True,0.05773960558891128
ZDT1,600,0.16782440325648054,0.1663612723350525,True,0.001463130921428052
ZDT1,601,0.1777316026108079,0.10645503550767899,True,0.07127656710312891
ZDT1,602,0.01090721551088139,0.0072784884832799435,True,0.003628727027601447
ZDT1,603,0.0343742702860336,0.022524893283843994,True,0.011849377002189604
ZDT3,1,-0.02063498850106882,-0.020634988322854042,False,-1.7821477626966953e-10
ZDT3,2,0.06168399456007029,0.06168399378657341,False,7.734968776595963e-10
ZDT3,3,0.021647210735724398,0.021705102175474167,False,-5.7891439749768736e-05
ZDT3,4,0.08326803623640022,0.07786904275417328,True,0.005398993482226944
ZDT3,5,0.1766288292411869,0.17662882804870605,False,1.1924808362984152e-09
ZDT3,6,0.21230822736494667,0.2124626785516739,False,-0.00015445118672721692
ZDT3,7,0.08285672221823137,0.08285672217607498,False,4.215638949034428e-11
ZDT3,8,0.18652615055983043,0.18652492761611938,True,1.2229437110489183e-06
ZDT3,9,0.1662275124524875,0.1662275195121765,False,-7.059689000055158e-09
ZDT3,10,0.18960861338435894,0.1896086186170578,False,-5.232698857549067e-09
ZDT3,11,0.16427862488005013,0.16427862644195557,False,-1.5619054383186892e-09
ZDT3,12,0.09314484505088944,0.09314484149217606,False,3.5587133795367265e-09
ZDT3,13,0.14241558109125152,0.1424155831336975,False,-2.042445990113606e-09
ZDT3,14,0.10285345966581028,0.10285346210002899,False,-2.4342187154857697e-09
ZDT3,15,0.0018463614343442458,0.0018463614396750927,False,-5.330846875040152e-12
ZDT3,16,0.11770797167209757,0.11770797520875931,False,-3.536661741243563e-09
ZDT3,17,0.0265924927482889,0.026592493057250977,False,-3.0896207814379295e-10
ZDT3,18,0.15260254325219147,0.15260253846645355,False,4.785737917067934e-09
ZDT3,19,0.1208200202299119,0.1211690753698349,False,-0.00034905513992300463
ZDT3,20,0.11054520254163291,0.11054520308971405,False,-5.480811360314419e-10
ZDT3,21,0.023205397646986814,0.02320539765059948,False,-3.6126657221302594e-12
ZDT3,22,0.034160073813661374,0.0341600738465786,False,-3.291722450171619e-11
ZDT3,23,0.11669708068981544,0.11669708043336868,False,2.5644675272218365e-10
ZDT3,24,0.046777770218228265,0.046777769923210144,False,2.9501812104371083e-10
ZDT3,25,0.06721180758516371,0.0672118067741394,False,8.110243032710684e-10
ZDT3,26,0.012054697889596844,0.01205469761043787,False,2.791589737149991e-10
ZDT3,27,0.05024444088888297,0.0484466515481472,True,0.001797789340735767
ZDT3,28,0.12918194450764003,0.12918195128440857,False,-6.776768535221578e-09
ZDT3,29,0.10205106047818441,0.10244597494602203,False,-0.00039491446783762596
ZDT3,30,0.10987412273773373,0.10987412184476852,False,8.929652017819478e-10
ZDT3,31,0.12260673442477399,0.12315058708190918,False,-0.0005438526571351909
ZDT3,32,0.051268049519407166,0.05126804858446121,False,9.349459539897964e-10
ZDT3,33,0.06147909185271283,0.06147909164428711,False,2.0842572112655944e-10
ZDT3,34,0.052388073543164326,0.05238807201385498,False,1.5293093458268459e-09
ZDT3,35,0.06533244859257481,0.06533244997262955,False,-1.3800547371545235e-09
ZDT3,36,0.04113890309472151,0.0411389023065567,False,7.881648111940365e-10
ZDT3,37,0.07198606732310225,0.07198606431484222,False,3.008260029968568e-09
ZDT3,38,0.10790457182601643,0.10790456831455231,False,3.5114641194766705e-09
ZDT3,39,0.0743463205872768,0.07434631884098053,False,1.746296274252046e-09
ZDT3,40,-0.027369325993701232,-0.021034132689237595,False,-0.006335193304463638
ZDT3,41,0.009543725528594504,0.009543725289404392,False,2.39190112161225e-10
ZDT3,42,0.09401099166235888,0.09401099383831024,False,-2.1759513635366545e-09
ZDT3,43,0.11184052937301497,0.11184053122997284,False,-1.856957865253861e-09
ZDT3,44,0.08565217946983622,0.0856521800160408,False,-5.462045815640693e-10
ZDT3,45,0.09380355898945492,0.09380356222391129,False,-3.2344563694053363e-09
ZDT3,46,0.0624081892801136,0.062408190220594406,False,-9.404808043456114e-10
ZDT3,47,0.1287457509635197,0.12874574959278107,False,1.370738633710289e-09
ZDT3,48,0.07602691276180656,0.07602690905332565,False,3.7084809112464256e-09
ZDT3,49,0.05591944707369051,0.05591944605112076,False,1.0225697510968246e-09
ZDT3,50,0.11709005253679006,0.11335830390453339,True,0.0037317486322566706
ZDT3,51,0.10878802708190055,0.10788899660110474,True,0.0008990304807958149
ZDT3,52,-5.016982574934659e-07,-5.016982527195069e-07,False,-4.773959005888173e-15
ZDT3,53,0.07800683591330276,0.07800683379173279,False,2.1215699752552553e-09
ZDT3,54,0.10385066465851528,0.10432736575603485,False,-0.0004767010975195718
ZDT3,55,-0.0010011514926219767,-0.0010007709497585893,False,-3.8054286338740084e-07
ZDT3,56,0.0008170193964271988,0.0008170193759724498,False,2.0454749005693884e-11
ZDT3,57,0.14228771315384353,0.14100660383701324,True,0.0012811093168302867
ZDT3,58,0.05023039229323578,0.05023039132356644,False,9.69669344819124e-10
ZDT3,59,0.12381166120111103,0.11501546204090118,True,0.00879619916020985
ZDT3,60,0.07151022564193621,0.07197082787752151,False,-0.00046060223558530566
ZDT3,61,0.14044157732912904,0.11012048274278641,True,0.030321094586342634
ZDT3,62,0.06602466166853033,0.06569692492485046,True,0.00032773674367986283
ZDT3,63,0.00617894685333692,0.006178946699947119,False,1.533898008609924e-10
ZDT3,64,0.10581425209413348,0.10672711580991745,False,-0.0009128637157839736
ZDT3,65,0.0486987227996557,0.04869872331619263,False,-5.165369243442797e-10
ZDT3,66,0.10414850827160987,0.1041485071182251,False,1.1533847765754501e-09
ZDT3,67,0.049581288819845026,0.049581289291381836,False,-4.715368095986605e-10
ZDT3,68,0.10940400046579574,0.11070575565099716,False,-0.0013017551852014253
ZDT3,69,0.008464481025735437,0.008464480750262737,False,2.754727002063362e-10
ZDT3,70,-0.024412752402461213,-0.02441275306046009,False,6.57998877606758e-10
ZDT3,71,0.008873065571555316,0.00896238349378109,False,-8.93179222257734e-05
ZDT3,72,0.08471248123138608,0.5570332407951355,False,-0.4723207595637494
ZDT3,73,0.1410000760056882,0.12288796901702881,True,0.018112106988659393
ZDT3,74,7.644728026168224e-07,0.043130628764629364,False,-0.04312986429182675
ZDT3,75,0.042375581402952056,0.042375583201646805,False,-1.7986947487003135e-09
ZDT3,76,0.03973126475167116,0.03973126411437988,False,6.372912753072058e-10
ZDT3,77,0.09602887220042067,0.0960288718342781,False,3.6614256071487716e-10
ZDT3,78,0.061347395708905184,0.061347395181655884,False,5.272492997754341e-10
ZDT3,79,0.058525963177663176,0.05785709619522095,True,0.0006688669824422289
ZDT3,80,0.053837360358684805,0.053837358951568604,False,1.4071162013351568e-09
ZDT3,81,0.048360775178348636,0.04836077615618706,False,-9.778384213454672e-10
ZDT3,82,0.04710513471912631,0.04710513353347778,False,1.185648523804872e-09
ZDT3,83,0.11730343536748078,0.11618391424417496,True,0.0011195211233058222
ZDT3,84,0.010149664809083137,0.010149665176868439,False,-3.677853022132638e-10
ZDT3,85,0.09159861880679482,0.09159862250089645,False,-3.694101635698388e-09
ZDT3,86,0.11346815210105282,0.13830098509788513,False,-0.02483283299683231
ZDT3,87,0.006746690030142888,0.006746690254658461,False,-2.245155727997883e-10
ZDT3,88,0.03574063040738912,0.035740628838539124,False,1.568849994360022e-09
ZDT3,89,0.00668798947811633,0.006687989458441734,False,1.9674595286289787e-11
ZDT3,90,0.06703766760738045,0.0670376643538475,False,3.2535329430594118e-09
ZDT3,91,0.04125712820557326,0.04125712811946869,False,8.61045679201311e-11
ZDT3,92,0.1068152897032218,0.105155348777771,True,0.001659940925450798
ZDT3,93,0.11539229464405554,0.11220715939998627,True,0.0031851352440692704
ZDT3,94,0.04982476920399692,0.04982477053999901,False,-1.3360020867381195e-09
ZDT3,95,0.10899154374520417,0.11397697031497955,False,-0.004985426569775381
ZDT3,96,0.04360338935411551,0.04360339045524597,False,-1.1011304645869302e-09
ZDT3,97,0.11003604547066642,0.11003604531288147,False,1.5778495177087848e-10
ZDT3,98,0.11294357931339871,0.11294358223676682,False,-2.9233681031470837e-09
ZDT3,99,0.12709741490665027,0.1072089746594429,True,0.019888440247207373
ZDT3,100,0.01768249389427695,0.017682494595646858,False,-7.013699065971934e-10
ZDT3,101,0.06968821845749079,0.06566058844327927,True,0.004027630014211525
ZDT3,102,-1.7876611463352177e-07,-1.7876611480005522e-07,False,1.6653345369377348e-16
ZDT3,103,0.0821949455020112,0.08219494670629501,False,-1.2042838115622345e-09
ZDT3,104,0.004552168269803869,0.004552168305963278,False,-3.6159408800529036e-11
ZDT3,105,0.03522214882606112,0.03522215038537979,False,-1.5593186741824638e-09
ZDT3,106,0.10555765564566044,0.08368289470672607,True,0.021874760938934368
ZDT3,107,0.11036976307262736,0.11036976426839828,False,-1.1957709267207406e-09
ZDT3,108,0.05371124592043586,0.05400445684790611,False,-0.00029321092747025546
ZDT3,109,0.02382631809601632,0.023826317861676216,False,2.3434010287815e-10
ZDT3,110,0.05651864130639023,0.056518640369176865,False,9.372133624729884e-10
ZDT3,111,0.10333567470967608,0.1033356711268425,False,3.5828335853693716e-09
ZDT3,112,0.05761905432375092,0.05761905387043953,False,4.5331138842641394e-10
ZDT3,113,0.07086871260552113,0.07086871564388275,False,-3.0383616178575323e-09
ZDT3,114,0.047503203256018256,0.04750320315361023,False,1.0240802650329783e-10
ZDT3,115,0.055674133703339734,0.05567413195967674,False,1.7436629917710889e-09
ZDT3,116,0.11223948892076072,0.09843602776527405,True,0.013803461155486668
ZDT3,117,0.026914577958053854,0.026914577931165695,False,2.688815836648928e-11
ZDT3,118,0.03174261837767295,0.03174261748790741,False,8.897655390249781e-10
ZDT3,119,0.0579422941982016,0.057939089834690094,True,3.204363511505326e-06
ZDT3,120,0.07299091273446817,0.07299090921878815,False,3.515680024879231e-09
ZDT3,121,0.14331169575471173,0.12713830173015594,True,0.01617339402455578
ZDT3,122,0.02873770990010016,0.028737710788846016,False,-8.887458546880111e-10
ZDT3,123,0.10120847373897268,0.10120847076177597,False,2.977196711384522e-09
ZDT3,124,0.1391981903809839,0.13531646132469177,True,0.003881729056292138
ZDT3,125,0.11419432331807158,0.11419432610273361,False,-2.784662028743057e-09
ZDT3,126,0.10523003645561307,0.10523003339767456,False,3.057938513517655e-09
ZDT3,127,0.06194678270287618,0.06194678321480751,False,-5.119313306600759e-10
ZDT3,128,0.11484465087414247,0.11465850472450256,True,0.00018614614963990972
ZDT3,129,0.020350031862093,0.020350031554698944,False,3.073940546549636e-10
ZDT3,130,0.10864055736296147,0.11085233837366104,False,-0.002211781010699576
ZDT3,131,0.09779576591370492,0.097795769572258,False,-3.6585530716060077e-09
ZDT3,132,0.039064822753537565,0.03906482458114624,False,-1.8276086755086851e-09
ZDT3,133,0.10866239742304129,0.10598024725914001,True,0.0026821501639012757
ZDT3,134,0.028617625937720492,0.028617626056075096,False,-1.183546038951988e-10
ZDT3,135,0.043027247140506375,0.04296762868762016,True,5.961845288621204e-05
ZDT3,136,0.03703722491596895,0.03703722357749939,False,1.338469557410349e-09
ZDT3,137,0.09743989061559194,0.2832769751548767,False,-0.18583708453928477
ZDT3,138,0.14646258433879958,0.10770886391401291,True,0.03875372042478667
ZDT3,139,0.10564110884378558,0.1084662452340126,False,-0.0028251363902270232
ZDT3,140,0.11186962096534991,0.11186961829662323,False,2.668726684085243e-09
ZDT3,141,0.01620580268560129,0.0162058025598526,False,1.2574868923920235e-10
ZDT3,142,0.03245482381244097,0.03247154504060745,False,-1.6721228166483026e-05
ZDT3,143,0.016756467180344292,0.016756467521190643,False,-3.408463511433979e-10
ZDT3,144,0.0999619806737998,0.09983929246664047,True,0.00012268820715932716
ZDT3,145,0.10571143312495318,0.105711430311203,False,2.8137501772995677e-09
ZDT3,146,0.08577316172166863,0.08613106608390808,False,-0.0003579043622394529
ZDT3,147,0.2602808618087988,0.2602808475494385,False,1.4259360303636726e-08
ZDT3,148,0.26322805597200755,0.2621647119522095,True,0.0010633440197980737
ZDT3,149,0.1650955942396428,0.11167927831411362,True,0.05341631592552917
ZDT3,150,0.07464097568828287,0.07464097440242767,False,1.285855200094943e-09
ZDT3,151,0.03636478413919819,0.036364782601594925,False,1.537603266932308e-09
ZDT3,152,0.06198604069756028,0.48400580883026123,False,-0.4220197681327009
ZDT3,153,0.09818497590033509,0.0981849730014801,False,2.898854989386024e-09
ZDT3,154,0.10724590845138166,0.10724590718746185,False,1.2639198021524578e-09
ZDT3,155,0.010273858678653436,0.010273858904838562,False,-2.261851261842196e-10
ZDT3,156,0.10871357119232727,0.10885840654373169,False,-0.0001448353514044154
ZDT3,157,0.02051919167096039,0.020519191399216652,False,2.7174373862237644e-10
ZDT3,158,0.09789361570013533,0.09800644218921661,False,-0.00011282648908128579
ZDT3,159,0.028541438585366063,0.028278684243559837,True,0.00026275434180622614
ZDT3,160,0.10539405698671814,0.23176942765712738,False,-0.12637537067040924
ZDT3,161,0.05241175802221787,0.0524117574095726,False,6.126452678500982e-10
ZDT3,162,-0.01439293336148989,-0.014392933808267117,False,4.467772263261338e-10
ZDT3,163,0.08260818678264181,0.0826081857085228,False,1.0741190159535563e-09
ZDT3,164,0.11325653380193645,0.11325653642416,False,-2.6222235494088864e-09
ZDT3,165,0.04898028906100271,0.048980288207530975,False,8.534717377273182e-10
ZDT3,166,0.11302002712937259,0.1072809025645256,True,0.005739124564846987
ZDT3,167,0.07708009373067601,0.07788454741239548,False,-0.0008044536817194692
ZDT3,168,0.05716438658007805,0.05716438591480255,False,6.652755013547562e-10
ZDT3,169,0.09862401771695556,0.0988684818148613,False,-0.00024446409790573886
ZDT3,170,0.09632680367760446,0.26245251297950745,False,-0.16612570930190299
ZDT3,171,0.3243210675273934,0.3233058750629425,True,0.0010151924644509203
ZDT3,172,0.11789854650906917,0.11789854615926743,False,3.498017431269318e-10
ZDT3,173,0.03584250991668758,0.03584250807762146,False,1.8390661216116655e-09
ZDT3,174,0.04297852993170123,0.04297852888703346,False,1.0446677689568418e-09
ZDT3,175,0.10722170624507518,0.10722170770168304,False,-1.4566078621047751e-09
ZDT3,176,-1.9695745329117997e-07,-1.9695745834269474e-07,False,5.051514762044462e-15
ZDT3,177,0.11014272533395036,0.11075729131698608,False,-0.0006145659830357197
ZDT3,178,0.10757004928737435,0.10254264622926712,True,0.005027403058107227
ZDT3,179,0.393861942849706,0.39386194944381714,False,-6.5941111460077195e-09
ZDT3,180,0.10303333954266308,0.12752310931682587,False,-0.024489769774162784
ZDT3,181,0.052250539786471595,0.05339916795492172,False,-0.0011486281684501276
ZDT3,182,0.11324294393531806,0.11324294656515121,False,-2.6298331567975453e-09
ZDT3,183,0.025956709218170337,0.025956708937883377,False,2.8028696030801825e-10
ZDT3,184,0.06604874580786221,0.06610728800296783,False,-5.8542195105620864e-05
ZDT3,185,0.15769942966835412,0.11755461245775223,True,0.040144817210601896
ZDT3,186,0.14190432201914177,0.14155878126621246,True,0.0003455407529293075
ZDT3,187,0.057949622174797544,0.057949621230363846,False,9.44433697913638e-10
ZDT3,188,0.11139578619843463,0.11160825192928314,False,-0.0002124657308485156
ZDT3,189,0.25228537651967875,0.2478076070547104,True,0.004477769464968362
ZDT3,190,0.0796284962818603,0.07345236837863922,True,0.006176127903221085
ZDT3,191,0.0214047468328753,0.018813660368323326,True,0.0025910864645519727
ZDT3,192,0.042090865572752656,0.04209086671471596,False,-1.1419633016984676e-09
ZDT3,193,0.1117039728771583,0.10691466927528381,True,0.0047893036018744894
ZDT3,194,0.10041265138068398,0.10041265189647675,False,-5.15792769606449e-10
ZDT3,195,0.053880309698094236,0.05407481640577316,False,-0.00019450670767892642
ZDT3,196,0.08951831901379986,0.09040563553571701,False,-0.0008873165219171475
ZDT3,197,0.10105600035741219,0.10489632189273834,False,-0.003840321535326152
ZDT3,198,0.07627460719599685,0.06899989396333694,True,0.007274713232659907
ZDT3,199,0.10485353944106507,0.1048535406589508,False,-1.2178857367040052e-09
ZDT3,200,0.05440458022168862,0.05440457910299301,False,1.1186956083708566e-09
ZDT3,201,0.13174110325014526,0.11369331181049347,True,0.018047791439651795
ZDT3,202,0.04150773033042107,0.04150773212313652,False,-1.7927154483121654e-09
ZDT3,203,0.10719511533796763,0.10719511657953262,False,-1.2415649897068448e-09
ZDT3,204,0.10176355462277406,0.10862559825181961,False,-0.00686204362904555
ZDT3,205,0.028437582530826816,0.028437582775950432,False,-2.451236158496073e-10
ZDT3,206,0.10262617224981754,0.10341000556945801,False,-0.0007838333196404645
ZDT3,207,0.03637436475680206,0.03637436404824257,False,7.08559488860061e-10
ZDT3,208,0.0442709484742258,0.04436296597123146,False,-9.201749700565864e-05
ZDT3,209,0.12934654816818003,0.11334919184446335,True,0.015997356323716683
ZDT3,210,0.1110538304448972,0.10830751806497574,True,0.002746312379921456
ZDT3,211,0.06369278686326757,0.06369278579950333,False,1.0637642433586336e-09
ZDT3,212,0.06584476511545681,0.06811783462762833,False,-0.002273069512171516
ZDT3,213,0.04838619861883264,0.05031966790556908,False,-0.0019334692867364334
ZDT3,214,0.03453564293638539,0.034535642713308334,False,2.2307705682678147e-10
ZDT3,215,0.10302352382556462,0.10302352160215378,False,2.2234108443264233e-09
ZDT3,216,0.11414790381839102,0.11048343777656555,True,0.003664466041825465
ZDT3,217,0.03786188293204423,0.03597475215792656,True,0.0018871307741176735
ZDT3,218,0.09604410702076041,0.08652985841035843,True,0.009514248610401982
ZDT3,219,0.04199545391838949,0.038668494671583176,True,0.003326959246806316
ZDT3,220,0.06648926754738638,0.06648926436901093,False,3.178375451717841e-09
ZDT3,221,0.08883500087652882,0.08883500099182129,False,-1.1529247001540455e-10
ZDT3,222,0.12365291326381528,0.11883758008480072,True,0.004815333179014558
ZDT3,223,0.04233674381999336,0.04530305415391922,False,-0.002966310333925859
ZDT3,224,0.024126890971773784,0.024126891046762466,False,-7.498868193067665e-11
ZDT3,225,0.12535524812104806,0.10767725855112076,True,0.017677989569927305
ZDT3,226,0.18438066418769192,0.1553349792957306,True,0.029045684891961326
ZDT3,227,0.0658154407511698,0.3507700562477112,False,-0.2849546154965414
ZDT3,228,0.043693669748340935,0.0436936691403389,False,6.080020376053596e-10
ZDT3,229,0.11932318140858744,0.11181792616844177,True,0.00750525524014567
ZDT3,230,0.05929947909756672,0.05929948017001152,False,-1.0724447996324216e-09
ZDT3,231,0.08134354300485289,0.08833380788564682,False,-0.006990264880793934
ZDT3,232,0.07435739980953057,0.3028193712234497,False,-0.22846197141391913
ZDT3,233,0.33485704266687905,0.33043235540390015,True,0.004424687262978899
ZDT3,234,0.06202278218269219,0.06245098635554314,False,-0.00042820417285094337
ZDT3,235,0.06205830073485363,0.06205829977989197,False,9.549616653004023e-10
ZDT3,236,0.053675232021586194,0.0547206737101078,False,-0.001045441688521609
ZDT3,237,0.04271348122633675,0.04098570719361305,True,0.0017277740327237001
ZDT3,238,-1.8486879641010923e-07,-1.8486879582724214e-07,False,-5.828670879282072e-16
ZDT3,239,0.05132651983733616,0.05209286883473396,False,-0.0007663489973978033
ZDT3,240,0.039065717422538226,0.03906571865081787,False,-1.228279644660546e-09
ZDT3,241,0.05907477530334215,0.048479627817869186,True,0.010595147485472967
ZDT3,242,0.15575233046082587,0.11091622710227966,True,0.04483610335854621
ZDT3,243,0.1382646879953175,0.08362870663404465,True,0.054635981361272845
ZDT3,244,0.10090029650682894,0.100276418030262,True,0.000623878476566947
ZDT3,245,0.04815888844000504,0.04871617630124092,False,-0.0005572878612358778
ZDT3,246,0.08154092818750222,0.08398298174142838,False,-0.0024420535539261545
ZDT3,247,0.050471536566268876,0.05047153681516647,False,-2.488975969772156e-10
ZDT3,248,0.07642950601112239,0.07919026166200638,False,-0.0027607556508839892
ZDT3,249,0.32763396333196837,0.32285335659980774,True,0.0047806067321606305
ZDT3,250,0.1114697142244124,0.11174671351909637,False,-0.00027699929468397166
ZDT3,251,0.15157729323074323,0.14950387179851532,True,0.002073421432227912
ZDT3,252,0.04894346982301728,0.048943471163511276,False,-1.3404939935846016e-09
ZDT3,253,0.01709242318351792,0.01719401776790619,False,-0.0001015945843882704
ZDT3,254,0.14052466873610084,0.13352233171463013,True,0.0070023370214707115
ZDT3,255,0.1074247327845213,0.10985051840543747,False,-0.0024257856209161655
ZDT3,256,0.07100419484367784,0.07100419700145721,False,-2.157779371847468e-09
ZDT3,257,0.16307179498880758,0.11042623966932297,True,0.052645555319484616
ZDT3,258,0.1035497731787055,0.10644734650850296,False,-0.0028975733297974537
ZDT3,259,0.13143552755039548,0.11753261089324951,True,0.013902916657145964
ZDT3,260,0.10844141035146637,0.10844141244888306,False,-2.0974166847764764e-09
ZDT3,261,0.10895007796527861,0.11006594449281693,False,-0.0011158665275383117
ZDT3,262,0.2495159855067991,0.24951598048210144,False,5.024697657951549e-09
ZDT3,263,0.007587184460145724,0.00758718466386199,False,-2.0371626607840199e-10
ZDT3,264,0.039740948789352054,0.039740949869155884,False,-1.0798038296844226e-09
ZDT3,265,0.008306311505389352,0.008306311443448067,False,6.194128543413058e-11
ZDT3,266,0.2028165191151272,0.13604773581027985,True,0.06676878330484734
ZDT3,267,0.013383482611304981,0.013383482582867146,False,2.8437835419836688e-11
ZDT3,268,0.08429989334528543,0.06775069236755371,True,0.016549200977731715
ZDT3,269,0.24648202937654276,0.24477680027484894,True,0.0017052291016938226
ZDT3,270,0.10932199237574253,0.10932198911905289,False,3.2566896401853285e-09
ZDT3,271,0.036268203980229535,0.03626929596066475,False,-1.0919804352138573e-06
ZDT3,272,0.08864948968523689,0.08869360387325287,False,-4.4114188015975664e-05
ZDT3,273,0.10399754209520717,0.10399754345417023,False,-1.3589630531996022e-09
ZDT3,274,0.23796102461342136,0.23662115633487701,True,0.0013398682785443483
ZDT3,275,0.05415338842100073,0.05415339022874832,False,-1.807747590509834e-09
ZDT3,276,0.05778160612384334,0.055174171924591064,True,0.002607434199252273
ZDT3,277,0.03642078278517408,0.036420781165361404,False,1.619812672881693e-09
ZDT3,278,0.3013343012938112,0.29894110560417175,True,0.0023931956896394713
ZDT3,279,0.06007770749543759,0.06007770821452141,False,-7.190838202664196e-10
ZDT3,280,0.1096611595389447,0.10966116189956665,False,-2.3606219479166413e-09
ZDT3,281,0.11132954261763062,0.1124555692076683,False,-0.0011260265900376876
ZDT3,282,0.10804554911063768,0.11631328612565994,False,-0.008267737015022258
ZDT3,283,0.02809009713552399,0.030519993975758553,False,-0.0024298968402345633
ZDT3,284,0.04778441289909463,0.048476725816726685,False,-0.0006923129176320542
ZDT3,285,0.11082983953523529,0.11139130592346191,False,-0.000561466388226628
ZDT3,286,0.12863706947249712,0.11477360129356384,True,0.013863468178933275
ZDT3,287,0.22056883808435968,0.11801569908857346,True,0.10255313899578622
ZDT3,288,0.028978457901937094,0.03006628528237343,False,-0.0010878273804363348
ZDT3,289,0.053595537619369915,0.053595539182424545,False,-1.5630546301714787e-09
ZDT3,290,0.11498981810336348,0.1153290644288063,False,-0.00033924632544282685
ZDT3,291,0.020740164455638616,0.0213059950619936,False,-0.0005658306063549834
ZDT3,292,0.10801635217151487,0.2540646195411682,False,-0.14604826736965335
ZDT3,293,0.29727736191803106,0.2697059214115143,True,0.027571440506516776
ZDT3,294,0.03269977931541376,0.03278583660721779,False,-8.605729180402588e-05
ZDT3,295,0.024844034944090543,0.024540647864341736,True,0.00030338707974880696
ZDT3,296,0.02938866644019833,0.028082694858312607,True,0.0013059715818857232
ZDT3,297,0.12730445904572008,0.12583960592746735,True,0.0014648531182527291
ZDT3,298,0.10533366179949782,0.1059575304389,False,-0.0006238686394021697
ZDT3,299,0.10544831761491244,0.11711600422859192,False,-0.011667686613679479
ZDT3,300,0.11463455417810806,0.11489593237638474,False,-0.0002613781982766794
ZDT3,301,0.026028309039275305,0.02605493739247322,False,-2.662835319791612e-05
ZDT3,302,0.11421323932240207,0.153163880109787,False,-0.038950640787384916
ZDT3,303,0.094631053721599,0.09463105350732803,False,2.1427096208448404e-10
ZDT3,304,0.08124166121394777,0.2872679829597473,False,-0.20602632174579955
ZDT3,305,0.04689578950357659,0.04770074412226677,False,-0.000804954618690179
ZDT3,306,0.13910508136094415,0.11165667325258255,True,0.027448408108361605
ZDT3,307,0.11255343251267515,0.11662039160728455,False,-0.004066959094609399
ZDT3,308,0.11902755405632702,0.11902755498886108,False,-9.325340638577373e-10
ZDT3,309,0.11690539653191001,0.12081471085548401,False,-0.003909314323573998
ZDT3,310,0.09573117397790107,0.09573117643594742,False,-2.4580463497958505e-09
ZDT3,311,0.06375528036332338,0.049872301518917084,True,0.013882978844406299
ZDT3,312,0.11825133688739757,0.12006384134292603,False,-0.0018125044555284547
ZDT3,313,0.12166740883221078,0.11216232925653458,True,0.0095050795756762
ZDT3,314,0.29355891509597076,0.2926701605319977,True,0.0008887545639730821
ZDT3,315,0.027232017795971675,0.027232017368078232,False,4.2789344290028453e-10
ZDT3,316,0.1646678492445594,0.13739249110221863,True,0.027275358142340778
ZDT3,317,0.034211227808328776,0.034966886043548584,False,-0.0007556582352198082
ZDT3,318,0.1099880899632227,0.10997923463582993,True,8.855327392767731e-06
ZDT3,319,0.11384964559543906,0.11389512568712234,False,-4.548009168328648e-05
ZDT3,320,0.1108637093756041,0.11124107986688614,False,-0.0003773704912820447
ZDT3,321,0.08111880246225833,0.08171520382165909,False,-0.0005964013594007556
ZDT3,322,0.1161446504375438,0.11614464968442917,False,7.531146262174104e-10
ZDT3,323,-0.06571461494966682,-0.06549621373414993,False,-0.00021840121551688907
ZDT3,324,0.011412532121741537,0.011097392067313194,True,0.00031514005442834225
ZDT3,325,0.21025517302848293,0.20610442757606506,True,0.004150745452417864
ZDT3,326,0.23718537962347047,0.2367667257785797,True,0.0004186538448907595
ZDT3,327,0.26824626364286197,0.26718786358833313,True,0.0010584000545288408
ZDT3,328,0.15703091527979995,0.09611722081899643,True,0.060913694460803525
ZDT3,329,0.04756487430199066,0.047564875334501266,False,-1.0325106047925914e-09
ZDT3,330,0.09153944945225945,0.0949878841638565,False,-0.0034484347115970593
ZDT3,331,0.03394449566814911,0.03576783835887909,False,-0.0018233426907299788
ZDT3,332,0.30163965446296864,0.2563401758670807,True,0.045299478595887954
ZDT3,333,0.2110448030846077,0.21032008528709412,True,0.0007247177975135966
ZDT3,334,0.04890378776135362,0.048607297241687775,True,0.0002964905196658485
ZDT3,335,0.26178775002211796,0.25893834233283997,True,0.002849407689277994
ZDT3,336,0.09434744527596632,0.10963728278875351,False,-0.015289837512787188
ZDT3,337,0.03639067461655103,0.036659855395555496,False,-0.0002691807790044659
ZDT3,338,0.21051734857315302,0.11866382509469986,True,0.09185352347845316
ZDT3,339,0.00941602084366705,0.009344435296952724,True,7.15855467143256e-05
ZDT3,340,0.07994303680599224,0.07994303852319717,False,-1.7172049338043394e-09
ZDT3,341,0.17891244575182347,0.11204826831817627,True,0.0668641774336472
ZDT3,342,0.027734903361112978,0.02732669562101364,True,0.0004082077400993367
ZDT3,343,0.039753401283132,0.04175721853971481,False,-0.0020038172565828155
ZDT3,344,0.11711919590271214,0.11016971617937088,True,0.006949479723341256
ZDT3,345,0.14855137741010221,0.11292855441570282,True,0.035622822994399395
ZDT3,346,0.3201025244225033,0.2421097457408905,True,0.0779927786816128
ZDT3,347,0.333719078453242,0.2868809401988983,True,0.046838138254343686
ZDT3,348,0.12030840763206109,0.10756009817123413,True,0.01274830946082696
ZDT3,349,0.051089548487233,0.039668310433626175,True,0.011421238053606828
ZDT3,350,0.03698285989848825,0.03656292334198952,True,0.00041993655649873174
ZDT3,351,0.056447857210235014,0.05902998521924019,False,-0.0025821280090051746
ZDT3,352,0.26375161356392307,0.23531630635261536,True,0.028435307211307714
ZDT3,353,0.2842566762935686,0.12298350781202316,True,0.16127316848154544
ZDT3,354,0.012356996842702306,0.012358960695564747,False,-1.963852862441051e-06
ZDT3,355,0.0005206774749899612,0.0005206774803809822,False,-5.391020962974835e-12
ZDT3,356,0.017940148152130853,0.017891349270939827,True,4.87988811910256e-05
ZDT3,357,0.11940466466322423,0.11940466612577438,False,-1.4625501504328398e-09
ZDT3,358,0.2779337781693212,0.25165510177612305,True,0.02627867639319814
ZDT3,359,0.1652856994774173,0.10572969168424606,True,0.059556007793171245
ZDT3,360,0.24194338747060307,0.23968276381492615,True,0.002260623655676919
ZDT3,361,0.26739651192114927,0.2673965096473694,False,2.2737798865968273e-09
ZDT3,362,0.001174246214355551,0.0011742461938410997,False,2.0514451248843102e-11
ZDT3,363,0.362317588372261,0.3251023590564728,True,0.037215229315788245
ZDT3,364,0.017847604326629768,0.017847605049610138,False,-7.229803700159465e-10
ZDT3,365,0.23053705237253513,0.23015880584716797,True,0.0003782465253671652
ZDT3,366,0.21094909248457142,0.10953351110219955,True,0.10141558138237186
ZDT3,367,0.27151323007752726,0.27051833271980286,True,0.0009948973577244002
ZDT3,368,0.17782454484350524,0.11899051070213318,True,0.05883403414137206
ZDT3,369,0.3248735101242409,0.18756890296936035,True,0.13730460715488058
ZDT3,370,0.037531597540472195,0.03604823723435402,True,0.0014833603061181755
ZDT3,371,0.04599678979465442,0.04259880259633064,True,0.003397987198323779
ZDT3,372,-1.3073575527711156e-08,-1.3073575111377522e-08,False,-4.163336342344337e-16
ZDT3,373,0.007276267500753525,0.0066915531642735004,True,0.0005847143364800245
ZDT3,374,0.2198661887448558,0.21958521008491516,True,0.00028097865994064497
ZDT3,375,0.10983910783551816,0.1964503675699234,False,-0.08661125973440524
ZDT3,376,0.0016146724878234875,0.0016146724810823798,False,6.741107672070257e-12
ZDT3,377,0.014718452872752641,0.013301543891429901,True,0.0014169089813227398
ZDT3,378,0.23204503930576498,0.23076073825359344,True,0.0012843010521715326
ZDT3,379,0.24127510525247864,0.23854142427444458,True,0.0027336809780340587
ZDT3,380,0.21520236454598626,0.2015046924352646,True,0.013697672110721676
ZDT3,381,0.39932182854650555,0.36163461208343506,True,0.037687216463070494
ZDT3,382,-5.739435584850572e-07,-5.739435664509074e-07,False,7.965850201685498e-15
ZDT3,383,0.013454300432845345,0.013454300351440907,False,8.14044387453805e-11
ZDT3,384,0.04615370283634643,0.047539230436086655,False,-0.0013855275997402272
ZDT3,385,0.023711811572460675,0.023711811751127243,False,-1.7866656765175293e-10
ZDT3,386,0.016348668926943394,0.016348669305443764,False,-3.7850036993525293e-10
ZDT3,387,0.05466172385956326,0.14145268499851227,False,-0.086790961138949
ZDT3,388,0.01926692282060269,0.019337430596351624,False,-7.050777574893474e-05
ZDT3,389,0.011408301700691487,0.011408302001655102,False,-3.009636151407591e-10
ZDT3,390,0.07461631853274267,0.08358407765626907,False,-0.008967759123526403
ZDT3,391,0.17633950304871965,0.16339674592018127,True,0.012942757128538374
ZDT3,392,0.02776993576216777,0.027890950441360474,False,-0.0001210146791927047
ZDT3,393,0.008444301071307739,0.008444300852715969,False,2.1859176968508365e-10
ZDT3,394,0.21841157583787307,0.21700294315814972,True,0.001408632679723354
ZDT3,395,0.02954875391103426,0.029604313895106316,False,-5.5559984072056645e-05
ZDT3,396,0.025996311187134594,0.02480379305779934,True,0.0011925181293352544
ZDT3,397,0.1269877015697664,0.12374928593635559,True,0.0032384156334108183
ZDT3,398,0.011354642269965118,0.011053099296987057,True,0.0003015429729780611
ZDT3,399,0.24473088362743697,0.2437906712293625,True,0.0009402123980744859
ZDT3,400,0.029774692073668743,0.026170311495661736,True,0.0036043805780070076
ZDT3,401,0.2510067576732049,0.2480863481760025,True,0.002920409497202403
ZDT3,402,0.2177335517065491,0.2173696607351303,True,0.00036389097141878435
ZDT3,403,0.1290393372302422,0.12107454240322113,True,0.00796479482702106
ZDT3,404,0.0041735759031023,0.004173575900495052,False,2.6072477510297176e-12
ZDT3,405,0.10203582216205861,0.06023542955517769,True,0.041800392606880926
ZDT3,406,0.2644236981561395,0.26359960436820984,True,0.0008240937879296362
ZDT3,407,0.1416910686221467,0.12620611488819122,True,0.015484953733955475
ZDT3,408,0.2780475208602865,0.2678549289703369,True,0.010192591889949587
ZDT3,409,0.08697996606764084,0.08696386218070984,True,1.6103886931004285e-05
ZDT3,410,0.043969179373778575,0.04272450879216194,True,0.0012446705816166331
ZDT3,411,0.11353118211707469,0.11353117972612381,False,2.3909508817254732e-09
ZDT3,412,0.03558457292369768,0.03769908845424652,False,-0.0021145155305488383
ZDT3,413,0.009293770611340124,0.006618898827582598,True,0.0026748717837575264
ZDT3,414,0.04678295297063215,0.04705622419714928,False,-0.00027327122651713
ZDT3,415,0.25422749406492223,0.2522813677787781,True,0.0019461262861441564
ZDT3,416,0.006687535293809166,0.008046352304518223,False,-0.001358817010709057
ZDT3,417,0.17260908442345435,0.14708417654037476,True,0.025524907883079595
ZDT3,418,0.0592576001490802,0.05925760045647621,False,-3.073960114230445e-10
ZDT3,419,0.04937829573778936,0.049556463956832886,False,-0.00017816821904352576
ZDT3,420,0.006409059745067308,0.009988202713429928,False,-0.0035791429683626197
ZDT3,421,0.24181766714051184,0.24133455753326416,True,0.00048310960724767815
ZDT3,422,-3.7121896639957797e-08,-3.712189666771337e-08,False,2.7755575615628914e-17
ZDT3,423,0.10156472277481814,0.09778515994548798,True,0.0037795628293301603
ZDT3,424,0.13153790082119218,0.0911451131105423,True,0.040392787710649886
ZDT3,425,0.20235145272739377,0.11594005674123764,True,0.08641139598615613
ZDT3,426,0.17844885093776458,0.1784488558769226,False,-4.939158027017498e-09
ZDT3,427,0.19095917116057887,0.19143426418304443,False,-0.00047509302246556695
ZDT3,428,0.40828406591608224,0.37421131134033203,True,0.03407275457575021
ZDT3,429,0.24042504587761754,0.20851421356201172,True,0.03191083231560582
ZDT3,430,-0.007457847116838279,-0.007457847241312265,False,1.2447398667347898e-10
ZDT3,431,0.3381740049241535,0.28762173652648926,True,0.050552268397664246
ZDT3,432,0.03786805302019822,0.04042329266667366,False,-0.0025552396464754434
ZDT3,433,0.11843088100390914,0.05024886876344681,True,0.06818201224046233
ZDT3,434,0.10501493112822557,0.08643563836812973,True,0.018579292760095845
ZDT3,435,0.0723924947590596,0.20127280056476593,False,-0.12888030580570634
ZDT3,436,0.240348651633176,0.24062030017375946,False,-0.00027164854058345234
ZDT3,437,0.03139136748314872,0.03205712512135506,False,-0.0006657576382063379
ZDT3,438,0.1124787760970154,0.10716993361711502,True,0.0053088424799003775
ZDT3,439,0.06577225469108568,0.20534542202949524,False,-0.13957316733840958
ZDT3,440,0.21814940121682455,0.17346753180027008,True,0.04468186941655447
ZDT3,441,0.027310587815742554,0.027310587465763092,False,3.4997946207759867e-10
ZDT3,442,0.08989843507560323,0.22618122398853302,False,-0.13628278891292978
ZDT3,443,0.02601494550007595,0.024819953367114067,True,0.0011949921329618834
ZDT3,444,0.053519104967750086,0.05394812300801277,False,-0.0004290180402626853
ZDT3,445,0.005700420564429015,0.010080412030220032,False,-0.004379991465791017
ZDT3,446,0.2551684038921344,0.21880173683166504,True,0.03636666706046937
ZDT3,447,0.10152192139189596,0.10152192413806915,False,-2.7461731916256227e-09
ZDT3,448,0.24606422986407225,0.2382327914237976,True,0.007831438440274646
ZDT3,449,0.05950728357230807,0.05950728431344032,False,-7.411322527905995e-10
ZDT3,450,0.21490011553350452,0.19183528423309326,True,0.02306483130041126
ZDT3,451,0.2423902283375571,0.2423902302980423,False,-1.9604851908550103e-09
ZDT3,452,0.24445666099881297,0.24082830548286438,True,0.003628355515948589
ZDT3,453,0.10929901935000363,0.10943454504013062,False,-0.0001355256901269808
ZDT3,454,-0.015485653001216015,-0.015485652722418308,False,-2.7879770714278607e-10
ZDT3,455,0.25322464510156,0.13650648295879364,True,0.11671816214276637
ZDT3,456,0.23259698592251374,0.23255857825279236,True,3.840766972137977e-05
ZDT3,457,-0.0007343106291278906,-0.0007343106553889811,False,2.6261090524393182e-11
ZDT3,458,0.07616544633909338,0.05663716420531273,True,0.019528282133780647
ZDT3,459,0.047703414920409984,0.0438055694103241,True,0.003897845510085887
ZDT3,460,0.004213238978972272,0.005085023585706949,False,-0.0008717846067346768
ZDT3,461,0.02411546660764445,0.024688314646482468,False,-0.0005728480388380169
ZDT3,462,0.2079848800082882,0.20823527872562408,False,-0.0002503987173358979
ZDT3,463,0.28126302565395683,0.2682568430900574,True,0.01300618256389946
ZDT3,464,-0.0738932741713692,-0.07389327138662338,False,-2.7847458228258404e-09
ZDT3,465,-0.05535219097285529,-0.055352192372083664,False,1.3992283720565268e-09
ZDT3,466,0.25442196811195494,0.12559586763381958,True,0.12882610047813536
ZDT3,467,0.02828040246335109,0.028271054849028587,True,9.347614322502418e-06
ZDT3,468,0.2025659529103649,0.16400642693042755,True,0.03855952597993734
ZDT3,469,0.11106426743841712,0.11106427013874054,False,-2.700323423199258e-09
ZDT3,470,0.24586469772849007,0.24586470425128937,False,-6.5227993006899965e-09
ZDT3,471,0.25089664582561355,0.2488497942686081,True,0.002046851557005458
ZDT3,472,0.007433549841862286,0.007433549966663122,False,-1.2480083633192862e-10
ZDT3,473,0.32631876232337415,0.3095400631427765,True,0.016778699180597656
ZDT3,474,0.20466446024793003,0.20466768741607666,False,-3.227168146630044e-06
ZDT3,475,0.30280991409255725,0.29305440187454224,True,0.009755512218015017
ZDT3,476,0.18938538640725877,0.19051189720630646,False,-0.0011265107990476864
ZDT3,477,0.25703715133055743,0.2445569634437561,True,0.01248018788680133
ZDT3,478,0.19727300778840762,0.19768089056015015,False,-0.0004078827717425293
ZDT3,479,-0.1682644501959856,-0.1682644486427307,False,-1.5532548858221418e-09
ZDT3,480,0.03540284787459623,0.03553406894207001,False,-0.00013122106747377738
ZDT3,481,0.08344932768591054,0.08416739106178284,False,-0.0007180633758722965
ZDT3,482,-0.1755395092547876,-0.1755395084619522,False,-7.928353806807564e-10
ZDT3,483,0.030485783374858383,0.030485782772302628,False,6.025557552913341e-10
ZDT3,484,0.16999197878424666,0.17006373405456543,False,-7.175527031877404e-05
ZDT3,485,0.013935203111712494,0.013935226015746593,False,-2.2904034099879844e-08
ZDT3,486,0.32987709274747345,0.28675535321235657,True,0.04312173953511689
ZDT3,487,0.2215158031902222,0.06071225553750992,True,0.1608035476527123
ZDT3,488,0.054793232668643596,0.04861320182681084,True,0.006180030841832759
ZDT3,489,0.026161622354915676,0.026161622256040573,False,9.887510254991128e-11
ZDT3,490,0.2467017263793576,0.20445212721824646,True,0.04224959916111115
ZDT3,491,0.0023705266632821353,0.0023721458856016397,False,-1.6192223195043987e-06
ZDT3,492,0.20073639868417456,0.19977430999279022,True,0.0009620886913843385
ZDT3,493,0.09695395500565708,0.09695395827293396,False,-3.26727687960382e-09
ZDT3,494,0.16075846412211975,0.160793274641037,False,-3.481051891723874e-05
ZDT3,495,0.23615676922593157,0.22568219900131226,True,0.010474570224619312
ZDT3,496,0.03284121626318873,0.012396852485835552,True,0.020444363777353175
ZDT3,497,0.026322614962938612,0.03135698288679123,False,-0.005034367923852617
ZDT3,498,-4.502855285859475e-07,-4.3990112885694543e-07,False,-1.038439972900207e-08
ZDT3,499,0.10066791079611405,0.09952109307050705,True,0.0011468177256069995
ZDT3,500,0.0775740748768329,0.07757407426834106,False,6.084918402482486e-10
ZDT3,501,0.0037526926058653876,0.0037526926025748253,False,3.290562267110886e-12
ZDT3,502,0.23929362888730762,0.23079173266887665,True,0.008501896218430977
ZDT3,503,0.24925761648218145,0.23454250395298004,True,0.014715112529201407
ZDT3,504,0.06572026293303239,0.06572026014328003,False,2.7897523596775997e-09
ZDT3,505,0.21679573815764558,0.1762371063232422,True,0.04055863183440339
ZDT3,506,0.15638641743807377,0.15631359815597534,True,7.28192820984297e-05
ZDT3,507,0.23779333236797726,0.16037297248840332,True,0.07742035987957394
ZDT3,508,0.2379032533262922,0.23775358498096466,True,0.00014966834532753603
ZDT3,509,0.04375826407716377,0.04288362339138985,True,0.0008746406857739197
ZDT3,510,0.07363211292038052,0.07107718288898468,True,0.002554930031395841
ZDT3,511,0.17520444816182262,0.12479575723409653,True,0.050408690927726096
ZDT3,512,0.008397715649476375,0.008397716097533703,False,-4.4805732735131443e-10
ZDT3,513,0.19891225105609597,0.1788557767868042,True,0.020056474269291774
ZDT3,514,0.2498747526597973,0.187843918800354,True,0.0620308338594433
ZDT3,515,0.12119404216728316,0.12088707089424133,True,0.00030697127304182836
ZDT3,516,0.004562968863463773,-0.0080757150426507,True,0.012638683906114473
ZDT3,517,0.06127218733131447,0.061272189021110535,False,-1.689796066961513e-09
ZDT3,518,0.05652408933790773,0.056524090468883514,False,-1.1309757852462354e-09
ZDT3,519,0.05600185388625996,0.03309938684105873,True,0.022902467045201227
ZDT3,520,0.0774382126994647,0.0707610473036766,True,0.0066771653957880955
ZDT3,521,0.23166545907245378,0.20230738818645477,True,0.02935807088599901
ZDT3,522,0.18868634683362812,0.10155518352985382,True,0.0871311633037743
ZDT3,523,0.015851208658598764,0.015851208940148354,False,-2.8154958919834883e-10
ZDT3,524,0.046790379334530674,0.04695836082100868,False,-0.00016798148647800826
ZDT3,525,0.09996099088286796,0.08730754256248474,True,0.012653448320383218
ZDT3,526,0.005629585817660043,0.005668157245963812,False,-3.8571428303768585e-05
ZDT3,527,0.1203092058600993,0.12053080648183823,False,-0.00022160062173892658
ZDT3,528,0.04209497591092749,0.04209497570991516,False,2.0101233177971523e-10
ZDT3,529,0.11363644325646832,0.10680384933948517,True,0.006832593916983154
ZDT3,530,0.07081081102849235,0.07081080973148346,False,1.297008889178386e-09
ZDT3,531,0.10173502329016415,0.08861061930656433,True,0.01312440398359982
ZDT3,532,0.02493363805095858,0.020446455106139183,True,0.004487182944819396
ZDT3,533,0.0025839884445312405,0.0024878904223442078,True,9.609802218703278e-05
ZDT3,534,0.10829117615086883,0.10839671641588211,False,-0.0001055402650132764
ZDT3,535,0.0948527381539528,0.08760439604520798,True,0.0072483421087448235
ZDT3,536,0.2267456489556534,0.21498797833919525,True,0.01175767061645816
ZDT3,537,0.052238794333019284,0.056518226861953735,False,-0.0042794325289344515
ZDT3,538,0.18736973777024535,0.1873956024646759,False,-2.586469443055517e-05
ZDT3,539,0.2381184834105129,0.23746433854103088,True,0.0006541448694820096
ZDT3,540,0.2498701121074556,0.24689707159996033,True,0.002973040507495278
ZDT3,541,0.23831266576263072,0.21654589474201202,True,0.02176677102061869
ZDT3,542,0.1406427481902972,0.14064274728298187,False,9.073153339755891e-10
ZDT3,543,-0.024376717256654523,-0.02437671646475792,False,-7.91896603846709e-10
ZDT3,544,0.25265385626795195,0.134068101644516,True,0.11858575462343596
ZDT3,545,0.051320520970687455,0.05132051929831505,False,1.6723724072242874e-09
ZDT3,546,0.2045395181361454,0.1976393461227417,True,0.006900172013403705
ZDT3,547,-3.8443817584388196e-05,0.0008779756026342511,False,-0.0009164194202186393
ZDT3,548,0.13990123627493753,0.05981931462883949,True,0.08008192164609804
ZDT3,549,0.014019695826280043,0.014019696041941643,False,-2.156615996895539e-10
ZDT3,550,0.03302133187283582,0.03303064405918121,False,-9.31218634539488e-06
ZDT3,551,0.08087211831630613,0.0809348002076149,False,-6.268189130877178e-05
ZDT3,552,0.25547459547272877,0.11490962654352188,True,0.1405649689292069
ZDT3,553,0.04607788739284936,0.038401223719120026,True,0.0076766636737293364
ZDT3,554,0.21644747851893822,0.21605625748634338,True,0.00039122103259484065
ZDT3,555,0.21980628779562272,0.2188919335603714,True,0.0009143542352513245
ZDT3,556,0.22465545832988526,0.21145494282245636,True,0.0132005155074289
ZDT3,557,0.11814007505640745,0.1181400716304779,False,3.425929540057382e-09
ZDT3,558,0.1023646727736685,0.10238317400217056,False,-1.850122850206859e-05
ZDT3,559,0.11680247184522666,0.11680246889591217,False,2.949314487077359e-09
ZDT3,560,0.04050511357673889,0.040299125015735626,True,0.0002059885610032619
ZDT3,561,0.07713436774204889,0.07713437080383301,False,-3.0617841179081395e-09
ZDT3,562,0.13068059982445163,0.1250186711549759,True,0.005661928669475735
ZDT3,563,-0.03779158974279806,-0.034466151148080826,False,-0.003325438594717234
ZDT3,564,0.03761041382016833,0.038018256425857544,False,-0.0004078426056892126
ZDT3,565,0.0189311132406971,0.018931113183498383,False,5.719871798426368e-11
ZDT3,566,0.2458967702494102,0.24505022168159485,True,0.0008465485678153528
ZDT3,567,0.02107564256644584,0.021075641736388206,False,8.300576337383347e-10
ZDT3,568,0.07451970448188812,0.1990562230348587,False,-0.12453651855297058
ZDT3,569,0.20917073758128307,0.16626952588558197,True,0.0429012116957011
ZDT3,570,0.03855142098774081,0.03855141997337341,False,1.0143673956353183e-09
ZDT3,571,0.18495570658392343,0.18495570123195648,False,5.351966952948928e-09
ZDT3,572,0.03611110047547497,0.036111101508140564,False,-1.032665591926829e-09
ZDT3,573,0.07768038097377662,0.07768037915229797,False,1.8214786484671563e-09
ZDT3,574,0.07054310244554725,0.07054310292005539,False,-4.745081411128282e-10
ZDT3,575,0.4272767546850045,0.3716367483139038,True,0.05564000637110067
ZDT3,576,0.04075251400651067,0.04152794927358627,False,-0.0007754352670756026
ZDT3,577,0.005884382950984063,0.006236474961042404,False,-0.00035209201005834134
ZDT3,578,0.012953193201054147,0.013255792669951916,False,-0.00030259946889776845
ZDT3,579,0.22170916272182967,0.22130411863327026,True,0.0004050440885594031
ZDT3,580,0.03385748905496967,0.03385749086737633,False,-1.8124066553104612e-09
ZDT3,581,0.10724772510960377,0.1072477251291275,False,-1.9523729855031036e-11
ZDT3,582,0.11323379393114946,0.11323379725217819,False,-3.3210287297968932e-09
ZDT3,583,0.02640865092799541,0.02640865184366703,False,-9.156716218594596e-10
ZDT3,584,0.2679023649735059,0.2665976881980896,True,0.0013046767754162913
ZDT3,585,0.03498297765720715,0.03555550426244736,False,-0.0005725266052402089
ZDT3,586,0.10586775963809214,0.10647048056125641,False,-0.0006027209231642683
ZDT3,587,0.22957556031212814,0.22901247441768646,True,0.0005630858944416783
ZDT3,588,0.19557197930642223,0.11530021578073502,True,0.08027176352568721
ZDT3,589,0.19950196238750043,0.16876988112926483,True,0.030732081258235594
ZDT3,590,0.08890588155940114,0.02645239233970642,True,0.06245348921969472
ZDT3,591,0.00562736920126633,0.005713493097573519,False,-8.612389630718864e-05
ZDT3,592,0.01836113101294347,0.018361130729317665,False,2.836258033989125e-10
ZDT3,593,0.08377432762920735,0.08404651284217834,False,-0.0002721852129709962
ZDT3,594,0.20601720515826813,0.20506520569324493,True,0.0009519994650231955
ZDT3,595,0.22826186138267454,0.22762073576450348,True,0.0006411256181710623
ZDT3,596,0.04666438864833927,0.04765131697058678,False,-0.0009869283222475045
ZDT3,597,0.2208017688114841,0.22074264287948608,True,5.9125931998027514e-05
ZDT3,598,0.03141867398398025,0.031628046184778214,False,-0.00020937220079796093
ZDT3,599,0.04725924765534159,0.04709859937429428,True,0.00016064828104730977
ZDT3,600,0.2101738311959604,0.2096031755208969,True,0.0005706556750634806
ZDT3,601,0.06566669748019949,0.13524480164051056,False,-0.06957810416031107
ZDT4,1,0.10433382190591872,0.10433382540941238,False,-3.5034936618494328e-09
ZDT4,2,-0.02286076082326266,-0.022860176861286163,False,-5.839619764969051e-07
ZDT4,3,-0.13697696635721907,-0.13697697222232819,False,5.8651091205952355e-09
ZDT4,4,-0.07402986382149901,-0.07402986288070679,False,-9.407922219040188e-10
ZDT4,5,-0.00396996802141808,-0.00396996783092618,False,-1.9049190003173067e-10
ZDT4,6,-0.4281425574623983,-0.4281425476074219,False,-9.854976446010966e-09
ZDT4,7,-0.11310974399478324,-0.1138099655508995,True,0.000700221556116265
ZDT4,8,-0.25465422747879973,-0.2546542286872864,False,1.2084866440886799e-09
ZDT4,9,0.024468457305734104,0.024449581280350685,True,1.8876025383418593e-05
ZDT4,10,-0.9080032348926046,-0.9080032110214233,False,-2.3871181253909413e-08
ZDT4,11,-0.6121810854350865,-0.6121810674667358,False,-1.7968350696229152e-08
ZDT4,12,-0.14025749223048578,-0.14026060700416565,True,3.1147736798686765e-06
ZDT4,13,-0.29396980891684865,-0.2939698100090027,False,1.0921540338770797e-09
ZDT4,14,8.683151246441367e-05,8.684144995640963e-05,False,-9.937491995959391e-09
ZDT4,15,-0.6163013458721551,-0.6163013577461243,False,1.1873969141262819e-08
ZDT4,16,-0.040096633464958065,-0.04285014793276787,True,0.0027535144678098034
ZDT4,17,0.010447330117896447,0.010447329841554165,False,2.7634228239037384e-10
ZDT4,18,-0.07871721990179525,-0.07992623746395111,True,0.0012090175621558563
ZDT4,19,0.0024137496982034046,0.0024172444827854633,False,-3.494784582058763e-06
ZDT4,20,-0.06689540224794727,-0.06689540296792984,False,7.199825735604293e-10
ZDT4,21,-0.12007032494616904,-0.121244877576828,True,0.0011745526306589649
ZDT4,22,0.02991543899963195,0.02850060723721981,True,0.0014148317624121387
ZDT4,23,0.03797017209437653,0.03796566277742386,True,4.509316952672204e-06
ZDT4,24,0.025307693560579603,0.025314709171652794,False,-7.0156110731911525e-06
ZDT4,25,-0.009248830910276062,-0.009248831309378147,False,3.9910208471383157e-10
ZDT4,26,0.01208676818382487,0.012086768634617329,False,-4.5079245891699316e-10
ZDT4,27,-0.10306050393652122,-0.10306050628423691,False,2.3477156885221007e-09
ZDT4,28,-0.14333841880083126,-0.1433384120464325,False,-6.754398762520708e-09
ZDT4,29,0.014304683842659482,0.01339777559041977,True,0.0009069082522397132
ZDT4,30,0.01652246248441558,0.016522463411092758,False,-9.266771794358419e-10
ZDT4,31,0.01647360767335182,0.01648116298019886,False,-7.5553068470402e-06
ZDT4,32,0.03710593416105612,0.036481961607933044,True,0.0006239725531230755
ZDT4,33,-0.0014799888662768712,-0.001478677149862051,False,-1.3117164148201965e-06
ZDT4,34,0.0272930388486049,0.025998421013355255,True,0.0012946178352496451
ZDT4,35,0.001038948703599274,0.0010409730020910501,False,-2.024298491776211e-06
ZDT4,36,-0.0004670174803390048,-0.00046701746759936213,False,-1.2739642674119978e-11
ZDT4,37,0.027377510648468162,0.027345074340701103,True,3.2436307767058636e-05
ZDT4,38,0.0404322753410602,0.04023320600390434,True,0.00019906933715585495
ZDT4,39,0.03890668540480213,0.03503807634115219,True,0.0038686090636499415
ZDT4,40,0.0031398658247593914,0.003139865817502141,False,7.257250356218492e-12
ZDT4,41,0.03362859197009643,0.033579424023628235,True,4.916794646819822e-05
ZDT4,42,0.030873173683442723,0.028491362929344177,True,0.0023818107540985456
ZDT4,43,0.00958841517849629,0.009588414803147316,False,3.753489741242788e-10
ZDT4,44,0.0592711054185536,0.1049138531088829,False,-0.045642747690329305
ZDT4,45,-0.09517226736655865,-0.09517226368188858,False,-3.6846700690595924e-09
ZDT4,46,-0.14045534464864434,-0.14045535027980804,False,5.63116370200234e-09
ZDT4,47,-0.19486415752351371,-0.1948641538619995,False,-3.6615142029461367e-09
ZDT4,48,0.089300746093874,0.07907208055257797,True,0.010228665541296034
ZDT4,49,0.0838770947299306,0.11051280051469803,False,-0.026635705784767427
ZDT4,50,0.16870270867817286,0.16870270669460297,False,1.9835698916725875e-09
ZDT4,51,0.015052154477626756,0.015052154660224915,False,-1.8259815881549457e-10
ZDT4,52,0.048123370539842614,0.15957291424274445,False,-0.11144954370290183
ZDT4,53,0.16368976210102248,0.1636897623538971,False,-2.528746101404522e-10
ZDT4,54,0.16498454142422522,0.16498492658138275,False,-3.851571575286261e-07
ZDT4,55,0.03918270564988227,0.03918270394206047,False,1.707821800644993e-09
ZDT4,56,0.014568622186133168,0.014547478407621384,True,2.114377851178406e-05
ZDT4,57,-0.12793819908160486,-0.1279381960630417,False,-3.0185631771928456e-09
ZDT4,58,0.01387877984440583,0.013865722343325615,True,1.3057501080215861e-05
ZDT4,59,-0.13381642449167036,-0.1338164210319519,False,-3.4597184561668826e-09
ZDT4,60,0.027994588651668595,0.026428531855344772,True,0.0015660567963238226
ZDT4,61,0.046030293711794845,0.03863140940666199,True,0.007398884305132858
ZDT4,62,0.0695258291617272,0.0695258304476738,False,-1.2859465992054453e-09
ZDT4,63,-0.004366892583625659,-0.004535319749265909,True,0.0001684271656402503
ZDT4,64,0.05358978940820178,0.04955962672829628,True,0.004030162679905497
ZDT4,65,0.056392533209919854,0.12949073314666748,False,-0.07309819993674763
ZDT4,66,0.16498271113113888,0.16498270630836487,False,4.822774013479858e-09
ZDT4,67,-0.004204823849787154,-0.004204823635518551,False,-2.142686028605567e-10
ZDT4,68,0.020625159434636053,0.02062515914440155,False,2.902345030975084e-10
ZDT4,69,0.16022774460103545,0.15788307785987854,True,0.002344666741156909
ZDT4,70,0.05543610327124873,0.05270591378211975,True,0.0027301894891289813
ZDT4,71,0.046851403462012664,0.0461203008890152,True,0.0007311025729974663
ZDT4,72,0.0488774515428978,0.04585548862814903,True,0.003021962914748766
ZDT4,73,0.03070718378751841,0.030171841382980347,True,0.0005353424045380639
ZDT4,74,0.1905571519886604,0.19055713713169098,False,1.4856969432486267e-08
ZDT4,75,0.054462961893860184,0.05446296185255051,False,4.1309677900613906e-11
ZDT4,76,0.02589554702308708,0.10716334730386734,False,-0.08126780028078026
ZDT4,77,0.020953607343913133,0.020539838820695877,True,0.0004137685232172561
ZDT4,78,0.19529376008265031,0.1951906532049179,True,0.00010310687773240623
ZDT4,79,0.0583862533691927,0.05300236865878105,True,0.005383884710411652
ZDT4,80,0.05013838535627857,0.04404535889625549,True,0.006093026460023077
ZDT4,81,0.21477250308103815,0.21477250754833221,False,-4.4672940624490565e-09
ZDT4,82,0.08660629645110096,0.1606055051088333,False,-0.07399920865773235
ZDT4,83,0.03247916823815411,0.2324400097131729,False,-0.1999608414750188
ZDT4,84,0.06211422041145068,0.06161811202764511,True,0.0004961083838055658
ZDT4,85,-1.738009727803025e-08,-1.7380097361296976e-08,False,8.326672684688674e-17
ZDT4,86,0.20852702065889417,0.20852701365947723,False,6.9994169349385515e-09
ZDT4,87,0.020302755242588816,0.020302755758166313,False,-5.155774973619742e-10
ZDT4,88,0.014679909732229074,0.01450976263731718,True,0.00017014709491189328
ZDT4,89,-0.356103017480577,-0.35610300302505493,False,-1.4455522057144066e-08
ZDT4,90,0.07301094141259801,0.2004237323999405,False,-0.12741279098734248
ZDT4,91,0.0297044184230216,0.03077712096273899,False,-0.0010727025397173906
ZDT4,92,-0.0008826806694368639,-0.0008826806442812085,False,-2.5155655336561722e-11
ZDT4,93,-0.09672576061389077,-0.09672023355960846,False,-5.527054282306043e-06
ZDT4,94,0.24998251505389135,0.24998252093791962,False,-5.884028264624419e-09
ZDT4,95,0.025821991016309664,0.025419285520911217,True,0.0004027054953984477
ZDT4,96,0.11663662544919395,0.17859557271003723,False,-0.06195894726084328
ZDT4,97,0.21976135669810568,0.2195352464914322,True,0.00022611020667348547
ZDT4,98,0.23306353430230586,0.23306351900100708,False,1.5301298783576556e-08
ZDT4,99,0.07952627119023284,0.21515367925167084,False,-0.135627408061438
ZDT4,100,0.006472932360950423,0.2655316889286041,False,-0.2590587565676537
ZDT4,101,0.05754167849572983,0.1771247833967209,False,-0.11958310490099106
ZDT4,102,0.1820746429869533,0.182074636220932,False,6.76602129878745e-09
ZDT4,103,0.10241122261426965,0.13951276242733002,False,-0.03710153981306037
ZDT4,104,-0.07199345767277232,-0.007853501476347446,False,-0.06413995619642487
ZDT4,105,0.02705020090537505,0.0270502008497715,False,5.5603549542482256e-11
ZDT4,106,-0.01959561250245928,-0.019966155290603638,True,0.0003705427881443568
ZDT4,107,0.14691348922331238,0.14679373800754547,True,0.00011975121576690562
ZDT4,108,0.010793308547487113,0.010795461013913155,False,-2.1524664260419435e-06
ZDT4,109,0.034140898295401845,0.2594214081764221,False,-0.22528050988102027
ZDT4,110,0.004251675920983425,0.004259671084582806,False,-7.995163599380795e-06
ZDT4,111,0.0026503307522881547,0.21610306203365326,False,-0.2134527312813651
ZDT4,112,0.025071809667317715,0.025062238797545433,True,9.570869772282387e-06
ZDT4,113,0.059625920334604066,0.05962591990828514,False,4.2631892460676113e-10
ZDT4,114,0.012070431483367824,0.012043128721415997,True,2.7302761951827903e-05
ZDT4,115,0.17043538179983836,0.17043551802635193,False,-1.362265135695928e-07
ZDT4,116,0.03269269512104722,0.2310265600681305,False,-0.19833386494708327
ZDT4,117,0.033038898544563655,0.06808898597955704,False,-0.03505008743499338
ZDT4,118,0.0008043568026823295,0.0008043568232096732,False,-2.052734371371656e-11
ZDT4,119,0.022018392996384833,0.02198871597647667,True,2.967701990816418e-05
ZDT4,120,0.04875904856700053,0.1521773785352707,False,-0.10341832996827016
ZDT4,121,0.10180081892091053,0.1018008217215538,False,-2.8006432728489017e-09
ZDT4,122,0.017639420509825532,0.21148166060447693,False,-0.1938422400946514
ZDT4,123,-0.02656508302857158,0.238465815782547,False,-0.2650308988111186
ZDT4,124,0.0021098376797223095,0.002109837718307972,False,-3.858566244296924e-11
ZDT4,125,0.024714369258607677,0.04873139038681984,False,-0.024017021128212163
ZDT4,126,0.0589657761986169,0.17526772618293762,False,-0.11630194998432072
ZDT4,127,-0.06055419417216984,0.20862619578838348,False,-0.2691803899605533
ZDT4,128,0.011866152527514634,0.011856605298817158,True,9.547228697476262e-06
ZDT4,129,0.19546047302102043,0.1954604685306549,False,4.490365523857065e-09
ZDT4,130,0.011940525049585829,0.01194052491337061,False,1.3621521965934136e-10
ZDT4,131,0.030140184654267987,0.17435699701309204,False,-0.14421681235882405
ZDT4,132,0.13821142057361357,0.13602474331855774,True,0.0021866772550558355
ZDT4,133,0.0024275019226949607,0.0024275018367916346,False,8.590332611912999e-11
ZDT4,134,0.05684486872234412,0.16905249655246735,False,-0.11220762783012322
ZDT4,135,0.008673805388690156,0.008591823279857635,True,8.198210883252066e-05
ZDT4,136,0.017897838517210746,0.017897838726639748,False,-2.0942900191833758e-10
ZDT4,137,0.04112193525740118,0.15592864155769348,False,-0.1148067063002923
ZDT4,138,0.041770826489711754,0.10217612236738205,False,-0.060405295877670295
ZDT4,139,0.048265798765067036,0.09734349697828293,False,-0.04907769821321589
ZDT4,140,0.12166884310158202,0.12131816148757935,True,0.0003506816140026736
ZDT4,141,0.12261655036968751,0.12261655181646347,False,-1.4467759629210875e-09
ZDT4,142,0.025148231819038025,0.19569115340709686,False,-0.17054292158805884
ZDT4,143,0.06381076842362379,0.20207644999027252,False,-0.13826568156664873
ZDT4,144,0.0035787441313736568,0.24267713725566864,False,-0.23909839312429498
ZDT4,145,0.1094663079559042,0.1094663068652153,False,1.0906889003070575e-09
ZDT4,146,0.052023383083843994,0.14517594873905182,False,-0.09315256565520783
ZDT4,147,0.05368345383745432,0.09610573202371597,False,-0.04242227818626165
ZDT4,148,0.014227757372699767,0.11079960316419601,False,-0.09657184579149625
ZDT4,149,0.20169969522283018,0.20169968903064728,False,6.192182905317978e-09
ZDT4,150,0.10573550543729761,0.10573551803827286,False,-1.2600975249354995e-08
ZDT4,151,0.05014375968318756,0.063091941177845,False,-0.012948181494657443
ZDT4,152,0.20031404632716515,0.20031435787677765,False,-3.1154961249724167e-07
ZDT4,153,0.10822679980001947,0.10356012731790543,True,0.00466667248211404
ZDT4,154,0.10884574267046421,0.10884574800729752,False,-5.336833308611233e-09
ZDT4,155,0.03821075802061638,0.13194255530834198,False,-0.0937317972877256
ZDT4,156,0.015665700309678676,0.17650215327739716,False,-0.16083645296771848
ZDT4,157,0.22067806774306886,0.22067777812480927,False,2.896182595968355e-07
ZDT4,158,0.23270179269194394,0.23270148038864136,False,3.123033025798083e-07
ZDT4,159,0.030971689996136115,0.18776223063468933,False,-0.15679054063855322
ZDT4,160,0.18550578638165677,0.18508967757225037,True,0.0004161088094064014
ZDT4,161,0.07149606065961847,0.17346979677677155,False,-0.10197373611715307
ZDT4,162,0.005181835015719449,0.19693507254123688,False,-0.19175323752551743
ZDT4,163,0.03755518400202709,0.19045108556747437,False,-0.15289590156544727
ZDT4,164,0.1971603998171143,0.19716040790081024,False,-8.08369593485736e-09
ZDT4,165,0.03074993887695665,0.19187802076339722,False,-0.16112808188644057
ZDT4,166,-0.021897992819319922,0.07673133909702301,False,-0.09862933191634293
ZDT4,167,-0.012777292150264519,0.20246288180351257,False,-0.2152401739537771
ZDT4,168,0.0572331185272951,0.057233117520809174,False,1.0064859293223982e-09
ZDT4,169,0.059908836807362406,0.1422516405582428,False,-0.08234280375088039
ZDT4,170,0.020502461426869345,0.018707597628235817,True,0.001794863798633528
ZDT4,171,0.14281404538680034,0.142814040184021,False,5.2027793462361416e-09
ZDT4,172,-0.003775143923930163,0.048012666404247284,False,-0.05178781032817745
ZDT4,173,0.0221231972971771,0.16340702772140503,False,-0.14128383042422793
ZDT4,174,0.014824526250677927,0.22501298785209656,False,-0.21018846160141863
ZDT4,175,0.013004440025489915,0.013004439882934093,False,1.42555821314172e-10
ZDT4,176,0.017592086315803113,0.15754957497119904,False,-0.13995748865539592
ZDT4,177,0.07486469963542564,0.16615086793899536,False,-0.09128616830356973
ZDT4,178,0.07805236191288191,0.1468890905380249,False,-0.06883672862514299
ZDT4,179,0.02217805920927224,0.16580583155155182,False,-0.14362777234227958
ZDT4,180,0.05412019717039572,0.05412106588482857,False,-8.687144328473062e-07
ZDT4,181,0.02119938796694503,0.02037789300084114,True,0.0008214949661038903
ZDT4,182,0.0418583833454409,0.09711039066314697,False,-0.055252007317706076
ZDT4,183,0.031649848185534235,0.03049829974770546,True,0.0011515484378287755
ZDT4,184,0.002760093564179243,0.0027695782482624054,False,-9.48468408316222e-06
ZDT4,185,0.08136656738954318,0.08136656880378723,False,-1.4142440551978552e-09
ZDT4,186,-0.19165200450477168,0.15474142134189606,False,-0.34639342584666777
ZDT4,187,0.05293848196613782,0.10809201002120972,False,-0.0551535280550719
ZDT4,188,-4.79563872779476e-08,-4.792059016267558e-08,False,-3.579711527201823e-11
ZDT4,189,-0.10743415785873464,0.1738773137331009,False,-0.28131147159183556
ZDT4,190,0.030732143524397515,0.12397844344377518,False,-0.09324629991937766
ZDT4,191,0.1341195534498289,0.13411955535411835,False,-1.904289448351193e-09
ZDT4,192,0.010509812119922801,0.010250432416796684,True,0.0002593797031261169
ZDT4,193,0.05285622414041917,0.05285166949033737,True,4.554650081797784e-06
ZDT4,194,0.04365435077942821,0.04122404009103775,True,0.0024303106883904607
ZDT4,195,0.1267007328641073,0.1267007291316986,False,3.7324086876733276e-09
ZDT4,196,-0.005619913557771583,0.18523143231868744,False,-0.19085134587645902
ZDT4,197,0.07368647253821237,0.15012751519680023,False,-0.07644104265858787
ZDT4,198,0.06026860959806339,0.06024032086133957,True,2.828873672382215e-05
ZDT4,199,0.05327434353885191,0.12936857342720032,False,-0.07609422988834841
ZDT4,200,0.016006584405454327,0.015247083269059658,True,0.0007595011363946691
ZDT6,1,-0.02924489425149296,-0.02924489416182041,False,-8.96725471655202e-11
ZDT6,2,0.5070546703810399,0.5062574744224548,True,0.000797195958585073
ZDT6,3,0.03657858712650186,0.03186667710542679,True,0.004711910021075072
ZDT6,4,0.4107783433530908,0.41077834367752075,False,-3.2442992736747556e-10
ZDT6,5,-0.0335944592752887,-0.03329344466328621,False,-0.0003010146120024926
ZDT6,6,0.06021683276968781,0.06021683290600777,False,-1.3631995532392693e-10
ZDT6,7,-1.1071266270371543,-1.1071242094039917,False,-2.417633162554722e-06
ZDT6,8,-0.1311702444855707,-0.13117024302482605,False,-1.4607446363612553e-09
ZDT6,9,0.021655137926261392,0.020319044589996338,True,0.001336093336265054
ZDT6,10,0.07931725168590764,0.07931730896234512,False,-5.727643748176803e-08
ZDT6,11,0.08927267014779283,0.08927267044782639,False,-3.00033553557455e-10
ZDT6,12,-4.796620889106436,-4.796620845794678,False,-4.3311758624042795e-08
ZDT6,13,-0.7751249476052315,-0.7751249670982361,False,1.9493004543846837e-08
ZDT6,14,-0.1332568438319065,-0.1517971158027649,True,0.01854027197085839
ZDT6,15,-1.0944819713779532,-1.0944819450378418,False,-2.6340111425326995e-08
ZDT6,16,-0.38768461974933066,-0.38768479228019714,False,1.725308664823899e-07
ZDT6,17,-0.09588586728206694,-0.0958838164806366,False,-2.0508014303421973e-06
ZDT6,18,-0.6895840542229197,-0.6895840764045715,False,2.2181651848640627e-08
ZDT6,19,-0.10044481256308124,-0.10044481605291367,False,3.4898324230425715e-09
ZDT6,20,0.4398239798583249,0.43982207775115967,True,1.9021071652192134e-06
ZDT6,21,-0.1991335576345945,-0.19913281500339508,False,-7.42631199424082e-07
ZDT6,22,-0.08851150250721695,-0.08852574229240417,True,1.4239785187220022e-05
ZDT6,23,-0.16713491384660073,-0.1670762598514557,False,-5.865399514504155e-05
ZDT6,24,-0.0990145491160741,-0.09901455044746399,False,1.3313898872269192e-09
ZDT6,25,-0.12602606694640284,-0.1263953149318695,True,0.0003692479854666697
ZDT6,26,-0.02501677067551389,-0.025016769766807556,False,-9.087063324031419e-10
ZDT6,27,0.0972261503328341,0.09421847015619278,True,0.0030076801766413253
ZDT6,28,0.4064522601896036,0.40557774901390076,True,0.0008745111757028634
ZDT6,29,0.5410638133365305,0.5332291722297668,True,0.007834641106763685
ZDT6,30,0.7521851028220056,0.7156702876091003,True,0.03651481521290523
ZDT6,31,-0.03614136785011768,-0.03614136949181557,False,1.6416978887434652e-09
ZDT6,32,0.14772034068591328,0.1466846615076065,True,0.0010356791783067698
ZDT6,33,0.518474691808577,0.006106176413595676,True,0.5123685153949813
ZDT6,34,-0.29919438946261967,-0.30057406425476074,True,0.0013796747921410724
ZDT6,35,0.654603545924842,0.5837420225143433,True,0.07086152341049878
ZDT6,36,-0.005259448080514706,-0.0059550730511546135,True,0.0006956249706399076
ZDT6,37,-0.0022603807935617226,-0.0016404840862378478,False,-0.0006198967073238748
ZDT6,38,0.6023681117931674,0.2691202461719513,True,0.3332478656212161
ZDT6,39,0.49145478301674467,0.48156803846359253,True,0.009886744553152138
ZDT6,40,0.4497046381868942,0.3881711959838867,True,0.06153344220300749
ZDT6,41,0.5859422412315255,0.2224249392747879,True,0.3635173019567376
ZDT6,42,-0.843671100633331,-0.8436710834503174,False,-1.7183013567567684e-08
ZDT6,43,0.05499912170852428,0.053538624197244644,True,0.0014604975112796348
ZDT6,44,0.03887094770220523,0.02486436627805233,True,0.014006581424152897
ZDT6,45,-0.005488235943712061,-0.005564612336456776,True,7.637639274471475e-05
ZDT6,46,0.5156167935165397,0.4537644386291504,True,0.06185235488738927
ZDT6,47,-0.11677248017533304,-0.11678622663021088,True,1.3746454877838765e-05
ZDT6,48,-0.7246411782876566,-0.7246412038803101,False,2.55926534409312e-08
ZDT6,49,-0.020064014602415248,-0.02777172438800335,True,0.007707709785588102
ZDT6,50,-1.471118582251683,-1.4711185693740845,False,-1.287759854307069e-08
ZDT6,51,0.8277590249522622,0.6711294651031494,True,0.15662955984911275
ZDT6,52,0.04739465997088921,0.04626946523785591,True,0.0011251947330332968
ZDT6,53,0.377971729079009,0.3397214412689209,True,0.0382502878100881
ZDT6,54,-0.43498985265938983,-0.4349898397922516,False,-1.2867138243777276e-08
ZDT6,55,0.819934048150224,0.6947054266929626,True,0.12522862145726132
ZDT6,56,-0.06726408516353033,-0.06726408749818802,False,2.3346576893956694e-09
ZDT6,57,-0.28971112744660543,-0.29159316420555115,True,0.0018820367589457154
ZDT6,58,-0.10698690464100102,-0.10698690265417099,False,-1.9868300338288236e-09
ZDT6,59,0.27552376527666056,0.25399118661880493,True,0.021532578657855628
ZDT6,60,-0.198599420754847,-0.19940681755542755,True,0.0008073968005805621
ZDT6,61,-0.26169420419705947,-0.26178327202796936,True,8.906783090989467e-05
ZDT6,62,0.6755746692555973,0.6654387712478638,True,0.010135898007733513
ZDT6,63,0.4901308511380663,0.4130725562572479,True,0.07705829488081839
ZDT6,64,0.39773201189572116,0.34722617268562317,True,0.05050583921009799
ZDT6,65,0.5866143732650374,0.5824443101882935,True,0.004170063076743946
ZDT6,66,0.26070347314104225,0.2527032792568207,True,0.008000193884221574
ZDT6,67,0.06033472232205794,0.29925546050071716,False,-0.23892073817865922
ZDT6,68,-0.4558278134808093,-0.4560336172580719,True,0.00020580377726259202
ZDT6,69,0.4834326719517423,0.43731558322906494,True,0.046117088722677335
ZDT6,70,0.14698498667353843,0.1396738886833191,True,0.00731109799021934
ZDT6,71,-0.04554817539460354,-0.04959390312433243,True,0.004045727729728887
ZDT6,72,0.5740699055033286,0.552295982837677,True,0.02177392266565159
ZDT6,73,0.22430473547834656,0.048731107264757156,True,0.1755736282135894
ZDT6,74,0.2496751880408276,0.18962426483631134,True,0.06005092320451627
ZDT6,75,0.1014039059968525,0.09925869107246399,True,0.0021452149243885166
ZDT6,76,0.811312600007982,0.6340631246566772,True,0.17724947535130475
ZDT6,77,0.8266863473794174,0.6554432511329651,True,0.1712430962464523
ZDT6,78,-0.07311803456237309,-0.07311803102493286,False,-3.53744022962843e-09
ZDT6,79,0.6162869689366124,0.4245680272579193,True,0.19171894167869308
ZDT6,80,0.14693717420976427,0.14588408172130585,True,0.001053092488458418
ZDT6,81,0.5475657854694336,0.4256244897842407,True,0.12194129568519285
ZDT6,82,0.41645125961523094,0.4089948832988739,True,0.0074563763163570385
ZDT6,83,0.4347840724936583,0.4238387644290924,True,0.010945308064565895
ZDT6,84,0.8291421611752892,0.6142650246620178,True,0.21487713651327134
ZDT6,85,-0.025050360010801853,-0.025050360709428787,False,6.986269340814033e-10
ZDT6,86,0.3697043504071559,0.3389075994491577,True,0.030796750957998165
ZDT6,87,1.1510513539393996,0.899971604347229,True,0.2510797495921706
ZDT6,88,0.6412386292167666,0.581231415271759,True,0.06000721394500752
ZDT6,89,0.5021848477292954,0.4723438024520874,True,0.02984104527720799
ZDT6,90,0.07210270254711626,0.07143869996070862,True,0.0006640025864076415
ZDT6,91,0.7211010421791266,0.6136398315429688,True,0.10746121063615788
ZDT6,92,-0.015001280045949916,-0.01500128023326397,False,1.8731405315719485e-10
ZDT6,93,0.31220361907522187,0.29356151819229126,True,0.018642100882930612
ZDT6,94,-0.4837149102752252,-0.48371490836143494,False,-1.913790237395574e-09
ZDT6,95,0.35868893270854485,0.3520764708518982,True,0.006612461856646656
ZDT6,96,0.3294797376961634,0.2957584261894226,True,0.03372131150674079
ZDT6,97,0.7130688231849877,0.656080424785614,True,0.05698839839937364
ZDT6,98,0.23368761880880456,0.21296370029449463,True,0.020723918514309936
ZDT6,99,0.3395580173049962,0.3392944931983948,True,0.00026352410660140935
ZDT6,100,-0.11507141770819396,-0.11507141590118408,False,-1.8070098750655461e-09
ZDT6,101,0.16786589389676254,0.15059472620487213,True,0.01727116769189041
ZDT6,102,-0.08697438604804297,-0.0869743824005127,False,-3.647530277817168e-09
ZDT6,103,0.6395653521069087,0.5132601857185364,True,0.1263051663883723
ZDT6,104,-0.2713745562809693,-0.27137455344200134,False,-2.838967949614357e-09
ZDT6,105,0.7698142804978879,0.698525607585907,True,0.07128867291198093
ZDT6,106,-1.433638024249802,-1.4336379766464233,False,-4.760337857234731e-08
ZDT6,107,0.6856521386960374,0.6419098377227783,True,0.04374230097325904
ZDT6,108,0.5357679975392389,0.5078254342079163,True,0.027942563331322612
ZDT6,109,-0.6091483243398836,-0.6091483235359192,False,-8.039644505686283e-10
ZDT6,110,-0.027714135762178183,-0.027714135125279427,False,-6.368987559568495e-10
ZDT6,111,-0.7660710419095406,-0.7660710215568542,False,-2.0352686314062396e-08
ZDT6,112,0.8468301497911774,0.8283276557922363,True,0.018502493998941105
ZDT6,113,0.42288237446852517,0.3959102928638458,True,0.026972081604679343
ZDT6,114,0.8359997156941495,0.8357952833175659,True,0.00020443237658362978
ZDT6,115,-0.39523379330012476,-0.3953726887702942,True,0.00013889547016943116
ZDT6,116,-0.39537136410030893,-0.3954739272594452,True,0.00010256315913625969
ZDT6,117,-0.7830420950108046,-0.7830420732498169,False,-2.176098767847634e-08
ZDT6,118,-0.026258925834380498,-0.02625892497599125,False,-8.583892485702904e-10
ZDT6,119,0.7767134921129983,0.7754268050193787,True,0.0012866870936196761
ZDT6,120,-0.12741250168195223,-0.12741249799728394,False,-3.684668292702753e-09
ZDT6,121,0.6412957742421481,0.632931113243103,True,0.008364660999045093
ZDT6,122,0.008997451105103638,0.007589657790958881,True,0.0014077933141447563
ZDT6,123,-0.5055639157289157,-0.5056190490722656,True,5.5133343349944575e-05
ZDT6,124,-0.022394874284715316,-0.022394875064492226,False,7.797769097095397e-10
ZDT6,125,-0.6244951491779389,-0.6244951486587524,False,-5.191864715925476e-10
ZDT6,126,-1.0019488946880764,-1.0019489526748657,False,5.7986789370190195e-08
ZDT6,127,-0.5552208522941525,-0.5551453828811646,False,-7.546941298797183e-05
ZDT6,128,-0.0024236381600587498,0.9921750426292419,False,-0.9945986807893007
ZDT6,129,0.2727370312240048,0.27111607789993286,True,0.0016209533240719165
ZDT6,130,0.9680258738734064,0.9426121115684509,True,0.02541376230495551
ZDT6,131,-0.3953029634031584,-0.3987860083580017,True,0.0034830449548433062
ZDT6,132,0.7473936430961574,0.7145599126815796,True,0.03283373041457782
ZDT6,133,-0.01724336121558001,-0.017243361100554466,False,-1.1502554464470904e-10
ZDT6,134,0.245651361339264,0.22886307537555695,True,0.016788285963707045
ZDT6,135,1.009377838890535,0.9602622985839844,True,0.04911554030655063
ZDT6,136,0.30854099671451485,0.3085397481918335,True,1.2485226813518935e-06
ZDT6,137,-0.5380026054392237,-0.538002610206604,False,4.767380268333454e-09
ZDT6,138,0.6798196832300709,0.6739946603775024,True,0.005825022852568473
ZDT6,139,0.5477697296852865,0.5477697253227234,False,4.36256308855576e-09
ZDT6,140,0.6653018257399022,0.6622927188873291,True,0.0030091068525730513
ZDT6,141,0.5002311358377088,0.500231146812439,False,-1.0974730124679866e-08
ZDT6,142,-0.672919790976213,-0.690223217010498,True,0.01730342603428503
ZDT6,143,0.37926781050973324,0.3517894744873047,True,0.02747833602242855
ZDT6,144,-0.22689315384965303,-0.22730866074562073,True,0.00041550689596769885
ZDT6,145,-0.832173324192668,-0.8321733474731445,False,2.3280476546538864e-08
ZDT6,146,0.03400643619240945,0.013663883320987225,True,0.020342552871422226
ZDT6,147,0.7252698503158022,0.6547683477401733,True,0.07050150257562882
ZDT6,148,-0.3438891082114584,-0.34388911724090576,False,9.029447356478926e-09
ZDT6,149,0.10906529290332251,0.06183160841464996,True,0.047233684488672545
ZDT6,150,0.443817881870192,0.4427706003189087,True,0.0010472815512833078
ZDT6,151,0.663567009824764,0.620148241519928,True,0.04341876830483604
ZDT6,152,0.20852728111221375,0.20117661356925964,True,0.0073506675429541035
ZDT6,153,0.9188683107114555,0.8701476454734802,True,0.04872066523797525
ZDT6,154,0.353859460714819,0.17554841935634613,True,0.17831104135847287
ZDT6,155,-0.3631844762271936,0.08908070623874664,False,-0.4522651824659402
ZDT6,156,-0.11857717716024974,-0.11857717484235764,False,-2.3178921004785025e-09
ZDT6,157,-0.28831124303790756,-0.288311243057251,False,1.9343415758044102e-11
ZDT6,158,0.5095099399310775,0.4365748167037964,True,0.07293512322728113
ZDT6,159,-0.395409743710722,-0.3954097330570221,False,-1.0653699922258397e-08
ZDT6,160,-0.06243005603194751,-0.04192972183227539,False,-0.02050033419967212
ZDT6,161,0.5845405088129316,0.3956853449344635,True,0.18885516387846812
ZDT6,162,0.6048220852279114,0.47883856296539307,True,0.1259835222625183
ZDT6,163,0.370919476508861,0.3494800627231598,True,0.02143941378570119
ZDT6,164,0.46039803736350704,0.36467793583869934,True,0.0957201015248077
ZDT6,165,-0.00848364249122524,-0.013270018622279167,True,0.0047863761310539266
ZDT6,166,0.6990171699117081,0.515902578830719,True,0.18311459108098915
ZDT6,167,-0.32464178077758377,-0.32464179396629333,False,1.3188709568900947e-08
ZDT6,168,0.88912588381944,0.7828009724617004,True,0.10632491135773958
ZDT6,169,0.5484908474490678,0.5378695130348206,True,0.010621334414247285
ZDT6,170,-0.02183059188194869,-0.021830592304468155,False,4.225194638607377e-10
ZDT6,171,-0.7006635662600159,-0.7017949819564819,True,0.0011314156964660205
ZDT6,172,0.9287583013750772,0.7896880507469177,True,0.13907025062815948
ZDT6,173,0.7407757678181992,0.6617385745048523,True,0.07903719331334691
ZDT6,174,0.47161136552801064,0.1795472651720047,True,0.29206410035600594
ZDT6,175,1.1358230774803266,0.9608253240585327,True,0.1749977534217939
ZDT6,176,0.5297902908740587,0.5093268156051636,True,0.020463475268895137
ZDT6,177,-0.12153954485715901,-0.12153954803943634,False,3.182277330537886e-09
ZDT6,178,0.03339766136444983,0.014363291673362255,True,0.01903436969108757
ZDT6,179,0.4330533687749399,0.37998393177986145,True,0.053069436995078434
ZDT6,180,0.5093726629887826,0.37557369470596313,True,0.13379896828281945
ZDT6,181,1.1254029239338799,0.9663819670677185,True,0.15902095686616136
ZDT6,182,0.6948719425066971,0.694638729095459,True,0.00023321341123816453
ZDT6,183,-0.0021600371238681415,-0.0021600371692329645,False,4.536482300920852e-11
ZDT6,184,-0.008672898519170413,-0.008672898635268211,False,1.1609779804189202e-10
ZDT6,185,0.6455875280537233,0.6034934520721436,True,0.04209407598157977
ZDT6,186,0.415399982437309,0.4069646894931793,True,0.008435292944129702
ZDT6,187,-0.21569739565934548,-0.21569739282131195,False,-2.8380335304056814e-09
ZDT6,188,-0.01697838387286177,-0.01697838306427002,False,-8.085917491129635e-10
ZDT6,189,-0.11141238607000736,-0.1148601546883583,True,0.0034477686183509437
ZDT6,190,0.48536073025458193,0.4119812250137329,True,0.07337950524084902
ZDT6,191,0.5119856656870039,0.42715755105018616,True,0.08482811463681772
ZDT6,192,1.0965342659646837,0.940434455871582,True,0.1560998100931017
ZDT6,193,0.6440932497784723,0.6320853233337402,True,0.012007926444732031
ZDT6,194,0.9337541031703309,0.8704256415367126,True,0.06332846163361827
ZDT6,195,0.7248583100952304,0.6590436100959778,True,0.0658146999992526
ZDT6,196,-0.1931950283694286,-0.19432175159454346,True,0.0011267232251148673
ZDT6,197,0.5918051228183276,0.38807055354118347,True,0.20373456927714417
ZDT6,198,0.8276015347167678,0.7756967544555664,True,0.05190478026120138
ZDT6,199,-2.690725606995681,-2.690725564956665,False,-4.203901582400249e-08
ZDT6,200,-0.015544089752232093,-0.015544089488685131,False,-2.635469620315689e-10
