problema,geracao,pos,N,classe,cand_classe_ev,eh_nivel1,sig,sig_max,rank,rank_rel,count,desal,frac_n1
BBOB_F1,46,70,100,nivel_1,1,True,3.967947244644165,6.0374274253845215,38,0.38,3,5,0.95
BBOB_F1,50,7,100,nivel_1,1,True,7.993679523468018,10.553934097290039,55,0.55,51,20,0.78
BBOB_F1,54,32,100,nivel_1,1,True,4.81122350692749,7.298872947692871,16,0.16,3,9,0.9
BBOB_F1,58,54,100,nivel_1,1,True,5.568630218505859,8.019806861877441,64,0.64,51,28,0.55
BBOB_F1,62,23,100,nivel_1,1,True,6.814010143280029,8.577836990356445,32,0.32,51,20,0.76
BBOB_F1,66,61,100,nivel_1,1,True,1.5170179605484009,5.084147930145264,92,0.92,6,8,0.91
BBOB_F1,70,47,100,nivel_1,1,True,1.9325019121170044,5.583543300628662,86,0.86,2,1,0.94
BBOB_F1,74,32,100,nivel_1,1,True,6.381438732147217,9.825907707214355,46,0.46,51,31,0.61
BBOB_F1,78,27,100,nivel_1,1,True,5.221945762634277,6.0558295249938965,8,0.08,3,3,0.97
BBOB_F1,82,46,100,nivel_1,1,True,7.2577924728393555,9.514225959777832,38,0.38,51,25,0.66
BBOB_F1,86,62,100,nivel_1,1,True,5.54256534576416,11.166279792785645,85,0.85,51,9,0.88
BBOB_F1,90,7,100,nivel_1,1,True,7.079863548278809,9.737602233886719,31,0.31,51,24,0.68
BBOB_F1,94,20,100,nivel_1,1,True,8.059931755065918,9.367410659790039,12,0.12,51,24,0.72
BBOB_F1,98,38,100,nivel_3,3,False,5.186330795288086,7.460925579071045,73,0.73,51,26,0.65
BBOB_F1,102,4,100,nivel_1,1,True,7.8588762283325195,7.8588762283325195,1,0.01,51,25,0.68
BBOB_F1,106,80,100,nivel_1,1,True,1.5330842733383179,4.5263671875,85,0.85,3,8,0.91
BBOB_F1,110,33,100,nivel_1,1,True,5.374373435974121,8.192113876342773,70,0.7,51,35,0.52
BBOB_F1,114,17,100,nivel_1,1,True,9.87049388885498,10.131308555603027,6,0.06,51,26,0.6
BBOB_F1,118,81,100,nivel_1,1,True,3.277017593383789,5.747014045715332,29,0.29,3,3,0.95
BBOB_F1,122,77,100,nivel_1,1,True,6.4674201011657715,8.26768970489502,36,0.36,51,17,0.78
BBOB_F1,126,57,100,nivel_1,1,True,6.062074661254883,7.60540246963501,20,0.2,51,32,0.58
BBOB_F1,130,20,100,nivel_3,3,False,6.966450214385986,9.91971492767334,38,0.38,51,32,0.54
BBOB_F1,134,49,100,nivel_2,2,False,4.408923625946045,9.240787506103516,99,0.99,51,26,0.62
BBOB_F1,170,41,100,nivel_1,1,True,3.4675118923187256,8.964704513549805,96,0.96,51,26,0.71
BBOB_F1,174,14,100,nivel_2,2,False,7.316805362701416,9.884105682373047,10,0.1,51,27,0.61
BBOB_F1,178,25,100,nivel_1,1,True,3.7743968963623047,5.0463643074035645,19,0.19,51,19,0.78
BBOB_F1,182,46,100,nivel_1,1,True,3.5659050941467285,9.17492961883545,98,0.98,51,28,0.62
BBOB_F1,186,20,100,nivel_1,1,True,7.815243721008301,8.761507987976074,21,0.21,51,22,0.75
BBOB_F1,190,67,100,nivel_1,1,True,7.162613391876221,9.101764678955078,28,0.28,51,19,0.73
BBOB_F1,194,24,100,nivel_1,1,True,7.626112461090088,10.483222007751465,31,0.31,26,6,0.93
BBOB_F1,198,18,100,nivel_1,1,True,5.221405982971191,8.117602348327637,79,0.79,21,8,0.9
BBOB_F1,202,51,100,nivel_1,1,True,6.247618198394775,8.775821685791016,51,0.51,28,8,0.9
BBOB_F1,206,68,100,nivel_1,1,True,6.443690299987793,8.89013671875,28,0.28,17,6,0.92
BBOB_F1,210,38,100,nivel_1,1,True,4.459663391113281,7.376056671142578,89,0.89,17,8,0.91
BBOB_F1,214,36,100,nivel_1,1,True,7.017072677612305,8.74876594543457,27,0.27,31,7,0.92
BBOB_F1,218,66,100,nivel_1,1,True,6.094702243804932,9.659156799316406,66,0.66,51,19,0.79
BBOB_F1,222,41,100,nivel_1,1,True,6.763575553894043,10.59303092956543,77,0.77,51,13,0.87
BBOB_F1,226,55,100,nivel_1,1,True,2.4019904136657715,9.208693504333496,100,1.0,49,8,0.92
BBOB_F1,230,26,100,nivel_1,1,True,3.280395269393921,3.600839138031006,2,0.02,8,0,0.9
BBOB_F1,234,0,100,nivel_1,1,True,4.010024547576904,5.782851696014404,38,0.38,6,7,0.92
BBOB_F1,238,44,100,nivel_1,1,True,7.819986343383789,9.515220642089844,37,0.37,39,6,0.93
BBOB_F1,242,18,100,nivel_1,1,True,6.1065168380737305,6.1065168380737305,1,0.01,10,7,0.92
BBOB_F1,246,73,100,nivel_1,1,True,2.5938634872436523,5.67406702041626,95,0.95,8,6,0.91
BBOB_F1,250,0,100,nivel_1,1,True,5.370578289031982,10.71992015838623,83,0.83,51,21,0.75
BBOB_F1,254,62,100,nivel_1,1,True,8.027569770812988,8.414482116699219,4,0.04,45,9,0.9
BBOB_F1,258,45,100,nivel_1,1,True,4.370350360870361,5.830776691436768,46,0.46,12,7,0.92
BBOB_F1,262,27,100,nivel_1,1,True,9.105339050292969,9.105339050292969,1,0.01,25,4,0.96
BBOB_F1,266,79,100,nivel_1,1,True,6.193136215209961,9.736784934997559,69,0.69,51,13,0.82
BBOB_F1,270,48,100,nivel_1,1,True,2.4685616493225098,4.25706148147583,68,0.68,2,1,0.92
BBOB_F1,274,72,100,nivel_1,1,True,4.8983941078186035,7.764777183532715,69,0.69,9,6,0.93
BBOB_F1,278,21,100,nivel_1,1,True,3.520808696746826,5.357802867889404,60,0.6,8,8,0.91
BBOB_F1,282,16,100,nivel_1,1,True,5.044279098510742,5.044279098510742,1,0.01,7,5,0.95
BBOB_F1,286,52,100,nivel_1,1,True,6.800887107849121,9.771345138549805,69,0.69,51,14,0.83
BBOB_F1,290,81,100,nivel_1,1,True,5.926762580871582,10.981513023376465,89,0.89,51,10,0.88
BBOB_F17,30,40,100,nivel_1,1,True,6.846903324127197,8.645018577575684,20,0.2,7,9,0.9
BBOB_F17,34,8,100,nivel_1,1,True,6.76162576675415,8.85659408569336,44,0.44,12,5,0.9
BBOB_F17,38,53,100,nivel_1,1,True,5.666562557220459,9.98250961303711,78,0.78,39,7,0.93
BBOB_F17,42,36,100,nivel_1,1,True,6.776561737060547,9.49985408782959,33,0.33,12,3,0.95
BBOB_F17,46,90,100,nivel_1,1,True,6.567986011505127,10.536004066467285,41,0.41,19,8,0.92
BBOB_F17,50,66,100,nivel_1,1,True,6.411430835723877,10.568206787109375,71,0.71,31,7,0.93
BBOB_F17,54,77,100,nivel_1,1,True,7.790606498718262,10.432868003845215,25,0.25,49,10,0.9
BBOB_F17,58,25,100,nivel_1,1,True,4.724694728851318,9.630806922912598,95,0.95,51,9,0.89
BBOB_F17,62,87,100,nivel_1,1,True,6.805775165557861,10.419032096862793,89,0.89,42,7,0.93
BBOB_F17,70,22,100,nivel_4,4,False,7.821526527404785,10.759057998657227,53,0.53,26,6,0.93
BBOB_F17,74,36,100,nivel_1,1,True,4.0385661125183105,8.791080474853516,94,0.94,16,9,0.91
BBOB_F17,78,56,100,nivel_1,1,True,2.512507677078247,7.4420647621154785,90,0.9,2,0,0.91
BBOB_F17,82,18,100,nivel_1,1,True,4.77923059463501,9.844114303588867,95,0.95,32,7,0.92
BBOB_F17,86,9,100,nivel_1,1,True,6.761995315551758,9.471047401428223,49,0.49,26,8,0.92
BBOB_F17,90,83,100,nivel_1,1,True,7.228942394256592,8.08574390411377,11,0.11,10,7,0.9
BBOB_F17,98,58,100,nivel_1,1,True,5.75992488861084,9.089489936828613,65,0.65,17,8,0.92
BBOB_F17,102,30,100,nivel_1,1,True,6.197632789611816,9.329423904418945,71,0.71,38,6,0.92
BBOB_F17,106,15,100,nivel_1,1,True,7.776383876800537,11.289920806884766,59,0.59,25,7,0.93
BBOB_F17,110,4,100,nivel_1,1,True,11.744485855102539,11.744485855102539,1,0.01,22,6,0.93
BBOB_F17,114,12,100,nivel_1,1,True,3.742530345916748,10.308150291442871,98,0.98,30,7,0.9
BBOB_F17,118,58,100,nivel_1,1,True,6.077107906341553,10.332551956176758,78,0.78,10,9,0.91
BBOB_F17,122,36,100,nivel_1,1,True,9.291827201843262,10.171335220336914,9,0.09,38,5,0.94
BBOB_F17,126,86,100,nivel_1,1,True,6.039743900299072,10.237226486206055,70,0.7,21,9,0.9
BBOB_F17,130,34,100,nivel_1,1,True,6.360194683074951,11.193037033081055,82,0.82,17,8,0.9
BBOB_F17,134,20,100,nivel_1,1,True,8.811617851257324,10.826653480529785,24,0.24,51,22,0.74
BBOB_F17,138,46,100,nivel_1,1,True,6.81394100189209,9.894695281982422,65,0.65,51,26,0.73
BBOB_F17,142,62,100,nivel_1,1,True,5.177393436431885,10.589775085449219,92,0.92,39,7,0.93
BBOB_F17,146,58,100,nivel_1,1,True,8.989331245422363,9.143874168395996,2,0.02,32,7,0.92
BBOB_F17,150,67,100,nivel_1,1,True,8.006482124328613,10.402700424194336,43,0.43,51,23,0.73
BBOB_F17,154,42,100,nivel_1,1,True,3.912677764892578,8.646535873413086,86,0.86,25,9,0.9
BBOB_F17,158,51,100,nivel_1,1,True,7.575181007385254,9.399580955505371,35,0.35,51,22,0.71
BBOB_F17,162,38,100,nivel_1,1,True,5.433186054229736,9.41890811920166,92,0.92,51,28,0.65
BBOB_F17,166,1,100,nivel_1,1,True,9.834681510925293,9.834681510925293,1,0.01,29,8,0.9
BBOB_F17,170,11,100,nivel_1,1,True,9.6160888671875,9.6160888671875,1,0.01,40,6,0.93
BBOB_F17,174,39,100,nivel_1,1,True,8.242301940917969,8.242301940917969,1,0.01,44,4,0.95
BBOB_F17,178,67,100,nivel_1,1,True,6.754763126373291,9.376849174499512,64,0.64,51,15,0.81
BBOB_F17,182,66,100,nivel_1,1,True,5.651264190673828,9.577305793762207,90,0.9,51,17,0.8
BBOB_F17,186,28,100,nivel_1,1,True,6.658023834228516,9.172872543334961,48,0.48,50,9,0.9
BBOB_F17,190,14,100,nivel_1,1,True,6.15717077255249,10.943490982055664,61,0.61,51,20,0.78
BBOB_F17,194,0,100,nivel_1,1,True,10.448573112487793,10.448573112487793,1,0.01,51,16,0.81
BBOB_F17,198,14,100,nivel_1,1,True,3.971433639526367,7.946767330169678,46,0.46,4,6,0.9
BBOB_F17,202,89,100,nivel_1,1,True,4.895619869232178,8.74087905883789,85,0.85,27,7,0.93
BBOB_F17,206,44,100,nivel_1,1,True,5.236514091491699,9.580265998840332,99,0.99,51,11,0.86
BBOB_F17,210,60,100,nivel_1,1,True,5.270904541015625,8.188287734985352,74,0.74,32,4,0.96
BBOB_F17,214,74,100,nivel_1,1,True,3.7214231491088867,6.408287048339844,65,0.65,5,6,0.94
BBOB_F17,218,33,100,nivel_1,1,True,6.3993048667907715,8.677875518798828,60,0.6,29,10,0.9
BBOB_F17,222,3,100,nivel_1,1,True,9.164165496826172,9.618793487548828,3,0.03,31,9,0.9
BBOB_F17,226,79,100,nivel_1,1,True,7.430881977081299,8.98558521270752,38,0.38,41,7,0.91
BBOB_F17,230,73,100,nivel_1,1,True,7.527005195617676,10.041927337646484,34,0.34,51,17,0.83
BBOB_F17,234,29,100,nivel_1,1,True,6.823854446411133,9.983590126037598,45,0.45,35,8,0.9
BBOB_F17,238,68,100,nivel_1,1,True,6.457576751708984,10.295774459838867,64,0.64,31,9,0.91
BBOB_F17,242,37,100,nivel_1,1,True,5.563867568969727,9.397989273071289,76,0.76,36,9,0.9
BBOB_F17,246,77,100,nivel_1,1,True,5.738496780395508,10.142354011535645,77,0.77,51,12,0.86
BBOB_F17,250,15,100,nivel_1,1,True,4.5982465744018555,7.632771015167236,76,0.76,19,8,0.9
BBOB_F17,254,54,100,nivel_1,1,True,6.162176132202148,10.216394424438477,62,0.62,51,25,0.72
BBOB_F17,258,46,100,nivel_1,1,True,5.643227577209473,8.668774604797363,60,0.6,41,9,0.9
BBOB_F17,262,30,100,nivel_1,1,True,9.703322410583496,9.703322410583496,1,0.01,32,5,0.94
BBOB_F17,266,90,100,nivel_1,1,True,6.1100358963012695,9.780406951904297,44,0.44,21,7,0.93
BBOB_F17,270,42,100,nivel_1,1,True,6.336307525634766,9.463281631469727,59,0.59,45,6,0.93
BBOB_F17,274,0,100,nivel_1,1,True,8.356668472290039,9.872279167175293,29,0.29,34,9,0.9
BBOB_F22,58,68,100,nivel_1,1,True,2.902500867843628,6.641256809234619,91,0.91,3,5,0.93
BBOB_F22,62,60,100,nivel_1,1,True,7.310122966766357,8.003901481628418,6,0.06,16,9,0.9
BBOB_F22,66,53,100,nivel_1,1,True,3.4806079864501953,9.600626945495605,95,0.95,26,9,0.9
BBOB_F22,70,69,100,nivel_1,1,True,5.6895270347595215,10.177367210388184,85,0.85,51,18,0.77
BBOB_F22,74,47,100,nivel_1,1,True,7.896631240844727,10.364873886108398,28,0.28,51,22,0.73
BBOB_F22,78,15,100,nivel_1,1,True,8.339903831481934,9.835829734802246,5,0.05,51,20,0.77
BBOB_F22,82,73,100,nivel_1,1,True,5.21091365814209,8.816476821899414,85,0.85,51,22,0.75
BBOB_F22,86,4,100,nivel_1,1,True,5.4278130531311035,9.636507034301758,79,0.79,51,28,0.64
BBOB_F22,90,3,100,nivel_1,1,True,6.7606401443481445,8.302285194396973,27,0.27,51,14,0.8
BBOB_F22,94,33,100,nivel_1,1,True,7.337929725646973,8.79522705078125,15,0.15,51,22,0.64
BBOB_F22,98,38,100,nivel_3,3,False,7.1338911056518555,8.255232810974121,10,0.1,51,31,0.54
BBOB_F22,102,14,100,nivel_1,1,True,5.330704689025879,8.835311889648438,43,0.43,51,26,0.68
BBOB_F22,106,54,100,nivel_1,1,True,4.397487640380859,6.018167495727539,15,0.15,6,6,0.94
BBOB_F22,110,59,100,nivel_1,1,True,5.000955104827881,7.445885181427002,64,0.64,51,27,0.6
BBOB_F22,114,1,100,nivel_1,1,True,5.710163116455078,7.742975234985352,33,0.33,51,35,0.59
BBOB_F22,118,69,100,nivel_1,1,True,6.098304271697998,7.339305877685547,10,0.1,51,12,0.78
BBOB_F22,122,87,100,nivel_1,1,True,10.229415893554688,10.229415893554688,1,0.01,43,9,0.91
BBOB_F22,126,28,100,nivel_1,1,True,5.953066349029541,9.235963821411133,54,0.54,51,20,0.72
BBOB_F22,130,11,100,nivel_1,1,True,4.516223430633545,8.49929428100586,71,0.71,51,28,0.64
BBOB_F22,134,21,100,nivel_1,1,True,6.479534149169922,8.39008903503418,31,0.31,51,22,0.71
BBOB_F22,138,70,100,nivel_1,1,True,5.957540035247803,8.206659317016602,42,0.42,51,21,0.76
BBOB_F22,142,31,100,nivel_1,1,True,5.19338846206665,7.610387325286865,50,0.5,51,26,0.68
BBOB_F22,146,25,100,nivel_1,1,True,5.726439952850342,8.318644523620605,74,0.74,51,14,0.79
BBOB_F22,150,12,100,nivel_1,1,True,7.233917713165283,9.473423957824707,32,0.32,51,29,0.68
BBOB_F22,154,45,100,nivel_1,1,True,5.510610103607178,7.630856513977051,56,0.56,51,24,0.68
BBOB_F22,158,51,100,nivel_1,1,True,6.110317230224609,6.395999431610107,7,0.07,51,27,0.68
BBOB_F22,162,45,100,nivel_1,1,True,6.593456268310547,7.851031303405762,14,0.14,51,23,0.75
BBOB_F22,166,58,100,nivel_1,1,True,5.70388650894165,7.362647533416748,21,0.21,51,26,0.63
BBOB_F22,170,10,100,nivel_2,2,False,4.299975395202637,6.967517375946045,49,0.49,51,33,0.55
BBOB_F22,174,39,100,nivel_1,1,True,5.07875394821167,7.760695934295654,27,0.27,51,41,0.53
BBOB_F22,178,63,100,nivel_1,1,True,4.689718246459961,7.702500343322754,42,0.42,51,29,0.66
BBOB_F22,182,45,100,nivel_1,1,True,5.850059986114502,10.240619659423828,46,0.46,51,15,0.8
BBOB_F22,186,61,100,nivel_1,1,True,6.630118370056152,7.912415027618408,17,0.17,51,20,0.76
BBOB_F22,190,23,100,nivel_1,1,True,3.2612640857696533,8.405295372009277,89,0.89,51,19,0.79
BBOB_F22,194,2,100,nivel_1,1,True,2.432482957839966,7.5924906730651855,100,1.0,51,28,0.68
BBOB_F22,198,1,100,nivel_1,1,True,2.1267380714416504,4.310791492462158,53,0.53,4,5,0.95
BBOB_F22,202,8,100,nivel_1,1,True,8.1719388961792,9.929366111755371,23,0.23,51,20,0.8
BBOB_F22,206,22,100,nivel_1,1,True,4.739621639251709,8.030529022216797,69,0.69,51,28,0.66
BBOB_F22,210,25,100,nivel_1,1,True,7.626387119293213,8.715886116027832,21,0.21,29,7,0.92
BBOB_F22,214,34,100,nivel_1,1,True,5.52716588973999,7.435044765472412,47,0.47,51,22,0.72
BBOB_F22,218,71,100,nivel_1,1,True,6.351573944091797,8.832377433776855,54,0.54,51,23,0.72
BBOB_F22,222,77,100,nivel_1,1,True,4.579744815826416,6.9265336990356445,54,0.54,51,17,0.78
BBOB_F22,226,48,100,nivel_2,2,False,2.5842244625091553,4.068361759185791,20,0.2,3,9,0.9
BBOB_F22,230,52,100,nivel_1,1,True,5.462440013885498,7.130672931671143,43,0.43,51,12,0.84
BBOB_F22,234,29,100,nivel_1,1,True,5.782013893127441,9.091561317443848,36,0.36,51,31,0.66
BBOB_F22,238,70,100,nivel_1,1,True,3.6611571311950684,7.902306079864502,100,1.0,51,20,0.72
BBOB_F22,242,31,100,nivel_1,1,True,4.333318710327148,7.242578506469727,76,0.76,51,28,0.69
BBOB_F22,246,70,100,nivel_1,1,True,6.504480838775635,8.288034439086914,30,0.3,51,25,0.73
BBOB_F22,250,6,100,nivel_1,1,True,5.313868522644043,6.945034980773926,30,0.3,51,26,0.67
BBOB_F22,254,37,100,nivel_1,1,True,3.557687997817993,7.430233478546143,95,0.95,51,29,0.66
BBOB_F22,258,19,100,nivel_1,1,True,6.505522727966309,7.295950889587402,8,0.08,51,18,0.75
BBOB_F22,262,46,100,nivel_1,1,True,4.751740455627441,5.1678690910339355,9,0.09,51,21,0.78
BBOB_F22,266,6,100,nivel_1,1,True,5.129576683044434,8.596674919128418,28,0.28,51,28,0.67
BBOB_F22,270,0,100,nivel_1,1,True,4.086417198181152,8.263103485107422,72,0.72,51,21,0.75
BBOB_F22,274,0,100,nivel_1,1,True,8.834187507629395,8.834187507629395,1,0.01,51,23,0.72
BBOB_F22,278,44,100,nivel_1,1,True,7.145210266113281,7.29780912399292,3,0.03,51,17,0.71
BBOB_F22,282,55,100,nivel_1,1,True,2.96262788772583,6.418674468994141,82,0.82,51,32,0.64
BBOB_F37,82,1,100,nivel_1,1,True,9.935785293579102,9.935785293579102,1,0.01,51,17,0.82
BBOB_F37,86,59,100,nivel_1,1,True,6.585605621337891,10.023666381835938,61,0.61,51,16,0.82
BBOB_F37,90,69,100,nivel_1,1,True,8.51395034790039,9.212250709533691,12,0.12,40,7,0.9
BBOB_F37,98,69,100,nivel_1,1,True,7.788941860198975,10.260469436645508,39,0.39,51,21,0.77
BBOB_F37,102,48,100,nivel_1,1,True,7.427445411682129,10.117596626281738,41,0.41,51,20,0.73
BBOB_F37,110,30,100,nivel_1,1,True,7.6999831199646,9.873907089233398,36,0.36,51,20,0.77
BBOB_F37,114,50,100,nivel_1,1,True,5.810689926147461,10.315605163574219,69,0.69,51,27,0.72
BBOB_F37,118,14,100,nivel_1,1,True,5.243956565856934,8.64775276184082,77,0.77,51,21,0.75
BBOB_F37,122,34,100,nivel_1,1,True,5.546453952789307,10.127471923828125,84,0.84,51,25,0.7
BBOB_F37,126,5,100,nivel_1,1,True,6.912296772003174,10.281482696533203,67,0.67,51,15,0.84
BBOB_F37,130,75,100,nivel_1,1,True,8.038381576538086,8.668095588684082,11,0.11,51,18,0.78
BBOB_F37,134,41,100,nivel_1,1,True,5.85831356048584,7.784340858459473,28,0.28,51,19,0.79
BBOB_F37,138,56,100,nivel_1,1,True,4.992737770080566,9.189135551452637,77,0.77,51,15,0.79
BBOB_F37,142,40,100,nivel_1,1,True,4.158769607543945,9.057483673095703,99,0.99,51,16,0.78
BBOB_F37,146,47,100,nivel_1,1,True,6.101840496063232,9.005309104919434,57,0.57,51,34,0.6
BBOB_F37,150,38,100,nivel_1,1,True,4.419522285461426,8.484436988830566,85,0.85,51,18,0.8
BBOB_F37,154,16,100,nivel_1,1,True,4.855657577514648,8.392526626586914,62,0.62,51,25,0.71
BBOB_F37,158,32,100,nivel_1,1,True,6.343825817108154,8.700572967529297,69,0.69,42,8,0.91
BBOB_F37,162,74,100,nivel_1,1,True,4.8205647468566895,8.05184268951416,45,0.45,51,18,0.8
BBOB_F37,166,81,100,nivel_1,1,True,4.151856899261475,7.096435070037842,65,0.65,37,6,0.91
BBOB_F37,170,77,100,nivel_1,1,True,5.582030773162842,10.619974136352539,88,0.88,51,20,0.78
BBOB_F37,174,27,100,nivel_1,1,True,5.452447414398193,7.438749313354492,40,0.4,51,25,0.71
BBOB_F37,178,53,100,nivel_1,1,True,4.734379291534424,8.487499237060547,79,0.79,51,20,0.74
BBOB_F37,182,0,100,nivel_1,1,True,7.996417045593262,8.102771759033203,2,0.02,51,19,0.76
BBOB_F37,186,74,100,nivel_1,1,True,6.310624122619629,9.974440574645996,34,0.34,51,19,0.77
BBOB_F37,190,88,100,nivel_1,1,True,4.830752372741699,7.228241443634033,25,0.25,50,10,0.9
BBOB_F37,194,47,100,nivel_1,1,True,6.262569427490234,7.859488010406494,25,0.25,34,9,0.91
BBOB_F37,198,5,100,nivel_1,1,True,3.9962663650512695,9.358858108520508,73,0.73,51,15,0.8
BBOB_F37,202,58,100,nivel_1,1,True,4.115566730499268,6.6728196144104,71,0.71,51,22,0.72
BBOB_F37,206,89,100,nivel_1,1,True,4.21875524520874,6.49872350692749,73,0.73,9,7,0.93
BBOB_F37,210,54,100,nivel_1,1,True,5.621933937072754,9.504403114318848,58,0.58,51,26,0.67
BBOB_F37,214,55,100,nivel_1,1,True,5.487020492553711,7.395287990570068,69,0.69,51,17,0.75
BBOB_F37,218,3,100,nivel_1,1,True,5.557322025299072,8.163504600524902,28,0.28,39,10,0.9
BBOB_F37,222,15,100,nivel_1,1,True,7.346479415893555,9.294815063476562,30,0.3,51,20,0.78
BBOB_F37,226,23,100,nivel_1,1,True,6.000179767608643,8.598793029785156,30,0.3,51,23,0.67
BBOB_F37,230,6,100,nivel_1,1,True,10.168755531311035,10.168755531311035,1,0.01,51,16,0.82
BBOB_F37,234,50,100,nivel_1,1,True,8.474076271057129,9.286881446838379,4,0.04,51,16,0.83
BBOB_F37,238,61,100,nivel_1,1,True,5.010798454284668,8.670490264892578,87,0.87,51,18,0.78
BBOB_F37,242,50,100,nivel_1,1,True,5.744816303253174,7.942863464355469,68,0.68,51,17,0.79
BBOB_F37,246,59,100,nivel_1,1,True,3.6473584175109863,8.66419506072998,93,0.93,51,22,0.7
BBOB_F37,250,57,100,nivel_1,1,True,1.2780499458312988,4.305403232574463,76,0.76,2,0,0.96
BBOB_F37,254,64,100,nivel_1,1,True,4.944744110107422,6.709860324859619,32,0.32,3,6,0.94
BBOB_F37,258,23,100,nivel_1,1,True,8.872319221496582,9.355293273925781,4,0.04,45,7,0.92
BBOB_F37,262,71,100,nivel_1,1,True,5.025656223297119,7.364774703979492,59,0.59,20,8,0.91
BBOB_F37,266,83,100,nivel_1,1,True,5.98712158203125,7.788031578063965,54,0.54,36,8,0.91
BBOB_F37,270,1,100,nivel_1,1,True,5.581456661224365,5.581456661224365,1,0.01,3,9,0.9
BBOB_F37,274,32,100,nivel_1,1,True,5.942314624786377,8.453872680664062,61,0.61,51,16,0.79
BBOB_F37,278,90,100,nivel_1,1,True,3.495725154876709,6.984638690948486,92,0.92,19,7,0.93
BBOB_F37,282,39,100,nivel_1,1,True,5.010709285736084,9.484233856201172,79,0.79,51,28,0.68
BBOB_F37,286,19,100,nivel_1,1,True,6.294049263000488,7.513950824737549,21,0.21,51,21,0.74
BBOB_F37,290,63,100,nivel_1,1,True,5.277883052825928,5.67997407913208,8,0.08,51,26,0.68
BBOB_F37,294,51,100,nivel_1,1,True,7.088103294372559,9.541729927062988,56,0.56,51,19,0.8
BBOB_F49,38,5,100,nivel_1,1,True,5.576484203338623,9.534612655639648,85,0.85,51,29,0.68
BBOB_F49,42,2,100,nivel_1,1,True,9.62211799621582,9.62211799621582,1,0.01,30,6,0.94
BBOB_F49,46,51,100,nivel_1,1,True,4.958012104034424,8.832803726196289,95,0.95,11,7,0.93
BBOB_F49,50,58,100,nivel_1,1,True,5.652864456176758,7.435403347015381,18,0.18,2,2,0.9
BBOB_F49,54,29,100,nivel_1,1,True,7.779947280883789,11.288029670715332,37,0.37,28,8,0.91
BBOB_F49,58,78,100,nivel_1,1,True,6.426389694213867,9.589966773986816,43,0.43,17,6,0.92
BBOB_F49,62,19,100,nivel_1,1,True,2.4852659702301025,5.808886528015137,91,0.91,2,0,0.91
BBOB_F49,66,1,100,nivel_1,1,True,10.226354598999023,10.226354598999023,1,0.01,46,8,0.92
BBOB_F49,70,12,100,nivel_1,1,True,7.8762407302856445,8.687698364257812,9,0.09,9,10,0.9
BBOB_F49,74,4,100,nivel_1,1,True,7.386547088623047,7.386547088623047,1,0.01,4,7,0.92
BBOB_F49,78,10,100,nivel_1,1,True,5.2514448165893555,10.05966567993164,91,0.91,28,8,0.9
BBOB_F49,82,6,100,nivel_1,1,True,6.613857746124268,9.293888092041016,60,0.6,51,17,0.83
BBOB_F49,86,81,100,nivel_1,1,True,6.132989883422852,8.962571144104004,56,0.56,21,6,0.93
BBOB_F49,90,7,100,nivel_1,1,True,5.664595603942871,9.534078598022461,79,0.79,51,21,0.76
BBOB_F49,94,76,100,nivel_1,1,True,7.596911430358887,10.428258895874023,33,0.33,41,8,0.91
BBOB_F49,98,39,100,nivel_1,1,True,6.123257637023926,9.459136962890625,73,0.73,51,15,0.85
BBOB_F49,106,45,100,nivel_1,1,True,4.45884895324707,8.824609756469727,93,0.93,51,25,0.72
BBOB_F49,110,45,100,nivel_1,1,True,6.832104206085205,10.274003982543945,52,0.52,51,29,0.63
BBOB_F49,114,68,100,nivel_1,1,True,3.3895816802978516,8.931056022644043,95,0.95,14,8,0.91
BBOB_F49,118,42,100,nivel_1,1,True,7.396963119506836,9.757561683654785,47,0.47,51,14,0.84
BBOB_F49,122,54,100,nivel_1,1,True,7.331009387969971,9.895370483398438,56,0.56,51,14,0.82
BBOB_F49,130,43,100,nivel_1,1,True,5.420012950897217,8.566205024719238,78,0.78,51,19,0.78
BBOB_F49,134,91,100,nivel_1,1,True,5.9748148918151855,9.178055763244629,63,0.63,32,8,0.92
BBOB_F49,138,33,100,nivel_1,1,True,5.820324420928955,9.06761646270752,74,0.74,51,15,0.79
BBOB_F49,142,29,100,nivel_1,1,True,7.705260276794434,8.83717155456543,9,0.09,51,17,0.82
BBOB_F49,146,25,100,nivel_1,1,True,4.241094589233398,7.763826370239258,84,0.84,51,20,0.79
BBOB_F49,150,83,100,nivel_1,1,True,7.343361854553223,10.357763290405273,38,0.38,46,10,0.9
BBOB_F49,158,0,100,nivel_1,1,True,7.653385639190674,7.653385639190674,1,0.01,37,9,0.9
BBOB_F49,162,2,100,nivel_1,1,True,8.031835556030273,8.031835556030273,1,0.01,44,8,0.9
BBOB_F49,166,29,100,nivel_1,1,True,6.222258567810059,7.970925807952881,18,0.18,24,9,0.91
BBOB_F49,170,70,100,nivel_1,1,True,7.473040580749512,8.489300727844238,10,0.1,51,15,0.83
BBOB_F49,174,69,100,nivel_1,1,True,8.220898628234863,9.204490661621094,14,0.14,51,18,0.78
BBOB_F49,178,71,100,nivel_1,1,True,5.311163902282715,10.099913597106934,89,0.89,51,15,0.85
BBOB_F49,186,46,100,nivel_1,1,True,8.416315078735352,8.796429634094238,8,0.08,28,9,0.91
BBOB_F49,194,46,100,nivel_1,1,True,7.664423942565918,8.511648178100586,5,0.05,30,6,0.92
BBOB_F49,198,72,100,nivel_1,1,True,4.602735996246338,6.433071136474609,40,0.4,8,8,0.91
BBOB_F49,202,52,100,nivel_1,1,True,4.078069686889648,8.751657485961914,99,0.99,29,7,0.92
BBOB_F49,210,4,100,nivel_1,1,True,6.947625160217285,6.947625160217285,1,0.01,12,8,0.91
BBOB_F49,214,57,100,nivel_1,1,True,5.053458213806152,8.389102935791016,75,0.75,51,16,0.84
BBOB_F49,218,69,100,nivel_1,1,True,7.753362655639648,7.761002063751221,2,0.02,17,8,0.9
BBOB_F49,222,37,100,nivel_1,1,True,6.400484561920166,9.405529975891113,71,0.71,33,8,0.91
BBOB_F49,226,23,100,nivel_1,1,True,5.46970796585083,5.46970796585083,1,0.01,3,9,0.9
BBOB_F49,230,4,100,nivel_1,1,True,9.164567947387695,9.18290901184082,2,0.02,51,16,0.8
BBOB_F49,234,55,100,nivel_1,1,True,5.450765609741211,10.114520072937012,78,0.78,51,13,0.82
BBOB_F49,238,58,100,nivel_1,1,True,5.982509613037109,9.844364166259766,61,0.61,51,12,0.86
BBOB_F49,242,78,100,nivel_1,1,True,6.179014682769775,7.96869421005249,33,0.33,16,6,0.91
BBOB_F49,246,5,100,nivel_1,1,True,6.829634189605713,8.508891105651855,27,0.27,50,6,0.92
BBOB_F49,250,35,100,nivel_1,1,True,5.670816898345947,8.591363906860352,46,0.46,24,6,0.94
BBOB_F49,254,2,100,nivel_1,1,True,5.3384246826171875,9.477604866027832,74,0.74,51,16,0.79
BBOB_F49,258,75,100,nivel_1,1,True,6.091979026794434,6.313095569610596,2,0.02,8,7,0.93
BBOB_F49,262,71,100,nivel_1,1,True,9.800756454467773,10.228577613830566,3,0.03,51,16,0.8
BBOB_F49,266,9,100,nivel_1,1,True,7.877094745635986,7.877094745635986,1,0.01,32,10,0.9
BBOB_F49,270,1,100,nivel_1,1,True,6.388731479644775,6.388731479644775,1,0.01,13,10,0.9
BBOB_F49,274,36,100,nivel_1,1,True,4.245553016662598,6.608320236206055,60,0.6,8,6,0.94
BBOB_F49,278,6,100,nivel_1,1,True,9.276875495910645,9.276875495910645,1,0.01,31,6,0.93
BBOB_F49,282,60,100,nivel_1,1,True,5.823606967926025,8.345913887023926,60,0.6,51,16,0.79
BBOB_F5,46,4,100,nivel_1,1,True,7.461208820343018,10.087993621826172,49,0.49,21,9,0.9
BBOB_F5,50,37,100,nivel_1,1,True,6.102816581726074,10.773530006408691,65,0.65,51,37,0.6
BBOB_F5,54,55,100,nivel_1,1,True,6.821314334869385,10.207642555236816,49,0.49,51,25,0.73
BBOB_F5,58,28,100,nivel_1,1,True,7.039968013763428,8.949220657348633,51,0.51,51,29,0.69
BBOB_F5,62,1,100,nivel_1,1,True,9.985920906066895,10.02125358581543,2,0.02,51,14,0.85
BBOB_F5,66,5,100,nivel_1,1,True,3.2431914806365967,6.99251651763916,70,0.7,3,9,0.9
BBOB_F5,70,40,100,nivel_1,1,True,5.477525234222412,8.750274658203125,71,0.71,51,27,0.71
BBOB_F5,74,35,100,nivel_2,2,False,4.6251325607299805,9.66899585723877,96,0.96,51,36,0.57
BBOB_F5,78,70,100,nivel_1,1,True,3.5805890560150146,3.8028626441955566,3,0.03,8,3,0.96
BBOB_F5,82,60,100,nivel_1,1,True,7.365858554840088,9.486699104309082,13,0.13,51,25,0.68
BBOB_F5,86,31,100,nivel_1,1,True,2.299875497817993,6.001263618469238,81,0.81,4,8,0.92
BBOB_F5,90,1,100,nivel_1,1,True,6.14865255355835,8.243626594543457,59,0.59,51,22,0.59
BBOB_F5,94,5,100,nivel_1,1,True,5.766574382781982,7.944431304931641,52,0.52,51,31,0.61
BBOB_F5,98,43,100,nivel_1,1,True,6.633591651916504,7.983156681060791,27,0.27,51,29,0.56
BBOB_F5,102,51,100,nivel_1,1,True,6.694353103637695,7.553323745727539,4,0.04,51,30,0.55
BBOB_F5,106,47,100,nivel_1,1,True,4.277379989624023,7.007070064544678,59,0.59,51,28,0.55
BBOB_F5,110,36,100,nivel_1,1,True,4.9725189208984375,7.889271259307861,71,0.71,51,25,0.66
BBOB_F5,114,16,100,nivel_3,3,False,5.249488353729248,6.70178747177124,20,0.2,51,27,0.6
BBOB_F5,118,4,100,nivel_1,1,True,2.4033195972442627,4.5730881690979,97,0.97,5,7,0.92
BBOB_F5,122,25,100,nivel_1,1,True,7.110836029052734,8.238746643066406,19,0.19,51,32,0.64
BBOB_F5,126,33,100,nivel_1,1,True,3.1770050525665283,7.303216934204102,90,0.9,51,30,0.53
BBOB_F5,130,22,100,nivel_1,1,True,5.583190441131592,7.688888072967529,43,0.43,51,34,0.48
BBOB_F5,134,30,100,nivel_1,1,True,4.318150043487549,5.486723899841309,32,0.32,51,38,0.48
BBOB_F5,138,63,100,nivel_1,1,True,7.470064640045166,9.268043518066406,23,0.23,51,19,0.76
BBOB_F5,142,49,100,nivel_1,1,True,8.54078483581543,10.237541198730469,28,0.28,51,24,0.72
BBOB_F5,146,55,100,nivel_1,1,True,4.408594608306885,7.636151313781738,94,0.94,51,22,0.71
BBOB_F5,150,29,100,nivel_1,1,True,6.164612770080566,7.400609493255615,12,0.12,51,24,0.69
BBOB_F5,154,56,100,nivel_1,1,True,3.1082775592803955,6.795969486236572,100,1.0,51,27,0.63
BBOB_F5,158,47,100,nivel_3,3,False,6.489380836486816,7.380626201629639,15,0.15,51,27,0.64
BBOB_F5,162,17,100,nivel_1,1,True,6.6291303634643555,7.845590591430664,5,0.05,51,18,0.78
BBOB_F5,166,63,100,nivel_1,1,True,6.618125915527344,7.705555438995361,19,0.19,51,16,0.8
BBOB_F5,170,67,100,nivel_1,1,True,6.236530780792236,6.93970251083374,7,0.07,51,21,0.72
BBOB_F5,174,25,100,nivel_1,1,True,5.370604038238525,7.433516502380371,41,0.41,51,18,0.79
BBOB_F5,178,49,100,nivel_1,1,True,4.504037380218506,7.182645320892334,45,0.45,51,26,0.52
BBOB_F5,182,37,100,nivel_1,1,True,6.263582229614258,8.387563705444336,39,0.39,51,26,0.65
BBOB_F5,186,52,100,nivel_1,1,True,5.574019908905029,6.571409702301025,26,0.26,51,18,0.7
BBOB_F5,190,19,100,nivel_4,4,False,4.099246025085449,7.641200065612793,89,0.89,51,35,0.49
BBOB_F5,194,68,100,nivel_1,1,True,4.532652854919434,9.118990898132324,79,0.79,51,23,0.73
BBOB_F5,198,41,100,nivel_1,1,True,4.821893215179443,6.799960613250732,55,0.55,51,23,0.69
BBOB_F5,202,57,100,nivel_1,1,True,5.992613315582275,7.748488426208496,40,0.4,51,23,0.77
BBOB_F5,206,40,100,nivel_1,1,True,5.975223541259766,8.194250106811523,33,0.33,51,14,0.78
BBOB_F5,210,0,100,nivel_1,1,True,6.205496311187744,6.205496311187744,1,0.01,51,32,0.6
BBOB_F5,214,55,100,nivel_1,1,True,6.619185924530029,7.4798583984375,19,0.19,51,25,0.58
BBOB_F5,218,31,100,nivel_1,1,True,5.664538383483887,6.456043720245361,22,0.22,51,31,0.59
BBOB_F5,222,29,100,nivel_3,3,False,4.125614643096924,6.427935600280762,65,0.65,51,28,0.54
BBOB_F5,226,34,100,nivel_3,3,False,5.676070690155029,7.730880260467529,40,0.4,51,38,0.39
BBOB_F5,230,16,100,nivel_1,1,True,4.627494812011719,6.318765640258789,47,0.47,51,33,0.56
BBOB_F5,234,57,100,nivel_1,1,True,6.865139484405518,7.15199613571167,7,0.07,51,24,0.66
BBOB_F5,238,53,100,nivel_1,1,True,4.790231227874756,5.848194122314453,16,0.16,51,29,0.57
BBOB_F5,242,27,100,nivel_1,1,True,4.214508533477783,7.260022163391113,89,0.89,51,19,0.72
BBOB_F5,246,37,100,nivel_1,1,True,3.941035032272339,6.806262969970703,84,0.84,51,26,0.69
BBOB_F5,250,71,100,nivel_1,1,True,8.581918716430664,8.81365966796875,3,0.03,51,16,0.84
BBOB_F5,254,11,100,nivel_1,1,True,4.69373893737793,8.743934631347656,75,0.75,51,28,0.61
BBOB_F5,258,24,100,nivel_1,1,True,5.243471622467041,9.093225479125977,48,0.48,20,7,0.92
BBOB_F5,262,80,100,nivel_1,1,True,2.694234848022461,3.6687331199645996,16,0.16,3,9,0.9
BBOB_F5,266,9,100,nivel_1,1,True,6.880225658416748,6.880225658416748,1,0.01,15,6,0.93
BBOB_F5,270,63,100,nivel_3,3,False,5.949946403503418,7.163691520690918,9,0.09,51,18,0.71
BBOB_F5,274,56,100,nivel_1,1,True,3.6124017238616943,7.283229827880859,95,0.95,51,30,0.65
BBOB_F5,278,61,100,nivel_3,3,False,6.110901832580566,9.185728073120117,22,0.22,51,29,0.66
BBOB_F55,30,4,100,nivel_1,1,True,9.512619018554688,9.512619018554688,1,0.01,26,6,0.93
BBOB_F55,42,47,100,nivel_1,1,True,6.406256198883057,9.042986869812012,48,0.48,13,6,0.93
BBOB_F55,46,84,100,nivel_1,1,True,4.911986351013184,9.704227447509766,96,0.96,31,9,0.9
BBOB_F55,54,88,100,nivel_1,1,True,7.625697135925293,10.813423156738281,46,0.46,27,4,0.94
BBOB_F55,58,53,100,nivel_1,1,True,3.3726139068603516,10.12224292755127,98,0.98,51,17,0.8
BBOB_F55,62,40,100,nivel_1,1,True,6.650954723358154,9.774579048156738,58,0.58,24,7,0.91
BBOB_F55,66,66,100,nivel_1,1,True,4.337149620056152,8.53329849243164,91,0.91,14,9,0.91
BBOB_F55,70,92,100,nivel_1,1,True,5.415951728820801,9.730740547180176,89,0.89,28,7,0.93
BBOB_F55,74,40,100,nivel_1,1,True,6.597316265106201,9.187975883483887,59,0.59,47,10,0.9
BBOB_F55,94,1,100,nivel_1,1,True,5.926520347595215,10.174787521362305,87,0.87,28,7,0.91
BBOB_F55,102,67,100,nivel_2,2,False,6.592495918273926,9.62735366821289,56,0.56,51,16,0.79
BBOB_F55,114,47,100,nivel_1,1,True,8.240764617919922,9.046436309814453,2,0.02,51,14,0.85
BBOB_F55,118,57,100,nivel_1,1,True,5.865111827850342,8.66913890838623,54,0.54,51,25,0.68
BBOB_F55,122,59,100,nivel_1,1,True,6.725952625274658,8.26565170288086,21,0.21,51,24,0.76
BBOB_F55,126,9,100,nivel_1,1,True,5.189390659332275,8.252098083496094,77,0.77,51,22,0.75
BBOB_F55,130,76,100,nivel_1,1,True,4.39528226852417,8.898567199707031,95,0.95,51,20,0.79
BBOB_F55,134,41,100,nivel_1,1,True,5.350137710571289,9.783672332763672,97,0.97,51,14,0.85
BBOB_F55,138,56,100,nivel_1,1,True,3.7341997623443604,8.67899227142334,99,0.99,51,21,0.74
BBOB_F55,142,40,100,nivel_1,1,True,7.135869026184082,9.907038688659668,45,0.45,51,20,0.74
BBOB_F55,146,6,100,nivel_1,1,True,6.588762283325195,9.757488250732422,45,0.45,51,25,0.69
BBOB_F55,150,56,100,nivel_1,1,True,5.946646690368652,8.289438247680664,41,0.41,51,21,0.75
BBOB_F55,154,55,100,nivel_1,1,True,5.627517223358154,8.65656566619873,62,0.62,51,25,0.7
BBOB_F55,158,57,100,nivel_2,2,False,5.121915340423584,9.313868522644043,65,0.65,51,30,0.67
BBOB_F55,162,0,100,nivel_1,1,True,8.119589805603027,8.119589805603027,1,0.01,51,18,0.78
BBOB_F55,166,22,100,nivel_1,1,True,7.158773422241211,8.45110034942627,8,0.08,51,20,0.72
BBOB_F55,170,22,100,nivel_1,1,True,6.577685356140137,8.804967880249023,28,0.28,51,28,0.71
BBOB_F55,174,3,100,nivel_1,1,True,6.804258823394775,6.804258823394775,1,0.01,51,26,0.71
BBOB_F55,178,16,100,nivel_1,1,True,5.962249755859375,7.949555397033691,24,0.24,51,24,0.69
BBOB_F55,182,67,100,nivel_1,1,True,4.376898288726807,7.996312141418457,82,0.82,51,22,0.78
BBOB_F55,186,45,100,nivel_1,1,True,6.425952434539795,9.234283447265625,56,0.56,51,15,0.83
BBOB_F55,190,61,100,nivel_1,1,True,6.900737285614014,9.642086029052734,47,0.47,27,9,0.9
BBOB_F55,194,46,100,nivel_1,1,True,6.149105548858643,9.848113059997559,34,0.34,51,11,0.88
BBOB_F55,198,9,100,nivel_1,1,True,4.099614143371582,7.88470983505249,80,0.8,51,14,0.8
BBOB_F55,202,45,100,nivel_1,1,True,4.432640075683594,8.386764526367188,93,0.93,51,29,0.66
BBOB_F55,206,26,100,nivel_1,1,True,4.859737873077393,7.957022666931152,68,0.68,51,10,0.86
BBOB_F55,210,4,100,nivel_2,2,False,5.606973171234131,9.978918075561523,62,0.62,51,24,0.67
BBOB_F55,214,58,100,nivel_1,1,True,4.665724754333496,7.8750786781311035,59,0.59,51,22,0.73
BBOB_F55,218,3,100,nivel_1,1,True,4.367385387420654,7.662997722625732,77,0.77,51,18,0.73
BBOB_F55,222,56,100,nivel_1,1,True,5.063414573669434,8.649694442749023,67,0.67,51,24,0.65
BBOB_F55,226,60,100,nivel_1,1,True,5.637461185455322,8.135993003845215,68,0.68,51,22,0.74
BBOB_F55,230,25,100,nivel_1,1,True,5.616652011871338,7.027341842651367,35,0.35,51,18,0.77
BBOB_F55,234,81,100,nivel_1,1,True,2.1203882694244385,4.8560261726379395,72,0.72,3,5,0.91
BBOB_F55,238,24,100,nivel_1,1,True,3.0386550426483154,9.587450981140137,100,1.0,51,23,0.75
BBOB_F55,242,17,100,nivel_1,1,True,3.829986095428467,7.739634990692139,97,0.97,51,28,0.68
BBOB_F55,246,17,100,nivel_1,1,True,5.428727626800537,8.49502944946289,64,0.64,51,29,0.65
BBOB_F55,250,15,100,nivel_1,1,True,5.976532936096191,9.07819652557373,49,0.49,51,25,0.62
BBOB_F55,254,38,100,nivel_1,1,True,5.491321563720703,8.833888053894043,46,0.46,51,19,0.79
BBOB_F55,258,34,100,nivel_1,1,True,3.967921733856201,7.813508033752441,89,0.89,51,22,0.72
BBOB_F55,262,12,100,nivel_1,1,True,4.899885654449463,7.3453240394592285,51,0.51,51,21,0.7
BBOB_F55,266,25,100,nivel_1,1,True,6.518510818481445,8.898902893066406,15,0.15,51,28,0.58
BBOB_F55,270,25,100,nivel_1,1,True,3.057816743850708,8.424269676208496,99,0.99,51,34,0.54
BBOB_F55,274,41,100,nivel_1,1,True,4.525583267211914,7.112296104431152,61,0.61,51,17,0.77
BBOB_F55,278,23,100,nivel_1,1,True,4.9854817390441895,6.7241997718811035,47,0.47,51,18,0.77
BBOB_F55,282,45,100,nivel_2,2,False,4.944917678833008,7.571157455444336,31,0.31,51,35,0.54
BBOB_F55,286,57,100,nivel_1,1,True,4.78540563583374,8.557080268859863,97,0.97,51,21,0.76
DTLZ1,2,65,79,nivel_1,1,True,0.31383946537971497,0.6864994764328003,71,0.8987341772151899,20,6,0.9113924050632911
DTLZ1,6,61,82,nivel_1,1,True,0.4928019046783447,0.4928019046783447,1,0.012195121951219513,2,0,1.0
DTLZ1,10,23,85,nivel_1,1,True,0.3647375702857971,0.7143943309783936,50,0.5882352941176471,12,4,0.9529411764705882
DTLZ1,14,5,88,nivel_1,1,True,0.37548303604125977,0.6498093008995056,48,0.5454545454545454,36,3,0.9545454545454546
DTLZ1,18,78,91,nivel_1,1,True,0.33886274695396423,0.6439542770385742,62,0.6813186813186813,11,6,0.9120879120879121
DTLZ1,22,48,94,nivel_1,1,True,0.5700536370277405,0.7087644934654236,7,0.07446808510638298,41,4,0.9468085106382979
DTLZ1,26,29,97,nivel_1,1,True,0.5012131333351135,0.7158721089363098,12,0.12371134020618557,9,7,0.9072164948453608
DTLZ1,30,43,100,nivel_1,1,True,0.44106078147888184,0.7792101502418518,21,0.21,25,6,0.91
DTLZ1,34,56,100,nivel_1,1,True,0.21519002318382263,0.519119143486023,79,0.79,23,8,0.9
DTLZ1,38,51,100,nivel_1,1,True,0.2592850625514984,0.6418609619140625,46,0.46,2,2,0.95
DTLZ1,42,79,100,nivel_1,1,True,0.2513081133365631,0.8203465938568115,89,0.89,10,7,0.92
DTLZ1,46,66,100,nivel_1,1,True,0.691487729549408,0.7171223163604736,4,0.04,16,7,0.9
DTLZ1,50,10,100,nivel_1,1,True,0.1689303070306778,0.6451278328895569,91,0.91,8,7,0.93
DTLZ1,54,40,100,nivel_1,1,True,0.5812016129493713,0.794297993183136,21,0.21,37,9,0.9
DTLZ1,58,52,100,nivel_1,1,True,0.26839321851730347,0.5477867722511292,55,0.55,9,9,0.91
DTLZ1,62,31,100,nivel_1,1,True,0.4504983127117157,0.8171404004096985,66,0.66,51,16,0.81
DTLZ1,66,65,100,nivel_1,1,True,0.29540297389030457,0.7267493605613708,83,0.83,26,8,0.9
DTLZ1,70,63,100,nivel_1,1,True,0.3363402783870697,0.746677815914154,75,0.75,8,6,0.94
DTLZ1,74,54,100,nivel_1,1,True,0.5709653496742249,0.8031270503997803,30,0.3,38,7,0.92
DTLZ1,78,22,100,nivel_1,1,True,0.3705965280532837,0.8166654109954834,55,0.55,51,25,0.69
DTLZ1,82,34,100,nivel_1,1,True,0.42760998010635376,0.837527334690094,59,0.59,51,24,0.71
DTLZ1,86,1,100,nivel_1,1,True,0.6679880619049072,0.6679880619049072,1,0.01,13,7,0.92
DTLZ1,90,11,100,nivel_1,1,True,0.36734557151794434,0.567794919013977,19,0.19,20,6,0.94
DTLZ1,94,36,100,nivel_1,1,True,0.6471449136734009,0.6471449136734009,1,0.01,10,9,0.9
DTLZ1,98,9,100,nivel_1,1,True,0.14617104828357697,0.6147869229316711,100,1.0,51,31,0.61
DTLZ1,102,64,100,nivel_1,1,True,0.537848711013794,0.6269897222518921,14,0.14,11,10,0.9
DTLZ1,106,84,100,nivel_1,1,True,0.4594970643520355,0.6799149513244629,56,0.56,30,8,0.9
DTLZ1,110,31,100,nivel_1,1,True,0.37107136845588684,0.7457281351089478,57,0.57,16,9,0.91
DTLZ1,114,46,100,nivel_1,1,True,0.6780388355255127,0.6835871338844299,3,0.03,45,8,0.9
DTLZ1,118,35,100,nivel_1,1,True,0.28301307559013367,0.7111390829086304,79,0.79,25,10,0.9
DTLZ1,122,38,100,nivel_1,1,True,0.2660768926143646,0.6530469059944153,82,0.82,21,7,0.93
DTLZ1,126,20,100,nivel_1,1,True,0.5136391520500183,0.7863544821739197,50,0.5,51,18,0.78
DTLZ1,130,52,100,nivel_1,1,True,0.466614305973053,0.7293723821640015,31,0.31,11,8,0.91
DTLZ1,134,70,100,nivel_1,1,True,0.47002843022346497,0.696307897567749,57,0.57,12,9,0.9
DTLZ1,138,60,100,nivel_1,1,True,0.10685284435749054,0.7404513955116272,100,1.0,11,8,0.91
DTLZ1,142,71,100,nivel_1,1,True,0.4524105489253998,0.6969452500343323,48,0.48,20,10,0.9
DTLZ1,146,47,100,nivel_1,1,True,0.6191226840019226,0.6989324688911438,13,0.13,49,10,0.9
DTLZ1,150,85,100,nivel_1,1,True,0.07568876445293427,0.6221732497215271,82,0.82,2,4,0.9
DTLZ1,154,8,100,nivel_1,1,True,0.4394727349281311,0.6521220207214355,16,0.16,4,6,0.93
DTLZ1,158,84,100,nivel_3,3,False,0.42438235878944397,0.6883543133735657,43,0.43,38,8,0.9
DTLZ1,162,78,100,nivel_1,1,True,0.4889644980430603,0.6994844675064087,47,0.47,21,6,0.94
DTLZ1,166,24,100,nivel_1,1,True,0.7277432680130005,0.7277432680130005,1,0.01,18,8,0.9
DTLZ1,170,14,100,nivel_1,1,True,0.5125324130058289,0.6130367517471313,36,0.36,17,4,0.96
DTLZ1,174,88,100,nivel_1,1,True,0.28897449374198914,0.6920670866966248,92,0.92,31,9,0.9
DTLZ1,178,19,100,nivel_1,1,True,0.5418601632118225,0.7076191306114197,37,0.37,51,16,0.74
DTLZ1,182,78,100,nivel_1,1,True,0.4828372299671173,0.6202929019927979,20,0.2,12,9,0.91
DTLZ2,2,87,100,nivel_2,2,False,0.8695386648178101,0.9444994330406189,2,0.02,2,6,0.92
DTLZ2,6,55,100,nivel_1,1,True,0.6191531419754028,0.7350809574127197,19,0.19,3,3,0.96
DTLZ2,10,79,100,nivel_1,1,True,0.3300171494483948,0.8021818995475769,75,0.75,2,2,0.91
DTLZ2,14,19,100,nivel_1,1,True,0.81873619556427,1.1062734127044678,58,0.58,33,7,0.92
DTLZ2,18,52,100,nivel_1,1,True,0.6877149939537048,0.8762359023094177,10,0.1,2,0,0.93
DTLZ2,22,24,100,nivel_2,2,False,0.7918810248374939,0.9265719056129456,8,0.08,2,0,0.94
DTLZ2,26,48,100,nivel_1,1,True,0.9088553190231323,1.025265097618103,18,0.18,14,10,0.9
DTLZ2,30,7,100,nivel_1,1,True,0.8470388054847717,0.8470388054847717,1,0.01,3,7,0.93
DTLZ2,34,1,100,nivel_1,1,True,0.9284175038337708,1.26469886302948,49,0.49,51,25,0.72
DTLZ2,38,77,100,nivel_1,1,True,0.41564345359802246,0.7971792221069336,71,0.71,2,3,0.91
DTLZ2,42,27,100,nivel_1,1,True,0.7484585642814636,0.7484585642814636,1,0.01,2,1,0.99
DTLZ2,46,86,100,nivel_1,1,True,0.9063790440559387,1.2260322570800781,58,0.58,41,7,0.92
DTLZ2,50,24,100,nivel_1,1,True,0.7762760519981384,0.7762760519981384,1,0.01,2,1,0.9
DTLZ2,54,33,100,nivel_1,1,True,0.9368410110473633,1.1761362552642822,55,0.55,21,10,0.9
DTLZ2,58,16,100,nivel_1,1,True,0.8508681654930115,0.9275243878364563,12,0.12,17,4,0.96
DTLZ2,62,30,100,nivel_1,1,True,0.6044424772262573,0.7250211238861084,8,0.08,3,5,0.93
DTLZ2,66,40,100,nivel_1,1,True,0.4606034755706787,0.7238778471946716,61,0.61,3,7,0.91
DTLZ2,70,68,100,nivel_1,1,True,0.7884429097175598,1.117840051651001,76,0.76,27,9,0.9
DTLZ2,74,65,100,nivel_3,3,False,0.9246223568916321,1.1308459043502808,11,0.11,20,6,0.93
DTLZ2,78,66,100,nivel_1,1,True,0.7398734092712402,1.1000990867614746,77,0.77,45,9,0.9
DTLZ2,82,70,100,nivel_1,1,True,0.6425074934959412,0.6425074934959412,1,0.01,2,0,1.0
DTLZ2,86,10,100,nivel_1,1,True,1.120732069015503,1.2106467485427856,9,0.09,51,22,0.72
DTLZ2,90,49,100,nivel_1,1,True,0.6273323893547058,0.7666947245597839,15,0.15,3,10,0.9
DTLZ2,94,35,100,nivel_1,1,True,0.7979516983032227,1.1585863828659058,61,0.61,18,9,0.91
DTLZ2,98,31,100,nivel_1,1,True,0.6357954740524292,1.0323395729064941,20,0.2,2,0,0.94
DTLZ2,102,25,100,nivel_1,1,True,0.7952975034713745,1.1548829078674316,71,0.71,41,7,0.91
DTLZ2,106,69,100,nivel_1,1,True,0.5445489883422852,0.8144590258598328,21,0.21,2,0,0.94
DTLZ2,110,9,100,nivel_1,1,True,0.5871303081512451,0.8423556685447693,19,0.19,5,8,0.91
DTLZ2,114,44,100,nivel_1,1,True,0.8315460681915283,1.133925199508667,41,0.41,15,7,0.93
DTLZ2,118,82,100,nivel_1,1,True,0.38924920558929443,0.9312068223953247,96,0.96,8,8,0.9
DTLZ2,122,87,100,nivel_1,1,True,0.5602333545684814,0.9653590321540833,48,0.48,4,6,0.94
DTLZ2,126,63,100,nivel_1,1,True,0.3582456707954407,0.8082690834999084,73,0.73,4,10,0.9
DTLZ2,130,14,100,nivel_1,1,True,0.6963974833488464,0.6963974833488464,1,0.01,3,5,0.95
DTLZ2,134,15,100,nivel_1,1,True,0.43550974130630493,0.6631649136543274,48,0.48,5,9,0.9
DTLZ2,138,93,100,nivel_1,1,True,0.6396858096122742,0.6396858096122742,1,0.01,2,0,1.0
DTLZ2,142,79,100,nivel_1,1,True,1.090266466140747,1.2477538585662842,10,0.1,27,8,0.9
DTLZ2,146,87,100,nivel_1,1,True,0.7428653240203857,1.0994439125061035,68,0.68,19,7,0.93
DTLZ2,150,77,100,nivel_2,2,False,0.448276162147522,0.9276893138885498,75,0.75,3,7,0.91
DTLZ2,154,29,100,nivel_1,1,True,0.7216982841491699,1.4038289785385132,83,0.83,25,9,0.9
DTLZ2,158,18,100,nivel_1,1,True,0.7741749882698059,1.097674012184143,70,0.7,51,13,0.8
DTLZ2,162,25,100,nivel_1,1,True,0.7981449365615845,1.1165030002593994,80,0.8,32,10,0.9
DTLZ2,166,50,100,nivel_1,1,True,0.40404826402664185,0.8069371581077576,56,0.56,3,7,0.93
DTLZ2,170,44,100,nivel_1,1,True,0.5936195850372314,0.7767615914344788,33,0.33,5,6,0.92
DTLZ2,174,49,100,nivel_1,1,True,0.6693595051765442,1.223020315170288,83,0.83,51,29,0.68
DTLZ2,178,85,100,nivel_1,1,True,0.8473020195960999,0.9625110626220703,12,0.12,21,3,0.96
DTLZ2,182,17,100,nivel_1,1,True,0.8970462083816528,1.152833104133606,44,0.44,27,7,0.92
DTLZ2,186,20,100,nivel_1,1,True,0.5025021433830261,1.2028135061264038,99,0.99,19,8,0.9
DTLZ2,190,33,100,nivel_1,1,True,0.6769422292709351,1.1073949337005615,80,0.8,17,6,0.93
DTLZ2,194,88,100,nivel_1,1,True,0.5828298926353455,0.5828298926353455,1,0.01,2,0,1.0
DTLZ2,198,79,100,nivel_1,1,True,0.7781170010566711,1.1020970344543457,74,0.74,51,15,0.84
DTLZ2,202,65,100,nivel_1,1,True,0.6472952365875244,0.8764618635177612,28,0.28,10,6,0.92
DTLZ2,206,67,100,nivel_1,1,True,0.8545100092887878,1.12795090675354,27,0.27,51,18,0.81
DTLZ2,210,35,100,nivel_1,1,True,0.6714140772819519,1.0877834558486938,87,0.87,40,6,0.93
DTLZ2,214,78,100,nivel_1,1,True,0.5755525231361389,0.9555638432502747,38,0.38,4,10,0.9
DTLZ2,218,80,100,nivel_1,1,True,0.6746352910995483,0.9118039011955261,34,0.34,11,9,0.91
DTLZ2,222,27,100,nivel_1,1,True,0.5132219791412354,0.6450609564781189,19,0.19,3,5,0.93
DTLZ2,226,64,100,nivel_1,1,True,0.6514345407485962,0.9595889449119568,58,0.58,11,8,0.9
DTLZ2,230,9,100,nivel_1,1,True,0.610873818397522,0.7521881461143494,29,0.29,11,9,0.91
DTLZ2,234,23,100,nivel_1,1,True,0.8707593083381653,1.2374168634414673,54,0.54,30,9,0.9
DTLZ2,238,44,100,nivel_1,1,True,0.7473916411399841,1.0203619003295898,17,0.17,12,5,0.94
DTLZ2,242,22,100,nivel_1,1,True,0.6267535090446472,1.0425372123718262,92,0.92,12,8,0.9
DTLZ2,246,64,100,nivel_1,1,True,0.628013014793396,0.8069707155227661,38,0.38,6,6,0.94
DTLZ2,250,57,100,nivel_1,1,True,0.7744086980819702,1.062496542930603,72,0.72,51,16,0.81
DTLZ2,254,2,100,nivel_1,1,True,1.076744794845581,1.076744794845581,1,0.01,51,21,0.72
DTLZ2,258,42,100,nivel_1,1,True,0.5961547493934631,1.0665634870529175,87,0.87,22,8,0.91
DTLZ2,262,4,100,nivel_1,1,True,0.920269250869751,1.1209502220153809,39,0.39,50,5,0.93
DTLZ2,266,16,100,nivel_1,1,True,0.34767472743988037,0.681646466255188,56,0.56,2,0,0.94
DTLZ2,270,34,100,nivel_1,1,True,0.7694734930992126,1.0007485151290894,51,0.51,23,8,0.9
DTLZ2,274,34,100,nivel_1,1,True,0.634466826915741,1.1638926267623901,90,0.9,33,9,0.9
DTLZ2,278,28,100,nivel_1,1,True,0.8989415168762207,1.0544980764389038,15,0.15,19,6,0.92
DTLZ2,282,22,100,nivel_1,1,True,0.7289424538612366,0.840139627456665,19,0.19,5,8,0.91
DTLZ2,286,37,100,nivel_1,1,True,0.5505743622779846,0.5505743622779846,1,0.01,2,0,0.99
DTLZ2,290,13,100,nivel_1,1,True,0.2835530936717987,0.5846288800239563,76,0.76,3,6,0.9
DTLZ2,294,4,100,nivel_1,1,True,0.4617050588130951,0.7125484347343445,63,0.63,7,9,0.91
DTLZ2,298,64,100,nivel_1,1,True,0.6923864483833313,1.2757881879806519,72,0.72,41,7,0.9
DTLZ2,302,9,100,nivel_1,1,True,0.6504793167114258,0.9625948667526245,85,0.85,51,23,0.74
DTLZ2,306,27,100,nivel_1,1,True,0.39701369404792786,0.6017673015594482,56,0.56,2,1,0.98
DTLZ2,310,40,100,nivel_1,1,True,0.6660738587379456,1.0586049556732178,80,0.8,51,24,0.68
DTLZ2,314,77,100,nivel_1,1,True,0.8477964997291565,1.1176615953445435,32,0.32,51,16,0.81
DTLZ3,2,27,100,nivel_1,1,True,0.47208184003829956,0.8170479536056519,55,0.55,2,1,0.98
DTLZ3,6,42,100,nivel_1,1,True,0.19275473058223724,0.886097252368927,96,0.96,2,2,0.96
DTLZ3,10,9,100,nivel_1,1,True,0.8361572623252869,0.8361572623252869,1,0.01,2,1,0.97
DTLZ3,14,79,100,nivel_1,1,True,1.0398497581481934,1.274808406829834,28,0.28,51,18,0.8
DTLZ3,22,19,100,nivel_1,1,True,1.0861819982528687,1.0861819982528687,1,0.01,13,9,0.9
DTLZ3,30,43,100,nivel_1,1,True,0.7827719449996948,1.2130972146987915,58,0.58,38,9,0.91
DTLZ3,38,15,100,nivel_1,1,True,0.715819239616394,0.9937829375267029,14,0.14,2,1,0.94
DTLZ3,42,64,100,nivel_1,1,True,0.7166335582733154,1.0586588382720947,25,0.25,3,10,0.9
DTLZ3,46,59,100,nivel_1,1,True,0.709648609161377,1.139695167541504,79,0.79,20,6,0.94
DTLZ3,50,22,100,nivel_1,1,True,1.1023879051208496,1.1434483528137207,12,0.12,51,16,0.84
DTLZ3,54,14,100,nivel_1,1,True,0.6408933997154236,1.141357421875,78,0.78,16,9,0.91
DTLZ3,58,42,100,nivel_1,1,True,0.7416448593139648,1.1328667402267456,54,0.54,23,4,0.95
DTLZ3,62,52,100,nivel_1,1,True,1.1000373363494873,1.1710379123687744,2,0.02,51,9,0.9
DTLZ3,66,68,100,nivel_1,1,True,0.43697258830070496,1.1167755126953125,70,0.7,15,8,0.9
DTLZ3,70,79,100,nivel_1,1,True,0.7449610233306885,1.1271361112594604,53,0.53,25,6,0.94
DTLZ3,74,90,100,nivel_1,1,True,0.586264967918396,1.0210213661193848,70,0.7,36,6,0.92
DTLZ3,78,7,100,nivel_1,1,True,0.8328805565834045,1.1943014860153198,31,0.31,8,10,0.9
DTLZ3,82,40,100,nivel_1,1,True,0.5970965027809143,0.9766253232955933,68,0.68,33,3,0.97
DTLZ3,86,3,100,nivel_3,3,False,0.8164902925491333,1.1236366033554077,25,0.25,51,14,0.84
DTLZ3,90,24,100,nivel_1,1,True,0.6373023390769958,0.9309468865394592,31,0.31,10,9,0.9
DTLZ3,94,7,100,nivel_1,1,True,1.0115736722946167,1.0115736722946167,1,0.01,9,8,0.9
DTLZ3,98,47,100,nivel_1,1,True,0.5124561786651611,1.004906177520752,25,0.25,3,8,0.91
DTLZ3,102,27,100,nivel_1,1,True,0.6240193843841553,1.152453899383545,90,0.9,51,22,0.74
DTLZ3,106,38,100,nivel_1,1,True,0.6521522402763367,1.0244778394699097,54,0.54,39,8,0.92
DTLZ3,110,25,100,nivel_1,1,True,0.501027524471283,0.501027524471283,1,0.01,2,2,0.98
DTLZ3,114,20,100,nivel_1,1,True,0.538670539855957,1.0589251518249512,81,0.81,32,7,0.9
DTLZ3,118,69,100,nivel_1,1,True,0.6605483889579773,1.072058081626892,64,0.64,24,7,0.91
DTLZ3,122,63,100,nivel_1,1,True,0.7712637782096863,1.00995671749115,32,0.32,31,5,0.93
DTLZ3,126,28,100,nivel_1,1,True,0.8154183030128479,1.2670365571975708,83,0.83,46,10,0.9
DTLZ3,130,49,100,nivel_1,1,True,0.4418714940547943,0.4418714940547943,1,0.01,2,0,1.0
DTLZ3,134,24,100,nivel_1,1,True,0.9178191423416138,1.117527961730957,18,0.18,40,9,0.9
DTLZ3,138,84,100,nivel_1,1,True,0.4495721757411957,1.0436557531356812,83,0.83,22,9,0.9
DTLZ3,142,35,100,nivel_1,1,True,0.6613003015518188,1.159976601600647,81,0.81,31,10,0.9
DTLZ3,146,30,100,nivel_1,1,True,0.9460112452507019,0.9460112452507019,1,0.01,23,5,0.95
DTLZ3,150,19,100,nivel_1,1,True,0.1949077546596527,0.8609232902526855,90,0.9,22,6,0.93
DTLZ3,154,67,100,nivel_1,1,True,0.8011184334754944,0.9407761096954346,6,0.06,19,6,0.94
DTLZ3,158,68,100,nivel_1,1,True,0.7309497594833374,0.9161936044692993,26,0.26,51,13,0.86
DTLZ3,162,31,100,nivel_1,1,True,0.4675907492637634,0.8328644037246704,59,0.59,10,9,0.91
DTLZ3,166,61,100,nivel_1,1,True,0.6348797082901001,1.1079751253128052,47,0.47,12,6,0.94
DTLZ3,170,27,100,nivel_1,1,True,1.0856839418411255,1.0856839418411255,1,0.01,28,7,0.92
DTLZ3,174,16,100,nivel_1,1,True,0.4526759088039398,0.9143478870391846,39,0.39,18,10,0.9
DTLZ3,178,36,100,nivel_1,1,True,0.7375702261924744,1.0634185075759888,71,0.71,43,9,0.9
DTLZ3,182,38,100,nivel_1,1,True,0.9696817994117737,1.0724414587020874,6,0.06,9,7,0.9
DTLZ3,186,61,100,nivel_1,1,True,0.42785707116127014,0.8149169683456421,48,0.48,19,9,0.9
DTLZ3,190,21,100,nivel_1,1,True,0.3017526865005493,0.6323103904724121,45,0.45,2,2,0.96
DTLZ3,194,43,100,nivel_1,1,True,0.36385467648506165,1.0289510488510132,81,0.81,19,9,0.91
DTLZ3,198,57,100,nivel_1,1,True,0.46596741676330566,0.8392688632011414,18,0.18,4,8,0.91
DTLZ3,202,67,100,nivel_2,2,False,0.37414616346359253,0.8528981804847717,87,0.87,25,5,0.94
DTLZ3,206,23,100,nivel_1,1,True,0.22629693150520325,0.927899956703186,95,0.95,18,7,0.92
DTLZ3,210,29,100,nivel_1,1,True,0.3319425582885742,0.8182293772697449,42,0.42,25,9,0.91
DTLZ3,214,77,100,nivel_1,1,True,0.44393935799598694,1.0542079210281372,72,0.72,51,15,0.81
DTLZ3,218,77,100,nivel_1,1,True,0.8370484113693237,0.9002507925033569,3,0.03,6,10,0.9
DTLZ3,222,82,100,nivel_1,1,True,0.4529385566711426,0.8362310528755188,57,0.57,3,9,0.91
DTLZ3,226,15,100,nivel_1,1,True,1.0322554111480713,1.0322554111480713,1,0.01,16,8,0.9
DTLZ3,230,15,100,nivel_1,1,True,0.3894047737121582,0.8636536002159119,58,0.58,26,9,0.91
DTLZ3,234,44,100,nivel_1,1,True,0.2030385136604309,0.8472774028778076,44,0.44,51,11,0.87
DTLZ3,238,83,100,nivel_1,1,True,0.6728864312171936,1.0514646768569946,56,0.56,28,8,0.92
DTLZ3,242,79,100,nivel_1,1,True,0.5758085250854492,0.6073636412620544,5,0.05,20,6,0.93
DTLZ3,246,19,100,nivel_1,1,True,0.6738628149032593,1.0401934385299683,59,0.59,18,9,0.9
DTLZ3,250,5,100,nivel_1,1,True,0.7456772923469543,1.0742802619934082,21,0.21,31,9,0.91
DTLZ3,254,75,100,nivel_1,1,True,0.3365483283996582,0.4821673333644867,72,0.72,2,0,0.97
DTLZ3,258,47,100,nivel_1,1,True,0.6251450181007385,0.6768085360527039,12,0.12,3,6,0.91
DTLZ3,262,56,100,nivel_1,1,True,0.7307514548301697,0.817344605922699,6,0.06,13,6,0.92
DTLZ3,266,5,100,nivel_1,1,True,0.6427479386329651,0.8084741234779358,2,0.02,3,7,0.91
DTLZ3,270,82,100,nivel_1,1,True,0.41921764612197876,0.6698869466781616,49,0.49,13,6,0.93
DTLZ3,274,60,100,nivel_1,1,True,0.3165002465248108,0.7488796710968018,64,0.64,8,9,0.9
DTLZ3,278,68,100,nivel_1,1,True,0.503612220287323,0.891954243183136,50,0.5,30,8,0.91
DTLZ3,282,31,100,nivel_1,1,True,0.3606127202510834,0.99019455909729,94,0.94,9,6,0.94
DTLZ3,286,58,100,nivel_1,1,True,0.9273134469985962,0.9896186590194702,3,0.03,19,10,0.9
DTLZ3,290,59,100,nivel_1,1,True,0.3657541871070862,1.013780117034912,57,0.57,13,10,0.9
DTLZ3,294,59,100,nivel_1,1,True,0.2777687609195709,0.5705186128616333,60,0.6,51,13,0.83
DTLZ3,298,87,100,nivel_1,1,True,0.47350525856018066,0.9137517809867859,57,0.57,15,5,0.95
DTLZ3,302,3,100,nivel_1,1,True,0.8207921981811523,1.0238864421844482,71,0.71,51,12,0.8
DTLZ3,306,26,100,nivel_1,1,True,0.4842441976070404,0.870800793170929,52,0.52,36,8,0.92
DTLZ3,310,4,100,nivel_1,1,True,0.4680784344673157,0.9033849835395813,38,0.38,15,6,0.93
DTLZ3,314,55,100,nivel_1,1,True,0.45303189754486084,0.9279345273971558,87,0.87,51,15,0.82
DTLZ3,318,88,100,nivel_1,1,True,0.6378556489944458,0.8016765713691711,9,0.09,21,9,0.9
DTLZ4,2,92,100,nivel_1,1,True,0.3598933517932892,0.8445440530776978,79,0.79,2,2,0.97
DTLZ4,6,65,100,nivel_1,1,True,0.5039927363395691,0.7648285627365112,54,0.54,2,3,0.93
DTLZ4,10,24,100,nivel_1,1,True,0.8578206896781921,0.8578206896781921,1,0.01,2,1,0.96
DTLZ4,14,88,100,nivel_1,1,True,1.104353666305542,1.2065863609313965,3,0.03,16,8,0.91
DTLZ4,18,13,100,nivel_1,1,True,0.7663715481758118,1.1163678169250488,55,0.55,29,10,0.9
DTLZ4,22,41,100,nivel_1,1,True,0.4297674596309662,1.0102086067199707,88,0.88,2,1,0.9
DTLZ4,26,43,100,nivel_1,1,True,0.5751565098762512,0.9875250458717346,44,0.44,5,5,0.93
DTLZ4,30,27,100,nivel_1,1,True,0.5524021983146667,0.9121272563934326,47,0.47,4,9,0.9
DTLZ4,34,25,100,nivel_1,1,True,0.7719985842704773,1.0550481081008911,18,0.18,6,9,0.91
DTLZ4,38,78,100,nivel_1,1,True,0.41267165541648865,0.8305967450141907,59,0.59,3,8,0.92
DTLZ4,42,31,100,nivel_1,1,True,0.8101776242256165,1.1029762029647827,40,0.4,22,8,0.91
DTLZ4,46,89,100,nivel_1,1,True,0.3984889090061188,0.7509536743164062,82,0.82,2,4,0.91
DTLZ4,50,56,100,nivel_1,1,True,0.8120072484016418,0.9771791100502014,21,0.21,8,9,0.91
DTLZ4,54,74,100,nivel_1,1,True,0.4497176706790924,0.6385900378227234,42,0.42,2,0,0.93
DTLZ4,58,25,100,nivel_1,1,True,0.6209248900413513,0.6209248900413513,1,0.01,2,0,1.0
DTLZ4,62,74,100,nivel_1,1,True,1.0295372009277344,1.1809357404708862,13,0.13,33,4,0.95
DTLZ4,66,49,100,nivel_1,1,True,0.8904142379760742,1.1739768981933594,52,0.52,51,21,0.75
DTLZ4,70,23,100,nivel_1,1,True,0.6446745991706848,0.8484389185905457,38,0.38,3,8,0.9
DTLZ4,74,20,100,nivel_1,1,True,0.544672966003418,0.9709253311157227,89,0.89,9,8,0.9
DTLZ4,78,23,100,nivel_1,1,True,0.3697856366634369,1.0798425674438477,98,0.98,6,9,0.9
DTLZ4,82,60,100,nivel_1,1,True,0.7114681601524353,1.0299123525619507,46,0.46,9,7,0.9
DTLZ4,86,21,100,nivel_1,1,True,0.7969357967376709,1.1312378644943237,37,0.37,17,7,0.92
DTLZ4,90,8,100,nivel_1,1,True,1.0292264223098755,1.0292264223098755,1,0.01,16,8,0.9
DTLZ4,94,88,100,nivel_1,1,True,0.7703299522399902,0.911075234413147,22,0.22,16,9,0.9
DTLZ4,98,10,100,nivel_1,1,True,1.0739480257034302,1.0739480257034302,1,0.01,32,8,0.91
DTLZ4,102,19,100,nivel_2,2,False,0.9827434420585632,1.1194748878479004,6,0.06,51,11,0.82
DTLZ4,106,38,100,nivel_1,1,True,0.4759266674518585,1.0063705444335938,90,0.9,7,10,0.9
DTLZ4,110,24,100,nivel_1,1,True,0.5236465334892273,1.104333519935608,93,0.93,28,7,0.93
DTLZ4,114,38,100,nivel_1,1,True,0.3367860019207001,1.0510995388031006,100,1.0,17,10,0.9
DTLZ4,118,78,100,nivel_1,1,True,0.8078552484512329,1.155378818511963,44,0.44,23,6,0.93
DTLZ4,122,14,100,nivel_1,1,True,0.6791626811027527,0.6791626811027527,1,0.01,4,9,0.91
DTLZ4,126,68,100,nivel_1,1,True,0.819031834602356,1.0849412679672241,41,0.41,20,8,0.92
DTLZ4,130,6,100,nivel_1,1,True,0.5801047086715698,0.9887903332710266,73,0.73,14,8,0.92
DTLZ4,134,79,100,nivel_1,1,True,0.6951078176498413,1.0599199533462524,69,0.69,39,9,0.9
DTLZ4,138,6,100,nivel_1,1,True,0.5244565606117249,1.039850115776062,98,0.98,21,6,0.93
DTLZ4,142,10,100,nivel_1,1,True,0.6974581480026245,1.0672931671142578,60,0.6,20,9,0.9
DTLZ4,146,52,100,nivel_1,1,True,0.8092020153999329,1.1196417808532715,36,0.36,51,27,0.67
DTLZ4,150,89,100,nivel_1,1,True,0.7839804887771606,1.0694825649261475,48,0.48,35,6,0.94
DTLZ4,154,54,100,nivel_1,1,True,0.9921573400497437,1.1909451484680176,22,0.22,27,6,0.93
DTLZ4,158,13,100,nivel_1,1,True,0.6782746315002441,1.0583559274673462,57,0.57,16,10,0.9
DTLZ4,162,81,100,nivel_1,1,True,0.6964916586875916,1.13291335105896,84,0.84,22,8,0.9
DTLZ4,166,72,100,nivel_1,1,True,0.7011240124702454,1.0688092708587646,72,0.72,51,7,0.92
DTLZ4,170,70,100,nivel_1,1,True,0.5850328803062439,1.0163629055023193,65,0.65,27,9,0.9
DTLZ4,174,40,100,nivel_1,1,True,0.5711537003517151,0.9771000742912292,81,0.81,9,6,0.93
DTLZ4,178,10,100,nivel_1,1,True,0.774663507938385,0.774663507938385,1,0.01,2,1,0.92
DTLZ4,182,37,100,nivel_1,1,True,0.5857646465301514,1.1099302768707275,90,0.9,35,6,0.9
DTLZ4,186,26,100,nivel_1,1,True,0.9456401467323303,1.0162341594696045,8,0.08,24,6,0.94
DTLZ4,190,21,100,nivel_1,1,True,0.6209678053855896,1.088805079460144,88,0.88,13,7,0.9
DTLZ4,194,13,100,nivel_1,1,True,0.8697547912597656,1.2613494396209717,37,0.37,51,15,0.84
DTLZ4,198,13,100,nivel_1,1,True,0.542965829372406,0.7422237396240234,37,0.37,2,2,0.93
DTLZ4,202,76,100,nivel_1,1,True,0.8730183839797974,1.1513986587524414,23,0.23,46,10,0.9
DTLZ4,206,15,100,nivel_1,1,True,1.1092311143875122,1.1092311143875122,1,0.01,20,7,0.93
DTLZ4,210,13,100,nivel_1,1,True,0.9862848520278931,1.0855915546417236,2,0.02,14,6,0.92
DTLZ4,214,80,100,nivel_1,1,True,0.7814270853996277,0.8659404516220093,11,0.11,18,9,0.9
DTLZ4,218,15,100,nivel_1,1,True,0.5194135308265686,0.7848308086395264,86,0.86,9,9,0.91
DTLZ4,222,43,100,nivel_1,1,True,0.37114429473876953,0.7359966039657593,83,0.83,3,9,0.9
DTLZ4,226,40,100,nivel_1,1,True,0.7885264754295349,1.0560851097106934,46,0.46,34,5,0.95
DTLZ4,230,48,100,nivel_1,1,True,0.3979399502277374,1.0207829475402832,91,0.91,14,9,0.9
DTLZ4,234,6,100,nivel_1,1,True,0.3655899167060852,0.9774126410484314,93,0.93,4,8,0.91
DTLZ4,238,91,100,nivel_1,1,True,0.8934985995292664,1.0090187788009644,17,0.17,19,6,0.93
DTLZ4,242,67,100,nivel_1,1,True,0.500378429889679,0.7330365777015686,19,0.19,2,2,0.98
DTLZ4,246,13,100,nivel_1,1,True,0.6607275009155273,0.9849368333816528,43,0.43,22,7,0.91
DTLZ4,250,68,100,nivel_1,1,True,0.8800874948501587,1.0230454206466675,17,0.17,51,16,0.81
DTLZ4,254,24,100,nivel_1,1,True,0.9132798314094543,0.9132798314094543,1,0.01,6,5,0.93
DTLZ4,258,31,100,nivel_1,1,True,0.9722208380699158,1.1377359628677368,18,0.18,22,8,0.91
DTLZ4,262,75,100,nivel_1,1,True,0.6926324963569641,1.11188542842865,82,0.82,16,6,0.94
DTLZ4,266,86,100,nivel_1,1,True,0.8116470575332642,1.0640398263931274,27,0.27,28,5,0.94
DTLZ4,270,82,100,nivel_1,1,True,0.6833838820457458,0.7858520746231079,14,0.14,6,5,0.95
DTLZ4,274,74,100,nivel_1,1,True,0.7205818891525269,1.0776402950286865,77,0.77,46,10,0.9
DTLZ4,278,9,100,nivel_1,1,True,1.006940484046936,1.006940484046936,1,0.01,22,9,0.91
DTLZ4,282,29,100,nivel_1,1,True,0.7779707312583923,0.9884377121925354,40,0.4,42,10,0.9
DTLZ4,286,46,100,nivel_1,1,True,0.9418637156486511,1.013850212097168,6,0.06,51,19,0.8
DTLZ4,290,66,100,nivel_1,1,True,0.5372397303581238,1.0093798637390137,82,0.82,26,8,0.91
DTLZ4,294,58,100,nivel_1,1,True,0.5218265056610107,0.7936815023422241,40,0.4,6,5,0.95
DTLZ4,298,72,100,nivel_1,1,True,0.8980299830436707,1.1178392171859741,41,0.41,51,14,0.79
DTLZ4,302,73,100,nivel_1,1,True,0.29964515566825867,0.7320408821105957,92,0.92,3,7,0.92
DTLZ4,306,83,100,nivel_1,1,True,0.6935462951660156,1.0045756101608276,72,0.72,13,7,0.91
DTLZ4,310,67,100,nivel_1,1,True,0.6868390440940857,0.9986846446990967,68,0.68,36,8,0.91
DTLZ4,314,59,100,nivel_1,1,True,0.6437066793441772,0.9138283729553223,24,0.24,6,8,0.9
DTLZ7,2,47,100,nivel_1,1,True,1.2563533782958984,1.2563533782958984,1,0.01,2,0,1.0
DTLZ7,174,25,100,nivel_1,1,True,0.13782817125320435,0.5438305735588074,74,0.74,2,0,0.95
DTLZ7,186,78,100,nivel_1,1,True,0.04128566011786461,0.5049259662628174,94,0.94,2,0,0.96
DTLZ7,190,18,100,nivel_1,1,True,0.6561651825904846,0.6561651825904846,1,0.01,3,4,0.96
DTLZ7,194,71,100,nivel_1,1,True,0.44799959659576416,1.0113338232040405,60,0.6,16,7,0.93
DTLZ7,198,83,100,nivel_1,1,True,0.17171965539455414,0.2875176668167114,42,0.42,5,5,0.93
DTLZ7,202,56,100,nivel_1,1,True,0.6979767084121704,0.8572753071784973,30,0.3,26,10,0.9
DTLZ7,206,84,100,nivel_1,1,True,0.3689057230949402,0.7023413777351379,41,0.41,13,8,0.91
DTLZ7,234,23,100,nivel_1,1,True,0.6935771703720093,1.2677456140518188,93,0.93,51,28,0.67
DTLZ7,238,15,100,nivel_1,1,True,0.11626630276441574,0.20706310868263245,40,0.4,2,0,0.98
DTLZ7,242,86,100,nivel_1,1,True,0.3853422701358795,0.4732971787452698,15,0.15,4,6,0.91
DTLZ7,246,41,100,nivel_1,1,True,0.48675891757011414,0.48675891757011414,1,0.01,3,0,1.0
DTLZ7,250,27,100,nivel_1,1,True,0.15551508963108063,0.44605502486228943,91,0.91,12,7,0.93
DTLZ7,254,65,100,nivel_1,1,True,0.31353864073753357,0.3908970355987549,14,0.14,4,3,0.96
DTLZ7,258,78,100,nivel_1,1,True,0.41068580746650696,0.509463906288147,10,0.1,7,10,0.9
DTLZ7,262,79,100,nivel_1,1,True,0.5017495155334473,0.5694699883460999,2,0.02,5,9,0.91
DTLZ7,266,14,100,nivel_1,1,True,0.2803131341934204,0.40806668996810913,25,0.25,6,6,0.93
DTLZ7,270,54,100,nivel_1,1,True,0.34044626355171204,0.5451839566230774,21,0.21,7,9,0.9
DTLZ7,274,59,100,nivel_1,1,True,0.5699272751808167,0.7905746698379517,21,0.21,12,7,0.92
DTLZ7,278,1,100,nivel_1,1,True,0.5864488482475281,0.5864488482475281,1,0.01,10,8,0.92
DTLZ7,282,14,100,nivel_1,1,True,0.4656364917755127,0.5300390124320984,14,0.14,2,1,0.95
DTLZ7,286,46,100,nivel_1,1,True,0.37563356757164,0.5423039793968201,49,0.49,15,6,0.94
DTLZ7,290,17,100,nivel_1,1,True,0.58986496925354,0.7863994836807251,33,0.33,22,4,0.96
DTLZ7,294,88,100,nivel_1,1,True,0.3700908422470093,0.49437275528907776,20,0.2,14,6,0.93
DTLZ7,298,20,100,nivel_4,4,False,0.7196981906890869,0.9378117322921753,50,0.5,39,9,0.9
DTLZ7,302,16,100,nivel_1,1,True,0.8992676734924316,1.056838035583496,5,0.05,51,31,0.54
DTLZ7,306,72,100,nivel_1,1,True,0.2055738866329193,0.3274308741092682,50,0.5,5,5,0.95
DTLZ7,310,67,100,nivel_1,1,True,1.0051465034484863,1.3119759559631348,22,0.22,51,24,0.72
DTLZ7,314,77,100,nivel_1,1,True,0.8763598799705505,1.095298409461975,27,0.27,51,9,0.81
DTLZ7,318,41,100,nivel_1,1,True,0.7181509733200073,0.957481861114502,53,0.53,51,25,0.72
DTLZ7,322,35,100,nivel_1,1,True,0.33952245116233826,0.33952245116233826,1,0.01,3,4,0.96
DTLZ7,326,55,100,nivel_1,1,True,0.09118404984474182,0.48856914043426514,84,0.84,5,8,0.92
DTLZ7,330,4,100,nivel_1,1,True,0.5922169089317322,1.0643644332885742,76,0.76,51,27,0.62
DTLZ7,334,83,100,nivel_1,1,True,0.4277133047580719,0.7466068863868713,67,0.67,20,9,0.91
DTLZ7,338,63,100,nivel_1,1,True,1.0720146894454956,1.2366235256195068,55,0.55,51,23,0.7
DTLZ7,342,79,100,nivel_1,1,True,0.5019230842590332,0.9119963645935059,58,0.58,29,4,0.95
DTLZ7,346,58,100,nivel_1,1,True,0.4797339141368866,0.5320348143577576,6,0.06,2,2,0.91
DTLZ7,350,64,100,nivel_1,1,True,0.6005232930183411,1.1231589317321777,45,0.45,51,20,0.77
DTLZ7,354,47,100,nivel_1,1,True,0.18793007731437683,0.30913400650024414,52,0.52,3,9,0.9
DTLZ7,358,57,100,nivel_1,1,True,0.7963925004005432,1.3722832202911377,57,0.57,51,23,0.69
DTLZ7,362,24,100,nivel_1,1,True,0.8094659447669983,1.3652427196502686,48,0.48,51,33,0.57
DTLZ7,366,71,100,nivel_1,1,True,0.1896539330482483,0.26148825883865356,18,0.18,2,0,0.98
DTLZ7,370,27,100,nivel_1,1,True,0.5806683897972107,0.9537227749824524,47,0.47,26,10,0.9
DTLZ7,374,15,100,nivel_1,1,True,0.025226103141903877,0.48088446259498596,94,0.94,2,6,0.9
DTLZ7,378,48,100,nivel_1,1,True,0.27834653854370117,0.38120266795158386,26,0.26,5,9,0.91
DTLZ7,382,62,100,nivel_1,1,True,0.18194545805454254,0.3696485161781311,48,0.48,7,9,0.9
DTLZ7,386,16,100,nivel_1,1,True,0.46266862750053406,0.8173012137413025,80,0.8,51,34,0.55
DTLZ7,390,86,100,nivel_1,1,True,0.4391707479953766,0.4630078375339508,7,0.07,10,8,0.91
DTLZ7,394,19,100,nivel_1,1,True,0.1818140745162964,0.29883790016174316,88,0.88,3,3,0.94
DTLZ7,398,27,100,nivel_1,1,True,0.20875780284404755,0.43632790446281433,67,0.67,7,8,0.92
DTLZ7,402,25,100,nivel_1,1,True,0.3271888196468353,0.5516124963760376,74,0.74,26,8,0.91
DTLZ7,406,33,100,nivel_1,1,True,0.22143740952014923,0.28125113248825073,10,0.1,5,9,0.9
DTLZ7,410,33,100,nivel_1,1,True,0.19699199497699738,0.3901451528072357,51,0.51,6,10,0.9
DTLZ7,414,69,100,nivel_1,1,True,0.25184503197669983,0.3930475413799286,26,0.26,11,8,0.91
DTLZ7,418,13,100,nivel_1,1,True,0.30156517028808594,0.30156517028808594,1,0.01,6,3,0.97
DTLZ7,422,53,100,nivel_1,1,True,0.2735736072063446,0.4700286388397217,11,0.11,5,8,0.91
DTLZ7,426,23,100,nivel_1,1,True,0.08593947440385818,0.22574187815189362,94,0.94,4,8,0.91
DTLZ7,430,40,100,nivel_1,1,True,0.2158152163028717,0.2355632185935974,3,0.03,4,6,0.93
DTLZ7,434,23,100,nivel_1,1,True,0.3236684203147888,0.8236804604530334,82,0.82,51,28,0.63
DTLZ7,438,78,100,nivel_1,1,True,0.14425326883792877,0.27131548523902893,49,0.49,4,5,0.91
DTLZ7,442,69,100,nivel_1,1,True,0.598452091217041,0.8897756338119507,35,0.35,24,5,0.91
DTLZ7,446,29,100,nivel_1,1,True,0.33449262380599976,0.5317278504371643,12,0.12,5,8,0.92
DTLZ7,450,4,100,nivel_1,1,True,1.347888469696045,1.347888469696045,1,0.01,33,8,0.91
DTLZ7,454,89,100,nivel_1,1,True,0.3284035921096802,0.5530220866203308,78,0.78,12,6,0.93
DTLZ7,458,7,100,nivel_1,1,True,0.46673551201820374,0.9279334545135498,60,0.6,23,7,0.91
DTLZ7,462,22,100,nivel_1,1,True,0.9730120897293091,1.1916879415512085,8,0.08,28,4,0.96
DTLZ7,466,10,100,nivel_1,1,True,0.23783643543720245,0.29647406935691833,8,0.08,4,4,0.94
DTLZ7,470,23,100,nivel_1,1,True,0.1940155178308487,0.3544827699661255,90,0.9,3,5,0.9
DTLZ7,474,59,100,nivel_1,1,True,0.2077849805355072,0.2077849805355072,1,0.01,3,1,0.99
DTLZ7,478,21,100,nivel_1,1,True,0.4227537512779236,0.46745750308036804,9,0.09,11,6,0.93
DTLZ7,482,26,100,nivel_1,1,True,0.13630537688732147,0.2964700758457184,52,0.52,4,5,0.91
DTLZ7,486,70,100,nivel_1,1,True,0.560991644859314,1.038525104522705,88,0.88,30,6,0.94
DTLZ7,490,84,100,nivel_1,1,True,0.2720959186553955,0.4382091164588928,84,0.84,6,5,0.95
DTLZ7,494,9,100,nivel_1,1,True,0.476967453956604,0.6845527291297913,29,0.29,20,8,0.91
DTLZ7,498,79,100,nivel_1,1,True,0.9446987509727478,1.177718162536621,11,0.11,28,9,0.91
DTLZ7,502,45,100,nivel_1,1,True,0.34156835079193115,0.5818166732788086,90,0.9,22,6,0.92
DTLZ7,506,63,100,nivel_1,1,True,0.3084455728530884,0.8326201438903809,86,0.86,19,8,0.92
DTLZ7,510,19,100,nivel_1,1,True,0.4082034230232239,0.7289943695068359,68,0.68,19,8,0.92
DTLZ7,514,82,100,nivel_1,1,True,0.1586027592420578,0.38068050146102905,59,0.59,4,10,0.9
DTLZ7,518,10,100,nivel_1,1,True,0.40105128288269043,0.40105128288269043,1,0.01,9,3,0.97
DTLZ7,522,56,100,nivel_1,1,True,0.14524461328983307,0.347896009683609,67,0.67,4,8,0.9
DTLZ7,526,60,100,nivel_1,1,True,0.8062213659286499,1.4717674255371094,82,0.82,51,10,0.88
DTLZ7,530,6,100,nivel_1,1,True,0.5196271538734436,0.5937929749488831,10,0.1,17,5,0.94
DTLZ7,534,41,100,nivel_1,1,True,0.2767012417316437,0.32447630167007446,4,0.04,10,4,0.95
DTLZ7,538,43,100,nivel_1,1,True,0.8882470726966858,1.0647387504577637,7,0.07,32,5,0.94
DTLZ7,542,61,100,nivel_1,1,True,0.27137723565101624,0.3381189703941345,29,0.29,12,8,0.92
DTLZ7,546,84,100,nivel_1,1,True,0.20418477058410645,0.3465881645679474,44,0.44,3,2,0.92
DTLZ7,550,76,100,nivel_1,1,True,0.9239434003829956,1.5461019277572632,49,0.49,50,8,0.92
DTLZ7,554,53,100,nivel_1,1,True,0.13549713790416718,0.2817108929157257,51,0.51,3,4,0.94
DTLZ7,558,8,100,nivel_1,1,True,0.43754705786705017,0.43754705786705017,1,0.01,11,8,0.92
DTLZ7,562,39,100,nivel_1,1,True,0.0696435198187828,0.28267189860343933,100,1.0,3,3,0.97
DTLZ7,566,86,100,nivel_1,1,True,0.6577056646347046,1.1632740497589111,79,0.79,39,8,0.9
DTLZ7,570,49,100,nivel_1,1,True,0.6547578573226929,0.9439371824264526,20,0.2,29,8,0.91
DTLZ7,574,80,100,nivel_1,1,True,0.12224245071411133,0.40568503737449646,90,0.9,8,7,0.93
DTLZ7,578,29,100,nivel_1,1,True,0.09737882763147354,0.3523429036140442,83,0.83,4,8,0.92
DTLZ7,582,81,100,nivel_1,1,True,0.22738760709762573,0.3236064016819,19,0.19,6,8,0.91
DTLZ7,586,48,100,nivel_1,1,True,0.3069857656955719,0.5738892555236816,84,0.84,23,9,0.9
DTLZ7,590,81,100,nivel_1,1,True,0.6105936765670776,0.8782469630241394,14,0.14,19,10,0.9
DTLZ7,594,75,100,nivel_1,1,True,0.2582082152366638,0.3413873314857483,14,0.14,4,5,0.94
DTLZ7,598,2,100,nivel_1,1,True,1.2136149406433105,1.2136149406433105,1,0.01,36,10,0.9
DTLZ7,602,67,100,nivel_1,1,True,0.1533474326133728,0.30393925309181213,79,0.79,7,6,0.9
DTLZ7,606,59,100,nivel_1,1,True,0.17309457063674927,0.2851981818675995,23,0.23,5,6,0.92
DTLZ7,610,9,100,nivel_1,1,True,0.45391595363616943,0.8589016199111938,86,0.86,23,9,0.91
DTLZ7,614,72,100,nivel_1,1,True,0.36919793486595154,0.8083836436271667,87,0.87,26,7,0.9
DTLZ7,618,57,100,nivel_1,1,True,0.21477627754211426,0.25232571363449097,27,0.27,3,8,0.91
DTLZ7,622,79,100,nivel_1,1,True,0.0609738752245903,0.265085905790329,98,0.98,3,6,0.92
DTLZ7,626,72,100,nivel_1,1,True,0.3985668420791626,0.6053683757781982,19,0.19,13,8,0.92
DTLZ7,630,18,100,nivel_1,1,True,0.1803673654794693,0.31505247950553894,70,0.7,7,8,0.91
DTLZ7,634,83,100,nivel_1,1,True,0.2625375986099243,0.3328782916069031,26,0.26,7,9,0.9
DTLZ7,638,68,100,nivel_1,1,True,0.1635075807571411,0.5325884222984314,75,0.75,6,6,0.92
DTLZ7,642,29,100,nivel_1,1,True,0.15523014962673187,0.2871088981628418,40,0.4,4,8,0.91
DTLZ7,646,26,100,nivel_1,1,True,0.3690595328807831,0.7229704856872559,70,0.7,35,9,0.9
DTLZ7,650,23,100,nivel_1,1,True,0.23114238679409027,0.3157637417316437,25,0.25,7,7,0.9
MMF1,2,13,23,nivel_1,1,True,0.23284873366355896,0.23284873366355896,1,0.043478260869565216,9,1,0.9565217391304348
MMF1,6,22,26,nivel_1,1,True,0.16496999561786652,0.26299771666526794,12,0.46153846153846156,32,2,0.9230769230769231
MMF1,10,11,29,nivel_1,1,True,0.19350838661193848,0.2945614457130432,10,0.3448275862068966,51,6,0.5517241379310345
MMF1,22,16,36,nivel_1,1,True,0.11586005985736847,0.2752380073070526,19,0.5277777777777778,7,3,0.9166666666666666
MMF1,26,17,39,nivel_1,1,True,0.024865256622433662,0.3261687755584717,37,0.9487179487179487,5,2,0.9487179487179487
MMF1,30,10,42,nivel_1,1,True,0.0930233895778656,0.27314701676368713,32,0.7619047619047619,51,17,0.38095238095238093
MMF1,46,46,51,nivel_1,1,True,0.1735651046037674,0.19890788197517395,4,0.0784313725490196,20,3,0.9411764705882353
MMF1,50,3,54,nivel_1,1,True,0.24149328470230103,0.2677898705005646,22,0.4074074074074074,51,13,0.5555555555555556
MMF1,54,11,57,nivel_1,1,True,0.19952629506587982,0.2828345000743866,8,0.14035087719298245,51,15,0.5263157894736842
MMF11_L,2,20,23,nivel_1,1,True,0.05391170457005501,0.22590729594230652,14,0.6086956521739131,2,0,0.9130434782608695
MMF11_L,6,9,26,nivel_1,1,True,0.19025422632694244,0.19025422632694244,1,0.038461538461538464,17,2,0.9230769230769231
MMF11_L,10,14,29,nivel_1,1,True,0.10264220088720322,0.16276037693023682,19,0.6551724137931034,51,9,0.6551724137931034
MMF11_L,18,11,34,nivel_1,1,True,0.034600358456373215,0.08042983710765839,23,0.6764705882352942,51,15,0.4117647058823529
MMF11_L,22,23,37,nivel_1,1,True,0.0302411038428545,0.11909841746091843,28,0.7567567567567568,51,10,0.6486486486486487
MMF11_L,38,11,46,nivel_2,2,False,0.1392742097377777,0.1392742097377777,1,0.021739130434782608,2,1,0.9130434782608695
MMF11_L,42,6,49,nivel_1,1,True,0.011954112909734249,0.07475179433822632,38,0.7755102040816326,2,0,0.9387755102040817
MMF16_20,2,55,100,nivel_1,1,True,1.159663200378418,1.159663200378418,1,0.01,2,0,1.0
MMF16_20,6,93,100,nivel_1,1,True,1.0115717649459839,1.0115717649459839,1,0.01,2,0,1.0
MMF16_20,10,94,100,nivel_1,1,True,0.8677341341972351,1.1928147077560425,20,0.2,2,2,0.98
MMF16_20,14,55,100,nivel_1,1,True,1.0571527481079102,1.0571527481079102,1,0.01,3,3,0.97
MMF16_20,18,68,100,nivel_1,1,True,0.7712863087654114,0.7712863087654114,1,0.01,2,0,1.0
MMF16_20,22,45,100,nivel_1,1,True,1.030577540397644,1.1570872068405151,4,0.04,2,1,0.97
MMF16_20,26,72,100,nivel_1,1,True,0.6256750226020813,1.3839893341064453,78,0.78,2,2,0.96
MMF16_20,30,16,100,nivel_1,1,True,1.1960641145706177,1.1960641145706177,1,0.01,2,3,0.97
MMF16_20,34,6,100,nivel_1,1,True,1.166256070137024,1.166256070137024,1,0.01,2,0,1.0
MMF16_20,38,22,100,nivel_1,1,True,1.0745158195495605,1.0745158195495605,1,0.01,8,5,0.95
MMF16_20,42,90,100,nivel_1,1,True,1.0564143657684326,1.0564143657684326,1,0.01,2,0,1.0
MMF16_20,46,72,100,nivel_1,1,True,0.49340930581092834,1.3746105432510376,87,0.87,2,2,0.94
MMF16_20,50,35,100,nivel_1,1,True,0.6569339036941528,1.3620692491531372,72,0.72,3,2,0.94
MMF16_20,54,6,100,nivel_1,1,True,1.455932855606079,1.455932855606079,1,0.01,9,9,0.91
MMF16_20,58,81,100,nivel_1,1,True,0.8702545166015625,1.3366185426712036,20,0.2,2,2,0.95
MMF16_20,62,68,100,nivel_1,1,True,1.202989935874939,1.613053321838379,73,0.73,20,8,0.91
MMF16_20,66,54,100,nivel_1,1,True,1.0831897258758545,1.573448657989502,80,0.8,18,9,0.91
MMF16_20,70,90,100,nivel_1,1,True,0.43083688616752625,0.8159754872322083,56,0.56,3,5,0.94
MMF16_20,74,31,100,nivel_1,1,True,0.44097602367401123,1.3229122161865234,96,0.96,2,3,0.91
MMF16_20,78,27,100,nivel_1,1,True,0.5189164876937866,0.8940704464912415,69,0.69,2,3,0.93
MMF16_20,82,70,100,nivel_1,1,True,1.048420786857605,1.048420786857605,1,0.01,2,0,1.0
MMF16_20,86,20,100,nivel_1,1,True,1.2615188360214233,1.2615188360214233,1,0.01,3,1,0.97
MMF16_20,90,49,100,nivel_1,1,True,1.1184420585632324,1.1184420585632324,1,0.01,2,0,0.98
MMF16_20,94,74,100,nivel_1,1,True,1.1049782037734985,1.1049782037734985,1,0.01,2,0,1.0
MMF16_20,98,42,100,nivel_1,1,True,0.8929286003112793,1.150592565536499,35,0.35,2,4,0.95
MMF16_20,102,90,100,nivel_3,3,False,0.5496575236320496,0.884249746799469,66,0.66,2,2,0.92
MMF16_20,106,78,100,nivel_1,1,True,0.8729174733161926,1.1685148477554321,24,0.24,3,0,0.99
MMF16_20,110,25,100,nivel_1,1,True,1.1295338869094849,1.3106145858764648,2,0.02,2,0,0.99
MMF16_20,114,95,100,nivel_1,1,True,1.065539836883545,1.065539836883545,1,0.01,2,0,1.0
MMF16_20,118,72,100,nivel_1,1,True,0.8091691732406616,1.142478585243225,23,0.23,2,5,0.92
MMF16_20,122,23,100,nivel_1,1,True,1.156202793121338,1.1899081468582153,2,0.02,2,5,0.91
MMF16_20,126,88,100,nivel_1,1,True,0.5982568264007568,1.1733224391937256,60,0.6,2,2,0.94
MMF16_20,130,11,100,nivel_1,1,True,0.5594019889831543,1.2801496982574463,84,0.84,2,3,0.96
MMF16_20,134,6,100,nivel_1,1,True,1.1099841594696045,1.1099841594696045,1,0.01,2,1,0.97
MMF16_20,138,67,100,nivel_1,1,True,0.8886681199073792,0.8886681199073792,1,0.01,2,1,0.98
MMF16_20,142,21,100,nivel_1,1,True,0.8040075302124023,1.0818766355514526,31,0.31,2,2,0.92
MMF16_20,146,61,100,nivel_1,1,True,0.7298265099525452,1.2169654369354248,48,0.48,2,5,0.92
MMF16_20,150,88,100,nivel_1,1,True,0.545802116394043,1.1478283405303955,78,0.78,2,5,0.9
MMF16_20,154,13,100,nivel_1,1,True,0.746742844581604,1.3494408130645752,80,0.8,4,8,0.92
MMF16_20,158,93,100,nivel_1,1,True,0.6514770984649658,1.1884204149246216,23,0.23,2,3,0.94
MMF16_20,162,85,100,nivel_1,1,True,0.9977402687072754,1.1535279750823975,7,0.07,2,5,0.93
MMF16_20,166,75,100,nivel_1,1,True,1.0237077474594116,1.0237077474594116,1,0.01,2,0,1.0
MMF16_20,170,55,100,nivel_1,1,True,0.7624512314796448,1.4733392000198364,94,0.94,10,6,0.92
MMF16_20,174,72,100,nivel_1,1,True,0.7867387533187866,1.2865780591964722,37,0.37,2,1,0.96
MMF16_20,178,84,100,nivel_1,1,True,1.0108275413513184,1.0108275413513184,1,0.01,2,0,1.0
MMF16_20,182,12,100,nivel_2,2,False,0.700097918510437,1.3075828552246094,65,0.65,2,1,0.94
MMF16_20,186,0,100,nivel_1,1,True,1.2897887229919434,1.2897887229919434,1,0.01,3,8,0.9
MMF16_20,190,54,100,nivel_1,1,True,0.6761542558670044,1.0419842004776,50,0.5,2,2,0.95
MMF16_20,194,46,100,nivel_1,1,True,0.6700361967086792,1.2559329271316528,56,0.56,2,3,0.93
MMF16_20,198,59,100,nivel_1,1,True,0.9294838905334473,1.1515748500823975,13,0.13,3,2,0.94
MMF16_20,202,9,100,nivel_1,1,True,1.260149359703064,1.5217087268829346,19,0.19,19,6,0.92
MMF16_20,206,66,100,nivel_1,1,True,0.8262192606925964,1.1682795286178589,35,0.35,2,3,0.92
MMF16_20,210,71,100,nivel_1,1,True,1.3493677377700806,1.6209397315979004,32,0.32,39,9,0.91
MMF16_20,214,98,100,nivel_1,1,True,0.6410036087036133,0.6410036087036133,1,0.01,2,0,1.0
MMF16_20,218,80,100,nivel_1,1,True,0.7145116329193115,1.113093614578247,33,0.33,2,2,0.9
MMF16_20,222,52,100,nivel_1,1,True,0.9264450669288635,0.9264450669288635,1,0.01,3,1,0.99
MMF16_20,226,49,100,nivel_1,1,True,1.0350438356399536,1.239903450012207,23,0.23,3,8,0.9
MMF16_20,230,59,100,nivel_1,1,True,0.8997188210487366,1.036509394645691,9,0.09,2,4,0.92
MMF16_20,234,63,100,nivel_1,1,True,0.412043958902359,1.1486504077911377,85,0.85,2,3,0.9
MMF16_20,238,51,100,nivel_1,1,True,1.1668621301651,1.5829353332519531,69,0.69,32,7,0.93
MMF16_20,242,10,100,nivel_1,1,True,0.7466234564781189,1.1480963230133057,37,0.37,3,4,0.91
MMF16_20,246,86,100,nivel_1,1,True,1.2824351787567139,1.6084176301956177,53,0.53,48,9,0.91
MMF16_20,250,6,100,nivel_1,1,True,0.9535159468650818,0.9535159468650818,1,0.01,2,2,0.9
MMF16_20,254,30,100,nivel_1,1,True,0.822726309299469,1.0926268100738525,66,0.66,4,6,0.93
MMF16_20,258,66,100,nivel_1,1,True,0.887380063533783,0.8884042501449585,2,0.02,2,2,0.95
MMF16_20,262,23,100,nivel_1,1,True,1.1430697441101074,1.5695396661758423,77,0.77,51,19,0.8
MMF16_20,266,32,100,nivel_1,1,True,0.5593470931053162,0.9185070991516113,46,0.46,3,6,0.93
MMF16_20,270,33,100,nivel_1,1,True,0.6978317499160767,1.1394368410110474,34,0.34,2,2,0.9
MMF16_20,274,8,100,nivel_1,1,True,1.0079654455184937,1.0079654455184937,1,0.01,3,4,0.96
MMF16_20,278,15,100,nivel_1,1,True,1.2766369581222534,1.6189745664596558,54,0.54,28,6,0.93
MMF16_20,282,92,100,nivel_1,1,True,0.43639516830444336,0.5744771361351013,41,0.41,4,5,0.93
MMF16_20,286,11,100,nivel_1,1,True,1.1211434602737427,1.1211434602737427,1,0.01,2,3,0.96
MMF16_20,290,51,100,nivel_1,1,True,0.9507757425308228,0.9507757425308228,1,0.01,2,0,1.0
MMF16_20,294,37,100,nivel_1,1,True,1.134482502937317,1.763018250465393,50,0.5,21,7,0.92
MMF16_20,298,37,100,nivel_1,1,True,0.672620952129364,1.0733827352523804,53,0.53,2,0,0.98
MMF16_20,302,77,100,nivel_1,1,True,0.9147689342498779,0.9147689342498779,1,0.01,2,0,1.0
MMF16_20,306,18,100,nivel_1,1,True,1.2620917558670044,1.2620917558670044,1,0.01,2,0,0.97
MMF16_20,310,3,100,nivel_1,1,True,1.5027860403060913,1.5027860403060913,1,0.01,18,10,0.9
MMF16_20,314,69,100,nivel_1,1,True,1.0578339099884033,1.483411192893982,63,0.63,15,8,0.9
MMF16_20,318,41,100,nivel_1,1,True,1.3602654933929443,1.3602654933929443,1,0.01,2,0,1.0
MMF16_20,322,62,100,nivel_1,1,True,0.8156958222389221,1.3089351654052734,87,0.87,31,10,0.9
MMF16_20,326,44,100,nivel_1,1,True,0.874161422252655,1.5376421213150024,90,0.9,10,8,0.91
MMF16_20,330,57,100,nivel_1,1,True,1.4193562269210815,1.8097827434539795,34,0.34,26,9,0.91
MMF16_20,334,93,100,nivel_1,1,True,0.4150017201900482,0.8851501941680908,55,0.55,3,4,0.95
MMF16_20,338,71,100,nivel_1,1,True,1.199302315711975,1.5696388483047485,42,0.42,21,9,0.9
MMF16_20,342,53,100,nivel_1,1,True,0.867652952671051,0.867652952671051,1,0.01,2,0,1.0
MMF16_20,346,81,100,nivel_1,1,True,1.1762218475341797,1.573777437210083,37,0.37,45,9,0.91
MMF16_20,350,73,100,nivel_1,1,True,0.6849995255470276,1.1000707149505615,52,0.52,2,2,0.93
MMF16_20,354,44,100,nivel_1,1,True,1.3318803310394287,1.500817060470581,21,0.21,32,10,0.9
MMF16_20,358,66,100,nivel_1,1,True,0.7639882564544678,1.0125315189361572,15,0.15,2,5,0.92
MMF16_20,362,47,100,nivel_1,1,True,1.183866024017334,1.4867318868637085,48,0.48,21,5,0.93
MMF16_20,366,74,100,nivel_1,1,True,0.4635731279850006,1.0900845527648926,87,0.87,2,0,0.97
MMF16_20,370,70,100,nivel_1,1,True,1.1889817714691162,1.4789754152297974,41,0.41,31,7,0.93
MMF16_20,374,27,100,nivel_1,1,True,0.7635598182678223,1.4448833465576172,92,0.92,14,7,0.91
MMF16_20,378,1,100,nivel_1,1,True,1.6399426460266113,1.6399426460266113,1,0.01,27,4,0.96
MMF16_20,382,51,100,nivel_1,1,True,1.070346474647522,1.6099969148635864,83,0.83,29,6,0.92
MMF16_20,386,23,100,nivel_1,1,True,0.2808244228363037,1.013592004776001,90,0.9,2,7,0.93
MMF16_20,390,22,100,nivel_1,1,True,0.6670588254928589,1.1529124975204468,39,0.39,2,5,0.92
MMF16_20,394,17,100,nivel_1,1,True,1.3720427751541138,1.575136661529541,30,0.3,51,19,0.81
MMF16_20,398,43,100,nivel_1,1,True,1.0487083196640015,1.0487083196640015,1,0.01,2,0,1.0
MMF16_20,402,65,100,nivel_1,1,True,0.6400620341300964,0.8406748175621033,27,0.27,2,3,0.95
MMF16_20,406,51,100,nivel_1,1,True,0.6310456395149231,1.1027172803878784,70,0.7,3,6,0.92
MMF16_20,410,51,100,nivel_1,1,True,0.4329594075679779,1.0910722017288208,99,0.99,3,3,0.97
MMF16_20,414,96,100,nivel_1,1,True,1.1295241117477417,1.4987870454788208,53,0.53,11,3,0.97
MMF16_20,418,78,100,nivel_1,1,True,1.0992913246154785,1.3062633275985718,56,0.56,9,7,0.91
MMF16_20,422,81,100,nivel_1,1,True,0.8294879794120789,0.8666911721229553,3,0.03,2,1,0.99
MMF16_20,426,68,100,nivel_1,1,True,1.2021279335021973,1.685889482498169,80,0.8,51,13,0.86
MMF16_20,430,81,100,nivel_1,1,True,0.809870719909668,1.2352396249771118,41,0.41,2,3,0.93
MMF16_20,434,16,100,nivel_1,1,True,0.756411612033844,1.3473899364471436,84,0.84,9,8,0.9
MMF16_20,438,47,100,nivel_1,1,True,1.064751148223877,1.1306928396224976,10,0.1,5,5,0.92
MMF16_20,442,49,100,nivel_1,1,True,0.685106635093689,0.876274585723877,27,0.27,3,6,0.93
MMF16_20,446,36,100,nivel_1,1,True,0.7483649849891663,1.0045192241668701,17,0.17,2,0,0.92
MMF16_20,450,15,100,nivel_1,1,True,1.2964589595794678,1.6053978204727173,27,0.27,22,8,0.92
MMF16_20,454,45,100,nivel_1,1,True,0.8454502820968628,1.1628566980361938,37,0.37,6,6,0.94
MMF16_20,458,84,100,nivel_1,1,True,1.35712730884552,1.6641850471496582,22,0.22,25,7,0.91
MMF16_20,462,11,100,nivel_3,3,False,1.1748603582382202,1.1748603582382202,1,0.01,2,5,0.9
MMF16_20,466,87,100,nivel_1,1,True,0.36399099230766296,0.691246509552002,62,0.62,4,9,0.9
MMF16_20,470,54,100,nivel_1,1,True,1.149760127067566,1.5952316522598267,63,0.63,25,6,0.93
MMF16_20,474,88,100,nivel_1,1,True,0.9166201949119568,1.0175870656967163,2,0.02,3,2,0.98
MMF16_20,478,61,100,nivel_1,1,True,0.6398172378540039,0.9995169639587402,81,0.81,2,1,0.99
MMF16_20,482,20,100,nivel_1,1,True,0.5723012685775757,1.0947685241699219,52,0.52,2,1,0.95
MMF16_20,486,15,100,nivel_1,1,True,1.2455238103866577,1.4986563920974731,43,0.43,26,8,0.91
MMF16_20,490,71,100,nivel_1,1,True,0.8741072416305542,1.0986562967300415,34,0.34,2,0,0.93
MMF16_20,494,51,100,nivel_1,1,True,1.1212457418441772,1.3833649158477783,25,0.25,10,6,0.91
MMF16_20,498,70,100,nivel_1,1,True,0.6141234636306763,1.1488274335861206,71,0.71,3,9,0.91
MMF16_20,502,14,100,nivel_1,1,True,0.5642315149307251,0.9186090230941772,89,0.89,5,10,0.9
MMF16_20,506,42,100,nivel_1,1,True,0.6081179976463318,1.2786970138549805,70,0.7,7,9,0.9
MMF16_20,510,53,100,nivel_1,1,True,1.1406015157699585,1.4368603229522705,61,0.61,26,9,0.9
MMF16_20,514,2,100,nivel_1,1,True,1.3734785318374634,1.3734785318374634,1,0.01,2,1,0.99
MMF16_20,518,18,100,nivel_1,1,True,1.0148800611495972,1.2661244869232178,23,0.23,2,2,0.91
MMF16_20,522,81,100,nivel_1,1,True,1.0506309270858765,1.2251266241073608,5,0.05,2,2,0.93
MMF16_20,526,40,100,nivel_1,1,True,0.731849193572998,1.011371374130249,94,0.94,2,0,0.95
MMF16_20,530,72,100,nivel_1,1,True,0.28605887293815613,1.0200591087341309,95,0.95,3,7,0.93
MMF4,2,16,23,nivel_1,1,True,0.08411268144845963,0.1900973916053772,16,0.6956521739130435,3,0,0.9565217391304348
MMF4,6,18,26,nivel_1,1,True,0.15911325812339783,0.2937943637371063,10,0.38461538461538464,3,2,0.9230769230769231
MMF4,10,14,29,nivel_1,1,True,0.26363372802734375,0.28464475274086,6,0.20689655172413793,5,2,0.9310344827586207
MMF4,14,16,32,nivel_1,1,True,0.22026333212852478,0.23359301686286926,4,0.125,33,2,0.9375
MMF4,18,13,35,nivel_1,1,True,0.06033731624484062,0.2394682765007019,32,0.9142857142857143,5,2,0.9142857142857143
MMF4,22,6,38,nivel_1,1,True,0.2025993913412094,0.2824302911758423,5,0.13157894736842105,51,9,0.7105263157894737
MMF4,26,13,41,nivel_1,1,True,0.039473772048950195,0.10390830039978027,23,0.5609756097560976,51,7,0.7560975609756098
MMF4,30,12,44,nivel_1,1,True,0.12683331966400146,0.2795545160770416,20,0.45454545454545453,51,16,0.4772727272727273
MMF4,34,42,47,nivel_1,1,True,0.02563936822116375,0.13679854571819305,40,0.851063829787234,5,3,0.9148936170212766
MMF4,38,2,50,nivel_1,1,True,0.3695168197154999,0.38617196679115295,2,0.04,15,4,0.9
MMF4,42,12,53,nivel_1,1,True,0.03783400356769562,0.2164110243320465,49,0.9245283018867925,33,3,0.9056603773584906
MMF4,46,48,56,nivel_1,1,True,0.23145857453346252,0.369328111410141,30,0.5357142857142857,3,1,0.9107142857142857
MMF4,50,14,59,nivel_1,1,True,0.08994024991989136,0.2533738315105438,46,0.7796610169491526,51,20,0.5932203389830508
WFG1,2,3,100,nivel_3,3,False,32.46403884887695,33.001853942871094,2,0.02,2,1,0.97
WFG1,6,45,100,nivel_1,1,True,33.03947067260742,33.03947067260742,1,0.01,2,0,0.99
WFG1,10,4,100,nivel_1,1,True,37.18101119995117,37.18101119995117,1,0.01,4,9,0.91
WFG1,14,26,100,nivel_1,1,True,17.7963924407959,28.526660919189453,59,0.59,2,1,0.96
WFG1,18,32,100,nivel_1,1,True,27.70587921142578,32.55467224121094,3,0.03,2,1,0.94
WFG1,22,75,100,nivel_1,1,True,17.304964065551758,34.72858428955078,64,0.64,2,2,0.91
WFG1,26,29,100,nivel_1,1,True,29.501888275146484,42.50934600830078,62,0.62,21,7,0.92
WFG1,30,42,100,nivel_1,1,True,22.97534942626953,27.26239776611328,9,0.09,2,1,0.95
WFG1,34,37,100,nivel_1,1,True,14.378196716308594,28.879182815551758,73,0.73,2,4,0.9
WFG1,38,52,100,nivel_1,1,True,26.85471534729004,33.66986846923828,37,0.37,8,9,0.9
WFG1,46,28,100,nivel_1,1,True,17.110877990722656,27.134496688842773,59,0.59,4,5,0.93
WFG1,50,62,100,nivel_1,1,True,24.493080139160156,24.493080139160156,1,0.01,2,0,1.0
WFG1,54,92,100,nivel_2,2,False,15.708135604858398,28.06865692138672,73,0.73,2,0,0.98
WFG1,58,4,100,nivel_1,1,True,16.028583526611328,37.4073371887207,84,0.84,7,9,0.9
WFG1,62,37,100,nivel_1,1,True,29.443708419799805,42.60429382324219,76,0.76,49,8,0.9
WFG1,66,36,100,nivel_1,1,True,25.077383041381836,38.070526123046875,69,0.69,37,10,0.9
WFG1,70,88,100,nivel_1,1,True,17.18393898010254,32.729408264160156,59,0.59,2,2,0.93
WFG1,74,85,100,nivel_1,1,True,20.867019653320312,31.245010375976562,40,0.4,2,4,0.9
WFG1,78,9,100,nivel_1,1,True,40.62204360961914,40.62204360961914,1,0.01,51,11,0.88
WFG1,82,11,100,nivel_1,1,True,33.92084503173828,38.859073638916016,16,0.16,14,9,0.9
WFG1,86,11,100,nivel_1,1,True,7.183201789855957,27.79239273071289,99,0.99,2,1,0.93
WFG1,90,41,100,nivel_1,1,True,29.163084030151367,41.609962463378906,74,0.74,19,9,0.9
WFG1,94,29,100,nivel_1,1,True,13.621466636657715,30.47184944152832,90,0.9,4,3,0.96
WFG1,98,6,100,nivel_1,1,True,30.203018188476562,30.651391983032227,3,0.03,3,4,0.96
WFG1,102,4,100,nivel_1,1,True,29.536598205566406,30.554006576538086,2,0.02,2,0,0.99
WFG1,106,12,100,nivel_1,1,True,27.38750648498535,37.00654983520508,68,0.68,25,10,0.9
WFG1,110,40,100,nivel_1,1,True,23.84605598449707,40.49420166015625,91,0.91,51,10,0.87
WFG1,114,57,100,nivel_1,1,True,23.36775779724121,28.930795669555664,26,0.26,2,4,0.91
WFG1,118,63,100,nivel_1,1,True,18.211071014404297,33.04114532470703,62,0.62,3,9,0.9
WFG1,122,37,100,nivel_1,1,True,18.778743743896484,38.69023895263672,96,0.96,17,8,0.9
WFG1,126,48,100,nivel_1,1,True,25.031518936157227,38.93891906738281,90,0.9,37,9,0.91
WFG1,130,38,100,nivel_2,2,False,22.633657455444336,28.788999557495117,38,0.38,2,6,0.9
WFG1,134,89,100,nivel_1,1,True,25.659915924072266,38.50709915161133,59,0.59,10,8,0.91
WFG1,138,78,100,nivel_1,1,True,14.954611778259277,27.724594116210938,70,0.7,2,4,0.94
WFG1,142,16,100,nivel_1,1,True,31.900114059448242,31.900114059448242,1,0.01,2,0,0.98
WFG1,146,71,100,nivel_1,1,True,14.963467597961426,20.887956619262695,76,0.76,3,7,0.91
WFG1,150,51,100,nivel_1,1,True,27.05466079711914,28.47280502319336,3,0.03,3,1,0.99
WFG1,154,61,100,nivel_1,1,True,24.909564971923828,41.8503303527832,74,0.74,14,10,0.9
WFG1,158,43,100,nivel_1,1,True,32.04183578491211,32.04183578491211,1,0.01,3,1,0.98
WFG1,162,59,100,nivel_1,1,True,34.09660720825195,38.76041793823242,16,0.16,11,7,0.9
WFG1,166,8,100,nivel_1,1,True,39.05902862548828,39.05902862548828,1,0.01,27,8,0.92
WFG1,170,15,100,nivel_1,1,True,17.251344680786133,31.294456481933594,79,0.79,3,7,0.93
WFG1,174,48,100,nivel_1,1,True,40.982234954833984,40.982234954833984,1,0.01,43,2,0.98
WFG1,178,17,100,nivel_1,1,True,23.992345809936523,29.79186248779297,23,0.23,4,8,0.91
WFG1,182,50,100,nivel_1,1,True,14.002554893493652,29.764883041381836,67,0.67,2,4,0.93
WFG1,186,55,100,nivel_1,1,True,25.135372161865234,31.554672241210938,35,0.35,5,8,0.91
WFG1,190,24,100,nivel_1,1,True,34.111602783203125,37.717201232910156,19,0.19,27,6,0.93
WFG1,194,34,100,nivel_1,1,True,32.903228759765625,36.663352966308594,24,0.24,40,4,0.93
WFG1,198,6,100,nivel_1,1,True,33.91197204589844,40.34526824951172,20,0.2,20,8,0.91
WFG1,202,23,100,nivel_1,1,True,22.569580078125,29.137964248657227,34,0.34,2,0,0.98
WFG1,206,86,100,nivel_1,1,True,10.025195121765137,30.185985565185547,90,0.9,3,7,0.92
WFG1,210,2,100,nivel_1,1,True,29.065019607543945,29.065019607543945,1,0.01,3,6,0.91
WFG1,214,8,100,nivel_1,1,True,31.586320877075195,31.586320877075195,1,0.01,4,8,0.92
WFG1,218,66,100,nivel_1,1,True,28.088455200195312,29.396451950073242,5,0.05,2,0,0.95
WFG1,222,19,100,nivel_1,1,True,33.38346862792969,33.38346862792969,1,0.01,5,8,0.92
WFG1,226,0,100,nivel_1,1,True,25.132396697998047,25.132396697998047,1,0.01,2,2,0.91
WFG1,230,48,100,nivel_1,1,True,22.419702529907227,22.419702529907227,1,0.01,2,0,1.0
WFG1,234,88,100,nivel_1,1,True,14.897927284240723,26.59828758239746,86,0.86,2,1,0.99
WFG1,238,10,100,nivel_1,1,True,35.929847717285156,35.929847717285156,1,0.01,47,5,0.91
WFG1,242,59,100,nivel_1,1,True,24.483253479003906,30.00210189819336,13,0.13,4,9,0.9
WFG1,246,10,100,nivel_1,1,True,31.194961547851562,36.70778274536133,21,0.21,45,9,0.91
WFG1,250,42,100,nivel_1,1,True,23.217735290527344,33.92361068725586,24,0.24,2,3,0.92
WFG1,254,17,100,nivel_1,1,True,30.673336029052734,30.673336029052734,1,0.01,3,4,0.95
WFG1,258,8,100,nivel_1,1,True,29.83338165283203,29.83338165283203,1,0.01,4,7,0.93
WFG1,262,74,100,nivel_1,1,True,22.122833251953125,26.159061431884766,23,0.23,2,1,0.98
WFG1,266,47,100,nivel_1,1,True,28.354917526245117,38.55611801147461,59,0.59,24,8,0.9
WFG1,270,56,100,nivel_1,1,True,15.782699584960938,29.072669982910156,87,0.87,3,7,0.92
WFG1,274,37,100,nivel_1,1,True,27.037811279296875,38.603694915771484,78,0.78,33,9,0.9
WFG1,278,54,100,nivel_1,1,True,22.37440299987793,30.76181983947754,86,0.86,11,2,0.98
WFG1,282,68,100,nivel_1,1,True,27.232391357421875,29.226306915283203,5,0.05,4,6,0.94
WFG1,286,18,100,nivel_1,1,True,30.835412979125977,30.835412979125977,1,0.01,4,4,0.95
WFG1,290,60,100,nivel_1,1,True,11.93460464477539,23.56774139404297,96,0.96,2,2,0.94
WFG1,294,59,100,nivel_1,1,True,28.19971466064453,38.010780334472656,59,0.59,39,8,0.91
WFG1,298,12,100,nivel_1,1,True,25.39733123779297,32.8282585144043,46,0.46,13,9,0.9
WFG1,302,32,100,nivel_1,1,True,33.215274810791016,38.70098114013672,30,0.3,51,21,0.75
WFG1,306,45,100,nivel_1,1,True,32.10947799682617,40.86320495605469,33,0.33,28,7,0.91
WFG1,310,59,100,nivel_1,1,True,28.457983016967773,37.87055969238281,44,0.44,36,6,0.92
WFG1,314,88,100,nivel_1,1,True,16.164804458618164,25.02389907836914,51,0.51,2,0,0.92
WFG1,318,65,100,nivel_2,2,False,27.374698638916016,40.69134521484375,80,0.8,24,7,0.91
WFG1,322,21,100,nivel_1,1,True,26.973583221435547,39.38177490234375,82,0.82,28,9,0.91
WFG1,326,85,100,nivel_1,1,True,27.89227867126465,29.89914894104004,5,0.05,3,10,0.9
WFG1,330,91,100,nivel_1,1,True,30.011159896850586,35.922386169433594,39,0.39,19,6,0.93
WFG1,334,6,100,nivel_1,1,True,25.765886306762695,36.12650680541992,8,0.08,3,8,0.91
WFG1,338,44,100,nivel_3,3,False,21.814699172973633,27.826644897460938,20,0.2,2,2,0.91
WFG1,342,13,100,nivel_1,1,True,43.459815979003906,43.459815979003906,1,0.01,44,7,0.92
WFG1,346,85,100,nivel_1,1,True,22.55080223083496,37.8592414855957,94,0.94,27,9,0.9
WFG1,350,85,100,nivel_1,1,True,23.989477157592773,32.30677795410156,59,0.59,18,5,0.95
WFG1,354,56,100,nivel_1,1,True,27.755699157714844,38.8332633972168,66,0.66,51,10,0.88
WFG1,358,49,100,nivel_1,1,True,22.908405303955078,31.258134841918945,50,0.5,6,5,0.93
WFG1,362,0,100,nivel_1,1,True,36.61014938354492,36.61014938354492,1,0.01,49,2,0.96
WFG1,366,51,100,nivel_1,1,True,12.383153915405273,29.7148380279541,78,0.78,2,1,0.96
WFG1,370,2,100,nivel_1,1,True,21.172809600830078,32.47125244140625,70,0.7,3,6,0.93
WFG1,374,33,100,nivel_1,1,True,12.141864776611328,23.23417854309082,76,0.76,2,2,0.92
WFG1,378,27,100,nivel_1,1,True,22.18897247314453,25.57349967956543,6,0.06,3,7,0.93
WFG1,382,9,100,nivel_1,1,True,18.738544464111328,32.143898010253906,33,0.33,2,1,0.95
WFG1,386,37,100,nivel_1,1,True,32.89886474609375,41.79383087158203,34,0.34,22,9,0.9
WFG1,390,88,100,nivel_1,1,True,18.79949951171875,33.391326904296875,71,0.71,4,9,0.91
WFG1,394,64,100,nivel_1,1,True,16.852554321289062,30.37464141845703,75,0.75,5,10,0.9
WFG1,398,55,100,nivel_1,1,True,33.2995491027832,42.29902648925781,44,0.44,42,9,0.91
WFG1,402,62,100,nivel_1,1,True,35.556758880615234,38.623172760009766,9,0.09,40,10,0.9
WFG1,406,83,100,nivel_1,1,True,20.545949935913086,36.81239700317383,96,0.96,10,9,0.9
WFG1,410,2,100,nivel_1,1,True,30.890687942504883,30.890687942504883,1,0.01,10,6,0.94
WFG1,414,13,100,nivel_1,1,True,23.290563583374023,33.58766555786133,57,0.57,11,10,0.9
WFG1,418,36,100,nivel_1,1,True,25.13410186767578,31.193828582763672,35,0.35,13,6,0.93
WFG1,422,76,100,nivel_1,1,True,23.384859085083008,30.552562713623047,25,0.25,11,7,0.92
WFG1,426,11,100,nivel_1,1,True,17.521669387817383,27.618303298950195,34,0.34,2,3,0.9
WFG1,430,42,100,nivel_1,1,True,22.029584884643555,33.859397888183594,64,0.64,6,5,0.94
WFG1,434,38,100,nivel_1,1,True,24.214223861694336,35.322898864746094,87,0.87,10,7,0.93
WFG1,438,64,100,nivel_1,1,True,28.693891525268555,33.42334747314453,10,0.1,9,9,0.91
WFG1,442,25,100,nivel_4,4,False,26.714839935302734,36.404911041259766,40,0.4,15,7,0.9
WFG1,446,8,100,nivel_1,1,True,29.780778884887695,33.3297004699707,11,0.11,51,16,0.83
WFG1,450,29,100,nivel_1,1,True,27.93345069885254,37.59519958496094,55,0.55,51,22,0.73
WFG1,454,85,100,nivel_1,1,True,13.480040550231934,29.59523582458496,63,0.63,2,3,0.91
WFG1,458,53,100,nivel_1,1,True,28.569473266601562,35.716190338134766,61,0.61,51,20,0.75
WFG1,462,66,100,nivel_1,1,True,16.71378517150879,25.49500846862793,58,0.58,3,9,0.9
WFG1,466,45,100,nivel_1,1,True,24.272029876708984,38.112796783447266,90,0.9,51,15,0.83
WFG1,470,12,100,nivel_1,1,True,28.776622772216797,36.91085433959961,37,0.37,19,6,0.94
WFG1,474,4,100,nivel_1,1,True,31.60869026184082,37.55289840698242,35,0.35,30,10,0.9
WFG1,478,86,100,nivel_1,1,True,22.2235107421875,22.2235107421875,1,0.01,2,0,1.0
WFG1,482,78,100,nivel_1,1,True,25.108932495117188,36.10990905761719,81,0.81,26,9,0.9
WFG1,486,33,100,nivel_1,1,True,19.50259017944336,24.105018615722656,27,0.27,4,4,0.95
WFG1,490,71,100,nivel_1,1,True,28.60542869567871,37.417236328125,54,0.54,34,8,0.91
WFG1,494,56,100,nivel_1,1,True,17.316871643066406,25.30795669555664,48,0.48,3,8,0.9
WFG1,498,17,100,nivel_1,1,True,20.823822021484375,33.40760040283203,67,0.67,10,6,0.92
WFG1,502,85,100,nivel_1,1,True,18.690406799316406,36.09260940551758,75,0.75,10,6,0.92
WFG1,506,31,100,nivel_1,1,True,14.701375007629395,24.23610496520996,54,0.54,3,4,0.94
WFG1,510,59,100,nivel_1,1,True,28.423532485961914,36.210540771484375,52,0.52,51,20,0.76
WFG1,514,4,100,nivel_1,1,True,24.60727882385254,33.35543441772461,29,0.29,6,9,0.91
WFG1,518,7,100,nivel_1,1,True,23.07982063293457,23.07982063293457,1,0.01,2,0,0.94
WFG1,522,63,100,nivel_1,1,True,20.986026763916016,30.026798248291016,27,0.27,4,7,0.9
WFG1,526,23,100,nivel_1,1,True,26.28623390197754,30.966934204101562,5,0.05,3,3,0.96
WFG1,530,84,100,nivel_1,1,True,23.34703254699707,26.4561767578125,18,0.18,3,7,0.9
WFG1,534,79,100,nivel_1,1,True,26.10128402709961,33.561431884765625,12,0.12,5,8,0.91
WFG1,538,40,100,nivel_1,1,True,27.110090255737305,39.5514030456543,75,0.75,46,10,0.9
WFG1,542,73,100,nivel_1,1,True,20.97284698486328,25.408266067504883,11,0.11,2,0,0.95
WFG1,546,25,100,nivel_1,1,True,31.67786979675293,36.75113296508789,22,0.22,25,9,0.91
WFG1,550,82,100,nivel_1,1,True,25.43541145324707,36.36735534667969,67,0.67,27,9,0.9
WFG1,554,80,100,nivel_1,1,True,25.599491119384766,31.16981315612793,25,0.25,5,6,0.93
WFG1,558,75,100,nivel_1,1,True,26.458511352539062,35.90736389160156,64,0.64,37,6,0.93
WFG1,562,36,100,nivel_1,1,True,19.63612937927246,26.143709182739258,25,0.25,3,7,0.9
WFG1,566,71,100,nivel_1,1,True,18.7169132232666,26.57843589782715,31,0.31,2,6,0.9
WFG1,570,25,100,nivel_1,1,True,28.582881927490234,32.640220642089844,14,0.14,9,6,0.93
WFG1,574,59,100,nivel_1,1,True,29.10453224182129,38.979068756103516,61,0.61,28,10,0.9
WFG1,578,74,100,nivel_1,1,True,29.246597290039062,40.767295837402344,80,0.8,32,6,0.94
WFG1,582,46,100,nivel_1,1,True,17.8391056060791,21.855741500854492,24,0.24,2,2,0.94
WFG1,586,71,100,nivel_1,1,True,20.479684829711914,34.59386444091797,92,0.92,15,7,0.92
WFG2,58,23,100,nivel_1,1,True,28.12296485900879,31.007993698120117,5,0.05,2,0,0.93
WFG2,62,46,100,nivel_1,1,True,21.407123565673828,33.58213806152344,32,0.32,2,2,0.96
WFG2,70,15,100,nivel_1,1,True,25.4492244720459,38.80466079711914,76,0.76,44,8,0.91
WFG2,86,67,100,nivel_1,1,True,22.689050674438477,30.442392349243164,28,0.28,2,3,0.91
WFG2,102,29,100,nivel_1,1,True,33.52278137207031,42.87961959838867,32,0.32,23,9,0.91
WFG2,106,23,100,nivel_1,1,True,26.140060424804688,29.627519607543945,3,0.03,2,2,0.92
WFG2,110,83,100,nivel_1,1,True,24.803449630737305,35.10232925415039,43,0.43,16,8,0.92
WFG2,114,24,100,nivel_1,1,True,22.50011444091797,41.49042510986328,99,0.99,31,9,0.9
WFG2,118,20,100,nivel_1,1,True,29.422348022460938,29.422348022460938,1,0.01,2,1,0.93
WFG2,122,22,100,nivel_1,1,True,26.528581619262695,37.32384490966797,70,0.7,49,7,0.93
WFG2,126,31,100,nivel_1,1,True,29.871246337890625,39.68621826171875,61,0.61,51,16,0.78
WFG2,130,18,100,nivel_1,1,True,29.590978622436523,40.002220153808594,66,0.66,38,6,0.91
WFG2,134,38,100,nivel_1,1,True,40.342369079589844,43.504539489746094,5,0.05,26,6,0.93
WFG2,138,76,100,nivel_1,1,True,14.98344898223877,32.36007308959961,77,0.77,3,8,0.91
WFG2,142,4,100,nivel_1,1,True,37.84174728393555,37.84174728393555,1,0.01,51,12,0.86
WFG2,146,63,100,nivel_1,1,True,15.671525001525879,26.442163467407227,54,0.54,2,3,0.9
WFG2,150,87,100,nivel_1,1,True,34.450439453125,39.2265625,20,0.2,29,6,0.94
WFG2,154,34,100,nivel_1,1,True,31.022140502929688,40.56711196899414,56,0.56,16,10,0.9
WFG2,158,16,100,nivel_1,1,True,27.523744583129883,41.2978515625,82,0.82,33,9,0.91
WFG2,162,58,100,nivel_1,1,True,24.8354434967041,38.262306213378906,85,0.85,15,8,0.91
WFG2,166,57,100,nivel_1,1,True,25.51094627380371,37.6206169128418,91,0.91,21,9,0.91
WFG2,170,18,100,nivel_1,1,True,30.954416275024414,40.112220764160156,40,0.4,28,10,0.9
WFG2,174,29,100,nivel_1,1,True,19.741004943847656,28.074520111083984,23,0.23,2,0,0.91
WFG2,178,74,100,nivel_1,1,True,33.40935134887695,40.01370620727539,15,0.15,12,7,0.93
WFG2,182,57,100,nivel_1,1,True,34.071006774902344,35.976627349853516,5,0.05,14,6,0.93
WFG2,186,57,100,nivel_1,1,True,21.94156837463379,28.710920333862305,24,0.24,4,8,0.91
WFG2,190,46,100,nivel_1,1,True,30.433752059936523,40.91912841796875,39,0.39,26,8,0.91
WFG2,194,39,100,nivel_1,1,True,25.466299057006836,32.431190490722656,28,0.28,6,7,0.92
WFG2,198,65,100,nivel_1,1,True,30.438291549682617,40.482322692871094,33,0.33,22,9,0.91
WFG2,202,17,100,nivel_1,1,True,28.77007293701172,38.94083786010742,71,0.71,48,6,0.91
WFG2,206,57,100,nivel_1,1,True,25.331098556518555,43.01106262207031,97,0.97,51,22,0.73
WFG2,210,6,100,nivel_1,1,True,28.294696807861328,40.73816680908203,83,0.83,27,8,0.91
WFG2,214,25,100,nivel_1,1,True,27.465904235839844,40.36277770996094,69,0.69,40,9,0.9
WFG2,218,68,100,nivel_1,1,True,29.870962142944336,38.569862365722656,43,0.43,30,5,0.93
WFG2,222,65,100,nivel_1,1,True,29.776826858520508,39.209014892578125,52,0.52,30,8,0.91
WFG2,226,8,100,nivel_1,1,True,32.73863220214844,32.73863220214844,1,0.01,4,6,0.93
WFG2,230,41,100,nivel_1,1,True,28.097002029418945,38.954227447509766,73,0.73,51,19,0.8
WFG2,234,50,100,nivel_1,1,True,26.841655731201172,35.84236526489258,51,0.51,12,9,0.91
WFG2,238,83,100,nivel_1,1,True,29.86702537536621,37.3266716003418,41,0.41,40,10,0.9
WFG2,242,74,100,nivel_1,1,True,14.52612018585205,27.489656448364258,53,0.53,2,1,0.94
WFG2,246,37,100,nivel_1,1,True,35.7272834777832,40.15385818481445,8,0.08,22,10,0.9
WFG2,250,45,100,nivel_1,1,True,20.016820907592773,24.16267967224121,27,0.27,2,2,0.93
WFG2,254,65,100,nivel_1,1,True,28.988052368164062,41.09062957763672,65,0.65,41,10,0.9
WFG2,258,13,100,nivel_1,1,True,9.874130249023438,29.307064056396484,98,0.98,2,3,0.91
WFG2,262,45,100,nivel_1,1,True,33.27911376953125,35.03591537475586,8,0.08,51,17,0.79
WFG2,266,44,100,nivel_1,1,True,31.98143768310547,40.19974136352539,25,0.25,21,8,0.91
WFG2,270,52,100,nivel_1,1,True,34.1588020324707,38.548622131347656,25,0.25,51,15,0.81
WFG2,274,75,100,nivel_1,1,True,24.476009368896484,40.93351364135742,82,0.82,28,8,0.9
WFG2,282,40,100,nivel_1,1,True,31.074283599853516,41.60484313964844,50,0.5,51,19,0.77
WFG2,286,38,100,nivel_1,1,True,21.415386199951172,39.04890441894531,82,0.82,7,8,0.9
WFG2,290,67,100,nivel_1,1,True,25.356063842773438,38.15203094482422,75,0.75,21,8,0.9
WFG2,294,10,100,nivel_1,1,True,27.018417358398438,37.70691680908203,86,0.86,44,9,0.91
WFG2,298,71,100,nivel_1,1,True,25.796920776367188,30.3658390045166,10,0.1,2,0,0.99
WFG2,302,88,100,nivel_1,1,True,25.028432846069336,32.69657516479492,29,0.29,5,9,0.9
WFG2,306,37,100,nivel_1,1,True,24.69925308227539,30.63895606994629,25,0.25,5,8,0.91
WFG2,310,22,100,nivel_1,1,True,25.706510543823242,29.083189010620117,10,0.1,3,9,0.9
WFG2,314,73,100,nivel_1,1,True,31.00142478942871,38.35175704956055,30,0.3,51,23,0.74
WFG2,318,40,100,nivel_3,3,False,26.265871047973633,31.72076416015625,11,0.11,3,7,0.92
WFG2,322,46,100,nivel_1,1,True,23.00355339050293,29.243572235107422,19,0.19,3,9,0.91
WFG2,326,48,100,nivel_1,1,True,27.512514114379883,33.146209716796875,13,0.13,7,5,0.94
WFG2,330,3,100,nivel_1,1,True,32.451393127441406,32.451393127441406,1,0.01,7,10,0.9
WFG2,334,35,100,nivel_1,1,True,26.478939056396484,34.99433898925781,55,0.55,17,7,0.92
WFG2,338,68,100,nivel_1,1,True,28.31399917602539,36.86822509765625,58,0.58,51,22,0.75
WFG2,342,75,100,nivel_1,1,True,30.75389862060547,36.405879974365234,17,0.17,17,5,0.94
WFG2,346,4,100,nivel_1,1,True,36.9292106628418,36.9292106628418,1,0.01,36,9,0.9
WFG2,350,54,100,nivel_1,1,True,26.611644744873047,39.87571334838867,83,0.83,42,7,0.92
WFG2,354,3,100,nivel_1,1,True,35.42536926269531,35.42536926269531,1,0.01,26,6,0.93
WFG2,358,59,100,nivel_1,1,True,22.52498435974121,32.51020050048828,78,0.78,13,10,0.9
WFG2,362,45,100,nivel_1,1,True,28.23065948486328,34.17381286621094,25,0.25,18,9,0.9
WFG2,366,58,100,nivel_1,1,True,30.553218841552734,36.27723693847656,49,0.49,51,19,0.8
WFG2,370,33,100,nivel_1,1,True,35.320533752441406,40.93115234375,4,0.04,51,15,0.81
WFG2,374,32,100,nivel_1,1,True,15.111929893493652,30.5196590423584,51,0.51,3,8,0.9
WFG2,378,71,100,nivel_1,1,True,25.889436721801758,36.243228912353516,68,0.68,41,6,0.92
WFG2,382,27,100,nivel_1,1,True,32.46806716918945,37.49855422973633,11,0.11,51,21,0.73
WFG2,386,58,100,nivel_1,1,True,30.785194396972656,37.1195182800293,35,0.35,49,8,0.91
WFG2,390,26,100,nivel_1,1,True,25.410396575927734,36.90937805175781,58,0.58,11,9,0.91
WFG2,394,10,100,nivel_1,1,True,30.59593963623047,36.09088897705078,19,0.19,39,9,0.91
WFG2,398,56,100,nivel_1,1,True,25.133708953857422,29.914762496948242,13,0.13,2,2,0.94
WFG2,402,75,100,nivel_1,1,True,26.816858291625977,35.11345672607422,42,0.42,11,9,0.9
WFG2,406,84,100,nivel_1,1,True,20.66299819946289,33.683013916015625,93,0.93,14,6,0.93
WFG2,410,34,100,nivel_1,1,True,28.872255325317383,38.453575134277344,59,0.59,37,7,0.92
WFG2,414,36,100,nivel_1,1,True,21.433284759521484,26.1635799407959,15,0.15,4,8,0.92
WFG2,418,12,100,nivel_1,1,True,27.572317123413086,35.56352996826172,60,0.6,18,7,0.9
WFG2,422,31,100,nivel_1,1,True,31.862388610839844,37.77031707763672,21,0.21,16,9,0.9
WFG2,426,31,100,nivel_1,1,True,23.680932998657227,37.47614669799805,86,0.86,18,7,0.91
WFG2,430,50,100,nivel_1,1,True,19.299734115600586,44.512874603271484,98,0.98,42,8,0.92
WFG2,434,74,100,nivel_1,1,True,33.36524963378906,36.768280029296875,11,0.11,51,16,0.79
WFG2,438,28,100,nivel_1,1,True,25.47260856628418,37.78021240234375,93,0.93,51,15,0.85
WFG2,442,73,100,nivel_1,1,True,16.878084182739258,27.20590591430664,50,0.5,2,1,0.96
WFG2,446,22,100,nivel_1,1,True,21.94394302368164,21.94394302368164,1,0.01,2,0,0.97
WFG2,450,79,100,nivel_1,1,True,28.61467742919922,40.86697769165039,72,0.72,36,8,0.91
WFG2,454,36,100,nivel_1,1,True,33.29218292236328,38.301692962646484,9,0.09,31,8,0.92
WFG2,458,89,100,nivel_1,1,True,32.14677047729492,39.53581237792969,32,0.32,31,7,0.93
WFG2,462,55,100,nivel_1,1,True,21.25227165222168,36.12361145019531,99,0.99,22,6,0.94
WFG2,466,6,100,nivel_1,1,True,23.016664505004883,25.45224380493164,2,0.02,2,4,0.91
WFG2,470,6,100,nivel_1,1,True,33.40325164794922,40.46501159667969,34,0.34,51,27,0.7
WFG2,474,0,100,nivel_1,1,True,25.483386993408203,25.483386993408203,1,0.01,3,3,0.96
WFG2,478,84,100,nivel_1,1,True,14.406697273254395,28.047887802124023,94,0.94,6,7,0.93
WFG2,482,30,100,nivel_1,1,True,28.692577362060547,38.435489654541016,66,0.66,44,10,0.9
WFG2,486,72,100,nivel_1,1,True,26.924379348754883,36.20546340942383,38,0.38,12,9,0.91
WFG2,490,30,100,nivel_1,1,True,21.224014282226562,37.30580139160156,97,0.97,51,22,0.72
WFG2,494,40,100,nivel_1,1,True,36.469661712646484,37.25950622558594,2,0.02,51,16,0.82
WFG2,498,53,100,nivel_1,1,True,25.687583923339844,34.302066802978516,49,0.49,25,8,0.92
WFG2,502,78,100,nivel_1,1,True,27.012958526611328,36.80497741699219,78,0.78,51,20,0.8
WFG2,506,87,100,nivel_1,1,True,16.924938201904297,22.87293815612793,31,0.31,2,3,0.91
WFG2,510,60,100,nivel_1,1,True,35.72349166870117,40.33467483520508,13,0.13,51,11,0.84
WFG2,514,31,100,nivel_1,1,True,31.745298385620117,37.301082611083984,21,0.21,49,8,0.91
WFG2,518,33,100,nivel_1,1,True,23.92343521118164,30.764253616333008,56,0.56,2,2,0.9
WFG2,522,4,100,nivel_1,1,True,28.704858779907227,40.961822509765625,50,0.5,51,28,0.69
WFG2,526,74,100,nivel_1,1,True,27.52631378173828,34.77375411987305,55,0.55,17,8,0.9
WFG2,530,31,100,nivel_1,1,True,29.3077392578125,38.08939743041992,41,0.41,25,7,0.93
WFG2,534,89,100,nivel_1,1,True,23.207077026367188,36.119850158691406,95,0.95,51,10,0.9
WFG2,538,7,100,nivel_1,1,True,24.722177505493164,24.722177505493164,1,0.01,2,3,0.95
WFG2,542,42,100,nivel_1,1,True,28.16314125061035,28.16314125061035,1,0.01,2,0,1.0
WFG2,546,6,100,nivel_1,1,True,36.70367431640625,36.70367431640625,1,0.01,51,16,0.81
WFG2,550,23,100,nivel_1,1,True,27.928556442260742,38.96612548828125,66,0.66,35,9,0.91
WFG2,554,61,100,nivel_1,1,True,21.79170036315918,29.922983169555664,53,0.53,10,5,0.94
WFG2,558,3,100,nivel_1,1,True,38.32517623901367,38.32517623901367,1,0.01,22,8,0.9
WFG2,562,66,100,nivel_1,1,True,29.944753646850586,37.92485046386719,62,0.62,31,9,0.9
WFG2,566,82,100,nivel_1,1,True,18.94143295288086,27.762859344482422,25,0.25,4,7,0.91
WFG2,570,71,100,nivel_1,1,True,24.60169219970703,36.5515251159668,76,0.76,27,10,0.9
WFG2,574,25,100,nivel_1,1,True,32.61793899536133,35.91596984863281,23,0.23,46,10,0.9
WFG2,578,21,100,nivel_1,1,True,26.220609664916992,35.0169792175293,68,0.68,24,8,0.91
WFG2,582,27,100,nivel_1,1,True,27.860210418701172,33.91136932373047,26,0.26,19,8,0.91
WFG2,586,15,100,nivel_1,1,True,6.918280601501465,21.9718074798584,96,0.96,2,2,0.91
WFG2,590,71,100,nivel_1,1,True,17.162612915039062,33.63364791870117,100,1.0,19,10,0.9
WFG2,594,54,100,nivel_1,1,True,14.776256561279297,28.663551330566406,95,0.95,8,5,0.92
WFG2,598,79,100,nivel_1,1,True,14.928136825561523,27.681800842285156,58,0.58,2,1,0.99
WFG2,602,53,100,nivel_1,1,True,29.33657455444336,35.48574447631836,22,0.22,51,11,0.88
WFG2,606,6,100,nivel_1,1,True,21.2652587890625,21.2652587890625,1,0.01,3,8,0.91
WFG2,610,44,100,nivel_1,1,True,22.332298278808594,31.5233154296875,30,0.3,7,8,0.9
WFG2,614,6,100,nivel_1,1,True,31.295740127563477,31.295740127563477,1,0.01,3,10,0.9
WFG4,2,55,100,nivel_1,1,True,28.420812606811523,32.76936721801758,2,0.02,2,2,0.98
WFG4,6,49,100,nivel_1,1,True,23.464305877685547,30.736101150512695,20,0.2,2,3,0.96
WFG4,10,15,100,nivel_1,1,True,25.656368255615234,25.656368255615234,1,0.01,2,0,1.0
WFG4,14,24,100,nivel_1,1,True,23.788846969604492,29.55742835998535,9,0.09,2,3,0.95
WFG4,18,6,100,nivel_1,1,True,19.164562225341797,27.247760772705078,47,0.47,2,3,0.94
WFG4,22,20,100,nivel_1,1,True,30.664255142211914,30.664255142211914,1,0.01,2,0,0.97
WFG4,26,54,100,nivel_1,1,True,17.45625114440918,26.83529281616211,55,0.55,2,1,0.94
WFG4,30,7,100,nivel_1,1,True,29.2161808013916,29.2161808013916,1,0.01,2,1,0.95
WFG4,34,64,100,nivel_1,1,True,18.73591423034668,29.986223220825195,51,0.51,2,0,0.9
WFG4,38,13,100,nivel_1,1,True,27.21845817565918,27.21845817565918,1,0.01,2,4,0.93
WFG4,42,13,100,nivel_1,1,True,30.28127098083496,31.860483169555664,2,0.02,3,3,0.94
WFG4,46,62,100,nivel_1,1,True,19.953868865966797,30.702251434326172,67,0.67,3,10,0.9
WFG4,50,23,100,nivel_1,1,True,22.34925079345703,34.48588180541992,56,0.56,4,10,0.9
WFG4,54,69,100,nivel_1,1,True,17.995450973510742,25.83437728881836,31,0.31,2,2,0.96
WFG4,58,22,100,nivel_1,1,True,16.002477645874023,30.344270706176758,62,0.62,2,3,0.95
WFG4,62,29,100,nivel_1,1,True,25.715801239013672,37.133365631103516,81,0.81,26,10,0.9
WFG4,66,46,100,nivel_1,1,True,25.741962432861328,29.97922706604004,16,0.16,4,7,0.92
WFG4,70,73,100,nivel_1,1,True,32.869606018066406,40.119171142578125,34,0.34,38,10,0.9
WFG4,74,43,100,nivel_1,1,True,26.975481033325195,39.89666748046875,71,0.71,16,6,0.92
WFG4,78,35,100,nivel_1,1,True,31.509878158569336,40.62150192260742,50,0.5,23,8,0.9
WFG4,82,90,100,nivel_1,1,True,26.501522064208984,32.32793426513672,19,0.19,4,5,0.94
WFG4,86,56,100,nivel_1,1,True,20.65959358215332,36.333072662353516,84,0.84,7,7,0.93
WFG4,90,48,100,nivel_1,1,True,10.397165298461914,32.58617401123047,100,1.0,3,7,0.93
WFG4,94,94,100,nivel_1,1,True,17.47926139831543,26.91552734375,76,0.76,2,0,0.99
WFG4,98,74,100,nivel_1,1,True,13.589908599853516,27.052038192749023,73,0.73,2,0,0.95
WFG4,102,75,100,nivel_1,1,True,35.819515228271484,36.8851432800293,3,0.03,23,7,0.93
WFG4,106,26,100,nivel_1,1,True,29.965763092041016,29.965763092041016,1,0.01,3,7,0.91
WFG4,110,8,100,nivel_1,1,True,36.100120544433594,36.100120544433594,1,0.01,17,9,0.9
WFG4,114,50,100,nivel_1,1,True,32.74159240722656,39.49271774291992,26,0.26,21,7,0.91
WFG4,118,43,100,nivel_1,1,True,32.767906188964844,40.00204086303711,26,0.26,19,9,0.9
WFG4,122,89,100,nivel_1,1,True,32.15289306640625,35.01070022583008,12,0.12,16,7,0.91
WFG4,126,83,100,nivel_1,1,True,24.126768112182617,30.38461685180664,26,0.26,5,5,0.93
WFG4,130,52,100,nivel_1,1,True,13.670095443725586,26.01099395751953,68,0.68,2,0,0.97
WFG4,134,49,100,nivel_1,1,True,20.066686630249023,32.48907470703125,62,0.62,4,8,0.91
WFG4,138,5,100,nivel_1,1,True,29.38007926940918,29.38007926940918,1,0.01,4,9,0.91
WFG4,142,77,100,nivel_1,1,True,18.65772819519043,29.759275436401367,50,0.5,3,7,0.93
WFG4,146,64,100,nivel_1,1,True,14.921537399291992,25.22325325012207,55,0.55,2,4,0.9
WFG4,150,77,100,nivel_1,1,True,18.8949031829834,30.80730628967285,85,0.85,8,9,0.9
WFG4,154,18,100,nivel_1,1,True,21.24458885192871,41.25088119506836,89,0.89,9,8,0.91
WFG4,158,24,100,nivel_2,2,False,37.936641693115234,41.49163818359375,15,0.15,37,9,0.9
WFG4,162,35,100,nivel_1,1,True,33.46120834350586,40.97859191894531,32,0.32,51,11,0.88
WFG4,166,36,100,nivel_1,1,True,36.30009841918945,36.30009841918945,1,0.01,12,8,0.92
WFG4,170,28,100,nivel_1,1,True,34.22748565673828,39.191768646240234,17,0.17,50,9,0.91
WFG4,174,45,100,nivel_1,1,True,17.806964874267578,30.638608932495117,51,0.51,4,7,0.9
WFG4,178,31,100,nivel_1,1,True,17.452341079711914,27.962371826171875,63,0.63,2,4,0.93
WFG4,182,70,100,nivel_1,1,True,26.914451599121094,37.54745864868164,57,0.57,17,9,0.9
WFG4,186,12,100,nivel_1,1,True,22.409305572509766,33.32154846191406,24,0.24,4,9,0.9
WFG4,190,22,100,nivel_1,1,True,38.86688995361328,38.86688995361328,1,0.01,51,13,0.86
WFG4,194,15,100,nivel_1,1,True,31.628149032592773,39.5417366027832,25,0.25,31,8,0.92
WFG4,198,28,100,nivel_1,1,True,18.345260620117188,33.29678726196289,89,0.89,9,8,0.91
WFG4,202,61,100,nivel_1,1,True,26.258874893188477,43.37392807006836,81,0.81,51,19,0.8
WFG4,206,19,100,nivel_1,1,True,26.99910545349121,26.99910545349121,1,0.01,2,1,0.99
WFG4,210,10,100,nivel_1,1,True,36.58633041381836,36.58633041381836,1,0.01,11,9,0.91
WFG4,214,67,100,nivel_3,3,False,14.920980453491211,27.554906845092773,79,0.79,2,1,0.92
WFG4,218,52,100,nivel_1,1,True,20.234500885009766,28.22722053527832,21,0.21,2,4,0.9
WFG4,222,9,100,nivel_1,1,True,34.715667724609375,34.715667724609375,1,0.01,12,8,0.91
WFG4,226,82,100,nivel_1,1,True,26.231735229492188,36.50631332397461,61,0.61,18,7,0.93
WFG4,230,6,100,nivel_1,1,True,27.2636661529541,40.12666320800781,76,0.76,51,18,0.8
WFG4,234,50,100,nivel_1,1,True,16.11078453063965,23.141347885131836,47,0.47,2,3,0.92
WFG4,238,43,100,nivel_1,1,True,30.86813735961914,36.9111213684082,35,0.35,51,19,0.78
WFG4,242,61,100,nivel_1,1,True,17.098344802856445,22.326473236083984,32,0.32,3,5,0.94
WFG4,246,55,100,nivel_1,1,True,26.339534759521484,33.0020751953125,47,0.47,14,10,0.9
WFG4,250,67,100,nivel_1,1,True,33.86570739746094,38.24159622192383,9,0.09,35,9,0.91
WFG4,254,37,100,nivel_1,1,True,26.47028923034668,35.28623580932617,60,0.6,16,7,0.93
WFG4,258,27,100,nivel_1,1,True,26.894914627075195,38.46453857421875,88,0.88,34,5,0.93
WFG4,262,27,100,nivel_1,1,True,22.15659523010254,25.504974365234375,18,0.18,3,6,0.92
WFG4,266,53,100,nivel_1,1,True,20.833404541015625,31.276973724365234,71,0.71,6,7,0.92
WFG4,270,61,100,nivel_1,1,True,25.542200088500977,36.87444305419922,90,0.9,26,5,0.93
WFG4,274,7,100,nivel_1,1,True,28.35131072998047,28.35131072998047,1,0.01,4,8,0.92
WFG4,278,36,100,nivel_2,2,False,27.8859806060791,39.58355712890625,87,0.87,51,16,0.81
WFG4,282,77,100,nivel_1,1,True,14.496563911437988,25.483537673950195,62,0.62,3,9,0.9
WFG4,286,68,100,nivel_1,1,True,33.977394104003906,36.16385269165039,15,0.15,18,7,0.91
WFG4,290,75,100,nivel_1,1,True,33.44927978515625,41.77409362792969,35,0.35,41,9,0.91
WFG4,294,15,100,nivel_1,1,True,29.831987380981445,29.831987380981445,1,0.01,4,9,0.91
WFG4,298,37,100,nivel_1,1,True,26.543109893798828,31.074907302856445,7,0.07,4,7,0.9
WFG4,302,68,100,nivel_1,1,True,29.360763549804688,37.63717269897461,53,0.53,50,6,0.94
WFG4,306,62,100,nivel_1,1,True,11.730819702148438,33.71974182128906,100,1.0,5,8,0.91
WFG4,310,10,100,nivel_1,1,True,15.170308113098145,33.41830825805664,87,0.87,4,8,0.91
WFG4,314,22,100,nivel_1,1,True,20.429880142211914,30.679141998291016,31,0.31,3,6,0.93
WFG4,318,53,100,nivel_1,1,True,31.136594772338867,40.81534957885742,48,0.48,32,8,0.9
WFG4,322,5,100,nivel_1,1,True,24.96510124206543,24.96510124206543,1,0.01,2,1,0.95
WFG4,326,80,100,nivel_1,1,True,33.117610931396484,38.17542266845703,14,0.14,45,6,0.94
WFG4,330,16,100,nivel_1,1,True,27.028535842895508,39.483848571777344,87,0.87,51,23,0.71
WFG4,334,67,100,nivel_1,1,True,25.403553009033203,35.38689041137695,77,0.77,32,10,0.9
WFG4,338,24,100,nivel_1,1,True,15.660457611083984,30.57805824279785,88,0.88,6,9,0.9
WFG4,342,76,100,nivel_1,1,True,15.621253967285156,22.990625381469727,33,0.33,2,2,0.9
WFG4,346,21,100,nivel_1,1,True,26.334413528442383,32.375938415527344,37,0.37,12,9,0.91
WFG4,350,51,100,nivel_1,1,True,14.432361602783203,26.85853385925293,69,0.69,2,3,0.91
WFG4,354,0,100,nivel_1,1,True,15.31332778930664,25.739707946777344,69,0.69,3,8,0.9
WFG4,358,44,100,nivel_1,1,True,17.99286651611328,20.791288375854492,9,0.09,2,2,0.9
WFG4,362,26,100,nivel_1,1,True,23.185060501098633,36.506256103515625,91,0.91,46,8,0.91
WFG4,366,84,100,nivel_1,1,True,16.711217880249023,24.982810974121094,28,0.28,2,2,0.91
WFG4,370,48,100,nivel_2,2,False,11.582402229309082,19.680566787719727,50,0.5,2,0,0.98
WFG4,374,77,100,nivel_1,1,True,13.94742488861084,28.988384246826172,81,0.81,3,5,0.94
WFG4,378,27,100,nivel_1,1,True,31.503023147583008,42.86363220214844,37,0.37,30,7,0.92
WFG4,382,11,100,nivel_1,1,True,36.910621643066406,36.910621643066406,1,0.01,25,9,0.9
WFG4,386,44,100,nivel_1,1,True,26.27042579650879,37.46448516845703,61,0.61,12,7,0.92
WFG4,390,45,100,nivel_1,1,True,34.98355484008789,36.613277435302734,3,0.03,17,9,0.9
WFG4,394,82,100,nivel_1,1,True,28.765701293945312,38.7750129699707,65,0.65,48,8,0.9
WFG4,398,27,100,nivel_1,1,True,25.062170028686523,37.62567901611328,57,0.57,16,6,0.93
WFG4,402,31,100,nivel_1,1,True,29.629594802856445,36.597801208496094,29,0.29,16,5,0.94
WFG4,406,69,100,nivel_1,1,True,25.088327407836914,34.222164154052734,55,0.55,12,9,0.9
WFG4,410,72,100,nivel_1,1,True,34.85182571411133,38.34279251098633,3,0.03,23,7,0.9
WFG4,414,78,100,nivel_1,1,True,8.75507926940918,25.25714683532715,94,0.94,2,0,0.9
WFG4,418,15,100,nivel_1,1,True,20.84514045715332,31.841073989868164,64,0.64,7,7,0.92
WFG4,422,6,100,nivel_1,1,True,32.71831130981445,37.16078186035156,24,0.24,51,12,0.88
WFG4,426,90,100,nivel_1,1,True,15.842790603637695,20.96454429626465,22,0.22,2,2,0.95
WFG4,430,47,100,nivel_1,1,True,21.4915828704834,37.14337158203125,98,0.98,36,8,0.91
WFG4,434,8,100,nivel_1,1,True,38.413795471191406,39.20130920410156,3,0.03,51,16,0.83
WFG4,438,48,100,nivel_1,1,True,24.65634536743164,31.984580993652344,24,0.24,7,3,0.96
WFG4,442,29,100,nivel_1,1,True,27.09359359741211,38.87128829956055,82,0.82,51,21,0.75
WFG4,446,81,100,nivel_1,1,True,33.68234634399414,36.980255126953125,16,0.16,37,10,0.9
WFG4,450,54,100,nivel_1,1,True,30.802560806274414,37.84780502319336,16,0.16,19,8,0.91
WFG4,454,60,100,nivel_1,1,True,16.101634979248047,29.554950714111328,73,0.73,5,7,0.9
WFG4,458,65,100,nivel_1,1,True,16.888505935668945,28.06464195251465,65,0.65,7,8,0.91
WFG4,462,61,100,nivel_1,1,True,30.29633140563965,40.924949645996094,59,0.59,24,7,0.92
WFG4,466,86,100,nivel_1,1,True,25.860671997070312,37.43995666503906,71,0.71,19,7,0.91
WFG4,470,15,100,nivel_1,1,True,31.55009651184082,37.29448318481445,41,0.41,47,10,0.9
WFG4,474,80,100,nivel_1,1,True,33.04571533203125,41.21907043457031,27,0.27,29,6,0.91
WFG4,478,0,100,nivel_1,1,True,32.674476623535156,41.328369140625,43,0.43,51,16,0.83
WFG4,482,71,100,nivel_1,1,True,33.08370590209961,41.704769134521484,54,0.54,41,7,0.93
WFG4,486,60,100,nivel_1,1,True,17.867660522460938,31.7054443359375,86,0.86,6,10,0.9
WFG4,490,31,100,nivel_3,3,False,16.64270782470703,21.54499626159668,34,0.34,2,2,0.93
WFG4,494,19,100,nivel_1,1,True,11.91408634185791,23.57305908203125,94,0.94,3,5,0.93
WFG4,498,49,100,nivel_1,1,True,15.0388765335083,26.644268035888672,33,0.33,3,10,0.9
WFG4,502,6,100,nivel_1,1,True,37.38228225708008,37.38228225708008,1,0.01,51,11,0.87
WFG4,506,12,100,nivel_1,1,True,27.403898239135742,27.403898239135742,1,0.01,7,8,0.9
WFG4,510,17,100,nivel_1,1,True,17.08568572998047,31.64064598083496,89,0.89,9,7,0.92
WFG4,514,51,100,nivel_1,1,True,9.584588050842285,25.714942932128906,93,0.93,3,5,0.92
WFG4,518,47,100,nivel_2,2,False,15.868995666503906,21.26503562927246,18,0.18,2,4,0.9
WFG4,522,84,100,nivel_1,1,True,11.646685600280762,23.778352737426758,76,0.76,3,3,0.96
WFG4,526,34,100,nivel_1,1,True,30.452247619628906,35.111141204833984,32,0.32,20,8,0.92
WFG4,530,13,100,nivel_1,1,True,26.541940689086914,26.541940689086914,1,0.01,8,9,0.9
WFG4,534,23,100,nivel_1,1,True,27.506898880004883,38.63700485229492,67,0.67,51,26,0.67
WFG4,538,14,100,nivel_1,1,True,31.98261070251465,37.9807243347168,48,0.48,25,8,0.9
WFG4,542,61,100,nivel_1,1,True,27.888919830322266,39.915138244628906,73,0.73,28,8,0.91
WFG4,546,69,100,nivel_1,1,True,24.773399353027344,37.28233337402344,97,0.97,51,18,0.81
WFG4,550,26,100,nivel_1,1,True,12.859936714172363,25.435997009277344,91,0.91,7,9,0.91
WFG4,554,29,100,nivel_1,1,True,24.9706974029541,36.056724548339844,85,0.85,45,9,0.9
WFG4,558,26,100,nivel_1,1,True,34.911476135253906,39.3541259765625,18,0.18,51,20,0.75
WFG4,562,9,100,nivel_1,1,True,17.531232833862305,25.159610748291016,32,0.32,2,1,0.98
WFG4,566,71,100,nivel_1,1,True,23.560091018676758,35.408897399902344,47,0.47,13,8,0.9
WFG4,570,13,100,nivel_1,1,True,32.402549743652344,40.276737213134766,31,0.31,30,7,0.9
WFG4,574,82,100,nivel_1,1,True,27.23162841796875,36.541770935058594,58,0.58,40,8,0.92
WFG4,582,74,100,nivel_1,1,True,31.899770736694336,37.068660736083984,25,0.25,39,7,0.93
WFG4,586,83,100,nivel_1,1,True,12.647799491882324,18.481367111206055,60,0.6,5,7,0.93
WFG5,2,47,100,nivel_1,1,True,30.232210159301758,30.232210159301758,1,0.01,2,0,1.0
WFG5,6,59,100,nivel_1,1,True,24.398792266845703,36.616050720214844,16,0.16,2,0,0.96
WFG5,10,74,100,nivel_1,1,True,32.406925201416016,32.406925201416016,1,0.01,2,0,0.99
WFG5,14,88,100,nivel_1,1,True,10.553583145141602,36.15324020385742,94,0.94,2,1,0.97
WFG5,18,31,100,nivel_1,1,True,6.466446876525879,34.30238723754883,97,0.97,4,9,0.9
WFG5,22,28,100,nivel_1,1,True,39.51176452636719,39.51176452636719,1,0.01,33,10,0.9
WFG5,26,17,100,nivel_1,1,True,31.0484619140625,31.0484619140625,1,0.01,2,1,0.9
WFG5,30,84,100,nivel_1,1,True,28.24001121520996,42.03434753417969,85,0.85,46,7,0.9
WFG5,34,19,100,nivel_1,1,True,38.21160125732422,38.21160125732422,1,0.01,40,8,0.91
WFG5,38,78,100,nivel_1,1,True,9.42513656616211,32.966346740722656,95,0.95,2,1,0.93
WFG5,42,83,100,nivel_1,1,True,30.35015296936035,42.55685806274414,53,0.53,29,10,0.9
WFG5,46,19,100,nivel_1,1,True,30.60651397705078,36.28999328613281,35,0.35,13,7,0.91
WFG5,50,31,100,nivel_1,1,True,31.768970489501953,39.9915885925293,26,0.26,15,10,0.9
WFG5,54,76,100,nivel_1,1,True,27.74862289428711,38.876861572265625,64,0.64,45,9,0.9
WFG5,58,50,100,nivel_1,1,True,27.16433334350586,39.184669494628906,88,0.88,32,7,0.91
WFG5,62,50,100,nivel_1,1,True,21.772830963134766,36.655941009521484,86,0.86,12,4,0.95
WFG5,66,33,100,nivel_1,1,True,35.597530364990234,37.636375427246094,5,0.05,33,10,0.9
WFG5,70,23,100,nivel_1,1,True,38.398494720458984,38.398494720458984,1,0.01,35,3,0.97
WFG5,74,28,100,nivel_1,1,True,31.421316146850586,45.36488342285156,70,0.7,51,15,0.84
WFG5,78,61,100,nivel_1,1,True,26.862159729003906,35.25505065917969,47,0.47,21,10,0.9
WFG5,82,86,100,nivel_1,1,True,29.897619247436523,38.23888397216797,25,0.25,24,10,0.9
WFG5,86,85,100,nivel_1,1,True,22.21602439880371,38.30232620239258,94,0.94,17,9,0.9
WFG5,90,58,100,nivel_1,1,True,31.454763412475586,39.455501556396484,25,0.25,47,10,0.9
WFG5,94,67,100,nivel_1,1,True,23.785837173461914,39.47959518432617,86,0.86,37,8,0.91
WFG5,98,22,100,nivel_1,1,True,10.708174705505371,37.62065505981445,85,0.85,13,9,0.9
WFG5,102,29,100,nivel_1,1,True,32.72916793823242,40.957366943359375,47,0.47,51,14,0.83
WFG5,106,58,100,nivel_1,1,True,27.53457260131836,37.64516830444336,46,0.46,12,8,0.92
WFG5,110,7,100,nivel_1,1,True,30.378915786743164,36.59660339355469,38,0.38,14,9,0.9
WFG5,114,62,100,nivel_1,1,True,31.954870223999023,37.222877502441406,14,0.14,9,10,0.9
WFG5,118,28,100,nivel_1,1,True,24.18661880493164,33.980831146240234,34,0.34,10,9,0.9
WFG5,122,9,100,nivel_1,1,True,42.486820220947266,42.486820220947266,1,0.01,34,6,0.93
WFG5,126,52,100,nivel_1,1,True,20.77134132385254,36.64333724975586,61,0.61,13,5,0.94
WFG5,130,18,100,nivel_1,1,True,26.28468894958496,34.832069396972656,62,0.62,22,7,0.92
WFG5,134,59,100,nivel_1,1,True,23.755857467651367,36.574859619140625,46,0.46,5,8,0.91
WFG5,138,56,100,nivel_1,1,True,24.696256637573242,31.60304069519043,37,0.37,20,8,0.91
WFG5,142,42,100,nivel_1,1,True,26.455020904541016,36.794761657714844,20,0.2,8,5,0.95
WFG5,146,74,100,nivel_1,1,True,13.20425033569336,24.927614212036133,59,0.59,36,10,0.9
WFG5,150,4,100,nivel_1,1,True,4.5279035568237305,18.522375106811523,94,0.94,12,7,0.91
WFG5,154,89,100,nivel_1,1,True,7.585147857666016,17.984840393066406,98,0.98,50,8,0.9
WFG5,158,6,100,nivel_1,1,True,25.056066513061523,36.77886962890625,52,0.52,23,8,0.91
WFG5,162,6,100,nivel_1,1,True,11.235372543334961,24.65611457824707,63,0.63,3,4,0.95
WFG5,166,52,100,nivel_1,1,True,22.18229103088379,38.80854034423828,81,0.81,23,8,0.91
WFG5,170,53,100,nivel_1,1,True,28.62434196472168,38.5535888671875,70,0.7,23,7,0.91
WFG5,174,81,100,nivel_1,1,True,18.72170639038086,29.552419662475586,27,0.27,3,8,0.91
WFG5,178,59,100,nivel_1,1,True,24.35171890258789,37.855552673339844,87,0.87,17,9,0.91
WFG5,182,56,100,nivel_1,1,True,12.198212623596191,28.469282150268555,95,0.95,26,6,0.91
WFG5,186,83,100,nivel_1,1,True,24.820079803466797,38.398738861083984,85,0.85,21,7,0.9
WFG5,190,42,100,nivel_2,2,False,18.14049530029297,26.320476531982422,24,0.24,2,0,0.96
WFG5,194,23,100,nivel_1,1,True,36.878257751464844,36.878257751464844,1,0.01,11,5,0.94
WFG5,198,20,100,nivel_1,1,True,16.338491439819336,25.84735870361328,51,0.51,7,5,0.94
WFG5,202,85,100,nivel_1,1,True,9.46825122833252,18.679656982421875,32,0.32,3,5,0.93
WFG5,206,23,100,nivel_1,1,True,26.965429306030273,26.965429306030273,1,0.01,2,0,1.0
WFG5,210,48,100,nivel_1,1,True,13.85434341430664,26.178150177001953,91,0.91,5,5,0.94
WFG5,214,25,100,nivel_1,1,True,22.396636962890625,37.62392807006836,71,0.71,5,8,0.9
WFG5,218,15,100,nivel_1,1,True,34.28742599487305,34.28742599487305,1,0.01,11,6,0.93
WFG5,222,33,100,nivel_1,1,True,25.771814346313477,29.264907836914062,29,0.29,3,6,0.92
WFG5,226,2,100,nivel_1,1,True,32.54121398925781,32.54121398925781,1,0.01,3,2,0.98
WFG5,230,55,100,nivel_1,1,True,30.94721221923828,37.31564712524414,22,0.22,9,8,0.9
WFG5,234,33,100,nivel_1,1,True,13.955448150634766,13.955448150634766,1,0.01,2,0,1.0
WFG5,238,38,100,nivel_1,1,True,12.54399299621582,20.331764221191406,99,0.99,4,8,0.9
WFG5,242,25,100,nivel_1,1,True,23.92152214050293,28.047943115234375,20,0.2,20,8,0.9
WFG5,246,32,100,nivel_1,1,True,26.206592559814453,32.70690155029297,25,0.25,20,3,0.96
WFG5,250,10,100,nivel_1,1,True,33.290138244628906,38.473777770996094,11,0.11,2,1,0.9
WFG5,254,89,100,nivel_1,1,True,7.228425979614258,12.204817771911621,58,0.58,4,1,0.98
WFG5,258,74,100,nivel_1,1,True,29.431865692138672,29.431865692138672,1,0.01,2,0,1.0
WFG5,262,55,100,nivel_1,1,True,3.3350799083709717,14.121779441833496,97,0.97,3,2,0.95
WFG5,266,12,100,nivel_1,1,True,18.497831344604492,32.03956604003906,68,0.68,17,7,0.93
WFG5,270,77,100,nivel_1,1,True,18.034835815429688,18.034835815429688,1,0.01,2,0,1.0
WFG5,274,1,100,nivel_1,1,True,30.67534637451172,30.67534637451172,1,0.01,6,7,0.93
WFG5,278,76,100,nivel_1,1,True,8.694928169250488,28.33864974975586,59,0.59,2,3,0.92
WFG5,282,24,100,nivel_1,1,True,13.009300231933594,13.009300231933594,1,0.01,2,0,1.0
WFG5,286,78,100,nivel_1,1,True,13.767921447753906,30.37981414794922,70,0.7,20,8,0.9
WFG5,290,33,100,nivel_1,1,True,30.57461166381836,35.078311920166016,8,0.08,51,24,0.71
WFG5,294,4,100,nivel_1,1,True,30.703405380249023,30.703405380249023,1,0.01,11,7,0.91
WFG5,298,63,100,nivel_1,1,True,13.288849830627441,30.338268280029297,66,0.66,10,5,0.95
WFG5,302,25,100,nivel_1,1,True,24.38511085510254,25.762880325317383,6,0.06,3,8,0.92
WFG5,306,87,100,nivel_1,1,True,15.712270736694336,23.529993057250977,24,0.24,2,0,0.98
WFG5,310,57,100,nivel_1,1,True,24.402996063232422,35.75282287597656,57,0.57,51,13,0.82
WFG5,314,70,100,nivel_1,1,True,16.013025283813477,21.471757888793945,34,0.34,3,1,0.98
WFG5,318,13,100,nivel_1,1,True,14.181892395019531,17.296594619750977,23,0.23,3,1,0.98
WFG5,322,87,100,nivel_1,1,True,15.27479362487793,32.95649337768555,28,0.28,5,6,0.93
WFG5,326,16,100,nivel_1,1,True,10.960972785949707,19.94247055053711,51,0.51,20,8,0.9
WFG5,330,15,100,nivel_1,1,True,17.89729881286621,30.112749099731445,58,0.58,13,9,0.9
WFG5,334,53,100,nivel_1,1,True,20.96895408630371,23.662195205688477,16,0.16,5,8,0.9
WFG5,338,42,100,nivel_1,1,True,29.81682014465332,29.81682014465332,1,0.01,2,0,1.0
WFG5,342,7,100,nivel_1,1,True,23.77337646484375,33.21419906616211,52,0.52,18,10,0.9
WFG5,346,78,100,nivel_1,1,True,12.59700870513916,20.427391052246094,82,0.82,3,1,0.99
WFG5,350,47,100,nivel_1,1,True,21.99517822265625,21.99517822265625,1,0.01,2,1,0.99
WFG5,354,79,100,nivel_1,1,True,17.556882858276367,26.157325744628906,79,0.79,2,1,0.98
WFG5,358,11,100,nivel_1,1,True,8.87583065032959,15.135993003845215,78,0.78,2,0,0.91
WFG5,362,26,100,nivel_1,1,True,25.977046966552734,41.28472137451172,34,0.34,51,26,0.73
WFG5,366,69,100,nivel_1,1,True,23.557477951049805,23.557477951049805,1,0.01,2,0,1.0
WFG5,370,45,100,nivel_1,1,True,23.458147048950195,27.36638832092285,21,0.21,6,9,0.9
WFG5,374,88,100,nivel_1,1,True,12.031204223632812,31.409025192260742,90,0.9,5,6,0.93
WFG5,378,51,100,nivel_1,1,True,8.176737785339355,16.300630569458008,64,0.64,4,9,0.9
WFG5,382,63,100,nivel_1,1,True,9.711374282836914,29.23393440246582,100,1.0,23,5,0.93
WFG5,386,42,100,nivel_1,1,True,31.236099243164062,37.94485855102539,20,0.2,29,9,0.9
WFG5,390,85,100,nivel_1,1,True,27.407297134399414,37.16727828979492,51,0.51,33,8,0.91
WFG5,394,24,100,nivel_1,1,True,4.840906143188477,29.036785125732422,96,0.96,7,5,0.94
WFG5,398,14,100,nivel_1,1,True,9.929762840270996,33.748748779296875,74,0.74,6,5,0.95
WFG5,402,55,100,nivel_1,1,True,7.521077632904053,13.884502410888672,38,0.38,3,5,0.93
WFG5,406,36,100,nivel_1,1,True,14.044126510620117,28.427322387695312,28,0.28,3,9,0.9
WFG5,410,48,100,nivel_1,1,True,6.645161151885986,13.451560020446777,35,0.35,2,1,0.95
WFG5,414,26,100,nivel_1,1,True,16.514636993408203,25.48969078063965,73,0.73,51,15,0.81
WFG5,418,68,100,nivel_1,1,True,17.005226135253906,35.280311584472656,76,0.76,18,9,0.91
WFG5,422,20,100,nivel_1,1,True,24.313405990600586,37.84499740600586,54,0.54,37,7,0.93
WFG5,426,60,100,nivel_1,1,True,28.361116409301758,32.0880126953125,6,0.06,33,8,0.91
WFG5,430,59,100,nivel_1,1,True,6.044388771057129,31.97289276123047,95,0.95,8,6,0.93
WFG5,434,59,100,nivel_2,2,False,10.203425407409668,22.356122970581055,99,0.99,17,4,0.94
WFG5,438,33,100,nivel_1,1,True,11.184744834899902,16.7814884185791,31,0.31,3,10,0.9
WFG5,442,9,100,nivel_1,1,True,20.94957160949707,27.563793182373047,35,0.35,39,7,0.92
WFG5,446,73,100,nivel_1,1,True,14.33847427368164,27.477252960205078,60,0.6,23,6,0.94
WFG5,450,68,100,nivel_1,1,True,17.99166488647461,26.33252716064453,15,0.15,14,7,0.93
WFG5,454,10,100,nivel_1,1,True,9.154214859008789,13.648690223693848,31,0.31,3,4,0.94
WFG5,458,75,100,nivel_1,1,True,21.676406860351562,22.945796966552734,3,0.03,18,8,0.92
WFG5,462,9,100,nivel_1,1,True,23.424760818481445,23.424760818481445,1,0.01,3,2,0.98
WFG5,466,17,100,nivel_1,1,True,25.202959060668945,33.57424545288086,55,0.55,35,8,0.91
WFG5,470,18,100,nivel_1,1,True,36.47874069213867,36.47874069213867,1,0.01,16,8,0.91
WFG5,474,76,100,nivel_1,1,True,13.063753128051758,22.757402420043945,40,0.4,2,0,0.97
WFG5,478,23,100,nivel_1,1,True,2.7404708862304688,28.810998916625977,89,0.89,6,8,0.9
WFG5,482,53,100,nivel_1,1,True,17.70939826965332,34.895816802978516,88,0.88,51,27,0.67
WFG5,486,67,100,nivel_1,1,True,22.405750274658203,29.32701301574707,8,0.08,23,10,0.9
WFG5,490,90,100,nivel_4,4,False,13.879083633422852,28.842670440673828,66,0.66,14,6,0.91
WFG5,494,10,100,nivel_1,1,True,11.856583595275879,34.31405258178711,76,0.76,35,8,0.9
WFG5,498,71,100,nivel_1,1,True,15.781490325927734,17.433229446411133,6,0.06,2,0,0.97
WFG5,502,11,100,nivel_1,1,True,5.8451690673828125,13.259237289428711,85,0.85,2,0,0.91
WFG5,506,13,100,nivel_1,1,True,5.083376407623291,5.083376407623291,1,0.01,2,0,1.0
WFG5,510,92,100,nivel_1,1,True,10.314393997192383,28.02600860595703,47,0.47,17,5,0.94
WFG5,514,1,100,nivel_1,1,True,26.066110610961914,28.06215476989746,2,0.02,7,8,0.92
WFG5,518,6,100,nivel_1,1,True,23.53546714782715,31.545488357543945,12,0.12,25,8,0.91
WFG5,522,8,100,nivel_1,1,True,20.522422790527344,20.522422790527344,1,0.01,2,0,0.96
WFG5,526,9,100,nivel_1,1,True,7.480299949645996,19.834884643554688,99,0.99,20,7,0.91
WFG5,530,38,100,nivel_1,1,True,2.7436866760253906,26.34537696838379,94,0.94,8,5,0.93
WFG5,534,5,100,nivel_1,1,True,27.252681732177734,27.252681732177734,1,0.01,4,0,0.97
WFG5,538,2,100,nivel_1,1,True,31.414487838745117,31.414487838745117,1,0.01,24,9,0.9
WFG5,542,32,100,nivel_1,1,True,9.003905296325684,30.57393455505371,46,0.46,9,9,0.91
WFG5,546,64,100,nivel_1,1,True,23.726795196533203,34.48033905029297,63,0.63,39,9,0.91
WFG5,550,89,100,nivel_1,1,True,10.118654251098633,10.118654251098633,1,0.01,2,0,1.0
WFG5,554,6,100,nivel_1,1,True,25.323379516601562,37.08918380737305,44,0.44,3,7,0.91
WFG5,558,3,100,nivel_1,1,True,12.518601417541504,39.172889709472656,100,1.0,51,24,0.68
WFG5,562,17,100,nivel_1,1,True,15.86998176574707,32.470794677734375,54,0.54,3,7,0.91
WFG5,566,2,100,nivel_1,1,True,17.63697052001953,17.63697052001953,1,0.01,3,5,0.94
WFG5,570,83,100,nivel_1,1,True,1.3969660997390747,7.410963535308838,70,0.7,3,7,0.93
WFG5,574,24,100,nivel_1,1,True,32.914066314697266,32.914066314697266,1,0.01,10,8,0.91
WFG5,578,79,100,nivel_1,1,True,23.38322639465332,37.73518371582031,39,0.39,24,7,0.93
WFG5,582,28,100,nivel_1,1,True,21.261213302612305,34.20984649658203,73,0.73,30,9,0.91
WFG9,2,16,100,nivel_1,1,True,22.94194221496582,32.294227600097656,29,0.29,2,3,0.93
WFG9,6,53,100,nivel_1,1,True,15.729963302612305,29.58112335205078,77,0.77,2,2,0.95
WFG9,10,59,100,nivel_2,2,False,16.932598114013672,30.34458351135254,69,0.69,2,1,0.97
WFG9,26,42,100,nivel_1,1,True,23.278993606567383,32.86865234375,33,0.33,2,2,0.92
WFG9,30,79,100,nivel_1,1,True,16.84796905517578,29.193525314331055,68,0.68,2,2,0.97
WFG9,34,8,100,nivel_1,1,True,29.455270767211914,30.574970245361328,2,0.02,2,4,0.91
WFG9,38,18,100,nivel_1,1,True,32.73633575439453,40.06379318237305,31,0.31,51,14,0.83
WFG9,42,72,100,nivel_1,1,True,18.360258102416992,28.0414981842041,38,0.38,2,0,0.94
WFG9,46,87,100,nivel_1,1,True,27.08983039855957,33.430519104003906,12,0.12,3,8,0.92
WFG9,50,36,100,nivel_1,1,True,14.925857543945312,30.621273040771484,83,0.83,2,1,0.9
WFG9,54,89,100,nivel_1,1,True,33.84511184692383,40.29083251953125,13,0.13,36,7,0.93
WFG9,58,85,100,nivel_1,1,True,13.66580867767334,33.126285552978516,85,0.85,2,1,0.91
WFG9,62,63,100,nivel_1,1,True,26.9013729095459,35.23146057128906,36,0.36,8,9,0.9
WFG9,66,13,100,nivel_4,4,False,30.046701431274414,30.046701431274414,1,0.01,2,4,0.9
WFG9,70,36,100,nivel_1,1,True,14.256731986999512,28.748010635375977,88,0.88,5,6,0.92
WFG9,74,63,100,nivel_1,1,True,27.237220764160156,41.00059509277344,53,0.53,8,8,0.9
WFG9,78,5,100,nivel_1,1,True,37.24660873413086,37.24660873413086,1,0.01,9,9,0.9
WFG9,82,53,100,nivel_1,1,True,31.725921630859375,35.4397087097168,15,0.15,14,8,0.91
WFG9,86,47,100,nivel_1,1,True,27.353755950927734,38.38773727416992,57,0.57,14,8,0.9
WFG9,90,64,100,nivel_1,1,True,13.519598960876465,29.24032974243164,77,0.77,2,0,0.98
WFG9,94,41,100,nivel_1,1,True,24.973934173583984,39.41417694091797,86,0.86,43,9,0.91
WFG9,98,16,100,nivel_1,1,True,17.02357292175293,29.684812545776367,77,0.77,4,5,0.93
WFG9,102,73,100,nivel_1,1,True,21.66972541809082,32.481571197509766,15,0.15,3,2,0.98
WFG9,106,72,100,nivel_1,1,True,26.595048904418945,40.190834045410156,76,0.76,39,8,0.9
WFG9,110,27,100,nivel_1,1,True,30.986486434936523,39.51366424560547,27,0.27,13,6,0.9
WFG9,114,59,100,nivel_1,1,True,10.676826477050781,31.426471710205078,96,0.96,2,0,0.96
WFG9,118,39,100,nivel_1,1,True,19.84950065612793,32.960445404052734,73,0.73,10,9,0.9
WFG9,122,91,100,nivel_1,1,True,17.87417221069336,31.662179946899414,84,0.84,10,6,0.93
WFG9,126,29,100,nivel_1,1,True,22.7497501373291,30.24839973449707,24,0.24,5,9,0.91
WFG9,130,17,100,nivel_1,1,True,35.000083923339844,35.000083923339844,1,0.01,6,7,0.93
WFG9,134,49,100,nivel_1,1,True,18.069793701171875,36.88957595825195,95,0.95,51,18,0.81
WFG9,138,21,100,nivel_1,1,True,36.21184539794922,41.457401275634766,8,0.08,25,8,0.91
WFG9,142,75,100,nivel_1,1,True,32.60353469848633,40.33861541748047,50,0.5,51,19,0.78
WFG9,146,20,100,nivel_1,1,True,22.297021865844727,25.306732177734375,5,0.05,3,7,0.91
WFG9,150,74,100,nivel_1,1,True,12.032730102539062,28.82648468017578,75,0.75,3,7,0.92
WFG9,154,48,100,nivel_1,1,True,29.07522964477539,43.086273193359375,54,0.54,51,15,0.81
WFG9,158,90,100,nivel_1,1,True,33.360633850097656,42.77737045288086,22,0.22,24,7,0.92
WFG9,162,58,100,nivel_1,1,True,19.208436965942383,35.012943267822266,99,0.99,15,6,0.92
WFG9,166,67,100,nivel_1,1,True,28.91645050048828,32.90836715698242,34,0.34,29,3,0.96
WFG9,170,54,100,nivel_1,1,True,28.679452896118164,35.77957534790039,53,0.53,51,20,0.79
WFG9,174,21,100,nivel_1,1,True,28.590309143066406,36.822792053222656,49,0.49,21,9,0.9
WFG9,178,30,100,nivel_1,1,True,33.5067138671875,41.4688606262207,43,0.43,27,6,0.94
WFG9,182,21,100,nivel_1,1,True,35.718135833740234,38.4134635925293,8,0.08,26,10,0.9
WFG9,186,20,100,nivel_1,1,True,31.6739444732666,31.6739444732666,1,0.01,4,4,0.96
WFG9,190,80,100,nivel_1,1,True,31.783052444458008,35.060516357421875,20,0.2,18,9,0.91
WFG9,194,79,100,nivel_1,1,True,24.911502838134766,35.07472229003906,39,0.39,36,7,0.93
WFG9,198,69,100,nivel_1,1,True,27.501680374145508,34.204769134521484,9,0.09,11,7,0.92
WFG9,202,72,100,nivel_1,1,True,26.205408096313477,33.08112716674805,39,0.39,20,5,0.95
WFG9,206,8,100,nivel_1,1,True,32.257835388183594,42.0353889465332,28,0.28,33,10,0.9
WFG9,210,6,100,nivel_1,1,True,18.908151626586914,26.79908561706543,49,0.49,6,10,0.9
WFG9,214,37,100,nivel_1,1,True,23.064563751220703,37.38720703125,56,0.56,21,10,0.9
WFG9,218,90,100,nivel_1,1,True,15.853480339050293,28.370742797851562,49,0.49,6,8,0.92
WFG9,222,74,100,nivel_1,1,True,24.109819412231445,29.369768142700195,38,0.38,3,5,0.93
WFG9,226,32,100,nivel_1,1,True,5.134201526641846,28.894325256347656,87,0.87,3,7,0.91
WFG9,230,61,100,nivel_1,1,True,25.198240280151367,27.20487403869629,6,0.06,9,4,0.96
WFG9,234,72,100,nivel_1,1,True,35.12163543701172,38.22581481933594,13,0.13,51,16,0.8
WFG9,238,29,100,nivel_1,1,True,26.854276657104492,34.422786712646484,13,0.13,7,9,0.91
WFG9,242,63,100,nivel_1,1,True,34.138404846191406,38.52676773071289,21,0.21,44,8,0.92
WFG9,246,92,100,nivel_1,1,True,17.473051071166992,24.49529457092285,27,0.27,2,2,0.98
WFG9,250,35,100,nivel_1,1,True,12.548894882202148,26.872943878173828,82,0.82,3,9,0.91
WFG9,254,48,100,nivel_1,1,True,22.158361434936523,37.13116455078125,92,0.92,28,6,0.92
WFG9,258,85,100,nivel_1,1,True,29.608366012573242,33.3170166015625,20,0.2,11,8,0.91
WFG9,262,66,100,nivel_1,1,True,2.577996253967285,20.921228408813477,79,0.79,2,1,0.99
WFG9,266,60,100,nivel_3,3,False,20.041168212890625,25.14122200012207,5,0.05,4,5,0.93
WFG9,270,70,100,nivel_1,1,True,29.0826416015625,35.328861236572266,32,0.32,38,8,0.91
WFG9,274,56,100,nivel_1,1,True,15.084245681762695,19.88273048400879,24,0.24,2,0,0.98
WFG9,278,90,100,nivel_1,1,True,10.851948738098145,18.236967086791992,29,0.29,2,0,0.91
WFG9,282,43,100,nivel_1,1,True,5.105999946594238,28.41461181640625,95,0.95,16,5,0.95
WFG9,286,50,100,nivel_1,1,True,35.7438850402832,39.21023941040039,6,0.06,34,8,0.91
WFG9,290,23,100,nivel_1,1,True,41.49626541137695,41.49626541137695,1,0.01,51,12,0.84
WFG9,294,36,100,nivel_1,1,True,24.265832901000977,34.004730224609375,42,0.42,47,9,0.9
WFG9,298,69,100,nivel_1,1,True,26.65033531188965,35.47003173828125,47,0.47,37,8,0.91
WFG9,302,98,100,nivel_1,1,True,23.091184616088867,23.091184616088867,1,0.01,2,0,1.0
WFG9,306,79,100,nivel_1,1,True,30.233890533447266,36.998085021972656,29,0.29,41,8,0.92
WFG9,310,80,100,nivel_1,1,True,14.141737937927246,21.681175231933594,19,0.19,5,8,0.9
WFG9,314,23,100,nivel_1,1,True,9.331677436828613,23.7408390045166,76,0.76,8,8,0.92
WFG9,318,86,100,nivel_1,1,True,3.526822090148926,18.184215545654297,87,0.87,4,9,0.9
WFG9,322,0,100,nivel_1,1,True,28.734094619750977,34.042503356933594,31,0.31,22,10,0.9
WFG9,326,23,100,nivel_1,1,True,13.06978702545166,19.70583724975586,33,0.33,7,7,0.9
WFG9,330,36,100,nivel_1,1,True,27.679218292236328,33.439483642578125,51,0.51,26,9,0.9
WFG9,334,65,100,nivel_1,1,True,30.668781280517578,32.14459991455078,5,0.05,14,9,0.91
WFG9,338,24,100,nivel_1,1,True,26.79793930053711,36.36345672607422,54,0.54,33,5,0.94
WFG9,342,63,100,nivel_1,1,True,28.471790313720703,32.66055679321289,22,0.22,15,9,0.9
WFG9,346,23,100,nivel_1,1,True,25.262950897216797,34.97027587890625,38,0.38,51,18,0.8
WFG9,350,74,100,nivel_1,1,True,7.483774185180664,20.034177780151367,88,0.88,6,9,0.9
WFG9,354,75,100,nivel_1,1,True,27.720794677734375,37.151100158691406,59,0.59,51,12,0.85
WFG9,358,73,100,nivel_1,1,True,12.33729362487793,21.66107177734375,32,0.32,6,7,0.91
WFG9,362,31,100,nivel_1,1,True,13.996639251708984,28.49022674560547,86,0.86,15,8,0.92
WFG9,366,17,100,nivel_1,1,True,23.845102310180664,30.24279022216797,28,0.28,11,9,0.9
WFG9,370,39,100,nivel_1,1,True,17.982994079589844,29.67437171936035,81,0.81,10,8,0.91
WFG9,374,14,100,nivel_1,1,True,27.760133743286133,36.27652359008789,74,0.74,51,14,0.81
WFG9,378,89,100,nivel_1,1,True,25.63182258605957,34.9294319152832,26,0.26,22,7,0.93
WFG9,382,32,100,nivel_1,1,True,29.21363067626953,37.21809005737305,45,0.45,23,9,0.9
WFG9,386,29,100,nivel_1,1,True,23.004745483398438,27.797115325927734,22,0.22,10,8,0.9
WFG9,390,29,100,nivel_1,1,True,23.94685935974121,41.998741149902344,94,0.94,36,6,0.94
WFG9,394,33,100,nivel_1,1,True,22.564538955688477,32.44530487060547,38,0.38,10,7,0.93
WFG9,398,17,100,nivel_1,1,True,23.57370376586914,32.39811706542969,58,0.58,21,9,0.9
WFG9,402,77,100,nivel_1,1,True,27.109853744506836,37.29817199707031,65,0.65,18,6,0.93
WFG9,406,74,100,nivel_1,1,True,29.484472274780273,34.14926528930664,13,0.13,11,7,0.91
WFG9,410,8,100,nivel_1,1,True,31.504884719848633,34.56703567504883,7,0.07,33,5,0.93
WFG9,414,24,100,nivel_1,1,True,32.0846061706543,35.112213134765625,7,0.07,23,8,0.91
WFG9,418,72,100,nivel_1,1,True,26.365917205810547,30.147764205932617,25,0.25,24,7,0.92
WFG9,422,3,100,nivel_1,1,True,24.366744995117188,24.366744995117188,1,0.01,3,9,0.9
WFG9,426,17,100,nivel_1,1,True,15.462019920349121,29.402992248535156,45,0.45,4,8,0.92
WFG9,430,73,100,nivel_1,1,True,25.036739349365234,30.49324607849121,14,0.14,10,7,0.91
WFG9,434,72,100,nivel_1,1,True,7.509710311889648,12.708380699157715,51,0.51,9,7,0.93
WFG9,438,27,100,nivel_1,1,True,19.8610782623291,22.121110916137695,12,0.12,2,1,0.97
WFG9,442,6,100,nivel_1,1,True,25.33007049560547,33.846195220947266,55,0.55,51,14,0.83
WFG9,446,81,100,nivel_1,1,True,8.372872352600098,18.3603572845459,71,0.71,7,9,0.9
WFG9,450,75,100,nivel_1,1,True,25.448745727539062,33.813880920410156,70,0.7,51,7,0.93
WFG9,454,16,100,nivel_1,1,True,20.052982330322266,30.691486358642578,98,0.98,27,4,0.93
WFG9,458,25,100,nivel_1,1,True,4.468737602233887,10.642010688781738,71,0.71,3,8,0.9
WFG9,462,62,100,nivel_1,1,True,24.47261619567871,36.925682067871094,76,0.76,51,12,0.86
WFG9,466,14,100,nivel_1,1,True,8.367966651916504,28.295486450195312,93,0.93,3,7,0.92
WFG9,470,80,100,nivel_1,1,True,11.119099617004395,24.938982009887695,24,0.24,4,8,0.92
WFG9,474,5,100,nivel_1,1,True,34.462982177734375,34.462982177734375,1,0.01,26,9,0.91
WFG9,478,42,100,nivel_1,1,True,10.272123336791992,22.32195281982422,49,0.49,2,2,0.93
WFG9,482,41,100,nivel_1,1,True,16.65176773071289,21.762910842895508,11,0.11,2,1,0.95
WFG9,486,39,100,nivel_1,1,True,4.649835586547852,23.26502799987793,59,0.59,2,2,0.92
WFG9,490,85,100,nivel_1,1,True,33.001346588134766,36.69328689575195,27,0.27,37,8,0.9
WFG9,494,27,100,nivel_1,1,True,34.7896728515625,34.7896728515625,1,0.01,16,6,0.94
WFG9,498,65,100,nivel_1,1,True,14.210672378540039,17.247047424316406,10,0.1,4,7,0.92
WFG9,502,84,100,nivel_1,1,True,27.124126434326172,38.23991394042969,59,0.59,17,6,0.94
WFG9,506,23,100,nivel_1,1,True,20.27166748046875,33.08601379394531,18,0.18,9,8,0.9
WFG9,510,64,100,nivel_1,1,True,32.83366775512695,35.019264221191406,16,0.16,51,20,0.74
WFG9,514,30,100,nivel_1,1,True,26.51292610168457,32.75443649291992,58,0.58,22,6,0.94
WFG9,518,4,100,nivel_1,1,True,33.9148063659668,33.9148063659668,1,0.01,51,9,0.91
WFG9,522,5,100,nivel_1,1,True,25.269981384277344,25.269981384277344,1,0.01,5,6,0.93
WFG9,526,60,100,nivel_1,1,True,8.188576698303223,15.767550468444824,49,0.49,3,3,0.97
WFG9,530,9,100,nivel_1,1,True,2.960047960281372,20.93075180053711,84,0.84,3,10,0.9
WFG9,534,83,100,nivel_1,1,True,25.980993270874023,34.037086486816406,14,0.14,15,7,0.92
WFG9,538,42,100,nivel_1,1,True,11.143671035766602,20.655010223388672,81,0.81,11,9,0.9
WFG9,542,32,100,nivel_1,1,True,16.824613571166992,25.505592346191406,49,0.49,10,8,0.9
WFG9,546,27,100,nivel_1,1,True,22.60955047607422,39.66872024536133,35,0.35,5,7,0.92
WFG9,550,42,100,nivel_3,3,False,12.94351863861084,27.932958602905273,54,0.54,2,8,0.92
WFG9,554,28,100,nivel_1,1,True,29.948246002197266,37.5070686340332,43,0.43,51,18,0.8
WFG9,558,46,100,nivel_1,1,True,13.322330474853516,16.38425064086914,8,0.08,2,4,0.91
WFG9,562,87,100,nivel_1,1,True,27.83103370666504,33.217891693115234,26,0.26,16,8,0.9
WFG9,566,18,100,nivel_1,1,True,22.607213973999023,33.691463470458984,67,0.67,41,9,0.9
WFG9,570,76,100,nivel_1,1,True,15.498830795288086,24.731325149536133,56,0.56,3,1,0.98
WFG9,574,63,100,nivel_1,1,True,24.367231369018555,35.05854415893555,74,0.74,51,24,0.73
WFG9,578,21,100,nivel_1,1,True,37.087684631347656,37.087684631347656,1,0.01,23,6,0.94
WFG9,582,63,100,nivel_1,1,True,18.574769973754883,21.114498138427734,6,0.06,3,5,0.95
WFG9,586,19,100,nivel_1,1,True,24.804624557495117,31.526885986328125,39,0.39,12,8,0.91
ZDT1,2,25,100,nivel_1,1,True,1.2133219242095947,1.2133219242095947,1,0.01,2,0,1.0
ZDT1,74,78,100,nivel_1,1,True,0.963894784450531,1.1183212995529175,4,0.04,2,1,0.96
ZDT1,110,92,100,nivel_1,1,True,0.2532652020454407,0.8166495561599731,95,0.95,2,1,0.95
ZDT1,114,22,100,nivel_1,1,True,0.6611656546592712,0.8931183218955994,23,0.23,2,3,0.93
ZDT1,122,53,100,nivel_1,1,True,0.2910689413547516,0.8987905383110046,88,0.88,3,4,0.94
ZDT1,126,3,100,nivel_1,1,True,1.1901038885116577,1.1901038885116577,1,0.01,5,8,0.9
ZDT1,130,74,100,nivel_1,1,True,0.43991464376449585,1.1640714406967163,35,0.35,3,4,0.94
ZDT1,142,8,100,nivel_1,1,True,0.6310068368911743,0.6310068368911743,1,0.01,2,2,0.92
ZDT1,146,50,100,nivel_1,1,True,0.20112061500549316,0.3150508999824524,45,0.45,3,3,0.95
ZDT1,150,69,100,nivel_1,1,True,0.36148467659950256,0.6701015830039978,90,0.9,3,9,0.91
ZDT1,154,81,100,nivel_1,1,True,0.46110787987709045,1.048073172569275,35,0.35,4,8,0.92
ZDT1,158,47,100,nivel_1,1,True,1.1819424629211426,1.461323618888855,42,0.42,3,6,0.93
ZDT1,162,31,100,nivel_2,2,False,0.3898048996925354,0.3924036920070648,2,0.02,3,0,0.97
ZDT1,166,81,100,nivel_1,1,True,0.4616222083568573,0.4616222083568573,1,0.01,2,0,1.0
ZDT1,170,89,100,nivel_1,1,True,0.9138187766075134,1.083040714263916,11,0.11,7,9,0.91
ZDT1,174,78,100,nivel_1,1,True,0.6397889852523804,1.171364426612854,71,0.71,3,9,0.9
ZDT1,178,3,100,nivel_1,1,True,0.44688695669174194,0.5280623435974121,3,0.03,4,8,0.92
ZDT1,182,40,100,nivel_1,1,True,0.41847744584083557,0.41847744584083557,1,0.01,3,0,1.0
ZDT1,186,59,100,nivel_1,1,True,0.1898631602525711,0.5362491607666016,88,0.88,2,0,0.97
ZDT1,190,34,100,nivel_1,1,True,0.5363990068435669,0.9206928610801697,79,0.79,14,6,0.92
ZDT1,194,90,100,nivel_1,1,True,0.3284286856651306,0.534721314907074,83,0.83,5,7,0.91
ZDT1,198,41,100,nivel_1,1,True,1.139098882675171,1.5101752281188965,30,0.3,51,25,0.62
ZDT1,202,24,100,nivel_1,1,True,0.5796975493431091,0.5796975493431091,1,0.01,2,0,1.0
ZDT1,206,83,100,nivel_1,1,True,0.7554895281791687,1.2472270727157593,66,0.66,12,8,0.9
ZDT1,210,65,100,nivel_1,1,True,0.46963292360305786,1.002437710762024,63,0.63,6,8,0.91
ZDT1,214,51,100,nivel_1,1,True,0.38164764642715454,0.4742361307144165,28,0.28,2,2,0.92
ZDT1,218,32,100,nivel_1,1,True,1.100675106048584,1.630767822265625,71,0.71,20,8,0.92
ZDT1,222,6,100,nivel_1,1,True,0.742717444896698,0.742717444896698,1,0.01,4,10,0.9
ZDT1,226,20,100,nivel_1,1,True,1.1498891115188599,1.9582403898239136,92,0.92,51,25,0.64
ZDT1,230,54,100,nivel_1,1,True,0.49668043851852417,0.6730339527130127,55,0.55,3,8,0.92
ZDT1,234,21,100,nivel_1,1,True,0.4155288338661194,0.758941650390625,55,0.55,3,6,0.94
ZDT1,238,45,100,nivel_1,1,True,0.6227211356163025,0.9887673854827881,24,0.24,8,8,0.91
ZDT1,242,34,100,nivel_1,1,True,0.47899970412254333,0.7664035558700562,36,0.36,5,8,0.91
ZDT1,246,67,100,nivel_1,1,True,0.966798722743988,1.4560850858688354,51,0.51,51,17,0.76
ZDT1,250,56,100,nivel_1,1,True,0.5294549465179443,1.2042642831802368,91,0.91,5,10,0.9
ZDT1,254,1,100,nivel_1,1,True,1.2687093019485474,1.5980736017227173,27,0.27,22,8,0.9
ZDT1,258,44,100,nivel_1,1,True,0.4593103528022766,0.4593103528022766,1,0.01,2,0,1.0
ZDT1,262,49,100,nivel_1,1,True,0.18312904238700867,0.4955579936504364,97,0.97,2,1,0.92
ZDT1,266,43,100,nivel_1,1,True,0.19241924583911896,0.4808957278728485,74,0.74,2,1,0.99
ZDT1,270,63,100,nivel_1,1,True,0.32357725501060486,0.32357725501060486,1,0.01,2,0,1.0
ZDT1,274,33,100,nivel_1,1,True,0.42144298553466797,0.5752133727073669,13,0.13,2,0,0.93
ZDT1,278,67,100,nivel_1,1,True,0.28440985083580017,0.5365753173828125,66,0.66,3,8,0.91
ZDT1,282,58,100,nivel_1,1,True,0.34066250920295715,0.47591522336006165,18,0.18,2,0,0.91
ZDT1,286,87,100,nivel_1,1,True,0.27916473150253296,0.4593196511268616,61,0.61,2,2,0.9
ZDT1,290,82,100,nivel_2,2,False,0.37558484077453613,0.49698683619499207,15,0.15,2,0,0.9
ZDT1,294,29,100,nivel_1,1,True,0.49928420782089233,0.49928420782089233,1,0.01,2,0,0.97
ZDT1,298,38,100,nivel_1,1,True,0.4068056344985962,0.5930143594741821,18,0.18,3,8,0.9
ZDT1,302,29,100,nivel_1,1,True,0.4201961159706116,0.49028486013412476,8,0.08,4,6,0.93
ZDT1,306,23,100,nivel_1,1,True,0.44561243057250977,0.963788628578186,50,0.5,11,6,0.94
ZDT1,310,77,100,nivel_1,1,True,0.32062068581581116,0.4793841242790222,44,0.44,4,8,0.92
ZDT1,314,40,100,nivel_1,1,True,0.25726318359375,0.3843304216861725,27,0.27,2,3,0.93
ZDT1,318,10,100,nivel_1,1,True,0.4469229280948639,0.4469229280948639,1,0.01,2,4,0.9
ZDT1,322,43,100,nivel_1,1,True,0.355057030916214,0.6480028629302979,79,0.79,9,7,0.92
ZDT1,326,33,100,nivel_1,1,True,0.29886892437934875,0.5297622680664062,23,0.23,3,8,0.9
ZDT1,330,86,100,nivel_1,1,True,0.2431754320859909,0.3960716426372528,26,0.26,3,2,0.93
ZDT1,334,0,100,nivel_1,1,True,0.4142201244831085,0.4142201244831085,1,0.01,3,5,0.93
ZDT1,338,1,100,nivel_1,1,True,0.6491090655326843,0.6491090655326843,1,0.01,10,10,0.9
ZDT1,342,32,100,nivel_1,1,True,0.2400115579366684,0.46662604808807373,46,0.46,3,4,0.96
ZDT1,346,46,100,nivel_1,1,True,1.4718879461288452,1.7069100141525269,20,0.2,48,8,0.91
ZDT1,350,75,100,nivel_1,1,True,0.2103211134672165,0.42806944251060486,56,0.56,3,8,0.91
ZDT1,354,91,100,nivel_1,1,True,0.23150207102298737,0.4303431212902069,64,0.64,3,8,0.92
ZDT1,358,5,100,nivel_1,1,True,1.0544730424880981,1.1908198595046997,12,0.12,39,10,0.9
ZDT1,362,11,100,nivel_1,1,True,0.22957363724708557,0.46115413308143616,42,0.42,3,6,0.93
ZDT1,366,82,100,nivel_1,1,True,1.3720600605010986,1.8171963691711426,50,0.5,45,7,0.92
ZDT1,370,11,100,nivel_1,1,True,0.31270837783813477,0.45850005745887756,7,0.07,2,2,0.9
ZDT1,374,21,100,nivel_1,1,True,1.191779375076294,1.532346487045288,38,0.38,33,7,0.92
ZDT1,378,16,100,nivel_1,1,True,0.30239689350128174,0.4140477180480957,42,0.42,9,8,0.91
ZDT1,382,31,100,nivel_1,1,True,0.2621693015098572,0.40237218141555786,49,0.49,4,9,0.9
ZDT1,386,1,100,nivel_1,1,True,1.2152953147888184,1.4161020517349243,18,0.18,51,31,0.59
ZDT1,390,36,100,nivel_1,1,True,0.2913971543312073,0.5182176828384399,63,0.63,5,8,0.92
ZDT1,394,14,100,nivel_1,1,True,0.38708046078681946,0.8486943244934082,58,0.58,11,8,0.91
ZDT1,398,12,100,nivel_1,1,True,0.9043266177177429,0.9043266177177429,1,0.01,15,7,0.91
ZDT1,402,78,100,nivel_1,1,True,0.2613065242767334,0.27813252806663513,6,0.06,5,9,0.9
ZDT1,406,69,100,nivel_1,1,True,0.1501835286617279,0.2625586688518524,47,0.47,4,6,0.93
ZDT1,410,46,100,nivel_1,1,True,0.3231625258922577,0.37193048000335693,2,0.02,2,0,0.97
ZDT1,414,18,100,nivel_1,1,True,1.2375876903533936,1.7330833673477173,51,0.51,51,25,0.74
ZDT1,418,6,100,nivel_1,1,True,0.30201253294944763,0.3632424771785736,20,0.2,6,5,0.94
ZDT1,422,50,100,nivel_1,1,True,0.8067991137504578,1.3085803985595703,72,0.72,51,15,0.83
ZDT1,426,86,100,nivel_1,1,True,0.21603275835514069,0.34455305337905884,29,0.29,2,0,0.94
ZDT1,430,43,100,nivel_1,1,True,0.737084686756134,1.4513403177261353,87,0.87,51,20,0.76
ZDT1,434,90,100,nivel_1,1,True,0.2018083781003952,0.5736111402511597,77,0.77,5,7,0.92
ZDT1,438,92,100,nivel_1,1,True,0.2418772280216217,0.2817496955394745,9,0.09,3,1,0.98
ZDT1,442,24,100,nivel_1,1,True,0.22791354358196259,0.4069021940231323,43,0.43,6,8,0.9
ZDT1,446,89,100,nivel_1,1,True,0.1525188386440277,0.30743086338043213,48,0.48,3,6,0.92
ZDT1,450,20,100,nivel_1,1,True,0.20319239795207977,0.32990193367004395,26,0.26,4,6,0.93
ZDT1,454,64,100,nivel_1,1,True,0.3802117705345154,0.4418298006057739,7,0.07,11,7,0.93
ZDT1,458,38,100,nivel_1,1,True,0.08746878802776337,0.2687789499759674,88,0.88,2,2,0.9
ZDT1,462,89,100,nivel_1,1,True,0.20047980546951294,0.32643386721611023,52,0.52,6,10,0.9
ZDT1,466,83,100,nivel_1,1,True,0.5469853281974792,0.6077719926834106,4,0.04,19,9,0.91
ZDT1,470,7,100,nivel_2,2,False,0.19609181582927704,0.21833866834640503,9,0.09,2,2,0.91
ZDT1,474,25,100,nivel_1,1,True,0.31140759587287903,0.7032274603843689,89,0.89,20,9,0.9
ZDT1,478,88,100,nivel_1,1,True,0.04999392479658127,0.21264466643333435,99,0.99,2,0,0.92
ZDT1,482,72,100,nivel_1,1,True,0.24237626791000366,0.3411931097507477,21,0.21,6,7,0.92
ZDT1,486,44,100,nivel_1,1,True,0.14824388921260834,0.35625120997428894,66,0.66,4,8,0.9
ZDT1,490,39,100,nivel_1,1,True,0.16099445521831512,0.3788404166698456,88,0.88,9,4,0.9
ZDT1,494,50,100,nivel_1,1,True,0.11105432361364365,0.2470950186252594,80,0.8,4,0,0.99
ZDT1,498,83,100,nivel_1,1,True,0.1728179007768631,0.2611900568008423,45,0.45,6,7,0.92
ZDT1,502,32,100,nivel_1,1,True,0.5536777973175049,1.107231855392456,75,0.75,51,31,0.55
ZDT1,506,57,100,nivel_1,1,True,0.2594766616821289,0.3370942175388336,24,0.24,5,4,0.95
ZDT1,510,14,100,nivel_1,1,True,0.2190113067626953,0.363508015871048,78,0.78,12,7,0.92
ZDT1,514,1,100,nivel_1,1,True,0.3085573613643646,0.3085573613643646,1,0.01,5,7,0.93
ZDT1,518,19,100,nivel_1,1,True,0.12438962608575821,0.2664704918861389,86,0.86,2,0,0.97
ZDT1,522,41,100,nivel_1,1,True,0.9362521171569824,1.289372205734253,50,0.5,51,29,0.6
ZDT1,526,16,100,nivel_1,1,True,0.29073041677474976,0.4601922035217285,27,0.27,9,5,0.94
ZDT1,530,35,100,nivel_1,1,True,1.2029573917388916,1.2512685060501099,6,0.06,51,23,0.73
ZDT1,534,22,100,nivel_1,1,True,0.7839531302452087,1.1796563863754272,62,0.62,51,17,0.73
ZDT1,538,13,100,nivel_1,1,True,0.4741322100162506,0.8040036559104919,60,0.6,51,27,0.62
ZDT1,542,38,100,nivel_1,1,True,0.9457874894142151,1.1429083347320557,29,0.29,29,7,0.92
ZDT1,546,49,100,nivel_1,1,True,0.39494213461875916,0.8595555424690247,87,0.87,51,33,0.56
ZDT1,550,26,100,nivel_1,1,True,0.9387418031692505,1.3142021894454956,45,0.45,51,22,0.72
ZDT1,554,62,100,nivel_2,2,False,0.5123654007911682,0.613857090473175,8,0.08,51,20,0.69
ZDT1,558,7,100,nivel_1,1,True,0.9839910864830017,1.0783464908599854,11,0.11,51,26,0.68
ZDT1,562,32,100,nivel_1,1,True,0.17150549590587616,0.32552382349967957,79,0.79,9,9,0.91
ZDT1,566,63,100,nivel_1,1,True,0.250604510307312,0.30799540877342224,7,0.07,9,4,0.94
ZDT1,570,66,100,nivel_1,1,True,0.21498802304267883,0.3246055245399475,31,0.31,8,7,0.93
ZDT1,574,54,100,nivel_1,1,True,0.17881041765213013,0.42296892404556274,79,0.79,9,7,0.93
ZDT1,578,33,100,nivel_3,3,False,0.5677595734596252,0.9088534712791443,32,0.32,51,34,0.5
ZDT1,582,3,100,nivel_1,1,True,0.14371898770332336,0.24399729073047638,58,0.58,5,7,0.9
ZDT1,586,83,100,nivel_1,1,True,0.1944747120141983,0.3901634216308594,67,0.67,7,9,0.9
ZDT1,590,66,100,nivel_1,1,True,1.2394441366195679,1.2678093910217285,2,0.02,32,8,0.91
ZDT1,594,55,100,nivel_1,1,True,0.39834341406822205,0.55057293176651,50,0.5,51,30,0.58
ZDT1,598,52,100,nivel_1,1,True,0.5056523680686951,0.5603344440460205,11,0.11,51,32,0.58
ZDT1,602,36,100,nivel_1,1,True,0.2585378587245941,0.2585378587245941,1,0.01,4,8,0.9
ZDT1,606,13,100,nivel_1,1,True,1.0556169748306274,1.3175958395004272,22,0.22,51,30,0.63
ZDT1,610,12,100,nivel_1,1,True,0.17648863792419434,0.31336432695388794,75,0.75,3,6,0.94
ZDT1,614,65,100,nivel_1,1,True,1.0761560201644897,1.2554330825805664,13,0.13,51,13,0.82
ZDT1,618,6,100,nivel_3,3,False,0.6633052229881287,1.1103053092956543,38,0.38,51,31,0.6
ZDT1,622,62,100,nivel_1,1,True,0.8312845826148987,1.2845685482025146,22,0.22,51,27,0.71
ZDT1,626,6,100,nivel_1,1,True,0.7626449465751648,1.0418826341629028,50,0.5,51,23,0.69
ZDT1,630,12,100,nivel_1,1,True,0.796266496181488,1.0385117530822754,23,0.23,51,18,0.74
ZDT1,634,20,100,nivel_1,1,True,0.42870578169822693,0.6266729831695557,82,0.82,51,28,0.65
ZDT1,638,59,100,nivel_3,3,False,0.7164093852043152,0.9016444087028503,20,0.2,35,7,0.9
ZDT1,642,22,100,nivel_2,2,False,0.3983944356441498,0.6643192172050476,70,0.7,51,25,0.63
ZDT1,646,37,100,nivel_1,1,True,0.5987477898597717,0.818967878818512,36,0.36,51,20,0.73
ZDT1,650,31,100,nivel_3,3,False,0.38893261551856995,0.8448063135147095,96,0.96,51,29,0.6
ZDT1,654,7,100,nivel_1,1,True,0.35214099287986755,0.9542996287345886,93,0.93,51,30,0.48
ZDT1,658,28,100,nivel_1,1,True,0.6421918869018555,0.6838575601577759,3,0.03,51,36,0.43
ZDT1,662,19,100,nivel_1,1,True,0.4925178289413452,0.6347000598907471,23,0.23,51,18,0.74
ZDT1,666,41,100,nivel_1,1,True,0.22287973761558533,0.3715988099575043,40,0.4,8,9,0.91
ZDT1,670,37,100,nivel_1,1,True,0.15088528394699097,0.3343096077442169,62,0.62,7,10,0.9
ZDT1,674,48,100,nivel_1,1,True,0.0802321806550026,0.26636549830436707,97,0.97,3,5,0.94
ZDT1,678,45,100,nivel_1,1,True,0.2685113847255707,0.4845544099807739,93,0.93,51,26,0.67
ZDT1,682,9,100,nivel_1,1,True,0.31872183084487915,0.5119937062263489,85,0.85,51,25,0.68
ZDT1,686,35,100,nivel_1,1,True,0.4099753201007843,0.8289980888366699,59,0.59,51,26,0.7
ZDT1,690,55,100,nivel_1,1,True,0.10787182301282883,0.2135601043701172,62,0.62,3,9,0.9
ZDT1,694,55,100,nivel_1,1,True,0.41129738092422485,0.904496431350708,48,0.48,51,26,0.62
ZDT1,698,42,100,nivel_1,1,True,0.13559512794017792,0.2578524053096771,21,0.21,3,6,0.9
ZDT1,702,4,100,nivel_1,1,True,0.3858141303062439,0.6687983274459839,80,0.8,51,19,0.75
ZDT1,706,7,100,nivel_1,1,True,0.3434978723526001,0.7501906752586365,92,0.92,51,30,0.58
ZDT1,710,14,100,nivel_1,1,True,0.1422775387763977,0.295570433139801,54,0.54,5,9,0.9
ZDT1,714,37,100,nivel_1,1,True,0.4125967025756836,0.6350989937782288,56,0.56,51,27,0.63
ZDT1,718,11,100,nivel_1,1,True,0.5299896001815796,0.6032705307006836,9,0.09,51,31,0.57
ZDT1,722,43,100,nivel_1,1,True,0.38762661814689636,0.5658455491065979,36,0.36,51,28,0.65
ZDT1,726,34,100,nivel_1,1,True,0.8548110127449036,1.0983902215957642,49,0.49,51,40,0.46
ZDT1,730,52,100,nivel_1,1,True,0.4382467269897461,0.8684967160224915,45,0.45,51,19,0.77
ZDT1,734,30,100,nivel_1,1,True,0.4057944715023041,0.7544981241226196,83,0.83,51,35,0.55
ZDT1,738,54,100,nivel_1,1,True,0.3223487436771393,0.5403792858123779,79,0.79,51,22,0.67
ZDT1,742,13,100,nivel_1,1,True,0.21567335724830627,0.3376874327659607,48,0.48,11,6,0.93
ZDT1,746,62,100,nivel_1,1,True,0.08661329001188278,0.26920855045318604,71,0.71,3,5,0.94
ZDT1,750,63,100,nivel_1,1,True,0.3824153244495392,0.7246530652046204,88,0.88,51,26,0.68
ZDT1,754,1,100,nivel_1,1,True,0.5380471348762512,0.5380471348762512,1,0.01,51,28,0.64
ZDT1,758,57,100,nivel_1,1,True,0.2728220820426941,0.48947107791900635,99,0.99,51,26,0.68
ZDT1,762,94,100,nivel_1,1,True,0.0641806349158287,0.2678815722465515,82,0.82,3,2,0.98
ZDT1,766,64,100,nivel_1,1,True,0.18615004420280457,0.29183563590049744,92,0.92,19,9,0.9
ZDT1,770,40,100,nivel_1,1,True,0.5226894617080688,0.6577186584472656,10,0.1,51,16,0.77
ZDT1,774,0,100,nivel_1,1,True,0.23196697235107422,0.23196697235107422,1,0.01,4,5,0.95
ZDT1,778,33,100,nivel_1,1,True,0.12267794460058212,0.2505989372730255,32,0.32,3,7,0.92
ZDT1,782,65,100,nivel_1,1,True,0.0812135711312294,0.14734743535518646,30,0.3,2,1,0.96
ZDT1,786,21,100,nivel_2,2,False,0.4477447271347046,0.5320895910263062,27,0.27,51,30,0.5
ZDT1,790,66,100,nivel_3,3,False,0.3831797242164612,0.7451015114784241,80,0.8,51,12,0.81
ZDT1,794,39,100,nivel_1,1,True,0.41520956158638,0.5783645510673523,64,0.64,51,28,0.63
ZDT1,798,22,100,nivel_1,1,True,0.460796982049942,0.7451605200767517,49,0.49,51,25,0.62
ZDT1,802,4,100,nivel_1,1,True,0.32041898369789124,0.5860167145729065,69,0.69,51,34,0.59
ZDT1,806,38,100,nivel_1,1,True,0.33846861124038696,0.6901711225509644,70,0.7,51,30,0.6
ZDT1,810,16,100,nivel_1,1,True,0.5269693732261658,0.9272834062576294,20,0.2,51,21,0.7
ZDT1,814,50,100,nivel_1,1,True,0.4893476366996765,0.7422735095024109,25,0.25,51,33,0.59
ZDT1,818,12,100,nivel_1,1,True,0.32673364877700806,0.4597470462322235,71,0.71,51,22,0.7
ZDT1,822,38,100,nivel_1,1,True,0.26346370577812195,0.5142613649368286,90,0.9,51,29,0.61
ZDT1,826,63,100,nivel_1,1,True,0.39875906705856323,0.6214306950569153,53,0.53,51,19,0.74
ZDT1,830,74,100,nivel_1,1,True,0.118802510201931,0.2410726696252823,39,0.39,3,10,0.9
ZDT1,834,17,100,nivel_1,1,True,0.36302387714385986,0.6465720534324646,95,0.95,51,28,0.69
ZDT3,2,43,100,nivel_1,1,True,1.2765274047851562,1.2765274047851562,1,0.01,2,0,1.0
ZDT3,86,68,100,nivel_1,1,True,0.6048403382301331,1.3438740968704224,100,1.0,2,0,0.99
ZDT3,90,92,100,nivel_1,1,True,1.394448161125183,1.394448161125183,1,0.01,2,0,1.0
ZDT3,94,63,100,nivel_1,1,True,0.7144131660461426,1.4210095405578613,71,0.71,2,1,0.94
ZDT3,98,86,100,nivel_1,1,True,0.880672037601471,1.4429576396942139,58,0.58,2,0,0.95
ZDT3,218,86,100,nivel_1,1,True,1.145932912826538,1.145932912826538,1,0.01,2,0,1.0
ZDT3,246,5,100,nivel_1,1,True,1.1645617485046387,1.180501937866211,2,0.02,2,1,0.96
ZDT3,250,42,100,nivel_1,1,True,0.49412381649017334,1.2668828964233398,88,0.88,2,0,0.92
ZDT3,254,85,100,nivel_1,1,True,0.8499342799186707,1.1652544736862183,29,0.29,3,8,0.91
ZDT3,258,81,100,nivel_1,1,True,0.9399340152740479,0.9399340152740479,1,0.01,2,0,1.0
ZDT3,262,52,100,nivel_1,1,True,0.4064888060092926,1.0604196786880493,95,0.95,2,0,0.97
ZDT3,266,77,100,nivel_1,1,True,1.7115970849990845,1.824591040611267,11,0.11,27,6,0.94
ZDT3,270,59,100,nivel_2,2,False,0.6710618138313293,0.9217889308929443,45,0.45,2,0,0.94
ZDT3,274,79,100,nivel_1,1,True,0.686460554599762,1.0159908533096313,25,0.25,2,0,0.95
ZDT3,278,56,100,nivel_1,1,True,0.6760087013244629,1.3220323324203491,50,0.5,4,8,0.9
ZDT3,282,11,100,nivel_1,1,True,0.5222258567810059,0.5222258567810059,1,0.01,3,2,0.98
ZDT3,286,62,100,nivel_1,1,True,1.2761904001235962,1.6575500965118408,38,0.38,17,7,0.93
ZDT3,290,33,100,nivel_1,1,True,0.9590818881988525,1.256188988685608,35,0.35,6,4,0.95
ZDT3,294,6,100,nivel_1,1,True,1.086197018623352,1.086197018623352,1,0.01,3,9,0.9
ZDT3,298,71,100,nivel_1,1,True,0.794769823551178,0.9623681306838989,42,0.42,2,1,0.93
ZDT3,302,62,100,nivel_1,1,True,0.5838007926940918,1.3459200859069824,91,0.91,5,6,0.92
ZDT3,306,56,100,nivel_1,1,True,0.34565308690071106,0.9857034683227539,96,0.96,4,4,0.96
ZDT3,310,18,100,nivel_1,1,True,0.7068898677825928,0.8925511837005615,2,0.02,2,1,0.98
ZDT3,314,90,100,nivel_1,1,True,0.1523851901292801,1.233251929283142,100,1.0,2,0,0.96
ZDT3,318,89,100,nivel_1,1,True,0.6720240116119385,0.9008175134658813,74,0.74,3,0,0.94
ZDT3,322,92,100,nivel_1,1,True,0.5176676511764526,0.6857590079307556,26,0.26,2,0,0.94
ZDT3,326,25,100,nivel_1,1,True,0.24326971173286438,0.9846687316894531,96,0.96,3,8,0.9
ZDT3,330,88,100,nivel_1,1,True,1.4047611951828003,1.6157151460647583,8,0.08,24,8,0.9
ZDT3,334,71,100,nivel_1,1,True,0.8300480246543884,1.2296305894851685,30,0.3,3,9,0.9
ZDT3,338,62,100,nivel_1,1,True,0.5007360577583313,0.8215424418449402,41,0.41,2,0,0.91
ZDT3,342,38,100,nivel_1,1,True,0.9759358763694763,1.023916482925415,2,0.02,2,0,0.99
ZDT3,346,75,100,nivel_1,1,True,0.5106909275054932,0.9383228421211243,70,0.7,3,9,0.91
ZDT3,350,14,100,nivel_1,1,True,1.3155542612075806,1.3155542612075806,1,0.01,4,4,0.96
ZDT3,354,89,100,nivel_1,1,True,0.5623394250869751,0.9480852484703064,47,0.47,2,0,0.96
ZDT3,358,69,100,nivel_1,1,True,0.34755846858024597,0.9465475678443909,88,0.88,2,0,0.91
ZDT3,362,27,100,nivel_1,1,True,0.40591514110565186,1.0388085842132568,71,0.71,2,0,0.9
ZDT3,366,78,100,nivel_1,1,True,0.4819132387638092,1.0020017623901367,64,0.64,3,3,0.97
ZDT3,370,88,100,nivel_1,1,True,1.1612284183502197,1.373245358467102,19,0.19,10,6,0.94
ZDT3,374,29,100,nivel_1,1,True,0.25904250144958496,0.6044191718101501,95,0.95,2,0,0.93
ZDT3,378,66,100,nivel_1,1,True,0.38184383511543274,0.8264299035072327,89,0.89,8,7,0.91
ZDT3,382,32,100,nivel_1,1,True,0.6228752136230469,0.6228752136230469,1,0.01,2,0,1.0
ZDT3,386,43,100,nivel_1,1,True,0.922465443611145,1.428282380104065,41,0.41,12,8,0.92
ZDT3,390,20,100,nivel_1,1,True,1.3434319496154785,1.3434319496154785,1,0.01,4,3,0.97
ZDT3,394,61,100,nivel_1,1,True,0.7169394493103027,1.0690219402313232,21,0.21,2,1,0.94
ZDT3,398,38,100,nivel_1,1,True,0.6724446415901184,1.1222656965255737,59,0.59,10,7,0.93
ZDT3,402,51,100,nivel_1,1,True,0.271851509809494,0.5054789185523987,74,0.74,5,6,0.94
ZDT3,406,0,100,nivel_1,1,True,1.9728596210479736,1.9728596210479736,1,0.01,30,1,0.95
ZDT3,410,86,100,nivel_1,1,True,1.2048158645629883,1.5476940870285034,40,0.4,20,9,0.91
ZDT3,414,27,100,nivel_1,1,True,0.7691786885261536,1.3007471561431885,55,0.55,9,7,0.9
ZDT3,418,77,100,nivel_1,1,True,0.9267321228981018,1.3394184112548828,12,0.12,6,8,0.91
ZDT3,422,6,100,nivel_1,1,True,0.5130151510238647,0.803588330745697,19,0.19,2,1,0.91
ZDT3,426,23,100,nivel_1,1,True,0.3523624837398529,1.0131916999816895,85,0.85,4,6,0.92
ZDT3,430,0,100,nivel_1,1,True,0.6231526136398315,0.6231526136398315,1,0.01,3,7,0.91
ZDT3,434,10,100,nivel_1,1,True,0.9213547706604004,1.6368578672409058,97,0.97,12,9,0.91
ZDT3,438,76,100,nivel_1,1,True,0.4382995367050171,0.6547210812568665,43,0.43,3,5,0.93
ZDT3,442,53,100,nivel_1,1,True,1.4158024787902832,1.6880269050598145,7,0.07,14,7,0.92
ZDT3,446,53,100,nivel_1,1,True,0.7434777617454529,1.513748288154602,100,1.0,14,4,0.94
ZDT3,450,0,100,nivel_1,1,True,1.5921708345413208,1.5921708345413208,1,0.01,22,8,0.91
ZDT3,454,14,100,nivel_1,1,True,0.6397206783294678,1.046845555305481,29,0.29,3,10,0.9
ZDT3,458,39,100,nivel_1,1,True,1.5815855264663696,2.0330421924591064,33,0.33,24,7,0.93
ZDT3,462,9,100,nivel_1,1,True,0.7990397810935974,1.34716796875,67,0.67,7,8,0.9
ZDT3,466,60,100,nivel_1,1,True,1.0378139019012451,1.3793559074401855,54,0.54,20,9,0.9
ZDT3,470,36,100,nivel_1,1,True,0.6767124533653259,1.3253182172775269,76,0.76,7,10,0.9
ZDT3,474,38,100,nivel_1,1,True,1.6656081676483154,1.9248547554016113,28,0.28,31,9,0.9
ZDT3,478,6,100,nivel_1,1,True,1.3114116191864014,1.9188848733901978,68,0.68,51,12,0.82
ZDT3,482,31,100,nivel_1,1,True,1.4501615762710571,1.7395325899124146,30,0.3,36,7,0.92
ZDT3,486,58,100,nivel_1,1,True,1.1447339057922363,1.6517633199691772,45,0.45,14,8,0.91
ZDT3,490,59,100,nivel_1,1,True,1.2537013292312622,1.477146029472351,17,0.17,12,9,0.9
ZDT3,494,25,100,nivel_1,1,True,0.5704867243766785,1.0007776021957397,57,0.57,5,7,0.93
ZDT3,498,7,100,nivel_1,1,True,0.6243465542793274,0.6243465542793274,1,0.01,2,0,0.96
ZDT3,502,43,100,nivel_1,1,True,0.6000992059707642,1.173327922821045,74,0.74,6,5,0.94
ZDT3,506,28,100,nivel_1,1,True,0.5436526536941528,0.9465778470039368,51,0.51,3,8,0.92
ZDT3,510,55,100,nivel_1,1,True,1.4592313766479492,2.294295310974121,95,0.95,44,10,0.9
ZDT3,514,28,100,nivel_1,1,True,1.203108310699463,1.203108310699463,1,0.01,8,7,0.91
ZDT3,518,69,100,nivel_1,1,True,0.8197662830352783,0.9551600217819214,8,0.08,6,8,0.92
ZDT3,522,12,100,nivel_1,1,True,0.7428252100944519,0.7428252100944519,1,0.01,3,7,0.92
ZDT3,526,90,100,nivel_3,3,False,0.6412742733955383,0.8311360478401184,34,0.34,3,7,0.91
ZDT3,530,38,100,nivel_1,1,True,0.8269664645195007,0.8269664645195007,1,0.01,2,0,0.99
ZDT3,534,78,100,nivel_1,1,True,1.6799204349517822,1.9417979717254639,32,0.32,34,7,0.9
ZDT3,538,16,100,nivel_1,1,True,1.3129322528839111,1.7468215227127075,67,0.67,19,10,0.9
ZDT3,542,24,100,nivel_1,1,True,1.3990278244018555,1.8370983600616455,35,0.35,20,8,0.92
ZDT3,546,58,100,nivel_1,1,True,0.5888371467590332,0.758433997631073,9,0.09,2,2,0.9
ZDT3,550,4,100,nivel_1,1,True,0.48670005798339844,0.9642550945281982,38,0.38,2,2,0.95
ZDT3,554,19,100,nivel_1,1,True,1.5633106231689453,1.8586115837097168,47,0.47,29,4,0.96
ZDT3,558,64,100,nivel_1,1,True,1.8015646934509277,2.045680284500122,24,0.24,51,8,0.89
ZDT3,562,54,100,nivel_1,1,True,1.0900789499282837,1.4834105968475342,50,0.5,12,10,0.9
ZDT3,566,85,100,nivel_1,1,True,1.6789766550064087,1.9288427829742432,25,0.25,22,8,0.91
ZDT3,570,3,100,nivel_1,1,True,1.5611557960510254,1.841051459312439,21,0.21,19,8,0.92
ZDT3,574,85,100,nivel_1,1,True,0.9765124320983887,1.2147921323776245,25,0.25,9,6,0.91
ZDT3,578,57,100,nivel_1,1,True,1.045505166053772,1.4625416994094849,44,0.44,9,3,0.95
ZDT3,582,54,100,nivel_1,1,True,0.5976680517196655,1.0561871528625488,73,0.73,5,3,0.95
ZDT3,586,83,100,nivel_1,1,True,0.5313305258750916,0.905476450920105,68,0.68,4,6,0.92
ZDT3,590,24,100,nivel_1,1,True,0.33547312021255493,0.8128206729888916,87,0.87,3,7,0.91
ZDT3,594,8,100,nivel_1,1,True,0.7912594079971313,1.2467982769012451,27,0.27,6,8,0.92
ZDT3,598,28,100,nivel_1,1,True,1.1714297533035278,1.1714297533035278,1,0.01,7,7,0.91
ZDT3,602,4,100,nivel_1,1,True,1.008927822113037,1.6573493480682373,92,0.92,14,5,0.95
ZDT3,606,52,100,nivel_1,1,True,1.8993474245071411,2.119302988052368,15,0.15,51,18,0.81
ZDT3,610,55,100,nivel_1,1,True,1.5672399997711182,1.8152601718902588,31,0.31,51,17,0.75
ZDT3,614,25,100,nivel_1,1,True,1.2521239519119263,1.5469945669174194,21,0.21,9,8,0.9
ZDT3,618,73,100,nivel_1,1,True,1.0914387702941895,1.822983741760254,77,0.77,13,8,0.91
ZDT3,622,63,100,nivel_1,1,True,0.5546290874481201,0.7642354369163513,35,0.35,3,8,0.91
ZDT3,626,22,100,nivel_1,1,True,1.6587064266204834,1.9579672813415527,50,0.5,32,10,0.9
ZDT3,630,72,100,nivel_1,1,True,1.2277125120162964,1.8684401512145996,82,0.82,30,8,0.91
ZDT3,634,75,100,nivel_1,1,True,1.3391523361206055,1.9918254613876343,99,0.99,39,8,0.92
ZDT3,638,54,100,nivel_1,1,True,0.5745901465415955,1.0484579801559448,66,0.66,6,5,0.93
ZDT3,642,58,100,nivel_1,1,True,0.7168770432472229,1.1220275163650513,50,0.5,7,7,0.91
ZDT3,646,30,100,nivel_1,1,True,0.7364232540130615,1.4231888055801392,89,0.89,22,7,0.91
ZDT3,650,67,100,nivel_1,1,True,1.847388744354248,2.064039468765259,15,0.15,35,9,0.9
ZDT3,654,33,100,nivel_1,1,True,1.0158307552337646,1.532499074935913,40,0.4,12,8,0.91
ZDT3,658,49,100,nivel_1,1,True,0.5443259477615356,1.0188910961151123,63,0.63,5,8,0.92
ZDT3,662,10,100,nivel_1,1,True,0.6464929580688477,0.9819653034210205,35,0.35,4,8,0.91
ZDT3,666,18,100,nivel_1,1,True,1.0274585485458374,1.4481706619262695,42,0.42,18,9,0.9
ZDT3,670,14,100,nivel_1,1,True,0.5907995104789734,1.176573395729065,70,0.7,4,6,0.93
ZDT3,674,19,100,nivel_1,1,True,2.0939152240753174,2.1321537494659424,4,0.04,51,17,0.77
ZDT3,678,33,100,nivel_1,1,True,0.3709082305431366,0.7995159029960632,71,0.71,2,3,0.92
ZDT3,682,39,100,nivel_1,1,True,0.7962233424186707,1.1808459758758545,61,0.61,13,7,0.93
ZDT3,686,63,100,nivel_1,1,True,0.8589098453521729,1.9148201942443848,89,0.89,24,5,0.94
ZDT3,690,22,100,nivel_1,1,True,0.66878342628479,1.090063214302063,69,0.69,7,8,0.92
ZDT3,694,47,100,nivel_4,4,False,0.6590129137039185,0.8653438687324524,25,0.25,4,7,0.9
ZDT3,698,87,100,nivel_1,1,True,0.5055750012397766,0.8400890827178955,60,0.6,5,6,0.94
ZDT3,702,23,100,nivel_1,1,True,0.7697646021842957,1.386914610862732,83,0.83,10,2,0.97
ZDT3,706,18,100,nivel_1,1,True,1.0093506574630737,1.1018813848495483,5,0.05,10,4,0.96
ZDT3,710,81,100,nivel_1,1,True,1.1887223720550537,1.7547528743743896,65,0.65,16,4,0.95
ZDT3,714,37,100,nivel_1,1,True,1.6486542224884033,2.014219045639038,42,0.42,40,5,0.93
ZDT3,718,48,100,nivel_1,1,True,0.561688244342804,0.9162052869796753,28,0.28,3,8,0.9
ZDT3,722,66,100,nivel_1,1,True,1.5117931365966797,1.9176172018051147,46,0.46,51,14,0.83
ZDT3,726,51,100,nivel_1,1,True,0.7719209790229797,1.0649186372756958,29,0.29,8,3,0.95
ZDT3,730,70,100,nivel_1,1,True,0.820421576499939,1.3232920169830322,86,0.86,14,8,0.92
ZDT3,734,18,100,nivel_1,1,True,0.4385520815849304,1.0375336408615112,72,0.72,5,4,0.92
ZDT3,738,66,100,nivel_1,1,True,0.9634119272232056,1.454059362411499,37,0.37,22,7,0.91
ZDT3,742,28,100,nivel_1,1,True,0.41746121644973755,0.8881041407585144,88,0.88,4,7,0.92
ZDT3,746,30,100,nivel_1,1,True,1.0169785022735596,1.142055630683899,16,0.16,8,9,0.9
ZDT3,750,68,100,nivel_1,1,True,0.41866952180862427,0.87461918592453,88,0.88,4,9,0.9
ZDT3,754,20,100,nivel_1,1,True,1.0717641115188599,1.6692389249801636,76,0.76,18,5,0.93
ZDT3,758,1,100,nivel_1,1,True,1.4556434154510498,1.4556434154510498,1,0.01,19,8,0.91
ZDT3,762,32,100,nivel_1,1,True,0.5080034732818604,1.2005212306976318,92,0.92,8,10,0.9
ZDT3,766,89,100,nivel_1,1,True,0.40605849027633667,0.9799556136131287,64,0.64,3,10,0.9
ZDT3,770,35,100,nivel_1,1,True,0.5511836409568787,1.062406301498413,34,0.34,3,9,0.9
ZDT3,774,78,100,nivel_1,1,True,0.5368939638137817,1.0821813344955444,95,0.95,7,9,0.91
ZDT3,778,9,100,nivel_1,1,True,1.34501051902771,1.34501051902771,1,0.01,17,6,0.93
ZDT3,782,48,100,nivel_1,1,True,0.4920576512813568,1.064788818359375,97,0.97,6,8,0.9
ZDT3,786,67,100,nivel_1,1,True,0.8462980389595032,1.5354228019714355,89,0.89,22,9,0.91
ZDT3,790,86,100,nivel_1,1,True,1.7913562059402466,1.8376469612121582,3,0.03,32,4,0.95
ZDT3,794,57,100,nivel_1,1,True,1.125218391418457,1.7377976179122925,49,0.49,18,8,0.91
ZDT3,798,11,100,nivel_1,1,True,1.7211337089538574,2.133777618408203,54,0.54,51,11,0.87
ZDT3,802,2,100,nivel_1,1,True,1.0139544010162354,1.0139544010162354,1,0.01,9,8,0.92
ZDT3,806,44,100,nivel_1,1,True,0.5515598654747009,0.7571760416030884,42,0.42,3,6,0.93
ZDT3,810,52,100,nivel_1,1,True,1.5843936204910278,1.970969557762146,74,0.74,51,18,0.79
ZDT3,814,38,100,nivel_1,1,True,0.2081773281097412,0.6700777411460876,91,0.91,3,5,0.92
ZDT3,818,71,100,nivel_1,1,True,0.9123021364212036,1.2087349891662598,50,0.5,13,7,0.91
ZDT3,822,42,100,nivel_2,2,False,0.5143747329711914,0.9954350590705872,73,0.73,8,8,0.9
ZDT3,826,72,100,nivel_1,1,True,1.0062859058380127,1.5431987047195435,40,0.4,15,9,0.91
ZDT3,830,66,100,nivel_1,1,True,1.120259404182434,1.6162210702896118,82,0.82,26,8,0.91
ZDT3,834,84,100,nivel_1,1,True,0.3045869469642639,0.5121002793312073,57,0.57,2,0,0.99
ZDT3,838,90,100,nivel_1,1,True,0.8798279762268066,1.2395730018615723,39,0.39,10,6,0.92
ZDT3,842,11,100,nivel_1,1,True,0.8612486124038696,0.8612486124038696,1,0.01,2,4,0.93
ZDT3,846,16,100,nivel_1,1,True,0.48258522152900696,1.0469276905059814,83,0.83,7,7,0.93
ZDT3,850,13,100,nivel_1,1,True,2.073859453201294,2.073859453201294,1,0.01,39,9,0.9
ZDT3,854,63,100,nivel_1,1,True,0.3797416090965271,1.0826992988586426,100,1.0,8,8,0.9
ZDT3,858,21,100,nivel_1,1,True,1.6287037134170532,1.8005523681640625,12,0.12,33,9,0.9
ZDT3,862,2,100,nivel_1,1,True,1.9504809379577637,1.9504809379577637,1,0.01,51,13,0.86
ZDT3,866,37,100,nivel_1,1,True,1.0231168270111084,1.5347740650177002,83,0.83,21,3,0.97
ZDT3,870,74,100,nivel_1,1,True,0.8753634095191956,1.4919650554656982,58,0.58,11,8,0.91
ZDT4,14,9,100,nivel_1,1,True,8.514244079589844,8.741827964782715,2,0.02,32,7,0.93
ZDT4,30,28,100,nivel_1,1,True,7.401277542114258,9.78324031829834,12,0.12,20,8,0.9
ZDT4,130,63,100,nivel_1,1,True,7.221487045288086,9.031189918518066,39,0.39,51,20,0.77
ZDT4,134,84,100,nivel_1,1,True,6.790515899658203,8.256547927856445,23,0.23,22,7,0.91
ZDT4,138,25,100,nivel_1,1,True,7.6629958152771,10.789935111999512,35,0.35,51,18,0.74
ZDT4,146,62,100,nivel_1,1,True,7.614875316619873,8.749951362609863,12,0.12,51,20,0.75
ZDT4,150,34,100,nivel_1,1,True,7.505393981933594,9.594477653503418,36,0.36,51,18,0.76
ZDT4,154,53,100,nivel_1,1,True,6.174859523773193,7.870706081390381,31,0.31,45,8,0.91
ZDT4,158,26,100,nivel_1,1,True,5.3308892250061035,8.192211151123047,51,0.51,24,7,0.92
ZDT4,162,53,100,nivel_1,1,True,4.890637397766113,7.665499687194824,48,0.48,48,9,0.91
ZDT4,166,36,100,nivel_1,1,True,4.301508903503418,7.5478715896606445,74,0.74,28,9,0.91
ZDT4,170,32,100,nivel_1,1,True,5.6524338722229,6.7081618309021,21,0.21,37,10,0.9
ZDT4,286,37,100,nivel_1,1,True,8.86479377746582,9.911306381225586,30,0.3,34,9,0.9
ZDT4,290,4,100,nivel_1,1,True,7.0202555656433105,8.723607063293457,25,0.25,51,15,0.84
ZDT4,294,80,100,nivel_1,1,True,5.942292213439941,7.678527355194092,44,0.44,23,6,0.9
ZDT4,298,5,100,nivel_1,1,True,6.505619049072266,6.505619049072266,1,0.01,15,9,0.9
ZDT4,302,8,100,nivel_1,1,True,6.1966071128845215,6.1966071128845215,1,0.01,8,7,0.92
ZDT4,306,60,100,nivel_1,1,True,3.549344062805176,9.003186225891113,89,0.89,35,6,0.92
ZDT4,310,46,100,nivel_3,3,False,6.738449573516846,8.148707389831543,21,0.21,51,23,0.75
ZDT4,314,9,100,nivel_1,1,True,6.606064319610596,6.606064319610596,1,0.01,24,8,0.9
ZDT4,318,85,100,nivel_1,1,True,3.7092297077178955,7.622594356536865,88,0.88,20,5,0.94
ZDT4,322,54,100,nivel_1,1,True,4.921533584594727,6.919187545776367,57,0.57,51,23,0.74
ZDT4,326,70,100,nivel_1,1,True,4.9825263023376465,6.794459819793701,31,0.31,37,9,0.9
ZDT4,330,50,100,nivel_1,1,True,3.49381947517395,8.378750801086426,77,0.77,51,15,0.8
ZDT4,334,74,100,nivel_1,1,True,4.186963081359863,7.9445977210998535,59,0.59,51,12,0.87
ZDT4,338,48,100,nivel_1,1,True,4.8464460372924805,7.42872428894043,79,0.79,51,29,0.65
ZDT4,342,80,100,nivel_1,1,True,2.084996223449707,3.494576930999756,47,0.47,5,7,0.9
ZDT6,54,24,100,nivel_1,1,True,0.5503705143928528,1.0922712087631226,85,0.85,22,8,0.91
ZDT6,58,93,100,nivel_1,1,True,0.7692646980285645,0.7692646980285645,1,0.01,2,0,1.0
ZDT6,66,76,100,nivel_1,1,True,0.2433338612318039,0.6492063999176025,93,0.93,2,0,0.94
ZDT6,70,70,100,nivel_1,1,True,0.7461795210838318,1.0898444652557373,58,0.58,30,10,0.9
ZDT6,74,82,100,nivel_1,1,True,0.741017758846283,0.9219316244125366,31,0.31,34,10,0.9
ZDT6,78,82,100,nivel_1,1,True,0.3949008882045746,0.3949008882045746,1,0.01,2,0,0.99
ZDT6,82,25,100,nivel_1,1,True,0.6612327694892883,0.9744582176208496,65,0.65,33,8,0.91
ZDT6,86,61,100,nivel_1,1,True,0.8761740326881409,1.009501338005066,12,0.12,41,8,0.9
ZDT6,90,6,100,nivel_1,1,True,0.7988742589950562,0.9092258810997009,7,0.07,15,8,0.92
ZDT6,94,38,100,nivel_1,1,True,0.5584278106689453,0.8702889084815979,51,0.51,7,8,0.92
ZDT6,98,57,100,nivel_1,1,True,0.5012809634208679,0.9260932207107544,65,0.65,8,9,0.9
ZDT6,102,12,100,nivel_1,1,True,0.6649026274681091,0.9185613989830017,58,0.58,44,7,0.92
ZDT6,106,10,100,nivel_1,1,True,0.3707786798477173,0.9805107712745667,99,0.99,18,8,0.9
ZDT6,110,13,100,nivel_1,1,True,0.4128568768501282,0.6250657439231873,43,0.43,20,8,0.91
ZDT6,114,46,100,nivel_1,1,True,0.5445505380630493,0.9378039836883545,51,0.51,51,13,0.82
ZDT6,118,87,100,nivel_1,1,True,0.5622373819351196,0.9877529740333557,58,0.58,25,7,0.91
ZDT6,122,11,100,nivel_1,1,True,0.8675816059112549,0.8700787425041199,2,0.02,23,10,0.9
ZDT6,126,74,100,nivel_1,1,True,0.306869238615036,0.877094030380249,60,0.6,3,3,0.95
ZDT6,130,9,100,nivel_1,1,True,0.4796713888645172,0.4796713888645172,1,0.01,6,10,0.9
ZDT6,134,47,100,nivel_1,1,True,0.5397741198539734,0.7748672366142273,25,0.25,41,9,0.91
ZDT6,138,52,100,nivel_1,1,True,0.1029006764292717,0.9506530165672302,99,0.99,16,8,0.91
ZDT6,142,55,100,nivel_1,1,True,0.2618183493614197,0.6468849778175354,92,0.92,51,18,0.74
ZDT6,146,69,100,nivel_1,1,True,0.3834759593009949,0.7453615665435791,73,0.73,51,13,0.78
ZDT6,150,10,100,nivel_1,1,True,0.599737823009491,0.7936177849769592,24,0.24,51,26,0.68
ZDT6,154,73,100,nivel_1,1,True,0.2578047811985016,0.5351487398147583,71,0.71,7,4,0.95
ZDT6,158,39,100,nivel_1,1,True,0.6557944416999817,0.8557916879653931,10,0.1,37,9,0.91
ZDT6,162,5,100,nivel_1,1,True,0.7327155470848083,0.9758394956588745,21,0.21,51,13,0.79
ZDT6,166,93,100,nivel_1,1,True,0.21579308807849884,0.7699334025382996,96,0.96,5,4,0.96
ZDT6,170,59,100,nivel_1,1,True,0.8878847360610962,0.9255862236022949,3,0.03,13,7,0.92
ZDT6,174,32,100,nivel_1,1,True,0.3318916857242584,0.844952404499054,76,0.76,5,8,0.91
ZDT6,178,46,100,nivel_1,1,True,0.7058025598526001,0.8598799109458923,6,0.06,14,7,0.92
ZDT6,182,47,100,nivel_1,1,True,0.42376527190208435,0.8977736234664917,86,0.86,18,6,0.92
ZDT6,186,72,100,nivel_1,1,True,0.7608398199081421,0.8400696516036987,5,0.05,13,9,0.91
ZDT6,190,27,100,nivel_1,1,True,0.24573202431201935,0.9807637929916382,96,0.96,10,6,0.94
ZDT6,194,43,100,nivel_1,1,True,0.3128476142883301,0.8070552945137024,83,0.83,8,7,0.92
ZDT6,198,16,100,nivel_1,1,True,0.24231156706809998,0.6613704562187195,78,0.78,9,6,0.92
ZDT6,202,48,100,nivel_1,1,True,0.1396826207637787,0.7593026161193848,80,0.8,4,8,0.92
ZDT6,206,46,100,nivel_1,1,True,0.21295873820781708,0.6643743515014648,72,0.72,10,10,0.9
ZDT6,210,84,100,nivel_1,1,True,0.15153050422668457,0.704403281211853,84,0.84,4,6,0.91
ZDT6,214,18,100,nivel_1,1,True,0.22140119969844818,0.5552961230278015,69,0.69,13,9,0.9
ZDT6,218,59,100,nivel_1,1,True,0.19354189932346344,0.9111743569374084,91,0.91,8,7,0.92
ZDT6,222,45,100,nivel_1,1,True,0.8103574514389038,0.9237677454948425,11,0.11,10,5,0.92
ZDT6,226,19,100,nivel_1,1,True,0.2167208343744278,0.8252308964729309,97,0.97,6,10,0.9
ZDT6,230,78,100,nivel_1,1,True,0.724662184715271,0.9660595655441284,29,0.29,12,8,0.9
ZDT6,234,61,100,nivel_1,1,True,0.5390480160713196,0.8826939463615417,53,0.53,6,5,0.93
ZDT6,238,56,100,nivel_1,1,True,0.578374445438385,0.8828479647636414,60,0.6,10,8,0.91
ZDT6,242,55,100,nivel_1,1,True,0.20017965137958527,1.0125751495361328,92,0.92,11,7,0.93
ZDT6,246,11,100,nivel_1,1,True,0.9105348587036133,0.9105348587036133,1,0.01,11,9,0.91
ZDT6,250,25,100,nivel_1,1,True,0.7003417015075684,0.9359369874000549,11,0.11,9,9,0.91
ZDT6,254,51,100,nivel_1,1,True,0.6021376848220825,0.8622221350669861,34,0.34,8,5,0.95
ZDT6,258,6,100,nivel_1,1,True,0.5561180114746094,1.0022468566894531,65,0.65,11,9,0.9
ZDT6,262,6,100,nivel_1,1,True,0.8661905527114868,0.8661905527114868,1,0.01,13,9,0.91
ZDT6,266,3,100,nivel_1,1,True,0.39489707350730896,0.39489707350730896,1,0.01,4,7,0.92
ZDT6,270,18,100,nivel_1,1,True,0.21010354161262512,0.3312387466430664,20,0.2,3,10,0.9
ZDT6,274,16,100,nivel_1,1,True,0.3782540261745453,0.3782540261745453,1,0.01,2,0,1.0
ZDT6,278,69,100,nivel_1,1,True,0.5268840193748474,0.913187563419342,44,0.44,31,8,0.9
ZDT6,282,0,100,nivel_1,1,True,0.24294891953468323,0.24294891953468323,1,0.01,2,1,0.98
