exp,prob,D,M,q,n,mu_ok,sig_ok,s2_ok,dmu_med,dmu_max,dsig_max,ds2_max
main,BBOB_F1,10,2,1,1,1,1,1,5.492187511890734e-06,5.492187511890734e-06,7.738037126614472e-07,4.795895790499216e-07
main,BBOB_F1,10,2,1,2,2,2,2,5.007812504231879e-06,5.492187511890734e-06,8.012695289494332e-07,4.795895790499216e-07
main,BBOB_F1,10,2,1,3,3,3,3,4.523437496573024e-06,5.492187511890734e-06,8.012695289494332e-07,4.795895790499216e-07
main,BBOB_F1,10,2,1,4,4,4,4,3.701660148180963e-06,5.492187511890734e-06,9.43359374616648e-07,4.795895790499216e-07
main,BBOB_F1,10,2,1,5,5,5,5,4.523437496573024e-06,6.608398450680397e-06,9.43359374616648e-07,4.795895790499216e-07
main,BBOB_F1,10,2,1,6,6,6,6,5.007812504231879e-06,6.608398450680397e-06,9.43359374616648e-07,4.795895790499216e-07
main,BBOB_F1,10,2,1,7,7,7,7,4.523437496573024e-06,6.608398450680397e-06,9.43359374616648e-07,4.795895790499216e-07
main,BBOB_F1,10,2,1,8,8,8,8,3.701660148180963e-06,6.608398450680397e-06,1.1033935543025564e-06,4.795895790499216e-07
main,BBOB_F1,10,2,1,9,9,9,9,4.038085933188995e-06,6.608398450680397e-06,1.1033935543025564e-06,4.795895790499216e-07
main,BBOB_F1,10,2,1,10,10,10,10,4.2807617148810095e-06,8.333984396813321e-06,1.8344726555596935e-06,4.795895790499216e-07
main,BBOB_F1,10,2,1,11,11,11,11,4.523437496573024e-06,1.0746093778379873e-05,2.068847649638883e-06,4.795895790499216e-07
main,BBOB_F1,10,2,1,12,12,12,12,5.007812504231879e-06,1.0746093778379873e-05,2.068847649638883e-06,4.795895790499216e-07
main,BBOB_F1,10,2,1,13,13,13,13,5.492187511890734e-06,1.14921875251639e-05,2.823730469003749e-06,4.795895790499216e-07
main,BBOB_F1,10,2,1,14,14,14,14,5.9243164116651315e-06,1.3392578125603904e-05,2.823730469003749e-06,5.049920197564006e-07
main,BBOB_F1,10,2,1,15,15,15,15,6.356445311439529e-06,1.3392578125603904e-05,2.823730469003749e-06,5.049920197564006e-07
main,BBOB_F1,10,2,1,16,16,16,16,6.361816403455123e-06,1.3392578125603904e-05,2.823730469003749e-06,5.049920197564006e-07
main,BBOB_F1,10,2,1,17,17,17,17,6.356445311439529e-06,1.3392578125603904e-05,3.517089837146159e-06,5.049920197564006e-07
main,BBOB_F1,10,2,1,18,18,18,18,6.361816403455123e-06,1.3392578125603904e-05,3.517089837146159e-06,5.049920197564006e-07
main,BBOB_F1,10,2,1,19,19,19,19,6.367187495470716e-06,1.3392578125603904e-05,3.517089837146159e-06,5.049920197564006e-07
main,BBOB_F1,10,2,1,20,20,20,20,6.487792973075557e-06,1.418945311115749e-05,3.517089837146159e-06,5.049920197564006e-07
main,BBOB_F1,10,2,1,21,21,21,21,6.367187495470716e-06,1.418945311115749e-05,3.517089837146159e-06,5.049920197564006e-07
main,BBOB_F1,10,2,1,22,22,22,22,6.487792973075557e-06,1.418945311115749e-05,3.517089837146159e-06,5.049920197564006e-07
main,BBOB_F1,10,2,1,23,23,23,23,6.367187495470716e-06,1.418945311115749e-05,3.517089837146159e-06,5.049920197564006e-07
main,BBOB_F1,10,2,1,24,24,24,24,6.361816403455123e-06,1.418945311115749e-05,3.517089837146159e-06,5.049920197564006e-07
main,BBOB_F1,10,2,1,25,25,25,25,6.356445311439529e-06,1.418945311115749e-05,3.517089837146159e-06,5.049920197564006e-07
main,BBOB_F1,10,2,1,26,26,26,26,6.361816403455123e-06,1.418945311115749e-05,3.517089837146159e-06,5.049920197564006e-07
main,BBOB_F1,10,2,1,27,27,27,27,6.367187495470716e-06,1.418945311115749e-05,3.517089837146159e-06,5.049920197564006e-07
main,BBOB_F1,10,2,1,28,28,28,28,6.487792973075557e-06,1.418945311115749e-05,3.517089837146159e-06,5.049920197564006e-07
main,BBOB_F1,10,2,1,29,29,29,29,6.608398450680397e-06,1.4197265613802301e-05,3.517089837146159e-06,5.049920197564006e-07
main,BBOB_F1,10,2,1,30,30,30,30,6.814941400534735e-06,1.4197265613802301e-05,3.517089837146159e-06,5.049920197564006e-07
main,BBOB_F1,10,2,1,31,31,31,31,7.021484350389073e-06,1.4197265613802301e-05,3.517089837146159e-06,5.049920197564006e-07
main,BBOB_F1,10,2,1,32,32,32,32,7.497070299677944e-06,1.4197265613802301e-05,3.572753911385007e-06,5.049920197564006e-07
main,BBOB_F1,10,2,1,33,33,33,33,7.021484350389073e-06,1.4197265613802301e-05,3.572753911385007e-06,5.049920197564006e-07
main,BBOB_F1,10,2,1,34,34,34,34,6.814941400534735e-06,1.4197265613802301e-05,3.572753911385007e-06,5.049920197564006e-07
main,BBOB_F1,10,2,1,35,35,35,35,6.608398450680397e-06,1.4197265613802301e-05,3.572753911385007e-06,5.049920197564006e-07
main,BBOB_F1,10,2,1,36,36,36,36,6.814941400534735e-06,1.4197265613802301e-05,3.572753911385007e-06,5.049920197564006e-07
main,BBOB_F1,10,2,1,37,37,37,37,6.608398450680397e-06,1.4197265613802301e-05,3.572753911385007e-06,5.049920197564006e-07
main,BBOB_F1,10,2,1,38,38,38,38,6.487792973075557e-06,1.4197265613802301e-05,3.572753911385007e-06,5.049920197564006e-07
main,BBOB_F1,10,2,1,39,39,39,39,6.367187495470716e-06,1.4197265613802301e-05,3.572753911385007e-06,5.049920197564006e-07
main,BBOB_F1,10,2,1,40,40,40,40,6.487792973075557e-06,1.4197265613802301e-05,3.572753911385007e-06,5.049920197564006e-07
main,BBOB_F1,10,2,1,41,41,41,41,6.367187495470716e-06,1.4197265613802301e-05,3.572753911385007e-06,5.049920197564006e-07
main,BBOB_F1,10,2,1,42,42,42,42,6.4506835855127065e-06,1.4197265613802301e-05,3.572753911385007e-06,5.049920197564006e-07
main,BBOB_F1,10,2,1,43,43,43,43,6.534179675554697e-06,1.4880859396271262e-05,3.572753911385007e-06,5.049920197564006e-07
main,BBOB_F1,10,2,1,44,44,44,44,6.4506835855127065e-06,1.4880859396271262e-05,3.572753911385007e-06,5.049920197564006e-07
main,BBOB_F1,10,2,1,45,45,45,45,6.534179675554697e-06,1.4880859396271262e-05,3.572753911385007e-06,5.049920197564006e-07
main,BBOB_F1,10,2,1,46,46,46,46,6.571289063117547e-06,1.4880859396271262e-05,3.572753911385007e-06,5.049920197564006e-07
main,BBOB_F1,10,2,1,47,47,47,47,6.608398450680397e-06,1.4880859396271262e-05,3.572753911385007e-06,5.049920197564006e-07
main,BBOB_F1,10,2,1,48,48,48,48,6.669433602723984e-06,1.4880859396271262e-05,3.572753911385007e-06,5.049920197564006e-07
main,BBOB_F1,10,2,1,49,49,49,49,6.730468754767571e-06,1.4880859396271262e-05,3.572753911385007e-06,5.049920197564006e-07
main,BBOB_F1,10,2,1,50,50,50,50,6.669433602723984e-06,1.4880859396271262e-05,3.572753911385007e-06,5.049920197564006e-07
main,BBOB_F1,10,2,1,51,51,51,51,6.608398450680397e-06,1.4880859396271262e-05,3.572753911385007e-06,5.049920197564006e-07
main,BBOB_F1,10,2,1,52,52,52,52,6.571289063117547e-06,1.4880859396271262e-05,3.572753911385007e-06,5.049920197564006e-07
main,BBOB_F1,10,2,1,53,53,53,53,6.608398450680397e-06,1.4880859396271262e-05,3.572753911385007e-06,5.049920197564006e-07
main,BBOB_F1,10,2,1,54,54,54,54,6.669433602723984e-06,1.4880859396271262e-05,3.572753911385007e-06,5.049920197564006e-07
main,BBOB_F1,10,2,1,55,55,55,55,6.608398450680397e-06,1.4880859396271262e-05,3.572753911385007e-06,5.049920197564006e-07
main,BBOB_F1,10,2,1,56,56,56,56,6.571289063117547e-06,1.4880859396271262e-05,3.572753911385007e-06,5.049920197564006e-07
main,BBOB_F1,10,2,1,57,57,57,57,6.608398450680397e-06,1.4880859396271262e-05,3.572753911385007e-06,5.049920197564006e-07
main,BBOB_F1,10,2,1,58,58,58,58,6.669433602723984e-06,1.4880859396271262e-05,3.572753911385007e-06,5.049920197564006e-07
main,BBOB_F1,10,2,1,59,59,59,59,6.730468754767571e-06,1.4880859396271262e-05,3.579589844093789e-06,5.049920197564006e-07
main,BBOB_F1,10,2,1,60,60,60,60,6.875976552578322e-06,1.4880859396271262e-05,3.579589844093789e-06,5.049920197564006e-07
main,BBOB_F1,10,2,1,61,61,61,61,6.730468754767571e-06,1.4880859396271262e-05,3.579589844093789e-06,5.049920197564006e-07
main,BBOB_F1,10,2,1,62,62,62,62,6.669433602723984e-06,1.4880859396271262e-05,3.579589844093789e-06,5.049920197564006e-07
main,BBOB_F1,10,2,1,63,63,63,63,6.608398450680397e-06,1.4880859396271262e-05,3.579589844093789e-06,5.049920197564006e-07
main,BBOB_F1,10,2,1,64,64,64,64,6.571289063117547e-06,1.4880859396271262e-05,3.579589844093789e-06,5.049920197564006e-07
main,BBOB_F1,10,2,1,65,65,65,65,6.608398450680397e-06,1.4880859396271262e-05,3.579589844093789e-06,5.049920197564006e-07
main,BBOB_F1,10,2,1,66,66,66,66,6.571289063117547e-06,1.4880859396271262e-05,3.579589844093789e-06,5.049920197564006e-07
main,BBOB_F1,10,2,1,67,67,67,67,6.534179675554697e-06,1.4880859396271262e-05,3.579589844093789e-06,5.049920197564006e-07
main,BBOB_F1,10,2,1,68,68,68,68,6.529785153475132e-06,1.4880859396271262e-05,3.579589844093789e-06,5.049920197564006e-07
main,BBOB_F1,10,2,1,69,69,69,69,6.525390631395567e-06,1.4880859396271262e-05,3.579589844093789e-06,5.049920197564006e-07
main,BBOB_F1,10,2,1,70,70,70,70,6.529785153475132e-06,1.4880859396271262e-05,3.579589844093789e-06,5.049920197564006e-07
main,BBOB_F1,10,2,1,71,71,71,71,6.525390631395567e-06,1.4880859396271262e-05,3.579589844093789e-06,5.049920197564006e-07
main,BBOB_F1,10,2,1,72,72,72,72,6.529785153475132e-06,1.4880859396271262e-05,3.579589844093789e-06,5.049920197564006e-07
main,BBOB_F1,10,2,1,73,73,73,73,6.534179675554697e-06,1.4880859396271262e-05,3.579589844093789e-06,5.049920197564006e-07
main,BBOB_F1,10,2,1,74,74,74,74,6.529785153475132e-06,1.4880859396271262e-05,3.579589844093789e-06,5.049920197564006e-07
main,BBOB_F1,10,2,1,75,75,75,75,6.534179675554697e-06,1.4880859396271262e-05,3.579589844093789e-06,5.049920197564006e-07
main,BBOB_F1,10,2,1,76,76,76,76,6.571289063117547e-06,1.4880859396271262e-05,3.579589844093789e-06,5.049920197564006e-07
main,BBOB_F1,10,2,1,77,77,77,77,6.534179675554697e-06,1.4880859396271262e-05,3.579589844093789e-06,5.049920197564006e-07
main,BBOB_F1,10,2,1,78,78,78,78,6.571289063117547e-06,1.4880859396271262e-05,3.579589844093789e-06,5.049920197564006e-07
main,BBOB_F1,10,2,1,79,79,79,79,6.608398450680397e-06,1.4880859396271262e-05,3.579589844093789e-06,5.049920197564006e-07
main,BBOB_F1,10,2,1,80,80,80,80,6.571289063117547e-06,1.4880859396271262e-05,3.579589844093789e-06,5.049920197564006e-07
main,BBOB_F1,10,2,1,81,81,81,81,6.608398450680397e-06,1.4880859396271262e-05,3.579589844093789e-06,5.049920197564006e-07
main,BBOB_F1,10,2,1,82,82,82,82,6.571289063117547e-06,1.4880859396271262e-05,3.579589844093789e-06,5.049920197564006e-07
main,BBOB_F1,10,2,1,83,83,83,83,6.608398450680397e-06,1.4880859396271262e-05,3.579589844093789e-06,5.049920197564006e-07
main,BBOB_F1,10,2,1,84,84,84,84,6.571289063117547e-06,1.4880859396271262e-05,3.579589844093789e-06,5.049920197564006e-07
main,BBOB_F1,10,2,1,85,85,85,85,6.608398450680397e-06,1.4880859396271262e-05,3.579589844093789e-06,5.049920197564006e-07
main,BBOB_F1,10,2,1,86,86,86,86,6.571289063117547e-06,1.4880859396271262e-05,3.579589844093789e-06,5.049920197564006e-07
main,BBOB_F1,10,2,1,87,87,87,87,6.534179675554697e-06,1.4880859396271262e-05,3.579589844093789e-06,5.049920197564006e-07
main,BBOB_F1,10,2,1,88,88,88,88,6.571289063117547e-06,1.4880859396271262e-05,3.579589844093789e-06,5.049920197564006e-07
main,BBOB_F1,10,2,1,89,89,89,89,6.534179675554697e-06,1.4880859396271262e-05,3.579589844093789e-06,5.049920197564006e-07
main,BBOB_F1,10,2,1,90,90,90,90,6.529785153475132e-06,1.4880859396271262e-05,3.579589844093789e-06,5.049920197564006e-07
main,BBOB_F1,10,2,1,91,91,91,91,6.525390631395567e-06,1.4880859396271262e-05,3.579589844093789e-06,5.049920197564006e-07
main,BBOB_F1,10,2,1,92,92,92,92,6.4462890634331416e-06,1.4880859396271262e-05,3.579589844093789e-06,5.049920197564006e-07
main,BBOB_F1,10,2,1,93,93,93,93,6.367187495470716e-06,1.4880859396271262e-05,3.579589844093789e-06,5.049920197564006e-07
main,BBOB_F1,10,2,1,94,94,94,94,6.361816403455123e-06,1.4880859396271262e-05,3.579589844093789e-06,5.049920197564006e-07
main,BBOB_F1,10,2,1,95,95,95,95,6.367187495470716e-06,1.4880859396271262e-05,3.579589844093789e-06,5.049920197564006e-07
main,BBOB_F1,10,2,1,96,96,96,96,6.361816403455123e-06,1.4880859396271262e-05,3.579589844093789e-06,5.049920197564006e-07
main,BBOB_F1,10,2,1,97,97,97,97,6.356445311439529e-06,1.4880859396271262e-05,3.579589844093789e-06,5.049920197564006e-07
main,BBOB_F1,10,2,1,98,98,98,98,6.361816403455123e-06,1.4880859396271262e-05,3.579589844093789e-06,5.049920197564006e-07
main,BBOB_F1,10,2,1,99,99,99,99,6.367187495470716e-06,1.4880859396271262e-05,3.579589844093789e-06,5.049920197564006e-07
main,BBOB_F1,10,2,1,100,100,100,100,6.361816403455123e-06,1.4880859396271262e-05,3.579589844093789e-06,5.049920197564006e-07
main,BBOB_F1,10,2,1,101,101,101,101,6.356445311439529e-06,1.4880859396271262e-05,3.579589844093789e-06,5.049920197564006e-07
main,BBOB_F1,10,2,1,102,102,102,102,6.316894527458317e-06,1.4880859396271262e-05,3.579589844093789e-06,5.049920197564006e-07
main,BBOB_F1,10,2,1,103,103,103,103,6.277343743477104e-06,1.4880859396271262e-05,3.579589844093789e-06,5.049920197564006e-07
main,BBOB_F1,10,2,1,104,104,104,104,6.251953124092324e-06,1.4880859396271262e-05,3.579589844093789e-06,5.049920197564006e-07
main,BBOB_F1,10,2,1,105,105,105,105,6.2265625047075446e-06,1.4880859396271262e-05,3.579589844093789e-06,5.049920197564006e-07
main,BBOB_F1,10,2,1,106,106,106,106,6.223632823321168e-06,1.4880859396271262e-05,3.579589844093789e-06,5.049920197564006e-07
main,BBOB_F1,10,2,1,107,107,107,107,6.220703141934791e-06,1.4880859396271262e-05,3.579589844093789e-06,5.049920197564006e-07
main,BBOB_F1,10,2,1,108,108,108,108,6.223632823321168e-06,1.4880859396271262e-05,3.579589844093789e-06,5.049920197564006e-07
main,BBOB_F1,10,2,1,109,109,109,109,6.220703141934791e-06,1.4880859396271262e-05,3.579589844093789e-06,5.049920197564006e-07
main,BBOB_F1,10,2,1,110,110,110,110,6.223632823321168e-06,1.4880859396271262e-05,3.579589844093789e-06,5.049920197564006e-07
main,BBOB_F1,10,2,1,111,111,111,111,6.220703141934791e-06,1.4880859396271262e-05,3.579589844093789e-06,5.049920197564006e-07
main,BBOB_F1,10,2,1,112,112,112,112,6.186035165001158e-06,1.4880859396271262e-05,3.579589844093789e-06,5.049920197564006e-07
main,BBOB_F1,10,2,1,113,113,113,113,6.151367188067525e-06,1.4880859396271262e-05,3.579589844093789e-06,5.049920197564006e-07
main,BBOB_F1,10,2,1,114,114,114,114,6.186035165001158e-06,1.4880859396271262e-05,3.579589844093789e-06,5.049920197564006e-07
main,BBOB_F1,10,2,1,115,115,115,115,6.220703141934791e-06,1.4880859396271262e-05,3.579589844093789e-06,5.049920197564006e-07
main,BBOB_F1,10,2,1,116,116,116,116,6.223632823321168e-06,1.4880859396271262e-05,3.579589844093789e-06,5.049920197564006e-07
main,BBOB_F1,10,2,1,117,117,117,117,6.2265625047075446e-06,1.4880859396271262e-05,3.579589844093789e-06,5.049920197564006e-07
main,BBOB_F1,10,2,1,118,118,118,118,6.251953124092324e-06,1.4880859396271262e-05,3.579589844093789e-06,5.049920197564006e-07
main,BBOB_F1,10,2,1,119,119,119,119,6.277343743477104e-06,1.4880859396271262e-05,3.986816409451421e-06,5.049920197564006e-07
main,BBOB_F1,10,2,1,120,120,120,120,6.251953124092324e-06,1.4880859396271262e-05,3.986816409451421e-06,5.049920197564006e-07
main,BBOB_F1,10,2,1,121,121,121,121,6.2265625047075446e-06,1.4880859396271262e-05,3.986816409451421e-06,5.049920197564006e-07
main,BBOB_F1,10,2,1,122,122,122,122,6.223632823321168e-06,1.4880859396271262e-05,3.986816409451421e-06,5.049920197564006e-07
main,BBOB_F1,10,2,1,123,123,123,123,6.2265625047075446e-06,1.4880859396271262e-05,3.986816409451421e-06,5.049920197564006e-07
main,BBOB_F1,10,2,1,124,124,124,124,6.251953124092324e-06,1.4880859396271262e-05,3.986816409451421e-06,5.049920197564006e-07
main,BBOB_F1,10,2,1,125,125,125,125,6.2265625047075446e-06,1.4880859396271262e-05,3.986816409451421e-06,5.049920197564006e-07
main,BBOB_F1,10,2,1,126,126,126,126,6.223632823321168e-06,1.4880859396271262e-05,3.986816409451421e-06,5.049920197564006e-07
main,BBOB_F1,10,2,1,127,127,127,127,6.2265625047075446e-06,1.4880859396271262e-05,3.986816409451421e-06,5.049920197564006e-07
main,BBOB_F1,10,2,1,128,128,128,128,6.251953124092324e-06,1.4880859396271262e-05,3.986816409451421e-06,5.049920197564006e-07
main,BBOB_F1,10,2,1,129,129,129,129,6.277343743477104e-06,1.4880859396271262e-05,3.986816409451421e-06,5.049920197564006e-07
main,BBOB_F1,10,2,1,130,130,130,130,6.251953124092324e-06,1.4880859396271262e-05,3.986816409451421e-06,5.049920197564006e-07
main,BBOB_F1,10,2,1,131,131,131,131,6.277343743477104e-06,1.4880859396271262e-05,3.986816409451421e-06,5.049920197564006e-07
main,BBOB_F1,10,2,1,132,132,132,132,6.251953124092324e-06,1.4880859396271262e-05,3.986816409451421e-06,5.049920197564006e-07
main,BBOB_F1,10,2,1,133,133,133,133,6.277343743477104e-06,1.4880859396271262e-05,3.986816409451421e-06,5.049920197564006e-07
main,BBOB_F1,10,2,1,134,134,134,134,6.251953124092324e-06,1.4880859396271262e-05,3.986816409451421e-06,5.049920197564006e-07
main,BBOB_F1,10,2,1,135,135,135,135,6.277343743477104e-06,1.4880859396271262e-05,3.986816409451421e-06,5.049920197564006e-07
main,BBOB_F1,10,2,1,136,136,136,136,6.306640628395144e-06,1.4880859396271262e-05,3.986816409451421e-06,5.049920197564006e-07
main,BBOB_F1,10,2,1,137,137,137,137,6.277343743477104e-06,1.4880859396271262e-05,3.986816409451421e-06,5.049920197564006e-07
main,BBOB_F1,10,2,1,138,138,138,138,6.251953124092324e-06,1.4880859396271262e-05,3.986816409451421e-06,5.049920197564006e-07
main,BBOB_F1,10,2,1,139,139,139,139,6.2265625047075446e-06,1.4880859396271262e-05,3.986816409451421e-06,5.049920197564006e-07
main,BBOB_F1,10,2,1,140,140,140,140,6.223632823321168e-06,1.4880859396271262e-05,3.986816409451421e-06,5.049920197564006e-07
main,BBOB_F1,10,2,1,141,141,141,141,6.220703141934791e-06,1.4880859396271262e-05,3.986816409451421e-06,5.049920197564006e-07
main,BBOB_F1,10,2,1,142,142,142,142,6.223632823321168e-06,1.4880859396271262e-05,3.986816409451421e-06,5.049920197564006e-07
main,BBOB_F1,10,2,1,143,143,143,143,6.2265625047075446e-06,1.4880859396271262e-05,3.986816409451421e-06,5.049920197564006e-07
main,BBOB_F1,10,2,1,144,144,144,144,6.251953124092324e-06,1.4880859396271262e-05,3.986816409451421e-06,5.049920197564006e-07
main,BBOB_F1,10,2,1,145,145,145,145,6.2265625047075446e-06,1.4880859396271262e-05,3.986816409451421e-06,5.049920197564006e-07
main,BBOB_F1,10,2,1,146,146,146,146,6.251953124092324e-06,1.4880859396271262e-05,3.986816409451421e-06,5.049920197564006e-07
main,BBOB_F1,10,2,1,147,147,147,147,6.277343743477104e-06,1.4880859396271262e-05,3.986816409451421e-06,5.049920197564006e-07
main,BBOB_F1,10,2,1,148,148,148,148,6.251953124092324e-06,1.4880859396271262e-05,3.986816409451421e-06,5.049920197564006e-07
main,BBOB_F1,10,2,1,149,149,149,149,6.2265625047075446e-06,1.4880859396271262e-05,3.986816409451421e-06,5.049920197564006e-07
main,BBOB_F1,10,2,1,150,150,150,150,6.251953124092324e-06,1.4880859396271262e-05,3.986816409451421e-06,5.049920197564006e-07
main,BBOB_F1,10,2,1,151,151,151,151,6.2265625047075446e-06,1.4880859396271262e-05,3.986816409451421e-06,5.049920197564006e-07
main,BBOB_F1,10,2,1,152,152,152,152,6.251953124092324e-06,1.4880859396271262e-05,3.986816409451421e-06,5.049920197564006e-07
main,BBOB_F1,10,2,1,153,153,153,153,6.277343743477104e-06,1.4880859396271262e-05,3.986816409451421e-06,5.049920197564006e-07
main,BBOB_F1,10,2,1,154,154,154,154,6.251953124092324e-06,1.4880859396271262e-05,3.986816409451421e-06,5.049920197564006e-07
main,BBOB_F1,10,2,1,155,155,155,155,6.2265625047075446e-06,1.4880859396271262e-05,3.986816409451421e-06,5.049920197564006e-07
main,BBOB_F1,10,2,1,156,156,156,156,6.251953124092324e-06,1.4880859396271262e-05,3.986816409451421e-06,5.049920197564006e-07
main,BBOB_F1,10,2,1,157,157,157,157,6.277343743477104e-06,1.4880859396271262e-05,3.986816409451421e-06,5.049920197564006e-07
main,BBOB_F1,10,2,1,158,158,158,158,6.306640628395144e-06,1.4880859396271262e-05,3.986816409451421e-06,5.049920197564006e-07
main,BBOB_F1,10,2,1,159,159,159,159,6.3359375133131834e-06,1.4880859396271262e-05,3.986816409451421e-06,5.049920197564006e-07
main,BBOB_F1,10,2,1,160,160,160,160,6.306640628395144e-06,1.4880859396271262e-05,3.986816409451421e-06,5.049920197564006e-07
main,BBOB_F1,10,2,1,161,161,161,161,6.277343743477104e-06,1.4880859396271262e-05,3.986816409451421e-06,5.049920197564006e-07
main,BBOB_F1,10,2,1,162,162,162,162,6.251953124092324e-06,1.4880859396271262e-05,3.986816409451421e-06,5.049920197564006e-07
main,BBOB_F1,10,2,1,163,163,163,163,6.277343743477104e-06,1.4880859396271262e-05,3.986816409451421e-06,5.049920197564006e-07
main,BBOB_F1,10,2,1,164,164,164,164,6.251953124092324e-06,1.4880859396271262e-05,3.986816409451421e-06,5.049920197564006e-07
main,BBOB_F1,10,2,1,165,165,165,165,6.2265625047075446e-06,1.4880859396271262e-05,3.986816409451421e-06,5.049920197564006e-07
main,BBOB_F1,10,2,1,166,166,166,166,6.223632823321168e-06,1.4880859396271262e-05,3.986816409451421e-06,5.049920197564006e-07
main,BBOB_F1,10,2,1,167,167,167,167,6.220703141934791e-06,1.4880859396271262e-05,3.986816409451421e-06,5.049920197564006e-07
main,BBOB_F1,10,2,1,168,168,168,168,6.223632823321168e-06,1.4880859396271262e-05,3.986816409451421e-06,5.049920197564006e-07
main,BBOB_F1,10,2,1,169,169,169,169,6.2265625047075446e-06,1.4880859396271262e-05,3.986816409451421e-06,5.049920197564006e-07
main,BBOB_F1,10,2,1,170,170,170,170,6.223632823321168e-06,1.4880859396271262e-05,3.986816409451421e-06,5.049920197564006e-07
main,BBOB_F1,10,2,1,171,171,171,171,6.220703141934791e-06,1.4880859396271262e-05,3.986816409451421e-06,5.049920197564006e-07
main,BBOB_F1,10,2,1,172,172,172,172,6.186035165001158e-06,1.4880859396271262e-05,3.986816409451421e-06,5.049920197564006e-07
main,BBOB_F1,10,2,1,173,173,173,173,6.151367188067525e-06,1.4880859396271262e-05,3.986816409451421e-06,5.049920197564006e-07
main,BBOB_F1,10,2,1,174,174,174,174,6.070800779411911e-06,1.4880859396271262e-05,3.986816409451421e-06,5.049920197564006e-07
main,BBOB_F1,10,2,1,175,175,175,175,5.990234370756298e-06,1.4880859396271262e-05,3.986816409451421e-06,5.049920197564006e-07
main,BBOB_F1,10,2,1,176,176,176,176,5.977539061063908e-06,1.4880859396271262e-05,3.986816409451421e-06,5.049920197564006e-07
main,BBOB_F1,10,2,1,177,177,177,177,5.990234370756298e-06,1.4880859396271262e-05,3.986816409451421e-06,5.049920197564006e-07
main,BBOB_F1,10,2,1,178,178,178,178,6.070800779411911e-06,1.4880859396271262e-05,3.986816409451421e-06,5.049920197564006e-07
main,BBOB_F1,10,2,1,179,179,179,179,6.151367188067525e-06,1.4880859396271262e-05,3.986816409451421e-06,5.049920197564006e-07
main,BBOB_F1,10,2,1,180,180,180,180,6.186035165001158e-06,1.4880859396271262e-05,3.986816409451421e-06,5.049920197564006e-07
main,BBOB_F1,10,2,1,181,181,181,181,6.151367188067525e-06,1.4880859396271262e-05,3.986816409451421e-06,5.049920197564006e-07
main,BBOB_F1,10,2,1,182,182,182,182,6.070800779411911e-06,1.4880859396271262e-05,3.986816409451421e-06,5.049920197564006e-07
main,BBOB_F1,10,2,1,183,183,183,183,6.151367188067525e-06,1.4880859396271262e-05,3.986816409451421e-06,5.049920197564006e-07
main,BBOB_F1,10,2,1,184,184,184,184,6.186035165001158e-06,1.4880859396271262e-05,3.986816409451421e-06,5.049920197564006e-07
main,BBOB_F1,10,2,1,185,185,185,185,6.151367188067525e-06,1.4880859396271262e-05,3.986816409451421e-06,5.049920197564006e-07
main,BBOB_F1,10,2,1,186,186,186,186,6.070800779411911e-06,1.4880859396271262e-05,3.986816409451421e-06,5.049920197564006e-07
main,BBOB_F1,10,2,1,187,187,187,187,6.151367188067525e-06,1.4880859396271262e-05,3.986816409451421e-06,5.049920197564006e-07
main,BBOB_F1,10,2,1,188,188,188,188,6.186035165001158e-06,1.4880859396271262e-05,3.986816409451421e-06,5.049920197564006e-07
main,BBOB_F1,10,2,1,189,189,189,189,6.151367188067525e-06,1.4880859396271262e-05,3.986816409451421e-06,5.049920197564006e-07
main,BBOB_F1,10,2,1,190,190,190,190,6.070800779411911e-06,1.4880859396271262e-05,3.986816409451421e-06,5.049920197564006e-07
main,BBOB_F1,10,2,1,191,191,191,191,5.990234370756298e-06,1.4880859396271262e-05,3.986816409451421e-06,5.049920197564006e-07
main,BBOB_F1,10,2,1,192,192,192,192,6.070800779411911e-06,1.4880859396271262e-05,3.986816409451421e-06,5.049920197564006e-07
main,BBOB_F1,10,2,1,193,193,193,193,6.151367188067525e-06,1.4880859396271262e-05,3.986816409451421e-06,5.049920197564006e-07
main,BBOB_F1,10,2,1,194,194,194,194,6.186035165001158e-06,1.4880859396271262e-05,3.986816409451421e-06,5.049920197564006e-07
main,BBOB_F1,10,2,1,195,195,195,195,6.220703141934791e-06,1.4880859396271262e-05,3.986816409451421e-06,5.049920197564006e-07
main,BBOB_F1,10,2,1,196,196,196,196,6.186035165001158e-06,1.4880859396271262e-05,3.986816409451421e-06,5.049920197564006e-07
main,BBOB_F1,10,2,1,197,197,197,197,6.220703141934791e-06,1.4880859396271262e-05,3.986816409451421e-06,5.049920197564006e-07
main,BBOB_F1,10,2,1,198,198,198,198,6.223632823321168e-06,1.4880859396271262e-05,3.986816409451421e-06,5.049920197564006e-07
main,BBOB_F1,10,2,1,199,199,199,199,6.220703141934791e-06,1.4880859396271262e-05,3.986816409451421e-06,5.049920197564006e-07
main,BBOB_F1,10,2,1,200,200,200,200,6.223632823321168e-06,1.4880859396271262e-05,3.986816409451421e-06,5.049920197564006e-07
main,BBOB_F17,10,2,1,1,1,1,1,0.7597699984908104,0.7597699984908104,0.39805399999022484,5.261167590475679e-07
main,BBOB_F17,10,2,1,2,2,2,2,0.5647789994254708,0.7597699984908104,0.39805399999022484,5.261167590475679e-07
main,BBOB_F17,10,2,1,3,3,3,3,0.36978800036013126,0.7597699984908104,0.39805399999022484,5.261167590475679e-07
main,BBOB_F17,10,2,1,4,4,4,4,0.35774700064212084,0.7597699984908104,0.48912799917161465,5.261167590475679e-07
main,BBOB_F17,10,2,1,5,5,5,5,0.3457060009241104,0.7597699984908104,0.48912799917161465,5.261167590475679e-07
main,BBOB_F17,10,2,1,6,6,6,6,0.2996755000203848,0.7597699984908104,0.48912799917161465,5.261167590475679e-07
main,BBOB_F17,10,2,1,7,7,7,7,0.25364499911665916,0.7597699984908104,0.48912799917161465,5.261167590475679e-07
main,BBOB_F17,10,2,1,8,8,8,8,0.2029694993980229,0.7597699984908104,0.48912799917161465,5.261167590475679e-07
main,BBOB_F17,10,2,1,9,9,9,9,0.15229399967938662,0.7597699984908104,0.48912799917161465,5.261167590475679e-07
main,BBOB_F17,10,2,1,10,10,10,10,0.13312849961221218,0.7597699984908104,0.48912799917161465,5.261167590475679e-07
main,BBOB_F17,10,2,1,11,11,11,11,0.15229399967938662,0.7597699984908104,0.48912799917161465,5.261167590475679e-07
main,BBOB_F17,10,2,1,12,12,12,12,0.13312849961221218,0.7597699984908104,0.48912799917161465,5.261167590475679e-07
main,BBOB_F17,10,2,1,13,13,13,13,0.11396299954503775,0.7597699984908104,0.7172599993646145,5.261167590475679e-07
main,BBOB_F17,10,2,1,14,14,14,14,0.11348849977366626,0.7597699984908104,0.7172599993646145,5.261167590475679e-07
main,BBOB_F17,10,2,1,15,15,15,15,0.11396299954503775,0.7597699984908104,0.7172599993646145,5.261167590475679e-07
main,BBOB_F17,10,2,1,16,16,16,16,0.1144299996085465,0.7597699984908104,0.7172599993646145,5.261167590475679e-07
main,BBOB_F17,10,2,1,17,17,17,17,0.11489699967205524,0.7597699984908104,0.7172599993646145,5.261167590475679e-07
main,BBOB_F17,10,2,1,18,18,18,18,0.11698099970817566,0.7597699984908104,0.7172599993646145,5.261167590475679e-07
main,BBOB_F17,10,2,1,19,19,19,19,0.11906499974429607,0.7597699984908104,0.7172599993646145,5.261167590475679e-07
main,BBOB_F17,10,2,1,20,20,20,20,0.11698099970817566,0.7597699984908104,0.7172599993646145,5.261167590475679e-07
main,BBOB_F17,10,2,1,21,21,21,21,0.11906499974429607,1.8110779970884323,0.7172599993646145,5.261167590475679e-07
main,BBOB_F17,10,2,1,22,22,22,22,0.13567949971184134,1.8110779970884323,0.7172599993646145,5.261167590475679e-07
main,BBOB_F17,10,2,1,23,23,23,23,0.13588800001889467,1.8110779970884323,0.7172599993646145,5.261167590475679e-07
main,BBOB_F17,10,2,1,24,24,24,24,0.14409099984914064,1.8110779970884323,0.7172599993646145,5.261167590475679e-07
main,BBOB_F17,10,2,1,25,25,25,25,0.13588800001889467,1.8110779970884323,0.7172599993646145,5.261167590475679e-07
main,BBOB_F17,10,2,1,26,26,26,26,0.14409099984914064,1.8110779970884323,0.7172599993646145,5.261167590475679e-07
main,BBOB_F17,10,2,1,27,27,27,27,0.15229399967938662,1.8110779970884323,0.7172599993646145,5.261167590475679e-07
main,BBOB_F17,10,2,1,28,28,28,28,0.14409099984914064,1.8110779970884323,0.7172599993646145,5.261167590475679e-07
main,BBOB_F17,10,2,1,29,29,29,29,0.15229399967938662,1.8110779970884323,0.7172599993646145,5.261167590475679e-07
main,BBOB_F17,10,2,1,30,30,30,30,0.15317100146785378,1.8110779970884323,0.7172599993646145,5.261167590475679e-07
main,BBOB_F17,10,2,1,31,31,31,31,0.15404800325632095,1.8110779970884323,0.7172599993646145,5.261167590475679e-07
main,BBOB_F17,10,2,1,32,32,32,32,0.19275900162756443,1.8110779970884323,0.7172599993646145,5.261167590475679e-07
main,BBOB_F17,10,2,1,33,33,33,33,0.15404800325632095,1.8110779970884323,0.7172599993646145,5.261167590475679e-07
main,BBOB_F17,10,2,1,34,34,34,34,0.19229800160974264,1.8110779970884323,0.7172599993646145,5.261167590475679e-07
main,BBOB_F17,10,2,1,35,35,35,35,0.23054799996316433,1.8110779970884323,0.7172599993646145,5.261167590475679e-07
main,BBOB_F17,10,2,1,36,36,36,36,0.23100899998098612,1.86005300283432,0.7172599993646145,5.261167590475679e-07
main,BBOB_F17,10,2,1,37,37,37,37,0.2314699999988079,1.86005300283432,0.7172599993646145,5.261167590475679e-07
main,BBOB_F17,10,2,1,38,38,38,38,0.23151749977841973,1.86005300283432,0.7172599993646145,5.261167590475679e-07
main,BBOB_F17,10,2,1,39,39,39,39,0.23156499955803156,1.86005300283432,0.7172599993646145,5.261167590475679e-07
main,BBOB_F17,10,2,1,40,40,40,40,0.24260499933734536,1.86005300283432,0.7172599993646145,5.261167590475679e-07
main,BBOB_F17,10,2,1,41,41,41,41,0.23156499955803156,1.86005300283432,0.7172599993646145,5.261167590475679e-07
main,BBOB_F17,10,2,1,42,42,42,42,0.24260499933734536,1.86005300283432,0.7172599993646145,5.261167590475679e-07
main,BBOB_F17,10,2,1,43,43,43,43,0.25364499911665916,1.86005300283432,0.7172599993646145,5.261167590475679e-07
main,BBOB_F17,10,2,1,44,44,44,44,0.24260499933734536,1.86005300283432,0.7172599993646145,5.261167590475679e-07
main,BBOB_F17,10,2,1,45,45,45,45,0.25364499911665916,1.86005300283432,0.7172599993646145,5.261167590475679e-07
main,BBOB_F17,10,2,1,46,46,46,46,0.24260499933734536,1.86005300283432,0.7172599993646145,5.261167590475679e-07
main,BBOB_F17,10,2,1,47,47,47,47,0.25364499911665916,1.86005300283432,0.7172599993646145,5.261167590475679e-07
main,BBOB_F17,10,2,1,48,48,48,48,0.28288449998945,1.86005300283432,0.7172599993646145,5.261167590475679e-07
main,BBOB_F17,10,2,1,49,49,49,49,0.3121240008622408,1.86005300283432,0.7172599993646145,5.261167590475679e-07
main,BBOB_F17,10,2,1,50,50,50,50,0.3289150008931756,1.868655003607273,0.7172599993646145,5.261167590475679e-07
main,BBOB_F17,10,2,1,51,51,51,51,0.3457060009241104,1.868655003607273,0.7172599993646145,5.261167590475679e-07
main,BBOB_F17,10,2,1,52,52,52,52,0.3289150008931756,1.868655003607273,0.7172599993646145,5.261167590475679e-07
main,BBOB_F17,10,2,1,53,53,53,53,0.3121240008622408,1.868655003607273,0.7172599993646145,5.261167590475679e-07
main,BBOB_F17,10,2,1,54,54,54,54,0.3289150008931756,1.868655003607273,0.7172599993646145,5.261167590475679e-07
main,BBOB_F17,10,2,1,55,55,55,55,0.3457060009241104,1.868655003607273,0.7172599993646145,5.261167590475679e-07
main,BBOB_F17,10,2,1,56,56,56,56,0.3289150008931756,1.868655003607273,0.7172599993646145,5.261167590475679e-07
main,BBOB_F17,10,2,1,57,57,57,57,0.3457060009241104,1.868655003607273,0.7172599993646145,5.261167590475679e-07
main,BBOB_F17,10,2,1,58,58,58,58,0.35774700064212084,1.868655003607273,0.7172599993646145,5.261167590475679e-07
main,BBOB_F17,10,2,1,59,59,59,59,0.36978800036013126,1.868655003607273,0.7172599993646145,5.261167590475679e-07
main,BBOB_F17,10,2,1,60,60,60,60,0.35774700064212084,1.868655003607273,0.7172599993646145,5.261167590475679e-07
main,BBOB_F17,10,2,1,61,61,61,61,0.36978800036013126,1.868655003607273,0.7172599993646145,5.261167590475679e-07
main,BBOB_F17,10,2,1,62,62,62,62,0.35774700064212084,1.868655003607273,0.7172599993646145,5.261167590475679e-07
main,BBOB_F17,10,2,1,63,63,63,63,0.3481850028038025,1.868655003607273,0.7172599993646145,5.261167590475679e-07
main,BBOB_F17,10,2,1,64,64,64,64,0.3589865015819669,1.868655003607273,0.7172599993646145,5.261167590475679e-07
main,BBOB_F17,10,2,1,65,65,65,65,0.36978800036013126,1.868655003607273,0.7172599993646145,5.261167590475679e-07
main,BBOB_F17,10,2,1,66,66,66,66,0.3589865015819669,1.868655003607273,0.7172599993646145,5.261167590475679e-07
main,BBOB_F17,10,2,1,67,67,67,67,0.36978800036013126,1.868655003607273,0.7172599993646145,5.261167590475679e-07
main,BBOB_F17,10,2,1,68,68,68,68,0.38281500060111284,1.868655003607273,0.7172599993646145,5.261167590475679e-07
main,BBOB_F17,10,2,1,69,69,69,69,0.3958420008420944,1.868655003607273,0.7172599993646145,5.261167590475679e-07
main,BBOB_F17,10,2,1,70,70,70,70,0.4594090022146702,1.868655003607273,0.7172599993646145,5.261167590475679e-07
main,BBOB_F17,10,2,1,71,71,71,71,0.3958420008420944,1.868655003607273,0.7172599993646145,5.261167590475679e-07
main,BBOB_F17,10,2,1,72,72,72,72,0.4594090022146702,1.868655003607273,0.7172599993646145,5.261167590475679e-07
main,BBOB_F17,10,2,1,73,73,73,73,0.3958420008420944,1.868655003607273,0.7172599993646145,5.261167590475679e-07
main,BBOB_F17,10,2,1,74,74,74,74,0.4594090022146702,1.868655003607273,0.7172599993646145,5.261167590475679e-07
main,BBOB_F17,10,2,1,75,75,75,75,0.5229760035872459,1.868655003607273,0.7172599993646145,5.261167590475679e-07
main,BBOB_F17,10,2,1,76,76,76,76,0.4594090022146702,1.868655003607273,0.7172599993646145,5.261167590475679e-07
main,BBOB_F17,10,2,1,77,77,77,77,0.3958420008420944,1.868655003607273,0.7172599993646145,5.261167590475679e-07
main,BBOB_F17,10,2,1,78,78,78,78,0.38281500060111284,1.868655003607273,0.7172599993646145,5.261167590475679e-07
main,BBOB_F17,10,2,1,79,79,79,79,0.3958420008420944,3.263144001364708,0.7172599993646145,5.261167590475679e-07
main,BBOB_F17,10,2,1,80,80,80,80,0.4594090022146702,3.263144001364708,0.7172599993646145,5.261167590475679e-07
main,BBOB_F17,10,2,1,81,81,81,81,0.5229760035872459,3.263144001364708,0.7172599993646145,5.261167590475679e-07
main,BBOB_F17,10,2,1,82,82,82,82,0.4594090022146702,3.263144001364708,0.7172599993646145,5.261167590475679e-07
main,BBOB_F17,10,2,1,83,83,83,83,0.5229760035872459,3.263144001364708,0.7172599993646145,5.261167590475679e-07
main,BBOB_F17,10,2,1,84,84,84,84,0.5466880016028881,3.263144001364708,0.7172599993646145,5.261167590475679e-07
main,BBOB_F17,10,2,1,85,85,85,85,0.5703999996185303,3.263144001364708,0.7172599993646145,5.261167590475679e-07
main,BBOB_F17,10,2,1,86,86,86,86,0.6030649989843369,3.263144001364708,0.7172599993646145,5.261167590475679e-07
main,BBOB_F17,10,2,1,87,87,87,87,0.5703999996185303,3.263144001364708,0.7172599993646145,5.261167590475679e-07
main,BBOB_F17,10,2,1,88,88,88,88,0.5466880016028881,3.263144001364708,0.7172599993646145,5.261167590475679e-07
main,BBOB_F17,10,2,1,89,89,89,89,0.5381390005350113,3.263144001364708,0.7172599993646145,5.261167590475679e-07
main,BBOB_F17,10,2,1,90,90,90,90,0.5542695000767708,3.263144001364708,0.7172599993646145,5.261167590475679e-07
main,BBOB_F17,10,2,1,91,91,91,91,0.5703999996185303,3.263144001364708,0.7172599993646145,5.261167590475679e-07
main,BBOB_F17,10,2,1,92,92,92,92,0.6030649989843369,3.263144001364708,0.7172599993646145,5.261167590475679e-07
main,BBOB_F17,10,2,1,93,93,93,93,0.5703999996185303,3.263144001364708,0.7172599993646145,5.261167590475679e-07
main,BBOB_F17,10,2,1,94,94,94,94,0.5542695000767708,3.263144001364708,0.7172599993646145,5.261167590475679e-07
main,BBOB_F17,10,2,1,95,95,95,95,0.5703999996185303,3.263144001364708,0.7172599993646145,5.261167590475679e-07
main,BBOB_F17,10,2,1,96,96,96,96,0.5542695000767708,3.263144001364708,0.7172599993646145,5.261167590475679e-07
main,BBOB_F17,10,2,1,97,97,97,97,0.5381390005350113,3.263144001364708,0.7172599993646145,5.261167590475679e-07
main,BBOB_F17,10,2,1,98,98,98,98,0.5542695000767708,3.73233200609684,0.7172599993646145,5.261167590475679e-07
main,BBOB_F17,10,2,1,99,99,99,99,0.5703999996185303,3.73233200609684,0.7172599993646145,5.261167590475679e-07
main,BBOB_F17,10,2,1,100,100,100,100,0.6030649989843369,3.73233200609684,0.7172599993646145,5.261167590475679e-07
main,BBOB_F17,10,2,1,101,101,101,101,0.5703999996185303,3.73233200609684,0.7172599993646145,5.261167590475679e-07
main,BBOB_F17,10,2,1,102,102,102,102,0.6030649989843369,3.73233200609684,0.7172599993646145,5.261167590475679e-07
main,BBOB_F17,10,2,1,103,103,103,103,0.6357299983501434,3.73233200609684,0.7172599993646145,5.261167590475679e-07
main,BBOB_F17,10,2,1,104,104,104,104,0.6420070007443428,3.73233200609684,0.7172599993646145,5.261167590475679e-07
main,BBOB_F17,10,2,1,105,105,105,105,0.6357299983501434,3.73233200609684,0.7172599993646145,5.261167590475679e-07
main,BBOB_F17,10,2,1,106,106,106,106,0.6420070007443428,3.73233200609684,0.7172599993646145,5.261167590475679e-07
main,BBOB_F17,10,2,1,107,107,107,107,0.6482840031385422,3.73233200609684,0.7172599993646145,5.261167590475679e-07
main,BBOB_F17,10,2,1,108,108,108,108,0.655764002352953,3.73233200609684,0.7172599993646145,5.261167590475679e-07
main,BBOB_F17,10,2,1,109,109,109,109,0.6632440015673637,3.73233200609684,0.7172599993646145,5.261167590475679e-07
main,BBOB_F17,10,2,1,110,110,110,110,0.655764002352953,3.73233200609684,0.7172599993646145,5.261167590475679e-07
main,BBOB_F17,10,2,1,111,111,111,111,0.6632440015673637,3.73233200609684,0.7172599993646145,5.261167590475679e-07
main,BBOB_F17,10,2,1,112,112,112,112,0.6792789995670319,3.73233200609684,0.7172599993646145,5.261167590475679e-07
main,BBOB_F17,10,2,1,113,113,113,113,0.6953139975667,3.73233200609684,0.7172599993646145,5.261167590475679e-07
main,BBOB_F17,10,2,1,114,114,114,114,0.7212084978818893,3.73233200609684,0.7172599993646145,5.261167590475679e-07
main,BBOB_F17,10,2,1,115,115,115,115,0.7471029981970787,3.73233200609684,0.7172599993646145,5.261167590475679e-07
main,BBOB_F17,10,2,1,116,116,116,116,0.750280998647213,3.9435230046510696,0.7172599993646145,5.261167590475679e-07
main,BBOB_F17,10,2,1,117,117,117,117,0.7534589990973473,3.9435230046510696,0.7172599993646145,5.261167590475679e-07
main,BBOB_F17,10,2,1,118,118,118,118,0.750280998647213,3.9435230046510696,0.7172599993646145,5.261167590475679e-07
main,BBOB_F17,10,2,1,119,119,119,119,0.7471029981970787,3.9435230046510696,0.7172599993646145,5.261167590475679e-07
main,BBOB_F17,10,2,1,120,120,120,120,0.750280998647213,3.9435230046510696,0.7172599993646145,5.261167590475679e-07
main,BBOB_F17,10,2,1,121,121,121,121,0.7534589990973473,3.9435230046510696,0.7172599993646145,5.261167590475679e-07
main,BBOB_F17,10,2,1,122,122,122,122,0.750280998647213,3.9435230046510696,0.7172599993646145,5.261167590475679e-07
main,BBOB_F17,10,2,1,123,123,123,123,0.7471029981970787,3.9435230046510696,0.7172599993646145,5.261167590475679e-07
main,BBOB_F17,10,2,1,124,124,124,124,0.750280998647213,3.9435230046510696,0.7172599993646145,5.261167590475679e-07
main,BBOB_F17,10,2,1,125,125,125,125,0.7534589990973473,3.9435230046510696,0.7172599993646145,5.261167590475679e-07
main,BBOB_F17,10,2,1,126,126,126,126,0.750280998647213,3.9435230046510696,0.7172599993646145,5.261167590475679e-07
main,BBOB_F17,10,2,1,127,127,127,127,0.7471029981970787,3.9435230046510696,0.7172599993646145,5.261167590475679e-07
main,BBOB_F17,10,2,1,128,128,128,128,0.750280998647213,3.9435230046510696,0.7172599993646145,5.261167590475679e-07
main,BBOB_F17,10,2,1,129,129,129,129,0.7534589990973473,3.9518409967422485,0.7172599993646145,5.261167590475679e-07
main,BBOB_F17,10,2,1,130,130,130,130,0.7566144987940788,3.9518409967422485,0.7172599993646145,5.261167590475679e-07
main,BBOB_F17,10,2,1,131,131,131,131,0.7534589990973473,3.9518409967422485,0.7172599993646145,5.261167590475679e-07
main,BBOB_F17,10,2,1,132,132,132,132,0.7566144987940788,3.9518409967422485,0.7172599993646145,5.261167590475679e-07
main,BBOB_F17,10,2,1,133,133,133,133,0.7597699984908104,3.9518409967422485,0.7172599993646145,5.261167590475679e-07
main,BBOB_F17,10,2,1,134,134,134,134,0.7614594995975494,3.9518409967422485,0.7172599993646145,5.261167590475679e-07
main,BBOB_F17,10,2,1,135,135,135,135,0.7597699984908104,3.9518409967422485,0.7172599993646145,5.261167590475679e-07
main,BBOB_F17,10,2,1,136,136,136,136,0.7614594995975494,3.9518409967422485,0.7172599993646145,5.261167590475679e-07
main,BBOB_F17,10,2,1,137,137,137,137,0.7631490007042885,3.9518409967422485,0.7172599993646145,5.261167590475679e-07
main,BBOB_F17,10,2,1,138,138,138,138,0.810589000582695,3.9518409967422485,0.7172599993646145,5.261167590475679e-07
main,BBOB_F17,10,2,1,139,139,139,139,0.8580290004611015,3.9518409967422485,0.7172599993646145,5.261167590475679e-07
main,BBOB_F17,10,2,1,140,140,140,140,0.8820695020258427,3.9518409967422485,0.7172599993646145,5.261167590475679e-07
main,BBOB_F17,10,2,1,141,141,141,141,0.9061100035905838,3.9518409967422485,0.7172599993646145,5.261167590475679e-07
main,BBOB_F17,10,2,1,142,142,142,142,0.8820695020258427,3.9518409967422485,0.7172599993646145,5.261167590475679e-07
main,BBOB_F17,10,2,1,143,143,143,143,0.8580290004611015,3.9518409967422485,0.7172599993646145,5.261167590475679e-07
main,BBOB_F17,10,2,1,144,144,144,144,0.8820695020258427,3.9518409967422485,0.7172599993646145,5.261167590475679e-07
main,BBOB_F17,10,2,1,145,145,145,145,0.9061100035905838,3.9518409967422485,0.7172599993646145,5.261167590475679e-07
main,BBOB_F17,10,2,1,146,146,146,146,0.8820695020258427,3.9518409967422485,0.7172599993646145,5.261167590475679e-07
main,BBOB_F17,10,2,1,147,147,147,147,0.8580290004611015,3.9518409967422485,0.7172599993646145,5.261167590475679e-07
main,BBOB_F17,10,2,1,148,148,148,148,0.8820695020258427,3.9518409967422485,0.7172599993646145,5.261167590475679e-07
main,BBOB_F17,10,2,1,149,149,149,149,0.9061100035905838,3.9518409967422485,0.7172599993646145,5.261167590475679e-07
main,BBOB_F17,10,2,1,150,150,150,150,0.9103265032172203,3.9518409967422485,0.7172599993646145,5.261167590475679e-07
main,BBOB_F17,10,2,1,151,151,151,151,0.9145430028438568,3.9518409967422485,0.7172599993646145,5.261167590475679e-07
main,BBOB_F17,10,2,1,152,152,152,152,0.9103265032172203,3.9518409967422485,0.7172599993646145,5.261167590475679e-07
main,BBOB_F17,10,2,1,153,153,153,153,0.9145430028438568,3.9518409967422485,0.7172599993646145,5.261167590475679e-07
main,BBOB_F17,10,2,1,154,154,154,154,0.92960100248456,3.9518409967422485,0.7172599993646145,5.261167590475679e-07
main,BBOB_F17,10,2,1,155,155,155,155,0.9446590021252632,3.9518409967422485,0.7172599993646145,5.261167590475679e-07
main,BBOB_F17,10,2,1,156,156,156,156,0.9467799998819828,3.9518409967422485,0.7172599993646145,5.261167590475679e-07
main,BBOB_F17,10,2,1,157,157,157,157,0.9489009976387024,3.9518409967422485,0.7172599993646145,5.261167590475679e-07
main,BBOB_F17,10,2,1,158,158,158,158,0.9509174972772598,3.9518409967422485,0.7172599993646145,5.261167590475679e-07
main,BBOB_F17,10,2,1,159,159,159,159,0.9529339969158173,3.9518409967422485,0.7172599993646145,5.261167590475679e-07
main,BBOB_F17,10,2,1,160,160,160,160,0.9584254994988441,3.9518409967422485,0.7172599993646145,5.261167590475679e-07
main,BBOB_F17,10,2,1,161,161,161,161,0.9529339969158173,3.9518409967422485,0.7172599993646145,5.261167590475679e-07
main,BBOB_F17,10,2,1,162,162,162,162,0.9584254994988441,3.9518409967422485,0.7172599993646145,5.261167590475679e-07
main,BBOB_F17,10,2,1,163,163,163,163,0.963917002081871,3.9518409967422485,0.7172599993646145,5.261167590475679e-07
main,BBOB_F17,10,2,1,164,164,164,164,0.9720495007932186,3.9518409967422485,0.7172599993646145,5.261167590475679e-07
main,BBOB_F17,10,2,1,165,165,165,165,0.9801819995045662,3.9518409967422485,0.7172599993646145,5.261167590475679e-07
main,BBOB_F17,10,2,1,166,166,166,166,0.9809819981455803,3.9518409967422485,0.7172599993646145,5.261167590475679e-07
main,BBOB_F17,10,2,1,167,167,167,167,0.9817819967865944,3.9518409967422485,0.7172599993646145,5.261167590475679e-07
main,BBOB_F17,10,2,1,168,168,168,168,0.9809819981455803,3.9518409967422485,0.7172599993646145,5.261167590475679e-07
main,BBOB_F17,10,2,1,169,169,169,169,0.9817819967865944,3.9518409967422485,0.7172599993646145,5.261167590475679e-07
main,BBOB_F17,10,2,1,170,170,170,170,1.008551999926567,3.9518409967422485,0.7172599993646145,5.261167590475679e-07
main,BBOB_F17,10,2,1,171,171,171,171,1.0353220030665398,3.9518409967422485,0.7172599993646145,5.261167590475679e-07
main,BBOB_F17,10,2,1,172,172,172,172,1.0373790003359318,3.9518409967422485,0.7172599993646145,5.261167590475679e-07
main,BBOB_F17,10,2,1,173,173,173,173,1.0394359976053238,3.9518409967422485,0.7172599993646145,5.261167590475679e-07
main,BBOB_F17,10,2,1,174,174,174,174,1.0373790003359318,3.9518409967422485,0.7172599993646145,5.261167590475679e-07
main,BBOB_F17,10,2,1,175,175,175,175,1.0394359976053238,3.9518409967422485,0.7172599993646145,5.261167590475679e-07
main,BBOB_F17,10,2,1,176,176,176,176,1.0559399984776974,3.9518409967422485,0.7172599993646145,5.261167590475679e-07
main,BBOB_F17,10,2,1,177,177,177,177,1.072443999350071,3.9518409967422485,0.7172599993646145,5.261167590475679e-07
main,BBOB_F17,10,2,1,178,178,178,178,1.0559399984776974,3.9518409967422485,0.7172599993646145,5.261167590475679e-07
main,BBOB_F17,10,2,1,179,179,179,179,1.072443999350071,3.9518409967422485,0.7172599993646145,5.261167590475679e-07
main,BBOB_F17,10,2,1,180,180,180,180,1.0742715001106262,3.989436000585556,0.7172599993646145,5.261167590475679e-07
main,BBOB_F17,10,2,1,181,181,181,181,1.0760990008711815,3.989436000585556,0.7172599993646145,5.261167590475679e-07
main,BBOB_F17,10,2,1,182,182,182,182,1.0901415012776852,3.989436000585556,0.7172599993646145,5.261167590475679e-07
main,BBOB_F17,10,2,1,183,183,183,183,1.0760990008711815,3.989436000585556,0.7172599993646145,5.261167590475679e-07
main,BBOB_F17,10,2,1,184,184,184,184,1.0901415012776852,3.989436000585556,0.7172599993646145,5.261167590475679e-07
main,BBOB_F17,10,2,1,185,185,185,185,1.1041840016841888,3.989436000585556,0.7172599993646145,5.261167590475679e-07
main,BBOB_F17,10,2,1,186,186,186,186,1.1109425015747547,3.989436000585556,0.7172599993646145,5.261167590475679e-07
main,BBOB_F17,10,2,1,187,187,187,187,1.1041840016841888,3.989436000585556,0.7172599993646145,5.261167590475679e-07
main,BBOB_F17,10,2,1,188,188,188,188,1.1109425015747547,3.989436000585556,0.7172599993646145,5.261167590475679e-07
main,BBOB_F17,10,2,1,189,189,189,189,1.1041840016841888,3.989436000585556,0.7172599993646145,5.261167590475679e-07
main,BBOB_F17,10,2,1,190,190,190,190,1.0901415012776852,3.989436000585556,0.7172599993646145,5.261167590475679e-07
main,BBOB_F17,10,2,1,191,191,191,191,1.1041840016841888,3.989436000585556,0.7172599993646145,5.261167590475679e-07
main,BBOB_F17,10,2,1,192,192,192,192,1.1109425015747547,3.989436000585556,0.7172599993646145,5.261167590475679e-07
main,BBOB_F17,10,2,1,193,193,193,193,1.1041840016841888,3.989436000585556,0.7172599993646145,5.261167590475679e-07
main,BBOB_F17,10,2,1,194,194,194,194,1.1066035032272339,3.989436000585556,0.7172599993646145,5.261167590475679e-07
main,BBOB_F17,10,2,1,195,195,195,195,1.109023004770279,3.989436000585556,0.7172599993646145,5.261167590475679e-07
main,BBOB_F17,10,2,1,196,196,196,196,1.1133620031177998,3.989436000585556,0.7172599993646145,5.261167590475679e-07
main,BBOB_F17,10,2,1,197,197,197,197,1.109023004770279,3.989436000585556,0.7172599993646145,5.261167590475679e-07
main,BBOB_F17,10,2,1,198,198,198,198,1.1133620031177998,3.989436000585556,0.7172599993646145,5.261167590475679e-07
main,BBOB_F17,10,2,1,199,199,199,199,1.109023004770279,3.989436000585556,0.7172599993646145,5.261167590475679e-07
main,BBOB_F17,10,2,1,200,200,200,200,1.1133620031177998,3.989436000585556,0.7172599993646145,5.261167590475679e-07
main,BBOB_F22,10,2,1,1,1,1,1,0.0001010000123642385,0.0001010000123642385,0.0007179999956861138,7.42210595205961e-08
main,BBOB_F22,10,2,1,2,2,2,2,0.004900500003714114,0.00969999999506399,0.0022800000151619315,2.246133695149588e-07
main,BBOB_F22,10,2,1,3,3,3,3,0.0019249999895691872,0.00969999999506399,0.007247000001370907,3.420983495372454e-07
main,BBOB_F22,10,2,1,4,4,4,4,0.0012604999938048422,0.00969999999506399,0.007247000001370907,3.420983495372454e-07
main,BBOB_F22,10,2,1,5,5,5,5,0.0005959999980404973,0.00969999999506399,0.014232999994419515,3.420983495372454e-07
main,BBOB_F22,10,2,1,6,6,6,6,0.00047256249854399357,0.00969999999506399,0.014232999994419515,3.420983495372454e-07
main,BBOB_F22,10,2,1,7,7,7,7,0.0005959999980404973,0.00969999999506399,0.014232999994419515,4.114351504214131e-07
main,BBOB_F22,10,2,1,8,8,8,8,0.0005180000007385388,0.00969999999506399,0.014232999994419515,4.114351504214131e-07
main,BBOB_F22,10,2,1,9,9,9,9,0.0005959999980404973,0.00969999999506399,0.014232999994419515,4.114351504214131e-07
main,BBOB_F22,10,2,1,10,10,10,10,0.0010640000000421423,0.00969999999506399,0.014232999994419515,4.114351504214131e-07
main,BBOB_F22,10,2,1,11,11,11,11,0.0015320000020437874,0.00969999999506399,0.014232999994419515,4.114351504214131e-07
main,BBOB_F22,10,2,1,12,12,12,12,0.0016015000037441496,0.00969999999506399,0.014232999994419515,4.114351504214131e-07
main,BBOB_F22,10,2,1,13,13,13,13,0.0015320000020437874,0.00969999999506399,0.014232999994419515,4.114351504214131e-07
main,BBOB_F22,10,2,1,14,14,14,14,0.0010640000000421423,0.00969999999506399,0.014232999994419515,4.114351504214131e-07
main,BBOB_F22,10,2,1,15,15,15,15,0.0015320000020437874,0.00969999999506399,0.014232999994419515,4.114351504214131e-07
main,BBOB_F22,10,2,1,16,16,16,16,0.00129324999943492,0.00969999999506399,0.014808000007178634,4.114351504214131e-07
main,BBOB_F22,10,2,1,17,17,17,17,0.0015320000020437874,0.00969999999506399,0.014808000007178634,4.340898583088393e-07
main,BBOB_F22,10,2,1,18,18,18,18,0.00129324999943492,0.00969999999506399,0.014808000007178634,4.340898583088393e-07
main,BBOB_F22,10,2,1,19,19,19,19,0.0012677499980782159,0.00969999999506399,0.014808000007178634,4.340898583088393e-07
main,BBOB_F22,10,2,1,20,20,20,20,0.0013998750000610016,0.00969999999506399,0.014808000007178634,4.5466072855909756e-07
main,BBOB_F22,10,2,1,21,21,21,21,0.0015320000020437874,0.06798100005835295,0.014808000007178634,4.5466072855909756e-07
main,BBOB_F22,10,2,1,22,22,22,22,0.0013998750000610016,0.06798100005835295,0.014954000012949109,4.5466072855909756e-07
main,BBOB_F22,10,2,1,23,23,23,23,0.0012677499980782159,0.06798100005835295,0.014954000012949109,4.5466072855909756e-07
main,BBOB_F22,10,2,1,24,24,24,24,0.0013998750000610016,0.06798100005835295,0.014954000012949109,4.5466072855909756e-07
main,BBOB_F22,10,2,1,25,25,25,25,0.0012677499980782159,0.06798100005835295,0.014954000012949109,4.5466072855909756e-07
main,BBOB_F22,10,2,1,26,26,26,26,0.0011611249974521343,0.06798100005835295,0.014954000012949109,4.5466072855909756e-07
main,BBOB_F22,10,2,1,27,27,27,27,0.0012677499980782159,0.06798100005835295,0.014954000012949109,4.5466072855909756e-07
main,BBOB_F22,10,2,1,28,28,28,28,0.0013998750000610016,0.06798100005835295,0.014954000012949109,4.5466072855909756e-07
main,BBOB_F22,10,2,1,29,29,29,29,0.0012677499980782159,0.06798100005835295,0.014954000012949109,4.5466072855909756e-07
main,BBOB_F22,10,2,1,30,30,30,30,0.0013998750000610016,0.06798100005835295,0.014954000012949109,4.5466072855909756e-07
main,BBOB_F22,10,2,1,31,31,31,31,0.0012677499980782159,0.06798100005835295,0.014954000012949109,4.5466072855909756e-07
main,BBOB_F22,10,2,1,32,32,32,32,0.0011611249974521343,0.06798100005835295,0.014954000012949109,4.5466072855909756e-07
main,BBOB_F22,10,2,1,33,33,33,33,0.0010544999968260527,0.06798100005835295,0.014954000012949109,4.5466072855909756e-07
main,BBOB_F22,10,2,1,34,34,34,34,0.0009791249976842664,0.06798100005835295,0.014954000012949109,4.5466072855909756e-07
main,BBOB_F22,10,2,1,35,35,35,35,0.0010544999968260527,0.06798100005835295,0.014954000012949109,4.5466072855909756e-07
main,BBOB_F22,10,2,1,36,36,36,36,0.0009791249976842664,0.06798100005835295,0.014954000012949109,4.5466072855909756e-07
main,BBOB_F22,10,2,1,37,37,37,37,0.0009037499985424802,0.06798100005835295,0.014954000012949109,4.5466072855909756e-07
main,BBOB_F22,10,2,1,38,38,38,38,0.0009791249976842664,0.06798100005835295,0.01818100002128631,4.5466072855909756e-07
main,BBOB_F22,10,2,1,39,39,39,39,0.0009037499985424802,0.06798100005835295,0.01818100002128631,4.5466072855909756e-07
main,BBOB_F22,10,2,1,40,40,40,40,0.0009791249976842664,0.06798100005835295,0.01818100002128631,4.54689069756542e-07
main,BBOB_F22,10,2,1,41,41,41,41,0.0010544999968260527,0.06798100005835295,0.01818100002128631,4.54689069756542e-07
main,BBOB_F22,10,2,1,42,42,42,42,0.0010144999978365377,0.06798100005835295,0.01818100002128631,4.54689069756542e-07
main,BBOB_F22,10,2,1,43,43,43,43,0.0009744999988470227,0.06798100005835295,0.01818100002128631,4.54689069756542e-07
main,BBOB_F22,10,2,1,44,44,44,44,0.0009391249986947514,0.06798100005835295,0.01818100002128631,4.54689069756542e-07
main,BBOB_F22,10,2,1,45,45,45,45,0.000931249996938277,0.06798100005835295,0.01818100002128631,4.54689069756542e-07
main,BBOB_F22,10,2,1,46,46,46,46,0.0009528749978926498,0.06798100005835295,0.01818100002128631,4.54689069756542e-07
main,BBOB_F22,10,2,1,47,47,47,47,0.000931249996938277,0.06798100005835295,0.01818100002128631,4.54689069756542e-07
main,BBOB_F22,10,2,1,48,48,48,48,0.0009174999977403786,0.06798100005835295,0.01818100002128631,4.54689069756542e-07
main,BBOB_F22,10,2,1,49,49,49,49,0.0009037499985424802,0.06798100005835295,0.01818100002128631,4.54689069756542e-07
main,BBOB_F22,10,2,1,50,50,50,50,0.0009174999977403786,0.06798100005835295,0.02162699995096773,4.54689069756542e-07
main,BBOB_F22,10,2,1,51,51,51,51,0.000931249996938277,0.06798100005835295,0.02162699995096773,4.54689069756542e-07
main,BBOB_F22,10,2,1,52,52,52,52,0.0009528749978926498,0.11847099987789989,0.02162699995096773,4.54689069756542e-07
main,BBOB_F22,10,2,1,53,53,53,53,0.0009744999988470227,0.11847099987789989,0.02162699995096773,4.54689069756542e-07
main,BBOB_F22,10,2,1,54,54,54,54,0.0010144999978365377,0.11847099987789989,0.02162699995096773,4.54689069756542e-07
main,BBOB_F22,10,2,1,55,55,55,55,0.0010544999968260527,0.11847099987789989,0.02162699995096773,4.54689069756542e-07
main,BBOB_F22,10,2,1,56,56,56,56,0.0011611249974521343,0.11847099987789989,0.02162699995096773,4.54689069756542e-07
main,BBOB_F22,10,2,1,57,57,57,57,0.0012677499980782159,0.11847099987789989,0.02162699995096773,4.54689069756542e-07
main,BBOB_F22,10,2,1,58,58,58,58,0.0013257499995233957,0.11847099987789989,0.02204800001345575,4.54689069756542e-07
main,BBOB_F22,10,2,1,59,59,59,59,0.0013837500009685755,0.11847099987789989,0.02204800001345575,4.54689069756542e-07
main,BBOB_F22,10,2,1,60,60,60,60,0.0013257499995233957,0.11847099987789989,0.02204800001345575,4.661705435837771e-07
main,BBOB_F22,10,2,1,61,61,61,61,0.0013837500009685755,0.11847099987789989,0.02204800001345575,4.661705435837771e-07
main,BBOB_F22,10,2,1,62,62,62,62,0.0013257499995233957,0.11847099987789989,0.02204800001345575,4.661705435837771e-07
main,BBOB_F22,10,2,1,63,63,63,63,0.0013837500009685755,0.11847099987789989,0.02204800001345575,4.661705435837771e-07
main,BBOB_F22,10,2,1,64,64,64,64,0.0013257499995233957,0.11847099987789989,0.02204800001345575,4.93152637781602e-07
main,BBOB_F22,10,2,1,65,65,65,65,0.0012677499980782159,0.11847099987789989,0.02204800001345575,4.93152637781602e-07
main,BBOB_F22,10,2,1,66,66,66,66,0.0011611249974521343,0.11847099987789989,0.02204800001345575,4.93152637781602e-07
main,BBOB_F22,10,2,1,67,67,67,67,0.0012677499980782159,0.11847099987789989,0.029564999975264072,4.93152637781602e-07
main,BBOB_F22,10,2,1,68,68,68,68,0.0013257499995233957,0.11847099987789989,0.029564999975264072,4.93152637781602e-07
main,BBOB_F22,10,2,1,69,69,69,69,0.0012677499980782159,0.11847099987789989,0.029564999975264072,4.93152637781602e-07
main,BBOB_F22,10,2,1,70,70,70,70,0.0011611249974521343,0.11847099987789989,0.029564999975264072,4.93152637781602e-07
main,BBOB_F22,10,2,1,71,71,71,71,0.0012677499980782159,0.11847099987789989,0.029564999975264072,4.93152637781602e-07
main,BBOB_F22,10,2,1,72,72,72,72,0.0011611249974521343,0.11847099987789989,0.029564999975264072,4.93152637781602e-07
main,BBOB_F22,10,2,1,73,73,73,73,0.0010544999968260527,0.11847099987789989,0.029564999975264072,4.93152637781602e-07
main,BBOB_F22,10,2,1,74,74,74,74,0.0010144999978365377,0.11847099987789989,0.029564999975264072,4.93152637781602e-07
main,BBOB_F22,10,2,1,75,75,75,75,0.0010544999968260527,0.11847099987789989,0.029564999975264072,4.93152637781602e-07
main,BBOB_F22,10,2,1,76,76,76,76,0.0010144999978365377,0.11847099987789989,0.029564999975264072,4.93152637781602e-07
main,BBOB_F22,10,2,1,77,77,77,77,0.0010544999968260527,0.12062099995091558,0.029564999975264072,5.21942357778471e-07
main,BBOB_F22,10,2,1,78,78,78,78,0.0010144999978365377,0.12062099995091558,0.029564999975264072,5.21942357778471e-07
main,BBOB_F22,10,2,1,79,79,79,79,0.0009744999988470227,0.12062099995091558,0.029564999975264072,5.21942357778471e-07
main,BBOB_F22,10,2,1,80,80,80,80,0.0010144999978365377,0.12062099995091558,0.029564999975264072,5.21942357778471e-07
main,BBOB_F22,10,2,1,81,81,81,81,0.0009744999988470227,0.12062099995091558,0.029564999975264072,5.21942357778471e-07
main,BBOB_F22,10,2,1,82,82,82,82,0.0010144999978365377,0.12062099995091558,0.029564999975264072,5.21942357778471e-07
main,BBOB_F22,10,2,1,83,83,83,83,0.0009744999988470227,0.12062099995091558,0.029564999975264072,5.21942357778471e-07
main,BBOB_F22,10,2,1,84,84,84,84,0.0010144999978365377,0.12062099995091558,0.029564999975264072,5.21942357778471e-07
main,BBOB_F22,10,2,1,85,85,85,85,0.0010544999968260527,0.12062099995091558,0.029564999975264072,5.21942357778471e-07
main,BBOB_F22,10,2,1,86,86,86,86,0.0010144999978365377,0.12062099995091558,0.029564999975264072,5.21942357778471e-07
main,BBOB_F22,10,2,1,87,87,87,87,0.0010544999968260527,0.12062099995091558,0.029564999975264072,5.21942357778471e-07
main,BBOB_F22,10,2,1,88,88,88,88,0.0010144999978365377,0.12062099995091558,0.029564999975264072,5.21942357778471e-07
main,BBOB_F22,10,2,1,89,89,89,89,0.0009744999988470227,0.12062099995091558,0.029564999975264072,5.21942357778471e-07
main,BBOB_F22,10,2,1,90,90,90,90,0.0010144999978365377,0.12062099995091558,0.029564999975264072,5.21942357778471e-07
main,BBOB_F22,10,2,1,91,91,91,91,0.0009744999988470227,0.12062099995091558,0.029564999975264072,5.21942357778471e-07
main,BBOB_F22,10,2,1,92,92,92,92,0.0010144999978365377,0.12062099995091558,0.029564999975264072,5.21942357778471e-07
main,BBOB_F22,10,2,1,93,93,93,93,0.0010544999968260527,0.12062099995091558,0.029564999975264072,5.21942357778471e-07
main,BBOB_F22,10,2,1,94,94,94,94,0.0011611249974521343,0.12062099995091558,0.029564999975264072,5.21942357778471e-07
main,BBOB_F22,10,2,1,95,95,95,95,0.0010544999968260527,0.12062099995091558,0.029564999975264072,5.21942357778471e-07
main,BBOB_F22,10,2,1,96,96,96,96,0.0010144999978365377,0.12062099995091558,0.029564999975264072,5.21942357778471e-07
main,BBOB_F22,10,2,1,97,97,97,97,0.0010544999968260527,0.12062099995091558,0.029564999975264072,5.21942357778471e-07
main,BBOB_F22,10,2,1,98,98,98,98,0.0010144999978365377,0.12062099995091558,0.029564999975264072,5.21942357778471e-07
main,BBOB_F22,10,2,1,99,99,99,99,0.0010544999968260527,0.12062099995091558,0.029564999975264072,5.21942357778471e-07
main,BBOB_F22,10,2,1,100,100,100,100,0.0011611249974521343,0.12062099995091558,0.029564999975264072,5.21942357778471e-07
main,BBOB_F22,10,2,1,101,101,101,101,0.0010544999968260527,0.12062099995091558,0.029564999975264072,5.21942357778471e-07
main,BBOB_F22,10,2,1,102,102,102,102,0.0011611249974521343,0.12062099995091558,0.029564999975264072,5.21942357778471e-07
main,BBOB_F22,10,2,1,103,103,103,103,0.0010544999968260527,0.12062099995091558,0.029564999975264072,5.21942357778471e-07
main,BBOB_F22,10,2,1,104,104,104,104,0.0011611249974521343,0.12062099995091558,0.029564999975264072,5.21942357778471e-07
main,BBOB_F22,10,2,1,105,105,105,105,0.0010544999968260527,0.12062099995091558,0.029564999975264072,5.21942357778471e-07
main,BBOB_F22,10,2,1,106,106,106,106,0.0010144999978365377,0.12062099995091558,0.029564999975264072,5.21942357778471e-07
main,BBOB_F22,10,2,1,107,107,107,107,0.0010544999968260527,0.12062099995091558,0.029564999975264072,5.21942357778471e-07
main,BBOB_F22,10,2,1,108,108,108,108,0.0011611249974521343,0.12062099995091558,0.029564999975264072,5.21942357778471e-07
main,BBOB_F22,10,2,1,109,109,109,109,0.0010544999968260527,0.12062099995091558,0.029564999975264072,5.21942357778471e-07
main,BBOB_F22,10,2,1,110,110,110,110,0.0010144999978365377,0.12062099995091558,0.029564999975264072,5.21942357778471e-07
main,BBOB_F22,10,2,1,111,111,111,111,0.0010544999968260527,0.12062099995091558,0.029564999975264072,5.21942357778471e-07
main,BBOB_F22,10,2,1,112,112,112,112,0.0011611249974521343,0.12062099995091558,0.029564999975264072,5.21942357778471e-07
main,BBOB_F22,10,2,1,113,113,113,113,0.0012677499980782159,0.12062099995091558,0.029564999975264072,5.21942357778471e-07
main,BBOB_F22,10,2,1,114,114,114,114,0.0011611249974521343,0.12062099995091558,0.029564999975264072,5.21942357778471e-07
main,BBOB_F22,10,2,1,115,115,115,115,0.0012677499980782159,0.12348200008273125,0.029564999975264072,5.21942357778471e-07
main,BBOB_F22,10,2,1,116,116,116,116,0.0013257499995233957,0.12348200008273125,0.029564999975264072,5.21942357778471e-07
main,BBOB_F22,10,2,1,117,117,117,117,0.0013837500009685755,0.12348200008273125,0.029564999975264072,5.21942357778471e-07
main,BBOB_F22,10,2,1,118,118,118,118,0.0013257499995233957,0.12348200008273125,0.029564999975264072,5.21942357778471e-07
main,BBOB_F22,10,2,1,119,119,119,119,0.0013837500009685755,0.12348200008273125,0.029564999975264072,5.21942357778471e-07
main,BBOB_F22,10,2,1,120,120,120,120,0.0014443750005739275,0.12348200008273125,0.029564999975264072,5.21942357778471e-07
main,BBOB_F22,10,2,1,121,121,121,121,0.0015050000001792796,0.12348200008273125,0.030186000047251582,5.21942357778471e-07
main,BBOB_F22,10,2,1,122,122,122,122,0.0015185000011115335,0.12348200008273125,0.030186000047251582,5.21942357778471e-07
main,BBOB_F22,10,2,1,123,123,123,123,0.0015320000020437874,0.12348200008273125,0.030186000047251582,5.21942357778471e-07
main,BBOB_F22,10,2,1,124,124,124,124,0.0015644999111827929,0.12348200008273125,0.030186000047251582,5.21942357778471e-07
main,BBOB_F22,10,2,1,125,125,125,125,0.0015969998203217983,0.12348200008273125,0.030186000047251582,5.21942357778471e-07
main,BBOB_F22,10,2,1,126,126,126,126,0.0016098749110824428,0.12348200008273125,0.030186000047251582,5.21942357778471e-07
main,BBOB_F22,10,2,1,127,127,127,127,0.0016227500018430874,0.12348200008273125,0.030186000047251582,5.21942357778471e-07
main,BBOB_F22,10,2,1,128,128,128,128,0.0016468750036437996,0.12348200008273125,0.030186000047251582,5.21942357778471e-07
main,BBOB_F22,10,2,1,129,129,129,129,0.0016710000054445118,0.12348200008273125,0.030186000047251582,5.21942357778471e-07
main,BBOB_F22,10,2,1,130,130,130,130,0.0016468750036437996,0.12348200008273125,0.030186000047251582,5.21942357778471e-07
main,BBOB_F22,10,2,1,131,131,131,131,0.0016710000054445118,0.12348200008273125,0.030186000047251582,5.21942357778471e-07
main,BBOB_F22,10,2,1,132,132,132,132,0.001719875002891058,0.12348200008273125,0.030186000047251582,5.21942357778471e-07
main,BBOB_F22,10,2,1,133,133,133,133,0.0017687500003376044,0.12348200008273125,0.030186000047251582,5.21942357778471e-07
main,BBOB_F22,10,2,1,134,134,134,134,0.0018468749949533958,0.12348200008273125,0.030186000047251582,5.21942357778471e-07
main,BBOB_F22,10,2,1,135,135,135,135,0.0019249999895691872,0.12348200008273125,0.030186000047251582,5.21942357778471e-07
main,BBOB_F22,10,2,1,136,136,136,136,0.0018468749949533958,0.12348200008273125,0.030186000047251582,5.21942357778471e-07
main,BBOB_F22,10,2,1,137,137,137,137,0.0019249999895691872,0.12348200008273125,0.030186000047251582,5.21942357778471e-07
main,BBOB_F22,10,2,1,138,138,138,138,0.0021599999963655137,0.12348200008273125,0.030186000047251582,5.21942357778471e-07
main,BBOB_F22,10,2,1,139,139,139,139,0.0019249999895691872,0.12348200008273125,0.030186000047251582,5.21942357778471e-07
main,BBOB_F22,10,2,1,140,140,140,140,0.0018468749949533958,0.12348200008273125,0.030186000047251582,5.21942357778471e-07
main,BBOB_F22,10,2,1,141,141,141,141,0.0019249999895691872,0.12348200008273125,0.030186000047251582,5.21942357778471e-07
main,BBOB_F22,10,2,1,142,142,142,142,0.0018468749949533958,0.12348200008273125,0.030186000047251582,5.21942357778471e-07
main,BBOB_F22,10,2,1,143,143,143,143,0.0019249999895691872,0.12348200008273125,0.030186000047251582,5.21942357778471e-07
main,BBOB_F22,10,2,1,144,144,144,144,0.0021599999963655137,0.12348200008273125,0.030186000047251582,5.21942357778471e-07
main,BBOB_F22,10,2,1,145,145,145,145,0.00239500000316184,0.12348200008273125,0.030186000047251582,5.21942357778471e-07
main,BBOB_F22,10,2,1,146,146,146,146,0.002415250004560221,0.12348200008273125,0.030186000047251582,5.21942357778471e-07
main,BBOB_F22,10,2,1,147,147,147,147,0.002435500005958602,0.12348200008273125,0.030186000047251582,5.21942357778471e-07
main,BBOB_F22,10,2,1,148,148,148,148,0.0024395000000367872,0.12348200008273125,0.030186000047251582,5.21942357778471e-07
main,BBOB_F22,10,2,1,149,149,149,149,0.0024434999941149727,0.12348200008273125,0.030186000047251582,5.21942357778471e-07
main,BBOB_F22,10,2,1,150,150,150,150,0.0024594999995315447,0.12348200008273125,0.030186000047251582,5.21942357778471e-07
main,BBOB_F22,10,2,1,151,151,151,151,0.002475500004948117,0.12348200008273125,0.030186000047251582,5.21942357778471e-07
main,BBOB_F22,10,2,1,152,152,152,152,0.0024594999995315447,0.12348200008273125,0.030186000047251582,5.21942357778471e-07
main,BBOB_F22,10,2,1,153,153,153,153,0.0024434999941149727,0.12348200008273125,0.030186000047251582,5.21942357778471e-07
main,BBOB_F22,10,2,1,154,154,154,154,0.0024594999995315447,0.12348200008273125,0.030186000047251582,5.21942357778471e-07
main,BBOB_F22,10,2,1,155,155,155,155,0.002475500004948117,0.12348200008273125,0.030186000047251582,5.21942357778471e-07
main,BBOB_F22,10,2,1,156,156,156,156,0.0027677499965648167,0.12348200008273125,0.030186000047251582,5.21942357778471e-07
main,BBOB_F22,10,2,1,157,157,157,157,0.0030599999881815165,0.12348200008273125,0.030186000047251582,5.21942357778471e-07
main,BBOB_F22,10,2,1,158,158,158,158,0.003190499992342666,0.12348200008273125,0.030186000047251582,5.21942357778471e-07
main,BBOB_F22,10,2,1,159,159,159,159,0.003320999996503815,0.12348200008273125,0.030186000047251582,5.21942357778471e-07
main,BBOB_F22,10,2,1,160,160,160,160,0.003408999997191131,0.12348200008273125,0.030186000047251582,5.21942357778471e-07
main,BBOB_F22,10,2,1,161,161,161,161,0.003320999996503815,0.12348200008273125,0.030186000047251582,5.21942357778471e-07
main,BBOB_F22,10,2,1,162,162,162,162,0.003190499992342666,0.12348200008273125,0.030186000047251582,5.21942357778471e-07
main,BBOB_F22,10,2,1,163,163,163,163,0.003320999996503815,0.12348200008273125,0.030186000047251582,5.21942357778471e-07
main,BBOB_F22,10,2,1,164,164,164,164,0.003408999997191131,0.12348200008273125,0.030186000047251582,5.21942357778471e-07
main,BBOB_F22,10,2,1,165,165,165,165,0.003320999996503815,0.12348200008273125,0.030186000047251582,5.21942357778471e-07
main,BBOB_F22,10,2,1,166,166,166,166,0.003408999997191131,0.12348200008273125,0.030186000047251582,5.21942357778471e-07
main,BBOB_F22,10,2,1,167,167,167,167,0.003496999997878447,0.12348200008273125,0.030186000047251582,5.21942357778471e-07
main,BBOB_F22,10,2,1,168,168,168,168,0.0035632500002975576,0.12348200008273125,0.030186000047251582,5.21942357778471e-07
main,BBOB_F22,10,2,1,169,169,169,169,0.003496999997878447,0.12348200008273125,0.030186000047251582,5.21942357778471e-07
main,BBOB_F22,10,2,1,170,170,170,170,0.0035632500002975576,0.12348200008273125,0.030186000047251582,5.21942357778471e-07
main,BBOB_F22,10,2,1,171,171,171,171,0.003629500002716668,0.12348200008273125,0.030186000047251582,5.21942357778471e-07
main,BBOB_F22,10,2,1,172,172,172,172,0.003846749990771059,0.12348200008273125,0.030186000047251582,5.21942357778471e-07
main,BBOB_F22,10,2,1,173,173,173,173,0.00406399997882545,0.12348200008273125,0.030186000047251582,5.21942357778471e-07
main,BBOB_F22,10,2,1,174,174,174,174,0.004385999985970557,0.12348200008273125,0.030186000047251582,5.21942357778471e-07
main,BBOB_F22,10,2,1,175,175,175,175,0.00406399997882545,0.12348200008273125,0.030186000047251582,5.21942357778471e-07
main,BBOB_F22,10,2,1,176,176,176,176,0.003846749990771059,0.12348200008273125,0.030186000047251582,5.21942357778471e-07
main,BBOB_F22,10,2,1,177,177,177,177,0.00406399997882545,0.12348200008273125,0.030186000047251582,5.21942357778471e-07
main,BBOB_F22,10,2,1,178,178,178,178,0.004385999985970557,0.12348200008273125,0.030186000047251582,5.21942357778471e-07
main,BBOB_F22,10,2,1,179,179,179,179,0.0047079999931156635,0.12348200008273125,0.030186000047251582,5.21942357778471e-07
main,BBOB_F22,10,2,1,180,180,180,180,0.004385999985970557,0.12348200008273125,0.030186000047251582,5.21942357778471e-07
main,BBOB_F22,10,2,1,181,181,181,181,0.0047079999931156635,0.12348200008273125,0.030186000047251582,5.21942357778471e-07
main,BBOB_F22,10,2,1,182,182,182,182,0.004385999985970557,0.12348200008273125,0.030186000047251582,5.21942357778471e-07
main,BBOB_F22,10,2,1,183,183,183,183,0.00406399997882545,0.12348200008273125,0.030186000047251582,5.21942357778471e-07
main,BBOB_F22,10,2,1,184,184,184,184,0.004385999985970557,0.12348200008273125,0.030186000047251582,5.21942357778471e-07
main,BBOB_F22,10,2,1,185,185,185,185,0.00406399997882545,0.12348200008273125,0.030186000047251582,5.21942357778471e-07
main,BBOB_F22,10,2,1,186,186,186,186,0.004385999985970557,0.12348200008273125,0.030186000047251582,5.21942357778471e-07
main,BBOB_F22,10,2,1,187,187,187,187,0.0047079999931156635,0.12348200008273125,0.030186000047251582,5.21942357778471e-07
main,BBOB_F22,10,2,1,188,188,188,188,0.004850999976042658,0.12348200008273125,0.030186000047251582,5.21942357778471e-07
main,BBOB_F22,10,2,1,189,189,189,189,0.0047079999931156635,0.12348200008273125,0.030186000047251582,5.21942357778471e-07
main,BBOB_F22,10,2,1,190,190,190,190,0.004850999976042658,0.12348200008273125,0.030186000047251582,5.21942357778471e-07
main,BBOB_F22,10,2,1,191,191,191,191,0.004993999958969653,0.12348200008273125,0.030186000047251582,5.21942357778471e-07
main,BBOB_F22,10,2,1,192,192,192,192,0.005236999975750223,0.12348200008273125,0.030186000047251582,5.21942357778471e-07
main,BBOB_F22,10,2,1,193,193,193,193,0.005479999992530793,0.12348200008273125,0.030186000047251582,5.21942357778471e-07
main,BBOB_F22,10,2,1,194,194,194,194,0.00562249994254671,0.12348200008273125,0.030186000047251582,5.21942357778471e-07
main,BBOB_F22,10,2,1,195,195,195,195,0.005764999892562628,0.12348200008273125,0.030186000047251582,5.21942357778471e-07
main,BBOB_F22,10,2,1,196,196,196,196,0.005801499952212907,0.12348200008273125,0.030186000047251582,5.21942357778471e-07
main,BBOB_F22,10,2,1,197,197,197,197,0.005764999892562628,0.12348200008273125,0.030186000047251582,5.21942357778471e-07
main,BBOB_F22,10,2,1,198,198,198,198,0.00562249994254671,0.12348200008273125,0.030186000047251582,5.21942357778471e-07
main,BBOB_F22,10,2,1,199,199,199,199,0.005764999892562628,0.12348200008273125,0.030186000047251582,5.21942357778471e-07
main,BBOB_F22,10,2,1,200,200,200,200,0.005801499952212907,0.12348200008273125,0.030186000047251582,5.21942357778471e-07
main,BBOB_F37,10,2,1,1,1,1,1,4.4343750005282345e-05,4.4343750005282345e-05,2.7859374995387043e-05,8.36279767657544e-08
main,BBOB_F37,10,2,1,2,2,2,2,5.160546879778849e-05,5.8867187590294634e-05,4.0382812585448846e-05,4.123301295955173e-07
main,BBOB_F37,10,2,1,3,3,3,3,5.336718754733738e-05,5.8867187590294634e-05,4.0382812585448846e-05,4.123301295955173e-07
main,BBOB_F37,10,2,1,4,4,4,4,4.885546877630986e-05,5.8867187590294634e-05,4.0382812585448846e-05,4.6184478108557414e-07
main,BBOB_F37,10,2,1,5,5,5,5,4.4343750005282345e-05,5.8867187590294634e-05,4.0382812585448846e-05,4.6184478108557414e-07
main,BBOB_F37,10,2,1,6,6,6,6,4.378124992854282e-05,5.8867187590294634e-05,4.0382812585448846e-05,4.625615607212197e-07
main,BBOB_F37,10,2,1,7,7,7,7,4.3218749851803295e-05,5.8867187590294634e-05,4.0382812585448846e-05,4.625615607212197e-07
main,BBOB_F37,10,2,1,8,8,8,8,4.000390617875382e-05,5.8867187590294634e-05,4.0382812585448846e-05,4.625615607212197e-07
main,BBOB_F37,10,2,1,9,9,9,9,3.678906250570435e-05,5.8867187590294634e-05,4.0382812585448846e-05,4.625615607212197e-07
main,BBOB_F37,10,2,1,10,10,10,10,4.000390617875382e-05,5.8867187590294634e-05,4.0382812585448846e-05,4.625615607212197e-07
main,BBOB_F37,10,2,1,11,11,11,11,4.3218749851803295e-05,9.610937513571116e-05,4.142187503930472e-05,4.625615607212197e-07
main,BBOB_F37,10,2,1,12,12,12,12,4.000390617875382e-05,9.610937513571116e-05,4.142187503930472e-05,4.625615607212197e-07
main,BBOB_F37,10,2,1,13,13,13,13,3.678906250570435e-05,9.610937513571116e-05,4.142187503930472e-05,4.625615607212197e-07
main,BBOB_F37,10,2,1,14,14,14,14,4.000390617875382e-05,9.610937513571116e-05,4.142187503930472e-05,4.625615607212197e-07
main,BBOB_F37,10,2,1,15,15,15,15,4.3218749851803295e-05,9.610937513571116e-05,4.142187503930472e-05,4.625615607212197e-07
main,BBOB_F37,10,2,1,16,16,16,16,4.378124992854282e-05,9.610937513571116e-05,4.142187503930472e-05,4.625615607212197e-07
main,BBOB_F37,10,2,1,17,17,17,17,4.3218749851803295e-05,9.610937513571116e-05,4.142187503930472e-05,4.625615607212197e-07
main,BBOB_F37,10,2,1,18,18,18,18,4.097656244539394e-05,9.610937513571116e-05,4.142187503930472e-05,4.625615607212197e-07
main,BBOB_F37,10,2,1,19,19,19,19,4.3218749851803295e-05,0.0001986562501770095,0.0001064375001078588,4.625615607212197e-07
main,BBOB_F37,10,2,1,20,20,20,20,4.378124992854282e-05,0.0001986562501770095,0.0001064375001078588,4.625615607212197e-07
main,BBOB_F37,10,2,1,21,21,21,21,4.3218749851803295e-05,0.0001986562501770095,0.0001064375001078588,4.86342406680329e-07
main,BBOB_F37,10,2,1,22,22,22,22,4.097656244539394e-05,0.0001986562501770095,0.0001064375001078588,4.86342406680329e-07
main,BBOB_F37,10,2,1,23,23,23,23,4.3218749851803295e-05,0.00021890624975640094,0.0001064375001078588,4.86342406680329e-07
main,BBOB_F37,10,2,1,24,24,24,24,4.097656244539394e-05,0.00021890624975640094,0.0001064375001078588,4.86342406680329e-07
main,BBOB_F37,10,2,1,25,25,25,25,4.3218749851803295e-05,0.00021890624975640094,0.0001064375001078588,4.86342406680329e-07
main,BBOB_F37,10,2,1,26,26,26,26,4.097656244539394e-05,0.00021890624975640094,0.0001064375001078588,4.86342406680329e-07
main,BBOB_F37,10,2,1,27,27,27,27,4.3218749851803295e-05,0.00021890624975640094,0.0001064375001078588,4.86342406680329e-07
main,BBOB_F37,10,2,1,28,28,28,28,4.378124992854282e-05,0.00021890624975640094,0.0001064375001078588,4.86342406680329e-07
main,BBOB_F37,10,2,1,29,29,29,29,4.4343750005282345e-05,0.00021890624975640094,0.0001064375001078588,4.86342406680329e-07
main,BBOB_F37,10,2,1,30,30,30,30,4.5453125039784936e-05,0.00021890624975640094,0.0001064375001078588,4.86342406680329e-07
main,BBOB_F37,10,2,1,31,31,31,31,4.656250007428753e-05,0.00021890624975640094,0.00011117187477793777,4.86342406680329e-07
main,BBOB_F37,10,2,1,32,32,32,32,4.5453125039784936e-05,0.00021890624975640094,0.00011117187477793777,4.86342406680329e-07
main,BBOB_F37,10,2,1,33,33,33,33,4.656250007428753e-05,0.00023068750033417018,0.00011117187477793777,4.86342406680329e-07
main,BBOB_F37,10,2,1,34,34,34,34,4.5453125039784936e-05,0.00023068750033417018,0.00011117187477793777,4.86342406680329e-07
main,BBOB_F37,10,2,1,35,35,35,35,4.656250007428753e-05,0.00023068750033417018,0.00011117187477793777,4.86342406680329e-07
main,BBOB_F37,10,2,1,36,36,36,36,4.8984375212057785e-05,0.00023068750033417018,0.00011117187477793777,4.86342406680329e-07
main,BBOB_F37,10,2,1,37,37,37,37,5.140625034982804e-05,0.00023068750033417018,0.00011117187477793777,4.86342406680329e-07
main,BBOB_F37,10,2,1,38,38,38,38,5.238671894858271e-05,0.00023068750033417018,0.00011117187477793777,4.86342406680329e-07
main,BBOB_F37,10,2,1,39,39,39,39,5.336718754733738e-05,0.00023068750033417018,0.00011117187477793777,4.86342406680329e-07
main,BBOB_F37,10,2,1,40,40,40,40,5.368359381918708e-05,0.00027656249949359335,0.00011117187477793777,4.86342406680329e-07
main,BBOB_F37,10,2,1,41,41,41,41,5.400000009103678e-05,0.00027656249949359335,0.00011224999980186112,4.86342406680329e-07
main,BBOB_F37,10,2,1,42,42,42,42,5.517187503301102e-05,0.0002771875006146729,0.00011224999980186112,4.86342406680329e-07
main,BBOB_F37,10,2,1,43,43,43,43,5.634374997498526e-05,0.0002771875006146729,0.00011224999980186112,4.86342406680329e-07
main,BBOB_F37,10,2,1,44,44,44,44,5.517187503301102e-05,0.0002771875006146729,0.00011224999980186112,4.86342406680329e-07
main,BBOB_F37,10,2,1,45,45,45,45,5.400000009103678e-05,0.0002771875006146729,0.00011224999980186112,4.86342406680329e-07
main,BBOB_F37,10,2,1,46,46,46,46,5.368359381918708e-05,0.0002771875006146729,0.00011224999980186112,4.86342406680329e-07
main,BBOB_F37,10,2,1,47,47,47,47,5.336718754733738e-05,0.0002771875006146729,0.00011224999980186112,4.86342406680329e-07
main,BBOB_F37,10,2,1,48,48,48,48,5.238671894858271e-05,0.0002771875006146729,0.00011224999980186112,4.86342406680329e-07
main,BBOB_F37,10,2,1,49,49,49,49,5.336718754733738e-05,0.0002771875006146729,0.00011224999980186112,4.86342406680329e-07
main,BBOB_F37,10,2,1,50,50,50,50,5.368359381918708e-05,0.00040787500074657146,0.00011825000001408625,4.86342406680329e-07
main,BBOB_F37,10,2,1,51,51,51,51,5.400000009103678e-05,0.00040787500074657146,0.00011825000001408625,4.86342406680329e-07
main,BBOB_F37,10,2,1,52,52,52,52,5.517187503301102e-05,0.00040787500074657146,0.00011825000001408625,4.86342406680329e-07
main,BBOB_F37,10,2,1,53,53,53,53,5.400000009103678e-05,0.00040787500074657146,0.00011825000001408625,4.86342406680329e-07
main,BBOB_F37,10,2,1,54,54,54,54,5.368359381918708e-05,0.00040787500074657146,0.00011825000001408625,4.86342406680329e-07
main,BBOB_F37,10,2,1,55,55,55,55,5.336718754733738e-05,0.00040787500074657146,0.00011825000001408625,4.86342406680329e-07
main,BBOB_F37,10,2,1,56,56,56,56,5.238671894858271e-05,0.00040787500074657146,0.00011825000001408625,4.86342406680329e-07
main,BBOB_F37,10,2,1,57,57,57,57,5.140625034982804e-05,0.00040787500074657146,0.00011825000001408625,4.86342406680329e-07
main,BBOB_F37,10,2,1,58,58,58,58,5.1281250193824235e-05,0.00040787500074657146,0.00011825000001408625,4.86342406680329e-07
main,BBOB_F37,10,2,1,59,59,59,59,5.140625034982804e-05,0.00040787500074657146,0.00012082812509106589,4.86342406680329e-07
main,BBOB_F37,10,2,1,60,60,60,60,5.238671894858271e-05,0.00048318749941245187,0.00012082812509106589,4.86342406680329e-07
main,BBOB_F37,10,2,1,61,61,61,61,5.140625034982804e-05,0.00048318749941245187,0.00012082812509106589,4.86342406680329e-07
main,BBOB_F37,10,2,1,62,62,62,62,5.1281250193824235e-05,0.00048318749941245187,0.00012082812509106589,4.86342406680329e-07
main,BBOB_F37,10,2,1,63,63,63,63,5.140625034982804e-05,0.00048318749941245187,0.00012082812509106589,4.86342406680329e-07
main,BBOB_F37,10,2,1,64,64,64,64,5.1281250193824235e-05,0.00048318749941245187,0.00012082812509106589,4.86342406680329e-07
main,BBOB_F37,10,2,1,65,65,65,65,5.115625003782043e-05,0.00048318749941245187,0.00012082812509106589,4.86342406680329e-07
main,BBOB_F37,10,2,1,66,66,66,66,5.046875003245077e-05,0.00048318749941245187,0.00012082812509106589,4.86342406680329e-07
main,BBOB_F37,10,2,1,67,67,67,67,5.115625003782043e-05,0.00048318749941245187,0.00012082812509106589,4.86342406680329e-07
main,BBOB_F37,10,2,1,68,68,68,68,5.1281250193824235e-05,0.00048318749941245187,0.00012082812509106589,4.86342406680329e-07
main,BBOB_F37,10,2,1,69,69,69,69,5.115625003782043e-05,0.00048318749941245187,0.00012082812509106589,4.86342406680329e-07
main,BBOB_F37,10,2,1,70,70,70,70,5.1281250193824235e-05,0.00048318749941245187,0.00012082812509106589,4.86342406680329e-07
main,BBOB_F37,10,2,1,71,71,71,71,5.140625034982804e-05,0.00048318749941245187,0.00013331250011106022,4.86342406680329e-07
main,BBOB_F37,10,2,1,72,72,72,72,5.186718772165477e-05,0.00048318749941245187,0.00013331250011106022,4.86342406680329e-07
main,BBOB_F37,10,2,1,73,73,73,73,5.2328125093481503e-05,0.00048318749941245187,0.00013331250011106022,4.86342406680329e-07
main,BBOB_F37,10,2,1,74,74,74,74,5.186718772165477e-05,0.00048318749941245187,0.00013331250011106022,4.86342406680329e-07
main,BBOB_F37,10,2,1,75,75,75,75,5.2328125093481503e-05,0.00048318749941245187,0.00013331250011106022,4.86342406680329e-07
main,BBOB_F37,10,2,1,76,76,76,76,5.186718772165477e-05,0.00048318749941245187,0.00013331250011106022,4.86342406680329e-07
main,BBOB_F37,10,2,1,77,77,77,77,5.2328125093481503e-05,0.00048318749941245187,0.00013331250011106022,4.86342406680329e-07
main,BBOB_F37,10,2,1,78,78,78,78,5.223046878199966e-05,0.00048318749941245187,0.00013331250011106022,4.86342406680329e-07
main,BBOB_F37,10,2,1,79,79,79,79,5.213281247051782e-05,0.00048318749941245187,0.00013331250011106022,4.86342406680329e-07
main,BBOB_F37,10,2,1,80,80,80,80,5.223046878199966e-05,0.00048318749941245187,0.00013331250011106022,4.86342406680329e-07
main,BBOB_F37,10,2,1,81,81,81,81,5.2328125093481503e-05,0.00048318749941245187,0.00013331250011106022,4.86342406680329e-07
main,BBOB_F37,10,2,1,82,82,82,82,5.284765632040944e-05,0.00048318749941245187,0.00013331250011106022,4.86342406680329e-07
main,BBOB_F37,10,2,1,83,83,83,83,5.336718754733738e-05,0.0009022500016726553,0.00013331250011106022,4.86342406680329e-07
main,BBOB_F37,10,2,1,84,84,84,84,5.284765632040944e-05,0.0009022500016726553,0.00013331250011106022,4.86342406680329e-07
main,BBOB_F37,10,2,1,85,85,85,85,5.2531249821186066e-05,0.0009022500016726553,0.00013331250011106022,4.86342406680329e-07
main,BBOB_F37,10,2,1,86,86,86,86,5.294921868426172e-05,0.0009022500016726553,0.00013331250011106022,4.86342406680329e-07
main,BBOB_F37,10,2,1,87,87,87,87,5.2531249821186066e-05,0.0009022500016726553,0.00013331250011106022,4.86342406680329e-07
main,BBOB_F37,10,2,1,88,88,88,88,5.294921868426172e-05,0.0009022500016726553,0.00013331250011106022,4.86342406680329e-07
main,BBOB_F37,10,2,1,89,89,89,89,5.336718754733738e-05,0.0009022500016726553,0.00013331250011106022,4.86342406680329e-07
main,BBOB_F37,10,2,1,90,90,90,90,5.368359381918708e-05,0.0009022500016726553,0.00013331250011106022,4.86342406680329e-07
main,BBOB_F37,10,2,1,91,91,91,91,5.400000009103678e-05,0.0009022500016726553,0.00013331250011106022,4.86342406680329e-07
main,BBOB_F37,10,2,1,92,92,92,92,5.4296875077852746e-05,0.0009022500016726553,0.00013331250011106022,4.86342406680329e-07
main,BBOB_F37,10,2,1,93,93,93,93,5.459375006466871e-05,0.0009022500016726553,0.00017953125006897608,4.893894753887906e-07
main,BBOB_F37,10,2,1,94,94,94,94,5.4296875077852746e-05,0.0009022500016726553,0.00017953125006897608,4.893894753887906e-07
main,BBOB_F37,10,2,1,95,95,95,95,5.459375006466871e-05,0.0009022500016726553,0.00023121874983189628,4.893894753887906e-07
main,BBOB_F37,10,2,1,96,96,96,96,5.5468750019826984e-05,0.0009022500016726553,0.00023121874983189628,4.893894753887906e-07
main,BBOB_F37,10,2,1,97,97,97,97,5.634374997498526e-05,0.0009022500016726553,0.00023121874983189628,4.893894753887906e-07
main,BBOB_F37,10,2,1,98,98,98,98,5.5468750019826984e-05,0.0009022500016726553,0.00023121874983189628,4.893894753887906e-07
main,BBOB_F37,10,2,1,99,99,99,99,5.634374997498526e-05,0.0009022500016726553,0.00023121874983189628,4.893894753887906e-07
main,BBOB_F37,10,2,1,100,100,100,100,5.6429687447234755e-05,0.0009022500016726553,0.00023121874983189628,4.893894753887906e-07
main,BBOB_F37,10,2,1,101,101,101,101,5.634374997498526e-05,0.0009022500016726553,0.00023121874983189628,4.893894753887906e-07
main,BBOB_F37,10,2,1,102,102,102,102,5.6429687447234755e-05,0.0009022500016726553,0.00023121874983189628,4.893894753887906e-07
main,BBOB_F37,10,2,1,103,103,103,103,5.634374997498526e-05,0.0009022500016726553,0.00023121874983189628,4.893894753887906e-07
main,BBOB_F37,10,2,1,104,104,104,104,5.6429687447234755e-05,0.0009022500016726553,0.00023121874983189628,4.893894753887906e-07
main,BBOB_F37,10,2,1,105,105,105,105,5.651562491948425e-05,0.0009022500016726553,0.00023121874983189628,4.893894753887906e-07
main,BBOB_F37,10,2,1,106,106,106,106,5.7691406254889444e-05,0.0009022500016726553,0.00023121874983189628,4.893894753887906e-07
main,BBOB_F37,10,2,1,107,107,107,107,5.651562491948425e-05,0.0009022500016726553,0.00023121874983189628,4.893894753887906e-07
main,BBOB_F37,10,2,1,108,108,108,108,5.6429687447234755e-05,0.0009022500016726553,0.00023121874983189628,4.893894753887906e-07
main,BBOB_F37,10,2,1,109,109,109,109,5.651562491948425e-05,0.0009022500016726553,0.00023121874983189628,4.893894753887906e-07
main,BBOB_F37,10,2,1,110,110,110,110,5.7691406254889444e-05,0.0009022500016726553,0.00023121874983189628,4.893894753887906e-07
main,BBOB_F37,10,2,1,111,111,111,111,5.8867187590294634e-05,0.0009022500016726553,0.00023121874983189628,4.893894753887906e-07
main,BBOB_F37,10,2,1,112,112,112,112,5.9015625083702616e-05,0.0009022500016726553,0.00023121874983189628,4.893894753887906e-07
main,BBOB_F37,10,2,1,113,113,113,113,5.8867187590294634e-05,0.0009022500016726553,0.00023121874983189628,4.893894753887906e-07
main,BBOB_F37,10,2,1,114,114,114,114,5.7691406254889444e-05,0.0009022500016726553,0.00023121874983189628,4.893894753887906e-07
main,BBOB_F37,10,2,1,115,115,115,115,5.8867187590294634e-05,0.0009022500016726553,0.00023121874983189628,4.946220499846277e-07
main,BBOB_F37,10,2,1,116,116,116,116,5.9015625083702616e-05,0.0009022500016726553,0.00023121874983189628,4.946220499846277e-07
main,BBOB_F37,10,2,1,117,117,117,117,5.8867187590294634e-05,0.0009022500016726553,0.00023121874983189628,4.946220499846277e-07
main,BBOB_F37,10,2,1,118,118,118,118,5.9015625083702616e-05,0.0009022500016726553,0.00023121874983189628,4.946220499846277e-07
main,BBOB_F37,10,2,1,119,119,119,119,5.8867187590294634e-05,0.0009022500016726553,0.00023121874983189628,4.946220499846277e-07
main,BBOB_F37,10,2,1,120,120,120,120,5.7691406254889444e-05,0.0009022500016726553,0.00023121874983189628,4.946220499846277e-07
main,BBOB_F37,10,2,1,121,121,121,121,5.8867187590294634e-05,0.0009022500016726553,0.00023121874983189628,4.946220499846277e-07
main,BBOB_F37,10,2,1,122,122,122,122,5.9015625083702616e-05,0.0009022500016726553,0.00023121874983189628,4.946220499846277e-07
main,BBOB_F37,10,2,1,123,123,123,123,5.8867187590294634e-05,0.0009022500016726553,0.00023121874983189628,4.946220499846277e-07
main,BBOB_F37,10,2,1,124,124,124,124,5.8183593750982254e-05,0.0009022500016726553,0.00023121874983189628,4.946220499846277e-07
main,BBOB_F37,10,2,1,125,125,125,125,5.7499999911669875e-05,0.0009022500016726553,0.00023121874983189628,4.946220499846277e-07
main,BBOB_F37,10,2,1,126,126,126,126,5.8183593750982254e-05,0.0009022500016726553,0.00023121874983189628,4.946220499846277e-07
main,BBOB_F37,10,2,1,127,127,127,127,5.8867187590294634e-05,0.0009022500016726553,0.00023121874983189628,4.946220499846277e-07
main,BBOB_F37,10,2,1,128,128,128,128,5.8183593750982254e-05,0.0009022500016726553,0.00023121874983189628,4.946220499846277e-07
main,BBOB_F37,10,2,1,129,129,129,129,5.7499999911669875e-05,0.0009022500016726553,0.00023121874983189628,4.946220499846277e-07
main,BBOB_F37,10,2,1,130,130,130,130,5.7007812415577064e-05,0.0009022500016726553,0.00023121874983189628,4.946220499846277e-07
main,BBOB_F37,10,2,1,131,131,131,131,5.651562491948425e-05,0.0009022500016726553,0.00023121874983189628,4.946220499846277e-07
main,BBOB_F37,10,2,1,132,132,132,132,5.6429687447234755e-05,0.0009022500016726553,0.00023121874983189628,4.946220499846277e-07
main,BBOB_F37,10,2,1,133,133,133,133,5.634374997498526e-05,0.0009022500016726553,0.00023121874983189628,4.946220499846277e-07
main,BBOB_F37,10,2,1,134,134,134,134,5.59921874128122e-05,0.0009022500016726553,0.00023121874983189628,4.946220499846277e-07
main,BBOB_F37,10,2,1,135,135,135,135,5.634374997498526e-05,0.0009022500016726553,0.00024078124988591298,4.946220499846277e-07
main,BBOB_F37,10,2,1,136,136,136,136,5.59921874128122e-05,0.0009022500016726553,0.00024078124988591298,4.946220499846277e-07
main,BBOB_F37,10,2,1,137,137,137,137,5.634374997498526e-05,0.0009022500016726553,0.00024078124988591298,4.946220499846277e-07
main,BBOB_F37,10,2,1,138,138,138,138,5.6429687447234755e-05,0.0009022500016726553,0.00024078124988591298,4.946220499846277e-07
main,BBOB_F37,10,2,1,139,139,139,139,5.651562491948425e-05,0.0009022500016726553,0.00024078124988591298,4.946220499846277e-07
main,BBOB_F37,10,2,1,140,140,140,140,5.6429687447234755e-05,0.0009022500016726553,0.00024078124988591298,4.946220499846277e-07
main,BBOB_F37,10,2,1,141,141,141,141,5.634374997498526e-05,0.0009022500016726553,0.00024078124988591298,4.946220499846277e-07
main,BBOB_F37,10,2,1,142,142,142,142,5.6429687447234755e-05,0.0009022500016726553,0.00024078124988591298,4.946220499846277e-07
main,BBOB_F37,10,2,1,143,143,143,143,5.651562491948425e-05,0.0009022500016726553,0.00024078124988591298,4.946220499846277e-07
main,BBOB_F37,10,2,1,144,144,144,144,5.6429687447234755e-05,0.0009022500016726553,0.00024078124988591298,4.946220499846277e-07
main,BBOB_F37,10,2,1,145,145,145,145,5.634374997498526e-05,0.0009022500016726553,0.00024078124988591298,4.946220499846277e-07
main,BBOB_F37,10,2,1,146,146,146,146,5.59921874128122e-05,0.0009022500016726553,0.00024078124988591298,4.946220499846277e-07
main,BBOB_F37,10,2,1,147,147,147,147,5.634374997498526e-05,0.0009022500016726553,0.00024078124988591298,4.946220499846277e-07
main,BBOB_F37,10,2,1,148,148,148,148,5.59921874128122e-05,0.0009022500016726553,0.00024078124988591298,4.946220499846277e-07
main,BBOB_F37,10,2,1,149,149,149,149,5.564062485063914e-05,0.0009022500016726553,0.00024078124988591298,4.946220499846277e-07
main,BBOB_F37,10,2,1,150,150,150,150,5.560156239425851e-05,0.0009022500016726553,0.00024078124988591298,4.946220499846277e-07
main,BBOB_F37,10,2,1,151,151,151,151,5.564062485063914e-05,0.0009022500016726553,0.00024078124988591298,4.946220499846277e-07
main,BBOB_F37,10,2,1,152,152,152,152,5.560156239425851e-05,0.0009022500016726553,0.00024078124988591298,4.946220499846277e-07
main,BBOB_F37,10,2,1,153,153,153,153,5.564062485063914e-05,0.0009022500016726553,0.00024078124988591298,4.946220499846277e-07
main,BBOB_F37,10,2,1,154,154,154,154,5.560156239425851e-05,0.0009022500016726553,0.00024078124988591298,4.946220499846277e-07
main,BBOB_F37,10,2,1,155,155,155,155,5.564062485063914e-05,0.0009022500016726553,0.00024078124988591298,4.946220499846277e-07
main,BBOB_F37,10,2,1,156,156,156,156,5.560156239425851e-05,0.0009022500016726553,0.00024078124988591298,4.946220499846277e-07
main,BBOB_F37,10,2,1,157,157,157,157,5.5562499937877874e-05,0.0009022500016726553,0.00024078124988591298,4.946220499846277e-07
main,BBOB_F37,10,2,1,158,158,158,158,5.507812500127329e-05,0.0009022500016726553,0.00024078124988591298,4.946220499846277e-07
main,BBOB_F37,10,2,1,159,159,159,159,5.459375006466871e-05,0.0009022500016726553,0.00024078124988591298,4.946220499846277e-07
main,BBOB_F37,10,2,1,160,160,160,160,5.4304687637340976e-05,0.0009022500016726553,0.00024078124988591298,4.946220499846277e-07
main,BBOB_F37,10,2,1,161,161,161,161,5.459375006466871e-05,0.0009022500016726553,0.00024078124988591298,5.124481711193951e-07
main,BBOB_F37,10,2,1,162,162,162,162,5.4304687637340976e-05,0.0009022500016726553,0.00024078124988591298,5.124481711193951e-07
main,BBOB_F37,10,2,1,163,163,163,163,5.401562521001324e-05,0.0009022500016726553,0.00024078124988591298,5.124481711193951e-07
main,BBOB_F37,10,2,1,164,164,164,164,5.400781265052501e-05,0.0009022500016726553,0.00024078124988591298,5.124481711193951e-07
main,BBOB_F37,10,2,1,165,165,165,165,5.400000009103678e-05,0.0009022500016726553,0.00024078124988591298,5.124481711193951e-07
main,BBOB_F37,10,2,1,166,166,166,166,5.400781265052501e-05,0.0009022500016726553,0.00024078124988591298,5.124481711193951e-07
main,BBOB_F37,10,2,1,167,167,167,167,5.400000009103678e-05,0.0009022500016726553,0.00024078124988591298,5.124481711193951e-07
main,BBOB_F37,10,2,1,168,168,168,168,5.368359381918708e-05,0.0009022500016726553,0.00024078124988591298,5.124481711193951e-07
main,BBOB_F37,10,2,1,169,169,169,169,5.336718754733738e-05,0.0009022500016726553,0.00024078124988591298,5.124481711193951e-07
main,BBOB_F37,10,2,1,170,170,170,170,5.368359381918708e-05,0.0009022500016726553,0.00024078124988591298,5.124481711193951e-07
main,BBOB_F37,10,2,1,171,171,171,171,5.336718754733738e-05,0.0009022500016726553,0.00024078124988591298,5.124481711193951e-07
main,BBOB_F37,10,2,1,172,172,172,172,5.294921868426172e-05,0.0009022500016726553,0.00024078124988591298,5.124481711193951e-07
main,BBOB_F37,10,2,1,173,173,173,173,5.2531249821186066e-05,0.0009022500016726553,0.00024078124988591298,5.124481711193951e-07
main,BBOB_F37,10,2,1,174,174,174,174,5.2429687457333785e-05,0.0009022500016726553,0.00024078124988591298,5.124481711193951e-07
main,BBOB_F37,10,2,1,175,175,175,175,5.2328125093481503e-05,0.0009022500016726553,0.00024078124988591298,5.124481711193951e-07
main,BBOB_F37,10,2,1,176,176,176,176,5.223046878199966e-05,0.0009022500016726553,0.00024078124988591298,5.124481711193951e-07
main,BBOB_F37,10,2,1,177,177,177,177,5.213281247051782e-05,0.0009022500016726553,0.00024078124988591298,5.124481711193951e-07
main,BBOB_F37,10,2,1,178,178,178,178,5.223046878199966e-05,0.0009022500016726553,0.00024078124988591298,5.124481711193951e-07
main,BBOB_F37,10,2,1,179,179,179,179,5.213281247051782e-05,0.0009022500016726553,0.00024078124988591298,5.124481711193951e-07
main,BBOB_F37,10,2,1,180,180,180,180,5.223046878199966e-05,0.0009022500016726553,0.00024078124988591298,5.124481711193951e-07
main,BBOB_F37,10,2,1,181,181,181,181,5.2328125093481503e-05,0.0009022500016726553,0.00024078124988591298,5.124481711193951e-07
main,BBOB_F37,10,2,1,182,182,182,182,5.223046878199966e-05,0.0009022500016726553,0.00024078124988591298,5.124481711193951e-07
main,BBOB_F37,10,2,1,183,183,183,183,5.2328125093481503e-05,0.0009022500016726553,0.00024078124988591298,5.124481711193951e-07
main,BBOB_F37,10,2,1,184,184,184,184,5.223046878199966e-05,0.0009022500016726553,0.00024078124988591298,5.124481711193951e-07
main,BBOB_F37,10,2,1,185,185,185,185,5.213281247051782e-05,0.0009022500016726553,0.00024078124988591298,5.124481711193951e-07
main,BBOB_F37,10,2,1,186,186,186,186,5.176953141017293e-05,0.0009022500016726553,0.00024078124988591298,5.124481711193951e-07
main,BBOB_F37,10,2,1,187,187,187,187,5.213281247051782e-05,0.0009022500016726553,0.00024078124988591298,5.124481711193951e-07
main,BBOB_F37,10,2,1,188,188,188,188,5.176953141017293e-05,0.0009022500016726553,0.00024078124988591298,5.124481711193951e-07
main,BBOB_F37,10,2,1,189,189,189,189,5.140625034982804e-05,0.0009022500016726553,0.00024078124988591298,5.124481711193951e-07
main,BBOB_F37,10,2,1,190,190,190,190,5.1281250193824235e-05,0.0009022500016726553,0.00024078124988591298,5.124481711193951e-07
main,BBOB_F37,10,2,1,191,191,191,191,5.140625034982804e-05,0.0009022500016726553,0.00024078124988591298,5.124481711193951e-07
main,BBOB_F37,10,2,1,192,192,192,192,5.176953141017293e-05,0.0009022500016726553,0.00024078124988591298,5.124481711193951e-07
main,BBOB_F37,10,2,1,193,193,193,193,5.213281247051782e-05,0.0009022500016726553,0.00024078124988591298,5.124481711193951e-07
main,BBOB_F37,10,2,1,194,194,194,194,5.176953141017293e-05,0.0009022500016726553,0.00024078124988591298,5.124481711193951e-07
main,BBOB_F37,10,2,1,195,195,195,195,5.213281247051782e-05,0.0009022500016726553,0.00024078124988591298,5.124481711193951e-07
main,BBOB_F37,10,2,1,196,196,196,196,5.176953141017293e-05,0.0009022500016726553,0.00024078124988591298,5.124481711193951e-07
main,BBOB_F37,10,2,1,197,197,197,197,5.213281247051782e-05,0.0009022500016726553,0.00024078124988591298,5.124481711193951e-07
main,BBOB_F37,10,2,1,198,198,198,198,5.176953141017293e-05,0.0009022500016726553,0.00024078124988591298,5.124481711193951e-07
main,BBOB_F37,10,2,1,199,199,199,199,5.213281247051782e-05,0.0009022500016726553,0.00024078124988591298,5.124481711193951e-07
main,BBOB_F37,10,2,1,200,200,200,200,5.176953141017293e-05,0.0009022500016726553,0.00024078124988591298,5.124481711193951e-07
main,BBOB_F49,10,2,1,1,1,1,1,1.0435546869302925e-05,1.0435546869302925e-05,1.5632812505828042e-05,2.255541668993999e-07
main,BBOB_F49,10,2,1,2,2,2,2,8.515624983829184e-06,1.0435546869302925e-05,1.5632812505828042e-05,2.255541668993999e-07
main,BBOB_F49,10,2,1,3,3,3,3,7.058593752162778e-06,1.0435546869302925e-05,1.5632812505828042e-05,2.6684969156587357e-07
main,BBOB_F49,10,2,1,4,4,4,4,6.827148425259111e-06,1.0435546869302925e-05,1.5632812505828042e-05,4.518657561458639e-07
main,BBOB_F49,10,2,1,5,5,5,5,6.595703098355443e-06,1.0435546869302925e-05,2.4015624944695446e-05,4.518657561458639e-07
main,BBOB_F49,10,2,1,6,6,6,6,5.396240219113224e-06,1.0435546869302925e-05,2.4015624944695446e-05,4.518657561458639e-07
main,BBOB_F49,10,2,1,7,7,7,7,4.196777339871005e-06,1.0435546869302925e-05,2.4015624944695446e-05,4.518657561458639e-07
main,BBOB_F49,10,2,1,8,8,8,8,5.134521479988052e-06,1.0435546869302925e-05,2.564843748587009e-05,4.518657561458639e-07
main,BBOB_F49,10,2,1,9,9,9,9,4.196777339871005e-06,1.0435546869302925e-05,2.564843748587009e-05,4.518657561458639e-07
main,BBOB_F49,10,2,1,10,10,10,10,5.134521479988052e-06,1.0435546869302925e-05,2.564843748587009e-05,4.518657561458639e-07
main,BBOB_F49,10,2,1,11,11,11,11,4.5947265618906385e-06,1.0435546869302925e-05,2.564843748587009e-05,4.518657561458639e-07
main,BBOB_F49,10,2,1,12,12,12,12,5.333496090997869e-06,1.474999999118154e-05,2.564843748587009e-05,4.518657561458639e-07
main,BBOB_F49,10,2,1,13,13,13,13,4.5947265618906385e-06,1.474999999118154e-05,2.564843748587009e-05,4.7124846525026243e-07
main,BBOB_F49,10,2,1,14,14,14,14,4.395751950880822e-06,1.474999999118154e-05,2.564843748587009e-05,4.7124846525026243e-07
main,BBOB_F49,10,2,1,15,15,15,15,4.196777339871005e-06,1.474999999118154e-05,2.564843748587009e-05,4.7124846525026243e-07
main,BBOB_F49,10,2,1,16,16,16,16,4.099365234822017e-06,1.474999999118154e-05,2.564843748587009e-05,4.7124846525026243e-07
main,BBOB_F49,10,2,1,17,17,17,17,4.196777339871005e-06,5.131250009071664e-05,2.564843748587009e-05,4.7124846525026243e-07
main,BBOB_F49,10,2,1,18,18,18,18,4.099365234822017e-06,5.131250009071664e-05,2.564843748587009e-05,4.7124846525026243e-07
main,BBOB_F49,10,2,1,19,19,19,19,4.001953129773028e-06,5.131250009071664e-05,2.564843748587009e-05,4.7124846525026243e-07
main,BBOB_F49,10,2,1,20,20,20,20,3.93359374584179e-06,5.131250009071664e-05,2.564843748587009e-05,4.7124846525026243e-07
main,BBOB_F49,10,2,1,21,21,21,21,3.865234361910552e-06,5.131250009071664e-05,2.564843748587009e-05,4.7124846525026243e-07
main,BBOB_F49,10,2,1,22,22,22,22,3.7680664064509983e-06,5.131250009071664e-05,2.564843748587009e-05,4.7124846525026243e-07
main,BBOB_F49,10,2,1,23,23,23,23,3.6708984509914444e-06,5.131250009071664e-05,2.743359380019683e-05,4.7124846525026243e-07
main,BBOB_F49,10,2,1,24,24,24,24,3.65795899170962e-06,5.131250009071664e-05,2.743359380019683e-05,4.7124846525026243e-07
main,BBOB_F49,10,2,1,25,25,25,25,3.6708984509914444e-06,5.131250009071664e-05,2.743359380019683e-05,4.7124846525026243e-07
main,BBOB_F49,10,2,1,26,26,26,26,3.7680664064509983e-06,5.131250009071664e-05,2.743359380019683e-05,4.7124846525026243e-07
main,BBOB_F49,10,2,1,27,27,27,27,3.6708984509914444e-06,5.131250009071664e-05,2.743359380019683e-05,4.7124846525026243e-07
main,BBOB_F49,10,2,1,28,28,28,28,3.65795899170962e-06,5.131250009071664e-05,2.743359380019683e-05,4.7124846525026243e-07
main,BBOB_F49,10,2,1,29,29,29,29,3.6708984509914444e-06,5.131250009071664e-05,2.743359380019683e-05,4.7124846525026243e-07
main,BBOB_F49,10,2,1,30,30,30,30,3.65795899170962e-06,5.131250009071664e-05,2.743359380019683e-05,4.7124846525026243e-07
main,BBOB_F49,10,2,1,31,31,31,31,3.6708984509914444e-06,5.776562511528027e-05,2.743359380019683e-05,4.7124846525026243e-07
main,BBOB_F49,10,2,1,32,32,32,32,3.65795899170962e-06,5.776562511528027e-05,2.8609375021915184e-05,4.7124846525026243e-07
main,BBOB_F49,10,2,1,33,33,33,33,3.6450195324277956e-06,5.776562511528027e-05,2.8609375021915184e-05,4.7124846525026243e-07
main,BBOB_F49,10,2,1,34,34,34,34,3.551269529111778e-06,5.776562511528027e-05,2.8609375021915184e-05,4.7124846525026243e-07
main,BBOB_F49,10,2,1,35,35,35,35,3.4575195257957603e-06,5.776562511528027e-05,2.8609375021915184e-05,4.735581219036944e-07
main,BBOB_F49,10,2,1,36,36,36,36,3.551269529111778e-06,5.776562511528027e-05,2.8609375021915184e-05,4.735581219036944e-07
main,BBOB_F49,10,2,1,37,37,37,37,3.4575195257957603e-06,5.776562511528027e-05,2.8609375021915184e-05,4.735581219036944e-07
main,BBOB_F49,10,2,1,38,38,38,38,3.3906249967685653e-06,5.776562511528027e-05,2.8609375021915184e-05,4.735581219036944e-07
main,BBOB_F49,10,2,1,39,39,39,39,3.4575195257957603e-06,5.776562511528027e-05,2.8609375021915184e-05,4.735581219036944e-07
main,BBOB_F49,10,2,1,40,40,40,40,3.3906249967685653e-06,5.776562511528027e-05,2.8609375021915184e-05,4.946853940299145e-07
main,BBOB_F49,10,2,1,41,41,41,41,3.4379882833945885e-06,5.776562511528027e-05,2.8609375021915184e-05,4.946853940299145e-07
main,BBOB_F49,10,2,1,42,42,42,42,3.3808593755679794e-06,5.776562511528027e-05,2.8609375021915184e-05,4.946853940299145e-07
main,BBOB_F49,10,2,1,43,43,43,43,3.3237304677413704e-06,5.776562511528027e-05,2.8609375021915184e-05,4.946853940299145e-07
main,BBOB_F49,10,2,1,44,44,44,44,3.3808593755679794e-06,5.776562511528027e-05,2.8609375021915184e-05,4.946853940299145e-07
main,BBOB_F49,10,2,1,45,45,45,45,3.3237304677413704e-06,5.776562511528027e-05,2.8609375021915184e-05,4.946853940299145e-07
main,BBOB_F49,10,2,1,46,46,46,46,3.3808593755679794e-06,0.00022078125039115548,2.8609375021915184e-05,4.946853940299145e-07
main,BBOB_F49,10,2,1,47,47,47,47,3.3237304677413704e-06,0.00022078125039115548,2.8609375021915184e-05,4.946853940299145e-07
main,BBOB_F49,10,2,1,48,48,48,48,3.29052734571178e-06,0.00022078125039115548,2.8609375021915184e-05,4.946853940299145e-07
main,BBOB_F49,10,2,1,49,49,49,49,3.2573242236821898e-06,0.00022078125039115548,2.8609375021915184e-05,4.946853940299145e-07
main,BBOB_F49,10,2,1,50,50,50,50,3.29052734571178e-06,0.00022078125039115548,2.8609375021915184e-05,4.946853940299145e-07
main,BBOB_F49,10,2,1,51,51,51,51,3.2573242236821898e-06,0.00022078125039115548,2.8609375021915184e-05,4.946853940299145e-07
main,BBOB_F49,10,2,1,52,52,52,52,3.2536621077383643e-06,0.00022078125039115548,2.8609375021915184e-05,4.946853940299145e-07
main,BBOB_F49,10,2,1,53,53,53,53,3.249999991794539e-06,0.00022078125039115548,2.8609375021915184e-05,4.946853940299145e-07
main,BBOB_F49,10,2,1,54,54,54,54,3.1787109335823516e-06,0.00022078125039115548,2.8609375021915184e-05,4.946853940299145e-07
main,BBOB_F49,10,2,1,55,55,55,55,3.1074218753701643e-06,0.00022078125039115548,2.8609375021915184e-05,4.946853940299145e-07
main,BBOB_F49,10,2,1,56,56,56,56,3.0810546931547833e-06,0.00022078125039115548,2.8609375021915184e-05,4.946853940299145e-07
main,BBOB_F49,10,2,1,57,57,57,57,3.0546875109394023e-06,0.00022078125039115548,2.8609375021915184e-05,4.946853940299145e-07
main,BBOB_F49,10,2,1,58,58,58,58,3.0810546931547833e-06,0.00022078125039115548,2.8609375021915184e-05,4.946853940299145e-07
main,BBOB_F49,10,2,1,59,59,59,59,3.0546875109394023e-06,0.00022078125039115548,2.8609375021915184e-05,4.954461863271309e-07
main,BBOB_F49,10,2,1,60,60,60,60,3.002929695128387e-06,0.00022078125039115548,2.8609375021915184e-05,4.954461863271309e-07
main,BBOB_F49,10,2,1,61,61,61,61,2.9511718793173713e-06,0.00022078125039115548,2.8609375021915184e-05,4.954461863271309e-07
main,BBOB_F49,10,2,1,62,62,62,62,3.002929695128387e-06,0.00022078125039115548,2.8609375021915184e-05,4.954461863271309e-07
main,BBOB_F49,10,2,1,63,63,63,63,3.0546875109394023e-06,0.00022078125039115548,4.7359375002997695e-05,4.954461863271309e-07
main,BBOB_F49,10,2,1,64,64,64,64,3.002929695128387e-06,0.00022078125039115548,4.7359375002997695e-05,4.954461863271309e-07
main,BBOB_F49,10,2,1,65,65,65,65,2.9511718793173713e-06,0.00022078125039115548,4.7359375002997695e-05,4.954461863271309e-07
main,BBOB_F49,10,2,1,66,66,66,66,2.95043945186535e-06,0.00022078125039115548,4.7359375002997695e-05,4.954461863271309e-07
main,BBOB_F49,10,2,1,67,67,67,67,2.9497070244133283e-06,0.00022078125039115548,4.7359375002997695e-05,4.954461863271309e-07
main,BBOB_F49,10,2,1,68,68,68,68,2.95043945186535e-06,0.00022078125039115548,4.7359375002997695e-05,4.954461863271309e-07
main,BBOB_F49,10,2,1,69,69,69,69,2.9497070244133283e-06,0.00022078125039115548,4.7359375002997695e-05,4.954461863271309e-07
main,BBOB_F49,10,2,1,70,70,70,70,2.935302731543743e-06,0.00022078125039115548,4.7359375002997695e-05,4.954461863271309e-07
main,BBOB_F49,10,2,1,71,71,71,71,2.9497070244133283e-06,0.00022078125039115548,4.7359375002997695e-05,4.954461863271309e-07
main,BBOB_F49,10,2,1,72,72,72,72,2.935302731543743e-06,0.00022078125039115548,4.7359375002997695e-05,4.954461863271309e-07
main,BBOB_F49,10,2,1,73,73,73,73,2.9208984386741577e-06,0.00022078125039115548,4.7359375002997695e-05,4.954461863271309e-07
main,BBOB_F49,10,2,1,74,74,74,74,2.836669921180146e-06,0.00022078125039115548,4.7359375002997695e-05,4.954461863271309e-07
main,BBOB_F49,10,2,1,75,75,75,75,2.7524414036861344e-06,0.00022078125039115548,4.7359375002997695e-05,4.954461863271309e-07
main,BBOB_F49,10,2,1,76,76,76,76,2.7431640603481355e-06,0.00022078125039115548,4.7359375002997695e-05,4.954461863271309e-07
main,BBOB_F49,10,2,1,77,77,77,77,2.7524414036861344e-06,0.00022078125039115548,4.7359375002997695e-05,4.954461863271309e-07
main,BBOB_F49,10,2,1,78,78,78,78,2.7431640603481355e-06,0.00022078125039115548,4.7359375002997695e-05,4.954461863271309e-07
main,BBOB_F49,10,2,1,79,79,79,79,2.7524414036861344e-06,0.00022078125039115548,4.7359375002997695e-05,4.954461863271309e-07
main,BBOB_F49,10,2,1,80,80,80,80,2.830078123849944e-06,0.00022078125039115548,4.7359375002997695e-05,4.954461863271309e-07
main,BBOB_F49,10,2,1,81,81,81,81,2.9077148440137535e-06,0.00022078125039115548,4.7359375002997695e-05,4.954461863271309e-07
main,BBOB_F49,10,2,1,82,82,82,82,2.9143066413439556e-06,0.00022078125039115548,4.7359375002997695e-05,4.954461863271309e-07
main,BBOB_F49,10,2,1,83,83,83,83,2.9077148440137535e-06,0.00022078125039115548,4.7359375002997695e-05,4.954461863271309e-07
main,BBOB_F49,10,2,1,84,84,84,84,2.830078123849944e-06,0.00022078125039115548,4.7359375002997695e-05,4.954461863271309e-07
main,BBOB_F49,10,2,1,85,85,85,85,2.9077148440137535e-06,0.00022078125039115548,0.00015984375022526365,6.771454388321274e-07
main,BBOB_F49,10,2,1,86,86,86,86,2.9143066413439556e-06,0.00022078125039115548,0.00015984375022526365,6.771454388321274e-07
main,BBOB_F49,10,2,1,87,87,87,87,2.9208984386741577e-06,0.00022078125039115548,0.00015984375022526365,6.771454388321274e-07
main,BBOB_F49,10,2,1,88,88,88,88,2.935302731543743e-06,0.00022078125039115548,0.00015984375022526365,6.771454388321274e-07
main,BBOB_F49,10,2,1,89,89,89,89,2.9497070244133283e-06,0.00022078125039115548,0.00015984375022526365,6.771454388321274e-07
main,BBOB_F49,10,2,1,90,90,90,90,2.935302731543743e-06,0.00022078125039115548,0.00015984375022526365,6.771454388321274e-07
main,BBOB_F49,10,2,1,91,91,91,91,2.9208984386741577e-06,0.00022078125039115548,0.00015984375022526365,6.771454388321274e-07
main,BBOB_F49,10,2,1,92,92,92,92,2.935302731543743e-06,0.00022078125039115548,0.00015984375022526365,6.771454388321274e-07
main,BBOB_F49,10,2,1,93,93,93,93,2.9497070244133283e-06,0.00022078125039115548,0.00015984375022526365,6.771454388321274e-07
main,BBOB_F49,10,2,1,94,94,94,94,2.95043945186535e-06,0.00022078125039115548,0.00015984375022526365,6.771454388321274e-07
main,BBOB_F49,10,2,1,95,95,95,95,2.9511718793173713e-06,0.00022078125039115548,0.00015984375022526365,6.771454388321274e-07
main,BBOB_F49,10,2,1,96,96,96,96,2.984375008452389e-06,0.00022078125039115548,0.00015984375022526365,6.771454388321274e-07
main,BBOB_F49,10,2,1,97,97,97,97,2.9511718793173713e-06,0.00022078125039115548,0.00015984375022526365,6.771454388321274e-07
main,BBOB_F49,10,2,1,98,98,98,98,2.95043945186535e-06,0.00022078125039115548,0.00015984375022526365,6.771454388321274e-07
main,BBOB_F49,10,2,1,99,99,99,99,2.9497070244133283e-06,0.00022078125039115548,0.00015984375022526365,6.771454388321274e-07
main,BBOB_F49,10,2,1,100,100,100,100,2.95043945186535e-06,0.00022078125039115548,0.00015984375022526365,6.771454388321274e-07
main,BBOB_F49,10,2,1,101,101,101,101,2.9511718793173713e-06,0.00022078125039115548,0.00015984375022526365,6.771454388321274e-07
main,BBOB_F49,10,2,1,102,102,102,102,2.95043945186535e-06,0.00022078125039115548,0.00015984375022526365,6.771454388321274e-07
main,BBOB_F49,10,2,1,103,103,103,103,2.9511718793173713e-06,0.00022078125039115548,0.00015984375022526365,6.771454388321274e-07
main,BBOB_F49,10,2,1,104,104,104,104,2.984375008452389e-06,0.00022078125039115548,0.00015984375022526365,6.771454388321274e-07
main,BBOB_F49,10,2,1,105,105,105,105,3.0175781375874067e-06,0.00022078125039115548,0.00015984375022526365,6.771454388321274e-07
main,BBOB_F49,10,2,1,106,106,106,106,3.0361328242634045e-06,0.00022078125039115548,0.00015984375022526365,6.771454388321274e-07
main,BBOB_F49,10,2,1,107,107,107,107,3.0175781375874067e-06,0.00022078125039115548,0.00015984375022526365,6.771454388321274e-07
main,BBOB_F49,10,2,1,108,108,108,108,3.0361328242634045e-06,0.00022078125039115548,0.00015984375022526365,6.771454388321274e-07
main,BBOB_F49,10,2,1,109,109,109,109,3.0175781375874067e-06,0.00022078125039115548,0.00015984375022526365,6.771454388321274e-07
main,BBOB_F49,10,2,1,110,110,110,110,3.0361328242634045e-06,0.00022078125039115548,0.00015984375022526365,6.771454388321274e-07
main,BBOB_F49,10,2,1,111,111,111,111,3.0546875109394023e-06,0.00022078125039115548,0.00015984375022526365,6.771454388321274e-07
main,BBOB_F49,10,2,1,112,112,112,112,3.0361328242634045e-06,0.00022078125039115548,0.00015984375022526365,6.771454388321274e-07
main,BBOB_F49,10,2,1,113,113,113,113,3.0546875109394023e-06,0.00022078125039115548,0.00015984375022526365,6.771454388321274e-07
main,BBOB_F49,10,2,1,114,114,114,114,3.0361328242634045e-06,0.00022078125039115548,0.00015984375022526365,6.771454388321274e-07
main,BBOB_F49,10,2,1,115,115,115,115,3.0175781375874067e-06,0.00022078125039115548,0.00015984375022526365,6.771454388321274e-07
main,BBOB_F49,10,2,1,116,116,116,116,3.0361328242634045e-06,0.00028700000075332355,0.00015984375022526365,6.771454388321274e-07
main,BBOB_F49,10,2,1,117,117,117,117,3.0175781375874067e-06,0.00028700000075332355,0.00015984375022526365,6.771454388321274e-07
main,BBOB_F49,10,2,1,118,118,118,118,3.0361328242634045e-06,0.00028700000075332355,0.00015984375022526365,6.771454388321274e-07
main,BBOB_F49,10,2,1,119,119,119,119,3.0546875109394023e-06,0.00028700000075332355,0.0002089062500090222,6.771454388321274e-07
main,BBOB_F49,10,2,1,120,120,120,120,3.0361328242634045e-06,0.00028700000075332355,0.0002089062500090222,6.771454388321274e-07
main,BBOB_F49,10,2,1,121,121,121,121,3.0546875109394023e-06,0.00028700000075332355,0.0002089062500090222,6.771454388321274e-07
main,BBOB_F49,10,2,1,122,122,122,122,3.0573730498417717e-06,0.00028700000075332355,0.0002089062500090222,6.771454388321274e-07
main,BBOB_F49,10,2,1,123,123,123,123,3.060058588744141e-06,0.0003281874996901024,0.0002089062500090222,6.771454388321274e-07
main,BBOB_F49,10,2,1,124,124,124,124,3.0573730498417717e-06,0.0003281874996901024,0.0002089062500090222,6.771454388321274e-07
main,BBOB_F49,10,2,1,125,125,125,125,3.0546875109394023e-06,0.0003281874996901024,0.0002089062500090222,6.771454388321274e-07
main,BBOB_F49,10,2,1,126,126,126,126,3.0573730498417717e-06,0.0003281874996901024,0.0002089062500090222,6.771454388321274e-07
main,BBOB_F49,10,2,1,127,127,127,127,3.060058588744141e-06,0.0003281874996901024,0.0002089062500090222,6.771454388321274e-07
main,BBOB_F49,10,2,1,128,128,128,128,3.0837402320571528e-06,0.0003281874996901024,0.0002089062500090222,6.771454388321274e-07
main,BBOB_F49,10,2,1,129,129,129,129,3.1074218753701643e-06,0.0003281874996901024,0.0002089062500090222,6.771454388321274e-07
main,BBOB_F49,10,2,1,130,130,130,130,3.1169433611921704e-06,0.0003281874996901024,0.0002089062500090222,6.771454388321274e-07
main,BBOB_F49,10,2,1,131,131,131,131,3.1264648470141765e-06,0.0003281874996901024,0.0002089062500090222,6.771454388321274e-07
main,BBOB_F49,10,2,1,132,132,132,132,3.1269531248767635e-06,0.0003281874996901024,0.0002089062500090222,6.771454388321274e-07
main,BBOB_F49,10,2,1,133,133,133,133,3.1274414027393505e-06,0.0003434374993958045,0.0002089062500090222,6.771454388321274e-07
main,BBOB_F49,10,2,1,134,134,134,134,3.1772460928891633e-06,0.0003479999995761318,0.0002089062500090222,6.771454388321274e-07
main,BBOB_F49,10,2,1,135,135,135,135,3.227050783038976e-06,0.0004531875001703156,0.0002089062500090222,6.771454388321274e-07
main,BBOB_F49,10,2,1,136,136,136,136,3.2385253874167574e-06,0.0004531875001703156,0.0002089062500090222,6.771454388321274e-07
main,BBOB_F49,10,2,1,137,137,137,137,3.249999991794539e-06,0.0005175000005692709,0.0002089062500090222,6.771454388321274e-07
main,BBOB_F49,10,2,1,138,138,138,138,3.2536621077383643e-06,0.0005175000005692709,0.0002089062500090222,6.771454388321274e-07
main,BBOB_F49,10,2,1,139,139,139,139,3.249999991794539e-06,0.0005175000005692709,0.0002089062500090222,6.771454388321274e-07
main,BBOB_F49,10,2,1,140,140,140,140,3.2536621077383643e-06,0.0005175000005692709,0.0002089062500090222,6.771454388321274e-07
main,BBOB_F49,10,2,1,141,141,141,141,3.249999991794539e-06,0.0005175000005692709,0.0002089062500090222,6.771454388321274e-07
main,BBOB_F49,10,2,1,142,142,142,142,3.2536621077383643e-06,0.0005175000005692709,0.0002089062500090222,6.771454388321274e-07
main,BBOB_F49,10,2,1,143,143,143,143,3.2573242236821898e-06,0.0005175000005692709,0.0002089062500090222,6.771454388321274e-07
main,BBOB_F49,10,2,1,144,144,144,144,3.29052734571178e-06,0.000658500001009088,0.0002089062500090222,6.771454388321274e-07
main,BBOB_F49,10,2,1,145,145,145,145,3.3237304677413704e-06,0.000658500001009088,0.0002089062500090222,6.771454388321274e-07
main,BBOB_F49,10,2,1,146,146,146,146,3.3244628880879645e-06,0.000658500001009088,0.0002089062500090222,6.771454388321274e-07
main,BBOB_F49,10,2,1,147,147,147,147,3.3251953084345587e-06,0.000658500001009088,0.0002089062500090222,6.771454388321274e-07
main,BBOB_F49,10,2,1,148,148,148,148,3.3244628880879645e-06,0.000658500001009088,0.0002089062500090222,6.771454388321274e-07
main,BBOB_F49,10,2,1,149,149,149,149,3.3237304677413704e-06,0.000658500001009088,0.0002089062500090222,6.771454388321274e-07
main,BBOB_F49,10,2,1,150,150,150,150,3.3244628880879645e-06,0.000658500001009088,0.0002089062500090222,6.771454388321274e-07
main,BBOB_F49,10,2,1,151,151,151,151,3.3251953084345587e-06,0.000658500001009088,0.0002089062500090222,6.771454388321274e-07
main,BBOB_F49,10,2,1,152,152,152,152,3.3286132747889496e-06,0.000658500001009088,0.0002089062500090222,6.771454388321274e-07
main,BBOB_F49,10,2,1,153,153,153,153,3.3320312411433406e-06,0.000658500001009088,0.0002089062500090222,6.771454388321274e-07
main,BBOB_F49,10,2,1,154,154,154,154,3.3850097622689646e-06,0.000658500001009088,0.0002089062500090222,6.771454388321274e-07
main,BBOB_F49,10,2,1,155,155,155,155,3.4379882833945885e-06,0.000658500001009088,0.0002089062500090222,6.771454388321274e-07
main,BBOB_F49,10,2,1,156,156,156,156,3.4458007789339717e-06,0.000658500001009088,0.0002089062500090222,6.771454388321274e-07
main,BBOB_F49,10,2,1,157,157,157,157,3.453613274473355e-06,0.000658500001009088,0.0002089062500090222,6.771454388321274e-07
main,BBOB_F49,10,2,1,158,158,158,158,3.4555664001345576e-06,0.000658500001009088,0.0002089062500090222,6.771454388321274e-07
main,BBOB_F49,10,2,1,159,159,159,159,3.453613274473355e-06,0.000658500001009088,0.0002089062500090222,6.771454388321274e-07
main,BBOB_F49,10,2,1,160,160,160,160,3.4555664001345576e-06,0.000658500001009088,0.0002089062500090222,6.771454388321274e-07
main,BBOB_F49,10,2,1,161,161,161,161,3.4575195257957603e-06,0.000658500001009088,0.0002089062500090222,6.771454388321274e-07
main,BBOB_F49,10,2,1,162,162,162,162,3.459472651456963e-06,0.000658500001009088,0.0002089062500090222,6.771454388321274e-07
main,BBOB_F49,10,2,1,163,163,163,163,3.4575195257957603e-06,0.000658500001009088,0.0002089062500090222,6.771454388321274e-07
main,BBOB_F49,10,2,1,164,164,164,164,3.459472651456963e-06,0.000658500001009088,0.0002089062500090222,6.771454388321274e-07
main,BBOB_F49,10,2,1,165,165,165,165,3.4575195257957603e-06,0.000658500001009088,0.0002089062500090222,6.771454388321274e-07
main,BBOB_F49,10,2,1,166,166,166,166,3.459472651456963e-06,0.000658500001009088,0.0002089062500090222,6.771454388321274e-07
main,BBOB_F49,10,2,1,167,167,167,167,3.4614257771181656e-06,0.000658500001009088,0.0002089062500090222,6.771454388321274e-07
main,BBOB_F49,10,2,1,168,168,168,168,3.459472651456963e-06,0.000658500001009088,0.0002089062500090222,6.771454388321274e-07
main,BBOB_F49,10,2,1,169,169,169,169,3.4614257771181656e-06,0.000658500001009088,0.0002089062500090222,6.771454388321274e-07
main,BBOB_F49,10,2,1,170,170,170,170,3.4702148425935775e-06,0.000658500001009088,0.0002089062500090222,6.771454388321274e-07
main,BBOB_F49,10,2,1,171,171,171,171,3.4790039080689894e-06,0.000658500001009088,0.0002089062500090222,6.771454388321274e-07
main,BBOB_F49,10,2,1,172,172,172,172,3.4702148425935775e-06,0.000658500001009088,0.0002089062500090222,6.771454388321274e-07
main,BBOB_F49,10,2,1,173,173,173,173,3.4790039080689894e-06,0.000658500001009088,0.00044062499910069164,6.771454388321274e-07
main,BBOB_F49,10,2,1,174,174,174,174,3.4702148425935775e-06,0.000658500001009088,0.00044062499910069164,6.771454388321274e-07
main,BBOB_F49,10,2,1,175,175,175,175,3.4614257771181656e-06,0.000658500001009088,0.00044062499910069164,6.771454388321274e-07
main,BBOB_F49,10,2,1,176,176,176,176,3.4702148425935775e-06,0.000658500001009088,0.00044062499910069164,6.771454388321274e-07
main,BBOB_F49,10,2,1,177,177,177,177,3.4790039080689894e-06,0.000658500001009088,0.00044062499910069164,6.771454388321274e-07
main,BBOB_F49,10,2,1,178,178,178,178,3.4702148425935775e-06,0.000658500001009088,0.00044062499910069164,6.771454388321274e-07
main,BBOB_F49,10,2,1,179,179,179,179,3.4790039080689894e-06,0.000658500001009088,0.00044062499910069164,6.771454388321274e-07
main,BBOB_F49,10,2,1,180,180,180,180,3.4702148425935775e-06,0.000658500001009088,0.00044062499910069164,6.771454388321274e-07
main,BBOB_F49,10,2,1,181,181,181,181,3.4790039080689894e-06,0.000658500001009088,0.00044062499910069164,6.771454388321274e-07
main,BBOB_F49,10,2,1,182,182,182,182,3.5275878929041937e-06,0.000658500001009088,0.00044062499910069164,6.771454388321274e-07
main,BBOB_F49,10,2,1,183,183,183,183,3.576171877739398e-06,0.000658500001009088,0.00044062499910069164,6.771454388321274e-07
main,BBOB_F49,10,2,1,184,184,184,184,3.610595705083597e-06,0.000658500001009088,0.00044062499910069164,6.771454388321274e-07
main,BBOB_F49,10,2,1,185,185,185,185,3.6450195324277956e-06,0.000658500001009088,0.00044062499910069164,6.771454388321274e-07
main,BBOB_F49,10,2,1,186,186,186,186,3.65795899170962e-06,0.000658500001009088,0.00044062499910069164,6.771454388321274e-07
main,BBOB_F49,10,2,1,187,187,187,187,3.6708984509914444e-06,0.000658500001009088,0.00044062499910069164,6.771454388321274e-07
main,BBOB_F49,10,2,1,188,188,188,188,3.7050781287462087e-06,0.000658500001009088,0.00044062499910069164,6.771454388321274e-07
main,BBOB_F49,10,2,1,189,189,189,189,3.6708984509914444e-06,0.000658500001009088,0.00044062499910069164,6.771454388321274e-07
main,BBOB_F49,10,2,1,190,190,190,190,3.7050781287462087e-06,0.000658500001009088,0.00044062499910069164,6.771454388321274e-07
main,BBOB_F49,10,2,1,191,191,191,191,3.739257806500973e-06,0.000658500001009088,0.00044062499910069164,6.771454388321274e-07
main,BBOB_F49,10,2,1,192,192,192,192,3.755126947169174e-06,0.000658500001009088,0.00044062499910069164,6.771454388321274e-07
main,BBOB_F49,10,2,1,193,193,193,193,3.739257806500973e-06,0.000658500001009088,0.00044062499910069164,6.771454388321274e-07
main,BBOB_F49,10,2,1,194,194,194,194,3.7050781287462087e-06,0.000658500001009088,0.00044062499910069164,6.771454388321274e-07
main,BBOB_F49,10,2,1,195,195,195,195,3.6708984509914444e-06,0.000658500001009088,0.00044062499910069164,6.771454388321274e-07
main,BBOB_F49,10,2,1,196,196,196,196,3.65795899170962e-06,0.000658500001009088,0.00044062499910069164,6.771454388321274e-07
main,BBOB_F49,10,2,1,197,197,197,197,3.6708984509914444e-06,0.000658500001009088,0.00044062499910069164,6.771454388321274e-07
main,BBOB_F49,10,2,1,198,198,198,198,3.7050781287462087e-06,0.000658500001009088,0.00044062499910069164,6.771454388321274e-07
main,BBOB_F49,10,2,1,199,199,199,199,3.739257806500973e-06,0.000658500001009088,0.00044062499910069164,6.771454388321274e-07
main,BBOB_F49,10,2,1,200,200,200,200,3.755126947169174e-06,0.000658500001009088,0.00044062499910069164,6.771454388321274e-07
main,BBOB_F5,10,2,1,1,1,1,1,4.659375008486677e-05,4.659375008486677e-05,9.79687501967419e-06,6.124366151993854e-07
main,BBOB_F5,10,2,1,2,2,2,2,5.1207031333433406e-05,5.582031258200004e-05,9.79687501967419e-06,6.124366151993854e-07
main,BBOB_F5,10,2,1,3,3,3,3,4.659375008486677e-05,5.582031258200004e-05,9.79687501967419e-06,6.124366151993854e-07
main,BBOB_F5,10,2,1,4,4,4,4,5.1207031333433406e-05,0.0001014062499962165,9.79687501967419e-06,6.124366151993854e-07
main,BBOB_F5,10,2,1,5,5,5,5,4.659375008486677e-05,0.0001014062499962165,9.79687501967419e-06,6.124366151993854e-07
main,BBOB_F5,10,2,1,6,6,6,6,4.512500004238973e-05,0.0001014062499962165,9.79687501967419e-06,6.124366151993854e-07
main,BBOB_F5,10,2,1,7,7,7,7,4.659375008486677e-05,0.0001014062499962165,1.2740234353714186e-05,6.124366151993854e-07
main,BBOB_F5,10,2,1,8,8,8,8,4.715625004791946e-05,0.0001014062499962165,1.2740234353714186e-05,6.124366151993854e-07
main,BBOB_F5,10,2,1,9,9,9,9,4.7718750010972144e-05,0.0001014062499962165,1.2740234353714186e-05,6.124366151993854e-07
main,BBOB_F5,10,2,1,10,10,10,10,4.715625004791946e-05,0.0001014062499962165,1.2740234353714186e-05,6.124366151993854e-07
main,BBOB_F5,10,2,1,11,11,11,11,4.7718750010972144e-05,0.00010603125019770232,1.2740234353714186e-05,6.124366151993854e-07
main,BBOB_F5,10,2,1,12,12,12,12,4.715625004791946e-05,0.00010603125019770232,1.2740234353714186e-05,6.124366151993854e-07
main,BBOB_F5,10,2,1,13,13,13,13,4.7718750010972144e-05,0.00010603125019770232,1.9320312503623427e-05,6.124366151993854e-07
main,BBOB_F5,10,2,1,14,14,14,14,4.715625004791946e-05,0.00010603125019770232,1.9320312503623427e-05,6.124366151993854e-07
main,BBOB_F5,10,2,1,15,15,15,15,4.7718750010972144e-05,0.00010603125019770232,1.9320312503623427e-05,6.124366151993854e-07
main,BBOB_F5,10,2,1,16,16,16,16,4.715625004791946e-05,0.00010603125019770232,2.6234375013700628e-05,6.124366151993854e-07
main,BBOB_F5,10,2,1,17,17,17,17,4.7718750010972144e-05,0.00010603125019770232,2.6234375013700628e-05,6.124366151993854e-07
main,BBOB_F5,10,2,1,18,18,18,18,4.715625004791946e-05,0.00010603125019770232,2.6234375013700628e-05,6.124366151993854e-07
main,BBOB_F5,10,2,1,19,19,19,19,4.659375008486677e-05,0.00010603125019770232,2.6234375013700628e-05,6.124366151993854e-07
main,BBOB_F5,10,2,1,20,20,20,20,4.715625004791946e-05,0.00010603125019770232,2.6234375013700628e-05,6.124366151993854e-07
main,BBOB_F5,10,2,1,21,21,21,21,4.659375008486677e-05,0.00010603125019770232,2.6234375013700628e-05,6.124366151993854e-07
main,BBOB_F5,10,2,1,22,22,22,22,4.512500004238973e-05,0.00010603125019770232,2.6707031224759703e-05,6.124366151993854e-07
main,BBOB_F5,10,2,1,23,23,23,23,4.659375008486677e-05,0.00010603125019770232,2.6707031224759703e-05,6.124366151993854e-07
main,BBOB_F5,10,2,1,24,24,24,24,4.512500004238973e-05,0.00010603125019770232,2.6707031224759703e-05,6.124366151993854e-07
main,BBOB_F5,10,2,1,25,25,25,25,4.365624999991269e-05,0.00010603125019770232,2.6707031224759703e-05,6.124366151993854e-07
main,BBOB_F5,10,2,1,26,26,26,26,4.512500004238973e-05,0.00010603125019770232,2.6707031224759703e-05,6.124366151993854e-07
main,BBOB_F5,10,2,1,27,27,27,27,4.659375008486677e-05,0.00010603125019770232,2.6707031224759703e-05,6.124366151993854e-07
main,BBOB_F5,10,2,1,28,28,28,28,4.699218754922185e-05,0.00010603125019770232,2.6707031224759703e-05,6.124366151993854e-07
main,BBOB_F5,10,2,1,29,29,29,29,4.659375008486677e-05,0.00010603125019770232,2.6707031224759703e-05,6.124366151993854e-07
main,BBOB_F5,10,2,1,30,30,30,30,4.699218754922185e-05,0.00010603125019770232,2.6707031224759703e-05,6.124366151993854e-07
main,BBOB_F5,10,2,1,31,31,31,31,4.659375008486677e-05,0.00010603125019770232,2.6707031224759703e-05,6.124366151993854e-07
main,BBOB_F5,10,2,1,32,32,32,32,4.512500004238973e-05,0.00010603125019770232,2.6707031224759703e-05,6.124366151993854e-07
main,BBOB_F5,10,2,1,33,33,33,33,4.365624999991269e-05,0.00010603125019770232,2.6707031224759703e-05,6.124366151993854e-07
main,BBOB_F5,10,2,1,34,34,34,34,4.3624999989333446e-05,0.00010603125019770232,2.6707031224759703e-05,6.124366151993854e-07
main,BBOB_F5,10,2,1,35,35,35,35,4.365624999991269e-05,0.00010603125019770232,2.6707031224759703e-05,6.124366151993854e-07
main,BBOB_F5,10,2,1,36,36,36,36,4.512500004238973e-05,0.00012134374992456287,2.6707031224759703e-05,6.124366151993854e-07
main,BBOB_F5,10,2,1,37,37,37,37,4.659375008486677e-05,0.00012134374992456287,2.6707031224759703e-05,6.124366151993854e-07
main,BBOB_F5,10,2,1,38,38,38,38,4.512500004238973e-05,0.00012134374992456287,2.6707031224759703e-05,6.124366151993854e-07
main,BBOB_F5,10,2,1,39,39,39,39,4.659375008486677e-05,0.00012134374992456287,2.6707031224759703e-05,6.124366151993854e-07
main,BBOB_F5,10,2,1,40,40,40,40,4.512500004238973e-05,0.00012134374992456287,2.6707031224759703e-05,6.124366151993854e-07
main,BBOB_F5,10,2,1,41,41,41,41,4.659375008486677e-05,0.00012156250022599124,2.6707031224759703e-05,6.124366151993854e-07
main,BBOB_F5,10,2,1,42,42,42,42,4.512500004238973e-05,0.00012156250022599124,2.6707031224759703e-05,6.124366151993854e-07
main,BBOB_F5,10,2,1,43,43,43,43,4.365624999991269e-05,0.00012156250022599124,2.889843744924292e-05,6.124366151993854e-07
main,BBOB_F5,10,2,1,44,44,44,44,4.512500004238973e-05,0.00012156250022599124,2.889843744924292e-05,6.124366151993854e-07
main,BBOB_F5,10,2,1,45,45,45,45,4.365624999991269e-05,0.00012156250022599124,2.889843744924292e-05,6.124366151993854e-07
main,BBOB_F5,10,2,1,46,46,46,46,4.512500004238973e-05,0.00012156250022599124,2.889843744924292e-05,6.124366151993854e-07
main,BBOB_F5,10,2,1,47,47,47,47,4.659375008486677e-05,0.00012156250022599124,2.889843744924292e-05,6.124366151993854e-07
main,BBOB_F5,10,2,1,48,48,48,48,4.699218754922185e-05,0.00012156250022599124,2.889843744924292e-05,6.124366151993854e-07
main,BBOB_F5,10,2,1,49,49,49,49,4.739062501357694e-05,0.00012156250022599124,2.889843744924292e-05,6.124366151993854e-07
main,BBOB_F5,10,2,1,50,50,50,50,4.755468751227454e-05,0.00012156250022599124,2.889843744924292e-05,6.124366151993854e-07
main,BBOB_F5,10,2,1,51,51,51,51,4.7718750010972144e-05,0.00012156250022599124,2.889843744924292e-05,6.124366151993854e-07
main,BBOB_F5,10,2,1,52,52,52,52,5.028124996897532e-05,0.00012156250022599124,2.889843744924292e-05,6.124366151993854e-07
main,BBOB_F5,10,2,1,53,53,53,53,4.7718750010972144e-05,0.00012156250022599124,3.0253906288635335e-05,6.124366151993854e-07
main,BBOB_F5,10,2,1,54,54,54,54,4.755468751227454e-05,0.00012156250022599124,3.0253906288635335e-05,6.124366151993854e-07
main,BBOB_F5,10,2,1,55,55,55,55,4.739062501357694e-05,0.00012156250022599124,3.0253906288635335e-05,6.124366151993854e-07
main,BBOB_F5,10,2,1,56,56,56,56,4.755468751227454e-05,0.00012156250022599124,3.0253906288635335e-05,6.124366151993854e-07
main,BBOB_F5,10,2,1,57,57,57,57,4.7718750010972144e-05,0.00012156250022599124,3.0253906288635335e-05,6.124366151993854e-07
main,BBOB_F5,10,2,1,58,58,58,58,5.028124996897532e-05,0.00012156250022599124,3.0253906288635335e-05,6.124366151993854e-07
main,BBOB_F5,10,2,1,59,59,59,59,4.7718750010972144e-05,0.00012156250022599124,3.0253906288635335e-05,6.124366151993854e-07
main,BBOB_F5,10,2,1,60,60,60,60,5.028124996897532e-05,0.00012156250022599124,3.0253906288635335e-05,6.124366151993854e-07
main,BBOB_F5,10,2,1,61,61,61,61,5.284374992697849e-05,0.00012156250022599124,3.0253906288635335e-05,6.124366151993854e-07
main,BBOB_F5,10,2,1,62,62,62,62,5.028124996897532e-05,0.00012156250022599124,3.0253906288635335e-05,6.124366151993854e-07
main,BBOB_F5,10,2,1,63,63,63,63,5.284374992697849e-05,0.00012156250022599124,3.0253906288635335e-05,6.124366151993854e-07
main,BBOB_F5,10,2,1,64,64,64,64,5.4332031254489266e-05,0.00012156250022599124,3.0253906288635335e-05,6.124366151993854e-07
main,BBOB_F5,10,2,1,65,65,65,65,5.582031258200004e-05,0.00012156250022599124,3.0253906288635335e-05,6.124366151993854e-07
main,BBOB_F5,10,2,1,66,66,66,66,5.4332031254489266e-05,0.00012156250022599124,3.0253906288635335e-05,6.124366151993854e-07
main,BBOB_F5,10,2,1,67,67,67,67,5.284374992697849e-05,0.00012156250022599124,3.0253906288635335e-05,6.124366151993854e-07
main,BBOB_F5,10,2,1,68,68,68,68,5.4332031254489266e-05,0.00012156250022599124,3.0253906288635335e-05,6.124366151993854e-07
main,BBOB_F5,10,2,1,69,69,69,69,5.582031258200004e-05,0.00012156250022599124,3.0253906288635335e-05,6.124366151993854e-07
main,BBOB_F5,10,2,1,70,70,70,70,5.617578119654354e-05,0.00012156250022599124,3.0253906288635335e-05,6.124366151993854e-07
main,BBOB_F5,10,2,1,71,71,71,71,5.6531249811087037e-05,0.00012156250022599124,3.0253906288635335e-05,6.124366151993854e-07
main,BBOB_F5,10,2,1,72,72,72,72,5.617578119654354e-05,0.00012156250022599124,3.0253906288635335e-05,6.124366151993854e-07
main,BBOB_F5,10,2,1,73,73,73,73,5.6531249811087037e-05,0.00012156250022599124,3.0253906288635335e-05,6.124366151993854e-07
main,BBOB_F5,10,2,1,74,74,74,74,5.617578119654354e-05,0.00012156250022599124,3.0253906288635335e-05,6.124366151993854e-07
main,BBOB_F5,10,2,1,75,75,75,75,5.6531249811087037e-05,0.00012156250022599124,3.0253906288635335e-05,6.124366151993854e-07
main,BBOB_F5,10,2,1,76,76,76,76,5.7539062481737346e-05,0.00012156250022599124,3.0253906288635335e-05,6.124366151993854e-07
main,BBOB_F5,10,2,1,77,77,77,77,5.8546875152387656e-05,0.00012156250022599124,3.0253906288635335e-05,6.124366151993854e-07
main,BBOB_F5,10,2,1,78,78,78,78,5.9023437643190846e-05,0.00012156250022599124,3.0253906288635335e-05,6.124366151993854e-07
main,BBOB_F5,10,2,1,79,79,79,79,5.9500000133994035e-05,0.00012156250022599124,3.0253906288635335e-05,6.124366151993854e-07
main,BBOB_F5,10,2,1,80,80,80,80,5.9023437643190846e-05,0.00012156250022599124,3.0253906288635335e-05,6.124366151993854e-07
main,BBOB_F5,10,2,1,81,81,81,81,5.8546875152387656e-05,0.00012156250022599124,3.0253906288635335e-05,6.124366151993854e-07
main,BBOB_F5,10,2,1,82,82,82,82,5.7539062481737346e-05,0.00012156250022599124,3.0253906288635335e-05,6.124366151993854e-07
main,BBOB_F5,10,2,1,83,83,83,83,5.6531249811087037e-05,0.00012156250022599124,3.0253906288635335e-05,6.124366151993854e-07
main,BBOB_F5,10,2,1,84,84,84,84,5.7539062481737346e-05,0.00012156250022599124,3.0253906288635335e-05,6.124366151993854e-07
main,BBOB_F5,10,2,1,85,85,85,85,5.8546875152387656e-05,0.00012156250022599124,3.0253906288635335e-05,6.124366151993854e-07
main,BBOB_F5,10,2,1,86,86,86,86,5.9023437643190846e-05,0.00012156250022599124,3.0253906288635335e-05,6.124366151993854e-07
main,BBOB_F5,10,2,1,87,87,87,87,5.9500000133994035e-05,0.00012156250022599124,3.0253906288635335e-05,6.124366151993854e-07
main,BBOB_F5,10,2,1,88,88,88,88,5.9023437643190846e-05,0.00012156250022599124,3.0253906288635335e-05,6.124366151993854e-07
main,BBOB_F5,10,2,1,89,89,89,89,5.8546875152387656e-05,0.00012156250022599124,3.0253906288635335e-05,6.124366151993854e-07
main,BBOB_F5,10,2,1,90,90,90,90,5.7539062481737346e-05,0.00012156250022599124,3.0253906288635335e-05,6.124366151993854e-07
main,BBOB_F5,10,2,1,91,91,91,91,5.8546875152387656e-05,0.00012173437517049024,3.0253906288635335e-05,6.124366151993854e-07
main,BBOB_F5,10,2,1,92,92,92,92,5.7539062481737346e-05,0.00012173437517049024,3.0253906288635335e-05,6.124366151993854e-07
main,BBOB_F5,10,2,1,93,93,93,93,5.8546875152387656e-05,0.00012173437517049024,3.0253906288635335e-05,6.124366151993854e-07
main,BBOB_F5,10,2,1,94,94,94,94,5.9023437643190846e-05,0.00012173437517049024,3.0253906288635335e-05,6.124366151993854e-07
main,BBOB_F5,10,2,1,95,95,95,95,5.8546875152387656e-05,0.00012173437517049024,3.0253906288635335e-05,6.124366151993854e-07
main,BBOB_F5,10,2,1,96,96,96,96,5.9023437643190846e-05,0.00012173437517049024,3.0253906288635335e-05,6.124366151993854e-07
main,BBOB_F5,10,2,1,97,97,97,97,5.8546875152387656e-05,0.00012173437517049024,3.0253906288635335e-05,6.124366151993854e-07
main,BBOB_F5,10,2,1,98,98,98,98,5.7539062481737346e-05,0.00012173437517049024,3.0253906288635335e-05,6.124366151993854e-07
main,BBOB_F5,10,2,1,99,99,99,99,5.8546875152387656e-05,0.00012173437517049024,3.0253906288635335e-05,6.124366151993854e-07
main,BBOB_F5,10,2,1,100,100,100,100,5.9023437643190846e-05,0.00012173437517049024,3.0253906288635335e-05,6.124366151993854e-07
main,BBOB_F5,10,2,1,101,101,101,101,5.8546875152387656e-05,0.00012173437517049024,3.0253906288635335e-05,6.124366151993854e-07
main,BBOB_F5,10,2,1,102,102,102,102,5.7539062481737346e-05,0.00012173437517049024,3.0253906288635335e-05,6.124366151993854e-07
main,BBOB_F5,10,2,1,103,103,103,103,5.6531249811087037e-05,0.00012173437517049024,3.0253906288635335e-05,6.124366151993854e-07
main,BBOB_F5,10,2,1,104,104,104,104,5.617578119654354e-05,0.00012173437517049024,3.0253906288635335e-05,6.124366151993854e-07
main,BBOB_F5,10,2,1,105,105,105,105,5.6531249811087037e-05,0.00012173437517049024,3.0253906288635335e-05,6.124366151993854e-07
main,BBOB_F5,10,2,1,106,106,106,106,5.617578119654354e-05,0.00012173437517049024,3.0253906288635335e-05,6.124366151993854e-07
main,BBOB_F5,10,2,1,107,107,107,107,5.582031258200004e-05,0.00012173437517049024,3.0253906288635335e-05,6.124366151993854e-07
main,BBOB_F5,10,2,1,108,108,108,108,5.4332031254489266e-05,0.00012173437517049024,3.0253906288635335e-05,6.124366151993854e-07
main,BBOB_F5,10,2,1,109,109,109,109,5.582031258200004e-05,0.00012173437517049024,3.0253906288635335e-05,6.124366151993854e-07
main,BBOB_F5,10,2,1,110,110,110,110,5.617578119654354e-05,0.00012173437517049024,3.0253906288635335e-05,6.124366151993854e-07
main,BBOB_F5,10,2,1,111,111,111,111,5.582031258200004e-05,0.00012173437517049024,3.0253906288635335e-05,6.124366151993854e-07
main,BBOB_F5,10,2,1,112,112,112,112,5.617578119654354e-05,0.00012173437517049024,3.0253906288635335e-05,6.124366151993854e-07
main,BBOB_F5,10,2,1,113,113,113,113,5.582031258200004e-05,0.00012173437517049024,3.0253906288635335e-05,6.124366151993854e-07
main,BBOB_F5,10,2,1,114,114,114,114,5.617578119654354e-05,0.00012173437517049024,3.0253906288635335e-05,6.124366151993854e-07
main,BBOB_F5,10,2,1,115,115,115,115,5.582031258200004e-05,0.00012173437517049024,3.0253906288635335e-05,6.124366151993854e-07
main,BBOB_F5,10,2,1,116,116,116,116,5.617578119654354e-05,0.00012173437517049024,3.0253906288635335e-05,6.124366151993854e-07
main,BBOB_F5,10,2,1,117,117,117,117,5.582031258200004e-05,0.00012173437517049024,3.0253906288635335e-05,6.124366151993854e-07
main,BBOB_F5,10,2,1,118,118,118,118,5.617578119654354e-05,0.00012173437517049024,3.0253906288635335e-05,6.124366151993854e-07
main,BBOB_F5,10,2,1,119,119,119,119,5.6531249811087037e-05,0.00012173437517049024,3.0253906288635335e-05,6.124366151993854e-07
main,BBOB_F5,10,2,1,120,120,120,120,5.6531249811087037e-05,0.00012173437517049024,3.0253906288635335e-05,6.124366151993854e-07
main,BBOB_F5,10,2,1,121,121,121,121,5.6531249811087037e-05,0.00012173437517049024,3.0253906288635335e-05,6.124366151993854e-07
main,BBOB_F5,10,2,1,122,122,122,122,5.617578119654354e-05,0.00012173437517049024,3.0253906288635335e-05,6.124366151993854e-07
main,BBOB_F5,10,2,1,123,123,123,123,5.6531249811087037e-05,0.00012173437517049024,3.0253906288635335e-05,6.124366151993854e-07
main,BBOB_F5,10,2,1,124,124,124,124,5.617578119654354e-05,0.00012173437517049024,3.0253906288635335e-05,6.124366151993854e-07
main,BBOB_F5,10,2,1,125,125,125,125,5.6531249811087037e-05,0.00012173437517049024,3.0253906288635335e-05,6.124366151993854e-07
main,BBOB_F5,10,2,1,126,126,126,126,5.6531249811087037e-05,0.00012173437517049024,3.0253906288635335e-05,6.124366151993854e-07
main,BBOB_F5,10,2,1,127,127,127,127,5.6531249811087037e-05,0.00012173437517049024,3.0253906288635335e-05,6.124366151993854e-07
main,BBOB_F5,10,2,1,128,128,128,128,5.6531249811087037e-05,0.00012173437517049024,3.0253906288635335e-05,6.124366151993854e-07
main,BBOB_F5,10,2,1,129,129,129,129,5.6531249811087037e-05,0.00012173437517049024,3.0253906288635335e-05,6.124366151993854e-07
main,BBOB_F5,10,2,1,130,130,130,130,5.617578119654354e-05,0.00012173437517049024,3.0253906288635335e-05,6.124366151993854e-07
main,BBOB_F5,10,2,1,131,131,131,131,5.6531249811087037e-05,0.00012173437517049024,3.0253906288635335e-05,6.124366151993854e-07
main,BBOB_F5,10,2,1,132,132,132,132,5.6531249811087037e-05,0.00012173437517049024,3.0253906288635335e-05,6.124366151993854e-07
main,BBOB_F5,10,2,1,133,133,133,133,5.6531249811087037e-05,0.00012173437517049024,3.0253906288635335e-05,6.124366151993854e-07
main,BBOB_F5,10,2,1,134,134,134,134,5.6531249811087037e-05,0.00012173437517049024,3.0253906288635335e-05,6.124366151993854e-07
main,BBOB_F5,10,2,1,135,135,135,135,5.6531249811087037e-05,0.00012173437517049024,3.0253906288635335e-05,6.124366151993854e-07
main,BBOB_F5,10,2,1,136,136,136,136,5.6531249811087037e-05,0.00012173437517049024,3.0253906288635335e-05,6.124366151993854e-07
main,BBOB_F5,10,2,1,137,137,137,137,5.6531249811087037e-05,0.00012173437517049024,3.0253906288635335e-05,6.124366151993854e-07
main,BBOB_F5,10,2,1,138,138,138,138,5.7539062481737346e-05,0.00012173437517049024,3.0253906288635335e-05,6.124366151993854e-07
main,BBOB_F5,10,2,1,139,139,139,139,5.6531249811087037e-05,0.00012173437517049024,3.0253906288635335e-05,6.124366151993854e-07
main,BBOB_F5,10,2,1,140,140,140,140,5.7539062481737346e-05,0.00012173437517049024,3.0253906288635335e-05,6.124366151993854e-07
main,BBOB_F5,10,2,1,141,141,141,141,5.6531249811087037e-05,0.00012173437517049024,3.0253906288635335e-05,6.124366151993854e-07
main,BBOB_F5,10,2,1,142,142,142,142,5.7539062481737346e-05,0.00012173437517049024,3.0253906288635335e-05,6.124366151993854e-07
main,BBOB_F5,10,2,1,143,143,143,143,5.8546875152387656e-05,0.00012173437517049024,3.0253906288635335e-05,6.124366151993854e-07
main,BBOB_F5,10,2,1,144,144,144,144,5.9023437643190846e-05,0.00012173437517049024,3.0253906288635335e-05,6.124366151993854e-07
main,BBOB_F5,10,2,1,145,145,145,145,5.9500000133994035e-05,0.00012173437517049024,3.0253906288635335e-05,6.124366151993854e-07
main,BBOB_F5,10,2,1,146,146,146,146,5.9023437643190846e-05,0.00012173437517049024,3.0253906288635335e-05,6.124366151993854e-07
main,BBOB_F5,10,2,1,147,147,147,147,5.9500000133994035e-05,0.00012173437517049024,3.0253906288635335e-05,6.124366151993854e-07
main,BBOB_F5,10,2,1,148,148,148,148,5.9023437643190846e-05,0.00012173437517049024,3.0253906288635335e-05,6.124366151993854e-07
main,BBOB_F5,10,2,1,149,149,149,149,5.9500000133994035e-05,0.00012173437517049024,3.0253906288635335e-05,6.124366151993854e-07
main,BBOB_F5,10,2,1,150,150,150,150,5.9023437643190846e-05,0.00012173437517049024,3.0253906288635335e-05,6.124366151993854e-07
main,BBOB_F5,10,2,1,151,151,151,151,5.9500000133994035e-05,0.00012173437517049024,3.0253906288635335e-05,6.124366151993854e-07
main,BBOB_F5,10,2,1,152,152,152,152,5.9023437643190846e-05,0.00012173437517049024,3.0253906288635335e-05,6.124366151993854e-07
main,BBOB_F5,10,2,1,153,153,153,153,5.8546875152387656e-05,0.00012173437517049024,3.0253906288635335e-05,6.124366151993854e-07
main,BBOB_F5,10,2,1,154,154,154,154,5.9023437643190846e-05,0.00012173437517049024,3.0253906288635335e-05,6.124366151993854e-07
main,BBOB_F5,10,2,1,155,155,155,155,5.9500000133994035e-05,0.00012173437517049024,3.0253906288635335e-05,6.124366151993854e-07
main,BBOB_F5,10,2,1,156,156,156,156,5.9023437643190846e-05,0.00012173437517049024,3.0253906288635335e-05,6.124366151993854e-07
main,BBOB_F5,10,2,1,157,157,157,157,5.9500000133994035e-05,0.00012173437517049024,3.0253906288635335e-05,6.124366151993854e-07
main,BBOB_F5,10,2,1,158,158,158,158,5.9023437643190846e-05,0.00012173437517049024,3.0253906288635335e-05,6.124366151993854e-07
main,BBOB_F5,10,2,1,159,159,159,159,5.8546875152387656e-05,0.00012173437517049024,3.0253906288635335e-05,6.124366151993854e-07
main,BBOB_F5,10,2,1,160,160,160,160,5.9023437643190846e-05,0.00012173437517049024,3.0253906288635335e-05,6.124366151993854e-07
main,BBOB_F5,10,2,1,161,161,161,161,5.9500000133994035e-05,0.00012173437517049024,3.0253906288635335e-05,6.124366151993854e-07
main,BBOB_F5,10,2,1,162,162,162,162,5.9023437643190846e-05,0.00012173437517049024,3.0253906288635335e-05,6.124366151993854e-07
main,BBOB_F5,10,2,1,163,163,163,163,5.8546875152387656e-05,0.00012173437517049024,3.0253906288635335e-05,6.124366151993854e-07
main,BBOB_F5,10,2,1,164,164,164,164,5.7539062481737346e-05,0.00012173437517049024,3.0253906288635335e-05,6.124366151993854e-07
main,BBOB_F5,10,2,1,165,165,165,165,5.6531249811087037e-05,0.00012173437517049024,3.0253906288635335e-05,6.124366151993854e-07
main,BBOB_F5,10,2,1,166,166,166,166,5.6531249811087037e-05,0.00012173437517049024,3.0253906288635335e-05,6.124366151993854e-07
main,BBOB_F5,10,2,1,167,167,167,167,5.6531249811087037e-05,0.00012173437517049024,3.0253906288635335e-05,6.124366151993854e-07
main,BBOB_F5,10,2,1,168,168,168,168,5.7539062481737346e-05,0.00012173437517049024,3.0253906288635335e-05,6.124366151993854e-07
main,BBOB_F5,10,2,1,169,169,169,169,5.8546875152387656e-05,0.00012173437517049024,3.0253906288635335e-05,6.124366151993854e-07
main,BBOB_F5,10,2,1,170,170,170,170,5.9023437643190846e-05,0.00012173437517049024,3.0253906288635335e-05,6.124366151993854e-07
main,BBOB_F5,10,2,1,171,171,171,171,5.9500000133994035e-05,0.00012173437517049024,3.0253906288635335e-05,6.124366151993854e-07
main,BBOB_F5,10,2,1,172,172,172,172,5.9742187659139745e-05,0.00012173437517049024,3.0253906288635335e-05,6.124366151993854e-07
main,BBOB_F5,10,2,1,173,173,173,173,5.9984375184285454e-05,0.00012173437517049024,3.0253906288635335e-05,6.124366151993854e-07
main,BBOB_F5,10,2,1,174,174,174,174,5.9742187659139745e-05,0.00012173437517049024,3.0253906288635335e-05,6.124366151993854e-07
main,BBOB_F5,10,2,1,175,175,175,175,5.9984375184285454e-05,0.00012173437517049024,3.0253906288635335e-05,6.124366151993854e-07
main,BBOB_F5,10,2,1,176,176,176,176,5.9742187659139745e-05,0.00012173437517049024,3.0253906288635335e-05,6.124366151993854e-07
main,BBOB_F5,10,2,1,177,177,177,177,5.9500000133994035e-05,0.00012173437517049024,3.0253906288635335e-05,6.124366151993854e-07
main,BBOB_F5,10,2,1,178,178,178,178,5.9023437643190846e-05,0.00012173437517049024,3.0253906288635335e-05,6.124366151993854e-07
main,BBOB_F5,10,2,1,179,179,179,179,5.9500000133994035e-05,0.00012173437517049024,3.0253906288635335e-05,6.124366151993854e-07
main,BBOB_F5,10,2,1,180,180,180,180,5.9742187659139745e-05,0.00012173437517049024,3.0253906288635335e-05,6.124366151993854e-07
main,BBOB_F5,10,2,1,181,181,181,181,5.9500000133994035e-05,0.00012173437517049024,3.0253906288635335e-05,6.124366151993854e-07
main,BBOB_F5,10,2,1,182,182,182,182,5.9742187659139745e-05,0.00012173437517049024,3.0253906288635335e-05,6.124366151993854e-07
main,BBOB_F5,10,2,1,183,183,183,183,5.9500000133994035e-05,0.00012173437517049024,3.0253906288635335e-05,6.124366151993854e-07
main,BBOB_F5,10,2,1,184,184,184,184,5.9023437643190846e-05,0.00012173437517049024,3.0253906288635335e-05,6.124366151993854e-07
main,BBOB_F5,10,2,1,185,185,185,185,5.8546875152387656e-05,0.00012173437517049024,3.0253906288635335e-05,6.124366151993854e-07
main,BBOB_F5,10,2,1,186,186,186,186,5.7539062481737346e-05,0.00012173437517049024,3.0253906288635335e-05,6.124366151993854e-07
main,BBOB_F5,10,2,1,187,187,187,187,5.8546875152387656e-05,0.00012173437517049024,3.0253906288635335e-05,6.124366151993854e-07
main,BBOB_F5,10,2,1,188,188,188,188,5.9023437643190846e-05,0.00012173437517049024,3.0253906288635335e-05,6.124366151993854e-07
main,BBOB_F5,10,2,1,189,189,189,189,5.8546875152387656e-05,0.00012173437517049024,3.0253906288635335e-05,6.124366151993854e-07
main,BBOB_F5,10,2,1,190,190,190,190,5.7539062481737346e-05,0.00012173437517049024,3.0253906288635335e-05,6.124366151993854e-07
main,BBOB_F5,10,2,1,191,191,191,191,5.6531249811087037e-05,0.00012173437517049024,3.0253906288635335e-05,6.124366151993854e-07
main,BBOB_F5,10,2,1,192,192,192,192,5.7539062481737346e-05,0.00012173437517049024,3.0253906288635335e-05,6.124366151993854e-07
main,BBOB_F5,10,2,1,193,193,193,193,5.8546875152387656e-05,0.00012173437517049024,3.0253906288635335e-05,6.124366151993854e-07
main,BBOB_F5,10,2,1,194,194,194,194,5.9023437643190846e-05,0.00012173437517049024,3.0253906288635335e-05,6.124366151993854e-07
main,BBOB_F5,10,2,1,195,195,195,195,5.8546875152387656e-05,0.00012173437517049024,3.0253906288635335e-05,6.124366151993854e-07
main,BBOB_F5,10,2,1,196,196,196,196,5.7539062481737346e-05,0.00012173437517049024,3.0253906288635335e-05,6.124366151993854e-07
main,BBOB_F5,10,2,1,197,197,197,197,5.6531249811087037e-05,0.00012173437517049024,3.0253906288635335e-05,6.124366151993854e-07
main,BBOB_F5,10,2,1,198,198,198,198,5.7539062481737346e-05,0.00012173437517049024,3.0253906288635335e-05,6.124366151993854e-07
main,BBOB_F5,10,2,1,199,199,199,199,5.6531249811087037e-05,0.00012173437517049024,3.0253906288635335e-05,6.124366151993854e-07
main,BBOB_F5,10,2,1,200,200,200,200,5.6531249811087037e-05,0.00012173437517049024,3.0253906288635335e-05,6.124366151993854e-07
main,BBOB_F55,10,2,1,1,1,1,1,1.844726568833721e-06,1.844726568833721e-06,4.191131592889974e-07,3.013497447135194e-07
main,BBOB_F55,10,2,1,2,2,2,2,1.8051757848525085e-06,1.844726568833721e-06,4.2622375495682263e-07,5.004473558889444e-07
main,BBOB_F55,10,2,1,3,3,3,3,1.844726568833721e-06,2.8149414106337645e-06,4.477767945321176e-07,5.004473558889444e-07
main,BBOB_F55,10,2,1,4,4,4,4,1.9328613305447107e-06,2.8149414106337645e-06,5.340270996523344e-07,5.004473558889444e-07
main,BBOB_F55,10,2,1,5,5,5,5,1.844726568833721e-06,2.8149414106337645e-06,5.340270996523344e-07,5.004473558889444e-07
main,BBOB_F55,10,2,1,6,6,6,6,1.9328613305447107e-06,4.031250000480213e-06,5.340270996523344e-07,5.004473558889444e-07
main,BBOB_F55,10,2,1,7,7,7,7,2.0209960922557e-06,4.031250000480213e-06,5.340270996523344e-07,5.004473558889444e-07
main,BBOB_F55,10,2,1,8,8,8,8,2.3073730446299123e-06,4.031250000480213e-06,5.340270996523344e-07,5.106590212355933e-07
main,BBOB_F55,10,2,1,9,9,9,9,2.0209960922557e-06,4.031250000480213e-06,5.71594238163442e-07,5.106590212355933e-07
main,BBOB_F55,10,2,1,10,10,10,10,1.9328613305447107e-06,4.031250000480213e-06,5.71594238163442e-07,5.106590212355933e-07
main,BBOB_F55,10,2,1,11,11,11,11,2.0209960922557e-06,4.031250000480213e-06,5.71594238163442e-07,5.106590212355933e-07
main,BBOB_F55,10,2,1,12,12,12,12,2.100341795596705e-06,4.031250000480213e-06,5.71594238163442e-07,5.106590212355933e-07
main,BBOB_F55,10,2,1,13,13,13,13,2.0209960922557e-06,4.031250000480213e-06,5.71594238163442e-07,5.106590212355933e-07
main,BBOB_F55,10,2,1,14,14,14,14,2.058105465607696e-06,4.031250000480213e-06,5.71594238163442e-07,5.106590212355933e-07
main,BBOB_F55,10,2,1,15,15,15,15,2.0952148389596914e-06,4.031250000480213e-06,5.71594238163442e-07,5.106590212355933e-07
main,BBOB_F55,10,2,1,16,16,16,16,2.137451168948701e-06,4.031250000480213e-06,5.71594238163442e-07,5.106590212355933e-07
main,BBOB_F55,10,2,1,17,17,17,17,2.0952148389596914e-06,4.031250000480213e-06,5.71594238163442e-07,5.106590212355933e-07
main,BBOB_F55,10,2,1,18,18,18,18,2.058105465607696e-06,4.031250000480213e-06,5.71594238163442e-07,5.106590212355933e-07
main,BBOB_F55,10,2,1,19,19,19,19,2.0209960922557e-06,4.031250000480213e-06,5.71594238163442e-07,5.106590212355933e-07
main,BBOB_F55,10,2,1,20,20,20,20,2.058105465607696e-06,4.031250000480213e-06,5.71594238163442e-07,5.106590212355933e-07
main,BBOB_F55,10,2,1,21,21,21,21,2.0952148389596914e-06,4.031250000480213e-06,5.71594238163442e-07,5.106590212355933e-07
main,BBOB_F55,10,2,1,22,22,22,22,2.137451168948701e-06,4.031250000480213e-06,5.71594238163442e-07,5.106590212355933e-07
main,BBOB_F55,10,2,1,23,23,23,23,2.17968749893771e-06,4.031250000480213e-06,5.71594238163442e-07,5.106590212355933e-07
main,BBOB_F55,10,2,1,24,24,24,24,2.3867187479709173e-06,4.031250000480213e-06,5.71594238163442e-07,5.106590212355933e-07
main,BBOB_F55,10,2,1,25,25,25,25,2.5937499970041245e-06,4.031250000480213e-06,5.71594238163442e-07,5.106590212355933e-07
main,BBOB_F55,10,2,1,26,26,26,26,2.6347656216785253e-06,4.031250000480213e-06,5.71594238163442e-07,5.106590212355933e-07
main,BBOB_F55,10,2,1,27,27,27,27,2.5937499970041245e-06,4.031250000480213e-06,5.71594238163442e-07,5.106590212355933e-07
main,BBOB_F55,10,2,1,28,28,28,28,2.6347656216785253e-06,4.031250000480213e-06,5.71594238163442e-07,5.106590212355933e-07
main,BBOB_F55,10,2,1,29,29,29,29,2.5937499970041245e-06,4.031250000480213e-06,5.71594238163442e-07,5.106590212355933e-07
main,BBOB_F55,10,2,1,30,30,30,30,2.3867187479709173e-06,4.031250000480213e-06,5.71594238163442e-07,5.106590212355933e-07
main,BBOB_F55,10,2,1,31,31,31,31,2.5937499970041245e-06,4.031250000480213e-06,5.71594238163442e-07,5.106590212355933e-07
main,BBOB_F55,10,2,1,32,32,32,32,2.4387206991605126e-06,4.031250000480213e-06,5.71594238163442e-07,5.106590212355933e-07
main,BBOB_F55,10,2,1,33,33,33,33,2.5937499970041245e-06,4.031250000480213e-06,5.71594238163442e-07,5.106590212355933e-07
main,BBOB_F55,10,2,1,34,34,34,34,2.4387206991605126e-06,4.031250000480213e-06,5.71594238163442e-07,5.106590212355933e-07
main,BBOB_F55,10,2,1,35,35,35,35,2.2836914013169007e-06,4.031250000480213e-06,5.71594238163442e-07,5.106590212355933e-07
main,BBOB_F55,10,2,1,36,36,36,36,2.2316894501273055e-06,4.031250000480213e-06,5.71594238163442e-07,5.106590212355933e-07
main,BBOB_F55,10,2,1,37,37,37,37,2.2836914013169007e-06,4.031250000480213e-06,5.71594238163442e-07,5.106590212355933e-07
main,BBOB_F55,10,2,1,38,38,38,38,2.4387206991605126e-06,4.031250000480213e-06,5.71594238163442e-07,5.106590212355933e-07
main,BBOB_F55,10,2,1,39,39,39,39,2.5937499970041245e-06,4.031250000480213e-06,5.71594238163442e-07,5.106590212355933e-07
main,BBOB_F55,10,2,1,40,40,40,40,2.6347656216785253e-06,4.031250000480213e-06,5.71594238163442e-07,5.106590212355933e-07
main,BBOB_F55,10,2,1,41,41,41,41,2.6757812463529262e-06,4.031250000480213e-06,5.71594238163442e-07,5.106590212355933e-07
main,BBOB_F55,10,2,1,42,42,42,42,2.6347656216785253e-06,4.031250000480213e-06,5.71594238163442e-07,5.106590212355933e-07
main,BBOB_F55,10,2,1,43,43,43,43,2.5937499970041245e-06,4.031250000480213e-06,5.71594238163442e-07,5.106590212355933e-07
main,BBOB_F55,10,2,1,44,44,44,44,2.541259760846515e-06,4.031250000480213e-06,5.71594238163442e-07,5.106590212355933e-07
main,BBOB_F55,10,2,1,45,45,45,45,2.5937499970041245e-06,4.031250000480213e-06,5.71594238163442e-07,5.106590212355933e-07
main,BBOB_F55,10,2,1,46,46,46,46,2.575927730674721e-06,4.031250000480213e-06,5.71594238163442e-07,5.106590212355933e-07
main,BBOB_F55,10,2,1,47,47,47,47,2.5937499970041245e-06,4.031250000480213e-06,5.71594238163442e-07,5.106590212355933e-07
main,BBOB_F55,10,2,1,48,48,48,48,2.575927730674721e-06,4.031250000480213e-06,5.71594238163442e-07,5.106590212355933e-07
main,BBOB_F55,10,2,1,49,49,49,49,2.558105464345317e-06,4.031250000480213e-06,5.71594238163442e-07,5.106590212355933e-07
main,BBOB_F55,10,2,1,50,50,50,50,2.575927730674721e-06,4.031250000480213e-06,5.71594238163442e-07,5.106590212355933e-07
main,BBOB_F55,10,2,1,51,51,51,51,2.5937499970041245e-06,4.031250000480213e-06,5.71594238163442e-07,5.106590212355933e-07
main,BBOB_F55,10,2,1,52,52,52,52,2.6347656216785253e-06,4.031250000480213e-06,5.71594238163442e-07,5.106590212355933e-07
main,BBOB_F55,10,2,1,53,53,53,53,2.6757812463529262e-06,4.031250000480213e-06,5.71594238163442e-07,5.106590212355933e-07
main,BBOB_F55,10,2,1,54,54,54,54,2.694335933028924e-06,4.031250000480213e-06,5.71594238163442e-07,5.106590212355933e-07
main,BBOB_F55,10,2,1,55,55,55,55,2.6757812463529262e-06,4.031250000480213e-06,5.71594238163442e-07,5.106590212355933e-07
main,BBOB_F55,10,2,1,56,56,56,56,2.6347656216785253e-06,4.031250000480213e-06,5.71594238163442e-07,5.157566998481578e-07
main,BBOB_F55,10,2,1,57,57,57,57,2.6479492163389295e-06,4.031250000480213e-06,5.71594238163442e-07,5.157566998481578e-07
main,BBOB_F55,10,2,1,58,58,58,58,2.661865231345928e-06,4.031250000480213e-06,5.71594238163442e-07,5.157566998481578e-07
main,BBOB_F55,10,2,1,59,59,59,59,2.6479492163389295e-06,4.031250000480213e-06,5.71594238163442e-07,5.157566998481578e-07
main,BBOB_F55,10,2,1,60,60,60,60,2.661865231345928e-06,4.031250000480213e-06,5.71594238163442e-07,5.157566998481578e-07
main,BBOB_F55,10,2,1,61,61,61,61,2.6479492163389295e-06,4.031250000480213e-06,5.71594238163442e-07,5.157566998481578e-07
main,BBOB_F55,10,2,1,62,62,62,62,2.661865231345928e-06,4.031250000480213e-06,5.71594238163442e-07,5.157566998481578e-07
main,BBOB_F55,10,2,1,63,63,63,63,2.6757812463529262e-06,4.031250000480213e-06,5.71594238163442e-07,5.157566998481578e-07
main,BBOB_F55,10,2,1,64,64,64,64,2.661865231345928e-06,4.031250000480213e-06,5.71594238163442e-07,5.157566998481578e-07
main,BBOB_F55,10,2,1,65,65,65,65,2.6757812463529262e-06,4.031250000480213e-06,5.71594238163442e-07,5.157566998481578e-07
main,BBOB_F55,10,2,1,66,66,66,66,2.661865231345928e-06,4.031250000480213e-06,5.71594238163442e-07,5.157566998481578e-07
main,BBOB_F55,10,2,1,67,67,67,67,2.6757812463529262e-06,4.031250000480213e-06,5.71594238163442e-07,5.157566998481578e-07
main,BBOB_F55,10,2,1,68,68,68,68,2.661865231345928e-06,4.031250000480213e-06,5.71594238163442e-07,5.157566998481578e-07
main,BBOB_F55,10,2,1,69,69,69,69,2.6757812463529262e-06,4.031250000480213e-06,5.71594238163442e-07,5.157566998481578e-07
main,BBOB_F55,10,2,1,70,70,70,70,2.6933593701983227e-06,4.031250000480213e-06,5.71594238163442e-07,5.157566998481578e-07
main,BBOB_F55,10,2,1,71,71,71,71,2.6757812463529262e-06,4.031250000480213e-06,5.71594238163442e-07,5.157566998481578e-07
main,BBOB_F55,10,2,1,72,72,72,72,2.6933593701983227e-06,4.031250000480213e-06,5.71594238163442e-07,5.157566998481578e-07
main,BBOB_F55,10,2,1,73,73,73,73,2.710937494043719e-06,4.031250000480213e-06,5.71594238163442e-07,5.157566998481578e-07
main,BBOB_F55,10,2,1,74,74,74,74,2.6933593701983227e-06,4.031250000480213e-06,5.71594238163442e-07,5.157566998481578e-07
main,BBOB_F55,10,2,1,75,75,75,75,2.6757812463529262e-06,4.031250000480213e-06,5.71594238163442e-07,5.157566998481578e-07
main,BBOB_F55,10,2,1,76,76,76,76,2.6933593701983227e-06,4.031250000480213e-06,5.71594238163442e-07,5.157566998481578e-07
main,BBOB_F55,10,2,1,77,77,77,77,2.710937494043719e-06,4.031250000480213e-06,5.71594238163442e-07,5.157566998481578e-07
main,BBOB_F55,10,2,1,78,78,78,78,2.6977539064887424e-06,4.031250000480213e-06,5.71594238163442e-07,5.157566998481578e-07
main,BBOB_F55,10,2,1,79,79,79,79,2.710937494043719e-06,4.031250000480213e-06,5.71594238163442e-07,5.157566998481578e-07
main,BBOB_F55,10,2,1,80,80,80,80,2.6977539064887424e-06,4.031250000480213e-06,5.71594238163442e-07,5.157566998481578e-07
main,BBOB_F55,10,2,1,81,81,81,81,2.710937494043719e-06,4.031250000480213e-06,5.71594238163442e-07,5.157566998481578e-07
main,BBOB_F55,10,2,1,82,82,82,82,2.7011718728431333e-06,4.031250000480213e-06,5.71594238163442e-07,5.157566998481578e-07
main,BBOB_F55,10,2,1,83,83,83,83,2.710937494043719e-06,4.031250000480213e-06,5.71594238163442e-07,5.157566998481578e-07
main,BBOB_F55,10,2,1,84,84,84,84,2.7011718728431333e-06,4.031250000480213e-06,5.71594238163442e-07,5.157566998481578e-07
main,BBOB_F55,10,2,1,85,85,85,85,2.6914062516425474e-06,4.031250000480213e-06,5.71594238163442e-07,5.157566998481578e-07
main,BBOB_F55,10,2,1,86,86,86,86,2.6879882852881565e-06,4.031250000480213e-06,5.71594238163442e-07,5.157566998481578e-07
main,BBOB_F55,10,2,1,87,87,87,87,2.6845703189337655e-06,4.031250000480213e-06,5.71594238163442e-07,5.157566998481578e-07
main,BBOB_F55,10,2,1,88,88,88,88,2.6879882852881565e-06,4.031250000480213e-06,5.71594238163442e-07,5.157566998481578e-07
main,BBOB_F55,10,2,1,89,89,89,89,2.6845703189337655e-06,4.031250000480213e-06,5.71594238163442e-07,5.157566998481578e-07
main,BBOB_F55,10,2,1,90,90,90,90,2.6879882852881565e-06,4.031250000480213e-06,5.71594238163442e-07,5.157566998481578e-07
main,BBOB_F55,10,2,1,91,91,91,91,2.6845703189337655e-06,4.031250000480213e-06,5.71594238163442e-07,5.157566998481578e-07
main,BBOB_F55,10,2,1,92,92,92,92,2.680175782643346e-06,4.031250000480213e-06,5.71594238163442e-07,5.157566998481578e-07
main,BBOB_F55,10,2,1,93,93,93,93,2.6757812463529262e-06,4.031250000480213e-06,5.71594238163442e-07,5.157566998481578e-07
main,BBOB_F55,10,2,1,94,94,94,94,2.680175782643346e-06,4.031250000480213e-06,5.71594238163442e-07,5.157566998481578e-07
main,BBOB_F55,10,2,1,95,95,95,95,2.6757812463529262e-06,4.031250000480213e-06,5.71594238163442e-07,5.157566998481578e-07
main,BBOB_F55,10,2,1,96,96,96,96,2.661865231345928e-06,4.031250000480213e-06,5.71594238163442e-07,5.157566998481578e-07
main,BBOB_F55,10,2,1,97,97,97,97,2.6479492163389295e-06,4.031250000480213e-06,5.71594238163442e-07,5.157566998481578e-07
main,BBOB_F55,10,2,1,98,98,98,98,2.661865231345928e-06,4.031250000480213e-06,5.71594238163442e-07,5.157566998481578e-07
main,BBOB_F55,10,2,1,99,99,99,99,2.6757812463529262e-06,4.031250000480213e-06,5.71594238163442e-07,5.157566998481578e-07
main,BBOB_F55,10,2,1,100,100,100,100,2.661865231345928e-06,4.031250000480213e-06,5.71594238163442e-07,5.157566998481578e-07
main,BBOB_F55,10,2,1,101,101,101,101,2.6479492163389295e-06,4.031250000480213e-06,5.71594238163442e-07,5.157566998481578e-07
main,BBOB_F55,10,2,1,102,102,102,102,2.636962889823735e-06,4.031250000480213e-06,5.71594238163442e-07,5.157566998481578e-07
main,BBOB_F55,10,2,1,103,103,103,103,2.625976563308541e-06,4.031250000480213e-06,5.71594238163442e-07,5.157566998481578e-07
main,BBOB_F55,10,2,1,104,104,104,104,2.636962889823735e-06,4.031250000480213e-06,5.71594238163442e-07,5.157566998481578e-07
main,BBOB_F55,10,2,1,105,105,105,105,2.6479492163389295e-06,4.031250000480213e-06,5.71594238163442e-07,5.157566998481578e-07
main,BBOB_F55,10,2,1,106,106,106,106,2.661865231345928e-06,4.031250000480213e-06,5.71594238163442e-07,5.157566998481578e-07
main,BBOB_F55,10,2,1,107,107,107,107,2.6479492163389295e-06,4.031250000480213e-06,5.71594238163442e-07,5.157566998481578e-07
main,BBOB_F55,10,2,1,108,108,108,108,2.636962889823735e-06,4.031250000480213e-06,5.71594238163442e-07,5.157566998481578e-07
main,BBOB_F55,10,2,1,109,109,109,109,2.625976563308541e-06,4.031250000480213e-06,5.71594238163442e-07,5.157566998481578e-07
main,BBOB_F55,10,2,1,110,110,110,110,2.6220703119861355e-06,4.031250000480213e-06,5.71594238163442e-07,5.157566998481578e-07
main,BBOB_F55,10,2,1,111,111,111,111,2.625976563308541e-06,4.031250000480213e-06,5.71594238163442e-07,5.157566998481578e-07
main,BBOB_F55,10,2,1,112,112,112,112,2.6220703119861355e-06,4.031250000480213e-06,5.71594238163442e-07,5.157566998481578e-07
main,BBOB_F55,10,2,1,113,113,113,113,2.61816406066373e-06,4.031250000480213e-06,5.71594238163442e-07,5.157566998481578e-07
main,BBOB_F55,10,2,1,114,114,114,114,2.6059570288339273e-06,4.031250000480213e-06,5.71594238163442e-07,5.157566998481578e-07
main,BBOB_F55,10,2,1,115,115,115,115,2.61816406066373e-06,4.031250000480213e-06,5.71594238163442e-07,5.157566998481578e-07
main,BBOB_F55,10,2,1,116,116,116,116,2.6220703119861355e-06,4.031250000480213e-06,5.71594238163442e-07,5.157566998481578e-07
main,BBOB_F55,10,2,1,117,117,117,117,2.61816406066373e-06,4.031250000480213e-06,5.71594238163442e-07,5.157566998481578e-07
main,BBOB_F55,10,2,1,118,118,118,118,2.6059570288339273e-06,4.031250000480213e-06,5.71594238163442e-07,5.157566998481578e-07
main,BBOB_F55,10,2,1,119,119,119,119,2.61816406066373e-06,4.031250000480213e-06,5.71594238163442e-07,5.157566998481578e-07
main,BBOB_F55,10,2,1,120,120,120,120,2.6220703119861355e-06,4.031250000480213e-06,5.71594238163442e-07,5.157566998481578e-07
main,BBOB_F55,10,2,1,121,121,121,121,2.61816406066373e-06,4.031250000480213e-06,5.71594238163442e-07,5.157566998481578e-07
main,BBOB_F55,10,2,1,122,122,122,122,2.6220703119861355e-06,4.031250000480213e-06,5.71594238163442e-07,5.157566998481578e-07
main,BBOB_F55,10,2,1,123,123,123,123,2.625976563308541e-06,4.031250000480213e-06,5.71594238163442e-07,5.157566998481578e-07
main,BBOB_F55,10,2,1,124,124,124,124,2.636962889823735e-06,4.031250000480213e-06,5.71594238163442e-07,5.157566998481578e-07
main,BBOB_F55,10,2,1,125,125,125,125,2.6479492163389295e-06,4.031250000480213e-06,5.71594238163442e-07,5.157566998481578e-07
main,BBOB_F55,10,2,1,126,126,126,126,2.636962889823735e-06,4.031250000480213e-06,5.71594238163442e-07,5.157566998481578e-07
main,BBOB_F55,10,2,1,127,127,127,127,2.625976563308541e-06,4.031250000480213e-06,5.71594238163442e-07,5.157566998481578e-07
main,BBOB_F55,10,2,1,128,128,128,128,2.6220703119861355e-06,4.031250000480213e-06,5.71594238163442e-07,5.157566998481578e-07
main,BBOB_F55,10,2,1,129,129,129,129,2.61816406066373e-06,4.031250000480213e-06,5.71594238163442e-07,5.157566998481578e-07
main,BBOB_F55,10,2,1,130,130,130,130,2.6059570288339273e-06,4.031250000480213e-06,5.71594238163442e-07,5.157566998481578e-07
main,BBOB_F55,10,2,1,131,131,131,131,2.5937499970041245e-06,4.031250000480213e-06,5.71594238163442e-07,5.157566998481578e-07
main,BBOB_F55,10,2,1,132,132,132,132,2.6059570288339273e-06,4.031250000480213e-06,5.71594238163442e-07,5.157566998481578e-07
main,BBOB_F55,10,2,1,133,133,133,133,2.61816406066373e-06,4.031250000480213e-06,5.71594238163442e-07,5.157566998481578e-07
main,BBOB_F55,10,2,1,134,134,134,134,2.6059570288339273e-06,4.031250000480213e-06,5.71594238163442e-07,5.157566998481578e-07
main,BBOB_F55,10,2,1,135,135,135,135,2.61816406066373e-06,4.031250000480213e-06,5.71594238163442e-07,5.157566998481578e-07
main,BBOB_F55,10,2,1,136,136,136,136,2.6059570288339273e-06,4.031250000480213e-06,5.71594238163442e-07,5.157566998481578e-07
main,BBOB_F55,10,2,1,137,137,137,137,2.61816406066373e-06,4.031250000480213e-06,5.71594238163442e-07,5.157566998481578e-07
main,BBOB_F55,10,2,1,138,138,138,138,2.6059570288339273e-06,4.031250000480213e-06,5.71594238163442e-07,5.157566998481578e-07
main,BBOB_F55,10,2,1,139,139,139,139,2.5937499970041245e-06,4.031250000480213e-06,5.71594238163442e-07,5.157566998481578e-07
main,BBOB_F55,10,2,1,140,140,140,140,2.6059570288339273e-06,4.031250000480213e-06,5.71594238163442e-07,5.157566998481578e-07
main,BBOB_F55,10,2,1,141,141,141,141,2.61816406066373e-06,4.031250000480213e-06,5.71594238163442e-07,5.157566998481578e-07
main,BBOB_F55,10,2,1,142,142,142,142,2.6059570288339273e-06,4.031250000480213e-06,5.71594238163442e-07,5.157566998481578e-07
main,BBOB_F55,10,2,1,143,143,143,143,2.5937499970041245e-06,4.031250000480213e-06,5.71594238163442e-07,5.157566998481578e-07
main,BBOB_F55,10,2,1,144,144,144,144,2.6059570288339273e-06,4.031250000480213e-06,5.71594238163442e-07,5.157566998481578e-07
main,BBOB_F55,10,2,1,145,145,145,145,2.5937499970041245e-06,4.031250000480213e-06,5.71594238163442e-07,5.157566998481578e-07
main,BBOB_F55,10,2,1,146,146,146,146,2.6059570288339273e-06,4.031250000480213e-06,5.71594238163442e-07,5.157566998481578e-07
main,BBOB_F55,10,2,1,147,147,147,147,2.5937499970041245e-06,4.031250000480213e-06,5.71594238163442e-07,5.157566998481578e-07
main,BBOB_F55,10,2,1,148,148,148,148,2.575927730674721e-06,4.031250000480213e-06,5.71594238163442e-07,5.157566998481578e-07
main,BBOB_F55,10,2,1,149,149,149,149,2.5937499970041245e-06,4.031250000480213e-06,5.71594238163442e-07,5.157566998481578e-07
main,BBOB_F55,10,2,1,150,150,150,150,2.575927730674721e-06,4.031250000480213e-06,5.71594238163442e-07,5.157566998481578e-07
main,BBOB_F55,10,2,1,151,151,151,151,2.558105464345317e-06,4.031250000480213e-06,5.71594238163442e-07,5.157566998481578e-07
main,BBOB_F55,10,2,1,152,152,152,152,2.523437494517111e-06,4.031250000480213e-06,5.71594238163442e-07,5.157566998481578e-07
main,BBOB_F55,10,2,1,153,153,153,153,2.555664067926955e-06,4.031250000480213e-06,5.71594238163442e-07,5.157566998481578e-07
main,BBOB_F55,10,2,1,154,154,154,154,2.556884766136136e-06,4.031250000480213e-06,5.71594238163442e-07,5.157566998481578e-07
main,BBOB_F55,10,2,1,155,155,155,155,2.558105464345317e-06,4.031250000480213e-06,5.71594238163442e-07,5.157566998481578e-07
main,BBOB_F55,10,2,1,156,156,156,156,2.556884766136136e-06,4.031250000480213e-06,5.71594238163442e-07,5.157566998481578e-07
main,BBOB_F55,10,2,1,157,157,157,157,2.555664067926955e-06,4.031250000480213e-06,5.71594238163442e-07,5.157566998481578e-07
main,BBOB_F55,10,2,1,158,158,158,158,2.556884766136136e-06,4.031250000480213e-06,5.71594238163442e-07,5.157566998481578e-07
main,BBOB_F55,10,2,1,159,159,159,159,2.555664067926955e-06,4.031250000480213e-06,5.71594238163442e-07,5.157566998481578e-07
main,BBOB_F55,10,2,1,160,160,160,160,2.556884766136136e-06,4.031250000480213e-06,5.71594238163442e-07,5.157566998481578e-07
main,BBOB_F55,10,2,1,161,161,161,161,2.558105464345317e-06,4.031250000480213e-06,5.71594238163442e-07,5.157566998481578e-07
main,BBOB_F55,10,2,1,162,162,162,162,2.556884766136136e-06,4.031250000480213e-06,5.71594238163442e-07,5.157566998481578e-07
main,BBOB_F55,10,2,1,163,163,163,163,2.558105464345317e-06,4.031250000480213e-06,5.71594238163442e-07,5.157566998481578e-07
main,BBOB_F55,10,2,1,164,164,164,164,2.5629882784983238e-06,4.031250000480213e-06,5.71594238163442e-07,5.157566998481578e-07
main,BBOB_F55,10,2,1,165,165,165,165,2.558105464345317e-06,4.031250000480213e-06,5.71594238163442e-07,5.157566998481578e-07
main,BBOB_F55,10,2,1,166,166,166,166,2.5629882784983238e-06,4.031250000480213e-06,5.71594238163442e-07,5.157566998481578e-07
main,BBOB_F55,10,2,1,167,167,167,167,2.5678710926513304e-06,4.031250000480213e-06,5.71594238163442e-07,5.157566998481578e-07
main,BBOB_F55,10,2,1,168,168,168,168,2.5629882784983238e-06,4.031250000480213e-06,5.71594238163442e-07,5.157566998481578e-07
main,BBOB_F55,10,2,1,169,169,169,169,2.558105464345317e-06,4.031250000480213e-06,5.71594238163442e-07,5.157566998481578e-07
main,BBOB_F55,10,2,1,170,170,170,170,2.556884766136136e-06,4.031250000480213e-06,5.71594238163442e-07,5.157566998481578e-07
main,BBOB_F55,10,2,1,171,171,171,171,2.558105464345317e-06,4.031250000480213e-06,5.71594238163442e-07,5.157566998481578e-07
main,BBOB_F55,10,2,1,172,172,172,172,2.556884766136136e-06,4.031250000480213e-06,5.71594238163442e-07,5.157566998481578e-07
main,BBOB_F55,10,2,1,173,173,173,173,2.558105464345317e-06,4.123535163103043e-06,5.71594238163442e-07,5.157566998481578e-07
main,BBOB_F55,10,2,1,174,174,174,174,2.556884766136136e-06,4.123535163103043e-06,5.71594238163442e-07,5.157566998481578e-07
main,BBOB_F55,10,2,1,175,175,175,175,2.555664067926955e-06,4.123535163103043e-06,5.71594238163442e-07,5.157566998481578e-07
main,BBOB_F55,10,2,1,176,176,176,176,2.533203129928552e-06,4.123535163103043e-06,5.71594238163442e-07,5.157566998481578e-07
main,BBOB_F55,10,2,1,177,177,177,177,2.5107421919301487e-06,4.123535163103043e-06,5.71594238163442e-07,5.157566998481578e-07
main,BBOB_F55,10,2,1,178,178,178,178,2.533203129928552e-06,4.123535163103043e-06,5.71594238163442e-07,5.157566998481578e-07
main,BBOB_F55,10,2,1,179,179,179,179,2.555664067926955e-06,4.123535163103043e-06,5.71594238163442e-07,5.157566998481578e-07
main,BBOB_F55,10,2,1,180,180,180,180,2.533203129928552e-06,4.123535163103043e-06,5.71594238163442e-07,5.157566998481578e-07
main,BBOB_F55,10,2,1,181,181,181,181,2.555664067926955e-06,4.123535163103043e-06,5.71594238163442e-07,5.157566998481578e-07
main,BBOB_F55,10,2,1,182,182,182,182,2.533203129928552e-06,4.123535163103043e-06,5.71594238163442e-07,5.157566998481578e-07
main,BBOB_F55,10,2,1,183,183,183,183,2.555664067926955e-06,4.123535163103043e-06,5.71594238163442e-07,5.157566998481578e-07
main,BBOB_F55,10,2,1,184,184,184,184,2.533203129928552e-06,4.123535163103043e-06,5.71594238163442e-07,5.157566998481578e-07
main,BBOB_F55,10,2,1,185,185,185,185,2.555664067926955e-06,4.123535163103043e-06,5.71594238163442e-07,5.157566998481578e-07
main,BBOB_F55,10,2,1,186,186,186,186,2.533203129928552e-06,4.123535163103043e-06,5.71594238163442e-07,5.157566998481578e-07
main,BBOB_F55,10,2,1,187,187,187,187,2.5107421919301487e-06,4.123535163103043e-06,5.71594238163442e-07,5.157566998481578e-07
main,BBOB_F55,10,2,1,188,188,188,188,2.533203129928552e-06,4.123535163103043e-06,5.71594238163442e-07,5.157566998481578e-07
main,BBOB_F55,10,2,1,189,189,189,189,2.555664067926955e-06,4.123535163103043e-06,5.71594238163442e-07,5.157566998481578e-07
main,BBOB_F55,10,2,1,190,190,190,190,2.556884766136136e-06,4.123535163103043e-06,5.71594238163442e-07,5.157566998481578e-07
main,BBOB_F55,10,2,1,191,191,191,191,2.555664067926955e-06,4.123535163103043e-06,5.71594238163442e-07,5.157566998481578e-07
main,BBOB_F55,10,2,1,192,192,192,192,2.533203129928552e-06,4.123535163103043e-06,5.71594238163442e-07,5.157566998481578e-07
main,BBOB_F55,10,2,1,193,193,193,193,2.555664067926955e-06,4.123535163103043e-06,5.71594238163442e-07,5.157566998481578e-07
main,BBOB_F55,10,2,1,194,194,194,194,2.533203129928552e-06,4.123535163103043e-06,5.71594238163442e-07,5.157566998481578e-07
main,BBOB_F55,10,2,1,195,195,195,195,2.555664067926955e-06,4.31347656615344e-06,5.71594238163442e-07,5.157566998481578e-07
main,BBOB_F55,10,2,1,196,196,196,196,2.533203129928552e-06,4.31347656615344e-06,5.71594238163442e-07,5.157566998481578e-07
main,BBOB_F55,10,2,1,197,197,197,197,2.5107421919301487e-06,4.31347656615344e-06,5.71594238163442e-07,5.157566998481578e-07
main,BBOB_F55,10,2,1,198,198,198,198,2.533203129928552e-06,4.31347656615344e-06,5.71594238163442e-07,5.157566998481578e-07
main,BBOB_F55,10,2,1,199,199,199,199,2.555664067926955e-06,4.31347656615344e-06,5.71594238163442e-07,5.157566998481578e-07
main,BBOB_F55,10,2,1,200,200,200,200,2.533203129928552e-06,4.31347656615344e-06,5.71594238163442e-07,5.157566998481578e-07
main,DTLZ1,7,3,1,1,1,1,1,7.421875238833309e-07,7.421875238833309e-07,2.5659179669901278e-06,4.4273483346124465e-07
main,DTLZ1,7,3,1,2,2,2,2,3.1083984595170477e-06,5.474609395150765e-06,2.5659179669901278e-06,4.4273483346124465e-07
main,DTLZ1,7,3,1,3,3,3,3,3.561035157417791e-06,5.474609395150765e-06,2.5659179669901278e-06,4.4273483346124465e-07
main,DTLZ1,7,3,1,4,4,4,4,3.8254394567616146e-06,5.474609395150765e-06,2.5659179669901278e-06,4.4273483346124465e-07
main,DTLZ1,7,3,1,5,5,5,5,3.561035157417791e-06,5.474609395150765e-06,2.5659179669901278e-06,4.4273483346124465e-07
main,DTLZ1,7,3,1,6,6,6,6,3.3811035180519866e-06,5.474609395150765e-06,3.5239257840657956e-06,4.845660332986057e-07
main,DTLZ1,7,3,1,7,7,7,7,3.561035157417791e-06,6.0039062361738615e-06,3.5239257840657956e-06,4.845660332986057e-07
main,DTLZ1,7,3,1,8,8,8,8,3.8254394567616146e-06,6.585937512681994e-06,3.5239257840657956e-06,4.845660332986057e-07
main,DTLZ1,7,3,1,9,9,9,9,3.561035157417791e-06,6.585937512681994e-06,3.5239257840657956e-06,4.845660332986057e-07
main,DTLZ1,7,3,1,10,10,10,10,3.449951165634957e-06,6.585937512681994e-06,3.5239257840657956e-06,4.845660332986057e-07
main,DTLZ1,7,3,1,11,11,11,11,3.3388671738521225e-06,6.585937512681994e-06,3.5239257840657956e-06,4.845660332986057e-07
main,DTLZ1,7,3,1,12,12,12,12,3.2700195262691523e-06,6.585937512681994e-06,3.5239257840657956e-06,4.845660332986057e-07
main,DTLZ1,7,3,1,13,13,13,13,3.3388671738521225e-06,6.585937512681994e-06,3.5239257840657956e-06,4.845660332986057e-07
main,DTLZ1,7,3,1,14,14,14,14,3.373535150785756e-06,6.585937512681994e-06,3.5239257840657956e-06,4.845660332986057e-07
main,DTLZ1,7,3,1,15,15,15,15,3.408203127719389e-06,6.585937512681994e-06,3.5239257840657956e-06,4.845660332986057e-07
main,DTLZ1,7,3,1,16,16,16,16,3.48461914256859e-06,6.585937512681994e-06,3.5239257840657956e-06,4.845660332986057e-07
main,DTLZ1,7,3,1,17,17,17,17,3.408203127719389e-06,6.585937512681994e-06,3.5239257840657956e-06,4.845660332986057e-07
main,DTLZ1,7,3,1,18,18,18,18,3.48461914256859e-06,6.585937512681994e-06,3.5239257840657956e-06,4.845660332986057e-07
main,DTLZ1,7,3,1,19,19,19,19,3.408203127719389e-06,6.585937512681994e-06,3.5239257840657956e-06,4.845660332986057e-07
main,DTLZ1,7,3,1,20,20,20,20,3.373535150785756e-06,6.585937512681994e-06,3.5239257840657956e-06,4.845660332986057e-07
main,DTLZ1,7,3,1,21,21,21,21,3.3388671738521225e-06,6.585937512681994e-06,3.5239257840657956e-06,4.845660332986057e-07
main,DTLZ1,7,3,1,22,22,22,22,3.326660149127747e-06,6.585937512681994e-06,3.5239257840657956e-06,4.845660332986057e-07
main,DTLZ1,7,3,1,23,23,23,23,3.3388671738521225e-06,6.585937512681994e-06,3.5239257840657956e-06,4.845660332986057e-07
main,DTLZ1,7,3,1,24,24,24,24,3.373535150785756e-06,6.585937512681994e-06,3.5239257840657956e-06,4.845660332986057e-07
main,DTLZ1,7,3,1,25,25,25,25,3.3388671738521225e-06,6.585937512681994e-06,3.5239257840657956e-06,4.845660332986057e-07
main,DTLZ1,7,3,1,26,26,26,26,3.326660149127747e-06,6.585937512681994e-06,3.5239257840657956e-06,4.845660332986057e-07
main,DTLZ1,7,3,1,27,27,27,27,3.3144531244033715e-06,6.585937512681994e-06,3.5239257840657956e-06,4.845660332986057e-07
main,DTLZ1,7,3,1,28,28,28,28,3.2578125015447768e-06,6.585937512681994e-06,3.5239257840657956e-06,4.845660332986057e-07
main,DTLZ1,7,3,1,29,29,29,29,3.201171878686182e-06,6.585937512681994e-06,3.5239257840657956e-06,4.845660332986057e-07
main,DTLZ1,7,3,1,30,30,30,30,3.2578125015447768e-06,6.585937512681994e-06,3.5239257840657956e-06,4.845660332986057e-07
main,DTLZ1,7,3,1,31,31,31,31,3.3144531244033715e-06,6.585937512681994e-06,3.5239257840657956e-06,4.845660332986057e-07
main,DTLZ1,7,3,1,32,32,32,32,3.2578125015447768e-06,6.585937512681994e-06,3.5239257840657956e-06,4.845660332986057e-07
main,DTLZ1,7,3,1,33,33,33,33,3.3144531244033715e-06,6.585937512681994e-06,3.5239257840657956e-06,4.845660332986057e-07
main,DTLZ1,7,3,1,34,34,34,34,3.326660149127747e-06,7.3398437621108314e-06,3.5239257840657956e-06,4.845660332986057e-07
main,DTLZ1,7,3,1,35,35,35,35,3.3144531244033715e-06,7.3398437621108314e-06,3.5239257840657956e-06,4.845660332986057e-07
main,DTLZ1,7,3,1,36,36,36,36,3.326660149127747e-06,7.3398437621108314e-06,3.5239257840657956e-06,4.845660332986057e-07
main,DTLZ1,7,3,1,37,37,37,37,3.3144531244033715e-06,7.3398437621108314e-06,3.5239257840657956e-06,4.845660332986057e-07
main,DTLZ1,7,3,1,38,38,38,38,3.2578125015447768e-06,7.3398437621108314e-06,3.5239257840657956e-06,4.845660332986057e-07
main,DTLZ1,7,3,1,39,39,39,39,3.3144531244033715e-06,7.3398437621108314e-06,3.5239257840657956e-06,4.845660332986057e-07
main,DTLZ1,7,3,1,40,40,40,40,3.2578125015447768e-06,7.3398437621108314e-06,3.5239257840657956e-06,4.845660332986057e-07
main,DTLZ1,7,3,1,41,41,41,41,3.201171878686182e-06,7.3398437621108314e-06,3.5239257840657956e-06,4.845660332986057e-07
main,DTLZ1,7,3,1,42,42,42,42,3.2578125015447768e-06,7.3398437621108314e-06,3.5239257840657956e-06,4.845660332986057e-07
main,DTLZ1,7,3,1,43,43,43,43,3.3144531244033715e-06,7.3398437621108314e-06,3.5239257840657956e-06,4.845660332986057e-07
main,DTLZ1,7,3,1,44,44,44,44,3.326660149127747e-06,7.3398437621108314e-06,3.5239257840657956e-06,4.845660332986057e-07
main,DTLZ1,7,3,1,45,45,45,45,3.3388671738521225e-06,7.3398437621108314e-06,3.5239257840657956e-06,4.845660332986057e-07
main,DTLZ1,7,3,1,46,46,46,46,3.358398430464149e-06,7.3398437621108314e-06,3.5239257840657956e-06,4.845660332986057e-07
main,DTLZ1,7,3,1,47,47,47,47,3.3388671738521225e-06,7.3398437621108314e-06,3.5239257840657956e-06,4.845660332986057e-07
main,DTLZ1,7,3,1,48,48,48,48,3.326660149127747e-06,7.3398437621108314e-06,3.5239257840657956e-06,4.869049843592155e-07
main,DTLZ1,7,3,1,49,49,49,49,3.3144531244033715e-06,7.3398437621108314e-06,3.5239257840657956e-06,4.869049843592155e-07
main,DTLZ1,7,3,1,50,50,50,50,3.2578125015447768e-06,7.3398437621108314e-06,3.5239257840657956e-06,4.869049843592155e-07
main,DTLZ1,7,3,1,51,51,51,51,3.3144531244033715e-06,7.3398437621108314e-06,3.5239257840657956e-06,4.869049843592155e-07
main,DTLZ1,7,3,1,52,52,52,52,3.2578125015447768e-06,7.3398437621108314e-06,3.5239257840657956e-06,4.869049843592155e-07
main,DTLZ1,7,3,1,53,53,53,53,3.3144531244033715e-06,7.3398437621108314e-06,3.5239257840657956e-06,4.869049843592155e-07
main,DTLZ1,7,3,1,54,54,54,54,3.2578125015447768e-06,7.3398437621108314e-06,3.5239257840657956e-06,4.869049843592155e-07
main,DTLZ1,7,3,1,55,55,55,55,3.201171878686182e-06,7.3398437621108314e-06,3.5239257840657956e-06,4.869049843592155e-07
main,DTLZ1,7,3,1,56,56,56,56,3.2578125015447768e-06,7.3398437621108314e-06,3.5239257840657956e-06,4.869049843592155e-07
main,DTLZ1,7,3,1,57,57,57,57,3.201171878686182e-06,7.3398437621108314e-06,3.5239257840657956e-06,4.869049843592155e-07
main,DTLZ1,7,3,1,58,58,58,58,3.2578125015447768e-06,7.3398437621108314e-06,3.5239257840657956e-06,4.869049843592155e-07
main,DTLZ1,7,3,1,59,59,59,59,3.201171878686182e-06,7.3398437621108314e-06,3.5239257840657956e-06,4.869049843592155e-07
main,DTLZ1,7,3,1,60,60,60,60,3.201171878686182e-06,7.3398437621108314e-06,3.5239257840657956e-06,4.869049843592155e-07
main,DTLZ1,7,3,1,61,61,61,61,3.201171878686182e-06,7.3398437621108314e-06,3.5239257840657956e-06,4.869049843592155e-07
main,DTLZ1,7,3,1,62,62,62,62,3.1904296875495675e-06,7.3398437621108314e-06,3.5239257840657956e-06,4.869049843592155e-07
main,DTLZ1,7,3,1,63,63,63,63,3.201171878686182e-06,7.3398437621108314e-06,3.5239257840657956e-06,4.869049843592155e-07
main,DTLZ1,7,3,1,64,64,64,64,3.1904296875495675e-06,7.3398437621108314e-06,3.5239257840657956e-06,4.869049843592155e-07
main,DTLZ1,7,3,1,65,65,65,65,3.201171878686182e-06,7.3398437621108314e-06,3.5239257840657956e-06,4.869049843592155e-07
main,DTLZ1,7,3,1,66,66,66,66,3.201171878686182e-06,7.940429696873252e-06,3.5239257840657956e-06,4.869049843592155e-07
main,DTLZ1,7,3,1,67,67,67,67,3.201171878686182e-06,7.940429696873252e-06,3.5239257840657956e-06,4.869049843592155e-07
main,DTLZ1,7,3,1,68,68,68,68,3.201171878686182e-06,7.940429696873252e-06,3.5239257840657956e-06,4.869049843592155e-07
main,DTLZ1,7,3,1,69,69,69,69,3.201171878686182e-06,7.940429696873252e-06,3.5239257840657956e-06,4.869049843592155e-07
main,DTLZ1,7,3,1,70,70,70,70,3.1904296875495675e-06,7.940429696873252e-06,3.5239257840657956e-06,4.869049843592155e-07
main,DTLZ1,7,3,1,71,71,71,71,3.201171878686182e-06,7.940429696873252e-06,3.5239257840657956e-06,4.869049843592155e-07
main,DTLZ1,7,3,1,72,72,72,72,3.1904296875495675e-06,7.940429696873252e-06,3.5239257840657956e-06,4.869049843592155e-07
main,DTLZ1,7,3,1,73,73,73,73,3.179687496412953e-06,7.940429696873252e-06,3.5239257840657956e-06,4.869049843592155e-07
main,DTLZ1,7,3,1,74,74,74,74,3.1904296875495675e-06,7.940429696873252e-06,3.5239257840657956e-06,4.869049843592155e-07
main,DTLZ1,7,3,1,75,75,75,75,3.201171878686182e-06,7.940429696873252e-06,3.5239257840657956e-06,4.869049843592155e-07
main,DTLZ1,7,3,1,76,76,76,76,3.201171878686182e-06,7.940429696873252e-06,3.5239257840657956e-06,4.869049843592155e-07
main,DTLZ1,7,3,1,77,77,77,77,3.201171878686182e-06,7.940429696873252e-06,3.5239257840657956e-06,4.869049843592155e-07
main,DTLZ1,7,3,1,78,78,78,78,3.2578125015447768e-06,7.940429696873252e-06,3.5239257840657956e-06,4.869049843592155e-07
main,DTLZ1,7,3,1,79,79,79,79,3.3144531244033715e-06,7.940429696873252e-06,3.5239257840657956e-06,4.869049843592155e-07
main,DTLZ1,7,3,1,80,80,80,80,3.2578125015447768e-06,7.940429696873252e-06,3.5239257840657956e-06,4.869049843592155e-07
main,DTLZ1,7,3,1,81,81,81,81,3.3144531244033715e-06,7.940429696873252e-06,3.5239257840657956e-06,4.869049843592155e-07
main,DTLZ1,7,3,1,82,82,82,82,3.2578125015447768e-06,7.940429696873252e-06,3.5239257840657956e-06,4.869049843592155e-07
main,DTLZ1,7,3,1,83,83,83,83,3.3144531244033715e-06,7.940429696873252e-06,3.5239257840657956e-06,4.869049843592155e-07
main,DTLZ1,7,3,1,84,84,84,84,3.326660149127747e-06,7.940429696873252e-06,3.5239257840657956e-06,4.869049843592155e-07
main,DTLZ1,7,3,1,85,85,85,85,3.3144531244033715e-06,7.940429696873252e-06,3.5239257840657956e-06,4.869049843592155e-07
main,DTLZ1,7,3,1,86,86,86,86,3.326660149127747e-06,7.940429696873252e-06,3.5239257840657956e-06,4.869049843592155e-07
main,DTLZ1,7,3,1,87,87,87,87,3.3388671738521225e-06,7.940429696873252e-06,3.5239257840657956e-06,4.869049843592155e-07
main,DTLZ1,7,3,1,88,88,88,88,3.326660149127747e-06,7.940429696873252e-06,3.5239257840657956e-06,4.869049843592155e-07
main,DTLZ1,7,3,1,89,89,89,89,3.3144531244033715e-06,7.940429696873252e-06,3.5239257840657956e-06,4.869049843592155e-07
main,DTLZ1,7,3,1,90,90,90,90,3.2578125015447768e-06,7.940429696873252e-06,3.5239257840657956e-06,4.869049843592155e-07
main,DTLZ1,7,3,1,91,91,91,91,3.3144531244033715e-06,7.940429696873252e-06,3.5239257840657956e-06,4.869049843592155e-07
main,DTLZ1,7,3,1,92,92,92,92,3.326660149127747e-06,7.940429696873252e-06,3.5239257840657956e-06,4.869049843592155e-07
main,DTLZ1,7,3,1,93,93,93,93,3.3144531244033715e-06,7.940429696873252e-06,3.5239257840657956e-06,4.869049843592155e-07
main,DTLZ1,7,3,1,94,94,94,94,3.326660149127747e-06,7.940429696873252e-06,3.5239257840657956e-06,4.99221493591856e-07
main,DTLZ1,7,3,1,95,95,95,95,3.3144531244033715e-06,7.940429696873252e-06,3.5239257840657956e-06,4.99221493591856e-07
main,DTLZ1,7,3,1,96,96,96,96,3.2985839837351705e-06,7.940429696873252e-06,3.5239257840657956e-06,4.99221493591856e-07
main,DTLZ1,7,3,1,97,97,97,97,3.2827148430669695e-06,7.940429696873252e-06,3.5239257840657956e-06,4.99221493591856e-07
main,DTLZ1,7,3,1,98,98,98,98,3.2985839837351705e-06,7.940429696873252e-06,3.5239257840657956e-06,4.99221493591856e-07
main,DTLZ1,7,3,1,99,99,99,99,3.3144531244033715e-06,7.940429696873252e-06,3.5239257840657956e-06,4.99221493591856e-07
main,DTLZ1,7,3,1,100,100,100,100,3.2985839837351705e-06,7.940429696873252e-06,3.5239257840657956e-06,4.99221493591856e-07
main,DTLZ1,7,3,1,101,101,101,101,3.2827148430669695e-06,7.940429696873252e-06,3.5239257840657956e-06,4.99221493591856e-07
main,DTLZ1,7,3,1,102,102,102,102,3.2419433608765758e-06,7.940429696873252e-06,3.5239257840657956e-06,4.99221493591856e-07
main,DTLZ1,7,3,1,103,103,103,103,3.201171878686182e-06,7.940429696873252e-06,3.5239257840657956e-06,4.99221493591856e-07
main,DTLZ1,7,3,1,104,104,104,104,3.2419433608765758e-06,7.940429696873252e-06,3.5239257840657956e-06,4.99221493591856e-07
main,DTLZ1,7,3,1,105,105,105,105,3.201171878686182e-06,7.940429696873252e-06,3.5239257840657956e-06,4.99221493591856e-07
main,DTLZ1,7,3,1,106,106,106,106,3.2419433608765758e-06,7.940429696873252e-06,3.5239257840657956e-06,4.99221493591856e-07
main,DTLZ1,7,3,1,107,107,107,107,3.201171878686182e-06,7.940429696873252e-06,3.5239257840657956e-06,4.99221493591856e-07
main,DTLZ1,7,3,1,108,108,108,108,3.201171878686182e-06,7.940429696873252e-06,3.5239257840657956e-06,4.99221493591856e-07
main,DTLZ1,7,3,1,109,109,109,109,3.201171878686182e-06,7.940429696873252e-06,3.5239257840657956e-06,4.99221493591856e-07
main,DTLZ1,7,3,1,110,110,110,110,3.201171878686182e-06,7.940429696873252e-06,3.5239257840657956e-06,4.99221493591856e-07
main,DTLZ1,7,3,1,111,111,111,111,3.201171878686182e-06,7.940429696873252e-06,3.5239257840657956e-06,4.99221493591856e-07
main,DTLZ1,7,3,1,112,112,112,112,3.201171878686182e-06,7.940429696873252e-06,3.5239257840657956e-06,4.99221493591856e-07
main,DTLZ1,7,3,1,113,113,113,113,3.201171878686182e-06,7.940429696873252e-06,3.5239257840657956e-06,4.99221493591856e-07
main,DTLZ1,7,3,1,114,114,114,114,3.1904296875495675e-06,7.940429696873252e-06,3.5239257840657956e-06,4.99221493591856e-07
main,DTLZ1,7,3,1,115,115,115,115,3.179687496412953e-06,7.940429696873252e-06,3.5239257840657956e-06,4.99221493591856e-07
main,DTLZ1,7,3,1,116,116,116,116,3.1904296875495675e-06,7.940429696873252e-06,3.5239257840657956e-06,4.99221493591856e-07
main,DTLZ1,7,3,1,117,117,117,117,3.179687496412953e-06,7.940429696873252e-06,3.5239257840657956e-06,4.99221493591856e-07
main,DTLZ1,7,3,1,118,118,118,118,3.1904296875495675e-06,7.940429696873252e-06,3.5239257840657956e-06,4.99221493591856e-07
main,DTLZ1,7,3,1,119,119,119,119,3.201171878686182e-06,7.940429696873252e-06,3.5239257840657956e-06,4.99221493591856e-07
main,DTLZ1,7,3,1,120,120,120,120,3.1904296875495675e-06,7.940429696873252e-06,3.5239257840657956e-06,4.99221493591856e-07
main,DTLZ1,7,3,1,121,121,121,121,3.201171878686182e-06,7.940429696873252e-06,3.5239257840657956e-06,4.99221493591856e-07
main,DTLZ1,7,3,1,122,122,122,122,3.1904296875495675e-06,7.940429696873252e-06,3.5239257840657956e-06,4.99221493591856e-07
main,DTLZ1,7,3,1,123,123,123,123,3.179687496412953e-06,7.940429696873252e-06,3.5239257840657956e-06,4.99221493591856e-07
main,DTLZ1,7,3,1,124,124,124,124,3.1904296875495675e-06,7.940429696873252e-06,3.5239257840657956e-06,4.99221493591856e-07
main,DTLZ1,7,3,1,125,125,125,125,3.201171878686182e-06,7.940429696873252e-06,3.5239257840657956e-06,4.99221493591856e-07
main,DTLZ1,7,3,1,126,126,126,126,3.201171878686182e-06,7.940429696873252e-06,3.5239257840657956e-06,4.99221493591856e-07
main,DTLZ1,7,3,1,127,127,127,127,3.201171878686182e-06,7.940429696873252e-06,3.5239257840657956e-06,4.99221493591856e-07
main,DTLZ1,7,3,1,128,128,128,128,3.1904296875495675e-06,7.940429696873252e-06,3.5239257840657956e-06,4.99221493591856e-07
main,DTLZ1,7,3,1,129,129,129,129,3.201171878686182e-06,7.956054673741164e-06,3.5239257840657956e-06,4.99221493591856e-07
main,DTLZ1,7,3,1,130,130,130,130,3.201171878686182e-06,7.956054673741164e-06,3.5239257840657956e-06,4.99221493591856e-07
main,DTLZ1,7,3,1,131,131,131,131,3.201171878686182e-06,8.0839843690228e-06,3.5239257840657956e-06,4.99221493591856e-07
main,DTLZ1,7,3,1,132,132,132,132,3.201171878686182e-06,8.0839843690228e-06,3.5239257840657956e-06,4.99221493591856e-07
main,DTLZ1,7,3,1,133,133,133,133,3.201171878686182e-06,8.0839843690228e-06,3.5239257840657956e-06,4.99221493591856e-07
main,DTLZ1,7,3,1,134,134,134,134,3.201171878686182e-06,8.0839843690228e-06,3.5239257840657956e-06,4.99221493591856e-07
main,DTLZ1,7,3,1,135,135,135,135,3.201171878686182e-06,8.0839843690228e-06,3.5239257840657956e-06,4.99221493591856e-07
main,DTLZ1,7,3,1,136,136,136,136,3.201171878686182e-06,8.0839843690228e-06,3.5239257840657956e-06,4.99221493591856e-07
main,DTLZ1,7,3,1,137,137,137,137,3.201171878686182e-06,8.0839843690228e-06,3.5239257840657956e-06,4.99221493591856e-07
main,DTLZ1,7,3,1,138,138,138,138,3.1904296875495675e-06,8.0839843690228e-06,3.5239257840657956e-06,4.99221493591856e-07
main,DTLZ1,7,3,1,139,139,139,139,3.201171878686182e-06,8.0839843690228e-06,3.5239257840657956e-06,4.99221493591856e-07
main,DTLZ1,7,3,1,140,140,140,140,3.201171878686182e-06,8.0839843690228e-06,3.5239257840657956e-06,4.99221493591856e-07
main,DTLZ2,12,3,1,1,1,1,1,4.4849014280146093e-07,4.4849014280146093e-07,4.3812966346590265e-07,9.249811693326504e-08
main,DTLZ2,12,3,1,2,2,2,2,3.49905014074281e-07,4.4849014280146093e-07,4.3812966346590265e-07,3.033878616665042e-07
main,DTLZ2,12,3,1,3,3,3,3,3.013610839763814e-07,4.4849014280146093e-07,4.3812966346590265e-07,4.3979715641517814e-07
main,DTLZ2,12,3,1,4,4,4,4,3.2021903989543077e-07,4.4849014280146093e-07,4.6580553055008966e-07,4.3979715641517814e-07
main,DTLZ2,12,3,1,5,5,5,5,3.3907699581448014e-07,4.4849014280146093e-07,4.6580553055008966e-07,4.3979715641517814e-07
main,DTLZ2,12,3,1,6,6,6,6,3.36412429802202e-07,4.4849014280146093e-07,4.6580553055008966e-07,4.3979715641517814e-07
main,DTLZ2,12,3,1,7,7,7,7,3.3907699581448014e-07,4.817047118965689e-07,4.6580553055008966e-07,4.3979715641517814e-07
main,DTLZ2,12,3,1,8,8,8,8,3.872623443590406e-07,4.817047118965689e-07,4.6580553055008966e-07,4.3979715641517814e-07
main,DTLZ2,12,3,1,9,9,9,9,4.354476929036011e-07,4.817047118965689e-07,4.6580553055008966e-07,4.7286055426809526e-07
main,DTLZ2,12,3,1,10,10,10,10,3.872623443590406e-07,4.817047118965689e-07,4.6580553055008966e-07,4.7286055426809526e-07
main,DTLZ2,12,3,1,11,11,11,11,4.1665267946910944e-07,4.817047118965689e-07,4.6580553055008966e-07,4.7286055426809526e-07
main,DTLZ2,12,3,1,12,12,12,12,4.1869544986639085e-07,4.817047118965689e-07,4.6580553055008966e-07,4.7286055426809526e-07
main,DTLZ2,12,3,1,13,13,13,13,4.2073822026367225e-07,4.823722838942501e-07,4.6580553055008966e-07,4.7286055426809526e-07
main,DTLZ2,12,3,1,14,14,14,14,4.2809295658363666e-07,4.823722838942501e-07,4.6580553055008966e-07,4.7286055426809526e-07
main,DTLZ2,12,3,1,15,15,15,15,4.2073822026367225e-07,4.823722838942501e-07,4.6580553055008966e-07,4.7286055426809526e-07
main,DTLZ2,12,3,1,16,16,16,16,4.2809295658363666e-07,4.823722838942501e-07,4.6580553055008966e-07,4.7286055426809526e-07
main,DTLZ2,12,3,1,17,17,17,17,4.354476929036011e-07,4.823722838942501e-07,4.6580553055008966e-07,4.7286055426809526e-07
main,DTLZ2,12,3,1,18,18,18,18,4.2809295658363666e-07,4.823722838942501e-07,4.6580553055008966e-07,5.051569852976279e-07
main,DTLZ2,12,3,1,19,19,19,19,4.2073822026367225e-07,4.823722838942501e-07,4.6580553055008966e-07,5.051569852976279e-07
main,DTLZ2,12,3,1,20,20,20,20,4.1869544986639085e-07,4.823722838942501e-07,4.896373748675131e-07,5.051569852976279e-07
main,DTLZ2,12,3,1,21,21,21,21,4.1665267946910944e-07,4.823722838942501e-07,4.896373748675131e-07,5.051569852976279e-07
main,DTLZ2,12,3,1,22,22,22,22,4.1869544986639085e-07,4.842681886607636e-07,4.896373748675131e-07,5.051569852976279e-07
main,DTLZ2,12,3,1,23,23,23,23,4.2036342620677125e-07,4.842681886607636e-07,4.896373748675131e-07,5.051569852976279e-07
main,DTLZ2,12,3,1,24,24,24,24,4.2055082323522175e-07,4.842681886607636e-07,4.896373748675131e-07,5.051569852976279e-07
main,DTLZ2,12,3,1,25,25,25,25,4.2073822026367225e-07,4.842681886607636e-07,4.896373748675131e-07,5.051569852976279e-07
main,DTLZ2,12,3,1,26,26,26,26,4.2055082323522175e-07,4.842681886607636e-07,4.896373748675131e-07,5.051569852976279e-07
main,DTLZ2,12,3,1,27,27,27,27,4.2036342620677125e-07,4.842681886607636e-07,4.896373748675131e-07,5.051569852976279e-07
main,DTLZ2,12,3,1,28,28,28,28,4.1850805283794035e-07,4.842681886607636e-07,4.896373748675131e-07,5.051569852976279e-07
main,DTLZ2,12,3,1,29,29,29,29,4.2036342620677125e-07,4.842681886607636e-07,4.896373748675131e-07,5.051569852976279e-07
main,DTLZ2,12,3,1,30,30,30,30,4.2055082323522175e-07,4.842681886607636e-07,4.896373748675131e-07,5.051569852976279e-07
main,DTLZ2,12,3,1,31,31,31,31,4.2036342620677125e-07,4.842681886607636e-07,4.896373748675131e-07,5.051569852976279e-07
main,DTLZ2,12,3,1,32,32,32,32,4.1850805283794035e-07,4.842681886607636e-07,4.896373748675131e-07,5.051569852976279e-07
main,DTLZ2,12,3,1,33,33,33,33,4.1665267946910944e-07,4.842681886607636e-07,4.896373748675131e-07,5.051569852976279e-07
main,DTLZ2,12,3,1,34,34,34,34,4.1850805283794035e-07,4.842681886607636e-07,4.896373748675131e-07,5.051569852976279e-07
main,DTLZ2,12,3,1,35,35,35,35,4.2036342620677125e-07,4.842681886607636e-07,4.896373748675131e-07,5.051569852976279e-07
main,DTLZ2,12,3,1,36,36,36,36,4.2055082323522175e-07,5.391082762429278e-07,5.070495605608016e-07,5.051569852976279e-07
main,DTLZ2,12,3,1,37,37,37,37,4.2073822026367225e-07,5.67520141547817e-07,5.070495605608016e-07,5.051569852976279e-07
main,DTLZ2,12,3,1,38,38,38,38,4.2087936402701587e-07,5.67520141547817e-07,5.070495605608016e-07,5.051569852976279e-07
main,DTLZ2,12,3,1,39,39,39,39,4.2073822026367225e-07,5.67520141547817e-07,5.070495605608016e-07,5.051569852976279e-07
main,DTLZ2,12,3,1,40,40,40,40,4.2087936402701587e-07,5.67520141547817e-07,5.070495605608016e-07,5.051569852976279e-07
main,DTLZ2,12,3,1,41,41,41,41,4.2073822026367225e-07,5.67520141547817e-07,5.070495605608016e-07,5.051569852976279e-07
main,DTLZ2,12,3,1,42,42,42,42,4.2087936402701587e-07,5.67520141547817e-07,5.070495605608016e-07,5.120677618597469e-07
main,DTLZ2,12,3,1,43,43,43,43,4.2073822026367225e-07,5.67520141547817e-07,5.070495605608016e-07,5.120677618597469e-07
main,DTLZ2,12,3,1,44,44,44,44,4.2055082323522175e-07,5.67520141547817e-07,5.070495605608016e-07,5.120677618597469e-07
main,DTLZ2,12,3,1,45,45,45,45,4.2073822026367225e-07,5.67520141547817e-07,5.070495605608016e-07,5.120677618597469e-07
main,DTLZ2,12,3,1,46,46,46,46,4.2055082323522175e-07,5.67520141547817e-07,5.070495605608016e-07,5.120677618597469e-07
main,DTLZ2,12,3,1,47,47,47,47,4.2036342620677125e-07,5.67520141547817e-07,5.070495605608016e-07,5.120677618597469e-07
main,DTLZ2,12,3,1,48,48,48,48,4.1850805283794035e-07,5.67520141547817e-07,5.070495605608016e-07,5.120677618597469e-07
main,DTLZ2,12,3,1,49,49,49,49,4.2036342620677125e-07,5.67520141547817e-07,5.070495605608016e-07,5.120677618597469e-07
main,DTLZ2,12,3,1,50,50,50,50,4.2055082323522175e-07,5.67520141547817e-07,5.070495605608016e-07,5.120677618597469e-07
main,DTLZ2,12,3,1,51,51,51,51,4.2036342620677125e-07,5.67520141547817e-07,5.070495605608016e-07,5.120677618597469e-07
main,DTLZ2,12,3,1,52,52,52,52,4.1850805283794035e-07,5.67520141547817e-07,5.070495605608016e-07,5.120677618597469e-07
main,DTLZ2,12,3,1,53,53,53,53,4.2036342620677125e-07,5.67520141547817e-07,5.070495605608016e-07,5.120677618597469e-07
main,DTLZ2,12,3,1,54,54,54,54,4.1850805283794035e-07,5.67520141547817e-07,5.070495605608016e-07,5.120677618597469e-07
main,DTLZ2,12,3,1,55,55,55,55,4.2036342620677125e-07,5.67520141547817e-07,5.070495605608016e-07,5.120677618597469e-07
main,DTLZ2,12,3,1,56,56,56,56,4.1850805283794035e-07,5.67520141547817e-07,5.070495605608016e-07,5.120677618597469e-07
main,DTLZ2,12,3,1,57,57,57,57,4.1665267946910944e-07,5.67520141547817e-07,5.070495605608016e-07,5.120677618597469e-07
main,DTLZ2,12,3,1,58,58,58,58,4.1850805283794035e-07,5.67520141547817e-07,5.070495605608016e-07,5.120677618597469e-07
main,DTLZ2,12,3,1,59,59,59,59,4.1665267946910944e-07,5.67520141547817e-07,5.070495605608016e-07,5.120677618597469e-07
main,DTLZ2,12,3,1,60,60,60,60,4.158678054977383e-07,5.67520141547817e-07,5.070495605608016e-07,5.120677618597469e-07
main,DTLZ2,12,3,1,61,61,61,61,4.150829315263671e-07,5.67520141547817e-07,5.070495605608016e-07,5.120677618597469e-07
main,DTLZ2,12,3,1,62,62,62,62,4.1494846345080383e-07,5.67520141547817e-07,5.070495605608016e-07,5.120677618597469e-07
main,DTLZ2,12,3,1,63,63,63,63,4.150829315263671e-07,5.67520141547817e-07,5.070495605608016e-07,5.120677618597469e-07
main,DTLZ2,12,3,1,64,64,64,64,4.158678054977383e-07,5.67520141547817e-07,5.070495605608016e-07,5.120677618597469e-07
main,DTLZ2,12,3,1,65,65,65,65,4.150829315263671e-07,5.67520141547817e-07,5.070495605608016e-07,5.120677618597469e-07
main,DTLZ2,12,3,1,66,66,66,66,4.1494846345080383e-07,5.67520141547817e-07,5.070495605608016e-07,5.120677618597469e-07
main,DTLZ2,12,3,1,67,67,67,67,4.1481399537524055e-07,5.67520141547817e-07,5.070495605608016e-07,5.120677618597469e-07
main,DTLZ2,12,3,1,68,68,68,68,4.121637344478568e-07,5.67520141547817e-07,5.070495605608016e-07,5.120677618597469e-07
main,DTLZ2,12,3,1,69,69,69,69,4.1481399537524055e-07,5.67520141547817e-07,5.070495605608016e-07,5.120677618597469e-07
main,DTLZ2,12,3,1,70,70,70,70,4.121637344478568e-07,5.67520141547817e-07,5.070495605608016e-07,5.120677618597469e-07
main,DTLZ2,12,3,1,71,71,71,71,4.0951347352047307e-07,5.67520141547817e-07,5.070495605608016e-07,5.120677618597469e-07
main,DTLZ2,12,3,1,72,72,72,72,4.121637344478568e-07,5.67520141547817e-07,5.070495605608016e-07,5.120677618597469e-07
main,DTLZ2,12,3,1,73,73,73,73,4.0951347352047307e-07,5.67520141547817e-07,5.070495605608016e-07,5.120677618597469e-07
main,DTLZ2,12,3,1,74,74,74,74,4.0484523763928415e-07,5.67520141547817e-07,5.070495605608016e-07,5.120677618597469e-07
main,DTLZ2,12,3,1,75,75,75,75,4.0017700175809523e-07,5.67520141547817e-07,5.070495605608016e-07,5.120677618597469e-07
main,DTLZ2,12,3,1,76,76,76,76,4.0484523763928415e-07,5.67520141547817e-07,5.070495605608016e-07,5.120677618597469e-07
main,DTLZ2,12,3,1,77,77,77,77,4.0951347352047307e-07,6.151885987293326e-07,5.070495605608016e-07,5.120677618597469e-07
main,DTLZ2,12,3,1,78,78,78,78,4.0484523763928415e-07,6.151885987293326e-07,5.070495605608016e-07,5.120677618597469e-07
main,DTLZ2,12,3,1,79,79,79,79,4.0017700175809523e-07,6.151885987293326e-07,5.070495605608016e-07,5.120677618597469e-07
main,DTLZ2,12,3,1,80,80,80,80,3.9707183829840176e-07,6.151885987293326e-07,5.070495605608016e-07,5.120677618597469e-07
main,DTLZ2,12,3,1,81,81,81,81,3.939666748387083e-07,6.151885987293326e-07,5.070495605608016e-07,5.120677618597469e-07
main,DTLZ2,12,3,1,82,82,82,82,3.9707183829840176e-07,6.151885987293326e-07,5.070495605608016e-07,5.120677618597469e-07
main,DTLZ2,12,3,1,83,83,83,83,3.939666748387083e-07,6.151885987293326e-07,5.070495605608016e-07,5.120677618597469e-07
main,DTLZ2,12,3,1,84,84,84,84,3.9707183829840176e-07,6.151885987293326e-07,5.070495605608016e-07,5.120677618597469e-07
main,DTLZ2,12,3,1,85,85,85,85,3.939666748387083e-07,6.151885987293326e-07,5.070495605608016e-07,5.120677618597469e-07
main,DTLZ2,12,3,1,86,86,86,86,3.93142700172433e-07,6.151885987293326e-07,5.070495605608016e-07,5.120677618597469e-07
main,DTLZ2,12,3,1,87,87,87,87,3.939666748387083e-07,6.151885987293326e-07,5.070495605608016e-07,5.120677618597469e-07
main,DTLZ2,12,3,1,88,88,88,88,3.9707183829840176e-07,6.151885987293326e-07,5.070495605608016e-07,5.120677618597469e-07
main,DTLZ2,12,3,1,89,89,89,89,3.939666748387083e-07,6.151885987293326e-07,5.070495605608016e-07,5.120677618597469e-07
main,DTLZ2,12,3,1,90,90,90,90,3.93142700172433e-07,6.151885987293326e-07,5.070495605608016e-07,5.120677618597469e-07
main,DTLZ2,12,3,1,91,91,91,91,3.939666748387083e-07,6.151885987293326e-07,5.070495605608016e-07,5.120677618597469e-07
main,DTLZ2,12,3,1,92,92,92,92,3.9707183829840176e-07,6.151885987293326e-07,5.070495605608016e-07,5.120677618597469e-07
main,DTLZ2,12,3,1,93,93,93,93,4.0017700175809523e-07,6.151885987293326e-07,5.070495605608016e-07,5.120677618597469e-07
main,DTLZ2,12,3,1,94,94,94,94,4.008983372667807e-07,6.151885987293326e-07,5.070495605608016e-07,5.120677618597469e-07
main,DTLZ2,12,3,1,95,95,95,95,4.016196727754662e-07,6.151885987293326e-07,5.070495605608016e-07,5.120677618597469e-07
main,DTLZ2,12,3,1,96,96,96,96,4.008983372667807e-07,6.151885987293326e-07,5.070495605608016e-07,5.120677618597469e-07
main,DTLZ2,12,3,1,97,97,97,97,4.016196727754662e-07,6.151885987293326e-07,5.070495605608016e-07,5.120677618597469e-07
main,DTLZ2,12,3,1,98,98,98,98,4.008983372667807e-07,6.151885987293326e-07,5.070495605608016e-07,5.120677618597469e-07
main,DTLZ2,12,3,1,99,99,99,99,4.016196727754662e-07,6.151885987293326e-07,5.070495605608016e-07,5.120677618597469e-07
main,DTLZ2,12,3,1,100,100,100,100,4.008983372667807e-07,6.151885987293326e-07,5.070495605608016e-07,5.120677618597469e-07
main,DTLZ2,12,3,1,101,101,101,101,4.016196727754662e-07,6.151885987293326e-07,5.070495605608016e-07,5.120677618597469e-07
main,DTLZ2,12,3,1,102,102,102,102,4.008983372667807e-07,6.151885987293326e-07,5.070495605608016e-07,5.120677618597469e-07
main,DTLZ2,12,3,1,103,103,103,103,4.0017700175809523e-07,6.151885987293326e-07,5.070495605608016e-07,5.120677618597469e-07
main,DTLZ2,12,3,1,104,104,104,104,3.9707183829840176e-07,6.151885987293326e-07,5.070495605608016e-07,5.120677618597469e-07
main,DTLZ2,12,3,1,105,105,105,105,4.0017700175809523e-07,6.151885987293326e-07,5.070495605608016e-07,5.120677618597469e-07
main,DTLZ2,12,3,1,106,106,106,106,3.9707183829840176e-07,6.151885987293326e-07,5.070495605608016e-07,5.120677618597469e-07
main,DTLZ2,12,3,1,107,107,107,107,3.939666748387083e-07,6.151885987293326e-07,5.070495605608016e-07,5.120677618597469e-07
main,DTLZ2,12,3,1,108,108,108,108,3.93142700172433e-07,6.151885987293326e-07,5.070495605608016e-07,5.120677618597469e-07
main,DTLZ2,12,3,1,109,109,109,109,3.939666748387083e-07,6.151885987293326e-07,5.070495605608016e-07,5.120677618597469e-07
main,DTLZ2,12,3,1,110,110,110,110,3.93142700172433e-07,6.151885987293326e-07,5.070495605608016e-07,5.120677618597469e-07
main,DTLZ2,12,3,1,111,111,111,111,3.9231872550615776e-07,6.151885987293326e-07,5.070495605608016e-07,5.120677618597469e-07
main,DTLZ2,12,3,1,112,112,112,112,3.9064884181649884e-07,6.151885987293326e-07,5.070495605608016e-07,5.120677618597469e-07
main,DTLZ2,12,3,1,113,113,113,113,3.889789581268399e-07,6.151885987293326e-07,5.070495605608016e-07,5.120677618597469e-07
main,DTLZ2,12,3,1,114,114,114,114,3.867173194865847e-07,6.151885987293326e-07,5.070495605608016e-07,5.120677618597469e-07
main,DTLZ2,12,3,1,115,115,115,115,3.8445568084632953e-07,6.151885987293326e-07,5.070495605608016e-07,5.120677618597469e-07
main,DTLZ2,12,3,1,116,116,116,116,3.867173194865847e-07,6.151885987293326e-07,5.070495605608016e-07,5.120677618597469e-07
main,DTLZ2,12,3,1,117,117,117,117,3.8445568084632953e-07,6.151885987293326e-07,5.070495605608016e-07,5.120677618597469e-07
main,DTLZ2,12,3,1,118,118,118,118,3.867173194865847e-07,6.151885987293326e-07,5.070495605608016e-07,5.120677618597469e-07
main,DTLZ2,12,3,1,119,119,119,119,3.889789581268399e-07,6.151885987293326e-07,5.070495605608016e-07,5.120677618597469e-07
main,DTLZ2,12,3,1,120,120,120,120,3.9064884181649884e-07,6.151885987293326e-07,5.070495605608016e-07,5.120677618597469e-07
main,DTLZ2,12,3,1,121,121,121,121,3.9231872550615776e-07,6.151885987293326e-07,5.070495605608016e-07,5.120677618597469e-07
main,DTLZ2,12,3,1,122,122,122,122,3.93142700172433e-07,6.151885987293326e-07,5.070495605608016e-07,5.120677618597469e-07
main,DTLZ2,12,3,1,123,123,123,123,3.9231872550615776e-07,6.151885987293326e-07,5.070495605608016e-07,5.120677618597469e-07
main,DTLZ2,12,3,1,124,124,124,124,3.93142700172433e-07,6.151885987293326e-07,5.070495605608016e-07,5.120677618597469e-07
main,DTLZ2,12,3,1,125,125,125,125,3.9231872550615776e-07,6.151885987293326e-07,5.070495605608016e-07,5.120677618597469e-07
main,DTLZ2,12,3,1,126,126,126,126,3.9064884181649884e-07,6.151885987293326e-07,5.070495605608016e-07,5.120677618597469e-07
main,DTLZ2,12,3,1,127,127,127,127,3.9231872550615776e-07,6.151885987293326e-07,5.070495605608016e-07,5.120677618597469e-07
main,DTLZ2,12,3,1,128,128,128,128,3.9064884181649884e-07,6.151885987293326e-07,5.070495605608016e-07,5.120677618597469e-07
main,DTLZ2,12,3,1,129,129,129,129,3.9231872550615776e-07,6.151885987293326e-07,5.070495605608016e-07,5.120677618597469e-07
main,DTLZ2,12,3,1,130,130,130,130,3.9064884181649884e-07,6.151885987293326e-07,5.070495605608016e-07,5.120677618597469e-07
main,DTLZ2,12,3,1,131,131,131,131,3.889789581268399e-07,6.151885987293326e-07,5.070495605608016e-07,5.120677618597469e-07
main,DTLZ2,12,3,1,132,132,132,132,3.867173194865847e-07,6.151885987293326e-07,5.070495605608016e-07,5.120677618597469e-07
main,DTLZ2,12,3,1,133,133,133,133,3.889789581268399e-07,6.151885987293326e-07,5.070495605608016e-07,5.120677618597469e-07
main,DTLZ2,12,3,1,134,134,134,134,3.9064884181649884e-07,6.151885987293326e-07,5.070495605608016e-07,5.120677618597469e-07
main,DTLZ2,12,3,1,135,135,135,135,3.889789581268399e-07,6.151885987293326e-07,5.070495605608016e-07,5.120677618597469e-07
main,DTLZ2,12,3,1,136,136,136,136,3.867173194865847e-07,6.151885987293326e-07,5.070495605608016e-07,5.120677618597469e-07
main,DTLZ2,12,3,1,137,137,137,137,3.8445568084632953e-07,6.151885987293326e-07,5.070495605608016e-07,5.120677618597469e-07
main,DTLZ2,12,3,1,138,138,138,138,3.8342380523359587e-07,6.151885987293326e-07,5.070495605608016e-07,5.120677618597469e-07
main,DTLZ2,12,3,1,139,139,139,139,3.8445568084632953e-07,6.151885987293326e-07,5.070495605608016e-07,5.120677618597469e-07
main,DTLZ2,12,3,1,140,140,140,140,3.8342380523359587e-07,6.151885987293326e-07,5.070495605608016e-07,5.120677618597469e-07
main,DTLZ2,12,3,1,141,141,141,141,3.823919296208622e-07,6.151885987293326e-07,5.070495605608016e-07,5.120677618597469e-07
main,DTLZ2,12,3,1,142,142,142,142,3.8342380523359587e-07,6.151885987293326e-07,5.070495605608016e-07,5.120677618597469e-07
main,DTLZ2,12,3,1,143,143,143,143,3.8445568084632953e-07,6.151885987293326e-07,5.070495605608016e-07,5.120677618597469e-07
main,DTLZ2,12,3,1,144,144,144,144,3.867173194865847e-07,6.151885987293326e-07,5.070495605608016e-07,5.120677618597469e-07
main,DTLZ2,12,3,1,145,145,145,145,3.8445568084632953e-07,6.151885987293326e-07,5.070495605608016e-07,5.120677618597469e-07
main,DTLZ2,12,3,1,146,146,146,146,3.867173194865847e-07,6.151885987293326e-07,5.070495605608016e-07,5.120677618597469e-07
main,DTLZ2,12,3,1,147,147,147,147,3.889789581268399e-07,6.151885987293326e-07,5.070495605608016e-07,5.120677618597469e-07
main,DTLZ2,12,3,1,148,148,148,148,3.867173194865847e-07,6.151885987293326e-07,5.070495605608016e-07,5.120677618597469e-07
main,DTLZ2,12,3,1,149,149,149,149,3.8445568084632953e-07,6.151885987293326e-07,5.070495605608016e-07,5.120677618597469e-07
main,DTLZ2,12,3,1,150,150,150,150,3.8342380523359587e-07,6.151885987293326e-07,5.070495605608016e-07,5.120677618597469e-07
main,DTLZ2,12,3,1,151,151,151,151,3.823919296208622e-07,6.151885987293326e-07,5.070495605608016e-07,5.120677618597469e-07
main,DTLZ2,12,3,1,152,152,152,152,3.8342380523359587e-07,6.151885987293326e-07,5.070495605608016e-07,5.120677618597469e-07
main,DTLZ2,12,3,1,153,153,153,153,3.823919296208622e-07,6.151885987293326e-07,5.070495605608016e-07,5.120677618597469e-07
main,DTLZ2,12,3,1,154,154,154,154,3.8189435004609695e-07,6.151885987293326e-07,5.070495605608016e-07,5.120677618597469e-07
main,DTLZ2,12,3,1,155,155,155,155,3.823919296208622e-07,6.151885987293326e-07,5.070495605608016e-07,5.120677618597469e-07
main,DTLZ2,12,3,1,156,156,156,156,3.8342380523359587e-07,6.151885987293326e-07,5.070495605608016e-07,5.120677618597469e-07
main,DTLZ2,12,3,1,157,157,157,157,3.8445568084632953e-07,6.151885987293326e-07,5.070495605608016e-07,5.120677618597469e-07
main,DTLZ2,12,3,1,158,158,158,158,3.867173194865847e-07,6.151885987293326e-07,5.070495605608016e-07,5.120677618597469e-07
main,DTLZ2,12,3,1,159,159,159,159,3.889789581268399e-07,6.151885987293326e-07,5.070495605608016e-07,5.120677618597469e-07
main,DTLZ2,12,3,1,160,160,160,160,3.9064884181649884e-07,6.151885987293326e-07,5.070495605608016e-07,5.120677618597469e-07
main,DTLZ2,12,3,1,161,161,161,161,3.9231872550615776e-07,6.151885987293326e-07,5.070495605608016e-07,5.120677618597469e-07
main,DTLZ2,12,3,1,162,162,162,162,3.9064884181649884e-07,6.151885987293326e-07,5.070495605608016e-07,5.120677618597469e-07
main,DTLZ2,12,3,1,163,163,163,163,3.889789581268399e-07,6.151885987293326e-07,5.070495605608016e-07,5.120677618597469e-07
main,DTLZ2,12,3,1,164,164,164,164,3.867173194865847e-07,6.151885987293326e-07,5.070495605608016e-07,5.120677618597469e-07
main,DTLZ2,12,3,1,165,165,165,165,3.8445568084632953e-07,6.151885987293326e-07,5.070495605608016e-07,5.120677618597469e-07
main,DTLZ2,12,3,1,166,166,166,166,3.8342380523359587e-07,6.151885987293326e-07,5.070495605608016e-07,5.120677618597469e-07
main,DTLZ2,12,3,1,167,167,167,167,3.8437318801431974e-07,6.151885987293326e-07,5.070495605608016e-07,5.120677618597469e-07
main,DTLZ2,12,3,1,168,168,168,168,3.83382558817591e-07,6.151885987293326e-07,5.070495605608016e-07,5.120677618597469e-07
main,DTLZ2,12,3,1,169,169,169,169,3.8437318801431974e-07,6.151885987293326e-07,5.070495605608016e-07,5.120677618597469e-07
main,DTLZ2,12,3,1,170,170,170,170,3.83382558817591e-07,6.151885987293326e-07,5.070495605608016e-07,5.120677618597469e-07
main,DTLZ2,12,3,1,171,171,171,171,3.8437318801431974e-07,6.151885987293326e-07,5.070495605608016e-07,5.120677618597469e-07
main,DTLZ2,12,3,1,172,172,172,172,3.83382558817591e-07,6.151885987293326e-07,5.070495605608016e-07,5.120677618597469e-07
main,DTLZ2,12,3,1,173,173,173,173,3.823919296208622e-07,6.151885987293326e-07,5.070495605608016e-07,5.120677618597469e-07
main,DTLZ2,12,3,1,174,174,174,174,3.8189435004609695e-07,6.151885987293326e-07,5.096607208487924e-07,5.120677618597469e-07
main,DTLZ2,12,3,1,175,175,175,175,3.823919296208622e-07,6.151885987293326e-07,5.096607208487924e-07,5.120677618597469e-07
main,DTLZ2,12,3,1,176,176,176,176,3.83382558817591e-07,6.151885987293326e-07,5.096607208487924e-07,5.120677618597469e-07
main,DTLZ2,12,3,1,177,177,177,177,3.838243484433068e-07,6.151885987293326e-07,5.096607208487924e-07,5.120677618597469e-07
main,DTLZ2,12,3,1,178,178,178,178,3.831081390320845e-07,6.151885987293326e-07,5.096607208487924e-07,5.120677618597469e-07
main,DTLZ2,12,3,1,179,179,179,179,3.838243484433068e-07,6.151885987293326e-07,5.096607208487924e-07,5.120677618597469e-07
main,DTLZ2,12,3,1,180,180,180,180,3.831081390320845e-07,6.151885987293326e-07,5.096607208487924e-07,5.120677618597469e-07
main,DTLZ2,12,3,1,181,181,181,181,3.823919296208622e-07,6.151885987293326e-07,5.096607208487924e-07,5.120677618597469e-07
main,DTLZ2,12,3,1,182,182,182,182,3.8189435004609695e-07,6.151885987293326e-07,5.096607208487924e-07,5.120677618597469e-07
main,DTLZ2,12,3,1,183,183,183,183,3.823919296208622e-07,6.151885987293326e-07,5.096607208487924e-07,5.120677618597469e-07
main,DTLZ2,12,3,1,184,184,184,184,3.831081390320845e-07,6.151885987293326e-07,5.096607208487924e-07,5.120677618597469e-07
main,DTLZ2,12,3,1,185,185,185,185,3.838243484433068e-07,6.151885987293326e-07,5.096607208487924e-07,5.120677618597469e-07
main,DTLZ2,12,3,1,186,186,186,186,3.840987682288133e-07,6.151885987293326e-07,5.096607208487924e-07,5.120677618597469e-07
main,DTLZ2,12,3,1,187,187,187,187,3.838243484433068e-07,6.151885987293326e-07,5.096607208487924e-07,5.120677618597469e-07
main,DTLZ2,12,3,1,188,188,188,188,3.840987682288133e-07,6.151885987293326e-07,5.096607208487924e-07,5.120677618597469e-07
main,DTLZ2,12,3,1,189,189,189,189,3.838243484433068e-07,6.151885987293326e-07,5.096607208487924e-07,5.120677618597469e-07
main,DTLZ2,12,3,1,190,190,190,190,3.831081390320845e-07,6.151885987293326e-07,5.096607208487924e-07,5.120677618597469e-07
main,DTLZ2,12,3,1,191,191,191,191,3.823919296208622e-07,6.151885987293326e-07,5.096607208487924e-07,5.120677618597469e-07
main,DTLZ2,12,3,1,192,192,192,192,3.831081390320845e-07,6.151885987293326e-07,5.096607208487924e-07,5.120677618597469e-07
main,DTLZ2,12,3,1,193,193,193,193,3.838243484433068e-07,6.151885987293326e-07,5.096607208487924e-07,5.120677618597469e-07
main,DTLZ2,12,3,1,194,194,194,194,3.831081390320845e-07,6.151885987293326e-07,5.096607208487924e-07,5.120677618597469e-07
main,DTLZ2,12,3,1,195,195,195,195,3.823919296208622e-07,6.151885987293326e-07,5.096607208487924e-07,5.120677618597469e-07
main,DTLZ2,12,3,1,196,196,196,196,3.8189435004609695e-07,6.151885987293326e-07,5.096607208487924e-07,5.120677618597469e-07
main,DTLZ2,12,3,1,197,197,197,197,3.813967704713317e-07,6.151885987293326e-07,5.096607208487924e-07,5.120677618597469e-07
main,DTLZ2,12,3,1,198,198,198,198,3.8189435004609695e-07,6.151885987293326e-07,5.096607208487924e-07,5.120677618597469e-07
main,DTLZ2,12,3,1,199,199,199,199,3.823919296208622e-07,6.151885987293326e-07,5.096607208487924e-07,5.120677618597469e-07
main,DTLZ2,12,3,1,200,200,200,200,3.8189435004609695e-07,6.151885987293326e-07,5.096607208487924e-07,5.120677618597469e-07
main,DTLZ2,12,3,1,201,201,201,201,3.823919296208622e-07,6.151885987293326e-07,5.096607208487924e-07,5.120677618597469e-07
main,DTLZ2,12,3,1,202,202,202,202,3.831081390320845e-07,6.151885987293326e-07,5.096607208487924e-07,5.120677618597469e-07
main,DTLZ2,12,3,1,203,203,203,203,3.823919296208622e-07,6.151885987293326e-07,5.096607208487924e-07,5.120677618597469e-07
main,DTLZ2,12,3,1,204,204,204,204,3.831081390320845e-07,6.151885987293326e-07,5.096607208487924e-07,5.120677618597469e-07
main,DTLZ2,12,3,1,205,205,205,205,3.823919296208622e-07,6.151885987293326e-07,5.096607208487924e-07,5.120677618597469e-07
main,DTLZ2,12,3,1,206,206,206,206,3.831081390320845e-07,6.151885987293326e-07,5.096607208487924e-07,5.120677618597469e-07
main,DTLZ2,12,3,1,207,207,207,207,3.838243484433068e-07,6.151885987293326e-07,5.096607208487924e-07,5.120677618597469e-07
main,DTLZ2,12,3,1,208,208,208,208,3.831081390320845e-07,6.151885987293326e-07,5.096607208487924e-07,5.120677618597469e-07
main,DTLZ2,12,3,1,209,209,209,209,3.838243484433068e-07,6.151885987293326e-07,5.096607208487924e-07,5.120677618597469e-07
main,DTLZ2,12,3,1,210,210,210,210,3.8400632142686353e-07,6.151885987293326e-07,5.096607208487924e-07,5.120677618597469e-07
main,DTLZ2,12,3,1,211,211,211,211,3.8418829441042024e-07,6.151885987293326e-07,5.096607208487924e-07,5.120677618597469e-07
main,DTLZ2,12,3,1,212,212,212,212,3.8400632142686353e-07,6.151885987293326e-07,5.096607208487924e-07,5.120677618597469e-07
main,DTLZ2,12,3,1,213,213,213,213,3.8418829441042024e-07,6.151885987293326e-07,5.096607208487924e-07,5.120677618597469e-07
main,DTLZ2,12,3,1,214,214,214,214,3.8428074121237e-07,6.151885987293326e-07,5.096607208487924e-07,5.120677618597469e-07
main,DTLZ2,12,3,1,215,215,215,215,3.8418829441042024e-07,6.151885987293326e-07,5.096607208487924e-07,5.120677618597469e-07
main,DTLZ2,12,3,1,216,216,216,216,3.8400632142686353e-07,6.151885987293326e-07,5.096607208487924e-07,5.120677618597469e-07
main,DTLZ2,12,3,1,217,217,217,217,3.838243484433068e-07,6.151885987293326e-07,5.096607208487924e-07,5.120677618597469e-07
main,DTLZ2,12,3,1,218,218,218,218,3.8400632142686353e-07,6.151885987293326e-07,5.096607208487924e-07,5.120677618597469e-07
main,DTLZ2,12,3,1,219,219,219,219,3.838243484433068e-07,6.151885987293326e-07,5.096607208487924e-07,5.120677618597469e-07
main,DTLZ2,12,3,1,220,220,220,220,3.8400632142686353e-07,6.151885987293326e-07,5.096607208487924e-07,5.120677618597469e-07
main,DTLZ2,12,3,1,221,221,221,221,3.8418829441042024e-07,6.151885987293326e-07,5.096607208487924e-07,5.120677618597469e-07
main,DTLZ2,12,3,1,222,222,222,222,3.8428074121237e-07,6.151885987293326e-07,5.096607208487924e-07,5.120677618597469e-07
main,DTLZ2,12,3,1,223,223,223,223,3.8418829441042024e-07,6.151885987293326e-07,5.096607208487924e-07,5.120677618597469e-07
main,DTLZ2,12,3,1,224,224,224,224,3.8400632142686353e-07,6.151885987293326e-07,5.096607208487924e-07,5.120677618597469e-07
main,DTLZ2,12,3,1,225,225,225,225,3.8418829441042024e-07,6.151885987293326e-07,5.096607208487924e-07,5.120677618597469e-07
main,DTLZ2,12,3,1,226,226,226,226,3.8400632142686353e-07,6.151885987293326e-07,5.096607208487924e-07,5.120677618597469e-07
main,DTLZ2,12,3,1,227,227,227,227,3.8418829441042024e-07,6.151885987293326e-07,5.096607208487924e-07,5.120677618597469e-07
main,DTLZ2,12,3,1,228,228,228,228,3.8400632142686353e-07,6.151885987293326e-07,5.096607208487924e-07,5.120677618597469e-07
main,DTLZ2,12,3,1,229,229,229,229,3.838243484433068e-07,6.151885987293326e-07,5.096607208487924e-07,5.120677618597469e-07
main,DTLZ2,12,3,1,230,230,230,230,3.831081390320845e-07,6.151885987293326e-07,5.096607208487924e-07,5.120677618597469e-07
main,DTLZ2,12,3,1,231,231,231,231,3.823919296208622e-07,6.151885987293326e-07,5.096607208487924e-07,5.120677618597469e-07
main,DTLZ2,12,3,1,232,232,232,232,3.831081390320845e-07,6.151885987293326e-07,5.096607208487924e-07,5.120677618597469e-07
main,DTLZ2,12,3,1,233,233,233,233,3.838243484433068e-07,6.151885987293326e-07,5.096607208487924e-07,5.120677618597469e-07
main,DTLZ2,12,3,1,234,234,234,234,3.8400632142686353e-07,6.151885987293326e-07,5.096607208487924e-07,5.120677618597469e-07
main,DTLZ2,12,3,1,235,235,235,235,3.838243484433068e-07,6.151885987293326e-07,5.096607208487924e-07,5.120677618597469e-07
main,DTLZ2,12,3,1,236,236,236,236,3.8400632142686353e-07,6.151885987293326e-07,5.096607208487924e-07,5.120677618597469e-07
main,DTLZ2,12,3,1,237,237,237,237,3.838243484433068e-07,6.151885987293326e-07,5.096607208487924e-07,5.120677618597469e-07
main,DTLZ2,12,3,1,238,238,238,238,3.8400632142686353e-07,6.151885987293326e-07,5.096607208487924e-07,5.120677618597469e-07
main,DTLZ2,12,3,1,239,239,239,239,3.8418829441042024e-07,6.151885987293326e-07,5.096607208487924e-07,5.120677618597469e-07
main,DTLZ2,12,3,1,240,240,240,240,3.8400632142686353e-07,6.151885987293326e-07,5.096607208487924e-07,5.120677618597469e-07
main,DTLZ3,12,3,1,1,1,1,1,2.0105468706788088e-05,2.0105468706788088e-05,3.820312485913746e-06,2.7147559711337976e-07
main,DTLZ3,12,3,1,2,2,2,2,2.1417968753212335e-05,2.2730468799636583e-05,1.3001953107050213e-05,2.7147559711337976e-07
main,DTLZ3,12,3,1,3,3,3,3,2.0105468706788088e-05,2.2730468799636583e-05,1.3001953107050213e-05,4.7533471525529336e-07
main,DTLZ3,12,3,1,4,4,4,4,2.1417968753212335e-05,4.4218749962965376e-05,1.3001953107050213e-05,4.7533471525529336e-07
main,DTLZ3,12,3,1,5,5,5,5,2.2730468799636583e-05,5.1476562475727405e-05,1.3001953107050213e-05,4.7533471525529336e-07
main,DTLZ3,12,3,1,6,6,6,6,2.1417968753212335e-05,5.1476562475727405e-05,1.3001953107050213e-05,4.7533471525529336e-07
main,DTLZ3,12,3,1,7,7,7,7,2.2730468799636583e-05,5.1476562475727405e-05,1.3001953107050213e-05,4.7533471525529336e-07
main,DTLZ3,12,3,1,8,8,8,8,3.0306640610433533e-05,5.71796874737629e-05,1.3001953107050213e-05,4.901728074546696e-07
main,DTLZ3,12,3,1,9,9,9,9,3.788281242123048e-05,5.71796874737629e-05,1.3001953107050213e-05,4.901728074546696e-07
main,DTLZ3,12,3,1,10,10,10,10,3.704296875639557e-05,5.71796874737629e-05,1.3001953107050213e-05,4.901728074546696e-07
main,DTLZ3,12,3,1,11,11,11,11,3.620312509156065e-05,5.71796874737629e-05,1.3001953107050213e-05,4.901728074546696e-07
main,DTLZ3,12,3,1,12,12,12,12,3.167968753814421e-05,5.71796874737629e-05,1.3001953107050213e-05,4.901728074546696e-07
main,DTLZ3,12,3,1,13,13,13,13,2.7156249984727765e-05,5.71796874737629e-05,1.3001953107050213e-05,4.901728074546696e-07
main,DTLZ3,12,3,1,14,14,14,14,2.7750000015203113e-05,5.71796874737629e-05,1.3001953107050213e-05,4.901728074546696e-07
main,DTLZ3,12,3,1,15,15,15,15,2.7156249984727765e-05,5.71796874737629e-05,1.3001953107050213e-05,4.901728074546696e-07
main,DTLZ3,12,3,1,16,16,16,16,2.5572265599294042e-05,5.71796874737629e-05,1.3001953107050213e-05,4.901728074546696e-07
main,DTLZ3,12,3,1,17,17,17,17,2.398828121386032e-05,5.71796874737629e-05,1.3001953107050213e-05,4.901728074546696e-07
main,DTLZ3,12,3,1,18,18,18,18,2.5572265599294042e-05,5.71796874737629e-05,1.3001953107050213e-05,4.901728074546696e-07
main,DTLZ3,12,3,1,19,19,19,19,2.398828121386032e-05,5.71796874737629e-05,1.3001953107050213e-05,4.901728074546696e-07
main,DTLZ3,12,3,1,20,20,20,20,2.335937500674845e-05,5.71796874737629e-05,1.3001953107050213e-05,4.901728074546696e-07
main,DTLZ3,12,3,1,21,21,21,21,2.398828121386032e-05,5.71796874737629e-05,1.3001953107050213e-05,4.901728074546696e-07
main,DTLZ3,12,3,1,22,22,22,22,2.5572265599294042e-05,5.71796874737629e-05,1.3001953107050213e-05,4.901728074546696e-07
main,DTLZ3,12,3,1,23,23,23,23,2.7156249984727765e-05,5.71796874737629e-05,1.3001953107050213e-05,4.901728074546696e-07
main,DTLZ3,12,3,1,24,24,24,24,2.7750000015203113e-05,5.71796874737629e-05,1.3001953107050213e-05,4.901728074546696e-07
main,DTLZ3,12,3,1,25,25,25,25,2.746093741734512e-05,5.71796874737629e-05,1.3001953107050213e-05,4.901728074546696e-07
main,DTLZ3,12,3,1,26,26,26,26,2.7902343731511792e-05,5.71796874737629e-05,1.3001953107050213e-05,4.901728074546696e-07
main,DTLZ3,12,3,1,27,27,27,27,2.746093741734512e-05,5.71796874737629e-05,1.3001953107050213e-05,4.901728074546696e-07
main,DTLZ3,12,3,1,28,28,28,28,2.7308593701036443e-05,5.71796874737629e-05,1.3001953107050213e-05,4.901728074546696e-07
main,DTLZ3,12,3,1,29,29,29,29,2.7156249984727765e-05,5.71796874737629e-05,1.3001953107050213e-05,4.901728074546696e-07
main,DTLZ3,12,3,1,30,30,30,30,2.5572265599294042e-05,5.71796874737629e-05,1.3001953107050213e-05,4.901728074546696e-07
main,DTLZ3,12,3,1,31,31,31,31,2.7156249984727765e-05,5.71796874737629e-05,1.3001953107050213e-05,4.901728074546696e-07
main,DTLZ3,12,3,1,32,32,32,32,2.5572265599294042e-05,5.71796874737629e-05,1.3001953107050213e-05,4.901728074546696e-07
main,DTLZ3,12,3,1,33,33,33,33,2.7156249984727765e-05,5.71796874737629e-05,1.3001953107050213e-05,4.901728074546696e-07
main,DTLZ3,12,3,1,34,34,34,34,2.5958984394947038e-05,5.71796874737629e-05,1.3001953107050213e-05,4.901728074546696e-07
main,DTLZ3,12,3,1,35,35,35,35,2.7156249984727765e-05,5.71796874737629e-05,1.3001953107050213e-05,4.901728074546696e-07
main,DTLZ3,12,3,1,36,36,36,36,2.7308593701036443e-05,5.71796874737629e-05,1.3001953107050213e-05,4.901728074546696e-07
main,DTLZ3,12,3,1,37,37,37,37,2.746093741734512e-05,5.71796874737629e-05,1.3001953107050213e-05,4.901728074546696e-07
main,DTLZ3,12,3,1,38,38,38,38,2.7902343731511792e-05,5.9601562497846317e-05,1.3001953107050213e-05,4.901728074546696e-07
main,DTLZ3,12,3,1,39,39,39,39,2.746093741734512e-05,5.9601562497846317e-05,1.3001953107050213e-05,4.901728074546696e-07
main,DTLZ3,12,3,1,40,40,40,40,2.7308593701036443e-05,5.9601562497846317e-05,1.3001953107050213e-05,4.901728074546696e-07
main,DTLZ3,12,3,1,41,41,41,41,2.7156249984727765e-05,5.9601562497846317e-05,1.3001953107050213e-05,4.901728074546696e-07
main,DTLZ3,12,3,1,42,42,42,42,2.5958984394947038e-05,5.9601562497846317e-05,1.3001953107050213e-05,4.901728074546696e-07
main,DTLZ3,12,3,1,43,43,43,43,2.7156249984727765e-05,5.9601562497846317e-05,1.3001953107050213e-05,4.901728074546696e-07
main,DTLZ3,12,3,1,44,44,44,44,2.5958984394947038e-05,5.9601562497846317e-05,1.3001953107050213e-05,4.901728074546696e-07
main,DTLZ3,12,3,1,45,45,45,45,2.7156249984727765e-05,5.9601562497846317e-05,1.3001953107050213e-05,4.901728074546696e-07
main,DTLZ3,12,3,1,46,46,46,46,2.5958984394947038e-05,5.9601562497846317e-05,1.3001953107050213e-05,4.901728074546696e-07
main,DTLZ3,12,3,1,47,47,47,47,2.476171880516631e-05,5.9601562497846317e-05,1.3001953107050213e-05,4.901728074546696e-07
main,DTLZ3,12,3,1,48,48,48,48,2.4375000009513315e-05,5.9601562497846317e-05,1.3001953107050213e-05,4.901728074546696e-07
main,DTLZ3,12,3,1,49,49,49,49,2.476171880516631e-05,5.9601562497846317e-05,1.3001953107050213e-05,4.901728074546696e-07
main,DTLZ3,12,3,1,50,50,50,50,2.4375000009513315e-05,5.9601562497846317e-05,1.3001953107050213e-05,4.901728074546696e-07
main,DTLZ3,12,3,1,51,51,51,51,2.476171880516631e-05,5.9601562497846317e-05,1.3001953107050213e-05,4.901728074546696e-07
main,DTLZ3,12,3,1,52,52,52,52,2.5958984394947038e-05,5.9601562497846317e-05,1.3001953107050213e-05,4.901728074546696e-07
main,DTLZ3,12,3,1,53,53,53,53,2.553125000304135e-05,5.9601562497846317e-05,1.3001953107050213e-05,4.901728074546696e-07
main,DTLZ3,12,3,1,54,54,54,54,2.514648440410383e-05,5.9601562497846317e-05,1.3001953107050213e-05,4.901728074546696e-07
main,DTLZ3,12,3,1,55,55,55,55,2.476171880516631e-05,5.9601562497846317e-05,1.3001953107050213e-05,4.901728074546696e-07
main,DTLZ3,12,3,1,56,56,56,56,2.4375000009513315e-05,5.9601562497846317e-05,1.3001953107050213e-05,4.901728074546696e-07
main,DTLZ3,12,3,1,57,57,57,57,2.398828121386032e-05,5.9601562497846317e-05,1.3001953107050213e-05,4.901728074546696e-07
main,DTLZ3,12,3,1,58,58,58,58,2.4375000009513315e-05,5.9601562497846317e-05,1.3001953107050213e-05,4.901728074546696e-07
main,DTLZ3,12,3,1,59,59,59,59,2.398828121386032e-05,5.9601562497846317e-05,1.3001953107050213e-05,4.901728074546696e-07
main,DTLZ3,12,3,1,60,60,60,60,2.4375000009513315e-05,5.9601562497846317e-05,1.3001953107050213e-05,4.901728074546696e-07
main,DTLZ3,12,3,1,61,61,61,61,2.398828121386032e-05,5.9601562497846317e-05,1.3001953107050213e-05,4.901728074546696e-07
main,DTLZ3,12,3,1,62,62,62,62,2.4375000009513315e-05,5.9601562497846317e-05,1.3001953107050213e-05,4.901728074546696e-07
main,DTLZ3,12,3,1,63,63,63,63,2.476171880516631e-05,5.9601562497846317e-05,1.3001953107050213e-05,4.901728074546696e-07
main,DTLZ3,12,3,1,64,64,64,64,2.514648440410383e-05,5.9601562497846317e-05,1.3001953107050213e-05,4.901728074546696e-07
main,DTLZ3,12,3,1,65,65,65,65,2.476171880516631e-05,5.9601562497846317e-05,1.3001953107050213e-05,4.901728074546696e-07
main,DTLZ3,12,3,1,66,66,66,66,2.4375000009513315e-05,5.9601562497846317e-05,1.3001953107050213e-05,4.901728074546696e-07
main,DTLZ3,12,3,1,67,67,67,67,2.476171880516631e-05,5.962499994893733e-05,1.3001953107050213e-05,4.901728074546696e-07
main,DTLZ3,12,3,1,68,68,68,68,2.514648440410383e-05,5.962499994893733e-05,1.3001953107050213e-05,4.901728074546696e-07
main,DTLZ3,12,3,1,69,69,69,69,2.553125000304135e-05,5.962499994893733e-05,1.3001953107050213e-05,4.901728074546696e-07
main,DTLZ3,12,3,1,70,70,70,70,2.514648440410383e-05,5.962499994893733e-05,1.3001953107050213e-05,4.901728074546696e-07
main,DTLZ3,12,3,1,71,71,71,71,2.553125000304135e-05,5.962499994893733e-05,1.3001953107050213e-05,4.901728074546696e-07
main,DTLZ3,12,3,1,72,72,72,72,2.514648440410383e-05,5.962499994893733e-05,1.3001953107050213e-05,4.901728074546696e-07
main,DTLZ3,12,3,1,73,73,73,73,2.553125000304135e-05,5.962499994893733e-05,1.3001953107050213e-05,4.901728074546696e-07
main,DTLZ3,12,3,1,74,74,74,74,2.514648440410383e-05,5.962499994893733e-05,1.3001953107050213e-05,4.901728074546696e-07
main,DTLZ3,12,3,1,75,75,75,75,2.553125000304135e-05,5.962499994893733e-05,1.3001953107050213e-05,4.901728074546696e-07
main,DTLZ3,12,3,1,76,76,76,76,2.514648440410383e-05,5.962499994893733e-05,1.3001953107050213e-05,4.981863183650681e-07
main,DTLZ3,12,3,1,77,77,77,77,2.553125000304135e-05,5.962499994893733e-05,1.3001953107050213e-05,4.981863183650681e-07
main,DTLZ3,12,3,1,78,78,78,78,2.569140622199484e-05,5.962499994893733e-05,1.3001953107050213e-05,4.981863183650681e-07
main,DTLZ3,12,3,1,79,79,79,79,2.5851562440948328e-05,5.962499994893733e-05,1.3001953107050213e-05,4.981863183650681e-07
main,DTLZ3,12,3,1,80,80,80,80,2.569140622199484e-05,5.962499994893733e-05,1.3001953107050213e-05,4.981863183650681e-07
main,DTLZ3,12,3,1,81,81,81,81,2.553125000304135e-05,5.962499994893733e-05,1.3001953107050213e-05,4.981863183650681e-07
main,DTLZ3,12,3,1,82,82,82,82,2.569140622199484e-05,5.962499994893733e-05,1.3001953107050213e-05,4.981863183650681e-07
main,DTLZ3,12,3,1,83,83,83,83,2.5851562440948328e-05,5.962499994893733e-05,1.3001953107050213e-05,4.981863183650681e-07
main,DTLZ3,12,3,1,84,84,84,84,2.569140622199484e-05,5.962499994893733e-05,1.3001953107050213e-05,4.981863183650681e-07
main,DTLZ3,12,3,1,85,85,85,85,2.553125000304135e-05,5.962499994893733e-05,1.3001953107050213e-05,4.981863183650681e-07
main,DTLZ3,12,3,1,86,86,86,86,2.569140622199484e-05,5.962499994893733e-05,1.3001953107050213e-05,4.981863183650681e-07
main,DTLZ3,12,3,1,87,87,87,87,2.5851562440948328e-05,5.962499994893733e-05,1.3001953107050213e-05,4.981863183650681e-07
main,DTLZ3,12,3,1,88,88,88,88,2.606640623525891e-05,5.962499994893733e-05,1.3001953107050213e-05,4.981863183650681e-07
main,DTLZ3,12,3,1,89,89,89,89,2.5851562440948328e-05,5.962499994893733e-05,1.3001953107050213e-05,4.981863183650681e-07
main,DTLZ3,12,3,1,90,90,90,90,2.569140622199484e-05,5.962499994893733e-05,1.3001953107050213e-05,4.981863183650681e-07
main,DTLZ3,12,3,1,91,91,91,91,2.5851562440948328e-05,5.962499994893733e-05,1.3001953107050213e-05,4.981863183650681e-07
main,DTLZ3,12,3,1,92,92,92,92,2.606640623525891e-05,5.962499994893733e-05,1.3001953107050213e-05,4.981863183650681e-07
main,DTLZ3,12,3,1,93,93,93,93,2.5851562440948328e-05,5.962499994893733e-05,1.3001953107050213e-05,4.981863183650681e-07
main,DTLZ3,12,3,1,94,94,94,94,2.569140622199484e-05,5.962499994893733e-05,1.3001953107050213e-05,4.981863183650681e-07
main,DTLZ3,12,3,1,95,95,95,95,2.5851562440948328e-05,5.962499994893733e-05,1.3001953107050213e-05,4.981863183650681e-07
main,DTLZ3,12,3,1,96,96,96,96,2.606640623525891e-05,5.962499994893733e-05,1.3001953107050213e-05,4.981863183650681e-07
main,DTLZ3,12,3,1,97,97,97,97,2.5851562440948328e-05,5.962499994893733e-05,1.3001953107050213e-05,4.981863183650681e-07
main,DTLZ3,12,3,1,98,98,98,98,2.606640623525891e-05,5.962499994893733e-05,1.3001953107050213e-05,4.981863183650681e-07
main,DTLZ3,12,3,1,99,99,99,99,2.5851562440948328e-05,5.962499994893733e-05,1.3001953107050213e-05,4.981863183650681e-07
main,DTLZ3,12,3,1,100,100,100,100,2.569140622199484e-05,5.962499994893733e-05,1.3001953107050213e-05,4.981863183650681e-07
main,DTLZ3,12,3,1,101,101,101,101,2.5851562440948328e-05,5.962499994893733e-05,1.3001953107050213e-05,4.981863183650681e-07
main,DTLZ3,12,3,1,102,102,102,102,2.606640623525891e-05,5.962499994893733e-05,1.3001953107050213e-05,4.981863183650681e-07
main,DTLZ3,12,3,1,103,103,103,103,2.5851562440948328e-05,5.962499994893733e-05,1.3001953107050213e-05,4.981863183650681e-07
main,DTLZ3,12,3,1,104,104,104,104,2.606640623525891e-05,5.962499994893733e-05,1.3001953107050213e-05,4.981863183650681e-07
main,DTLZ3,12,3,1,105,105,105,105,2.6281250029569492e-05,5.962499994893733e-05,1.3001953107050213e-05,4.981863183650681e-07
main,DTLZ3,12,3,1,106,106,106,106,2.671875000714863e-05,5.962499994893733e-05,1.3001953107050213e-05,4.981863183650681e-07
main,DTLZ3,12,3,1,107,107,107,107,2.7156249984727765e-05,5.962499994893733e-05,1.3001953107050213e-05,4.981863183650681e-07
main,DTLZ3,12,3,1,108,108,108,108,2.671875000714863e-05,5.962499994893733e-05,1.3001953107050213e-05,4.981863183650681e-07
main,DTLZ3,12,3,1,109,109,109,109,2.6281250029569492e-05,5.962499994893733e-05,1.3001953107050213e-05,4.981863183650681e-07
main,DTLZ3,12,3,1,110,110,110,110,2.606640623525891e-05,5.962499994893733e-05,1.3001953107050213e-05,4.981863183650681e-07
main,DTLZ3,12,3,1,111,111,111,111,2.6281250029569492e-05,5.962499994893733e-05,1.3001953107050213e-05,4.981863183650681e-07
main,DTLZ3,12,3,1,112,112,112,112,2.671875000714863e-05,5.962499994893733e-05,1.3001953107050213e-05,4.981863183650681e-07
main,DTLZ3,12,3,1,113,113,113,113,2.7156249984727765e-05,5.962499994893733e-05,1.3001953107050213e-05,4.981863183650681e-07
main,DTLZ3,12,3,1,114,114,114,114,2.7308593701036443e-05,5.962499994893733e-05,1.3001953107050213e-05,4.981863183650681e-07
main,DTLZ3,12,3,1,115,115,115,115,2.746093741734512e-05,5.962499994893733e-05,1.3001953107050213e-05,4.981863183650681e-07
main,DTLZ3,12,3,1,116,116,116,116,2.7902343731511792e-05,5.962499994893733e-05,1.3001953107050213e-05,4.981863183650681e-07
main,DTLZ3,12,3,1,117,117,117,117,2.746093741734512e-05,5.962499994893733e-05,1.3001953107050213e-05,4.981863183650681e-07
main,DTLZ3,12,3,1,118,118,118,118,2.7308593701036443e-05,5.962499994893733e-05,1.3001953107050213e-05,4.981863183650681e-07
main,DTLZ3,12,3,1,119,119,119,119,2.7156249984727765e-05,5.962499994893733e-05,1.3001953107050213e-05,4.981863183650681e-07
main,DTLZ3,12,3,1,120,120,120,120,2.7308593701036443e-05,5.962499994893733e-05,1.3001953107050213e-05,4.981863183650681e-07
main,DTLZ3,12,3,1,121,121,121,121,2.7156249984727765e-05,5.962499994893733e-05,1.3001953107050213e-05,4.981863183650681e-07
main,DTLZ3,12,3,1,122,122,122,122,2.7308593701036443e-05,5.962499994893733e-05,1.3001953107050213e-05,4.981863183650681e-07
main,DTLZ3,12,3,1,123,123,123,123,2.746093741734512e-05,5.962499994893733e-05,1.3001953107050213e-05,4.981863183650681e-07
main,DTLZ3,12,3,1,124,124,124,124,2.7308593701036443e-05,5.962499994893733e-05,1.3001953107050213e-05,4.981863183650681e-07
main,DTLZ3,12,3,1,125,125,125,125,2.7156249984727765e-05,5.962499994893733e-05,1.3001953107050213e-05,4.981863183650681e-07
main,DTLZ3,12,3,1,126,126,126,126,2.7308593701036443e-05,5.965624995951657e-05,1.3001953107050213e-05,4.981863183650681e-07
main,DTLZ3,12,3,1,127,127,127,127,2.7156249984727765e-05,5.965624995951657e-05,1.3001953107050213e-05,4.981863183650681e-07
main,DTLZ3,12,3,1,128,128,128,128,2.7308593701036443e-05,5.965624995951657e-05,1.3001953107050213e-05,4.981863183650681e-07
main,DTLZ3,12,3,1,129,129,129,129,2.746093741734512e-05,5.965624995951657e-05,1.3001953107050213e-05,4.981863183650681e-07
main,DTLZ3,12,3,1,130,130,130,130,2.7902343731511792e-05,5.965624995951657e-05,1.3001953107050213e-05,4.981863183650681e-07
main,DTLZ3,12,3,1,131,131,131,131,2.8343750045678462e-05,5.965624995951657e-05,1.3001953107050213e-05,4.981863183650681e-07
main,DTLZ3,12,3,1,132,132,132,132,2.7902343731511792e-05,5.965624995951657e-05,1.3001953107050213e-05,4.981863183650681e-07
main,DTLZ3,12,3,1,133,133,133,133,2.746093741734512e-05,5.965624995951657e-05,1.3001953107050213e-05,4.981863183650681e-07
main,DTLZ3,12,3,1,134,134,134,134,2.7902343731511792e-05,5.965624995951657e-05,1.3001953107050213e-05,4.981863183650681e-07
main,DTLZ3,12,3,1,135,135,135,135,2.8343750045678462e-05,5.965624995951657e-05,1.3001953107050213e-05,4.981863183650681e-07
main,DTLZ3,12,3,1,136,136,136,136,2.7902343731511792e-05,5.965624995951657e-05,1.3001953107050213e-05,4.981863183650681e-07
main,DTLZ3,12,3,1,137,137,137,137,2.746093741734512e-05,5.965624995951657e-05,1.3001953107050213e-05,4.981863183650681e-07
main,DTLZ3,12,3,1,138,138,138,138,2.7902343731511792e-05,5.965624995951657e-05,1.3001953107050213e-05,4.981863183650681e-07
main,DTLZ3,12,3,1,139,139,139,139,2.746093741734512e-05,5.965624995951657e-05,1.3001953107050213e-05,4.981863183650681e-07
main,DTLZ3,12,3,1,140,140,140,140,2.7902343731511792e-05,5.965624995951657e-05,1.3001953107050213e-05,4.981863183650681e-07
main,DTLZ3,12,3,1,141,141,141,141,2.8343750045678462e-05,5.965624995951657e-05,1.3001953107050213e-05,4.981863183650681e-07
main,DTLZ3,12,3,1,142,142,142,142,2.8441406243473466e-05,5.965624995951657e-05,1.3001953107050213e-05,4.981863183650681e-07
main,DTLZ3,12,3,1,143,143,143,143,2.8343750045678462e-05,5.965624995951657e-05,1.3001953107050213e-05,4.981863183650681e-07
main,DTLZ3,12,3,1,144,144,144,144,2.7902343731511792e-05,5.965624995951657e-05,1.3001953107050213e-05,4.981863183650681e-07
main,DTLZ3,12,3,1,145,145,145,145,2.8343750045678462e-05,5.965624995951657e-05,1.3001953107050213e-05,4.981863183650681e-07
main,DTLZ3,12,3,1,146,146,146,146,2.8441406243473466e-05,5.965624995951657e-05,1.3001953107050213e-05,4.981863183650681e-07
main,DTLZ3,12,3,1,147,147,147,147,2.8343750045678462e-05,5.965624995951657e-05,1.3001953107050213e-05,4.981863183650681e-07
main,DTLZ3,12,3,1,148,148,148,148,2.8441406243473466e-05,5.965624995951657e-05,1.3001953107050213e-05,4.981863183650681e-07
main,DTLZ3,12,3,1,149,149,149,149,2.8343750045678462e-05,5.965624995951657e-05,1.3001953107050213e-05,4.981863183650681e-07
main,DTLZ3,12,3,1,150,150,150,150,2.8441406243473466e-05,5.965624995951657e-05,1.3001953107050213e-05,4.981863183650681e-07
main,DTLZ3,12,3,1,151,151,151,151,2.853906244126847e-05,5.965624995951657e-05,1.3001953107050213e-05,4.981863183650681e-07
main,DTLZ3,12,3,1,152,152,152,152,2.8441406243473466e-05,5.965624995951657e-05,1.3001953107050213e-05,4.981863183650681e-07
main,DTLZ3,12,3,1,153,153,153,153,2.853906244126847e-05,5.965624995951657e-05,1.3001953107050213e-05,4.981863183650681e-07
main,DTLZ3,12,3,1,154,154,154,154,2.8441406243473466e-05,5.965624995951657e-05,1.3001953107050213e-05,4.981863183650681e-07
main,DTLZ3,12,3,1,155,155,155,155,2.853906244126847e-05,5.978906256132177e-05,1.3001953107050213e-05,4.981863183650681e-07
main,DTLZ3,12,3,1,156,156,156,156,2.8441406243473466e-05,5.978906256132177e-05,1.3001953107050213e-05,4.981863183650681e-07
main,DTLZ3,12,3,1,157,157,157,157,2.853906244126847e-05,6.073437498343992e-05,1.3001953107050213e-05,4.981863183650681e-07
main,DTLZ3,12,3,1,158,158,158,158,2.8441406243473466e-05,6.073437498343992e-05,1.3001953107050213e-05,4.981863183650681e-07
main,DTLZ3,12,3,1,159,159,159,159,2.853906244126847e-05,6.073437498343992e-05,1.3001953107050213e-05,4.981863183650681e-07
main,DTLZ3,12,3,1,160,160,160,160,2.8441406243473466e-05,6.073437498343992e-05,1.3001953107050213e-05,4.981863183650681e-07
main,DTLZ3,12,3,1,161,161,161,161,2.8343750045678462e-05,6.073437498343992e-05,1.3001953107050213e-05,4.981863183650681e-07
main,DTLZ3,12,3,1,162,162,162,162,2.7902343731511792e-05,6.073437498343992e-05,1.3001953107050213e-05,4.981863183650681e-07
main,DTLZ3,12,3,1,163,163,163,163,2.746093741734512e-05,6.073437498343992e-05,1.3001953107050213e-05,4.981863183650681e-07
main,DTLZ3,12,3,1,164,164,164,164,2.7308593701036443e-05,6.073437498343992e-05,1.3001953107050213e-05,4.981863183650681e-07
main,DTLZ3,12,3,1,165,165,165,165,2.7156249984727765e-05,6.073437498343992e-05,1.3001953107050213e-05,4.981863183650681e-07
main,DTLZ3,12,3,1,166,166,166,166,2.7308593701036443e-05,6.073437498343992e-05,1.3001953107050213e-05,4.981863183650681e-07
main,DTLZ3,12,3,1,167,167,167,167,2.7156249984727765e-05,6.073437498343992e-05,1.3001953107050213e-05,4.981863183650681e-07
main,DTLZ3,12,3,1,168,168,168,168,2.6964843698351615e-05,6.073437498343992e-05,1.3001953107050213e-05,4.981863183650681e-07
main,DTLZ3,12,3,1,169,169,169,169,2.6773437411975465e-05,6.073437498343992e-05,1.3001953107050213e-05,4.981863183650681e-07
main,DTLZ3,12,3,1,170,170,170,170,2.6527343720772478e-05,6.073437498343992e-05,1.3001953107050213e-05,4.981863183650681e-07
main,DTLZ3,12,3,1,171,171,171,171,2.6773437411975465e-05,6.073437498343992e-05,1.3001953107050213e-05,4.981863183650681e-07
main,DTLZ3,12,3,1,172,172,172,172,2.6527343720772478e-05,6.073437498343992e-05,1.3001953107050213e-05,4.981863183650681e-07
main,DTLZ3,12,3,1,173,173,173,173,2.6773437411975465e-05,6.073437498343992e-05,1.3001953107050213e-05,4.981863183650681e-07
main,DTLZ3,12,3,1,174,174,174,174,2.6964843698351615e-05,6.073437498343992e-05,1.3001953107050213e-05,4.981863183650681e-07
main,DTLZ3,12,3,1,175,175,175,175,2.6773437411975465e-05,6.073437498343992e-05,1.3001953107050213e-05,4.981863183650681e-07
main,DTLZ3,12,3,1,176,176,176,176,2.6964843698351615e-05,6.073437498343992e-05,1.3001953107050213e-05,4.981863183650681e-07
main,DTLZ3,12,3,1,177,177,177,177,2.7156249984727765e-05,6.073437498343992e-05,1.3001953107050213e-05,4.981863183650681e-07
main,DTLZ3,12,3,1,178,178,178,178,2.7308593701036443e-05,6.073437498343992e-05,1.3001953107050213e-05,4.981863183650681e-07
main,DTLZ3,12,3,1,179,179,179,179,2.7156249984727765e-05,6.073437498343992e-05,1.3001953107050213e-05,4.981863183650681e-07
main,DTLZ3,12,3,1,180,180,180,180,2.7308593701036443e-05,6.073437498343992e-05,1.3001953107050213e-05,4.981863183650681e-07
main,DTLZ3,12,3,1,181,181,181,181,2.7156249984727765e-05,6.073437498343992e-05,1.3001953107050213e-05,4.981863183650681e-07
main,DTLZ3,12,3,1,182,182,182,182,2.6964843698351615e-05,6.073437498343992e-05,1.3001953107050213e-05,4.981863183650681e-07
main,DTLZ3,12,3,1,183,183,183,183,2.6773437411975465e-05,6.073437498343992e-05,1.3001953107050213e-05,4.981863183650681e-07
main,DTLZ3,12,3,1,184,184,184,184,2.695117183293405e-05,6.073437498343992e-05,1.3001953107050213e-05,4.981863183650681e-07
main,DTLZ3,12,3,1,185,185,185,185,2.7128906253892637e-05,6.073437498343992e-05,1.3001953107050213e-05,4.981863183650681e-07
main,DTLZ3,12,3,1,186,186,186,186,2.695117183293405e-05,6.073437498343992e-05,1.3001953107050213e-05,4.981863183650681e-07
main,DTLZ3,12,3,1,187,187,187,187,2.7128906253892637e-05,6.073437498343992e-05,1.3001953107050213e-05,4.981863183650681e-07
main,DTLZ3,12,3,1,188,188,188,188,2.695117183293405e-05,6.073437498343992e-05,1.3001953107050213e-05,4.981863183650681e-07
main,DTLZ3,12,3,1,189,189,189,189,2.7128906253892637e-05,6.073437498343992e-05,1.3001953107050213e-05,4.981863183650681e-07
main,DTLZ3,12,3,1,190,190,190,190,2.695117183293405e-05,6.073437498343992e-05,1.3001953107050213e-05,4.981863183650681e-07
main,DTLZ3,12,3,1,191,191,191,191,2.7128906253892637e-05,6.073437498343992e-05,1.3001953107050213e-05,4.981863183650681e-07
main,DTLZ3,12,3,1,192,192,192,192,2.695117183293405e-05,6.073437498343992e-05,1.3001953107050213e-05,4.981863183650681e-07
main,DTLZ3,12,3,1,193,193,193,193,2.7128906253892637e-05,6.0804687564086635e-05,1.3001953107050213e-05,4.981863183650681e-07
main,DTLZ3,12,3,1,194,194,194,194,2.71425781193102e-05,6.0804687564086635e-05,1.3001953107050213e-05,4.981863183650681e-07
main,DTLZ3,12,3,1,195,195,195,195,2.7156249984727765e-05,6.0804687564086635e-05,1.3001953107050213e-05,4.981863183650681e-07
main,DTLZ3,12,3,1,196,196,196,196,2.7308593701036443e-05,6.0804687564086635e-05,1.3001953107050213e-05,4.981863183650681e-07
main,DTLZ3,12,3,1,197,197,197,197,2.746093741734512e-05,6.0804687564086635e-05,1.3001953107050213e-05,4.981863183650681e-07
main,DTLZ3,12,3,1,198,198,198,198,2.7308593701036443e-05,6.0804687564086635e-05,1.3001953107050213e-05,4.981863183650681e-07
main,DTLZ3,12,3,1,199,199,199,199,2.7156249984727765e-05,6.0804687564086635e-05,1.3001953107050213e-05,4.981863183650681e-07
main,DTLZ3,12,3,1,200,200,200,200,2.7308593701036443e-05,6.0804687564086635e-05,1.3001953107050213e-05,4.981863183650681e-07
main,DTLZ3,12,3,1,201,201,201,201,2.746093741734512e-05,6.0804687564086635e-05,1.3001953107050213e-05,4.981863183650681e-07
main,DTLZ3,12,3,1,202,202,202,202,2.7902343731511792e-05,6.0804687564086635e-05,1.3001953107050213e-05,4.981863183650681e-07
main,DTLZ3,12,3,1,203,203,203,203,2.8343750045678462e-05,6.0804687564086635e-05,1.3001953107050213e-05,4.981863183650681e-07
main,DTLZ3,12,3,1,204,204,204,204,2.7902343731511792e-05,6.0804687564086635e-05,1.3001953107050213e-05,4.981863183650681e-07
main,DTLZ3,12,3,1,205,205,205,205,2.8343750045678462e-05,6.0804687564086635e-05,1.3001953107050213e-05,4.981863183650681e-07
main,DTLZ3,12,3,1,206,206,206,206,2.8441406243473466e-05,6.0804687564086635e-05,1.3001953107050213e-05,4.981863183650681e-07
main,DTLZ3,12,3,1,207,207,207,207,2.853906244126847e-05,6.0804687564086635e-05,1.3001953107050213e-05,4.981863183650681e-07
main,DTLZ3,12,3,1,208,208,208,208,2.8441406243473466e-05,6.0804687564086635e-05,1.3001953107050213e-05,4.981863183650681e-07
main,DTLZ3,12,3,1,209,209,209,209,2.8343750045678462e-05,6.0804687564086635e-05,1.3001953107050213e-05,4.981863183650681e-07
main,DTLZ3,12,3,1,210,210,210,210,2.7902343731511792e-05,6.0804687564086635e-05,1.3001953107050213e-05,4.981863183650681e-07
main,DTLZ3,12,3,1,211,211,211,211,2.8343750045678462e-05,6.0804687564086635e-05,1.3001953107050213e-05,4.981863183650681e-07
main,DTLZ3,12,3,1,212,212,212,212,2.7902343731511792e-05,6.0804687564086635e-05,1.3001953107050213e-05,4.981863183650681e-07
main,DTLZ3,12,3,1,213,213,213,213,2.8343750045678462e-05,6.0804687564086635e-05,1.3001953107050213e-05,4.981863183650681e-07
main,DTLZ3,12,3,1,214,214,214,214,2.8441406243473466e-05,6.0804687564086635e-05,1.3001953107050213e-05,4.981863183650681e-07
main,DTLZ3,12,3,1,215,215,215,215,2.853906244126847e-05,6.0804687564086635e-05,1.3001953107050213e-05,4.981863183650681e-07
main,DTLZ3,12,3,1,216,216,216,216,2.8441406243473466e-05,6.0804687564086635e-05,1.3001953107050213e-05,4.981863183650681e-07
main,DTLZ3,12,3,1,217,217,217,217,2.8343750045678462e-05,6.0804687564086635e-05,1.3001953107050213e-05,4.981863183650681e-07
main,DTLZ3,12,3,1,218,218,218,218,2.8441406243473466e-05,6.0804687564086635e-05,1.3001953107050213e-05,4.981863183650681e-07
main,DTLZ3,12,3,1,219,219,219,219,2.853906244126847e-05,6.0804687564086635e-05,1.3001953107050213e-05,4.981863183650681e-07
main,DTLZ3,12,3,1,220,220,220,220,2.8617187467716576e-05,6.0804687564086635e-05,1.3001953107050213e-05,4.981863183650681e-07
main,DTLZ3,12,3,1,221,221,221,221,2.853906244126847e-05,6.0804687564086635e-05,1.3001953107050213e-05,4.981863183650681e-07
main,DTLZ3,12,3,1,222,222,222,222,2.8441406243473466e-05,6.0804687564086635e-05,1.3001953107050213e-05,4.981863183650681e-07
main,DTLZ3,12,3,1,223,223,223,223,2.853906244126847e-05,6.0804687564086635e-05,1.3001953107050213e-05,4.981863183650681e-07
main,DTLZ3,12,3,1,224,224,224,224,2.8441406243473466e-05,6.0804687564086635e-05,1.3001953107050213e-05,4.981863183650681e-07
main,DTLZ3,12,3,1,225,225,225,225,2.8343750045678462e-05,6.0804687564086635e-05,1.3001953107050213e-05,4.981863183650681e-07
main,DTLZ3,12,3,1,226,226,226,226,2.7902343731511792e-05,6.0804687564086635e-05,1.3001953107050213e-05,4.981863183650681e-07
main,DTLZ3,12,3,1,227,227,227,227,2.746093741734512e-05,6.0804687564086635e-05,1.3001953107050213e-05,4.981863183650681e-07
main,DTLZ3,12,3,1,228,228,228,228,2.7902343731511792e-05,6.0804687564086635e-05,1.3001953107050213e-05,4.981863183650681e-07
main,DTLZ3,12,3,1,229,229,229,229,2.746093741734512e-05,6.0804687564086635e-05,1.3001953107050213e-05,4.981863183650681e-07
main,DTLZ3,12,3,1,230,230,230,230,2.7902343731511792e-05,6.0804687564086635e-05,1.3001953107050213e-05,4.981863183650681e-07
main,DTLZ3,12,3,1,231,231,231,231,2.746093741734512e-05,6.0804687564086635e-05,1.3001953107050213e-05,4.981863183650681e-07
main,DTLZ3,12,3,1,232,232,232,232,2.7308593701036443e-05,6.0804687564086635e-05,1.3001953107050213e-05,4.981863183650681e-07
main,DTLZ3,12,3,1,233,233,233,233,2.7156249984727765e-05,6.0804687564086635e-05,1.3001953107050213e-05,4.981863183650681e-07
main,DTLZ3,12,3,1,234,234,234,234,2.71425781193102e-05,6.0804687564086635e-05,1.3001953107050213e-05,4.981863183650681e-07
main,DTLZ3,12,3,1,235,235,235,235,2.7156249984727765e-05,6.0804687564086635e-05,1.3001953107050213e-05,4.981863183650681e-07
main,DTLZ3,12,3,1,236,236,236,236,2.7308593701036443e-05,6.0804687564086635e-05,1.3001953107050213e-05,4.981863183650681e-07
main,DTLZ3,12,3,1,237,237,237,237,2.746093741734512e-05,6.0804687564086635e-05,1.3001953107050213e-05,4.981863183650681e-07
main,DTLZ3,12,3,1,238,238,238,238,2.7902343731511792e-05,6.0804687564086635e-05,1.3001953107050213e-05,4.981863183650681e-07
main,DTLZ3,12,3,1,239,239,239,239,2.746093741734512e-05,6.0804687564086635e-05,1.3001953107050213e-05,4.981863183650681e-07
main,DTLZ3,12,3,1,240,240,240,240,2.7308593701036443e-05,6.0804687564086635e-05,1.3001953107050213e-05,4.981863183650681e-07
main,DTLZ4,12,3,1,1,1,1,1,4.088387489387113e-07,4.088387489387113e-07,2.552042007442079e-07,4.7438619144024585e-07
main,DTLZ4,12,3,1,2,2,2,2,4.2260289192380673e-07,4.3636703490890216e-07,2.8991889952645344e-07,4.7438619144024585e-07
main,DTLZ4,12,3,1,3,3,3,3,4.088387489387113e-07,4.3636703490890216e-07,2.8991889952645344e-07,4.7438619144024585e-07
main,DTLZ4,12,3,1,4,4,4,4,3.8679242135575276e-07,4.3636703490890216e-07,2.8991889952645344e-07,4.7438619144024585e-07
main,DTLZ4,12,3,1,5,5,5,5,3.647460937727942e-07,4.3636703490890216e-07,4.466321468360457e-07,4.7438619144024585e-07
main,DTLZ4,12,3,1,6,6,6,6,3.8679242135575276e-07,4.3636703490890216e-07,4.466321468360457e-07,4.7438619144024585e-07
main,DTLZ4,12,3,1,7,7,7,7,3.647460937727942e-07,4.3636703490890216e-07,4.466321468360457e-07,5.148626791573463e-07
main,DTLZ4,12,3,1,8,8,8,8,3.8679242135575276e-07,4.3636703490890216e-07,4.6888923643795266e-07,5.148626791573463e-07
main,DTLZ4,12,3,1,9,9,9,9,3.647460937727942e-07,4.3636703490890216e-07,4.723396301309357e-07,5.148626791573463e-07
main,DTLZ4,12,3,1,10,10,10,10,3.8679242135575276e-07,4.787292480490368e-07,4.723396301309357e-07,5.148626791573463e-07
main,DTLZ4,12,3,1,11,11,11,11,3.647460937727942e-07,4.787292480490368e-07,4.723396301309357e-07,5.148626791573463e-07
main,DTLZ4,12,3,1,12,12,12,12,3.8679242135575276e-07,4.985046386796199e-07,4.903602600081491e-07,5.148626791573463e-07
main,DTLZ4,12,3,1,13,13,13,13,4.088387489387113e-07,4.985046386796199e-07,4.903602600081491e-07,5.148626791573463e-07
main,DTLZ4,12,3,1,14,14,14,14,4.114124775717043e-07,4.985046386796199e-07,4.903602600081491e-07,5.148626791573463e-07
main,DTLZ4,12,3,1,15,15,15,15,4.088387489387113e-07,4.985046386796199e-07,4.903602600081491e-07,5.148626791573463e-07
main,DTLZ4,12,3,1,16,16,16,16,3.8679242135575276e-07,4.985046386796199e-07,4.903602600081491e-07,5.148626791573463e-07
main,DTLZ4,12,3,1,17,17,17,17,3.647460937727942e-07,4.985046386796199e-07,4.903602600081491e-07,5.148626791573463e-07
main,DTLZ4,12,3,1,18,18,18,18,3.6399078373605676e-07,4.985046386796199e-07,4.903602600081491e-07,5.148626791573463e-07
main,DTLZ4,12,3,1,19,19,19,19,3.647460937727942e-07,4.985046386796199e-07,4.903602600081491e-07,5.148626791573463e-07
main,DTLZ4,12,3,1,20,20,20,20,3.8679242135575276e-07,4.985046386796199e-07,4.903602600081491e-07,5.148626791573463e-07
main,DTLZ4,12,3,1,21,21,21,21,3.647460937727942e-07,4.985046386796199e-07,4.903602600081491e-07,5.148626791573463e-07
main,DTLZ4,12,3,1,22,22,22,22,3.6399078373605676e-07,4.985046386796199e-07,4.903602600081491e-07,5.148626791573463e-07
main,DTLZ4,12,3,1,23,23,23,23,3.647460937727942e-07,4.985046386796199e-07,4.903602600081491e-07,5.148626791573463e-07
main,DTLZ4,12,3,1,24,24,24,24,3.696823120402648e-07,4.985046386796199e-07,4.903602600081491e-07,5.148626791573463e-07
main,DTLZ4,12,3,1,25,25,25,25,3.647460937727942e-07,4.985046386796199e-07,4.903602600081491e-07,5.148626791573463e-07
main,DTLZ4,12,3,1,26,26,26,26,3.6399078373605676e-07,4.985046386796199e-07,4.903602600081491e-07,5.148626791573463e-07
main,DTLZ4,12,3,1,27,27,27,27,3.632354736993193e-07,4.985046386796199e-07,4.903602600081491e-07,5.148626791573463e-07
main,DTLZ4,12,3,1,28,28,28,28,3.6399078373605676e-07,4.985046386796199e-07,4.903602600081491e-07,5.148626791573463e-07
main,DTLZ4,12,3,1,29,29,29,29,3.647460937727942e-07,4.999825954435377e-07,4.903602600081491e-07,5.148626791573463e-07
main,DTLZ4,12,3,1,30,30,30,30,3.696823120402648e-07,4.999825954435377e-07,4.903602600081491e-07,5.148626791573463e-07
main,DTLZ4,12,3,1,31,31,31,31,3.647460937727942e-07,4.999825954435377e-07,4.903602600081491e-07,5.148626791573463e-07
main,DTLZ4,12,3,1,32,32,32,32,3.696823120402648e-07,4.999825954435377e-07,4.903602600081491e-07,5.148626791573463e-07
main,DTLZ4,12,3,1,33,33,33,33,3.647460937727942e-07,4.999825954435377e-07,4.903602600081491e-07,5.148626791573463e-07
main,DTLZ4,12,3,1,34,34,34,34,3.6399078373605676e-07,4.999825954435377e-07,4.903602600081491e-07,5.148626791573463e-07
main,DTLZ4,12,3,1,35,35,35,35,3.632354736993193e-07,4.999825954435377e-07,4.903602600081491e-07,5.148626791573463e-07
main,DTLZ4,12,3,1,36,36,36,36,3.625234365790819e-07,4.999825954435377e-07,4.903602600081491e-07,5.148626791573463e-07
main,DTLZ4,12,3,1,37,37,37,37,3.632354736993193e-07,4.999825954435377e-07,4.903602600081491e-07,5.148626791573463e-07
main,DTLZ4,12,3,1,38,38,38,38,3.6399078373605676e-07,4.999825954435377e-07,4.903602600081491e-07,5.148626791573463e-07
main,DTLZ4,12,3,1,39,39,39,39,3.647460937727942e-07,4.999825954435377e-07,4.903602600081491e-07,5.148626791573463e-07
main,DTLZ4,12,3,1,40,40,40,40,3.6399078373605676e-07,4.999825954435377e-07,4.903602600081491e-07,5.148626791573463e-07
main,DTLZ4,12,3,1,41,41,41,41,3.647460937727942e-07,4.999825954435377e-07,4.903602600081491e-07,5.148626791573463e-07
main,DTLZ4,12,3,1,42,42,42,42,3.667917251731767e-07,5.472412110130165e-07,4.903602600081491e-07,5.148626791573463e-07
main,DTLZ4,12,3,1,43,43,43,43,3.647460937727942e-07,5.472412110130165e-07,4.903602600081491e-07,5.148626791573463e-07
main,DTLZ4,12,3,1,44,44,44,44,3.6399078373605676e-07,5.472412110130165e-07,4.903602600081491e-07,5.148626791573463e-07
main,DTLZ4,12,3,1,45,45,45,45,3.647460937727942e-07,5.472412110130165e-07,4.903602600081491e-07,5.148626791573463e-07
main,DTLZ4,12,3,1,46,46,46,46,3.6399078373605676e-07,5.472412110130165e-07,4.903602600081491e-07,5.148626791573463e-07
main,DTLZ4,12,3,1,47,47,47,47,3.632354736993193e-07,5.472412110130165e-07,4.926114082343114e-07,5.148626791573463e-07
main,DTLZ4,12,3,1,48,48,48,48,3.6399078373605676e-07,5.472412110130165e-07,4.926114082343114e-07,5.148626791573463e-07
main,DTLZ4,12,3,1,49,49,49,49,3.647460937727942e-07,5.472412110130165e-07,4.926114082343114e-07,5.148626791573463e-07
main,DTLZ4,12,3,1,50,50,50,50,3.6399078373605676e-07,5.472412110130165e-07,4.926114082343114e-07,5.148626791573463e-07
main,DTLZ4,12,3,1,51,51,51,51,3.632354736993193e-07,5.472412110130165e-07,4.926114082343114e-07,5.148626791573463e-07
main,DTLZ4,12,3,1,52,52,52,52,3.6399078373605676e-07,5.472412110130165e-07,4.926114082343114e-07,5.148626791573463e-07
main,DTLZ4,12,3,1,53,53,53,53,3.632354736993193e-07,5.472412110130165e-07,4.926114082343114e-07,5.148626791573463e-07
main,DTLZ4,12,3,1,54,54,54,54,3.625234365790819e-07,5.472412110130165e-07,4.926114082343114e-07,5.148626791573463e-07
main,DTLZ4,12,3,1,55,55,55,55,3.632354736993193e-07,5.472412110130165e-07,4.926114082343114e-07,5.148626791573463e-07
main,DTLZ4,12,3,1,56,56,56,56,3.6399078373605676e-07,5.472412110130165e-07,4.926114082343114e-07,5.148626791573463e-07
main,DTLZ4,12,3,1,57,57,57,57,3.632354736993193e-07,5.472412110130165e-07,4.926114082343114e-07,5.148626791573463e-07
main,DTLZ4,12,3,1,58,58,58,58,3.6399078373605676e-07,5.472412110130165e-07,4.926114082343114e-07,5.148626791573463e-07
main,DTLZ4,12,3,1,59,59,59,59,3.632354736993193e-07,5.472412110130165e-07,4.926114082343114e-07,5.148626791573463e-07
main,DTLZ4,12,3,1,60,60,60,60,3.6399078373605676e-07,5.472412110130165e-07,4.926114082343114e-07,5.148626791573463e-07
main,DTLZ4,12,3,1,61,61,61,61,3.632354736993193e-07,5.472412110130165e-07,4.926114082343114e-07,5.148626791573463e-07
main,DTLZ4,12,3,1,62,62,62,62,3.6399078373605676e-07,5.472412110130165e-07,4.926114082343114e-07,5.148626791573463e-07
main,DTLZ4,12,3,1,63,63,63,63,3.632354736993193e-07,5.472412110130165e-07,4.926114082343114e-07,5.148626791573463e-07
main,DTLZ4,12,3,1,64,64,64,64,3.6399078373605676e-07,5.472412110130165e-07,4.926114082343114e-07,5.148626791573463e-07
main,DTLZ4,12,3,1,65,65,65,65,3.647460937727942e-07,5.472412110130165e-07,4.926114082343114e-07,5.148626791573463e-07
main,DTLZ4,12,3,1,66,66,66,66,3.667917251731767e-07,5.472412110130165e-07,4.926114082343114e-07,5.148626791573463e-07
main,DTLZ4,12,3,1,67,67,67,67,3.647460937727942e-07,5.472412110130165e-07,4.926114082343114e-07,5.148626791573463e-07
main,DTLZ4,12,3,1,68,68,68,68,3.6399078373605676e-07,5.472412110130165e-07,4.926114082343114e-07,5.148626791573463e-07
main,DTLZ4,12,3,1,69,69,69,69,3.632354736993193e-07,5.472412110130165e-07,4.926114082343114e-07,5.148626791573463e-07
main,DTLZ4,12,3,1,70,70,70,70,3.6399078373605676e-07,5.878906250700311e-07,4.926114082343114e-07,5.148626791573463e-07
main,DTLZ4,12,3,1,71,71,71,71,3.632354736993193e-07,5.878906250700311e-07,4.926114082343114e-07,5.148626791573463e-07
main,DTLZ4,12,3,1,72,72,72,72,3.6399078373605676e-07,5.878906250700311e-07,4.938662052159093e-07,5.148626791573463e-07
main,DTLZ4,12,3,1,73,73,73,73,3.632354736993193e-07,5.878906250700311e-07,4.938662052159093e-07,5.148626791573463e-07
main,DTLZ4,12,3,1,74,74,74,74,3.6399078373605676e-07,5.878906250700311e-07,4.938662052159093e-07,5.148626791573463e-07
main,DTLZ4,12,3,1,75,75,75,75,3.632354736993193e-07,5.878906250700311e-07,4.938662052159093e-07,5.148626791573463e-07
main,DTLZ4,12,3,1,76,76,76,76,3.6399078373605676e-07,5.878906250700311e-07,4.938662052159093e-07,5.148626791573463e-07
main,DTLZ4,12,3,1,77,77,77,77,3.647460937727942e-07,5.878906250700311e-07,4.938662052159093e-07,5.148626791573463e-07
main,DTLZ4,12,3,1,78,78,78,78,3.667917251731767e-07,5.878906250700311e-07,4.938662052159093e-07,5.148626791573463e-07
main,DTLZ4,12,3,1,79,79,79,79,3.688373565735592e-07,5.878906250700311e-07,4.980125427253568e-07,5.148626791573463e-07
main,DTLZ4,12,3,1,80,80,80,80,3.7085819233617645e-07,5.878906250700311e-07,4.980125427253568e-07,5.148626791573463e-07
main,DTLZ4,12,3,1,81,81,81,81,3.688373565735592e-07,5.878906250700311e-07,4.980125427253568e-07,5.148626791573463e-07
main,DTLZ4,12,3,1,82,82,82,82,3.7085819233617645e-07,5.878906250700311e-07,4.980125427253568e-07,5.148626791573463e-07
main,DTLZ4,12,3,1,83,83,83,83,3.728790280987937e-07,5.878906250700311e-07,4.980125427253568e-07,5.148626791573463e-07
main,DTLZ4,12,3,1,84,84,84,84,3.7374877920326455e-07,5.878906250700311e-07,4.980125427253568e-07,5.148626791573463e-07
main,DTLZ4,12,3,1,85,85,85,85,3.728790280987937e-07,5.878906250700311e-07,4.980125427253568e-07,5.148626791573463e-07
main,DTLZ4,12,3,1,86,86,86,86,3.7374877920326455e-07,5.878906250700311e-07,4.980125427253568e-07,5.148626791573463e-07
main,DTLZ4,12,3,1,87,87,87,87,3.746185303077354e-07,5.878906250700311e-07,4.980125427253568e-07,5.148626791573463e-07
main,DTLZ4,12,3,1,88,88,88,88,3.7629699706220876e-07,5.878906250700311e-07,4.980125427253568e-07,5.148626791573463e-07
main,DTLZ4,12,3,1,89,89,89,89,3.779754638166821e-07,5.878906250700311e-07,4.980125427253568e-07,5.148626791573463e-07
main,DTLZ4,12,3,1,90,90,90,90,3.7629699706220876e-07,5.878906250700311e-07,4.980125427253568e-07,5.148626791573463e-07
main,DTLZ4,12,3,1,91,91,91,91,3.779754638166821e-07,5.878906250700311e-07,4.980125427253568e-07,5.148626791573463e-07
main,DTLZ4,12,3,1,92,92,92,92,3.7962603566255027e-07,5.878906250700311e-07,4.980125427253568e-07,5.148626791573463e-07
main,DTLZ4,12,3,1,93,93,93,93,3.812766075084184e-07,5.878906250700311e-07,4.980125427253568e-07,5.148626791573463e-07
main,DTLZ4,12,3,1,94,94,94,94,3.8443684577740833e-07,5.878906250700311e-07,4.980125427253568e-07,5.148626791573463e-07
main,DTLZ4,12,3,1,95,95,95,95,3.8759708404639825e-07,5.878906250700311e-07,4.980125427253568e-07,5.148626791573463e-07
main,DTLZ4,12,3,1,96,96,96,96,3.8443684577740833e-07,5.878906250700311e-07,4.980125427253568e-07,5.148626791573463e-07
main,DTLZ4,12,3,1,97,97,97,97,3.812766075084184e-07,5.878906250700311e-07,4.980125427253568e-07,5.148626791573463e-07
main,DTLZ4,12,3,1,98,98,98,98,3.7962603566255027e-07,5.878906250700311e-07,4.980125427253568e-07,5.148626791573463e-07
main,DTLZ4,12,3,1,99,99,99,99,3.779754638166821e-07,5.878906250700311e-07,4.980125427253568e-07,5.148626791573463e-07
main,DTLZ4,12,3,1,100,100,100,100,3.7962603566255027e-07,5.878906250700311e-07,4.980125427253568e-07,5.148626791573463e-07
main,DTLZ4,12,3,1,101,101,101,101,3.779754638166821e-07,5.878906250700311e-07,4.980125427253568e-07,5.148626791573463e-07
main,DTLZ4,12,3,1,102,102,102,102,3.7962603566255027e-07,5.878906250700311e-07,4.980125427253568e-07,5.148626791573463e-07
main,DTLZ4,12,3,1,103,103,103,103,3.812766075084184e-07,5.878906250700311e-07,4.980125427253568e-07,5.148626791573463e-07
main,DTLZ4,12,3,1,104,104,104,104,3.7962603566255027e-07,5.878906250700311e-07,4.980125427253568e-07,5.148626791573463e-07
main,DTLZ4,12,3,1,105,105,105,105,3.812766075084184e-07,5.878906250700311e-07,4.980125427253568e-07,5.148626791573463e-07
main,DTLZ4,12,3,1,106,106,106,106,3.7962603566255027e-07,5.878906250700311e-07,4.980125427253568e-07,5.148626791573463e-07
main,DTLZ4,12,3,1,107,107,107,107,3.779754638166821e-07,5.878906250700311e-07,4.980125427253568e-07,5.148626791573463e-07
main,DTLZ4,12,3,1,108,108,108,108,3.777713775410252e-07,5.878906250700311e-07,4.980125427253568e-07,5.148626791573463e-07
main,DTLZ4,12,3,1,109,109,109,109,3.7756729126536825e-07,5.878906250700311e-07,4.980125427253568e-07,5.148626791573463e-07
main,DTLZ4,12,3,1,110,110,110,110,3.760929107865518e-07,5.878906250700311e-07,4.980125427253568e-07,5.148626791573463e-07
main,DTLZ4,12,3,1,111,111,111,111,3.746185303077354e-07,5.878906250700311e-07,4.980125427253568e-07,5.148626791573463e-07
main,DTLZ4,12,3,1,112,112,112,112,3.7374877920326455e-07,5.878906250700311e-07,4.980125427253568e-07,5.148626791573463e-07
main,DTLZ4,12,3,1,113,113,113,113,3.746185303077354e-07,5.878906250700311e-07,4.980125427253568e-07,5.148626791573463e-07
main,DTLZ4,12,3,1,114,114,114,114,3.7374877920326455e-07,5.878906250700311e-07,4.980125427253568e-07,5.148626791573463e-07
main,DTLZ4,12,3,1,115,115,115,115,3.746185303077354e-07,5.878906250700311e-07,4.980125427253568e-07,5.148626791573463e-07
main,DTLZ4,12,3,1,116,116,116,116,3.760929107865518e-07,5.878906250700311e-07,4.980125427253568e-07,5.148626791573463e-07
main,DTLZ4,12,3,1,117,117,117,117,3.7756729126536825e-07,5.878906250700311e-07,4.980125427253568e-07,5.148626791573463e-07
main,DTLZ4,12,3,1,118,118,118,118,3.777713775410252e-07,5.878906250700311e-07,4.980125427253568e-07,5.148626791573463e-07
main,DTLZ4,12,3,1,119,119,119,119,3.7756729126536825e-07,5.878906250700311e-07,4.980125427253568e-07,5.148626791573463e-07
main,DTLZ4,12,3,1,120,120,120,120,3.777713775410252e-07,5.878906250700311e-07,4.980125427253568e-07,5.148626791573463e-07
main,DTLZ4,12,3,1,121,121,121,121,3.779754638166821e-07,5.878906250700311e-07,4.980125427253568e-07,5.148626791573463e-07
main,DTLZ4,12,3,1,122,122,122,122,3.7962603566255027e-07,5.878906250700311e-07,4.980125427253568e-07,5.148626791573463e-07
main,DTLZ4,12,3,1,123,123,123,123,3.779754638166821e-07,5.878906250700311e-07,4.980125427253568e-07,5.148626791573463e-07
main,DTLZ4,12,3,1,124,124,124,124,3.7962603566255027e-07,5.878906250700311e-07,4.980125427253568e-07,5.148626791573463e-07
main,DTLZ4,12,3,1,125,125,125,125,3.779754638166821e-07,5.878906250700311e-07,4.980125427253568e-07,5.148626791573463e-07
main,DTLZ4,12,3,1,126,126,126,126,3.7962603566255027e-07,5.878906250700311e-07,4.980125427253568e-07,5.148626791573463e-07
main,DTLZ4,12,3,1,127,127,127,127,3.812766075084184e-07,5.878906250700311e-07,4.980125427253568e-07,5.148626791573463e-07
main,DTLZ4,12,3,1,128,128,128,128,3.815715312049939e-07,5.878906250700311e-07,4.980125427253568e-07,5.148626791573463e-07
main,DTLZ4,12,3,1,129,129,129,129,3.8186645490156934e-07,5.878906250700311e-07,4.980125427253568e-07,5.148626791573463e-07
main,DTLZ4,12,3,1,130,130,130,130,3.815715312049939e-07,5.878906250700311e-07,4.980125427253568e-07,5.148626791573463e-07
main,DTLZ4,12,3,1,131,131,131,131,3.8186645490156934e-07,5.878906250700311e-07,4.980125427253568e-07,5.148626791573463e-07
main,DTLZ4,12,3,1,132,132,132,132,3.815715312049939e-07,5.878906250700311e-07,4.980125427253568e-07,5.148626791573463e-07
main,DTLZ4,12,3,1,133,133,133,133,3.8186645490156934e-07,5.878906250700311e-07,4.980125427253568e-07,5.148626791573463e-07
main,DTLZ4,12,3,1,134,134,134,134,3.815715312049939e-07,5.878906250700311e-07,4.980125427253568e-07,5.148626791573463e-07
main,DTLZ4,12,3,1,135,135,135,135,3.812766075084184e-07,5.878906250700311e-07,4.980125427253568e-07,5.148626791573463e-07
main,DTLZ4,12,3,1,136,136,136,136,3.7962603566255027e-07,5.878906250700311e-07,4.980125427253568e-07,5.148626791573463e-07
main,DTLZ4,12,3,1,137,137,137,137,3.812766075084184e-07,5.878906250700311e-07,4.980125427253568e-07,5.148626791573463e-07
main,DTLZ4,12,3,1,138,138,138,138,3.815715312049939e-07,5.878906250700311e-07,4.980125427253568e-07,5.148626791573463e-07
main,DTLZ4,12,3,1,139,139,139,139,3.812766075084184e-07,5.878906250700311e-07,4.980125427253568e-07,5.148626791573463e-07
main,DTLZ4,12,3,1,140,140,140,140,3.815715312049939e-07,5.878906250700311e-07,4.980125427253568e-07,5.148626791573463e-07
main,DTLZ4,12,3,1,141,141,141,141,3.8186645490156934e-07,5.878906250700311e-07,4.980125427253568e-07,5.148626791573463e-07
main,DTLZ4,12,3,1,142,142,142,142,3.815715312049939e-07,5.878906250700311e-07,4.980125427253568e-07,5.148626791573463e-07
main,DTLZ4,12,3,1,143,143,143,143,3.8186645490156934e-07,5.878906250700311e-07,4.980125427253568e-07,5.148626791573463e-07
main,DTLZ4,12,3,1,144,144,144,144,3.815715312049939e-07,5.878906250700311e-07,4.980125427253568e-07,5.148626791573463e-07
main,DTLZ4,12,3,1,145,145,145,145,3.8186645490156934e-07,5.878906250700311e-07,4.980125427253568e-07,5.148626791573463e-07
main,DTLZ4,12,3,1,146,146,146,146,3.824157713827603e-07,5.878906250700311e-07,4.980125427253568e-07,5.148626791573463e-07
main,DTLZ4,12,3,1,147,147,147,147,3.829650878639512e-07,5.878906250700311e-07,4.980125427253568e-07,5.148626791573463e-07
main,DTLZ4,12,3,1,148,148,148,148,3.824157713827603e-07,5.878906250700311e-07,4.980125427253568e-07,5.148626791573463e-07
main,DTLZ4,12,3,1,149,149,149,149,3.829650878639512e-07,5.878906250700311e-07,4.980125427253568e-07,5.148626791573463e-07
main,DTLZ4,12,3,1,150,150,150,150,3.824157713827603e-07,5.878906250700311e-07,5.018997192296482e-07,5.148626791573463e-07
main,DTLZ4,12,3,1,151,151,151,151,3.829650878639512e-07,5.878906250700311e-07,5.018997192296482e-07,5.148626791573463e-07
main,DTLZ4,12,3,1,152,152,152,152,3.8528108595517474e-07,5.878906250700311e-07,5.018997192296482e-07,5.148626791573463e-07
main,DTLZ4,12,3,1,153,153,153,153,3.8759708404639825e-07,5.878906250700311e-07,5.018997192296482e-07,5.148626791573463e-07
main,DTLZ4,12,3,1,154,154,154,154,3.877530098429782e-07,5.878906250700311e-07,5.018997192296482e-07,5.148626791573463e-07
main,DTLZ4,12,3,1,155,155,155,155,3.879089356395582e-07,5.878906250700311e-07,5.018997192296482e-07,5.148626791573463e-07
main,DTLZ4,12,3,1,156,156,156,156,3.8880538943963927e-07,5.878906250700311e-07,5.018997192296482e-07,5.148626791573463e-07
main,DTLZ4,12,3,1,157,157,157,157,3.8970184323972035e-07,5.878906250700311e-07,5.018997192296482e-07,5.148626791573463e-07
main,DTLZ4,12,3,1,158,158,158,158,3.9120125769342984e-07,5.878906250700311e-07,5.018997192296482e-07,5.148626791573463e-07
main,DTLZ4,12,3,1,159,159,159,159,3.9270067214713933e-07,5.878906250700311e-07,5.018997192296482e-07,5.148626791573463e-07
main,DTLZ4,12,3,1,160,160,160,160,3.9120125769342984e-07,5.878906250700311e-07,5.018997192296482e-07,5.148626791573463e-07
main,DTLZ4,12,3,1,161,161,161,161,3.8970184323972035e-07,5.878906250700311e-07,5.018997192296482e-07,5.148626791573463e-07
main,DTLZ4,12,3,1,162,162,162,162,3.8880538943963927e-07,5.878906250700311e-07,5.018997192296482e-07,5.148626791573463e-07
main,DTLZ4,12,3,1,163,163,163,163,3.879089356395582e-07,5.878906250700311e-07,5.018997192296482e-07,5.148626791573463e-07
main,DTLZ4,12,3,1,164,164,164,164,3.8880538943963927e-07,5.878906250700311e-07,5.018997192296482e-07,5.148626791573463e-07
main,DTLZ4,12,3,1,165,165,165,165,3.879089356395582e-07,5.878906250700311e-07,5.018997192296482e-07,5.148626791573463e-07
main,DTLZ4,12,3,1,166,166,166,166,3.877530098429782e-07,5.878906250700311e-07,5.018997192296482e-07,5.148626791573463e-07
main,DTLZ4,12,3,1,167,167,167,167,3.8759708404639825e-07,5.878906250700311e-07,5.018997192296482e-07,5.148626791573463e-07
main,DTLZ4,12,3,1,168,168,168,168,3.8528108595517474e-07,5.878906250700311e-07,5.018997192296482e-07,5.148626791573463e-07
main,DTLZ4,12,3,1,169,169,169,169,3.829650878639512e-07,5.878906250700311e-07,5.018997192296482e-07,5.148626791573463e-07
main,DTLZ4,12,3,1,170,170,170,170,3.8528108595517474e-07,5.878906250700311e-07,5.018997192296482e-07,5.148626791573463e-07
main,DTLZ4,12,3,1,171,171,171,171,3.829650878639512e-07,5.878906250700311e-07,5.018997192296482e-07,5.148626791573463e-07
main,DTLZ4,12,3,1,172,172,172,172,3.8528108595517474e-07,5.878906250700311e-07,5.018997192296482e-07,5.148626791573463e-07
main,DTLZ4,12,3,1,173,173,173,173,3.829650878639512e-07,5.878906250700311e-07,5.018997192296482e-07,5.148626791573463e-07
main,DTLZ4,12,3,1,174,174,174,174,3.824157713827603e-07,5.878906250700311e-07,5.018997192296482e-07,5.148626791573463e-07
main,DTLZ4,12,3,1,175,175,175,175,3.8186645490156934e-07,5.878906250700311e-07,5.018997192296482e-07,5.148626791573463e-07
main,DTLZ4,12,3,1,176,176,176,176,3.824157713827603e-07,5.878906250700311e-07,5.018997192296482e-07,5.148626791573463e-07
main,DTLZ4,12,3,1,177,177,177,177,3.8186645490156934e-07,5.878906250700311e-07,5.018997192296482e-07,5.148626791573463e-07
main,DTLZ4,12,3,1,178,178,178,178,3.824157713827603e-07,5.878906250700311e-07,5.018997192296482e-07,5.148626791573463e-07
main,DTLZ4,12,3,1,179,179,179,179,3.829650878639512e-07,5.878906250700311e-07,5.018997192296482e-07,5.148626791573463e-07
main,DTLZ4,12,3,1,180,180,180,180,3.824157713827603e-07,5.878906250700311e-07,5.018997192296482e-07,5.148626791573463e-07
main,DTLZ4,12,3,1,181,181,181,181,3.8186645490156934e-07,5.878906250700311e-07,5.018997192296482e-07,5.148626791573463e-07
main,DTLZ4,12,3,1,182,182,182,182,3.824157713827603e-07,5.878906250700311e-07,5.018997192296482e-07,5.148626791573463e-07
main,DTLZ4,12,3,1,183,183,183,183,3.829650878639512e-07,5.878906250700311e-07,5.018997192296482e-07,5.148626791573463e-07
main,DTLZ4,12,3,1,184,184,184,184,3.8528108595517474e-07,5.878906250700311e-07,5.018997192296482e-07,5.148626791573463e-07
main,DTLZ4,12,3,1,185,185,185,185,3.8759708404639825e-07,5.878906250700311e-07,5.018997192296482e-07,5.148626791573463e-07
main,DTLZ4,12,3,1,186,186,186,186,3.877530098429782e-07,5.878906250700311e-07,5.018997192296482e-07,5.148626791573463e-07
main,DTLZ4,12,3,1,187,187,187,187,3.8759708404639825e-07,5.878906250700311e-07,5.018997192296482e-07,5.148626791573463e-07
main,DTLZ4,12,3,1,188,188,188,188,3.8528108595517474e-07,5.878906250700311e-07,5.018997192296482e-07,5.148626791573463e-07
main,DTLZ4,12,3,1,189,189,189,189,3.829650878639512e-07,5.878906250700311e-07,5.018997192296482e-07,5.148626791573463e-07
main,DTLZ4,12,3,1,190,190,190,190,3.824157713827603e-07,5.878906250700311e-07,5.018997192296482e-07,5.148626791573463e-07
main,DTLZ4,12,3,1,191,191,191,191,3.829650878639512e-07,5.878906250700311e-07,5.018997192296482e-07,5.148626791573463e-07
main,DTLZ4,12,3,1,192,192,192,192,3.8528108595517474e-07,5.878906250700311e-07,5.018997192296482e-07,5.148626791573463e-07
main,DTLZ4,12,3,1,193,193,193,193,3.829650878639512e-07,5.878906250700311e-07,5.018997192296482e-07,5.148626791573463e-07
main,DTLZ4,12,3,1,194,194,194,194,3.824157713827603e-07,5.878906250700311e-07,5.018997192296482e-07,5.148626791573463e-07
main,DTLZ4,12,3,1,195,195,195,195,3.8270568847309505e-07,5.878906250700311e-07,5.018997192296482e-07,5.148626791573463e-07
main,DTLZ4,12,3,1,196,196,196,196,3.8283538816852314e-07,5.878906250700311e-07,5.018997192296482e-07,5.148626791573463e-07
main,DTLZ4,12,3,1,197,197,197,197,3.829650878639512e-07,5.878906250700311e-07,5.018997192296482e-07,5.148626791573463e-07
main,DTLZ4,12,3,1,198,198,198,198,3.8283538816852314e-07,5.878906250700311e-07,5.018997192296482e-07,5.148626791573463e-07
main,DTLZ4,12,3,1,199,199,199,199,3.829650878639512e-07,5.878906250700311e-07,5.018997192296482e-07,5.148626791573463e-07
main,DTLZ4,12,3,1,200,200,200,200,3.8283538816852314e-07,5.878906250700311e-07,5.018997192296482e-07,5.148626791573463e-07
main,DTLZ4,12,3,1,201,201,201,201,3.829650878639512e-07,5.878906250700311e-07,5.018997192296482e-07,5.148626791573463e-07
main,DTLZ4,12,3,1,202,202,202,202,3.8528108595517474e-07,5.878906250700311e-07,5.018997192296482e-07,5.148626791573463e-07
main,DTLZ4,12,3,1,203,203,203,203,3.829650878639512e-07,5.878906250700311e-07,5.018997192296482e-07,5.148626791573463e-07
main,DTLZ4,12,3,1,204,204,204,204,3.8283538816852314e-07,5.878906250700311e-07,5.018997192296482e-07,5.148626791573463e-07
main,DTLZ4,12,3,1,205,205,205,205,3.829650878639512e-07,5.878906250700311e-07,5.018997192296482e-07,5.148626791573463e-07
main,DTLZ4,12,3,1,206,206,206,206,3.8283538816852314e-07,5.878906250700311e-07,5.018997192296482e-07,5.148626791573463e-07
main,DTLZ4,12,3,1,207,207,207,207,3.829650878639512e-07,5.878906250700311e-07,5.018997192296482e-07,5.148626791573463e-07
main,DTLZ4,12,3,1,208,208,208,208,3.8283538816852314e-07,5.878906250700311e-07,5.022411346394806e-07,5.148626791573463e-07
main,DTLZ4,12,3,1,209,209,209,209,3.829650878639512e-07,5.878906250700311e-07,5.022411346394806e-07,5.148626791573463e-07
main,DTLZ4,12,3,1,210,210,210,210,3.8528108595517474e-07,5.878906250700311e-07,5.022411346394806e-07,5.148626791573463e-07
main,DTLZ4,12,3,1,211,211,211,211,3.829650878639512e-07,5.878906250700311e-07,5.022411346394806e-07,5.148626791573463e-07
main,DTLZ4,12,3,1,212,212,212,212,3.8283538816852314e-07,5.878906250700311e-07,5.022411346394806e-07,5.148626791573463e-07
main,DTLZ4,12,3,1,213,213,213,213,3.8270568847309505e-07,5.878906250700311e-07,5.022411346394806e-07,5.148626791573463e-07
main,DTLZ4,12,3,1,214,214,214,214,3.822860716873322e-07,5.878906250700311e-07,5.022411346394806e-07,5.148626791573463e-07
main,DTLZ4,12,3,1,215,215,215,215,3.8270568847309505e-07,5.878906250700311e-07,5.022411346394806e-07,5.148626791573463e-07
main,DTLZ4,12,3,1,216,216,216,216,3.8283538816852314e-07,5.878906250700311e-07,5.022411346394806e-07,5.148626791573463e-07
main,DTLZ4,12,3,1,217,217,217,217,3.829650878639512e-07,5.878906250700311e-07,5.022411346394806e-07,5.148626791573463e-07
main,DTLZ4,12,3,1,218,218,218,218,3.8528108595517474e-07,5.878906250700311e-07,5.022411346394806e-07,5.148626791573463e-07
main,DTLZ4,12,3,1,219,219,219,219,3.8759708404639825e-07,5.878906250700311e-07,5.022411346394806e-07,5.148626791573463e-07
main,DTLZ4,12,3,1,220,220,220,220,3.8528108595517474e-07,5.878906250700311e-07,5.022411346394806e-07,5.148626791573463e-07
main,DTLZ4,12,3,1,221,221,221,221,3.829650878639512e-07,5.878906250700311e-07,5.022411346394806e-07,5.148626791573463e-07
main,DTLZ4,12,3,1,222,222,222,222,3.8283538816852314e-07,5.878906250700311e-07,5.022411346394806e-07,5.148626791573463e-07
main,DTLZ4,12,3,1,223,223,223,223,3.8270568847309505e-07,5.878906250700311e-07,5.022411346394806e-07,5.148626791573463e-07
main,DTLZ4,12,3,1,224,224,224,224,3.8283538816852314e-07,5.878906250700311e-07,5.022411346394806e-07,5.148626791573463e-07
main,DTLZ4,12,3,1,225,225,225,225,3.8270568847309505e-07,5.878906250700311e-07,5.022411346394806e-07,5.148626791573463e-07
main,DTLZ4,12,3,1,226,226,226,226,3.8283538816852314e-07,5.878906250700311e-07,5.022411346394806e-07,5.148626791573463e-07
main,DTLZ4,12,3,1,227,227,227,227,3.8270568847309505e-07,5.878906250700311e-07,5.022411346394806e-07,5.148626791573463e-07
main,DTLZ4,12,3,1,228,228,228,228,3.8283538816852314e-07,5.878906250700311e-07,5.022411346394806e-07,5.148626791573463e-07
main,DTLZ4,12,3,1,229,229,229,229,3.829650878639512e-07,5.878906250700311e-07,5.022411346394806e-07,5.148626791573463e-07
main,DTLZ4,12,3,1,230,230,230,230,3.8528108595517474e-07,5.878906250700311e-07,5.022411346394806e-07,5.148626791573463e-07
main,DTLZ4,12,3,1,231,231,231,231,3.829650878639512e-07,5.878906250700311e-07,5.022411346394806e-07,5.148626791573463e-07
main,DTLZ4,12,3,1,232,232,232,232,3.8283538816852314e-07,5.878906250700311e-07,5.022411346394806e-07,5.148626791573463e-07
main,DTLZ4,12,3,1,233,233,233,233,3.8270568847309505e-07,5.878906250700311e-07,5.022411346394806e-07,5.148626791573463e-07
main,DTLZ4,12,3,1,234,234,234,234,3.8283538816852314e-07,5.878906250700311e-07,5.022411346394806e-07,5.148626791573463e-07
main,DTLZ4,12,3,1,235,235,235,235,3.8270568847309505e-07,5.878906250700311e-07,5.022411346394806e-07,5.148626791573463e-07
main,DTLZ4,12,3,1,236,236,236,236,3.8283538816852314e-07,5.878906250700311e-07,5.022411346394806e-07,5.148626791573463e-07
main,DTLZ4,12,3,1,237,237,237,237,3.829650878639512e-07,5.878906250700311e-07,5.022411346394806e-07,5.148626791573463e-07
main,DTLZ4,12,3,1,238,238,238,238,3.8283538816852314e-07,5.878906250700311e-07,5.022411346394806e-07,5.148626791573463e-07
main,DTLZ4,12,3,1,239,239,239,239,3.829650878639512e-07,5.878906250700311e-07,5.022411346394806e-07,5.148626791573463e-07
main,DTLZ4,12,3,1,240,240,240,240,3.8372290133217857e-07,5.878906250700311e-07,5.022411346394806e-07,5.148626791573463e-07
main,DTLZ7,22,3,1,1,1,1,1,6.824951164219328e-07,6.824951164219328e-07,1.863555908476755e-07,3.091212334993543e-07
main,DTLZ7,22,3,1,2,2,2,2,5.908203117854782e-07,6.824951164219328e-07,3.812999725405497e-07,3.091212334993543e-07
main,DTLZ7,22,3,1,3,3,3,3,4.991455071490236e-07,6.824951164219328e-07,4.803466797653755e-07,3.091212334993543e-07
main,DTLZ7,22,3,1,4,4,4,4,4.932518002098707e-07,6.824951164219328e-07,4.803466797653755e-07,3.244839679172884e-07
main,DTLZ7,22,3,1,5,5,5,5,4.991455071490236e-07,7.90893555091543e-07,4.803466797653755e-07,3.244839679172884e-07
main,DTLZ7,22,3,1,6,6,6,6,5.908203117854782e-07,7.90893555091543e-07,4.803466797653755e-07,3.3050322501004814e-07
main,DTLZ7,22,3,1,7,7,7,7,6.824951164219328e-07,1.2106933588995616e-06,4.980926515685269e-07,3.3050322501004814e-07
main,DTLZ7,22,3,1,8,8,8,8,5.908203117854782e-07,1.2106933588995616e-06,4.980926515685269e-07,3.3050322501004814e-07
main,DTLZ7,22,3,1,9,9,9,9,6.824951164219328e-07,1.2106933588995616e-06,4.980926515685269e-07,3.3050322501004814e-07
main,DTLZ7,22,3,1,10,10,10,10,5.908203117854782e-07,1.2106933588995616e-06,4.980926515685269e-07,3.3050322501004814e-07
main,DTLZ7,22,3,1,11,11,11,11,4.991455071490236e-07,1.2106933588995616e-06,4.980926515685269e-07,3.5694649214157437e-07
main,DTLZ7,22,3,1,12,12,12,12,4.932518002098707e-07,1.2106933588995616e-06,4.980926515685269e-07,4.468581820404882e-07
main,DTLZ7,22,3,1,13,13,13,13,4.991455071490236e-07,1.3022460940703695e-06,4.980926515685269e-07,4.468581820404882e-07
main,DTLZ7,22,3,1,14,14,14,14,4.932518002098707e-07,1.3022460940703695e-06,4.980926515685269e-07,4.468581820404882e-07
main,DTLZ7,22,3,1,15,15,15,15,4.873580932707178e-07,1.3022460940703695e-06,4.980926515685269e-07,4.773630895155145e-07
main,DTLZ7,22,3,1,16,16,16,16,4.932518002098707e-07,1.3022460940703695e-06,4.980926515685269e-07,4.773630895155145e-07
main,DTLZ7,22,3,1,17,17,17,17,4.873580932707178e-07,1.3022460940703695e-06,4.980926515685269e-07,4.773630895155145e-07
main,DTLZ7,22,3,1,18,18,18,18,4.732322692879709e-07,1.3022460940703695e-06,5.343322753148527e-07,4.867005451991702e-07
main,DTLZ7,22,3,1,19,19,19,19,4.873580932707178e-07,1.3022460940703695e-06,5.343322753148527e-07,4.867005451991702e-07
main,DTLZ7,22,3,1,20,20,20,20,4.932518002098707e-07,1.3022460940703695e-06,5.343322753148527e-07,4.867005451991702e-07
main,DTLZ7,22,3,1,21,21,21,21,4.873580932707178e-07,1.3022460940703695e-06,5.343322753148527e-07,4.867005451991702e-07
main,DTLZ7,22,3,1,22,22,22,22,4.932518002098707e-07,1.3022460940703695e-06,5.343322753148527e-07,4.867005451991702e-07
main,DTLZ7,22,3,1,23,23,23,23,4.873580932707178e-07,1.3022460940703695e-06,5.343322753148527e-07,4.867005451991702e-07
main,DTLZ7,22,3,1,24,24,24,24,4.732322692879709e-07,1.3022460940703695e-06,5.343322753148527e-07,4.867005451991702e-07
main,DTLZ7,22,3,1,25,25,25,25,4.5910644530522404e-07,1.3022460940703695e-06,5.343322753148527e-07,4.867005451991702e-07
main,DTLZ7,22,3,1,26,26,26,26,4.732322692879709e-07,1.3022460940703695e-06,5.343322753148527e-07,4.867005451991702e-07
main,DTLZ7,22,3,1,27,27,27,27,4.873580932707178e-07,1.3022460940703695e-06,5.343322753148527e-07,4.867005451991702e-07
main,DTLZ7,22,3,1,28,28,28,28,4.732322692879709e-07,1.3022460940703695e-06,5.343322753148527e-07,4.867005451991702e-07
main,DTLZ7,22,3,1,29,29,29,29,4.611816422084303e-07,1.3022460940703695e-06,5.343322753148527e-07,4.867005451991702e-07
main,DTLZ7,22,3,1,30,30,30,30,4.74269867739574e-07,1.3022460940703695e-06,5.343322753148527e-07,4.867005451991702e-07
main,DTLZ7,22,3,1,31,31,31,31,4.873580932707178e-07,1.3022460940703695e-06,5.343322753148527e-07,4.867005451991702e-07
main,DTLZ7,22,3,1,32,32,32,32,4.74269867739574e-07,1.3022460940703695e-06,5.343322753148527e-07,4.867005451991702e-07
main,DTLZ7,22,3,1,33,33,33,33,4.611816422084303e-07,1.3022460940703695e-06,5.343322753148527e-07,4.867005451991702e-07
main,DTLZ7,22,3,1,34,34,34,34,4.6014404375682716e-07,1.3022460940703695e-06,5.343322753148527e-07,4.867005451991702e-07
main,DTLZ7,22,3,1,35,35,35,35,4.611816422084303e-07,1.3022460940703695e-06,5.343322753148527e-07,4.867005451991702e-07
main,DTLZ7,22,3,1,36,36,36,36,4.74269867739574e-07,1.3022460940703695e-06,5.343322753148527e-07,4.867005451991702e-07
main,DTLZ7,22,3,1,37,37,37,37,4.611816422084303e-07,1.3022460940703695e-06,5.343322753148527e-07,4.867005451991702e-07
main,DTLZ7,22,3,1,38,38,38,38,4.6014404375682716e-07,1.3022460940703695e-06,5.343322753148527e-07,4.867005451991702e-07
main,DTLZ7,22,3,1,39,39,39,39,4.5910644530522404e-07,1.3022460940703695e-06,5.343322753148527e-07,4.867005451991702e-07
main,DTLZ7,22,3,1,40,40,40,40,4.545912742626168e-07,1.3022460940703695e-06,5.343322753148527e-07,4.867005451991702e-07
main,DTLZ7,22,3,1,41,41,41,41,4.5910644530522404e-07,1.3022460940703695e-06,5.343322753148527e-07,4.867005451991702e-07
main,DTLZ7,22,3,1,42,42,42,42,4.6014404375682716e-07,1.3022460940703695e-06,5.343322753148527e-07,4.867005451991702e-07
main,DTLZ7,22,3,1,43,43,43,43,4.5910644530522404e-07,1.3022460940703695e-06,5.343322753148527e-07,4.867005451991702e-07
main,DTLZ7,22,3,1,44,44,44,44,4.545912742626168e-07,1.3022460940703695e-06,5.343322753148527e-07,4.867005451991702e-07
main,DTLZ7,22,3,1,45,45,45,45,4.5910644530522404e-07,1.3022460940703695e-06,5.343322753148527e-07,4.867005451991702e-07
main,DTLZ7,22,3,1,46,46,46,46,4.6014404375682716e-07,1.3022460940703695e-06,5.343322753148527e-07,4.867005451991702e-07
main,DTLZ7,22,3,1,47,47,47,47,4.611816422084303e-07,1.3022460940703695e-06,5.343322753148527e-07,4.867005451991702e-07
main,DTLZ7,22,3,1,48,48,48,48,4.6014404375682716e-07,1.3022460940703695e-06,5.343322753148527e-07,4.867005451991702e-07
main,DTLZ7,22,3,1,49,49,49,49,4.5910644530522404e-07,1.3022460940703695e-06,5.343322753148527e-07,4.867005451991702e-07
main,DTLZ7,22,3,1,50,50,50,50,4.6014404375682716e-07,1.3022460940703695e-06,5.343322753148527e-07,4.867005451991702e-07
main,DTLZ7,22,3,1,51,51,51,51,4.611816422084303e-07,1.3022460940703695e-06,5.343322753148527e-07,4.867005451991702e-07
main,DTLZ7,22,3,1,52,52,52,52,4.6014404375682716e-07,1.3022460940703695e-06,5.343322753148527e-07,4.867005451991702e-07
main,DTLZ7,22,3,1,53,53,53,53,4.611816422084303e-07,1.3022460940703695e-06,5.343322753148527e-07,4.867005451991702e-07
main,DTLZ7,22,3,1,54,54,54,54,4.6014404375682716e-07,1.3022460940703695e-06,5.343322753148527e-07,4.867005451991702e-07
main,DTLZ7,22,3,1,55,55,55,55,4.611816422084303e-07,1.3022460940703695e-06,5.343322753148527e-07,4.867005451991702e-07
main,DTLZ7,22,3,1,56,56,56,56,4.647670992195818e-07,1.3022460940703695e-06,5.343322753148527e-07,4.867005451991702e-07
main,DTLZ7,22,3,1,57,57,57,57,4.6835255623073335e-07,1.3022460940703695e-06,5.343322753148527e-07,4.867005451991702e-07
main,DTLZ7,22,3,1,58,58,58,58,4.7148540616159806e-07,1.3022460940703695e-06,5.343322753148527e-07,4.867005451991702e-07
main,DTLZ7,22,3,1,59,59,59,59,4.6835255623073335e-07,1.3022460940703695e-06,5.343322753148527e-07,4.867005451991702e-07
main,DTLZ7,22,3,1,60,60,60,60,4.647670992195818e-07,1.3022460940703695e-06,5.343322753148527e-07,4.867005451991702e-07
main,DTLZ7,22,3,1,61,61,61,61,4.611816422084303e-07,1.3022460940703695e-06,5.343322753148527e-07,4.867005451991702e-07
main,DTLZ7,22,3,1,62,62,62,62,4.6014404375682716e-07,1.3022460940703695e-06,5.343322753148527e-07,4.867005451991702e-07
main,DTLZ7,22,3,1,63,63,63,63,4.5910644530522404e-07,1.3022460940703695e-06,5.343322753148527e-07,4.867005451991702e-07
main,DTLZ7,22,3,1,64,64,64,64,4.6014404375682716e-07,1.3022460940703695e-06,5.343322753148527e-07,4.867005451991702e-07
main,DTLZ7,22,3,1,65,65,65,65,4.611816422084303e-07,1.3022460940703695e-06,5.343322753148527e-07,4.867005451991702e-07
main,DTLZ7,22,3,1,66,66,66,66,4.647670992195818e-07,1.3022460940703695e-06,5.343322753148527e-07,4.867005451991702e-07
main,DTLZ7,22,3,1,67,67,67,67,4.611816422084303e-07,1.3022460940703695e-06,5.343322753148527e-07,4.867005451991702e-07
main,DTLZ7,22,3,1,68,68,68,68,4.637369521425655e-07,1.3022460940703695e-06,5.343322753148527e-07,4.867005451991702e-07
main,DTLZ7,22,3,1,69,69,69,69,4.611816422084303e-07,1.3022460940703695e-06,5.343322753148527e-07,4.867005451991702e-07
main,DTLZ7,22,3,1,70,70,70,70,4.637369521425655e-07,1.3022460940703695e-06,5.343322753148527e-07,4.867005451991702e-07
main,DTLZ7,22,3,1,71,71,71,71,4.611816422084303e-07,1.3022460940703695e-06,5.343322753148527e-07,4.867005451991702e-07
main,DTLZ7,22,3,1,72,72,72,72,4.637369521425655e-07,1.3022460940703695e-06,5.343322753148527e-07,4.867005451991702e-07
main,DTLZ7,22,3,1,73,73,73,73,4.662922620767007e-07,1.3022460940703695e-06,5.343322753148527e-07,4.867005451991702e-07
main,DTLZ7,22,3,1,74,74,74,74,4.637369521425655e-07,1.3022460940703695e-06,5.343322753148527e-07,4.867005451991702e-07
main,DTLZ7,22,3,1,75,75,75,75,4.662922620767007e-07,1.3022460940703695e-06,5.343322753148527e-07,4.867005451991702e-07
main,DTLZ7,22,3,1,76,76,76,76,4.667276744790144e-07,1.3022460940703695e-06,5.343322753148527e-07,4.867005451991702e-07
main,DTLZ7,22,3,1,77,77,77,77,4.6716308688132813e-07,1.3022460940703695e-06,5.343322753148527e-07,4.867005451991702e-07
main,DTLZ7,22,3,1,78,78,78,78,4.667276744790144e-07,1.3022460940703695e-06,5.343322753148527e-07,4.867005451991702e-07
main,DTLZ7,22,3,1,79,79,79,79,4.6716308688132813e-07,1.3022460940703695e-06,5.343322753148527e-07,4.867005451991702e-07
main,DTLZ7,22,3,1,80,80,80,80,4.6775782155603074e-07,1.3022460940703695e-06,5.343322753148527e-07,4.977642866863669e-07
main,DTLZ7,22,3,1,81,81,81,81,4.6716308688132813e-07,1.3022460940703695e-06,5.343322753148527e-07,4.977642866863669e-07
main,DTLZ7,22,3,1,82,82,82,82,4.6775782155603074e-07,1.3022460940703695e-06,5.343322753148527e-07,4.977642866863669e-07
main,DTLZ7,22,3,1,83,83,83,83,4.6716308688132813e-07,1.3022460940703695e-06,5.343322753148527e-07,4.977642866863669e-07
main,DTLZ7,22,3,1,84,84,84,84,4.6775782155603074e-07,1.3022460940703695e-06,5.343322753148527e-07,4.977642866863669e-07
main,DTLZ7,22,3,1,85,85,85,85,4.6835255623073335e-07,1.3022460940703695e-06,5.343322753148527e-07,4.977642866863669e-07
main,DTLZ7,22,3,1,86,86,86,86,4.6775782155603074e-07,1.3022460940703695e-06,5.343322753148527e-07,4.977642866863669e-07
main,DTLZ7,22,3,1,87,87,87,87,4.6716308688132813e-07,1.3022460940703695e-06,5.343322753148527e-07,4.977642866863669e-07
main,DTLZ7,22,3,1,88,88,88,88,4.6775782155603074e-07,1.3022460940703695e-06,5.343322753148527e-07,4.977642866863669e-07
main,DTLZ7,22,3,1,89,89,89,89,4.6716308688132813e-07,1.3022460940703695e-06,5.343322753148527e-07,4.977642866863669e-07
main,DTLZ7,22,3,1,90,90,90,90,4.6775782155603074e-07,1.3022460940703695e-06,5.343322753148527e-07,4.977642866863669e-07
main,DTLZ7,22,3,1,91,91,91,91,4.6835255623073335e-07,1.3022460940703695e-06,5.343322753148527e-07,4.977642866863669e-07
main,DTLZ7,22,3,1,92,92,92,92,4.6775782155603074e-07,1.3022460940703695e-06,5.343322753148527e-07,4.977642866863669e-07
main,DTLZ7,22,3,1,93,93,93,93,4.6835255623073335e-07,1.3022460940703695e-06,5.343322753148527e-07,4.977642866863669e-07
main,DTLZ7,22,3,1,94,94,94,94,4.7148540616159806e-07,1.3022460940703695e-06,5.343322753148527e-07,4.977642866863669e-07
main,DTLZ7,22,3,1,95,95,95,95,4.746182560924628e-07,1.3022460940703695e-06,5.343322753148527e-07,4.977642866863669e-07
main,DTLZ7,22,3,1,96,96,96,96,4.755534827715485e-07,1.3022460940703695e-06,5.343322753148527e-07,4.977642866863669e-07
main,DTLZ7,22,3,1,97,97,97,97,4.746182560924628e-07,1.3022460940703695e-06,5.343322753148527e-07,4.977642866863669e-07
main,DTLZ7,22,3,1,98,98,98,98,4.755534827715485e-07,1.3022460940703695e-06,5.343322753148527e-07,4.977642866863669e-07
main,DTLZ7,22,3,1,99,99,99,99,4.7648870945063426e-07,1.3022460940703695e-06,5.343322753148527e-07,4.977642866863669e-07
main,DTLZ7,22,3,1,100,100,100,100,4.755534827715485e-07,1.3022460940703695e-06,5.343322753148527e-07,4.977642866863669e-07
main,DTLZ7,22,3,1,101,101,101,101,4.746182560924628e-07,1.3022460940703695e-06,5.343322753148527e-07,4.977642866863669e-07
main,DTLZ7,22,3,1,102,102,102,102,4.755534827715485e-07,1.3022460940703695e-06,5.343322753148527e-07,4.977642866863669e-07
main,DTLZ7,22,3,1,103,103,103,103,4.746182560924628e-07,1.3022460940703695e-06,5.343322753148527e-07,4.977642866863669e-07
main,DTLZ7,22,3,1,104,104,104,104,4.755534827715485e-07,1.3022460940703695e-06,5.343322753148527e-07,4.977642866863669e-07
main,DTLZ7,22,3,1,105,105,105,105,4.746182560924628e-07,1.3022460940703695e-06,5.343322753148527e-07,4.977642866863669e-07
main,DTLZ7,22,3,1,106,106,106,106,4.755534827715485e-07,1.3239746081694648e-06,5.343322753148527e-07,4.977642866863669e-07
main,DTLZ7,22,3,1,107,107,107,107,4.746182560924628e-07,1.3239746081694648e-06,5.343322753148527e-07,4.977642866863669e-07
main,DTLZ7,22,3,1,108,108,108,108,4.7148540616159806e-07,1.3239746081694648e-06,5.343322753148527e-07,4.977642866863669e-07
main,DTLZ7,22,3,1,109,109,109,109,4.746182560924628e-07,1.3239746081694648e-06,5.343322753148527e-07,4.977642866863669e-07
main,DTLZ7,22,3,1,110,110,110,110,4.7148540616159806e-07,1.3239746081694648e-06,5.343322753148527e-07,4.977642866863669e-07
main,DTLZ7,22,3,1,111,111,111,111,4.746182560924628e-07,1.3239746081694648e-06,5.343322753148527e-07,4.977642866863669e-07
main,DTLZ7,22,3,1,112,112,112,112,4.7148540616159806e-07,1.3239746081694648e-06,5.343322753148527e-07,4.977642866863669e-07
main,DTLZ7,22,3,1,113,113,113,113,4.746182560924628e-07,1.3529052722560664e-06,5.343322753148527e-07,4.977642866863669e-07
main,DTLZ7,22,3,1,114,114,114,114,4.755534827715485e-07,1.3529052722560664e-06,5.343322753148527e-07,4.977642866863669e-07
main,DTLZ7,22,3,1,115,115,115,115,4.7648870945063426e-07,1.3529052722560664e-06,5.343322753148527e-07,4.977642866863669e-07
main,DTLZ7,22,3,1,116,116,116,116,4.755534827715485e-07,1.3529052722560664e-06,5.343322753148527e-07,4.977642866863669e-07
main,DTLZ7,22,3,1,117,117,117,117,4.7648870945063426e-07,1.3529052722560664e-06,5.343322753148527e-07,4.977642866863669e-07
main,DTLZ7,22,3,1,118,118,118,118,4.787228700484786e-07,1.3529052722560664e-06,5.343322753148527e-07,4.977642866863669e-07
main,DTLZ7,22,3,1,119,119,119,119,4.809570306463229e-07,1.3529052722560664e-06,5.343322753148527e-07,4.977642866863669e-07
main,DTLZ7,22,3,1,120,120,120,120,4.840469357558774e-07,1.3529052722560664e-06,5.343322753148527e-07,4.977642866863669e-07
main,DTLZ7,22,3,1,121,121,121,121,4.87136840865432e-07,1.3529052722560664e-06,5.343322753148527e-07,4.977642866863669e-07
main,DTLZ7,22,3,1,122,122,122,122,4.872474670680749e-07,1.3529052722560664e-06,5.343322753148527e-07,4.977642866863669e-07
main,DTLZ7,22,3,1,123,123,123,123,4.87136840865432e-07,1.3529052722560664e-06,5.343322753148527e-07,4.977642866863669e-07
main,DTLZ7,22,3,1,124,124,124,124,4.868823290093971e-07,1.3529052722560664e-06,5.343322753148527e-07,4.977642866863669e-07
main,DTLZ7,22,3,1,125,125,125,125,4.87136840865432e-07,1.3529052722560664e-06,5.343322753148527e-07,4.977642866863669e-07
main,DTLZ7,22,3,1,126,126,126,126,4.872474670680749e-07,1.3529052722560664e-06,5.343322753148527e-07,4.977642866863669e-07
main,DTLZ7,22,3,1,127,127,127,127,4.87136840865432e-07,1.3529052722560664e-06,5.343322753148527e-07,4.977642866863669e-07
main,DTLZ7,22,3,1,128,128,128,128,4.868823290093971e-07,1.3529052722560664e-06,5.343322753148527e-07,4.977642866863669e-07
main,DTLZ7,22,3,1,129,129,129,129,4.87136840865432e-07,1.3529052722560664e-06,5.343322753148527e-07,4.977642866863669e-07
main,DTLZ7,22,3,1,130,130,130,130,4.868823290093971e-07,1.3529052722560664e-06,5.343322753148527e-07,4.977642866863669e-07
main,DTLZ7,22,3,1,131,131,131,131,4.87136840865432e-07,1.3529052722560664e-06,5.343322753148527e-07,4.977642866863669e-07
main,DTLZ7,22,3,1,132,132,132,132,4.872474670680749e-07,1.3529052722560664e-06,5.343322753148527e-07,4.977642866863669e-07
main,DTLZ7,22,3,1,133,133,133,133,4.873580932707178e-07,1.3529052722560664e-06,5.343322753148527e-07,4.977642866863669e-07
main,DTLZ7,22,3,1,134,134,134,134,4.872474670680749e-07,1.3529052722560664e-06,5.343322753148527e-07,4.977642866863669e-07
main,DTLZ7,22,3,1,135,135,135,135,4.87136840865432e-07,1.3529052722560664e-06,5.343322753148527e-07,4.977642866863669e-07
main,DTLZ7,22,3,1,136,136,136,136,4.868823290093971e-07,1.3529052722560664e-06,5.343322753148527e-07,4.977642866863669e-07
main,DTLZ7,22,3,1,137,137,137,137,4.87136840865432e-07,1.3529052722560664e-06,5.343322753148527e-07,4.977642866863669e-07
main,DTLZ7,22,3,1,138,138,138,138,4.872474670680749e-07,1.3529052722560664e-06,5.343322753148527e-07,4.977642866863669e-07
main,DTLZ7,22,3,1,139,139,139,139,4.87136840865432e-07,1.3529052722560664e-06,5.343322753148527e-07,4.977642866863669e-07
main,DTLZ7,22,3,1,140,140,140,140,4.868823290093971e-07,1.3529052722560664e-06,5.343322753148527e-07,4.977642866863669e-07
main,DTLZ7,22,3,1,141,141,141,141,4.87136840865432e-07,1.3529052722560664e-06,5.343322753148527e-07,4.977642866863669e-07
main,DTLZ7,22,3,1,142,142,142,142,4.872474670680749e-07,1.3529052722560664e-06,5.343322753148527e-07,4.977642866863669e-07
main,DTLZ7,22,3,1,143,143,143,143,4.873580932707178e-07,1.3529052722560664e-06,5.343322753148527e-07,4.977642866863669e-07
main,DTLZ7,22,3,1,144,144,144,144,4.885193705603252e-07,1.3529052722560664e-06,5.343322753148527e-07,4.977642866863669e-07
main,DTLZ7,22,3,1,145,145,145,145,4.896806478499327e-07,1.3529052722560664e-06,5.343322753148527e-07,4.977642866863669e-07
main,DTLZ7,22,3,1,146,146,146,146,4.885193705603252e-07,1.3529052722560664e-06,5.343322753148527e-07,4.977642866863669e-07
main,DTLZ7,22,3,1,147,147,147,147,4.873580932707178e-07,1.3529052722560664e-06,5.343322753148527e-07,4.977642866863669e-07
main,DTLZ7,22,3,1,148,148,148,148,4.872474670680749e-07,1.3529052722560664e-06,5.343322753148527e-07,4.977642866863669e-07
main,DTLZ7,22,3,1,149,149,149,149,4.873580932707178e-07,1.3529052722560664e-06,5.343322753148527e-07,4.977642866863669e-07
main,DTLZ7,22,3,1,150,150,150,150,4.872474670680749e-07,1.3529052722560664e-06,5.343322753148527e-07,4.977642866863669e-07
main,DTLZ7,22,3,1,151,151,151,151,4.873580932707178e-07,1.3529052722560664e-06,5.343322753148527e-07,4.977642866863669e-07
main,DTLZ7,22,3,1,152,152,152,152,4.885193705603252e-07,1.3529052722560664e-06,5.343322753148527e-07,4.977642866863669e-07
main,DTLZ7,22,3,1,153,153,153,153,4.896806478499327e-07,1.3529052722560664e-06,5.343322753148527e-07,4.977642866863669e-07
main,DTLZ7,22,3,1,154,154,154,154,4.885193705603252e-07,1.3529052722560664e-06,5.343322753148527e-07,4.977642866863669e-07
main,DTLZ7,22,3,1,155,155,155,155,4.873580932707178e-07,1.3529052722560664e-06,5.343322753148527e-07,4.977642866863669e-07
main,DTLZ7,22,3,1,156,156,156,156,4.872474670680749e-07,1.3529052722560664e-06,5.343322753148527e-07,4.977642866863669e-07
main,DTLZ7,22,3,1,157,157,157,157,4.873580932707178e-07,1.3529052722560664e-06,5.343322753148527e-07,4.977642866863669e-07
main,DTLZ7,22,3,1,158,158,158,158,4.872474670680749e-07,1.3529052722560664e-06,5.343322753148527e-07,4.977642866863669e-07
main,DTLZ7,22,3,1,159,159,159,159,4.87136840865432e-07,1.3529052722560664e-06,5.343322753148527e-07,4.977642866863669e-07
main,DTLZ7,22,3,1,160,160,160,160,4.868823290093971e-07,1.3529052722560664e-06,5.343322753148527e-07,4.977642866863669e-07
main,DTLZ7,22,3,1,161,161,161,161,4.866278171533622e-07,1.3529052722560664e-06,5.343322753148527e-07,4.977642866863669e-07
main,DTLZ7,22,3,1,162,162,162,162,4.868823290093971e-07,1.3529052722560664e-06,5.343322753148527e-07,4.977642866863669e-07
main,DTLZ7,22,3,1,163,163,163,163,4.87136840865432e-07,1.3529052722560664e-06,5.343322753148527e-07,4.977642866863669e-07
main,DTLZ7,22,3,1,164,164,164,164,4.872474670680749e-07,1.3529052722560664e-06,5.343322753148527e-07,4.977642866863669e-07
main,DTLZ7,22,3,1,165,165,165,165,4.873580932707178e-07,1.3529052722560664e-06,5.343322753148527e-07,4.977642866863669e-07
main,DTLZ7,22,3,1,166,166,166,166,4.872474670680749e-07,1.3529052722560664e-06,5.671844482968424e-07,4.977642866863669e-07
main,DTLZ7,22,3,1,167,167,167,167,4.87136840865432e-07,1.3529052722560664e-06,5.671844482968424e-07,4.977642866863669e-07
main,DTLZ7,22,3,1,168,168,168,168,4.872474670680749e-07,1.3529052722560664e-06,5.671844482968424e-07,4.977642866863669e-07
main,DTLZ7,22,3,1,169,169,169,169,4.87136840865432e-07,1.3529052722560664e-06,5.671844482968424e-07,4.977642866863669e-07
main,DTLZ7,22,3,1,170,170,170,170,4.872474670680749e-07,1.3529052722560664e-06,5.671844482968424e-07,4.977642866863669e-07
main,DTLZ7,22,3,1,171,171,171,171,4.873580932707178e-07,1.3529052722560664e-06,5.671844482968424e-07,4.977642866863669e-07
main,DTLZ7,22,3,1,172,172,172,172,4.872474670680749e-07,1.3529052722560664e-06,5.671844482968424e-07,4.977642866863669e-07
main,DTLZ7,22,3,1,173,173,173,173,4.87136840865432e-07,1.3529052722560664e-06,5.671844482968424e-07,4.977642866863669e-07
main,DTLZ7,22,3,1,174,174,174,174,4.872474670680749e-07,1.3529052722560664e-06,5.671844482968424e-07,4.977642866863669e-07
main,DTLZ7,22,3,1,175,175,175,175,4.873580932707178e-07,1.3529052722560664e-06,5.671844482968424e-07,4.977642866863669e-07
main,DTLZ7,22,3,1,176,176,176,176,4.885193705603252e-07,1.3529052722560664e-06,5.671844482968424e-07,4.977642866863669e-07
main,DTLZ7,22,3,1,177,177,177,177,4.896806478499327e-07,1.3529052722560664e-06,5.671844482968424e-07,4.977642866863669e-07
main,DTLZ7,22,3,1,178,178,178,178,4.885193705603252e-07,1.3529052722560664e-06,5.671844482968424e-07,4.977642866863669e-07
main,DTLZ7,22,3,1,179,179,179,179,4.873580932707178e-07,1.3529052722560664e-06,5.671844482968424e-07,4.977642866863669e-07
main,DTLZ7,22,3,1,180,180,180,180,4.872474670680749e-07,1.3529052722560664e-06,5.671844482968424e-07,4.977642866863669e-07
main,DTLZ7,22,3,1,181,181,181,181,4.873580932707178e-07,1.3529052722560664e-06,5.671844482968424e-07,4.977642866863669e-07
main,DTLZ7,22,3,1,182,182,182,182,4.885193705603252e-07,1.3529052722560664e-06,5.671844482968424e-07,4.977642866863669e-07
main,DTLZ7,22,3,1,183,183,183,183,4.873580932707178e-07,1.3529052722560664e-06,5.671844482968424e-07,4.977642866863669e-07
main,DTLZ7,22,3,1,184,184,184,184,4.872474670680749e-07,1.3529052722560664e-06,5.671844482968424e-07,4.977642866863669e-07
main,DTLZ7,22,3,1,185,185,185,185,4.87136840865432e-07,1.3529052722560664e-06,5.671844482968424e-07,4.977642866863669e-07
main,DTLZ7,22,3,1,186,186,186,186,4.868823290093971e-07,1.3529052722560664e-06,5.671844482968424e-07,4.977642866863669e-07
main,DTLZ7,22,3,1,187,187,187,187,4.866278171533622e-07,1.3529052722560664e-06,5.671844482968424e-07,4.977642866863669e-07
main,DTLZ7,22,3,1,188,188,188,188,4.868823290093971e-07,1.3529052722560664e-06,5.671844482968424e-07,4.977642866863669e-07
main,DTLZ7,22,3,1,189,189,189,189,4.866278171533622e-07,1.3529052722560664e-06,5.671844482968424e-07,4.977642866863669e-07
main,DTLZ7,22,3,1,190,190,190,190,4.862397313116877e-07,1.3529052722560664e-06,5.671844482968424e-07,4.977642866863669e-07
main,DTLZ7,22,3,1,191,191,191,191,4.858516454700132e-07,1.3529052722560664e-06,5.671844482968424e-07,4.977642866863669e-07
main,DTLZ7,22,3,1,192,192,192,192,4.862397313116877e-07,1.3529052722560664e-06,5.671844482968424e-07,4.977642866863669e-07
main,DTLZ7,22,3,1,193,193,193,193,4.866278171533622e-07,1.3529052722560664e-06,5.671844482968424e-07,4.977642866863669e-07
main,DTLZ7,22,3,1,194,194,194,194,4.868823290093971e-07,1.3529052722560664e-06,5.671844482968424e-07,4.977642866863669e-07
main,DTLZ7,22,3,1,195,195,195,195,4.87136840865432e-07,1.3529052722560664e-06,5.671844482968424e-07,4.977642866863669e-07
main,DTLZ7,22,3,1,196,196,196,196,4.872474670680749e-07,1.3529052722560664e-06,5.671844482968424e-07,4.977642866863669e-07
main,DTLZ7,22,3,1,197,197,197,197,4.87136840865432e-07,1.3529052722560664e-06,5.671844482968424e-07,4.977642866863669e-07
main,DTLZ7,22,3,1,198,198,198,198,4.872474670680749e-07,1.3529052722560664e-06,5.671844482968424e-07,4.977642866863669e-07
main,DTLZ7,22,3,1,199,199,199,199,4.873580932707178e-07,1.3529052722560664e-06,5.671844482968424e-07,4.977642866863669e-07
main,DTLZ7,22,3,1,200,200,200,200,4.872474670680749e-07,1.3529052722560664e-06,5.671844482968424e-07,4.977642866863669e-07
main,DTLZ7,22,3,1,201,201,201,201,4.87136840865432e-07,1.3529052722560664e-06,5.671844482968424e-07,4.977642866863669e-07
main,DTLZ7,22,3,1,202,202,202,202,4.872474670680749e-07,1.3529052722560664e-06,5.671844482968424e-07,4.977642866863669e-07
main,DTLZ7,22,3,1,203,203,203,203,4.87136840865432e-07,1.3529052722560664e-06,5.671844482968424e-07,4.977642866863669e-07
main,DTLZ7,22,3,1,204,204,204,204,4.868823290093971e-07,1.3529052722560664e-06,5.671844482968424e-07,4.977642866863669e-07
main,DTLZ7,22,3,1,205,205,205,205,4.87136840865432e-07,1.3529052722560664e-06,5.671844482968424e-07,4.977642866863669e-07
main,DTLZ7,22,3,1,206,206,206,206,4.868823290093971e-07,1.3529052722560664e-06,5.671844482968424e-07,4.977642866863669e-07
main,DTLZ7,22,3,1,207,207,207,207,4.866278171533622e-07,1.3529052722560664e-06,5.671844482968424e-07,4.977642866863669e-07
main,DTLZ7,22,3,1,208,208,208,208,4.862397313116877e-07,1.3529052722560664e-06,5.671844482968424e-07,4.977642866863669e-07
main,DTLZ7,22,3,1,209,209,209,209,4.866278171533622e-07,1.3529052722560664e-06,5.671844482968424e-07,4.977642866863669e-07
main,DTLZ7,22,3,1,210,210,210,210,4.862397313116877e-07,1.3529052722560664e-06,5.671844482968424e-07,4.977642866863669e-07
main,DTLZ7,22,3,1,211,211,211,211,4.858516454700132e-07,1.3529052722560664e-06,5.671844482968424e-07,4.977642866863669e-07
main,DTLZ7,22,3,1,212,212,212,212,4.857236738926678e-07,1.3529052722560664e-06,5.671844482968424e-07,4.977642866863669e-07
main,DTLZ7,22,3,1,213,213,213,213,4.855957023153223e-07,1.3529052722560664e-06,5.671844482968424e-07,4.977642866863669e-07
main,DTLZ7,22,3,1,214,214,214,214,4.857236738926678e-07,1.3529052722560664e-06,5.671844482968424e-07,4.977642866863669e-07
main,DTLZ7,22,3,1,215,215,215,215,4.855957023153223e-07,1.3529052722560664e-06,5.671844482968424e-07,4.977642866863669e-07
main,DTLZ7,22,3,1,216,216,216,216,4.832763664808226e-07,1.3529052722560664e-06,5.671844482968424e-07,4.977642866863669e-07
main,DTLZ7,22,3,1,217,217,217,217,4.809570306463229e-07,1.3529052722560664e-06,5.671844482968424e-07,4.977642866863669e-07
main,DTLZ7,22,3,1,218,218,218,218,4.796142576424245e-07,1.3529052722560664e-06,5.671844482968424e-07,4.977642866863669e-07
main,DTLZ7,22,3,1,219,219,219,219,4.809570306463229e-07,1.3529052722560664e-06,5.671844482968424e-07,4.977642866863669e-07
main,DTLZ7,22,3,1,220,220,220,220,4.796142576424245e-07,1.3529052722560664e-06,5.671844482968424e-07,4.977642866863669e-07
main,DTLZ7,22,3,1,221,221,221,221,4.782714846385261e-07,1.3529052722560664e-06,5.671844482968424e-07,4.977642866863669e-07
main,DTLZ7,22,3,1,222,222,222,222,4.796142576424245e-07,1.3529052722560664e-06,5.671844482968424e-07,4.977642866863669e-07
main,DTLZ7,22,3,1,223,223,223,223,4.809570306463229e-07,1.3529052722560664e-06,5.671844482968424e-07,4.977642866863669e-07
main,DTLZ7,22,3,1,224,224,224,224,4.832763664808226e-07,1.3529052722560664e-06,5.671844482968424e-07,4.977642866863669e-07
main,DTLZ7,22,3,1,225,225,225,225,4.809570306463229e-07,1.3529052722560664e-06,5.671844482968424e-07,4.977642866863669e-07
main,DTLZ7,22,3,1,226,226,226,226,4.832763664808226e-07,1.3529052722560664e-06,5.671844482968424e-07,4.977642866863669e-07
main,DTLZ7,22,3,1,227,227,227,227,4.809570306463229e-07,1.3529052722560664e-06,5.671844482968424e-07,4.977642866863669e-07
main,DTLZ7,22,3,1,228,228,228,228,4.832763664808226e-07,1.3529052722560664e-06,5.671844482968424e-07,4.977642866863669e-07
main,DTLZ7,22,3,1,229,229,229,229,4.855957023153223e-07,1.3529052722560664e-06,5.671844482968424e-07,4.977642866863669e-07
main,DTLZ7,22,3,1,230,230,230,230,4.857236738926678e-07,1.3529052722560664e-06,5.671844482968424e-07,4.977642866863669e-07
main,DTLZ7,22,3,1,231,231,231,231,4.858516454700132e-07,1.3529052722560664e-06,5.671844482968424e-07,4.977642866863669e-07
main,DTLZ7,22,3,1,232,232,232,232,4.862397313116877e-07,1.3529052722560664e-06,5.671844482968424e-07,4.977642866863669e-07
main,DTLZ7,22,3,1,233,233,233,233,4.866278171533622e-07,1.3529052722560664e-06,5.671844482968424e-07,4.977642866863669e-07
main,DTLZ7,22,3,1,234,234,234,234,4.862397313116877e-07,1.3529052722560664e-06,5.671844482968424e-07,4.977642866863669e-07
main,DTLZ7,22,3,1,235,235,235,235,4.858516454700132e-07,1.3529052722560664e-06,5.671844482968424e-07,4.977642866863669e-07
main,DTLZ7,22,3,1,236,236,236,236,4.862397313116877e-07,1.3529052722560664e-06,5.671844482968424e-07,4.977642866863669e-07
main,DTLZ7,22,3,1,237,237,237,237,4.858516454700132e-07,1.3529052722560664e-06,5.671844482968424e-07,4.977642866863669e-07
main,DTLZ7,22,3,1,238,238,238,238,4.862397313116877e-07,1.3529052722560664e-06,5.671844482968424e-07,4.977642866863669e-07
main,DTLZ7,22,3,1,239,239,239,239,4.866278171533622e-07,1.3529052722560664e-06,5.671844482968424e-07,4.977642866863669e-07
main,DTLZ7,22,3,1,240,240,240,240,4.862397313116877e-07,1.3529052722560664e-06,5.671844482968424e-07,4.977642866863669e-07
main,DTLZ7,22,3,1,241,241,241,241,4.858516454700132e-07,1.3529052722560664e-06,5.671844482968424e-07,4.977642866863669e-07
main,DTLZ7,22,3,1,242,242,242,242,4.8577660322199e-07,1.3529052722560664e-06,5.671844482968424e-07,4.977642866863669e-07
main,DTLZ7,22,3,1,243,243,243,243,4.857015609739668e-07,1.3529052722560664e-06,5.671844482968424e-07,4.977642866863669e-07
main,DTLZ7,22,3,1,244,244,244,244,4.8577660322199e-07,1.3529052722560664e-06,5.671844482968424e-07,4.977642866863669e-07
main,DTLZ7,22,3,1,245,245,245,245,4.858516454700132e-07,1.3529052722560664e-06,5.671844482968424e-07,4.977642866863669e-07
main,DTLZ7,22,3,1,246,246,246,246,4.862397313116877e-07,1.3529052722560664e-06,5.671844482968424e-07,4.977642866863669e-07
main,DTLZ7,22,3,1,247,247,247,247,4.866278171533622e-07,1.3529052722560664e-06,5.671844482968424e-07,4.977642866863669e-07
main,DTLZ7,22,3,1,248,248,248,248,4.862397313116877e-07,1.3529052722560664e-06,5.671844482968424e-07,4.977642866863669e-07
main,DTLZ7,22,3,1,249,249,249,249,4.866278171533622e-07,1.3529052722560664e-06,5.671844482968424e-07,4.977642866863669e-07
main,DTLZ7,22,3,1,250,250,250,250,4.862397313116877e-07,1.3529052722560664e-06,5.671844482968424e-07,4.977642866863669e-07
main,DTLZ7,22,3,1,251,251,251,251,4.866278171533622e-07,1.3529052722560664e-06,5.671844482968424e-07,4.977642866863669e-07
main,DTLZ7,22,3,1,252,252,252,252,4.862397313116877e-07,1.3529052722560664e-06,5.671844482968424e-07,4.977642866863669e-07
main,DTLZ7,22,3,1,253,253,253,253,4.858516454700132e-07,1.3529052722560664e-06,5.671844482968424e-07,4.977642866863669e-07
main,DTLZ7,22,3,1,254,254,254,254,4.8577660322199e-07,1.3529052722560664e-06,5.671844482968424e-07,4.977642866863669e-07
main,DTLZ7,22,3,1,255,255,255,255,4.858516454700132e-07,1.3529052722560664e-06,5.671844482968424e-07,4.977642866863669e-07
main,DTLZ7,22,3,1,256,256,256,256,4.8577660322199e-07,1.3529052722560664e-06,5.671844482968424e-07,4.977642866863669e-07
main,DTLZ7,22,3,1,257,257,257,257,4.857015609739668e-07,1.3529052722560664e-06,5.671844482968424e-07,4.977642866863669e-07
main,DTLZ7,22,3,1,258,258,258,258,4.856486316446446e-07,1.3529052722560664e-06,5.671844482968424e-07,4.977642866863669e-07
main,DTLZ7,22,3,1,259,259,259,259,4.857015609739668e-07,1.3529052722560664e-06,5.671844482968424e-07,4.977642866863669e-07
main,DTLZ7,22,3,1,260,260,260,260,4.856486316446446e-07,1.3529052722560664e-06,5.671844482968424e-07,4.977642866863669e-07
main,DTLZ7,22,3,1,261,261,261,261,4.857015609739668e-07,1.3529052722560664e-06,5.671844482968424e-07,4.977642866863669e-07
main,DTLZ7,22,3,1,262,262,262,262,4.856486316446446e-07,1.3529052722560664e-06,5.671844482968424e-07,4.977642866863669e-07
main,DTLZ7,22,3,1,263,263,263,263,4.857015609739668e-07,1.3529052722560664e-06,5.671844482968424e-07,4.977642866863669e-07
main,DTLZ7,22,3,1,264,264,264,264,4.856486316446446e-07,1.3529052722560664e-06,5.671844482968424e-07,4.977642866863669e-07
main,DTLZ7,22,3,1,265,265,265,265,4.855957023153223e-07,1.3529052722560664e-06,5.671844482968424e-07,4.977642866863669e-07
main,DTLZ7,22,3,1,266,266,266,266,4.832763664808226e-07,1.3529052722560664e-06,5.671844482968424e-07,4.977642866863669e-07
main,DTLZ7,22,3,1,267,267,267,267,4.855957023153223e-07,1.3529052722560664e-06,5.671844482968424e-07,4.977642866863669e-07
main,DTLZ7,22,3,1,268,268,268,268,4.832763664808226e-07,1.3529052722560664e-06,5.671844482968424e-07,4.977642866863669e-07
main,DTLZ7,22,3,1,269,269,269,269,4.855957023153223e-07,1.3529052722560664e-06,5.671844482968424e-07,4.977642866863669e-07
main,DTLZ7,22,3,1,270,270,270,270,4.856486316446446e-07,1.3529052722560664e-06,5.671844482968424e-07,4.977642866863669e-07
main,DTLZ7,22,3,1,271,271,271,271,4.855957023153223e-07,1.3529052722560664e-06,5.671844482968424e-07,4.977642866863669e-07
main,DTLZ7,22,3,1,272,272,272,272,4.832763664808226e-07,1.3529052722560664e-06,5.671844482968424e-07,4.977642866863669e-07
main,DTLZ7,22,3,1,273,273,273,273,4.855957023153223e-07,1.3529052722560664e-06,5.671844482968424e-07,4.977642866863669e-07
main,DTLZ7,22,3,1,274,274,274,274,4.832763664808226e-07,1.3529052722560664e-06,5.671844482968424e-07,4.977642866863669e-07
main,DTLZ7,22,3,1,275,275,275,275,4.855957023153223e-07,1.3529052722560664e-06,5.671844482968424e-07,4.977642866863669e-07
main,DTLZ7,22,3,1,276,276,276,276,4.856486316446446e-07,1.3529052722560664e-06,5.671844482968424e-07,4.977642866863669e-07
main,DTLZ7,22,3,1,277,277,277,277,4.855957023153223e-07,1.3529052722560664e-06,5.671844482968424e-07,4.977642866863669e-07
main,DTLZ7,22,3,1,278,278,278,278,4.856486316446446e-07,1.3529052722560664e-06,5.671844482968424e-07,4.977642866863669e-07
main,DTLZ7,22,3,1,279,279,279,279,4.857015609739668e-07,1.3529052722560664e-06,5.671844482968424e-07,4.977642866863669e-07
main,DTLZ7,22,3,1,280,280,280,280,4.8577660322199e-07,1.3529052722560664e-06,5.671844482968424e-07,4.977642866863669e-07
main,DTLZ7,22,3,1,281,281,281,281,4.857015609739668e-07,1.3529052722560664e-06,5.671844482968424e-07,4.977642866863669e-07
main,DTLZ7,22,3,1,282,282,282,282,4.856486316446446e-07,1.3529052722560664e-06,5.671844482968424e-07,4.977642866863669e-07
main,DTLZ7,22,3,1,283,283,283,283,4.857015609739668e-07,1.3529052722560664e-06,5.671844482968424e-07,4.977642866863669e-07
main,DTLZ7,22,3,1,284,284,284,284,4.8577660322199e-07,1.3529052722560664e-06,5.671844482968424e-07,4.977642866863669e-07
main,DTLZ7,22,3,1,285,285,285,285,4.858516454700132e-07,1.3529052722560664e-06,5.671844482968424e-07,4.977642866863669e-07
main,DTLZ7,22,3,1,286,286,286,286,4.8577660322199e-07,1.3529052722560664e-06,5.671844482968424e-07,4.977642866863669e-07
main,DTLZ7,22,3,1,287,287,287,287,4.857015609739668e-07,1.3529052722560664e-06,5.671844482968424e-07,4.977642866863669e-07
main,DTLZ7,22,3,1,288,288,288,288,4.8577660322199e-07,1.3529052722560664e-06,5.671844482968424e-07,4.977642866863669e-07
main,DTLZ7,22,3,1,289,289,289,289,4.858516454700132e-07,1.3529052722560664e-06,5.671844482968424e-07,4.977642866863669e-07
main,DTLZ7,22,3,1,290,290,290,290,4.862397313116877e-07,1.3529052722560664e-06,5.671844482968424e-07,4.977642866863669e-07
main,DTLZ7,22,3,1,291,291,291,291,4.866278171533622e-07,1.3529052722560664e-06,5.671844482968424e-07,4.977642866863669e-07
main,DTLZ7,22,3,1,292,292,292,292,4.868823290093971e-07,1.3529052722560664e-06,5.671844482968424e-07,4.977642866863669e-07
main,DTLZ7,22,3,1,293,293,293,293,4.866278171533622e-07,1.3529052722560664e-06,5.671844482968424e-07,4.977642866863669e-07
main,DTLZ7,22,3,1,294,294,294,294,4.868823290093971e-07,1.3529052722560664e-06,5.671844482968424e-07,4.977642866863669e-07
main,DTLZ7,22,3,1,295,295,295,295,4.866278171533622e-07,1.3529052722560664e-06,5.671844482968424e-07,4.977642866863669e-07
main,DTLZ7,22,3,1,296,296,296,296,4.868823290093971e-07,1.3529052722560664e-06,5.671844482968424e-07,4.977642866863669e-07
main,DTLZ7,22,3,1,297,297,297,297,4.87136840865432e-07,1.3529052722560664e-06,5.671844482968424e-07,4.977642866863669e-07
main,DTLZ7,22,3,1,298,298,298,298,4.872474670680749e-07,1.3529052722560664e-06,5.671844482968424e-07,4.977642866863669e-07
main,DTLZ7,22,3,1,299,299,299,299,4.87136840865432e-07,1.3529052722560664e-06,5.671844482968424e-07,4.977642866863669e-07
main,DTLZ7,22,3,1,300,300,300,300,4.872474670680749e-07,1.3529052722560664e-06,5.671844482968424e-07,4.977642866863669e-07
main,DTLZ7,22,3,1,301,301,301,301,4.873580932707178e-07,1.3529052722560664e-06,5.671844482968424e-07,4.977642866863669e-07
main,DTLZ7,22,3,1,302,302,302,302,4.879293441818755e-07,1.3529052722560664e-06,5.671844482968424e-07,4.977642866863669e-07
main,DTLZ7,22,3,1,303,303,303,303,4.885005950930332e-07,1.3529052722560664e-06,5.671844482968424e-07,4.977642866863669e-07
main,DTLZ7,22,3,1,304,304,304,304,4.879293441818755e-07,1.3529052722560664e-06,5.671844482968424e-07,4.977642866863669e-07
main,DTLZ7,22,3,1,305,305,305,305,4.873580932707178e-07,1.3529052722560664e-06,5.671844482968424e-07,4.977642866863669e-07
main,DTLZ7,22,3,1,306,306,306,306,4.872474670680749e-07,1.3529052722560664e-06,5.671844482968424e-07,4.977642866863669e-07
main,DTLZ7,22,3,1,307,307,307,307,4.873580932707178e-07,1.3529052722560664e-06,5.671844482968424e-07,4.977642866863669e-07
main,DTLZ7,22,3,1,308,308,308,308,4.879293441818755e-07,1.3529052722560664e-06,5.671844482968424e-07,4.977642866863669e-07
main,DTLZ7,22,3,1,309,309,309,309,4.885005950930332e-07,1.3529052722560664e-06,5.671844482968424e-07,4.977642866863669e-07
main,DTLZ7,22,3,1,310,310,310,310,4.879293441818755e-07,1.3529052722560664e-06,5.671844482968424e-07,4.977642866863669e-07
main,DTLZ7,22,3,1,311,311,311,311,4.873580932707178e-07,1.3529052722560664e-06,5.671844482968424e-07,4.977642866863669e-07
main,DTLZ7,22,3,1,312,312,312,312,4.872474670680749e-07,1.3529052722560664e-06,5.671844482968424e-07,4.977642866863669e-07
main,DTLZ7,22,3,1,313,313,313,313,4.873580932707178e-07,1.3529052722560664e-06,5.671844482968424e-07,4.977642866863669e-07
main,DTLZ7,22,3,1,314,314,314,314,4.872474670680749e-07,1.3529052722560664e-06,5.671844482968424e-07,4.977642866863669e-07
main,DTLZ7,22,3,1,315,315,315,315,4.87136840865432e-07,1.3529052722560664e-06,5.671844482968424e-07,4.977642866863669e-07
main,DTLZ7,22,3,1,316,316,316,316,4.872474670680749e-07,1.3529052722560664e-06,5.671844482968424e-07,4.977642866863669e-07
main,DTLZ7,22,3,1,317,317,317,317,4.873580932707178e-07,1.3529052722560664e-06,5.671844482968424e-07,4.977642866863669e-07
main,DTLZ7,22,3,1,318,318,318,318,4.872474670680749e-07,1.3529052722560664e-06,5.671844482968424e-07,4.977642866863669e-07
main,DTLZ7,22,3,1,319,319,319,319,4.87136840865432e-07,1.3529052722560664e-06,5.671844482968424e-07,4.977642866863669e-07
main,DTLZ7,22,3,1,320,320,320,320,4.868823290093971e-07,1.3529052722560664e-06,5.671844482968424e-07,4.977642866863669e-07
main,DTLZ7,22,3,1,321,321,321,321,4.87136840865432e-07,1.3529052722560664e-06,5.671844482968424e-07,4.977642866863669e-07
main,DTLZ7,22,3,1,322,322,322,322,4.872474670680749e-07,1.3529052722560664e-06,5.671844482968424e-07,4.977642866863669e-07
main,DTLZ7,22,3,1,323,323,323,323,4.87136840865432e-07,1.3529052722560664e-06,5.671844482968424e-07,4.977642866863669e-07
main,DTLZ7,22,3,1,324,324,324,324,4.868823290093971e-07,1.3529052722560664e-06,5.671844482968424e-07,4.977642866863669e-07
main,DTLZ7,22,3,1,325,325,325,325,4.87136840865432e-07,1.3529052722560664e-06,5.671844482968424e-07,4.977642866863669e-07
main,DTLZ7,22,3,1,326,326,326,326,4.868823290093971e-07,1.3529052722560664e-06,5.671844482968424e-07,4.977642866863669e-07
main,DTLZ7,22,3,1,327,327,327,327,4.87136840865432e-07,1.3529052722560664e-06,5.671844482968424e-07,4.977642866863669e-07
main,DTLZ7,22,3,1,328,328,328,328,4.872474670680749e-07,1.3529052722560664e-06,5.671844482968424e-07,4.977642866863669e-07
main,DTLZ7,22,3,1,329,329,329,329,4.873580932707178e-07,1.3529052722560664e-06,5.671844482968424e-07,4.977642866863669e-07
main,DTLZ7,22,3,1,330,330,330,330,4.879293441818755e-07,1.3529052722560664e-06,5.671844482968424e-07,4.977642866863669e-07
main,DTLZ7,22,3,1,331,331,331,331,4.873580932707178e-07,1.3529052722560664e-06,5.671844482968424e-07,4.977642866863669e-07
main,DTLZ7,22,3,1,332,332,332,332,4.872474670680749e-07,1.3529052722560664e-06,5.671844482968424e-07,4.977642866863669e-07
main,DTLZ7,22,3,1,333,333,333,333,4.87136840865432e-07,1.3529052722560664e-06,5.671844482968424e-07,4.977642866863669e-07
main,DTLZ7,22,3,1,334,334,334,334,4.872474670680749e-07,1.3529052722560664e-06,5.671844482968424e-07,4.977642866863669e-07
main,DTLZ7,22,3,1,335,335,335,335,4.87136840865432e-07,1.3529052722560664e-06,5.671844482968424e-07,4.977642866863669e-07
main,DTLZ7,22,3,1,336,336,336,336,4.868823290093971e-07,1.3529052722560664e-06,5.671844482968424e-07,4.977642866863669e-07
main,DTLZ7,22,3,1,337,337,337,337,4.866278171533622e-07,1.3529052722560664e-06,5.671844482968424e-07,4.977642866863669e-07
main,DTLZ7,22,3,1,338,338,338,338,4.868823290093971e-07,1.3529052722560664e-06,5.671844482968424e-07,4.977642866863669e-07
main,DTLZ7,22,3,1,339,339,339,339,4.866278171533622e-07,1.3529052722560664e-06,5.671844482968424e-07,4.977642866863669e-07
main,DTLZ7,22,3,1,340,340,340,340,4.864779716839962e-07,1.3529052722560664e-06,5.671844482968424e-07,4.977642866863669e-07
main,DTLZ7,22,3,1,341,341,341,341,4.863281262146302e-07,1.3529052722560664e-06,5.671844482968424e-07,4.977642866863669e-07
main,DTLZ7,22,3,1,342,342,342,342,4.864779716839962e-07,1.3529052722560664e-06,5.671844482968424e-07,4.977642866863669e-07
main,DTLZ7,22,3,1,343,343,343,343,4.863281262146302e-07,1.3529052722560664e-06,5.671844482968424e-07,4.977642866863669e-07
main,DTLZ7,22,3,1,344,344,344,344,4.864779716839962e-07,1.3529052722560664e-06,5.671844482968424e-07,4.977642866863669e-07
main,DTLZ7,22,3,1,345,345,345,345,4.866278171533622e-07,1.3529052722560664e-06,5.671844482968424e-07,4.977642866863669e-07
main,DTLZ7,22,3,1,346,346,346,346,4.864779716839962e-07,1.3529052722560664e-06,5.671844482968424e-07,4.977642866863669e-07
main,DTLZ7,22,3,1,347,347,347,347,4.863281262146302e-07,1.3529052722560664e-06,5.671844482968424e-07,4.977642866863669e-07
main,DTLZ7,22,3,1,348,348,348,348,4.860898858423217e-07,1.3529052722560664e-06,5.671844482968424e-07,4.977642866863669e-07
main,DTLZ7,22,3,1,349,349,349,349,4.863281262146302e-07,1.3529052722560664e-06,5.671844482968424e-07,4.977642866863669e-07
main,DTLZ7,22,3,1,350,350,350,350,4.864779716839962e-07,1.3529052722560664e-06,5.671844482968424e-07,4.977642866863669e-07
main,DTLZ7,22,3,1,351,351,351,351,4.866278171533622e-07,1.3529052722560664e-06,5.671844482968424e-07,4.977642866863669e-07
main,DTLZ7,22,3,1,352,352,352,352,4.868823290093971e-07,1.3529052722560664e-06,5.671844482968424e-07,4.977642866863669e-07
main,DTLZ7,22,3,1,353,353,353,353,4.866278171533622e-07,1.3529052722560664e-06,5.671844482968424e-07,4.977642866863669e-07
main,DTLZ7,22,3,1,354,354,354,354,4.864779716839962e-07,1.3529052722560664e-06,5.671844482968424e-07,4.977642866863669e-07
main,DTLZ7,22,3,1,355,355,355,355,4.866278171533622e-07,1.3529052722560664e-06,5.671844482968424e-07,4.977642866863669e-07
main,DTLZ7,22,3,1,356,356,356,356,4.864779716839962e-07,1.3529052722560664e-06,5.671844482968424e-07,4.977642866863669e-07
main,DTLZ7,22,3,1,357,357,357,357,4.863281262146302e-07,1.3529052722560664e-06,5.671844482968424e-07,4.977642866863669e-07
main,DTLZ7,22,3,1,358,358,358,358,4.864779716839962e-07,1.3529052722560664e-06,5.671844482968424e-07,4.977642866863669e-07
main,DTLZ7,22,3,1,359,359,359,359,4.863281262146302e-07,1.3529052722560664e-06,5.671844482968424e-07,4.977642866863669e-07
main,DTLZ7,22,3,1,360,360,360,360,4.864779716839962e-07,1.3529052722560664e-06,5.671844482968424e-07,4.977642866863669e-07
main,DTLZ7,22,3,1,361,361,361,361,4.863281262146302e-07,1.3529052722560664e-06,5.671844482968424e-07,4.977642866863669e-07
main,DTLZ7,22,3,1,362,362,362,362,4.860898858423217e-07,1.3529052722560664e-06,5.671844482968424e-07,4.977642866863669e-07
main,DTLZ7,22,3,1,363,363,363,363,4.858516454700132e-07,1.3529052722560664e-06,5.671844482968424e-07,4.977642866863669e-07
main,DTLZ7,22,3,1,364,364,364,364,4.860898858423217e-07,1.3529052722560664e-06,5.671844482968424e-07,4.977642866863669e-07
main,DTLZ7,22,3,1,365,365,365,365,4.863281262146302e-07,1.3908691407493734e-06,5.671844482968424e-07,4.977642866863669e-07
main,DTLZ7,22,3,1,366,366,366,366,4.864779716839962e-07,1.3908691407493734e-06,5.671844482968424e-07,4.977642866863669e-07
main,DTLZ7,22,3,1,367,367,367,367,4.866278171533622e-07,1.3908691407493734e-06,5.671844482968424e-07,4.977642866863669e-07
main,DTLZ7,22,3,1,368,368,368,368,4.864779716839962e-07,1.3908691407493734e-06,5.671844482968424e-07,4.977642866863669e-07
main,DTLZ7,22,3,1,369,369,369,369,4.866278171533622e-07,1.3908691407493734e-06,5.671844482968424e-07,4.977642866863669e-07
main,DTLZ7,22,3,1,370,370,370,370,4.864779716839962e-07,1.3908691407493734e-06,5.671844482968424e-07,4.977642866863669e-07
main,DTLZ7,22,3,1,371,371,371,371,4.863281262146302e-07,1.3908691407493734e-06,5.671844482968424e-07,4.977642866863669e-07
main,DTLZ7,22,3,1,372,372,372,372,4.864779716839962e-07,1.3908691407493734e-06,5.671844482968424e-07,4.977642866863669e-07
main,DTLZ7,22,3,1,373,373,373,373,4.863281262146302e-07,1.3908691407493734e-06,5.671844482968424e-07,4.977642866863669e-07
main,DTLZ7,22,3,1,374,374,374,374,4.860898858423217e-07,1.3908691407493734e-06,5.671844482968424e-07,4.977642866863669e-07
main,DTLZ7,22,3,1,375,375,375,375,4.863281262146302e-07,1.3908691407493734e-06,5.671844482968424e-07,4.977642866863669e-07
main,DTLZ7,22,3,1,376,376,376,376,4.860898858423217e-07,1.3908691407493734e-06,5.671844482968424e-07,4.977642866863669e-07
main,DTLZ7,22,3,1,377,377,377,377,4.858516454700132e-07,1.3908691407493734e-06,5.671844482968424e-07,4.977642866863669e-07
main,DTLZ7,22,3,1,378,378,378,378,4.860898858423217e-07,1.3908691407493734e-06,5.671844482968424e-07,4.977642866863669e-07
main,DTLZ7,22,3,1,379,379,379,379,4.863281262146302e-07,1.3908691407493734e-06,5.671844482968424e-07,4.977642866863669e-07
main,DTLZ7,22,3,1,380,380,380,380,4.864779716839962e-07,1.3908691407493734e-06,5.671844482968424e-07,4.977642866863669e-07
main,DTLZ7,22,3,1,381,381,381,381,4.866278171533622e-07,1.3908691407493734e-06,5.671844482968424e-07,4.977642866863669e-07
main,DTLZ7,22,3,1,382,382,382,382,4.864779716839962e-07,1.3908691407493734e-06,5.671844482968424e-07,4.977642866863669e-07
main,DTLZ7,22,3,1,383,383,383,383,4.866278171533622e-07,1.3908691407493734e-06,5.671844482968424e-07,4.977642866863669e-07
main,DTLZ7,22,3,1,384,384,384,384,4.868823290093971e-07,1.3908691407493734e-06,5.671844482968424e-07,4.977642866863669e-07
main,DTLZ7,22,3,1,385,385,385,385,4.866278171533622e-07,1.3908691407493734e-06,5.671844482968424e-07,4.977642866863669e-07
main,DTLZ7,22,3,1,386,386,386,386,4.864779716839962e-07,1.3908691407493734e-06,5.671844482968424e-07,4.977642866863669e-07
main,DTLZ7,22,3,1,387,387,387,387,4.866278171533622e-07,1.3908691407493734e-06,5.671844482968424e-07,4.977642866863669e-07
main,DTLZ7,22,3,1,388,388,388,388,4.864779716839962e-07,1.3908691407493734e-06,5.671844482968424e-07,4.977642866863669e-07
main,DTLZ7,22,3,1,389,389,389,389,4.866278171533622e-07,1.3908691407493734e-06,5.671844482968424e-07,4.977642866863669e-07
main,DTLZ7,22,3,1,390,390,390,390,4.868823290093971e-07,1.3908691407493734e-06,5.671844482968424e-07,4.977642866863669e-07
main,DTLZ7,22,3,1,391,391,391,391,4.87136840865432e-07,1.3908691407493734e-06,5.671844482968424e-07,4.977642866863669e-07
main,DTLZ7,22,3,1,392,392,392,392,4.868823290093971e-07,1.3908691407493734e-06,5.671844482968424e-07,4.977642866863669e-07
main,DTLZ7,22,3,1,393,393,393,393,4.866278171533622e-07,1.3908691407493734e-06,5.671844482968424e-07,4.977642866863669e-07
main,DTLZ7,22,3,1,394,394,394,394,4.868823290093971e-07,1.3908691407493734e-06,5.671844482968424e-07,4.977642866863669e-07
main,DTLZ7,22,3,1,395,395,395,395,4.866278171533622e-07,1.3908691407493734e-06,5.671844482968424e-07,4.977642866863669e-07
main,DTLZ7,22,3,1,396,396,396,396,4.864779716839962e-07,1.3908691407493734e-06,5.671844482968424e-07,4.977642866863669e-07
main,DTLZ7,22,3,1,397,397,397,397,4.863281262146302e-07,1.3908691407493734e-06,5.671844482968424e-07,4.977642866863669e-07
main,DTLZ7,22,3,1,398,398,398,398,4.864779716839962e-07,1.3908691407493734e-06,5.671844482968424e-07,4.977642866863669e-07
main,DTLZ7,22,3,1,399,399,399,399,4.866278171533622e-07,1.3908691407493734e-06,5.671844482968424e-07,4.977642866863669e-07
main,DTLZ7,22,3,1,400,400,400,400,4.864779716839962e-07,1.3908691407493734e-06,5.671844482968424e-07,4.977642866863669e-07
main,DTLZ7,22,3,1,401,401,401,401,4.863281262146302e-07,1.3908691407493734e-06,5.671844482968424e-07,4.977642866863669e-07
main,DTLZ7,22,3,1,402,402,402,402,4.860898858423217e-07,1.3908691407493734e-06,5.671844482968424e-07,4.977642866863669e-07
main,DTLZ7,22,3,1,403,403,403,403,4.863281262146302e-07,1.3908691407493734e-06,5.671844482968424e-07,4.977642866863669e-07
main,DTLZ7,22,3,1,404,404,404,404,4.864779716839962e-07,1.3908691407493734e-06,5.671844482968424e-07,4.977642866863669e-07
main,DTLZ7,22,3,1,405,405,405,405,4.863281262146302e-07,1.3908691407493734e-06,5.671844482968424e-07,4.977642866863669e-07
main,DTLZ7,22,3,1,406,406,406,406,4.860898858423217e-07,1.3908691407493734e-06,5.671844482968424e-07,4.977642866863669e-07
main,DTLZ7,22,3,1,407,407,407,407,4.858516454700132e-07,1.3908691407493734e-06,5.671844482968424e-07,4.977642866863669e-07
main,DTLZ7,22,3,1,408,408,408,408,4.858160018920803e-07,1.3908691407493734e-06,5.671844482968424e-07,4.977642866863669e-07
main,DTLZ7,22,3,1,409,409,409,409,4.858516454700132e-07,1.3908691407493734e-06,5.671844482968424e-07,4.977642866863669e-07
main,DTLZ7,22,3,1,410,410,410,410,4.858160018920803e-07,1.3908691407493734e-06,5.671844482968424e-07,4.977642866863669e-07
main,DTLZ7,22,3,1,411,411,411,411,4.858516454700132e-07,1.3908691407493734e-06,5.671844482968424e-07,4.977642866863669e-07
main,DTLZ7,22,3,1,412,412,412,412,4.860898858423217e-07,1.3908691407493734e-06,5.671844482968424e-07,4.977642866863669e-07
main,DTLZ7,22,3,1,413,413,413,413,4.863281262146302e-07,1.3908691407493734e-06,5.671844482968424e-07,4.977642866863669e-07
main,DTLZ7,22,3,1,414,414,414,414,4.864779716839962e-07,1.3908691407493734e-06,5.671844482968424e-07,4.977642866863669e-07
main,DTLZ7,22,3,1,415,415,415,415,4.866278171533622e-07,1.3908691407493734e-06,5.671844482968424e-07,4.977642866863669e-07
main,DTLZ7,22,3,1,416,416,416,416,4.864779716839962e-07,1.3908691407493734e-06,5.671844482968424e-07,4.977642866863669e-07
main,DTLZ7,22,3,1,417,417,417,417,4.866278171533622e-07,1.3908691407493734e-06,5.671844482968424e-07,4.977642866863669e-07
main,DTLZ7,22,3,1,418,418,418,418,4.864779716839962e-07,1.3908691407493734e-06,5.671844482968424e-07,4.977642866863669e-07
main,DTLZ7,22,3,1,419,419,419,419,4.866278171533622e-07,1.3908691407493734e-06,5.671844482968424e-07,4.977642866863669e-07
main,DTLZ7,22,3,1,420,420,420,420,4.864779716839962e-07,1.3908691407493734e-06,5.671844482968424e-07,4.977642866863669e-07
main,DTLZ7,22,3,1,421,421,421,421,4.866278171533622e-07,1.3908691407493734e-06,5.671844482968424e-07,4.977642866863669e-07
main,DTLZ7,22,3,1,422,422,422,422,4.864779716839962e-07,1.3908691407493734e-06,5.671844482968424e-07,4.977642866863669e-07
main,DTLZ7,22,3,1,423,423,423,423,4.866278171533622e-07,1.3908691407493734e-06,5.671844482968424e-07,4.977642866863669e-07
main,DTLZ7,22,3,1,424,424,424,424,4.868823290093971e-07,1.3908691407493734e-06,5.671844482968424e-07,4.977642866863669e-07
main,DTLZ7,22,3,1,425,425,425,425,4.87136840865432e-07,1.3908691407493734e-06,5.671844482968424e-07,4.977642866863669e-07
main,DTLZ7,22,3,1,426,426,426,426,4.872474670680749e-07,1.3908691407493734e-06,5.671844482968424e-07,4.977642866863669e-07
main,DTLZ7,22,3,1,427,427,427,427,4.87136840865432e-07,1.3908691407493734e-06,5.671844482968424e-07,4.977642866863669e-07
main,DTLZ7,22,3,1,428,428,428,428,4.868823290093971e-07,1.3908691407493734e-06,5.671844482968424e-07,4.977642866863669e-07
main,DTLZ7,22,3,1,429,429,429,429,4.87136840865432e-07,1.3908691407493734e-06,5.671844482968424e-07,4.977642866863669e-07
main,DTLZ7,22,3,1,430,430,430,430,4.872474670680749e-07,1.3908691407493734e-06,5.671844482968424e-07,4.977642866863669e-07
main,DTLZ7,22,3,1,431,431,431,431,4.871826178032279e-07,1.3908691407493734e-06,5.671844482968424e-07,4.977642866863669e-07
main,DTLZ7,22,3,1,432,432,432,432,4.871597293343299e-07,1.3908691407493734e-06,5.671844482968424e-07,4.977642866863669e-07
main,DTLZ7,22,3,1,433,433,433,433,4.871826178032279e-07,1.3908691407493734e-06,5.671844482968424e-07,4.977642866863669e-07
main,DTLZ7,22,3,1,434,434,434,434,4.872703555369728e-07,1.3908691407493734e-06,5.671844482968424e-07,4.977642866863669e-07
main,DTLZ7,22,3,1,435,435,435,435,4.873580932707178e-07,1.3908691407493734e-06,5.671844482968424e-07,4.977642866863669e-07
main,DTLZ7,22,3,1,436,436,436,436,4.878196707969185e-07,1.3908691407493734e-06,5.671844482968424e-07,4.977642866863669e-07
main,DTLZ7,22,3,1,437,437,437,437,4.882812483231191e-07,1.3908691407493734e-06,5.671844482968424e-07,4.977642866863669e-07
main,DTLZ7,22,3,1,438,438,438,438,4.878196707969185e-07,1.3908691407493734e-06,5.671844482968424e-07,4.977642866863669e-07
main,DTLZ7,22,3,1,439,439,439,439,4.882812483231191e-07,1.3908691407493734e-06,5.671844482968424e-07,4.977642866863669e-07
main,DTLZ7,22,3,1,440,440,440,440,4.878196707969185e-07,1.3908691407493734e-06,5.671844482968424e-07,4.977642866863669e-07
main,MMF1,2,2,1,1,1,1,1,3.469467163008666e-07,3.469467163008666e-07,2.596464753149702e-07,1.8287231104072155e-07
main,MMF1,2,2,1,2,2,2,2,1.817092895317618e-07,3.469467163008666e-07,2.596464753149702e-07,2.531649034740943e-07
main,MMF1,2,2,1,3,3,3,3,3.468055724820118e-07,3.469467163008666e-07,2.596464753149702e-07,2.531649034740943e-07
main,MMF1,2,2,1,4,4,4,4,3.468761443914392e-07,4.3788146975032305e-07,4.725008010859899e-07,2.531649034740943e-07
main,MMF1,2,2,1,5,5,5,5,3.469467163008666e-07,4.3822479245392287e-07,4.725008010859899e-07,2.531649034740943e-07
main,MMF1,2,2,1,6,6,6,6,3.468761443914392e-07,4.3822479245392287e-07,4.725008010859899e-07,4.822081110279763e-07
main,MMF1,2,2,1,7,7,7,7,3.469467163008666e-07,4.3822479245392287e-07,4.725008010859899e-07,4.822081110279763e-07
main,MMF1,2,2,1,8,8,8,8,3.691329956423406e-07,5.100479125719204e-07,4.725008010859899e-07,4.822081110279763e-07
main,MMF1,2,2,1,9,9,9,9,3.913192749838146e-07,5.100479125719204e-07,4.725008010859899e-07,4.822081110279763e-07
main,MMF1,2,2,1,10,10,10,10,3.691329956423406e-07,5.100479125719204e-07,4.725008010859899e-07,4.822081110279763e-07
main,MMF1,2,2,1,11,11,11,11,3.913192749838146e-07,5.100479125719204e-07,4.725008010859899e-07,4.822081110279763e-07
main,MMF1,2,2,1,12,12,12,12,3.691329956423406e-07,5.100479125719204e-07,4.725008010859899e-07,4.822081110279763e-07
main,MMF1,2,2,1,13,13,13,13,3.913192749838146e-07,5.100479125719204e-07,4.725008010859899e-07,4.822081110279763e-07
main,MMF1,2,2,1,14,14,14,14,4.1313934329156865e-07,5.100479125719204e-07,4.725008010859899e-07,4.822081110279763e-07
main,MMF1,2,2,1,15,15,15,15,4.349594115993227e-07,5.100479125719204e-07,4.725008010859899e-07,4.822081110279763e-07
main,MMF1,2,2,1,16,16,16,16,4.3548965450446175e-07,5.100479125719204e-07,4.725008010859899e-07,4.822081110279763e-07
main,MMF1,2,2,1,17,17,17,17,4.360198974096008e-07,5.100479125719204e-07,4.725008010859899e-07,4.822081110279763e-07
main,MMF1,2,2,1,18,18,18,18,4.3548965450446175e-07,5.100479125719204e-07,4.725008010859899e-07,4.822081110279763e-07
main,MMF1,2,2,1,19,19,19,19,4.360198974096008e-07,5.100479125719204e-07,4.725008010859899e-07,4.822081110279763e-07
main,MMF1,2,2,1,20,20,20,20,4.3548965450446175e-07,5.100479125719204e-07,4.725008010859899e-07,4.822081110279763e-07
main,MMF1,2,2,1,21,21,21,21,4.349594115993227e-07,5.100479125719204e-07,4.725008010859899e-07,4.822081110279763e-07
main,MMF1,2,2,1,22,22,22,22,4.1313934329156865e-07,5.100479125719204e-07,4.725008010859899e-07,4.822081110279763e-07
main,MMF1,2,2,1,23,23,23,23,3.913192749838146e-07,5.100479125719204e-07,4.725008010859899e-07,4.822081110279763e-07
main,MMF1,2,2,1,24,24,24,24,4.1313934329156865e-07,5.100479125719204e-07,4.725008010859899e-07,4.822081110279763e-07
main,MMF1,2,2,1,25,25,25,25,3.913192749838146e-07,5.100479125719204e-07,4.725008010859899e-07,4.822081110279763e-07
main,MMF1,2,2,1,26,26,26,26,4.1313934329156865e-07,5.100479125719204e-07,4.725008010859899e-07,4.822081110279763e-07
main,MMF1,2,2,1,27,27,27,27,4.349594115993227e-07,5.236434936772838e-07,4.725008010859899e-07,4.822081110279763e-07
main,MMF1,2,2,1,28,28,28,28,4.1313934329156865e-07,5.236434936772838e-07,4.725008010859899e-07,4.822081110279763e-07
main,MMF1,2,2,1,29,29,29,29,3.913192749838146e-07,5.236434936772838e-07,4.725008010859899e-07,4.822081110279763e-07
main,MMF1,2,2,1,30,30,30,30,4.1313934329156865e-07,5.236434936772838e-07,4.725008010859899e-07,4.822081110279763e-07
main,MMF1,2,2,1,31,31,31,31,4.349594115993227e-07,5.271530152395343e-07,4.725008010859899e-07,4.822081110279763e-07
main,MMF1,2,2,1,32,32,32,32,4.1313934329156865e-07,5.271530152395343e-07,4.725008010859899e-07,4.822081110279763e-07
main,MMF1,2,2,1,33,33,33,33,3.913192749838146e-07,5.271530152395343e-07,4.7378772497115584e-07,4.822081110279763e-07
main,MMF1,2,2,1,34,34,34,34,3.691329956423406e-07,5.271530152395343e-07,4.7378772497115584e-07,4.822081110279763e-07
main,MMF1,2,2,1,35,35,35,35,3.469467163008666e-07,5.271530152395343e-07,4.7378772497115584e-07,4.822081110279763e-07
main,MMF1,2,2,1,36,36,36,36,3.468761443914392e-07,5.271530152395343e-07,4.7378772497115584e-07,4.822081110279763e-07
main,MMF1,2,2,1,37,37,37,37,3.469467163008666e-07,5.271530152395343e-07,4.7378772497115584e-07,4.822081110279763e-07
main,MMF1,2,2,1,38,38,38,38,3.468761443914392e-07,5.271530152395343e-07,4.7378772497115584e-07,4.822081110279763e-07
main,MMF1,2,2,1,39,39,39,39,3.468055724820118e-07,5.271530152395343e-07,4.7378772497115584e-07,4.822081110279763e-07
main,MMF1,2,2,1,40,40,40,40,3.457031249598508e-07,5.271530152395343e-07,4.7378772497115584e-07,4.822081110279763e-07
main,MMF11_L,2,2,1,1,1,1,1,3.112030029228663e-07,3.112030029228663e-07,3.5904884337911724e-07,4.283964363457904e-07
main,MMF11_L,2,2,1,2,2,2,2,3.2241058356419217e-07,3.3361816420551804e-07,3.5904884337911724e-07,4.283964363457904e-07
main,MMF11_L,2,2,1,3,3,3,3,3.3361816420551804e-07,4.53372955289133e-07,3.5904884337911724e-07,4.283964363457904e-07
main,MMF11_L,2,2,1,4,4,4,4,3.9349555974732553e-07,6.56768798457108e-07,3.7350463877316997e-07,4.283964363457904e-07
main,MMF11_L,2,2,1,5,5,5,5,4.119758606480062e-07,6.56768798457108e-07,4.546749591827215e-07,4.283964363457904e-07
main,MMF11_L,2,2,1,6,6,6,6,3.7963295002052533e-07,6.56768798457108e-07,4.546749591827215e-07,5.045234479916783e-07
main,MMF11_L,2,2,1,7,7,7,7,3.472900393930445e-07,6.56768798457108e-07,4.604973792982081e-07,5.045234479916783e-07
main,MMF11_L,2,2,1,8,8,8,8,3.4045410179928126e-07,6.56768798457108e-07,4.604973792982081e-07,5.045234479916783e-07
main,MMF11_L,2,2,1,9,9,9,9,3.472900393930445e-07,6.613159175827832e-07,4.604973792982081e-07,5.045234479916783e-07
main,MMF11_L,2,2,1,10,10,10,10,3.7963295002052533e-07,6.613159175827832e-07,4.604973792982081e-07,5.045234479916783e-07
main,MMF11_L,2,2,1,11,11,11,11,3.472900393930445e-07,6.613159175827832e-07,4.604973792982081e-07,5.045234479916783e-07
main,MMF11_L,2,2,1,12,12,12,12,3.7963295002052533e-07,6.613159175827832e-07,5.24063110241002e-07,5.045234479916783e-07
main,MMF11_L,2,2,1,13,13,13,13,3.6679840087483484e-07,6.613159175827832e-07,5.24063110241002e-07,5.045234479916783e-07
main,MMF11_L,2,2,1,14,14,14,14,3.5704422013393966e-07,6.613159175827832e-07,5.24063110241002e-07,5.045234479916783e-07
main,MMF11_L,2,2,1,15,15,15,15,3.472900393930445e-07,6.613159175827832e-07,5.24063110241002e-07,5.045234479916783e-07
main,MMF11_L,2,2,1,16,16,16,16,3.4045410179928126e-07,6.613159175827832e-07,5.24063110241002e-07,5.045234479916783e-07
main,MMF11_L,2,2,1,17,17,17,17,3.472900393930445e-07,7.941894537566441e-07,5.24063110241002e-07,5.045234479916783e-07
main,MMF11_L,2,2,1,18,18,18,18,3.4045410179928126e-07,7.941894537566441e-07,5.24063110241002e-07,5.045234479916783e-07
main,MMF11_L,2,2,1,19,19,19,19,3.472900393930445e-07,8.627929695137482e-07,5.24063110241002e-07,5.045234479916783e-07
main,MMF11_L,2,2,1,20,20,20,20,3.5704422013393966e-07,8.627929695137482e-07,5.24063110241002e-07,5.045234479916783e-07
main,MMF11_L,2,2,1,21,21,21,21,3.6679840087483484e-07,8.627929695137482e-07,5.24063110241002e-07,5.045234479916783e-07
main,MMF11_L,2,2,1,22,22,22,22,3.5704422013393966e-07,8.627929695137482e-07,5.368499755853406e-07,5.045234479916783e-07
main,MMF11_L,2,2,1,23,23,23,23,3.6679840087483484e-07,8.627929695137482e-07,5.368499755853406e-07,5.045234479916783e-07
main,MMF11_L,2,2,1,24,24,24,24,3.893871307614205e-07,8.627929695137482e-07,5.368499755853406e-07,5.045234479916783e-07
main,MMF11_L,2,2,1,25,25,25,25,3.6679840087483484e-07,8.627929695137482e-07,5.368499755853406e-07,5.045234479916783e-07
main,MMF11_L,2,2,1,26,26,26,26,3.893871307614205e-07,8.627929695137482e-07,5.368499755853406e-07,5.045234479916783e-07
main,MMF11_L,2,2,1,27,27,27,27,4.119758606480062e-07,8.627929695137482e-07,5.368499755853406e-07,5.045234479916783e-07
main,MMF11_L,2,2,1,28,28,28,28,3.893871307614205e-07,8.627929695137482e-07,5.368499755853406e-07,5.045234479916783e-07
main,MMF11_L,2,2,1,29,29,29,29,3.9776611338027124e-07,8.627929695137482e-07,5.368499755853406e-07,5.045234479916783e-07
main,MMF11_L,2,2,1,30,30,30,30,4.048709870141387e-07,8.627929695137482e-07,5.368499755853406e-07,5.045234479916783e-07
main,MMF11_L,2,2,1,31,31,31,31,4.119758606480062e-07,8.627929695137482e-07,5.368499755853406e-07,5.045234479916783e-07
main,MMF11_L,2,2,1,32,32,32,32,4.1411399842594676e-07,8.627929695137482e-07,5.368499755853406e-07,5.045234479916783e-07
main,MMF11_L,2,2,1,33,33,33,33,4.119758606480062e-07,8.627929695137482e-07,5.368499755853406e-07,5.045234479916783e-07
main,MMF11_L,2,2,1,34,34,34,34,4.048709870141387e-07,8.627929695137482e-07,5.368499755853406e-07,5.045234479916783e-07
main,MMF11_L,2,2,1,35,35,35,35,3.9776611338027124e-07,8.627929695137482e-07,5.368499755853406e-07,5.045234479916783e-07
main,MMF11_L,2,2,1,36,36,36,36,3.892822265649798e-07,8.627929695137482e-07,5.368499755853406e-07,5.045234479916783e-07
main,MMF11_L,2,2,1,37,37,37,37,3.8079833974968835e-07,8.627929695137482e-07,5.368499755853406e-07,5.045234479916783e-07
main,MMF11_L,2,2,1,38,38,38,38,3.737983703122616e-07,8.627929695137482e-07,5.368499755853406e-07,5.045234479916783e-07
main,MMF11_L,2,2,1,39,39,39,39,3.8079833974968835e-07,8.627929695137482e-07,5.368499755853406e-07,5.045234479916783e-07
main,MMF11_L,2,2,1,40,40,40,40,3.737983703122616e-07,8.627929695137482e-07,5.368499755853406e-07,5.045234479916783e-07
main,MMF16_20,20,3,1,1,1,1,1,4.991912840868196e-07,4.991912840868196e-07,2.919349670338356e-07,1.0442869374793773e-08
main,MMF16_20,20,3,1,2,2,2,2,4.49085235554314e-07,4.991912840868196e-07,4.307041168161163e-07,7.827100625967809e-08
main,MMF16_20,20,3,1,3,3,3,3,4.991912840868196e-07,5.162200926722704e-07,4.307041168161163e-07,3.8088751777576313e-07
main,MMF16_20,20,3,1,4,4,4,4,4.5623397826322076e-07,5.162200926722704e-07,4.307041168161163e-07,3.8088751777576313e-07
main,MMF16_20,20,3,1,5,5,5,5,4.439849854431799e-07,5.162200926722704e-07,4.307041168161163e-07,3.8088751777576313e-07
main,MMF16_20,20,3,1,6,6,6,6,4.420509338576295e-07,5.162200926722704e-07,4.307041168161163e-07,3.8088751777576313e-07
main,MMF16_20,20,3,1,7,7,7,7,4.401168822720791e-07,5.162200926722704e-07,4.307041168161163e-07,3.8088751777576313e-07
main,MMF16_20,20,3,1,8,8,8,8,4.3875885002986337e-07,5.162200926722704e-07,4.847478866643051e-07,3.8088751777576313e-07
main,MMF16_20,20,3,1,9,9,9,9,4.374008177876476e-07,5.162200926722704e-07,4.847478866643051e-07,3.8088751777576313e-07
main,MMF16_20,20,3,1,10,10,10,10,4.253387451136348e-07,5.162200926722704e-07,4.847478866643051e-07,3.8088751777576313e-07
main,MMF16_20,20,3,1,11,11,11,11,4.1327667243962196e-07,5.162200926722704e-07,4.847478866643051e-07,3.8088751777576313e-07
main,MMF16_20,20,3,1,12,12,12,12,4.253387451136348e-07,5.162200926722704e-07,4.847478866643051e-07,3.8088751777576313e-07
main,MMF16_20,20,3,1,13,13,13,13,4.374008177876476e-07,5.162200926722704e-07,4.847478866643051e-07,3.9305242727216694e-07
main,MMF16_20,20,3,1,14,14,14,14,4.275245666374161e-07,5.162200926722704e-07,4.847478866643051e-07,4.030702603352587e-07
main,MMF16_20,20,3,1,15,15,15,15,4.176483154871846e-07,5.162200926722704e-07,4.847478866643051e-07,4.030702603352587e-07
main,MMF16_20,20,3,1,16,16,16,16,4.154624939634033e-07,5.162200926722704e-07,4.847478866643051e-07,4.030702603352587e-07
main,MMF16_20,20,3,1,17,17,17,17,4.176483154871846e-07,5.162200926722704e-07,4.847478866643051e-07,4.030702603352587e-07
main,MMF16_20,20,3,1,18,18,18,18,4.154624939634033e-07,5.162200926722704e-07,5.061206817535968e-07,4.030702603352587e-07
main,MMF16_20,20,3,1,19,19,19,19,4.176483154871846e-07,5.162200926722704e-07,5.061206817535968e-07,4.030702603352587e-07
main,MMF16_20,20,3,1,20,20,20,20,4.154624939634033e-07,5.162200926722704e-07,5.061206817535968e-07,4.030702603352587e-07
main,MMF16_20,20,3,1,21,21,21,21,4.1327667243962196e-07,5.162200926722704e-07,5.061206817535968e-07,4.030702603352587e-07
main,MMF16_20,20,3,1,22,22,22,22,4.154624939634033e-07,5.162200926722704e-07,5.061206817535968e-07,4.030702603352587e-07
main,MMF16_20,20,3,1,23,23,23,23,4.176483154871846e-07,5.162200926722704e-07,5.061206817535968e-07,4.620305527613944e-07
main,MMF16_20,20,3,1,24,24,24,24,4.154624939634033e-07,5.162200926722704e-07,5.061206817535968e-07,4.620305527613944e-07
main,MMF16_20,20,3,1,25,25,25,25,4.176483154871846e-07,5.211334228594211e-07,5.061206817535968e-07,4.620305527613944e-07
main,MMF16_20,20,3,1,26,26,26,26,4.18437957838691e-07,5.211334228594211e-07,5.061206817535968e-07,4.620305527613944e-07
main,MMF16_20,20,3,1,27,27,27,27,4.176483154871846e-07,5.211334228594211e-07,5.061206817535968e-07,4.620305527613944e-07
main,MMF16_20,20,3,1,28,28,28,28,4.18437957838691e-07,5.211334228594211e-07,5.061206817535968e-07,4.620305527613944e-07
main,MMF16_20,20,3,1,29,29,29,29,4.1922760019019734e-07,5.211334228594211e-07,5.061206817535968e-07,4.620305527613944e-07
main,MMF16_20,20,3,1,30,30,30,30,4.18437957838691e-07,5.211334228594211e-07,5.061206817535968e-07,4.620305527613944e-07
main,MMF16_20,20,3,1,31,31,31,31,4.176483154871846e-07,5.211334228594211e-07,5.061206817535968e-07,4.620305527613944e-07
main,MMF16_20,20,3,1,32,32,32,32,4.154624939634033e-07,5.211334228594211e-07,5.061206817535968e-07,4.620305527613944e-07
main,MMF16_20,20,3,1,33,33,33,33,4.1327667243962196e-07,5.211334228594211e-07,5.061206817535968e-07,4.620305527613944e-07
main,MMF16_20,20,3,1,34,34,34,34,4.154624939634033e-07,5.211334228594211e-07,5.061206817535968e-07,4.620305527613944e-07
main,MMF16_20,20,3,1,35,35,35,35,4.1327667243962196e-07,5.211334228594211e-07,5.061206817535968e-07,4.620305527613944e-07
main,MMF16_20,20,3,1,36,36,36,36,4.131469727441939e-07,5.211334228594211e-07,5.061206817535968e-07,4.620305527613944e-07
main,MMF16_20,20,3,1,37,37,37,37,4.1327667243962196e-07,5.211334228594211e-07,5.097427367983798e-07,4.620305527613944e-07
main,MMF16_20,20,3,1,38,38,38,38,4.154624939634033e-07,5.211334228594211e-07,5.097427367983798e-07,4.620305527613944e-07
main,MMF16_20,20,3,1,39,39,39,39,4.1327667243962196e-07,5.211334228594211e-07,5.097427367983798e-07,4.620305527613944e-07
main,MMF16_20,20,3,1,40,40,40,40,4.131469727441939e-07,5.211334228594211e-07,5.097427367983798e-07,4.620305527613944e-07
main,MMF16_20,20,3,1,41,41,41,41,4.1327667243962196e-07,5.247116088291648e-07,5.097427367983798e-07,4.620305527613944e-07
main,MMF16_20,20,3,1,42,42,42,42,4.154624939634033e-07,5.247116088291648e-07,5.097427367983798e-07,4.620305527613944e-07
main,MMF16_20,20,3,1,43,43,43,43,4.176483154871846e-07,5.247116088291648e-07,5.097427367983798e-07,4.620305527613944e-07
main,MMF16_20,20,3,1,44,44,44,44,4.154624939634033e-07,5.247116088291648e-07,5.097427367983798e-07,4.620305527613944e-07
main,MMF16_20,20,3,1,45,45,45,45,4.176483154871846e-07,5.247116088291648e-07,5.097427367983798e-07,4.620305527613944e-07
main,MMF16_20,20,3,1,46,46,46,46,4.18437957838691e-07,5.247116088291648e-07,5.097427367983798e-07,4.620305527613944e-07
main,MMF16_20,20,3,1,47,47,47,47,4.176483154871846e-07,5.247116088291648e-07,5.097427367983798e-07,4.620305527613944e-07
main,MMF16_20,20,3,1,48,48,48,48,4.154624939634033e-07,5.247116088291648e-07,5.097427367983798e-07,4.620305527613944e-07
main,MMF16_20,20,3,1,49,49,49,49,4.176483154871846e-07,5.247116088291648e-07,5.097427367983798e-07,4.620305527613944e-07
main,MMF16_20,20,3,1,50,50,50,50,4.18437957838691e-07,5.247116088291648e-07,5.097427367983798e-07,4.620305527613944e-07
main,MMF16_20,20,3,1,51,51,51,51,4.176483154871846e-07,5.247116088291648e-07,5.097427367983798e-07,4.620305527613944e-07
main,MMF16_20,20,3,1,52,52,52,52,4.18437957838691e-07,5.247116088291648e-07,5.097427367983798e-07,4.620305527613944e-07
main,MMF16_20,20,3,1,53,53,53,53,4.176483154871846e-07,5.247116088291648e-07,5.097427367983798e-07,4.620305527613944e-07
main,MMF16_20,20,3,1,54,54,54,54,4.154624939634033e-07,5.247116088291648e-07,5.097427367983798e-07,4.620305527613944e-07
main,MMF16_20,20,3,1,55,55,55,55,4.176483154871846e-07,5.247116088291648e-07,5.097427367983798e-07,4.620305527613944e-07
main,MMF16_20,20,3,1,56,56,56,56,4.154624939634033e-07,5.247116088291648e-07,5.097427367983798e-07,4.620305527613944e-07
main,MMF16_20,20,3,1,57,57,57,57,4.1327667243962196e-07,5.247116088291648e-07,5.097427367983798e-07,4.620305527613944e-07
main,MMF16_20,20,3,1,58,58,58,58,4.131469727441939e-07,5.247116088291648e-07,5.097427367983798e-07,4.620305527613944e-07
main,MMF16_20,20,3,1,59,59,59,59,4.1327667243962196e-07,5.247116088291648e-07,5.097427367983798e-07,4.620305527613944e-07
main,MMF16_20,20,3,1,60,60,60,60,4.1317176824318125e-07,5.247116088291648e-07,5.097427367983798e-07,4.881586198046683e-07
main,MMF16_20,20,3,1,61,61,61,61,4.1306686404674053e-07,5.247116088291648e-07,5.097427367983798e-07,4.881586198046683e-07
main,MMF16_20,20,3,1,62,62,62,62,4.1304206854775316e-07,5.247116088291648e-07,5.097427367983798e-07,4.881586198046683e-07
main,MMF16_20,20,3,1,63,63,63,63,4.1306686404674053e-07,5.247116088291648e-07,5.097427367983798e-07,4.881586198046683e-07
main,MMF16_20,20,3,1,64,64,64,64,4.1304206854775316e-07,5.247116088291648e-07,5.097427367983798e-07,4.881586198046683e-07
main,MMF16_20,20,3,1,65,65,65,65,4.130172730487658e-07,5.247116088291648e-07,5.097427367983798e-07,4.881586198046683e-07
main,MMF16_20,20,3,1,66,66,66,66,4.1293716435131245e-07,5.247116088291648e-07,5.097427367983798e-07,4.881586198046683e-07
main,MMF16_20,20,3,1,67,67,67,67,4.128570556538591e-07,5.247116088291648e-07,5.097427367983798e-07,4.881586198046683e-07
main,MMF16_20,20,3,1,68,68,68,68,4.1293716435131245e-07,5.247116088291648e-07,5.097427367983798e-07,4.881586198046683e-07
main,MMF16_20,20,3,1,69,69,69,69,4.128570556538591e-07,5.247116088291648e-07,5.097427367983798e-07,4.881586198046683e-07
main,MMF16_20,20,3,1,70,70,70,70,4.110794067369028e-07,5.247116088291648e-07,5.097427367983798e-07,4.881586198046683e-07
main,MMF16_20,20,3,1,71,71,71,71,4.128570556538591e-07,5.247116088291648e-07,5.097427367983798e-07,4.881586198046683e-07
main,MMF16_20,20,3,1,72,72,72,72,4.110794067369028e-07,5.247116088291648e-07,5.097427367983798e-07,4.881586198046683e-07
main,MMF16_20,20,3,1,73,73,73,73,4.128570556538591e-07,5.464477537131529e-07,5.097427367983798e-07,4.881586198046683e-07
main,MMF16_20,20,3,1,74,74,74,74,4.1293716435131245e-07,5.464477537131529e-07,5.097427367983798e-07,5.018983827986823e-07
main,MMF16_20,20,3,1,75,75,75,75,4.130172730487658e-07,5.464477537131529e-07,5.097427367983798e-07,5.018983827986823e-07
main,MMF16_20,20,3,1,76,76,76,76,4.1293716435131245e-07,5.464477537131529e-07,5.097427367983798e-07,5.018983827986823e-07
main,MMF16_20,20,3,1,77,77,77,77,4.130172730487658e-07,5.464477537131529e-07,5.097427367983798e-07,5.018983827986823e-07
main,MMF16_20,20,3,1,78,78,78,78,4.1304206854775316e-07,5.464477537131529e-07,5.097427367983798e-07,5.018983827986823e-07
main,MMF16_20,20,3,1,79,79,79,79,4.130172730487658e-07,5.464477537131529e-07,5.097427367983798e-07,5.018983827986823e-07
main,MMF16_20,20,3,1,80,80,80,80,4.1293716435131245e-07,5.464477537131529e-07,5.097427367983798e-07,5.018983827986823e-07
main,MMF16_20,20,3,1,81,81,81,81,4.130172730487658e-07,5.464477537131529e-07,5.097427367983798e-07,5.018983827986823e-07
main,MMF16_20,20,3,1,82,82,82,82,4.1293716435131245e-07,5.464477537131529e-07,5.097427367983798e-07,5.018983827986823e-07
main,MMF16_20,20,3,1,83,83,83,83,4.128570556538591e-07,5.464477537131529e-07,5.097427367983798e-07,5.018983827986823e-07
main,MMF16_20,20,3,1,84,84,84,84,4.1293716435131245e-07,5.464477537131529e-07,5.097427367983798e-07,5.018983827986823e-07
main,MMF16_20,20,3,1,85,85,85,85,4.128570556538591e-07,5.464477537131529e-07,5.097427367983798e-07,5.018983827986823e-07
main,MMF16_20,20,3,1,86,86,86,86,4.110794067369028e-07,5.464477537131529e-07,5.097427367983798e-07,5.018983827986823e-07
main,MMF16_20,20,3,1,87,87,87,87,4.093017578199465e-07,5.464477537131529e-07,5.097427367983798e-07,5.018983827986823e-07
main,MMF16_20,20,3,1,88,88,88,88,4.110794067369028e-07,5.464477537131529e-07,5.097427367983798e-07,5.018983827986823e-07
main,MMF16_20,20,3,1,89,89,89,89,4.128570556538591e-07,5.464477537131529e-07,5.097427367983798e-07,5.018983827986823e-07
main,MMF16_20,20,3,1,90,90,90,90,4.110794067369028e-07,5.464477537131529e-07,5.097427367983798e-07,5.018983827986823e-07
main,MMF16_20,20,3,1,91,91,91,91,4.128570556538591e-07,5.464477537131529e-07,5.097427367983798e-07,5.018983827986823e-07
main,MMF16_20,20,3,1,92,92,92,92,4.1293716435131245e-07,5.464477537131529e-07,5.097427367983798e-07,5.018983827986823e-07
main,MMF16_20,20,3,1,93,93,93,93,4.130172730487658e-07,5.464477537131529e-07,5.097427367983798e-07,5.018983827986823e-07
main,MMF16_20,20,3,1,94,94,94,94,4.1304206854775316e-07,5.464477537131529e-07,5.097427367983798e-07,5.018983827986823e-07
main,MMF16_20,20,3,1,95,95,95,95,4.1306686404674053e-07,5.464477537131529e-07,5.097427367983798e-07,5.018983827986823e-07
main,MMF16_20,20,3,1,96,96,96,96,4.1317176824318125e-07,5.464477537131529e-07,5.097427367983798e-07,5.018983827986823e-07
main,MMF16_20,20,3,1,97,97,97,97,4.1327667243962196e-07,5.464477537131529e-07,5.097427367983798e-07,5.018983827986823e-07
main,MMF16_20,20,3,1,98,98,98,98,4.1317176824318125e-07,5.464477537131529e-07,5.097427367983798e-07,5.018983827986823e-07
main,MMF16_20,20,3,1,99,99,99,99,4.1327667243962196e-07,5.464477537131529e-07,5.097427367983798e-07,5.018983827986823e-07
main,MMF16_20,20,3,1,100,100,100,100,4.154624939634033e-07,5.531082152288036e-07,5.097427367983798e-07,5.018983827986823e-07
main,MMF16_20,20,3,1,101,101,101,101,4.1327667243962196e-07,5.531082152288036e-07,5.097427367983798e-07,5.018983827986823e-07
main,MMF16_20,20,3,1,102,102,102,102,4.154624939634033e-07,5.531082152288036e-07,5.097427367983798e-07,5.018983827986823e-07
main,MMF16_20,20,3,1,103,103,103,103,4.176483154871846e-07,5.531082152288036e-07,5.097427367983798e-07,5.018983827986823e-07
main,MMF16_20,20,3,1,104,104,104,104,4.18437957838691e-07,5.531082152288036e-07,5.097427367983798e-07,5.018983827986823e-07
main,MMF16_20,20,3,1,105,105,105,105,4.1776275638838456e-07,5.531082152288036e-07,5.097427367983798e-07,5.018983827986823e-07
main,MMF16_20,20,3,1,106,106,106,106,4.1849517828929095e-07,5.531082152288036e-07,5.097427367983798e-07,5.018983827986823e-07
main,MMF16_20,20,3,1,107,107,107,107,4.1776275638838456e-07,5.531082152288036e-07,5.097427367983798e-07,5.018983827986823e-07
main,MMF16_20,20,3,1,108,108,108,108,4.177055359377846e-07,5.531082152288036e-07,5.097427367983798e-07,5.018983827986823e-07
main,MMF16_20,20,3,1,109,109,109,109,4.176483154871846e-07,5.531082152288036e-07,5.097427367983798e-07,5.018983827986823e-07
main,MMF16_20,20,3,1,110,110,110,110,4.177055359377846e-07,5.531082152288036e-07,5.097427367983798e-07,5.018983827986823e-07
main,MMF16_20,20,3,1,111,111,111,111,4.1776275638838456e-07,5.531082152288036e-07,5.097427367983798e-07,5.018983827986823e-07
main,MMF16_20,20,3,1,112,112,112,112,4.1849517828929095e-07,5.531082152288036e-07,5.097427367983798e-07,5.018983827986823e-07
main,MMF16_20,20,3,1,113,113,113,113,4.1922760019019734e-07,5.531082152288036e-07,5.097427367983798e-07,5.018983827986823e-07
main,MMF16_20,20,3,1,114,114,114,114,4.196815490686845e-07,5.531082152288036e-07,5.097427367983798e-07,5.018983827986823e-07
main,MMF16_20,20,3,1,115,115,115,115,4.1922760019019734e-07,5.531082152288036e-07,5.097427367983798e-07,5.018983827986823e-07
main,MMF16_20,20,3,1,116,116,116,116,4.196815490686845e-07,5.531082152288036e-07,5.097427367983798e-07,5.018983827986823e-07
main,MMF16_20,20,3,1,117,117,117,117,4.1922760019019734e-07,5.531082152288036e-07,5.097427367983798e-07,5.018983827986823e-07
main,MMF16_20,20,3,1,118,118,118,118,4.196815490686845e-07,5.531082152288036e-07,5.097427367983798e-07,5.018983827986823e-07
main,MMF16_20,20,3,1,119,119,119,119,4.1922760019019734e-07,5.531082152288036e-07,5.097427367983798e-07,5.018983827986823e-07
main,MMF16_20,20,3,1,120,120,120,120,4.196815490686845e-07,5.531082152288036e-07,5.097427367983798e-07,5.018983827986823e-07
main,MMF16_20,20,3,1,121,121,121,121,4.2013549794717164e-07,5.531082152288036e-07,5.097427367983798e-07,5.018983827986823e-07
main,MMF16_20,20,3,1,122,122,122,122,4.196815490686845e-07,5.531082152288036e-07,5.097427367983798e-07,5.018983827986823e-07
main,MMF16_20,20,3,1,123,123,123,123,4.1922760019019734e-07,5.531082152288036e-07,5.097427367983798e-07,5.018983827986823e-07
main,MMF16_20,20,3,1,124,124,124,124,4.1849517828929095e-07,5.531082152288036e-07,5.097427367983798e-07,5.018983827986823e-07
main,MMF16_20,20,3,1,125,125,125,125,4.1776275638838456e-07,5.531082152288036e-07,5.097427367983798e-07,5.018983827986823e-07
main,MMF16_20,20,3,1,126,126,126,126,4.177055359377846e-07,5.531082152288036e-07,5.097427367983798e-07,5.018983827986823e-07
main,MMF16_20,20,3,1,127,127,127,127,4.176483154871846e-07,5.531082152288036e-07,5.097427367983798e-07,5.018983827986823e-07
main,MMF16_20,20,3,1,128,128,128,128,4.167404175081657e-07,5.531082152288036e-07,5.097427367983798e-07,5.018983827986823e-07
main,MMF16_20,20,3,1,129,129,129,129,4.158325195291468e-07,5.531082152288036e-07,5.097427367983798e-07,5.018983827986823e-07
main,MMF16_20,20,3,1,130,130,130,130,4.145545959843844e-07,5.531082152288036e-07,5.097427367983798e-07,5.018983827986823e-07
main,MMF16_20,20,3,1,131,131,131,131,4.1327667243962196e-07,5.531082152288036e-07,5.097427367983798e-07,5.018983827986823e-07
main,MMF16_20,20,3,1,132,132,132,132,4.145545959843844e-07,5.531082152288036e-07,5.097427367983798e-07,5.018983827986823e-07
main,MMF16_20,20,3,1,133,133,133,133,4.158325195291468e-07,5.531082152288036e-07,5.097427367983798e-07,5.018983827986823e-07
main,MMF16_20,20,3,1,134,134,134,134,4.145545959843844e-07,5.531082152288036e-07,5.097427367983798e-07,5.018983827986823e-07
main,MMF16_20,20,3,1,135,135,135,135,4.158325195291468e-07,5.531082152288036e-07,5.097427367983798e-07,5.018983827986823e-07
main,MMF16_20,20,3,1,136,136,136,136,4.145545959843844e-07,5.531082152288036e-07,5.097427367983798e-07,5.018983827986823e-07
main,MMF16_20,20,3,1,137,137,137,137,4.1327667243962196e-07,5.531082152288036e-07,5.097427367983798e-07,5.018983827986823e-07
main,MMF16_20,20,3,1,138,138,138,138,4.145545959843844e-07,5.531082152288036e-07,5.097427367983798e-07,5.018983827986823e-07
main,MMF16_20,20,3,1,139,139,139,139,4.158325195291468e-07,5.531082152288036e-07,5.097427367983798e-07,5.018983827986823e-07
main,MMF16_20,20,3,1,140,140,140,140,4.145545959843844e-07,5.531082152288036e-07,5.097427367983798e-07,5.018983827986823e-07
main,MMF16_20,20,3,1,141,141,141,141,4.1327667243962196e-07,5.531082152288036e-07,5.097427367983798e-07,5.018983827986823e-07
main,MMF16_20,20,3,1,142,142,142,142,4.145545959843844e-07,5.531082152288036e-07,5.097427367983798e-07,5.018983827986823e-07
main,MMF16_20,20,3,1,143,143,143,143,4.1327667243962196e-07,5.531082152288036e-07,5.097427367983798e-07,5.018983827986823e-07
main,MMF16_20,20,3,1,144,144,144,144,4.145545959843844e-07,5.531082152288036e-07,5.097427367983798e-07,5.018983827986823e-07
main,MMF16_20,20,3,1,145,145,145,145,4.158325195291468e-07,5.531082152288036e-07,5.097427367983798e-07,5.018983827986823e-07
main,MMF16_20,20,3,1,146,146,146,146,4.145545959843844e-07,5.531082152288036e-07,5.097427367983798e-07,5.018983827986823e-07
main,MMF16_20,20,3,1,147,147,147,147,4.1327667243962196e-07,5.531082152288036e-07,5.097427367983798e-07,5.018983827986823e-07
main,MMF16_20,20,3,1,148,148,148,148,4.1317176824318125e-07,5.531082152288036e-07,5.097427367983798e-07,5.018983827986823e-07
main,MMF16_20,20,3,1,149,149,149,149,4.1327667243962196e-07,5.531082152288036e-07,5.097427367983798e-07,5.018983827986823e-07
main,MMF16_20,20,3,1,150,150,150,150,4.145545959843844e-07,5.531082152288036e-07,5.097427367983798e-07,5.018983827986823e-07
main,MMF16_20,20,3,1,151,151,151,151,4.158325195291468e-07,5.531082152288036e-07,5.097427367983798e-07,5.018983827986823e-07
main,MMF16_20,20,3,1,152,152,152,152,4.145545959843844e-07,5.531082152288036e-07,5.097427367983798e-07,5.018983827986823e-07
main,MMF16_20,20,3,1,153,153,153,153,4.156646729036595e-07,5.531082152288036e-07,5.097427367983798e-07,5.018983827986823e-07
main,MMF16_20,20,3,1,154,154,154,154,4.1447067267164073e-07,5.531082152288036e-07,5.097427367983798e-07,5.018983827986823e-07
main,MMF16_20,20,3,1,155,155,155,155,4.1327667243962196e-07,5.531082152288036e-07,5.097427367983798e-07,5.018983827986823e-07
main,MMF16_20,20,3,1,156,156,156,156,4.1447067267164073e-07,5.531082152288036e-07,5.097427367983798e-07,5.018983827986823e-07
main,MMF16_20,20,3,1,157,157,157,157,4.156646729036595e-07,5.531082152288036e-07,5.097427367983798e-07,5.018983827986823e-07
main,MMF16_20,20,3,1,158,158,158,158,4.1447067267164073e-07,5.531082152288036e-07,5.097427367983798e-07,5.018983827986823e-07
main,MMF16_20,20,3,1,159,159,159,159,4.1327667243962196e-07,5.531082152288036e-07,5.097427367983798e-07,5.018983827986823e-07
main,MMF16_20,20,3,1,160,160,160,160,4.1447067267164073e-07,5.531082152288036e-07,5.097427367983798e-07,5.018983827986823e-07
main,MMF16_20,20,3,1,161,161,161,161,4.1327667243962196e-07,5.531082152288036e-07,5.097427367983798e-07,5.018983827986823e-07
main,MMF16_20,20,3,1,162,162,162,162,4.1317176824318125e-07,5.531082152288036e-07,5.097427367983798e-07,5.018983827986823e-07
main,MMF16_20,20,3,1,163,163,163,163,4.1306686404674053e-07,5.531082152288036e-07,5.097427367983798e-07,5.018983827986823e-07
main,MMF16_20,20,3,1,164,164,164,164,4.1304206854775316e-07,5.531082152288036e-07,5.097427367983798e-07,5.018983827986823e-07
main,MMF16_20,20,3,1,165,165,165,165,4.130172730487658e-07,5.531082152288036e-07,5.097427367983798e-07,5.018983827986823e-07
main,MMF16_20,20,3,1,166,166,166,166,4.1293716435131245e-07,5.531082152288036e-07,5.097427367983798e-07,5.018983827986823e-07
main,MMF16_20,20,3,1,167,167,167,167,4.128570556538591e-07,5.531082152288036e-07,5.097427367983798e-07,5.018983827986823e-07
main,MMF16_20,20,3,1,168,168,168,168,4.1179656984358104e-07,5.531082152288036e-07,5.097427367983798e-07,5.018983827986823e-07
main,MMF16_20,20,3,1,169,169,169,169,4.128570556538591e-07,5.531082152288036e-07,5.097427367983798e-07,5.018983827986823e-07
main,MMF16_20,20,3,1,170,170,170,170,4.1179656984358104e-07,5.531082152288036e-07,5.097427367983798e-07,5.018983827986823e-07
main,MMF16_20,20,3,1,171,171,171,171,4.1073608403330297e-07,5.531082152288036e-07,5.097427367983798e-07,5.018983827986823e-07
main,MMF16_20,20,3,1,172,172,172,172,4.1179656984358104e-07,5.531082152288036e-07,5.097427367983798e-07,5.018983827986823e-07
main,MMF16_20,20,3,1,173,173,173,173,4.1073608403330297e-07,5.531082152288036e-07,5.097427367983798e-07,5.018983827986823e-07
main,MMF16_20,20,3,1,174,174,174,174,4.1179656984358104e-07,5.531082152288036e-07,5.097427367983798e-07,5.018983827986823e-07
main,MMF16_20,20,3,1,175,175,175,175,4.1073608403330297e-07,5.531082152288036e-07,5.097427367983798e-07,5.018983827986823e-07
main,MMF16_20,20,3,1,176,176,176,176,4.1045379639559343e-07,5.531082152288036e-07,5.097427367983798e-07,5.018983827986823e-07
main,MMF16_20,20,3,1,177,177,177,177,4.101715087578839e-07,5.531082152288036e-07,5.097427367983798e-07,5.018983827986823e-07
main,MMF16_20,20,3,1,178,178,178,178,4.097366332889152e-07,5.531082152288036e-07,5.097427367983798e-07,5.018983827986823e-07
main,MMF16_20,20,3,1,179,179,179,179,4.101715087578839e-07,5.531082152288036e-07,5.097427367983798e-07,5.018983827986823e-07
main,MMF16_20,20,3,1,180,180,180,180,4.1045379639559343e-07,5.531082152288036e-07,5.097427367983798e-07,5.018983827986823e-07
main,MMF16_20,20,3,1,181,181,181,181,4.101715087578839e-07,5.531082152288036e-07,5.097427367983798e-07,5.018983827986823e-07
main,MMF16_20,20,3,1,182,182,182,182,4.1045379639559343e-07,5.531082152288036e-07,5.097427367983798e-07,5.018983827986823e-07
main,MMF16_20,20,3,1,183,183,183,183,4.101715087578839e-07,5.531082152288036e-07,5.097427367983798e-07,5.018983827986823e-07
main,MMF16_20,20,3,1,184,184,184,184,4.1045379639559343e-07,5.531082152288036e-07,5.097427367983798e-07,5.018983827986823e-07
main,MMF16_20,20,3,1,185,185,185,185,4.101715087578839e-07,5.531082152288036e-07,5.097427367983798e-07,5.018983827986823e-07
main,MMF16_20,20,3,1,186,186,186,186,4.1045379639559343e-07,5.531082152288036e-07,5.097427367983798e-07,5.018983827986823e-07
main,MMF16_20,20,3,1,187,187,187,187,4.101715087578839e-07,5.531082152288036e-07,5.097427367983798e-07,5.018983827986823e-07
main,MMF16_20,20,3,1,188,188,188,188,4.097366332889152e-07,5.531082152288036e-07,5.097427367983798e-07,5.018983827986823e-07
main,MMF16_20,20,3,1,189,189,189,189,4.093017578199465e-07,5.531082152288036e-07,5.097427367983798e-07,5.018983827986823e-07
main,MMF16_20,20,3,1,190,190,190,190,4.0892791752789037e-07,5.531082152288036e-07,5.097427367983798e-07,5.018983827986823e-07
main,MMF16_20,20,3,1,191,191,191,191,4.0855407723583426e-07,5.531082152288036e-07,5.097427367983798e-07,5.018983827986823e-07
main,MMF16_20,20,3,1,192,192,192,192,4.0657424926759944e-07,5.531082152288036e-07,5.097427367983798e-07,5.018983827986823e-07
main,MMF16_20,20,3,1,193,193,193,193,4.0855407723583426e-07,5.531082152288036e-07,5.097427367983798e-07,5.018983827986823e-07
main,MMF16_20,20,3,1,194,194,194,194,4.0657424926759944e-07,5.531082152288036e-07,5.097427367983798e-07,5.018983827986823e-07
main,MMF16_20,20,3,1,195,195,195,195,4.0855407723583426e-07,5.531082152288036e-07,5.097427367983798e-07,5.018983827986823e-07
main,MMF16_20,20,3,1,196,196,196,196,4.0892791752789037e-07,5.531082152288036e-07,5.097427367983798e-07,5.018983827986823e-07
main,MMF16_20,20,3,1,197,197,197,197,4.0855407723583426e-07,5.531082152288036e-07,5.097427367983798e-07,5.018983827986823e-07
main,MMF16_20,20,3,1,198,198,198,198,4.0657424926759944e-07,5.531082152288036e-07,5.097427367983798e-07,5.018983827986823e-07
main,MMF16_20,20,3,1,199,199,199,199,4.045944212993646e-07,5.531082152288036e-07,5.097427367983798e-07,5.018983827986823e-07
main,MMF16_20,20,3,1,200,200,200,200,4.043769835648803e-07,5.531082152288036e-07,5.097427367983798e-07,5.018983827986823e-07
main,MMF16_20,20,3,1,201,201,201,201,4.045944212993646e-07,5.531082152288036e-07,5.097427367983798e-07,5.018983827986823e-07
main,MMF16_20,20,3,1,202,202,202,202,4.043769835648803e-07,5.531082152288036e-07,5.097427367983798e-07,5.018983827986823e-07
main,MMF16_20,20,3,1,203,203,203,203,4.0415954583039593e-07,5.531082152288036e-07,5.097427367983798e-07,5.018983827986823e-07
main,MMF16_20,20,3,1,204,204,204,204,4.017372130515895e-07,5.531082152288036e-07,5.097427367983798e-07,5.018983827986823e-07
main,MMF16_20,20,3,1,205,205,205,205,4.0415954583039593e-07,5.531082152288036e-07,5.097427367983798e-07,5.018983827986823e-07
main,MMF16_20,20,3,1,206,206,206,206,4.017372130515895e-07,5.531082152288036e-07,5.097427367983798e-07,5.018983827986823e-07
main,MMF16_20,20,3,1,207,207,207,207,4.0415954583039593e-07,5.531082152288036e-07,5.097427367983798e-07,5.018983827986823e-07
main,MMF16_20,20,3,1,208,208,208,208,4.043769835648803e-07,5.531082152288036e-07,5.097427367983798e-07,5.018983827986823e-07
main,MMF16_20,20,3,1,209,209,209,209,4.0415954583039593e-07,5.531082152288036e-07,5.097427367983798e-07,5.018983827986823e-07
main,MMF16_20,20,3,1,210,210,210,210,4.043769835648803e-07,5.531082152288036e-07,5.097427367983798e-07,5.018983827986823e-07
main,MMF16_20,20,3,1,211,211,211,211,4.0415954583039593e-07,5.531082152288036e-07,5.097427367983798e-07,5.018983827986823e-07
main,MMF16_20,20,3,1,212,212,212,212,4.035758971454584e-07,5.531082152288036e-07,5.097427367983798e-07,5.018983827986823e-07
main,MMF16_20,20,3,1,213,213,213,213,4.0415954583039593e-07,5.531082152288036e-07,5.097427367983798e-07,5.018983827986823e-07
main,MMF16_20,20,3,1,214,214,214,214,4.035758971454584e-07,5.531082152288036e-07,5.097427367983798e-07,5.018983827986823e-07
main,MMF16_20,20,3,1,215,215,215,215,4.0415954583039593e-07,5.531082152288036e-07,5.097427367983798e-07,5.018983827986823e-07
main,MMF16_20,20,3,1,216,216,216,216,4.035758971454584e-07,5.531082152288036e-07,5.097427367983798e-07,5.018983827986823e-07
main,MMF16_20,20,3,1,217,217,217,217,4.0415954583039593e-07,5.531082152288036e-07,5.097427367983798e-07,5.018983827986823e-07
main,MMF16_20,20,3,1,218,218,218,218,4.043769835648803e-07,5.531082152288036e-07,5.097427367983798e-07,5.018983827986823e-07
main,MMF16_20,20,3,1,219,219,219,219,4.045944212993646e-07,5.531082152288036e-07,5.097427367983798e-07,5.018983827986823e-07
main,MMF16_20,20,3,1,220,220,220,220,4.043769835648803e-07,5.531082152288036e-07,5.097427367983798e-07,5.018983827986823e-07
main,MMF16_20,20,3,1,221,221,221,221,4.0415954583039593e-07,5.531082152288036e-07,5.097427367983798e-07,5.018983827986823e-07
main,MMF16_20,20,3,1,222,222,222,222,4.043769835648803e-07,5.531082152288036e-07,5.097427367983798e-07,5.018983827986823e-07
main,MMF16_20,20,3,1,223,223,223,223,4.0415954583039593e-07,5.531082152288036e-07,5.097427367983798e-07,5.018983827986823e-07
main,MMF16_20,20,3,1,224,224,224,224,4.035758971454584e-07,5.531082152288036e-07,5.097427367983798e-07,5.018983827986823e-07
main,MMF16_20,20,3,1,225,225,225,225,4.0299224846052084e-07,5.531082152288036e-07,5.097427367983798e-07,5.018983827986823e-07
main,MMF16_20,20,3,1,226,226,226,226,4.024906157806818e-07,5.531082152288036e-07,5.097427367983798e-07,5.018983827986823e-07
main,MMF16_20,20,3,1,227,227,227,227,4.0198898310084274e-07,5.531082152288036e-07,5.097427367983798e-07,5.018983827986823e-07
main,MMF16_20,20,3,1,228,228,228,228,4.024906157806818e-07,5.531082152288036e-07,5.097427367983798e-07,5.018983827986823e-07
main,MMF16_20,20,3,1,229,229,229,229,4.0299224846052084e-07,5.531082152288036e-07,5.097427367983798e-07,5.018983827986823e-07
main,MMF16_20,20,3,1,230,230,230,230,4.024906157806818e-07,5.531082152288036e-07,5.097427367983798e-07,5.018983827986823e-07
main,MMF16_20,20,3,1,231,231,231,231,4.0299224846052084e-07,5.531082152288036e-07,5.097427367983798e-07,5.018983827986823e-07
main,MMF16_20,20,3,1,232,232,232,232,4.024906157806818e-07,5.531082152288036e-07,5.097427367983798e-07,5.018983827986823e-07
main,MMF16_20,20,3,1,233,233,233,233,4.0198898310084274e-07,5.531082152288036e-07,5.097427367983798e-07,5.018983827986823e-07
main,MMF16_20,20,3,1,234,234,234,234,4.006519316868129e-07,5.531082152288036e-07,5.097427367983798e-07,5.018983827986823e-07
main,MMF16_20,20,3,1,235,235,235,235,4.0198898310084274e-07,5.531082152288036e-07,5.097427367983798e-07,5.018983827986823e-07
main,MMF16_20,20,3,1,236,236,236,236,4.024906157806818e-07,5.531082152288036e-07,5.097427367983798e-07,5.018983827986823e-07
main,MMF16_20,20,3,1,237,237,237,237,4.0198898310084274e-07,5.531082152288036e-07,5.097427367983798e-07,5.018983827986823e-07
main,MMF16_20,20,3,1,238,238,238,238,4.006519316868129e-07,5.531082152288036e-07,5.097427367983798e-07,5.018983827986823e-07
main,MMF16_20,20,3,1,239,239,239,239,3.9931488027278306e-07,5.531082152288036e-07,5.097427367983798e-07,5.018983827986823e-07
main,MMF16_20,20,3,1,240,240,240,240,4.006519316868129e-07,5.531082152288036e-07,5.097427367983798e-07,5.018983827986823e-07
main,MMF16_20,20,3,1,241,241,241,241,3.9931488027278306e-07,5.531082152288036e-07,5.132484436343177e-07,5.018983827986823e-07
main,MMF16_20,20,3,1,242,242,242,242,4.006519316868129e-07,5.531082152288036e-07,5.132484436343177e-07,5.018983827986823e-07
main,MMF16_20,20,3,1,243,243,243,243,3.9931488027278306e-07,5.531082152288036e-07,5.132484436343177e-07,5.018983827986823e-07
main,MMF16_20,20,3,1,244,244,244,244,4.006519316868129e-07,5.531082152288036e-07,5.132484436343177e-07,5.018983827986823e-07
main,MMF16_20,20,3,1,245,245,245,245,4.0198898310084274e-07,5.531082152288036e-07,5.132484436343177e-07,5.018983827986823e-07
main,MMF16_20,20,3,1,246,246,246,246,4.006519316868129e-07,5.531082152288036e-07,5.132484436343177e-07,5.018983827986823e-07
main,MMF16_20,20,3,1,247,247,247,247,4.0198898310084274e-07,5.531082152288036e-07,5.132484436343177e-07,5.018983827986823e-07
main,MMF16_20,20,3,1,248,248,248,248,4.0211296076231307e-07,5.531082152288036e-07,5.132484436343177e-07,5.018983827986823e-07
main,MMF16_20,20,3,1,249,249,249,249,4.022369384237834e-07,5.942230223432432e-07,5.132484436343177e-07,5.018983827986823e-07
main,MMF16_20,20,3,1,250,250,250,250,4.0211296076231307e-07,5.942230223432432e-07,5.132484436343177e-07,5.018983827986823e-07
main,MMF16_20,20,3,1,251,251,251,251,4.022369384237834e-07,5.942230223432432e-07,5.132484436343177e-07,5.018983827986823e-07
main,MMF16_20,20,3,1,252,252,252,252,4.0211296076231307e-07,5.942230223432432e-07,5.132484436343177e-07,5.018983827986823e-07
main,MMF16_20,20,3,1,253,253,253,253,4.022369384237834e-07,5.942230223432432e-07,5.132484436343177e-07,5.018983827986823e-07
main,MMF16_20,20,3,1,254,254,254,254,4.026145934421521e-07,5.942230223432432e-07,5.132484436343177e-07,5.018983827986823e-07
main,MMF16_20,20,3,1,255,255,255,255,4.0299224846052084e-07,5.942230223432432e-07,5.132484436343177e-07,5.018983827986823e-07
main,MMF16_20,20,3,1,256,256,256,256,4.026145934421521e-07,5.942230223432432e-07,5.132484436343177e-07,5.018983827986823e-07
main,MMF16_20,20,3,1,257,257,257,257,4.022369384237834e-07,5.942230223432432e-07,5.132484436343177e-07,5.018983827986823e-07
main,MMF16_20,20,3,1,258,258,258,258,4.026145934421521e-07,5.942230223432432e-07,5.132484436343177e-07,5.018983827986823e-07
main,MMF16_20,20,3,1,259,259,259,259,4.022369384237834e-07,5.942230223432432e-07,5.132484436343177e-07,5.018983827986823e-07
main,MMF16_20,20,3,1,260,260,260,260,4.0211296076231307e-07,5.942230223432432e-07,5.132484436343177e-07,5.018983827986823e-07
main,MMF16_20,20,3,1,261,261,261,261,4.0198898310084274e-07,5.942230223432432e-07,5.132484436343177e-07,5.018983827986823e-07
main,MMF16_20,20,3,1,262,262,262,262,4.0211296076231307e-07,5.942230223432432e-07,5.132484436343177e-07,5.018983827986823e-07
main,MMF16_20,20,3,1,263,263,263,263,4.0198898310084274e-07,5.942230223432432e-07,5.132484436343177e-07,5.018983827986823e-07
main,MMF16_20,20,3,1,264,264,264,264,4.0211296076231307e-07,5.942230223432432e-07,5.132484436343177e-07,5.018983827986823e-07
main,MMF16_20,20,3,1,265,265,265,265,4.0198898310084274e-07,5.942230223432432e-07,5.132484436343177e-07,5.018983827986823e-07
main,MMF16_20,20,3,1,266,266,266,266,4.006519316868129e-07,5.942230223432432e-07,5.132484436343177e-07,5.141871994851499e-07
main,MMF16_20,20,3,1,267,267,267,267,3.9931488027278306e-07,5.942230223432432e-07,5.132484436343177e-07,5.141871994851499e-07
main,MMF16_20,20,3,1,268,268,268,268,4.006519316868129e-07,5.942230223432432e-07,5.132484436343177e-07,5.141871994851499e-07
main,MMF16_20,20,3,1,269,269,269,269,4.0198898310084274e-07,5.942230223432432e-07,5.132484436343177e-07,5.141871994851499e-07
main,MMF16_20,20,3,1,270,270,270,270,4.006519316868129e-07,5.942230223432432e-07,5.132484436343177e-07,5.141871994851499e-07
main,MMF16_20,20,3,1,271,271,271,271,3.9931488027278306e-07,5.942230223432432e-07,5.132484436343177e-07,5.141871994851499e-07
main,MMF16_20,20,3,1,272,272,272,272,3.9914703364729576e-07,5.942230223432432e-07,5.132484436343177e-07,5.141871994851499e-07
main,MMF16_20,20,3,1,273,273,273,273,3.9931488027278306e-07,5.942230223432432e-07,5.132484436343177e-07,5.141871994851499e-07
main,MMF16_20,20,3,1,274,274,274,274,3.9914703364729576e-07,5.942230223432432e-07,5.132484436343177e-07,5.141871994851499e-07
main,MMF16_20,20,3,1,275,275,275,275,3.9897918702180846e-07,5.942230223432432e-07,5.132484436343177e-07,5.141871994851499e-07
main,MMF16_20,20,3,1,276,276,276,276,3.982849121619836e-07,5.942230223432432e-07,5.132484436343177e-07,5.141871994851499e-07
main,MMF16_20,20,3,1,277,277,277,277,3.975906373021587e-07,5.942230223432432e-07,5.132484436343177e-07,5.141871994851499e-07
main,MMF16_20,20,3,1,278,278,278,278,3.982849121619836e-07,5.942230223432432e-07,5.132484436343177e-07,5.141871994851499e-07
main,MMF16_20,20,3,1,279,279,279,279,3.975906373021587e-07,5.942230223432432e-07,5.132484436343177e-07,5.141871994851499e-07
main,MMF16_20,20,3,1,280,280,280,280,3.9662551887253983e-07,5.942230223432432e-07,5.132484436343177e-07,5.141871994851499e-07
main,MMF16_20,20,3,1,281,281,281,281,3.975906373021587e-07,5.942230223432432e-07,5.132484436343177e-07,5.141871994851499e-07
main,MMF16_20,20,3,1,282,282,282,282,3.982849121619836e-07,5.942230223432432e-07,5.132484436343177e-07,5.141871994851499e-07
main,MMF16_20,20,3,1,283,283,283,283,3.975906373021587e-07,5.942230223432432e-07,5.132484436343177e-07,5.141871994851499e-07
main,MMF16_20,20,3,1,284,284,284,284,3.982849121619836e-07,5.942230223432432e-07,5.132484436343177e-07,5.141871994851499e-07
main,MMF16_20,20,3,1,285,285,285,285,3.975906373021587e-07,5.942230223432432e-07,5.132484436343177e-07,5.141871994851499e-07
main,MMF16_20,20,3,1,286,286,286,286,3.982849121619836e-07,5.942230223432432e-07,5.132484436343177e-07,5.141871994851499e-07
main,MMF16_20,20,3,1,287,287,287,287,3.975906373021587e-07,5.942230223432432e-07,5.132484436343177e-07,5.141871994851499e-07
main,MMF16_20,20,3,1,288,288,288,288,3.9662551887253983e-07,5.942230223432432e-07,5.132484436343177e-07,5.141871994851499e-07
main,MMF16_20,20,3,1,289,289,289,289,3.975906373021587e-07,5.942230223432432e-07,5.132484436343177e-07,5.141871994851499e-07
main,MMF16_20,20,3,1,290,290,290,290,3.982849121619836e-07,5.942230223432432e-07,5.132484436343177e-07,5.141871994851499e-07
main,MMF16_20,20,3,1,291,291,291,291,3.9897918702180846e-07,5.942230223432432e-07,5.132484436343177e-07,5.141871994851499e-07
main,MMF16_20,20,3,1,292,292,292,292,3.9914703364729576e-07,5.942230223432432e-07,5.132484436343177e-07,5.141871994851499e-07
main,MMF16_20,20,3,1,293,293,293,293,3.9897918702180846e-07,5.942230223432432e-07,5.132484436343177e-07,5.141871994851499e-07
main,MMF16_20,20,3,1,294,294,294,294,3.9914703364729576e-07,5.942230223432432e-07,5.132484436343177e-07,5.141871994851499e-07
main,MMF16_20,20,3,1,295,295,295,295,3.9931488027278306e-07,5.942230223432432e-07,5.132484436343177e-07,5.141871994851499e-07
main,MMF16_20,20,3,1,296,296,296,296,4.006519316868129e-07,5.942230223432432e-07,5.132484436343177e-07,5.141871994851499e-07
main,MMF16_20,20,3,1,297,297,297,297,3.9931488027278306e-07,5.942230223432432e-07,5.132484436343177e-07,5.141871994851499e-07
main,MMF16_20,20,3,1,298,298,298,298,4.006519316868129e-07,5.942230223432432e-07,5.132484436343177e-07,5.141871994851499e-07
main,MMF16_20,20,3,1,299,299,299,299,4.0198898310084274e-07,5.942230223432432e-07,5.132484436343177e-07,5.141871994851499e-07
main,MMF16_20,20,3,1,300,300,300,300,4.006519316868129e-07,5.942230223432432e-07,5.132484436343177e-07,5.141871994851499e-07
main,MMF16_20,20,3,1,301,301,301,301,4.0198898310084274e-07,5.942230223432432e-07,5.132484436343177e-07,5.141871994851499e-07
main,MMF16_20,20,3,1,302,302,302,302,4.0211296076231307e-07,5.942230223432432e-07,5.132484436343177e-07,5.141871994851499e-07
main,MMF16_20,20,3,1,303,303,303,303,4.022369384237834e-07,5.942230223432432e-07,5.132484436343177e-07,5.141871994851499e-07
main,MMF16_20,20,3,1,304,304,304,304,4.026145934421521e-07,5.942230223432432e-07,5.132484436343177e-07,5.141871994851499e-07
main,MMF16_20,20,3,1,305,305,305,305,4.022369384237834e-07,5.942230223432432e-07,5.132484436343177e-07,5.141871994851499e-07
main,MMF16_20,20,3,1,306,306,306,306,4.0211296076231307e-07,5.942230223432432e-07,5.132484436343177e-07,5.141871994851499e-07
main,MMF16_20,20,3,1,307,307,307,307,4.022369384237834e-07,5.942230223432432e-07,5.132484436343177e-07,5.141871994851499e-07
main,MMF16_20,20,3,1,308,308,308,308,4.026145934421521e-07,5.942230223432432e-07,5.132484436343177e-07,5.141871994851499e-07
main,MMF16_20,20,3,1,309,309,309,309,4.0299224846052084e-07,5.942230223432432e-07,5.132484436343177e-07,5.141871994851499e-07
main,MMF16_20,20,3,1,310,310,310,310,4.026145934421521e-07,5.942230223432432e-07,5.132484436343177e-07,5.141871994851499e-07
main,MMF16_20,20,3,1,311,311,311,311,4.022369384237834e-07,5.942230223432432e-07,5.132484436343177e-07,5.141871994851499e-07
main,MMF16_20,20,3,1,312,312,312,312,4.0211296076231307e-07,5.942230223432432e-07,5.132484436343177e-07,5.141871994851499e-07
main,MMF16_20,20,3,1,313,313,313,313,4.022369384237834e-07,5.942230223432432e-07,5.132484436343177e-07,5.141871994851499e-07
main,MMF16_20,20,3,1,314,314,314,314,4.0211296076231307e-07,5.942230223432432e-07,5.132484436343177e-07,5.141871994851499e-07
main,MMF16_20,20,3,1,315,315,315,315,4.022369384237834e-07,5.942230223432432e-07,5.132484436343177e-07,5.141871994851499e-07
main,MMF16_20,20,3,1,316,316,316,316,4.026145934421521e-07,5.942230223432432e-07,5.132484436343177e-07,5.141871994851499e-07
main,MMF16_20,20,3,1,317,317,317,317,4.022369384237834e-07,5.942230223432432e-07,5.132484436343177e-07,5.141871994851499e-07
main,MMF16_20,20,3,1,318,318,318,318,4.0211296076231307e-07,5.942230223432432e-07,5.132484436343177e-07,5.141871994851499e-07
main,MMF16_20,20,3,1,319,319,319,319,4.0198898310084274e-07,5.942230223432432e-07,5.132484436343177e-07,5.141871994851499e-07
main,MMF16_20,20,3,1,320,320,320,320,4.006519316868129e-07,5.942230223432432e-07,5.132484436343177e-07,5.141871994851499e-07
main,MMF16_20,20,3,1,321,321,321,321,4.0198898310084274e-07,5.942230223432432e-07,5.132484436343177e-07,5.141871994851499e-07
main,MMF16_20,20,3,1,322,322,322,322,4.0211296076231307e-07,5.942230223432432e-07,5.132484436343177e-07,5.141871994851499e-07
main,MMF16_20,20,3,1,323,323,323,323,4.0198898310084274e-07,5.942230223432432e-07,5.132484436343177e-07,5.141871994851499e-07
main,MMF16_20,20,3,1,324,324,324,324,4.0211296076231307e-07,5.942230223432432e-07,5.132484436343177e-07,5.141871994851499e-07
main,MMF16_20,20,3,1,325,325,325,325,4.0198898310084274e-07,5.942230223432432e-07,5.132484436343177e-07,5.141871994851499e-07
main,MMF16_20,20,3,1,326,326,326,326,4.0211296076231307e-07,5.942230223432432e-07,5.132484436343177e-07,5.141871994851499e-07
main,MMF16_20,20,3,1,327,327,327,327,4.0198898310084274e-07,5.942230223432432e-07,5.132484436343177e-07,5.141871994851499e-07
main,MMF16_20,20,3,1,328,328,328,328,4.0211296076231307e-07,5.942230223432432e-07,5.132484436343177e-07,5.141871994851499e-07
main,MMF16_20,20,3,1,329,329,329,329,4.0198898310084274e-07,5.942230223432432e-07,5.132484436343177e-07,5.141871994851499e-07
main,MMF16_20,20,3,1,330,330,330,330,4.006519316868129e-07,5.942230223432432e-07,5.132484436343177e-07,5.141871994851499e-07
main,MMF16_20,20,3,1,331,331,331,331,4.0198898310084274e-07,5.942230223432432e-07,5.132484436343177e-07,5.141871994851499e-07
main,MMF16_20,20,3,1,332,332,332,332,4.0211296076231307e-07,5.942230223432432e-07,5.132484436343177e-07,5.141871994851499e-07
main,MMF16_20,20,3,1,333,333,333,333,4.0198898310084274e-07,5.942230223432432e-07,5.132484436343177e-07,5.141871994851499e-07
main,MMF16_20,20,3,1,334,334,334,334,4.0211296076231307e-07,5.942230223432432e-07,5.132484436343177e-07,5.141871994851499e-07
main,MMF16_20,20,3,1,335,335,335,335,4.0198898310084274e-07,5.942230223432432e-07,5.132484436343177e-07,5.141871994851499e-07
main,MMF16_20,20,3,1,336,336,336,336,4.0211296076231307e-07,5.942230223432432e-07,5.132484436343177e-07,5.141871994851499e-07
main,MMF16_20,20,3,1,337,337,337,337,4.022369384237834e-07,5.942230223432432e-07,5.132484436343177e-07,5.141871994851499e-07
main,MMF16_20,20,3,1,338,338,338,338,4.026145934421521e-07,5.942230223432432e-07,5.132484436343177e-07,5.141871994851499e-07
main,MMF16_20,20,3,1,339,339,339,339,4.022369384237834e-07,5.942230223432432e-07,5.132484436343177e-07,5.141871994851499e-07
main,MMF16_20,20,3,1,340,340,340,340,4.026145934421521e-07,5.942230223432432e-07,5.132484436343177e-07,5.141871994851499e-07
main,MMF16_20,20,3,1,341,341,341,341,4.0299224846052084e-07,5.942230223432432e-07,5.132484436343177e-07,5.141871994851499e-07
main,MMF16_20,20,3,1,342,342,342,342,4.034538267916332e-07,5.942230223432432e-07,5.132484436343177e-07,5.141871994851499e-07
main,MMF16_20,20,3,1,343,343,343,343,4.039154051227456e-07,5.942230223432432e-07,5.132484436343177e-07,5.141871994851499e-07
main,MMF16_20,20,3,1,344,344,344,344,4.034538267916332e-07,5.942230223432432e-07,5.132484436343177e-07,5.141871994851499e-07
main,MMF16_20,20,3,1,345,345,345,345,4.0299224846052084e-07,5.942230223432432e-07,5.132484436343177e-07,5.141871994851499e-07
main,MMF16_20,20,3,1,346,346,346,346,4.034538267916332e-07,5.942230223432432e-07,5.132484436343177e-07,5.141871994851499e-07
main,MMF16_20,20,3,1,347,347,347,347,4.0299224846052084e-07,5.942230223432432e-07,5.132484436343177e-07,5.141871994851499e-07
main,MMF16_20,20,3,1,348,348,348,348,4.026145934421521e-07,5.942230223432432e-07,5.132484436343177e-07,5.141871994851499e-07
main,MMF16_20,20,3,1,349,349,349,349,4.0299224846052084e-07,5.942230223432432e-07,5.132484436343177e-07,5.141871994851499e-07
main,MMF16_20,20,3,1,350,350,350,350,4.034538267916332e-07,5.942230223432432e-07,5.132484436343177e-07,5.141871994851499e-07
main,MMF16_20,20,3,1,351,351,351,351,4.0299224846052084e-07,5.942230223432432e-07,5.132484436343177e-07,5.141871994851499e-07
main,MMF16_20,20,3,1,352,352,352,352,4.026145934421521e-07,5.942230223432432e-07,5.132484436343177e-07,5.141871994851499e-07
main,MMF16_20,20,3,1,353,353,353,353,4.022369384237834e-07,5.942230223432432e-07,5.132484436343177e-07,5.141871994851499e-07
main,MMF16_20,20,3,1,354,354,354,354,4.026145934421521e-07,5.942230223432432e-07,5.132484436343177e-07,5.141871994851499e-07
main,MMF16_20,20,3,1,355,355,355,355,4.022369384237834e-07,5.942230223432432e-07,5.132484436343177e-07,5.141871994851499e-07
main,MMF16_20,20,3,1,356,356,356,356,4.026145934421521e-07,5.942230223432432e-07,5.132484436343177e-07,5.141871994851499e-07
main,MMF16_20,20,3,1,357,357,357,357,4.0299224846052084e-07,5.942230223432432e-07,5.132484436343177e-07,5.141871994851499e-07
main,MMF16_20,20,3,1,358,358,358,358,4.026145934421521e-07,5.942230223432432e-07,5.132484436343177e-07,5.141871994851499e-07
main,MMF16_20,20,3,1,359,359,359,359,4.0299224846052084e-07,5.942230223432432e-07,5.132484436343177e-07,5.141871994851499e-07
main,MMF16_20,20,3,1,360,360,360,360,4.026145934421521e-07,5.942230223432432e-07,5.132484436343177e-07,5.141871994851499e-07
main,MMF16_20,20,3,1,361,361,361,361,4.022369384237834e-07,5.942230223432432e-07,5.132484436343177e-07,5.141871994851499e-07
main,MMF16_20,20,3,1,362,362,362,362,4.0211296076231307e-07,5.942230223432432e-07,5.132484436343177e-07,5.141871994851499e-07
main,MMF16_20,20,3,1,363,363,363,363,4.0198898310084274e-07,5.942230223432432e-07,5.132484436343177e-07,5.141871994851499e-07
main,MMF16_20,20,3,1,364,364,364,364,4.0211296076231307e-07,5.942230223432432e-07,5.132484436343177e-07,5.141871994851499e-07
main,MMF16_20,20,3,1,365,365,365,365,4.0198898310084274e-07,5.942230223432432e-07,5.132484436343177e-07,5.141871994851499e-07
main,MMF16_20,20,3,1,366,366,366,366,4.0211296076231307e-07,5.942230223432432e-07,5.132484436343177e-07,5.141871994851499e-07
main,MMF16_20,20,3,1,367,367,367,367,4.022369384237834e-07,5.942230223432432e-07,5.132484436343177e-07,5.141871994851499e-07
main,MMF16_20,20,3,1,368,368,368,368,4.026145934421521e-07,5.942230223432432e-07,5.132484436343177e-07,5.141871994851499e-07
main,MMF16_20,20,3,1,369,369,369,369,4.022369384237834e-07,5.942230223432432e-07,5.132484436343177e-07,5.141871994851499e-07
main,MMF16_20,20,3,1,370,370,370,370,4.0211296076231307e-07,5.942230223432432e-07,5.132484436343177e-07,5.141871994851499e-07
main,MMF16_20,20,3,1,371,371,371,371,4.022369384237834e-07,5.942230223432432e-07,5.132484436343177e-07,5.141871994851499e-07
main,MMF16_20,20,3,1,372,372,372,372,4.026145934421521e-07,5.942230223432432e-07,5.132484436343177e-07,5.141871994851499e-07
main,MMF16_20,20,3,1,373,373,373,373,4.0299224846052084e-07,5.942230223432432e-07,5.132484436343177e-07,5.141871994851499e-07
main,MMF16_20,20,3,1,374,374,374,374,4.034538267916332e-07,5.942230223432432e-07,5.132484436343177e-07,5.141871994851499e-07
main,MMF16_20,20,3,1,375,375,375,375,4.039154051227456e-07,5.942230223432432e-07,5.132484436343177e-07,5.141871994851499e-07
main,MMF16_20,20,3,1,376,376,376,376,4.0403747547657076e-07,5.942230223432432e-07,5.132484436343177e-07,5.141871994851499e-07
main,MMF16_20,20,3,1,377,377,377,377,4.039154051227456e-07,5.942230223432432e-07,5.132484436343177e-07,5.141871994851499e-07
main,MMF16_20,20,3,1,378,378,378,378,4.034538267916332e-07,5.942230223432432e-07,5.132484436343177e-07,5.141871994851499e-07
main,MMF16_20,20,3,1,379,379,379,379,4.039154051227456e-07,5.942230223432432e-07,5.132484436343177e-07,5.141871994851499e-07
main,MMF16_20,20,3,1,380,380,380,380,4.034538267916332e-07,5.942230223432432e-07,5.132484436343177e-07,5.141871994851499e-07
main,MMF16_20,20,3,1,381,381,381,381,4.039154051227456e-07,5.942230223432432e-07,5.132484436343177e-07,5.141871994851499e-07
main,MMF16_20,20,3,1,382,382,382,382,4.034538267916332e-07,5.942230223432432e-07,5.132484436343177e-07,5.141871994851499e-07
main,MMF16_20,20,3,1,383,383,383,383,4.039154051227456e-07,5.942230223432432e-07,5.132484436343177e-07,5.141871994851499e-07
main,MMF16_20,20,3,1,384,384,384,384,4.034538267916332e-07,5.942230223432432e-07,5.132484436343177e-07,5.141871994851499e-07
main,MMF16_20,20,3,1,385,385,385,385,4.039154051227456e-07,5.942230223432432e-07,5.132484436343177e-07,5.141871994851499e-07
main,MMF16_20,20,3,1,386,386,386,386,4.0403747547657076e-07,5.942230223432432e-07,5.132484436343177e-07,5.141871994851499e-07
main,MMF16_20,20,3,1,387,387,387,387,4.039154051227456e-07,5.942230223432432e-07,5.132484436343177e-07,5.141871994851499e-07
main,MMF16_20,20,3,1,388,388,388,388,4.0403747547657076e-07,5.942230223432432e-07,5.132484436343177e-07,5.141871994851499e-07
main,MMF16_20,20,3,1,389,389,389,389,4.0415954583039593e-07,5.942230223432432e-07,5.132484436343177e-07,5.141871994851499e-07
main,MMF16_20,20,3,1,390,390,390,390,4.0403747547657076e-07,5.942230223432432e-07,5.132484436343177e-07,5.141871994851499e-07
main,MMF16_20,20,3,1,391,391,391,391,4.039154051227456e-07,5.942230223432432e-07,5.132484436343177e-07,5.141871994851499e-07
main,MMF16_20,20,3,1,392,392,392,392,4.0403747547657076e-07,5.942230223432432e-07,5.132484436343177e-07,5.141871994851499e-07
main,MMF16_20,20,3,1,393,393,393,393,4.039154051227456e-07,5.942230223432432e-07,5.132484436343177e-07,5.141871994851499e-07
main,MMF16_20,20,3,1,394,394,394,394,4.034538267916332e-07,5.942230223432432e-07,5.132484436343177e-07,5.141871994851499e-07
main,MMF16_20,20,3,1,395,395,395,395,4.0299224846052084e-07,5.942230223432432e-07,5.132484436343177e-07,5.141871994851499e-07
main,MMF16_20,20,3,1,396,396,396,396,4.034538267916332e-07,5.942230223432432e-07,5.132484436343177e-07,5.141871994851499e-07
main,MMF16_20,20,3,1,397,397,397,397,4.0299224846052084e-07,5.942230223432432e-07,5.132484436343177e-07,5.141871994851499e-07
main,MMF16_20,20,3,1,398,398,398,398,4.028587340942913e-07,5.942230223432432e-07,5.132484436343177e-07,5.141871994851499e-07
main,MMF16_20,20,3,1,399,399,399,399,4.0272521972806175e-07,5.942230223432432e-07,5.132484436343177e-07,5.141871994851499e-07
main,MMF16_20,20,3,1,400,400,400,400,4.028587340942913e-07,5.942230223432432e-07,5.132484436343177e-07,5.141871994851499e-07
main,MMF4,2,2,1,1,1,1,1,4.5418548588749275e-07,4.5418548588749275e-07,1.257245540627061e-07,1.6644951409804792e-07
main,MMF4,2,2,1,2,2,2,2,4.23629760715194e-07,4.5418548588749275e-07,3.488205075272144e-07,2.7440111236530507e-07
main,MMF4,2,2,1,3,3,3,3,3.930740355428952e-07,4.5418548588749275e-07,3.488205075272144e-07,2.8451850695582204e-07
main,MMF4,2,2,1,4,4,4,4,3.302516936587452e-07,4.5418548588749275e-07,3.652873039258764e-07,2.8451850695582204e-07
main,MMF4,2,2,1,5,5,5,5,3.879089356395582e-07,4.5418548588749275e-07,3.652873039258764e-07,2.8451850695582204e-07
main,MMF4,2,2,1,6,6,6,6,3.2766914370707667e-07,4.5418548588749275e-07,3.652873039258764e-07,2.8451850695582204e-07
main,MMF4,2,2,1,7,7,7,7,2.6742935177459515e-07,4.5418548588749275e-07,4.993762970084692e-07,4.915036390940042e-07
main,MMF4,2,2,1,8,8,8,8,2.645320892336045e-07,4.5418548588749275e-07,4.993762970084692e-07,4.915036390940042e-07
main,MMF4,2,2,1,9,9,9,9,2.6742935177459515e-07,4.5418548588749275e-07,4.993762970084692e-07,4.915036390940042e-07
main,MMF4,2,2,1,10,10,10,10,3.023910522537143e-07,4.5418548588749275e-07,4.993762970084692e-07,4.915036390940042e-07
main,MMF4,2,2,1,11,11,11,11,2.6742935177459515e-07,4.5418548588749275e-07,4.993762970084692e-07,4.915036390940042e-07
main,MMF4,2,2,1,12,12,12,12,3.023910522537143e-07,4.862365723390383e-07,4.993762970084692e-07,4.915036390940042e-07
main,MMF4,2,2,1,13,13,13,13,3.373527527328335e-07,4.862365723390383e-07,4.993762970084692e-07,4.915036390940042e-07
main,MMF4,2,2,1,14,14,14,14,3.365993500037412e-07,4.862365723390383e-07,4.993762970084692e-07,4.915036390940042e-07
main,MMF4,2,2,1,15,15,15,15,3.373527527328335e-07,4.862365723390383e-07,4.993762970084692e-07,4.915036390940042e-07
main,MMF4,2,2,1,16,16,16,16,3.365993500037412e-07,4.862365723390383e-07,4.993762970084692e-07,4.915036390940042e-07
main,MMF4,2,2,1,17,17,17,17,3.358459472746489e-07,4.862365723390383e-07,4.993762970084692e-07,4.915036390940042e-07
main,MMF4,2,2,1,18,18,18,18,3.365993500037412e-07,4.922599792234195e-07,4.993762970084692e-07,4.915036390940042e-07
main,MMF4,2,2,1,19,19,19,19,3.358459472746489e-07,4.922599792234195e-07,4.993762970084692e-07,4.915036390940042e-07
main,MMF4,2,2,1,20,20,20,20,3.122825622536851e-07,4.922599792234195e-07,4.993762970084692e-07,4.915036390940042e-07
main,MMF4,2,2,1,21,21,21,21,2.8871917723272134e-07,4.922599792234195e-07,4.993762970084692e-07,4.915036390940042e-07
main,MMF4,2,2,1,22,22,22,22,3.122825622536851e-07,4.922599792234195e-07,4.993762970084692e-07,4.915036390940042e-07
main,MMF4,2,2,1,23,23,23,23,3.358459472746489e-07,4.922599792234195e-07,4.993762970084692e-07,4.915036390940042e-07
main,MMF4,2,2,1,24,24,24,24,3.365993500037412e-07,4.922599792234195e-07,4.993762970084692e-07,4.915036390940042e-07
main,MMF4,2,2,1,25,25,25,25,3.358459472746489e-07,4.922599792234195e-07,4.993762970084692e-07,4.915036390940042e-07
main,MMF4,2,2,1,26,26,26,26,3.3296775819868785e-07,4.922599792234195e-07,4.993762970084692e-07,4.915036390940042e-07
main,MMF4,2,2,1,27,27,27,27,3.358459472746489e-07,4.922599792234195e-07,4.993762970084692e-07,4.915036390940042e-07
main,MMF4,2,2,1,28,28,28,28,3.3296775819868785e-07,4.922599792234195e-07,4.993762970084692e-07,4.915036390940042e-07
main,MMF4,2,2,1,29,29,29,29,3.300895691227268e-07,4.922599792234195e-07,4.993762970084692e-07,4.915036390940042e-07
main,MMF4,2,2,1,30,30,30,30,3.3296775819868785e-07,4.922599792234195e-07,4.993762970084692e-07,4.915036390940042e-07
main,MMF4,2,2,1,31,31,31,31,3.358459472746489e-07,4.922599792234195e-07,4.993762970084692e-07,4.915036390940042e-07
main,MMF4,2,2,1,32,32,32,32,3.365993500037412e-07,4.922599792234195e-07,4.993762970084692e-07,4.915036390940042e-07
main,MMF4,2,2,1,33,33,33,33,3.373527527328335e-07,4.922599792234195e-07,4.993762970084692e-07,4.915036390940042e-07
main,MMF4,2,2,1,34,34,34,34,3.365993500037412e-07,4.922599792234195e-07,4.993762970084692e-07,4.915036390940042e-07
main,MMF4,2,2,1,35,35,35,35,3.373527527328335e-07,4.922599792234195e-07,4.993762970084692e-07,4.915036390940042e-07
main,MMF4,2,2,1,36,36,36,36,3.37078094492238e-07,4.922599792234195e-07,4.993762970084692e-07,4.915036390940042e-07
main,MMF4,2,2,1,37,37,37,37,3.3680343625164255e-07,4.922599792234195e-07,4.993762970084692e-07,4.915036390940042e-07
main,MMF4,2,2,1,38,38,38,38,3.37078094492238e-07,4.956035614123167e-07,4.993762970084692e-07,4.915036390940042e-07
main,MMF4,2,2,1,39,39,39,39,3.3680343625164255e-07,4.956035614123167e-07,4.993762970084692e-07,5.004316186163482e-07
main,MMF4,2,2,1,40,40,40,40,3.37078094492238e-07,4.956035614123167e-07,4.993762970084692e-07,5.004316186163482e-07
main,WFG1,22,2,1,1,1,1,1,1.4921569846393368e-07,1.4921569846393368e-07,3.834497928623115e-07,2.0225746943935974e-07
main,WFG1,22,2,1,2,2,2,2,1.8526458744894114e-07,2.213134764339486e-07,3.834497928623115e-07,3.5728323410921803e-07
main,WFG1,22,2,1,3,3,3,3,2.213134764339486e-07,4.809265137240004e-07,4.278163909798849e-07,3.5728323410921803e-07
main,WFG1,22,2,1,4,4,4,4,1.8526458744894114e-07,4.809265137240004e-07,4.278163909798849e-07,3.5728323410921803e-07
main,WFG1,22,2,1,5,5,5,5,1.796569824019656e-07,4.809265137240004e-07,4.6680641174745574e-07,3.5728323410921803e-07
main,WFG1,22,2,1,6,6,6,6,2.004852294179571e-07,4.809265137240004e-07,4.6680641174745574e-07,3.5728323410921803e-07
main,WFG1,22,2,1,7,7,7,7,2.213134764339486e-07,4.809265137240004e-07,4.6680641174745574e-07,3.5728323410921803e-07
main,WFG1,22,2,1,8,8,8,8,2.537498473564881e-07,4.809265137240004e-07,4.6680641174745574e-07,3.5728323410921803e-07
main,WFG1,22,2,1,9,9,9,9,2.213134764339486e-07,4.809265137240004e-07,4.6680641174745574e-07,3.5728323410921803e-07
main,WFG1,22,2,1,10,10,10,10,2.004852294179571e-07,4.809265137240004e-07,4.6680641174745574e-07,3.5728323410921803e-07
main,WFG1,22,2,1,11,11,11,11,2.213134764339486e-07,4.809265137240004e-07,4.6680641174745574e-07,3.5728323410921803e-07
main,WFG1,22,2,1,12,12,12,12,2.233200071533048e-07,4.809265137240004e-07,4.6680641174745574e-07,3.5728323410921803e-07
main,WFG1,22,2,1,13,13,13,13,2.25326537872661e-07,4.809265137240004e-07,4.6680641174745574e-07,3.5728323410921803e-07
main,WFG1,22,2,1,14,14,14,14,2.233200071533048e-07,4.809265137240004e-07,4.6680641174745574e-07,3.5728323410921803e-07
main,WFG1,22,2,1,15,15,15,15,2.25326537872661e-07,4.809265137240004e-07,4.6680641174745574e-07,4.642342119609566e-07
main,WFG1,22,2,1,16,16,16,16,2.3197174070510584e-07,4.809265137240004e-07,4.6680641174745574e-07,4.642342119609566e-07
main,WFG1,22,2,1,17,17,17,17,2.386169435375507e-07,4.809265137240004e-07,4.6680641174745574e-07,4.812851520652472e-07
main,WFG1,22,2,1,18,18,18,18,2.50503540133451e-07,4.809265137240004e-07,4.6680641174745574e-07,4.812851520652472e-07
main,WFG1,22,2,1,19,19,19,19,2.386169435375507e-07,4.809265137240004e-07,4.6680641174745574e-07,4.812851520652472e-07
main,WFG1,22,2,1,20,20,20,20,2.50503540133451e-07,4.809265137240004e-07,4.6680641174745574e-07,4.812851520652472e-07
main,WFG1,22,2,1,21,21,21,21,2.623901367293513e-07,4.809265137240004e-07,4.6680641174745574e-07,4.812851520652472e-07
main,WFG1,22,2,1,22,22,22,22,2.7428817750418943e-07,5.20946502713393e-07,4.6680641174745574e-07,4.812851520652472e-07
main,WFG1,22,2,1,23,23,23,23,2.8618621827902757e-07,5.20946502713393e-07,4.6680641174745574e-07,4.812851520652472e-07
main,WFG1,22,2,1,24,24,24,24,3.099365234460194e-07,5.480499267740413e-07,4.6680641174745574e-07,4.812851520652472e-07
main,WFG1,22,2,1,25,25,25,25,3.3368682861301124e-07,5.480499267740413e-07,4.894285201978432e-07,4.812851520652472e-07
main,WFG1,22,2,1,26,26,26,26,3.415145873875147e-07,5.480499267740413e-07,4.894285201978432e-07,4.812851520652472e-07
main,WFG1,22,2,1,27,27,27,27,3.3368682861301124e-07,5.480499267740413e-07,4.894285201978432e-07,4.812851520652472e-07
main,WFG1,22,2,1,28,28,28,28,3.415145873875147e-07,5.682220458602671e-07,4.894285201978432e-07,4.812851520652472e-07
main,WFG1,22,2,1,29,29,29,29,3.3368682861301124e-07,5.682220458602671e-07,4.894285201978432e-07,4.812851520652472e-07
main,WFG1,22,2,1,30,30,30,30,3.415145873875147e-07,5.682220458602671e-07,4.894285201978432e-07,4.812851520652472e-07
main,WFG1,22,2,1,31,31,31,31,3.3368682861301124e-07,5.682220458602671e-07,4.894285201978432e-07,4.812851520652472e-07
main,WFG1,22,2,1,32,32,32,32,3.415145873875147e-07,5.682220458602671e-07,4.894285201978432e-07,4.812851520652472e-07
main,WFG1,22,2,1,33,33,33,33,3.3368682861301124e-07,5.682220458602671e-07,4.894285201978432e-07,4.812851520652472e-07
main,WFG1,22,2,1,34,34,34,34,3.2913589487204575e-07,5.682220458602671e-07,4.894285201978432e-07,4.812851520652472e-07
main,WFG1,22,2,1,35,35,35,35,3.3368682861301124e-07,5.682220458602671e-07,4.894285201978432e-07,4.812851520652472e-07
main,WFG1,22,2,1,36,36,36,36,3.2913589487204575e-07,5.682220458602671e-07,4.894285201978432e-07,4.812851520652472e-07
main,WFG1,22,2,1,37,37,37,37,3.3368682861301124e-07,5.682220458602671e-07,4.894285201978432e-07,4.812851520652472e-07
main,WFG1,22,2,1,38,38,38,38,3.415145873875147e-07,5.682220458602671e-07,4.894285201978432e-07,4.812851520652472e-07
main,WFG1,22,2,1,39,39,39,39,3.493423461620182e-07,5.682220458602671e-07,4.894285201978432e-07,4.812851520652472e-07
main,WFG1,22,2,1,40,40,40,40,3.415145873875147e-07,5.682220458602671e-07,4.894285201978432e-07,4.812851520652472e-07
main,WFG1,22,2,1,41,41,41,41,3.493423461620182e-07,5.682220458602671e-07,4.894285201978432e-07,4.812851520652472e-07
main,WFG1,22,2,1,42,42,42,42,3.415145873875147e-07,5.682220458602671e-07,4.894285201978432e-07,4.812851520652472e-07
main,WFG1,22,2,1,43,43,43,43,3.493423461620182e-07,5.682220458602671e-07,4.894285201978432e-07,4.812851520652472e-07
main,WFG1,22,2,1,44,44,44,44,3.415145873875147e-07,5.682220458602671e-07,4.894285201978432e-07,4.812851520652472e-07
main,WFG1,22,2,1,45,45,45,45,3.493423461620182e-07,5.682220458602671e-07,4.894285201978432e-07,4.812851520652472e-07
main,WFG1,22,2,1,46,46,46,46,3.415145873875147e-07,5.682220458602671e-07,4.894285201978432e-07,4.812851520652472e-07
main,WFG1,22,2,1,47,47,47,47,3.493423461620182e-07,5.682220458602671e-07,4.894285201978432e-07,4.812851520652472e-07
main,WFG1,22,2,1,48,48,48,48,3.497295379406573e-07,5.682220458602671e-07,4.894285201978432e-07,4.812851520652472e-07
main,WFG1,22,2,1,49,49,49,49,3.493423461620182e-07,5.682220458602671e-07,4.894285201978432e-07,4.812851520652472e-07
main,WFG1,22,2,1,50,50,50,50,3.415145873875147e-07,5.682220458602671e-07,4.894285201978432e-07,4.812851520652472e-07
main,WFG1,22,2,1,51,51,51,51,3.493423461620182e-07,5.682220458602671e-07,4.894285201978432e-07,4.812851520652472e-07
main,WFG1,22,2,1,52,52,52,52,3.415145873875147e-07,5.682220458602671e-07,4.894285201978432e-07,4.812851520652472e-07
main,WFG1,22,2,1,53,53,53,53,3.493423461620182e-07,5.682220458602671e-07,4.894285201978432e-07,4.812851520652472e-07
main,WFG1,22,2,1,54,54,54,54,3.497295379406573e-07,5.682220458602671e-07,4.894285201978432e-07,4.812851520652472e-07
main,WFG1,22,2,1,55,55,55,55,3.501167297192964e-07,5.682220458602671e-07,4.894285201978432e-07,4.812851520652472e-07
main,WFG1,22,2,1,56,56,56,56,3.497295379406573e-07,5.682220458602671e-07,4.914686679846625e-07,4.812851520652472e-07
main,WFG1,22,2,1,57,57,57,57,3.493423461620182e-07,5.682220458602671e-07,4.914686679846625e-07,4.812851520652472e-07
main,WFG1,22,2,1,58,58,58,58,3.415145873875147e-07,5.682220458602671e-07,4.914686679846625e-07,4.812851520652472e-07
main,WFG1,22,2,1,59,59,59,59,3.3368682861301124e-07,5.682220458602671e-07,4.914686679846625e-07,4.812851520652472e-07
main,WFG1,22,2,1,60,60,60,60,3.415145873875147e-07,5.682220458602671e-07,4.914686679846625e-07,4.812851520652472e-07
main,WFG1,22,2,1,61,61,61,61,3.493423461620182e-07,5.682220458602671e-07,4.914686679846625e-07,4.812851520652472e-07
main,WFG1,22,2,1,62,62,62,62,3.497295379406573e-07,5.682220458602671e-07,4.914686679846625e-07,4.812851520652472e-07
main,WFG1,22,2,1,63,63,63,63,3.501167297192964e-07,5.682220458602671e-07,4.914686679846625e-07,4.812851520652472e-07
main,WFG1,22,2,1,64,64,64,64,3.5018348681914446e-07,5.682220458602671e-07,4.914686679846625e-07,4.812851520652472e-07
main,WFG1,22,2,1,65,65,65,65,3.501167297192964e-07,5.682220458602671e-07,4.914686679846625e-07,4.812851520652472e-07
main,WFG1,22,2,1,66,66,66,66,3.497295379406573e-07,5.682220458602671e-07,4.914686679846625e-07,4.812851520652472e-07
main,WFG1,22,2,1,67,67,67,67,3.493423461620182e-07,5.682220458602671e-07,4.914686679846625e-07,4.812851520652472e-07
main,WFG1,22,2,1,68,68,68,68,3.415145873875147e-07,5.682220458602671e-07,4.914686679846625e-07,4.812851520652472e-07
main,WFG1,22,2,1,69,69,69,69,3.3368682861301124e-07,5.682220458602671e-07,4.914686679846625e-07,4.812851520652472e-07
main,WFG1,22,2,1,70,70,70,70,3.306522369239673e-07,5.682220458602671e-07,4.914686679846625e-07,4.812851520652472e-07
main,WFG1,22,2,1,71,71,71,71,3.3368682861301124e-07,5.682220458602671e-07,4.914686679846625e-07,4.812851520652472e-07
main,WFG1,22,2,1,72,72,72,72,3.415145873875147e-07,5.682220458602671e-07,4.914686679846625e-07,4.812851520652472e-07
main,WFG1,22,2,1,73,73,73,73,3.493423461620182e-07,5.682220458602671e-07,4.914686679846625e-07,4.812851520652472e-07
main,WFG1,22,2,1,74,74,74,74,3.415145873875147e-07,5.682220458602671e-07,4.914686679846625e-07,4.812851520652472e-07
main,WFG1,22,2,1,75,75,75,75,3.3368682861301124e-07,5.682220458602671e-07,4.914686679846625e-07,4.812851520652472e-07
main,WFG1,22,2,1,76,76,76,76,3.415145873875147e-07,5.682220458602671e-07,4.914686679846625e-07,4.812851520652472e-07
main,WFG1,22,2,1,77,77,77,77,3.3368682861301124e-07,5.682220458602671e-07,4.914686679846625e-07,4.812851520652472e-07
main,WFG1,22,2,1,78,78,78,78,3.415145873875147e-07,5.682220458602671e-07,4.914686679846625e-07,4.812851520652472e-07
main,WFG1,22,2,1,79,79,79,79,3.493423461620182e-07,5.682220458602671e-07,4.914686679846625e-07,4.812851520652472e-07
main,WFG1,22,2,1,80,80,80,80,3.415145873875147e-07,5.682220458602671e-07,4.914686679846625e-07,4.812851520652472e-07
main,WFG1,22,2,1,81,81,81,81,3.493423461620182e-07,5.682220458602671e-07,4.962441921205207e-07,4.812851520652472e-07
main,WFG1,22,2,1,82,82,82,82,3.415145873875147e-07,5.682220458602671e-07,4.962441921205207e-07,4.812851520652472e-07
main,WFG1,22,2,1,83,83,83,83,3.3368682861301124e-07,5.682220458602671e-07,4.962441921205207e-07,4.812851520652472e-07
main,WFG1,22,2,1,84,84,84,84,3.415145873875147e-07,5.682220458602671e-07,4.962441921205207e-07,4.812851520652472e-07
main,WFG1,22,2,1,85,85,85,85,3.493423461620182e-07,5.682220458602671e-07,4.962441921205207e-07,4.812851520652472e-07
main,WFG1,22,2,1,86,86,86,86,3.415145873875147e-07,5.682220458602671e-07,4.962441921205207e-07,4.812851520652472e-07
main,WFG1,22,2,1,87,87,87,87,3.493423461620182e-07,5.682220458602671e-07,4.962441921205207e-07,4.812851520652472e-07
main,WFG1,22,2,1,88,88,88,88,3.497295379406573e-07,5.682220458602671e-07,4.962441921205207e-07,4.812851520652472e-07
main,WFG1,22,2,1,89,89,89,89,3.493423461620182e-07,5.682220458602671e-07,4.962441921205207e-07,4.812851520652472e-07
main,WFG1,22,2,1,90,90,90,90,3.415145873875147e-07,5.682220458602671e-07,4.962441921205207e-07,4.812851520652472e-07
main,WFG1,22,2,1,91,91,91,91,3.493423461620182e-07,5.682220458602671e-07,4.962441921205207e-07,4.812851520652472e-07
main,WFG1,22,2,1,92,92,92,92,3.415145873875147e-07,5.682220458602671e-07,4.962441921205207e-07,4.812851520652472e-07
main,WFG1,22,2,1,93,93,93,93,3.493423461620182e-07,5.682220458602671e-07,4.962441921205207e-07,4.812851520652472e-07
main,WFG1,22,2,1,94,94,94,94,3.415145873875147e-07,5.682220458602671e-07,4.962441921205207e-07,4.812851520652472e-07
main,WFG1,22,2,1,95,95,95,95,3.493423461620182e-07,5.682220458602671e-07,4.962441921205207e-07,4.812851520652472e-07
main,WFG1,22,2,1,96,96,96,96,3.497295379406573e-07,5.682220458602671e-07,4.962441921205207e-07,4.812851520652472e-07
main,WFG1,22,2,1,97,97,97,97,3.493423461620182e-07,5.682220458602671e-07,4.962441921205207e-07,4.812851520652472e-07
main,WFG1,22,2,1,98,98,98,98,3.415145873875147e-07,5.682220458602671e-07,4.962441921205207e-07,4.812851520652472e-07
main,WFG1,22,2,1,99,99,99,99,3.493423461620182e-07,5.682220458602671e-07,4.962441921205207e-07,4.812851520652472e-07
main,WFG1,22,2,1,100,100,100,100,3.497295379406573e-07,5.682220458602671e-07,4.962441921205207e-07,4.812851520652472e-07
main,WFG1,22,2,1,101,101,101,101,3.493423461620182e-07,5.682220458602671e-07,4.962441921205207e-07,4.812851520652472e-07
main,WFG1,22,2,1,102,102,102,102,3.497295379406573e-07,5.682220458602671e-07,4.962441921205207e-07,4.812851520652472e-07
main,WFG1,22,2,1,103,103,103,103,3.493423461620182e-07,5.682220458602671e-07,4.962441921205207e-07,4.812851520652472e-07
main,WFG1,22,2,1,104,104,104,104,3.415145873875147e-07,5.682220458602671e-07,4.962441921205207e-07,4.812851520652472e-07
main,WFG1,22,2,1,105,105,105,105,3.493423461620182e-07,5.682220458602671e-07,4.962441921205207e-07,4.812851520652472e-07
main,WFG1,22,2,1,106,106,106,106,3.497295379406573e-07,5.682220458602671e-07,4.962441921205207e-07,4.812851520652472e-07
main,WFG1,22,2,1,107,107,107,107,3.501167297192964e-07,5.682220458602671e-07,4.962441921205207e-07,4.812851520652472e-07
main,WFG1,22,2,1,108,108,108,108,3.497295379406573e-07,5.682220458602671e-07,4.962441921205207e-07,4.812851520652472e-07
main,WFG1,22,2,1,109,109,109,109,3.493423461620182e-07,5.682220458602671e-07,4.962441921205207e-07,4.812851520652472e-07
main,WFG1,22,2,1,110,110,110,110,3.497295379406573e-07,5.682220458602671e-07,4.962441921205207e-07,4.812851520652472e-07
main,WFG1,22,2,1,111,111,111,111,3.493423461620182e-07,5.682220458602671e-07,4.962441921205207e-07,4.812851520652472e-07
main,WFG1,22,2,1,112,112,112,112,3.497295379406573e-07,5.682220458602671e-07,4.962441921205207e-07,4.812851520652472e-07
main,WFG1,22,2,1,113,113,113,113,3.501167297192964e-07,5.682220458602671e-07,4.962441921205207e-07,4.812851520652472e-07
main,WFG1,22,2,1,114,114,114,114,3.497295379406573e-07,5.682220458602671e-07,4.962441921205207e-07,4.812851520652472e-07
main,WFG1,22,2,1,115,115,115,115,3.501167297192964e-07,5.682220458602671e-07,4.962441921205207e-07,4.812851520652472e-07
main,WFG1,22,2,1,116,116,116,116,3.5018348681914446e-07,5.682220458602671e-07,4.962441921205207e-07,4.812851520652472e-07
main,WFG1,22,2,1,117,117,117,117,3.502502439189925e-07,5.682220458602671e-07,4.962441921205207e-07,4.812851520652472e-07
main,WFG1,22,2,1,118,118,118,118,3.5018348681914446e-07,5.682220458602671e-07,4.962441921205207e-07,4.973636393151848e-07
main,WFG1,22,2,1,119,119,119,119,3.502502439189925e-07,5.682220458602671e-07,4.962441921205207e-07,4.973636393151848e-07
main,WFG1,22,2,1,120,120,120,120,3.5018348681914446e-07,5.682220458602671e-07,4.962441921205207e-07,4.973636393151848e-07
main,WFG1,22,2,1,121,121,121,121,3.501167297192964e-07,5.682220458602671e-07,4.962441921205207e-07,4.973636393151848e-07
main,WFG1,22,2,1,122,122,122,122,3.497295379406573e-07,5.682220458602671e-07,4.962441921205207e-07,4.973636393151848e-07
main,WFG1,22,2,1,123,123,123,123,3.501167297192964e-07,5.682220458602671e-07,4.962441921205207e-07,4.973636393151848e-07
main,WFG1,22,2,1,124,124,124,124,3.497295379406573e-07,5.682220458602671e-07,4.962441921205207e-07,4.973636393151848e-07
main,WFG1,22,2,1,125,125,125,125,3.501167297192964e-07,5.682220458602671e-07,4.962441921205207e-07,4.973636393151848e-07
main,WFG1,22,2,1,126,126,126,126,3.5018348681914446e-07,5.682220458602671e-07,4.962441921205207e-07,4.973636393151848e-07
main,WFG1,22,2,1,127,127,127,127,3.502502439189925e-07,5.682220458602671e-07,4.962441921205207e-07,4.973636393151848e-07
main,WFG1,22,2,1,128,128,128,128,3.5018348681914446e-07,5.682220458602671e-07,4.962441921205207e-07,4.973636393151848e-07
main,WFG1,22,2,1,129,129,129,129,3.501167297192964e-07,5.682220458602671e-07,4.962441921205207e-07,4.973636393151848e-07
main,WFG1,22,2,1,130,130,130,130,3.5018348681914446e-07,5.682220458602671e-07,4.962441921205207e-07,4.973636393151848e-07
main,WFG1,22,2,1,131,131,131,131,3.502502439189925e-07,5.682220458602671e-07,4.962441921205207e-07,4.973636393151848e-07
main,WFG1,22,2,1,132,132,132,132,3.5018348681914446e-07,5.682220458602671e-07,4.982633590687457e-07,4.973636393151848e-07
main,WFG1,22,2,1,133,133,133,133,3.502502439189925e-07,5.682220458602671e-07,4.982633590687457e-07,4.973636393151848e-07
main,WFG1,22,2,1,134,134,134,134,3.5018348681914446e-07,5.682220458602671e-07,4.982633590687457e-07,4.973636393151848e-07
main,WFG1,22,2,1,135,135,135,135,3.502502439189925e-07,5.682220458602671e-07,4.982633590687457e-07,4.973636393151848e-07
main,WFG1,22,2,1,136,136,136,136,3.547744749088366e-07,5.682220458602671e-07,4.982633590687457e-07,4.973636393151848e-07
main,WFG1,22,2,1,137,137,137,137,3.502502439189925e-07,5.682220458602671e-07,4.982633590687457e-07,4.973636393151848e-07
main,WFG1,22,2,1,138,138,138,138,3.5018348681914446e-07,5.682220458602671e-07,4.982633590687457e-07,4.973636393151848e-07
main,WFG1,22,2,1,139,139,139,139,3.502502439189925e-07,5.682220458602671e-07,4.982633590687457e-07,4.973636393151848e-07
main,WFG1,22,2,1,140,140,140,140,3.547744749088366e-07,5.682220458602671e-07,4.982633590687457e-07,4.973636393151848e-07
main,WFG1,22,2,1,141,141,141,141,3.502502439189925e-07,5.682220458602671e-07,4.982633590687457e-07,4.973636393151848e-07
main,WFG1,22,2,1,142,142,142,142,3.547744749088366e-07,5.682220458602671e-07,4.982633590687457e-07,4.973636393151848e-07
main,WFG1,22,2,1,143,143,143,143,3.5929870589868074e-07,5.682220458602671e-07,4.982633590687457e-07,4.973636393151848e-07
main,WFG1,22,2,1,144,144,144,144,3.5997009262267454e-07,5.682220458602671e-07,4.982633590687457e-07,4.973636393151848e-07
main,WFG1,22,2,1,145,145,145,145,3.5929870589868074e-07,5.682220458602671e-07,4.982633590687457e-07,4.973636393151848e-07
main,WFG1,22,2,1,146,146,146,146,3.5997009262267454e-07,5.682220458602671e-07,4.982633590687457e-07,4.973636393151848e-07
main,WFG1,22,2,1,147,147,147,147,3.6064147934666835e-07,5.682220458602671e-07,4.982633590687457e-07,4.973636393151848e-07
main,WFG1,22,2,1,148,148,148,148,3.614349364244873e-07,5.682220458602671e-07,4.982633590687457e-07,4.973636393151848e-07
main,WFG1,22,2,1,149,149,149,149,3.6064147934666835e-07,5.682220458602671e-07,4.982633590687457e-07,4.973636393151848e-07
main,WFG1,22,2,1,150,150,150,150,3.614349364244873e-07,5.682220458602671e-07,4.982633590687457e-07,4.973636393151848e-07
main,WFG1,22,2,1,151,151,151,151,3.6064147934666835e-07,5.682220458602671e-07,4.982633590687457e-07,4.973636393151848e-07
main,WFG1,22,2,1,152,152,152,152,3.5997009262267454e-07,5.682220458602671e-07,4.982633590687457e-07,4.973636393151848e-07
main,WFG1,22,2,1,153,153,153,153,3.6064147934666835e-07,5.682220458602671e-07,4.982633590687457e-07,4.973636393151848e-07
main,WFG1,22,2,1,154,154,154,154,3.5997009262267454e-07,5.682220458602671e-07,4.982633590687457e-07,4.973636393151848e-07
main,WFG1,22,2,1,155,155,155,155,3.5929870589868074e-07,5.682220458602671e-07,4.982633590687457e-07,4.973636393151848e-07
main,WFG1,22,2,1,156,156,156,156,3.547744749088366e-07,5.682220458602671e-07,4.982633590687457e-07,4.973636393151848e-07
main,WFG1,22,2,1,157,157,157,157,3.502502439189925e-07,5.682220458602671e-07,4.982633590687457e-07,4.973636393151848e-07
main,WFG1,22,2,1,158,158,158,158,3.5184669483490083e-07,5.682220458602671e-07,4.982633590687457e-07,4.973636393151848e-07
main,WFG1,22,2,1,159,159,159,159,3.5344314575080915e-07,5.682220458602671e-07,4.982633590687457e-07,4.973636393151848e-07
main,WFG1,22,2,1,160,160,160,160,3.5184669483490083e-07,5.682220458602671e-07,4.982633590687457e-07,4.973636393151848e-07
main,WFG1,22,2,1,161,161,161,161,3.51348877103419e-07,5.682220458602671e-07,4.982633590687457e-07,4.973636393151848e-07
main,WFG1,22,2,1,162,162,162,162,3.5079956051120575e-07,5.682220458602671e-07,4.982633590687457e-07,4.973636393151848e-07
main,WFG1,22,2,1,163,163,163,163,3.502502439189925e-07,5.682220458602671e-07,4.982633590687457e-07,4.973636393151848e-07
main,WFG1,22,2,1,164,164,164,164,3.5079956051120575e-07,5.682220458602671e-07,4.982633590687457e-07,4.973636393151848e-07
main,WFG1,22,2,1,165,165,165,165,3.502502439189925e-07,5.682220458602671e-07,4.982633590687457e-07,4.973636393151848e-07
main,WFG1,22,2,1,166,166,166,166,3.5018348681914446e-07,5.682220458602671e-07,4.982633590687457e-07,4.973636393151848e-07
main,WFG1,22,2,1,167,167,167,167,3.502502439189925e-07,5.682220458602671e-07,4.982633590687457e-07,4.973636393151848e-07
main,WFG1,22,2,1,168,168,168,168,3.5079956051120575e-07,5.682220458602671e-07,4.982633590687457e-07,4.973636393151848e-07
main,WFG1,22,2,1,169,169,169,169,3.502502439189925e-07,5.682220458602671e-07,4.982633590687457e-07,4.973636393151848e-07
main,WFG1,22,2,1,170,170,170,170,3.5079956051120575e-07,5.682220458602671e-07,4.982633590687457e-07,4.973636393151848e-07
main,WFG1,22,2,1,171,171,171,171,3.502502439189925e-07,5.682220458602671e-07,4.982633590687457e-07,4.973636393151848e-07
main,WFG1,22,2,1,172,172,172,172,3.5018348681914446e-07,5.682220458602671e-07,4.982633590687457e-07,4.973636393151848e-07
main,WFG1,22,2,1,173,173,173,173,3.502502439189925e-07,5.682220458602671e-07,4.982633590687457e-07,4.973636393151848e-07
main,WFG1,22,2,1,174,174,174,174,3.5079956051120575e-07,5.682220458602671e-07,4.982633590687457e-07,4.973636393151848e-07
main,WFG1,22,2,1,175,175,175,175,3.51348877103419e-07,5.682220458602671e-07,4.982633590687457e-07,4.973636393151848e-07
main,WFG1,22,2,1,176,176,176,176,3.5079956051120575e-07,5.682220458602671e-07,4.982633590687457e-07,4.973636393151848e-07
main,WFG1,22,2,1,177,177,177,177,3.502502439189925e-07,5.682220458602671e-07,4.982633590687457e-07,4.973636393151848e-07
main,WFG1,22,2,1,178,178,178,178,3.5018348681914446e-07,5.682220458602671e-07,4.982633590687457e-07,4.973636393151848e-07
main,WFG1,22,2,1,179,179,179,179,3.502502439189925e-07,5.682220458602671e-07,4.982633590687457e-07,4.973636393151848e-07
main,WFG1,22,2,1,180,180,180,180,3.5018348681914446e-07,5.682220458602671e-07,4.982633590687457e-07,4.973636393151848e-07
main,WFG1,22,2,1,181,181,181,181,3.502502439189925e-07,5.682220458602671e-07,4.982633590687457e-07,4.973636393151848e-07
main,WFG1,22,2,1,182,182,182,182,3.5018348681914446e-07,5.682220458602671e-07,4.982633590687457e-07,4.973636393151848e-07
main,WFG1,22,2,1,183,183,183,183,3.501167297192964e-07,5.682220458602671e-07,4.982633590687457e-07,4.973636393151848e-07
main,WFG1,22,2,1,184,184,184,184,3.5018348681914446e-07,5.682220458602671e-07,4.982633590687457e-07,4.973636393151848e-07
main,WFG1,22,2,1,185,185,185,185,3.502502439189925e-07,5.682220458602671e-07,4.982633590687457e-07,4.973636393151848e-07
main,WFG1,22,2,1,186,186,186,186,3.5018348681914446e-07,5.682220458602671e-07,4.982633590687457e-07,4.973636393151848e-07
main,WFG1,22,2,1,187,187,187,187,3.501167297192964e-07,5.682220458602671e-07,4.982633590687457e-07,4.973636393151848e-07
main,WFG1,22,2,1,188,188,188,188,3.5018348681914446e-07,5.682220458602671e-07,4.982633590687457e-07,4.973636393151848e-07
main,WFG1,22,2,1,189,189,189,189,3.501167297192964e-07,5.682220458602671e-07,4.982633590687457e-07,4.973636393151848e-07
main,WFG1,22,2,1,190,190,190,190,3.5018348681914446e-07,5.682220458602671e-07,4.982633590687457e-07,4.973636393151848e-07
main,WFG1,22,2,1,191,191,191,191,3.501167297192964e-07,5.682220458602671e-07,4.982633590687457e-07,4.973636393151848e-07
main,WFG1,22,2,1,192,192,192,192,3.497295379406573e-07,5.682220458602671e-07,4.982633590687457e-07,4.973636393151848e-07
main,WFG1,22,2,1,193,193,193,193,3.493423461620182e-07,5.682220458602671e-07,4.982633590687457e-07,4.973636393151848e-07
main,WFG1,22,2,1,194,194,194,194,3.497295379406573e-07,5.682220458602671e-07,4.982633590687457e-07,4.973636393151848e-07
main,WFG1,22,2,1,195,195,195,195,3.493423461620182e-07,5.682220458602671e-07,4.982633590687457e-07,4.973636393151848e-07
main,WFG1,22,2,1,196,196,196,196,3.487968445181622e-07,5.682220458602671e-07,4.982633590687457e-07,4.973636393151848e-07
main,WFG1,22,2,1,197,197,197,197,3.493423461620182e-07,5.682220458602671e-07,4.982633590687457e-07,4.973636393151848e-07
main,WFG1,22,2,1,198,198,198,198,3.497295379406573e-07,5.855560303302809e-07,4.982633590687457e-07,4.973636393151848e-07
main,WFG1,22,2,1,199,199,199,199,3.493423461620182e-07,5.855560303302809e-07,4.982633590687457e-07,4.973636393151848e-07
main,WFG1,22,2,1,200,200,200,200,3.487968445181622e-07,5.855560303302809e-07,4.982633590687457e-07,4.973636393151848e-07
main,WFG1,22,2,1,201,201,201,201,3.4825134287430615e-07,5.855560303302809e-07,4.982633590687457e-07,4.973636393151848e-07
main,WFG1,22,2,1,202,202,202,202,3.487968445181622e-07,5.855560303302809e-07,4.982633590687457e-07,4.973636393151848e-07
main,WFG1,22,2,1,203,203,203,203,3.493423461620182e-07,5.855560303302809e-07,4.982633590687457e-07,4.973636393151848e-07
main,WFG1,22,2,1,204,204,204,204,3.487968445181622e-07,5.855560303302809e-07,4.982633590687457e-07,5.01983179846538e-07
main,WFG1,22,2,1,205,205,205,205,3.4825134287430615e-07,5.855560303302809e-07,4.982633590687457e-07,5.01983179846538e-07
main,WFG1,22,2,1,206,206,206,206,3.452529907521651e-07,5.855560303302809e-07,4.982633590687457e-07,5.01983179846538e-07
main,WFG1,22,2,1,207,207,207,207,3.4825134287430615e-07,5.855560303302809e-07,4.982670545571055e-07,5.01983179846538e-07
main,WFG1,22,2,1,208,208,208,208,3.452529907521651e-07,5.855560303302809e-07,4.982670545571055e-07,5.01983179846538e-07
main,WFG1,22,2,1,209,209,209,209,3.4225463863002403e-07,5.855560303302809e-07,4.982670545571055e-07,5.01983179846538e-07
main,WFG1,22,2,1,210,210,210,210,3.418121338194524e-07,5.855560303302809e-07,4.982670545571055e-07,5.01983179846538e-07
main,WFG1,22,2,1,211,211,211,211,3.413696290088808e-07,5.855560303302809e-07,4.982670545571055e-07,5.01983179846538e-07
main,WFG1,22,2,1,212,212,212,212,3.418121338194524e-07,5.855560303302809e-07,4.982670545571055e-07,5.01983179846538e-07
main,WFG1,22,2,1,213,213,213,213,3.413696290088808e-07,5.855560303302809e-07,4.982670545571055e-07,5.01983179846538e-07
main,WFG1,22,2,1,214,214,214,214,3.418121338194524e-07,5.855560303302809e-07,4.982670545571055e-07,5.01983179846538e-07
main,WFG1,22,2,1,215,215,215,215,3.4225463863002403e-07,5.855560303302809e-07,4.995990991601973e-07,5.01983179846538e-07
main,WFG1,22,2,1,216,216,216,216,3.452529907521651e-07,5.855560303302809e-07,4.995990991601973e-07,5.01983179846538e-07
main,WFG1,22,2,1,217,217,217,217,3.4225463863002403e-07,5.855560303302809e-07,4.995990991601973e-07,5.01983179846538e-07
main,WFG1,22,2,1,218,218,218,218,3.418121338194524e-07,5.855560303302809e-07,4.995990991601973e-07,5.01983179846538e-07
main,WFG1,22,2,1,219,219,219,219,3.4225463863002403e-07,5.855560303302809e-07,4.995990991601973e-07,5.01983179846538e-07
main,WFG1,22,2,1,220,220,220,220,3.418121338194524e-07,5.855560303302809e-07,4.995990991601973e-07,5.01983179846538e-07
main,WFG1,22,2,1,221,221,221,221,3.4225463863002403e-07,5.855560303302809e-07,4.995990991601973e-07,5.01983179846538e-07
main,WFG1,22,2,1,222,222,222,222,3.4202194210131154e-07,5.855560303302809e-07,4.995990991601973e-07,5.01983179846538e-07
main,WFG1,22,2,1,223,223,223,223,3.4225463863002403e-07,5.855560303302809e-07,4.995990991601973e-07,5.01983179846538e-07
main,WFG1,22,2,1,224,224,224,224,3.452529907521651e-07,5.855560303302809e-07,4.995990991601973e-07,5.01983179846538e-07
main,WFG1,22,2,1,225,225,225,225,3.4225463863002403e-07,5.855560303302809e-07,4.995990991601973e-07,5.01983179846538e-07
main,WFG1,22,2,1,226,226,226,226,3.452529907521651e-07,5.855560303302809e-07,4.995990991601973e-07,5.01983179846538e-07
main,WFG1,22,2,1,227,227,227,227,3.4225463863002403e-07,5.855560303302809e-07,4.995990991601973e-07,5.01983179846538e-07
main,WFG1,22,2,1,228,228,228,228,3.452529907521651e-07,5.855560303302809e-07,4.995990991601973e-07,5.01983179846538e-07
main,WFG1,22,2,1,229,229,229,229,3.4825134287430615e-07,5.855560303302809e-07,4.995990991601973e-07,5.01983179846538e-07
main,WFG1,22,2,1,230,230,230,230,3.487968445181622e-07,5.855560303302809e-07,4.995990991601973e-07,5.01983179846538e-07
main,WFG1,22,2,1,231,231,231,231,3.493423461620182e-07,5.855560303302809e-07,4.995990991601973e-07,5.01983179846538e-07
main,WFG1,22,2,1,232,232,232,232,3.497295379406573e-07,5.855560303302809e-07,4.995990991601973e-07,5.01983179846538e-07
main,WFG1,22,2,1,233,233,233,233,3.493423461620182e-07,5.855560303302809e-07,4.995990991601973e-07,5.01983179846538e-07
main,WFG1,22,2,1,234,234,234,234,3.487968445181622e-07,5.855560303302809e-07,4.995990991601973e-07,5.01983179846538e-07
main,WFG1,22,2,1,235,235,235,235,3.493423461620182e-07,5.855560303302809e-07,4.995990991601973e-07,5.01983179846538e-07
main,WFG1,22,2,1,236,236,236,236,3.497295379406573e-07,5.855560303302809e-07,4.995990991601973e-07,5.01983179846538e-07
main,WFG1,22,2,1,237,237,237,237,3.501167297192964e-07,5.855560303302809e-07,4.995990991601973e-07,5.01983179846538e-07
main,WFG1,22,2,1,238,238,238,238,3.5018348681914446e-07,5.855560303302809e-07,4.995990991601973e-07,5.01983179846538e-07
main,WFG1,22,2,1,239,239,239,239,3.501167297192964e-07,5.855560303302809e-07,4.995990991601973e-07,5.01983179846538e-07
main,WFG1,22,2,1,240,240,240,240,3.497295379406573e-07,5.855560303302809e-07,4.995990991601973e-07,5.01983179846538e-07
main,WFG1,22,2,1,241,241,241,241,3.493423461620182e-07,5.855560303302809e-07,4.995990991601973e-07,5.01983179846538e-07
main,WFG1,22,2,1,242,242,242,242,3.497295379406573e-07,5.855560303302809e-07,4.995990991601973e-07,5.01983179846538e-07
main,WFG1,22,2,1,243,243,243,243,3.493423461620182e-07,5.855560303302809e-07,4.995990991601973e-07,5.01983179846538e-07
main,WFG1,22,2,1,244,244,244,244,3.487968445181622e-07,5.855560303302809e-07,4.995990991601973e-07,5.01983179846538e-07
main,WFG1,22,2,1,245,245,245,245,3.4825134287430615e-07,5.855560303302809e-07,4.995990991601973e-07,5.01983179846538e-07
main,WFG1,22,2,1,246,246,246,246,3.452529907521651e-07,5.855560303302809e-07,4.995990991601973e-07,5.01983179846538e-07
main,WFG1,22,2,1,247,247,247,247,3.4825134287430615e-07,5.956268309681434e-07,4.995990991601973e-07,5.01983179846538e-07
main,WFG1,22,2,1,248,248,248,248,3.487968445181622e-07,5.956268309681434e-07,4.995990991601973e-07,5.01983179846538e-07
main,WFG1,22,2,1,249,249,249,249,3.4825134287430615e-07,5.956268309681434e-07,4.995990991601973e-07,5.01983179846538e-07
main,WFG1,22,2,1,250,250,250,250,3.452529907521651e-07,5.956268309681434e-07,4.995990991601973e-07,5.01983179846538e-07
main,WFG1,22,2,1,251,251,251,251,3.4225463863002403e-07,5.956268309681434e-07,4.995990991601973e-07,5.01983179846538e-07
main,WFG1,22,2,1,252,252,252,252,3.452529907521651e-07,5.956268309681434e-07,4.995990991601973e-07,5.01983179846538e-07
main,WFG1,22,2,1,253,253,253,253,3.4825134287430615e-07,5.956268309681434e-07,4.995990991601973e-07,5.01983179846538e-07
main,WFG1,22,2,1,254,254,254,254,3.487968445181622e-07,5.956268309681434e-07,4.995990991601973e-07,5.01983179846538e-07
main,WFG1,22,2,1,255,255,255,255,3.4825134287430615e-07,5.956268309681434e-07,4.995990991601973e-07,5.01983179846538e-07
main,WFG1,22,2,1,256,256,256,256,3.487968445181622e-07,5.956268309681434e-07,4.995990991601973e-07,5.01983179846538e-07
main,WFG1,22,2,1,257,257,257,257,3.493423461620182e-07,5.956268309681434e-07,4.995990991601973e-07,5.01983179846538e-07
main,WFG1,22,2,1,258,258,258,258,3.487968445181622e-07,5.956268309681434e-07,4.995990991601973e-07,5.01983179846538e-07
main,WFG1,22,2,1,259,259,259,259,3.4825134287430615e-07,5.956268309681434e-07,4.995990991601973e-07,5.01983179846538e-07
main,WFG1,22,2,1,260,260,260,260,3.487968445181622e-07,5.956268309681434e-07,4.995990991601973e-07,5.01983179846538e-07
main,WFG1,22,2,1,261,261,261,261,3.4825134287430615e-07,5.956268309681434e-07,4.995990991601973e-07,5.01983179846538e-07
main,WFG1,22,2,1,262,262,262,262,3.487968445181622e-07,5.956268309681434e-07,4.995990991601973e-07,5.01983179846538e-07
main,WFG1,22,2,1,263,263,263,263,3.493423461620182e-07,5.956268309681434e-07,4.995990991601973e-07,5.01983179846538e-07
main,WFG1,22,2,1,264,264,264,264,3.497295379406573e-07,5.956268309681434e-07,4.995990991601973e-07,5.01983179846538e-07
main,WFG1,22,2,1,265,265,265,265,3.501167297192964e-07,5.956268309681434e-07,4.995990991601973e-07,5.01983179846538e-07
main,WFG1,22,2,1,266,266,266,266,3.5018348681914446e-07,5.956268309681434e-07,4.995990991601973e-07,5.01983179846538e-07
main,WFG1,22,2,1,267,267,267,267,3.501167297192964e-07,5.956268309681434e-07,4.995990991601973e-07,5.01983179846538e-07
main,WFG1,22,2,1,268,268,268,268,3.5018348681914446e-07,5.956268309681434e-07,4.995990991601973e-07,5.01983179846538e-07
main,WFG1,22,2,1,269,269,269,269,3.502502439189925e-07,5.956268309681434e-07,4.995990991601973e-07,5.01983179846538e-07
main,WFG1,22,2,1,270,270,270,270,3.5018348681914446e-07,5.956268309681434e-07,4.995990991601973e-07,5.01983179846538e-07
main,WFG1,22,2,1,271,271,271,271,3.502502439189925e-07,5.956268309681434e-07,4.995990991601973e-07,5.01983179846538e-07
main,WFG1,22,2,1,272,272,272,272,3.5066032399999614e-07,5.956268309681434e-07,4.995990991601973e-07,5.01983179846538e-07
main,WFG1,22,2,1,273,273,273,273,3.502502439189925e-07,5.956268309681434e-07,4.995990991601973e-07,5.01983179846538e-07
main,WFG1,22,2,1,274,274,274,274,3.5066032399999614e-07,5.956268309681434e-07,4.995990991601973e-07,5.01983179846538e-07
main,WFG1,22,2,1,275,275,275,275,3.502502439189925e-07,5.956268309681434e-07,4.995990991601973e-07,5.01983179846538e-07
main,WFG1,22,2,1,276,276,276,276,3.5018348681914446e-07,5.956268309681434e-07,4.995990991601973e-07,5.01983179846538e-07
main,WFG1,22,2,1,277,277,277,277,3.502502439189925e-07,5.956268309681434e-07,4.995990991601973e-07,5.01983179846538e-07
main,WFG1,22,2,1,278,278,278,278,3.5018348681914446e-07,5.956268309681434e-07,4.995990991601973e-07,5.01983179846538e-07
main,WFG1,22,2,1,279,279,279,279,3.502502439189925e-07,5.956268309681434e-07,4.995990991601973e-07,5.01983179846538e-07
main,WFG1,22,2,1,280,280,280,280,3.5018348681914446e-07,5.956268309681434e-07,4.995990991601973e-07,5.01983179846538e-07
main,WFG1,22,2,1,281,281,281,281,3.501167297192964e-07,5.956268309681434e-07,4.995990991601973e-07,5.01983179846538e-07
main,WFG1,22,2,1,282,282,282,282,3.5018348681914446e-07,5.956268309681434e-07,4.995990991601973e-07,5.01983179846538e-07
main,WFG1,22,2,1,283,283,283,283,3.502502439189925e-07,5.956268309681434e-07,4.995990991601973e-07,5.01983179846538e-07
main,WFG1,22,2,1,284,284,284,284,3.5018348681914446e-07,5.956268309681434e-07,4.995990991601973e-07,5.01983179846538e-07
main,WFG1,22,2,1,285,285,285,285,3.502502439189925e-07,5.956268309681434e-07,4.995990991601973e-07,5.01983179846538e-07
main,WFG1,22,2,1,286,286,286,286,3.5066032399999614e-07,5.956268309681434e-07,4.995990991601973e-07,5.01983179846538e-07
main,WFG1,22,2,1,287,287,287,287,3.5107040408099977e-07,5.956268309681434e-07,4.995990991601973e-07,5.01983179846538e-07
main,WFG1,22,2,1,288,288,288,288,3.5066032399999614e-07,5.956268309681434e-07,4.995990991601973e-07,5.01983179846538e-07
main,WFG1,22,2,1,289,289,289,289,3.502502439189925e-07,5.956268309681434e-07,4.995990991601973e-07,5.01983179846538e-07
main,WFG1,22,2,1,290,290,290,290,3.5066032399999614e-07,5.956268309681434e-07,4.995990991601973e-07,5.01983179846538e-07
main,WFG1,22,2,1,291,291,291,291,3.5107040408099977e-07,5.956268309681434e-07,4.995990991601973e-07,5.01983179846538e-07
main,WFG1,22,2,1,292,292,292,292,3.5066032399999614e-07,5.956268309681434e-07,4.995990991601973e-07,5.01983179846538e-07
main,WFG1,22,2,1,293,293,293,293,3.5107040408099977e-07,5.956268309681434e-07,4.995990991601973e-07,5.01983179846538e-07
main,WFG1,22,2,1,294,294,294,294,3.5066032399999614e-07,5.956268309681434e-07,4.995990991601973e-07,5.01983179846538e-07
main,WFG1,22,2,1,295,295,295,295,3.5107040408099977e-07,5.956268309681434e-07,4.995990991601973e-07,5.01983179846538e-07
main,WFG1,22,2,1,296,296,296,296,3.5066032399999614e-07,5.956268309681434e-07,4.995990991601973e-07,5.01983179846538e-07
main,WFG1,22,2,1,297,297,297,297,3.5107040408099977e-07,5.956268309681434e-07,4.995990991601973e-07,5.01983179846538e-07
main,WFG1,22,2,1,298,298,298,298,3.5066032399999614e-07,5.956268309681434e-07,4.995990991601973e-07,5.01983179846538e-07
main,WFG1,22,2,1,299,299,299,299,3.502502439189925e-07,5.956268309681434e-07,4.995990991601973e-07,5.01983179846538e-07
main,WFG1,22,2,1,300,300,300,300,3.5018348681914446e-07,5.956268309681434e-07,4.995990991601973e-07,5.01983179846538e-07
main,WFG1,22,2,1,301,301,301,301,3.501167297192964e-07,5.956268309681434e-07,4.995990991601973e-07,5.01983179846538e-07
main,WFG1,22,2,1,302,302,302,302,3.5018348681914446e-07,5.956268309681434e-07,4.995990991601973e-07,5.01983179846538e-07
main,WFG1,22,2,1,303,303,303,303,3.502502439189925e-07,5.956268309681434e-07,4.995990991601973e-07,5.01983179846538e-07
main,WFG1,22,2,1,304,304,304,304,3.5018348681914446e-07,5.956268309681434e-07,4.995990991601973e-07,5.01983179846538e-07
main,WFG1,22,2,1,305,305,305,305,3.502502439189925e-07,5.956268309681434e-07,4.995990991601973e-07,5.01983179846538e-07
main,WFG1,22,2,1,306,306,306,306,3.5066032399999614e-07,5.956268309681434e-07,4.995990991601973e-07,5.01983179846538e-07
main,WFG1,22,2,1,307,307,307,307,3.5107040408099977e-07,5.956268309681434e-07,4.995990991601973e-07,5.01983179846538e-07
main,WFG1,22,2,1,308,308,308,308,3.5107231144415607e-07,5.956268309681434e-07,4.995990991601973e-07,5.01983179846538e-07
main,WFG1,22,2,1,309,309,309,309,3.510742188073124e-07,5.956268309681434e-07,4.995990991601973e-07,5.01983179846538e-07
main,WFG1,22,2,1,310,310,310,310,3.512115479553657e-07,5.956268309681434e-07,4.995990991601973e-07,5.01983179846538e-07
main,WFG1,22,2,1,311,311,311,311,3.510742188073124e-07,5.956268309681434e-07,4.995990991601973e-07,5.01983179846538e-07
main,WFG1,22,2,1,312,312,312,312,3.512115479553657e-07,5.956268309681434e-07,4.995990991601973e-07,5.01983179846538e-07
main,WFG1,22,2,1,313,313,313,313,3.510742188073124e-07,5.956268309681434e-07,4.995990991601973e-07,5.01983179846538e-07
main,WFG1,22,2,1,314,314,314,314,3.5107231144415607e-07,5.956268309681434e-07,4.995990991601973e-07,5.01983179846538e-07
main,WFG1,22,2,1,315,315,315,315,3.510742188073124e-07,5.956268309681434e-07,4.995990991601973e-07,5.01983179846538e-07
main,WFG1,22,2,1,316,316,316,316,3.5107231144415607e-07,5.956268309681434e-07,4.995990991601973e-07,5.01983179846538e-07
main,WFG1,22,2,1,317,317,317,317,3.510742188073124e-07,5.956268309681434e-07,4.995990991601973e-07,5.01983179846538e-07
main,WFG1,22,2,1,318,318,318,318,3.512115479553657e-07,5.956268309681434e-07,4.995990991601973e-07,5.01983179846538e-07
main,WFG1,22,2,1,319,319,319,319,3.51348877103419e-07,5.956268309681434e-07,4.995990991601973e-07,5.01983179846538e-07
main,WFG1,22,2,1,320,320,320,320,3.512115479553657e-07,5.956268309681434e-07,4.995990991601973e-07,5.01983179846538e-07
main,WFG1,22,2,1,321,321,321,321,3.51348877103419e-07,5.956268309681434e-07,4.995990991601973e-07,5.01983179846538e-07
main,WFG1,22,2,1,322,322,322,322,3.512115479553657e-07,5.956268309681434e-07,4.995990991601973e-07,5.01983179846538e-07
main,WFG1,22,2,1,323,323,323,323,3.510742188073124e-07,5.956268309681434e-07,4.995990991601973e-07,5.01983179846538e-07
main,WFG1,22,2,1,324,324,324,324,3.5107231144415607e-07,5.956268309681434e-07,4.995990991601973e-07,5.01983179846538e-07
main,WFG1,22,2,1,325,325,325,325,3.5107040408099977e-07,5.956268309681434e-07,4.995990991601973e-07,5.01983179846538e-07
main,WFG1,22,2,1,326,326,326,326,3.5066032399999614e-07,5.956268309681434e-07,4.995990991601973e-07,5.01983179846538e-07
main,WFG1,22,2,1,327,327,327,327,3.502502439189925e-07,5.956268309681434e-07,4.995990991601973e-07,5.01983179846538e-07
main,WFG1,22,2,1,328,328,328,328,3.5018348681914446e-07,5.956268309681434e-07,4.995990991601973e-07,5.01983179846538e-07
main,WFG1,22,2,1,329,329,329,329,3.501167297192964e-07,5.956268309681434e-07,4.995990991601973e-07,5.01983179846538e-07
main,WFG1,22,2,1,330,330,330,330,3.5018348681914446e-07,5.956268309681434e-07,4.995990991601973e-07,5.01983179846538e-07
main,WFG1,22,2,1,331,331,331,331,3.501167297192964e-07,5.956268309681434e-07,4.995990991601973e-07,5.01983179846538e-07
main,WFG1,22,2,1,332,332,332,332,3.497295379406573e-07,5.956268309681434e-07,4.995990991601973e-07,5.01983179846538e-07
main,WFG1,22,2,1,333,333,333,333,3.493423461620182e-07,5.956268309681434e-07,4.995990991601973e-07,5.01983179846538e-07
main,WFG1,22,2,1,334,334,334,334,3.497295379406573e-07,5.956268309681434e-07,4.995990991601973e-07,5.01983179846538e-07
main,WFG1,22,2,1,335,335,335,335,3.493423461620182e-07,5.956268309681434e-07,4.995990991601973e-07,5.01983179846538e-07
main,WFG1,22,2,1,336,336,336,336,3.497295379406573e-07,5.956268309681434e-07,4.995990991601973e-07,5.01983179846538e-07
main,WFG1,22,2,1,337,337,337,337,3.501167297192964e-07,5.956268309681434e-07,4.995990991601973e-07,5.01983179846538e-07
main,WFG1,22,2,1,338,338,338,338,3.497295379406573e-07,5.956268309681434e-07,4.995990991601973e-07,5.01983179846538e-07
main,WFG1,22,2,1,339,339,339,339,3.493423461620182e-07,5.956268309681434e-07,4.995990991601973e-07,5.01983179846538e-07
main,WFG1,22,2,1,340,340,340,340,3.497295379406573e-07,5.956268309681434e-07,4.995990991601973e-07,5.01983179846538e-07
main,WFG1,22,2,1,341,341,341,341,3.501167297192964e-07,5.956268309681434e-07,4.995990991601973e-07,5.01983179846538e-07
main,WFG1,22,2,1,342,342,342,342,3.497295379406573e-07,5.956268309681434e-07,4.995990991601973e-07,5.01983179846538e-07
main,WFG1,22,2,1,343,343,343,343,3.501167297192964e-07,5.956268309681434e-07,4.995990991601973e-07,5.01983179846538e-07
main,WFG1,22,2,1,344,344,344,344,3.5018348681914446e-07,5.956268309681434e-07,4.995990991601973e-07,5.01983179846538e-07
main,WFG1,22,2,1,345,345,345,345,3.501167297192964e-07,5.956268309681434e-07,4.995990991601973e-07,5.01983179846538e-07
main,WFG1,22,2,1,346,346,346,346,3.497295379406573e-07,5.956268309681434e-07,4.995990991601973e-07,5.01983179846538e-07
main,WFG1,22,2,1,347,347,347,347,3.501167297192964e-07,5.956268309681434e-07,4.995990991601973e-07,5.01983179846538e-07
main,WFG1,22,2,1,348,348,348,348,3.5018348681914446e-07,5.956268309681434e-07,4.995990991601973e-07,5.01983179846538e-07
main,WFG1,22,2,1,349,349,349,349,3.501167297192964e-07,5.956268309681434e-07,4.995990991601973e-07,5.01983179846538e-07
main,WFG1,22,2,1,350,350,350,350,3.497295379406573e-07,5.956268309681434e-07,4.995990991601973e-07,5.01983179846538e-07
main,WFG1,22,2,1,351,351,351,351,3.501167297192964e-07,5.956268309681434e-07,4.995990991601973e-07,5.01983179846538e-07
main,WFG1,22,2,1,352,352,352,352,3.497295379406573e-07,5.956268309681434e-07,4.995990991601973e-07,5.01983179846538e-07
main,WFG1,22,2,1,353,353,353,353,3.493423461620182e-07,5.956268309681434e-07,4.995990991601973e-07,5.01983179846538e-07
main,WFG1,22,2,1,354,354,354,354,3.497295379406573e-07,5.956268309681434e-07,4.995990991601973e-07,5.01983179846538e-07
main,WFG1,22,2,1,355,355,355,355,3.501167297192964e-07,5.956268309681434e-07,4.995990991601973e-07,5.01983179846538e-07
main,WFG1,22,2,1,356,356,356,356,3.5018348681914446e-07,5.956268309681434e-07,4.995990991601973e-07,5.01983179846538e-07
main,WFG1,22,2,1,357,357,357,357,3.502502439189925e-07,5.956268309681434e-07,4.995990991601973e-07,5.01983179846538e-07
main,WFG1,22,2,1,358,358,358,358,3.5066032399999614e-07,5.956268309681434e-07,4.995990991601973e-07,5.01983179846538e-07
main,WFG1,22,2,1,359,359,359,359,3.5107040408099977e-07,5.956268309681434e-07,4.995990991601973e-07,5.01983179846538e-07
main,WFG1,22,2,1,360,360,360,360,3.5107231144415607e-07,5.956268309681434e-07,4.995990991601973e-07,5.01983179846538e-07
main,WFG1,22,2,1,361,361,361,361,3.5107040408099977e-07,5.956268309681434e-07,4.995990991601973e-07,5.01983179846538e-07
main,WFG1,22,2,1,362,362,362,362,3.5066032399999614e-07,5.956268309681434e-07,4.995990991601973e-07,5.01983179846538e-07
main,WFG1,22,2,1,363,363,363,363,3.502502439189925e-07,5.956268309681434e-07,4.995990991601973e-07,5.01983179846538e-07
main,WFG1,22,2,1,364,364,364,364,3.5018348681914446e-07,5.956268309681434e-07,4.995990991601973e-07,5.01983179846538e-07
main,WFG1,22,2,1,365,365,365,365,3.502502439189925e-07,5.956268309681434e-07,4.995990991601973e-07,5.01983179846538e-07
main,WFG1,22,2,1,366,366,366,366,3.5018348681914446e-07,5.956268309681434e-07,4.995990991601973e-07,5.01983179846538e-07
main,WFG1,22,2,1,367,367,367,367,3.501167297192964e-07,5.956268309681434e-07,4.995990991601973e-07,5.01983179846538e-07
main,WFG1,22,2,1,368,368,368,368,3.5018348681914446e-07,5.956268309681434e-07,4.995990991601973e-07,5.01983179846538e-07
main,WFG1,22,2,1,369,369,369,369,3.501167297192964e-07,5.956268309681434e-07,4.995990991601973e-07,5.01983179846538e-07
main,WFG1,22,2,1,370,370,370,370,3.497295379406573e-07,5.956268309681434e-07,4.995990991601973e-07,5.01983179846538e-07
main,WFG1,22,2,1,371,371,371,371,3.501167297192964e-07,5.956268309681434e-07,4.995990991601973e-07,5.01983179846538e-07
main,WFG1,22,2,1,372,372,372,372,3.497295379406573e-07,5.956268309681434e-07,4.995990991601973e-07,5.01983179846538e-07
main,WFG1,22,2,1,373,373,373,373,3.493423461620182e-07,5.956268309681434e-07,4.995990991601973e-07,5.01983179846538e-07
main,WFG1,22,2,1,374,374,374,374,3.497295379406573e-07,5.956268309681434e-07,4.995990991601973e-07,5.01983179846538e-07
main,WFG1,22,2,1,375,375,375,375,3.501167297192964e-07,5.956268309681434e-07,4.995990991601973e-07,5.01983179846538e-07
main,WFG1,22,2,1,376,376,376,376,3.5018348681914446e-07,5.956268309681434e-07,4.995990991601973e-07,5.01983179846538e-07
main,WFG1,22,2,1,377,377,377,377,3.501167297192964e-07,5.956268309681434e-07,4.995990991601973e-07,5.01983179846538e-07
main,WFG1,22,2,1,378,378,378,378,3.497295379406573e-07,5.956268309681434e-07,4.995990991601973e-07,5.01983179846538e-07
main,WFG1,22,2,1,379,379,379,379,3.501167297192964e-07,5.956268309681434e-07,4.995990991601973e-07,5.01983179846538e-07
main,WFG1,22,2,1,380,380,380,380,3.5018348681914446e-07,5.956268309681434e-07,4.995990991601973e-07,5.01983179846538e-07
main,WFG1,22,2,1,381,381,381,381,3.501167297192964e-07,5.956268309681434e-07,4.995990991601973e-07,5.01983179846538e-07
main,WFG1,22,2,1,382,382,382,382,3.5018348681914446e-07,5.956268309681434e-07,4.995990991601973e-07,5.01983179846538e-07
main,WFG1,22,2,1,383,383,383,383,3.501167297192964e-07,5.956268309681434e-07,4.995990991601973e-07,5.01983179846538e-07
main,WFG1,22,2,1,384,384,384,384,3.5018348681914446e-07,5.956268309681434e-07,4.995990991601973e-07,5.01983179846538e-07
main,WFG1,22,2,1,385,385,385,385,3.502502439189925e-07,5.956268309681434e-07,4.995990991601973e-07,5.01983179846538e-07
main,WFG1,22,2,1,386,386,386,386,3.5066032399999614e-07,5.956268309681434e-07,4.995990991601973e-07,5.01983179846538e-07
main,WFG1,22,2,1,387,387,387,387,3.5107040408099977e-07,5.956268309681434e-07,4.995990991601973e-07,5.01983179846538e-07
main,WFG1,22,2,1,388,388,388,388,3.5066032399999614e-07,5.956268309681434e-07,4.995990991601973e-07,5.01983179846538e-07
main,WFG1,22,2,1,389,389,389,389,3.5107040408099977e-07,5.956268309681434e-07,4.995990991601973e-07,5.01983179846538e-07
main,WFG1,22,2,1,390,390,390,390,3.5066032399999614e-07,5.956268309681434e-07,4.995990991601973e-07,5.01983179846538e-07
main,WFG1,22,2,1,391,391,391,391,3.502502439189925e-07,5.956268309681434e-07,4.995990991601973e-07,5.01983179846538e-07
main,WFG1,22,2,1,392,392,392,392,3.5066032399999614e-07,5.956268309681434e-07,4.995990991601973e-07,5.01983179846538e-07
main,WFG1,22,2,1,393,393,393,393,3.5107040408099977e-07,5.956268309681434e-07,4.995990991601973e-07,5.01983179846538e-07
main,WFG1,22,2,1,394,394,394,394,3.5107231144415607e-07,5.956268309681434e-07,4.995990991601973e-07,5.01983179846538e-07
main,WFG1,22,2,1,395,395,395,395,3.5107040408099977e-07,5.956268309681434e-07,4.995990991601973e-07,5.01983179846538e-07
main,WFG1,22,2,1,396,396,396,396,3.5066032399999614e-07,5.956268309681434e-07,4.995990991601973e-07,5.01983179846538e-07
main,WFG1,22,2,1,397,397,397,397,3.5107040408099977e-07,5.956268309681434e-07,4.995990991601973e-07,5.01983179846538e-07
main,WFG1,22,2,1,398,398,398,398,3.5107231144415607e-07,5.956268309681434e-07,4.995990991601973e-07,5.01983179846538e-07
main,WFG1,22,2,1,399,399,399,399,3.5107040408099977e-07,5.956268309681434e-07,4.995990991601973e-07,5.01983179846538e-07
main,WFG1,22,2,1,400,400,400,400,3.5107231144415607e-07,5.956268309681434e-07,4.995990991601973e-07,5.01983179846538e-07
main,WFG1,22,2,1,401,401,401,401,3.510742188073124e-07,5.956268309681434e-07,4.995990991601973e-07,5.01983179846538e-07
main,WFG1,22,2,1,402,402,402,402,3.512115479553657e-07,5.956268309681434e-07,4.995990991601973e-07,5.01983179846538e-07
main,WFG1,22,2,1,403,403,403,403,3.51348877103419e-07,5.956268309681434e-07,4.995990991601973e-07,5.01983179846538e-07
main,WFG1,22,2,1,404,404,404,404,3.512115479553657e-07,5.956268309681434e-07,4.995990991601973e-07,5.01983179846538e-07
main,WFG1,22,2,1,405,405,405,405,3.51348877103419e-07,5.956268309681434e-07,4.995990991601973e-07,5.01983179846538e-07
main,WFG1,22,2,1,406,406,406,406,3.514480590993685e-07,5.956268309681434e-07,4.995990991601973e-07,5.01983179846538e-07
main,WFG1,22,2,1,407,407,407,407,3.51547241095318e-07,5.956268309681434e-07,4.995990991601973e-07,5.01983179846538e-07
main,WFG1,22,2,1,408,408,408,408,3.5160064681960534e-07,5.956268309681434e-07,4.995990991601973e-07,5.01983179846538e-07
main,WFG1,22,2,1,409,409,409,409,3.516540525438927e-07,5.956268309681434e-07,4.995990991601973e-07,5.01983179846538e-07
main,WFG1,22,2,1,410,410,410,410,3.52363586308968e-07,5.956268309681434e-07,4.995990991601973e-07,5.01983179846538e-07
main,WFG1,22,2,1,411,411,411,411,3.516540525438927e-07,5.956268309681434e-07,4.995990991601973e-07,5.01983179846538e-07
main,WFG1,22,2,1,412,412,412,412,3.5160064681960534e-07,5.956268309681434e-07,4.995990991601973e-07,5.01983179846538e-07
main,WFG1,22,2,1,413,413,413,413,3.51547241095318e-07,5.956268309681434e-07,4.995990991601973e-07,5.01983179846538e-07
main,WFG1,22,2,1,414,414,414,414,3.5160064681960534e-07,5.956268309681434e-07,4.995990991601973e-07,5.01983179846538e-07
main,WFG1,22,2,1,415,415,415,415,3.516540525438927e-07,5.956268309681434e-07,4.995990991601973e-07,5.01983179846538e-07
main,WFG1,22,2,1,416,416,416,416,3.52363586308968e-07,5.956268309681434e-07,4.995990991601973e-07,5.01983179846538e-07
main,WFG1,22,2,1,417,417,417,417,3.5307312007404335e-07,5.956268309681434e-07,4.995990991601973e-07,5.01983179846538e-07
main,WFG1,22,2,1,418,418,418,418,3.52363586308968e-07,5.956268309681434e-07,4.995990991601973e-07,5.01983179846538e-07
main,WFG1,22,2,1,419,419,419,419,3.516540525438927e-07,5.956268309681434e-07,4.995990991601973e-07,5.01983179846538e-07
main,WFG1,22,2,1,420,420,420,420,3.5160064681960534e-07,5.956268309681434e-07,4.995990991601973e-07,5.01983179846538e-07
main,WFG1,22,2,1,421,421,421,421,3.51547241095318e-07,5.956268309681434e-07,4.995990991601973e-07,5.01983179846538e-07
main,WFG1,22,2,1,422,422,422,422,3.514480590993685e-07,5.956268309681434e-07,4.995990991601973e-07,5.01983179846538e-07
main,WFG1,22,2,1,423,423,423,423,3.51348877103419e-07,5.956268309681434e-07,4.995990991601973e-07,5.01983179846538e-07
main,WFG1,22,2,1,424,424,424,424,3.514480590993685e-07,5.956268309681434e-07,4.995990991601973e-07,5.01983179846538e-07
main,WFG1,22,2,1,425,425,425,425,3.51547241095318e-07,5.956268309681434e-07,4.995990991601973e-07,5.01983179846538e-07
main,WFG1,22,2,1,426,426,426,426,3.514480590993685e-07,5.956268309681434e-07,4.995990991601973e-07,5.01983179846538e-07
main,WFG1,22,2,1,427,427,427,427,3.51547241095318e-07,5.956268309681434e-07,4.995990991601973e-07,5.01983179846538e-07
main,WFG1,22,2,1,428,428,428,428,3.5160064681960534e-07,5.956268309681434e-07,4.995990991601973e-07,5.01983179846538e-07
main,WFG1,22,2,1,429,429,429,429,3.51547241095318e-07,5.956268309681434e-07,4.995990991601973e-07,5.01983179846538e-07
main,WFG1,22,2,1,430,430,430,430,3.514480590993685e-07,5.956268309681434e-07,4.995990991601973e-07,5.01983179846538e-07
main,WFG1,22,2,1,431,431,431,431,3.51348877103419e-07,5.956268309681434e-07,4.995990991601973e-07,5.01983179846538e-07
main,WFG1,22,2,1,432,432,432,432,3.512115479553657e-07,5.956268309681434e-07,4.995990991601973e-07,5.01983179846538e-07
main,WFG1,22,2,1,433,433,433,433,3.51348877103419e-07,5.956268309681434e-07,4.995990991601973e-07,5.01983179846538e-07
main,WFG1,22,2,1,434,434,434,434,3.512115479553657e-07,5.956268309681434e-07,4.995990991601973e-07,5.01983179846538e-07
main,WFG1,22,2,1,435,435,435,435,3.510742188073124e-07,5.956268309681434e-07,4.995990991601973e-07,5.01983179846538e-07
main,WFG1,22,2,1,436,436,436,436,3.512115479553657e-07,5.997161864890188e-07,4.995990991601973e-07,5.01983179846538e-07
main,WFG1,22,2,1,437,437,437,437,3.51348877103419e-07,5.997161864890188e-07,4.995990991601973e-07,5.01983179846538e-07
main,WFG1,22,2,1,438,438,438,438,3.514480590993685e-07,5.997161864890188e-07,4.995990991601973e-07,5.01983179846538e-07
main,WFG1,22,2,1,439,439,439,439,3.51348877103419e-07,5.997161864890188e-07,4.995990991601973e-07,5.01983179846538e-07
main,WFG1,22,2,1,440,440,440,440,3.514480590993685e-07,5.997161864890188e-07,4.995990991601973e-07,5.01983179846538e-07
main,WFG2,22,2,1,1,1,1,1,1.904869079694116e-07,1.904869079694116e-07,1.2748908995163788e-07,3.877861236567526e-07
main,WFG2,22,2,1,2,2,2,2,1.9412040727639912e-07,1.9775390658338665e-07,3.432826995997118e-07,4.124531933769049e-07
main,WFG2,22,2,1,3,3,3,3,1.9775390658338665e-07,3.8516616823747185e-07,4.757404327149217e-07,4.124531933769049e-07
main,WFG2,22,2,1,4,4,4,4,2.9146003741042925e-07,4.4097900392392475e-07,4.757404327149217e-07,4.124531933769049e-07
main,WFG2,22,2,1,5,5,5,5,1.9775390658338665e-07,4.4097900392392475e-07,4.757404327149217e-07,4.124531933769049e-07
main,WFG2,22,2,1,6,6,6,6,2.9146003741042925e-07,5.323791505418285e-07,5.00488281263145e-07,4.124531933769049e-07
main,WFG2,22,2,1,7,7,7,7,3.8516616823747185e-07,5.323791505418285e-07,5.00488281263145e-07,4.124531933769049e-07
main,WFG2,22,2,1,8,8,8,8,3.1038379669223737e-07,5.323791505418285e-07,5.00488281263145e-07,4.124531933769049e-07
main,WFG2,22,2,1,9,9,9,9,3.8516616823747185e-07,5.323791505418285e-07,5.00488281263145e-07,4.124531933769049e-07
main,WFG2,22,2,1,10,10,10,10,3.1038379669223737e-07,5.323791505418285e-07,5.00488281263145e-07,4.124531933769049e-07
main,WFG2,22,2,1,11,11,11,11,3.8516616823747185e-07,6.874084474972619e-07,5.00488281263145e-07,4.124531933769049e-07
main,WFG2,22,2,1,12,12,12,12,3.2785224932108115e-07,6.874084474972619e-07,5.00488281263145e-07,4.124531933769049e-07
main,WFG2,22,2,1,13,13,13,13,3.524169920332554e-07,6.874084474972619e-07,5.088119506835298e-07,4.124531933769049e-07
main,WFG2,22,2,1,14,14,14,14,3.687915801353636e-07,6.874084474972619e-07,5.088119506835298e-07,4.124531933769049e-07
main,WFG2,22,2,1,15,15,15,15,3.8516616823747185e-07,6.874084474972619e-07,5.088119506835298e-07,4.124531933769049e-07
main,WFG2,22,2,1,16,16,16,16,3.944950104084466e-07,6.874084474972619e-07,5.088119506835298e-07,4.124531933769049e-07
main,WFG2,22,2,1,17,17,17,17,3.8516616823747185e-07,6.874084474972619e-07,5.088119506835298e-07,4.124531933769049e-07
main,WFG2,22,2,1,18,18,18,18,3.687915801353636e-07,6.874084474972619e-07,5.088119506835298e-07,4.124531933769049e-07
main,WFG2,22,2,1,19,19,19,19,3.8516616823747185e-07,6.874084474972619e-07,5.088119506835298e-07,4.425300392935094e-07
main,WFG2,22,2,1,20,20,20,20,3.751192093059963e-07,6.874084474972619e-07,5.088119506835298e-07,4.425300392935094e-07
main,WFG2,22,2,1,21,21,21,21,3.8516616823747185e-07,6.874084474972619e-07,5.088119506835298e-07,4.425300392935094e-07
main,WFG2,22,2,1,22,22,22,22,3.751192093059963e-07,6.874084474972619e-07,5.088119506835298e-07,4.425300392935094e-07
main,WFG2,22,2,1,23,23,23,23,3.8516616823747185e-07,6.874084474972619e-07,5.088119506835298e-07,4.425300392935094e-07
main,WFG2,22,2,1,24,24,24,24,3.944950104084466e-07,6.874084474972619e-07,5.088119506835298e-07,4.425300392935094e-07
main,WFG2,22,2,1,25,25,25,25,3.8516616823747185e-07,6.874084474972619e-07,5.088119506835298e-07,4.425300392935094e-07
main,WFG2,22,2,1,26,26,26,26,3.944950104084466e-07,6.874084474972619e-07,5.088119506835298e-07,4.425300392935094e-07
main,WFG2,22,2,1,27,27,27,27,3.8516616823747185e-07,6.874084474972619e-07,5.088119506835298e-07,4.425300392935094e-07
main,WFG2,22,2,1,28,28,28,28,3.751192093059963e-07,6.874084474972619e-07,5.088119506835298e-07,4.425300392935094e-07
main,WFG2,22,2,1,29,29,29,29,3.6507225037452073e-07,6.874084474972619e-07,5.088119506835298e-07,4.84654349097724e-07
main,WFG2,22,2,1,30,30,30,30,3.5874462120388806e-07,6.874084474972619e-07,5.088119506835298e-07,4.84654349097724e-07
main,WFG2,22,2,1,31,31,31,31,3.524169920332554e-07,6.874084474972619e-07,5.088119506835298e-07,4.84654349097724e-07
main,WFG2,22,2,1,32,32,32,32,3.50479125943437e-07,6.874084474972619e-07,5.088119506835298e-07,4.84654349097724e-07
main,WFG2,22,2,1,33,33,33,33,3.524169920332554e-07,6.874084474972619e-07,5.088119506835298e-07,4.84654349097724e-07
main,WFG2,22,2,1,34,34,34,34,3.50479125943437e-07,6.874084474972619e-07,5.088119506835298e-07,4.84654349097724e-07
main,WFG2,22,2,1,35,35,35,35,3.524169920332554e-07,6.874084474972619e-07,5.088119506835298e-07,4.84654349097724e-07
main,WFG2,22,2,1,36,36,36,36,3.50479125943437e-07,6.874084474972619e-07,5.088119506835298e-07,4.84654349097724e-07
main,WFG2,22,2,1,37,37,37,37,3.485412598536186e-07,6.874084474972619e-07,5.088119506835298e-07,4.84654349097724e-07
main,WFG2,22,2,1,38,38,38,38,3.50479125943437e-07,6.874084474972619e-07,5.088119506835298e-07,4.84654349097724e-07
main,WFG2,22,2,1,39,39,39,39,3.524169920332554e-07,6.874084474972619e-07,5.088119506835298e-07,4.84654349097724e-07
main,WFG2,22,2,1,40,40,40,40,3.5874462120388806e-07,6.874084474972619e-07,5.088119506835298e-07,4.84654349097724e-07
main,WFG2,22,2,1,41,41,41,41,3.524169920332554e-07,6.874084474972619e-07,5.088119506835298e-07,4.84654349097724e-07
main,WFG2,22,2,1,42,42,42,42,3.50479125943437e-07,6.874084474972619e-07,5.088119506835298e-07,4.84654349097724e-07
main,WFG2,22,2,1,43,43,43,43,3.524169920332554e-07,6.874084474972619e-07,5.088119506835298e-07,4.84654349097724e-07
main,WFG2,22,2,1,44,44,44,44,3.50479125943437e-07,6.874084474972619e-07,5.088119506835298e-07,4.84654349097724e-07
main,WFG2,22,2,1,45,45,45,45,3.524169920332554e-07,6.874084474972619e-07,5.088119506835298e-07,4.84654349097724e-07
main,WFG2,22,2,1,46,46,46,46,3.50479125943437e-07,6.874084474972619e-07,5.088119506835298e-07,4.84654349097724e-07
main,WFG2,22,2,1,47,47,47,47,3.524169920332554e-07,6.874084474972619e-07,5.088119506835298e-07,4.84654349097724e-07
main,WFG2,22,2,1,48,48,48,48,3.50479125943437e-07,6.874084474972619e-07,5.088119506835298e-07,4.84654349097724e-07
main,WFG2,22,2,1,49,49,49,49,3.524169920332554e-07,6.874084474972619e-07,5.088119506835298e-07,4.84654349097724e-07
main,WFG2,22,2,1,50,50,50,50,3.50479125943437e-07,6.874084474972619e-07,5.088119506835298e-07,4.84654349097724e-07
main,WFG2,22,2,1,51,51,51,51,3.485412598536186e-07,6.874084474972619e-07,5.088119506835298e-07,4.84654349097724e-07
main,WFG2,22,2,1,52,52,52,52,3.50479125943437e-07,6.874084474972619e-07,5.088119506835298e-07,4.84654349097724e-07
main,WFG2,22,2,1,53,53,53,53,3.524169920332554e-07,6.874084474972619e-07,5.088119506835298e-07,4.84654349097724e-07
main,WFG2,22,2,1,54,54,54,54,3.5874462120388806e-07,6.874084474972619e-07,5.088119506835298e-07,4.84654349097724e-07
main,WFG2,22,2,1,55,55,55,55,3.524169920332554e-07,6.874084474972619e-07,5.088119506835298e-07,4.84654349097724e-07
main,WFG2,22,2,1,56,56,56,56,3.51760864214512e-07,6.874084474972619e-07,5.088119506835298e-07,4.84654349097724e-07
main,WFG2,22,2,1,57,57,57,57,3.524169920332554e-07,6.874084474972619e-07,5.088119506835298e-07,4.84654349097724e-07
main,WFG2,22,2,1,58,58,58,58,3.51760864214512e-07,6.874084474972619e-07,5.088119506835298e-07,4.855385383750743e-07
main,WFG2,22,2,1,59,59,59,59,3.524169920332554e-07,6.874084474972619e-07,5.088119506835298e-07,4.855385383750743e-07
main,WFG2,22,2,1,60,60,60,60,3.5874462120388806e-07,6.874084474972619e-07,5.088119506835298e-07,4.855385383750743e-07
main,WFG2,22,2,1,61,61,61,61,3.6507225037452073e-07,6.874084474972619e-07,5.088119506835298e-07,4.855385383750743e-07
main,WFG2,22,2,1,62,62,62,62,3.5874462120388806e-07,6.874084474972619e-07,5.088119506835298e-07,4.855385383750743e-07
main,WFG2,22,2,1,63,63,63,63,3.524169920332554e-07,6.874084474972619e-07,5.088119506835298e-07,4.855385383750743e-07
main,WFG2,22,2,1,64,64,64,64,3.51760864214512e-07,6.874084474972619e-07,5.088119506835298e-07,4.855385383750743e-07
main,WFG2,22,2,1,65,65,65,65,3.524169920332554e-07,6.874084474972619e-07,5.088119506835298e-07,4.855385383750743e-07
main,WFG2,22,2,1,66,66,66,66,3.5874462120388806e-07,6.874084474972619e-07,5.088119506835298e-07,4.855385383750743e-07
main,WFG2,22,2,1,67,67,67,67,3.524169920332554e-07,6.874084474972619e-07,5.088119506835298e-07,4.974813232472286e-07
main,WFG2,22,2,1,68,68,68,68,3.5874462120388806e-07,6.874084474972619e-07,5.088119506835298e-07,4.974813232472286e-07
main,WFG2,22,2,1,69,69,69,69,3.6507225037452073e-07,6.874084474972619e-07,5.088119506835298e-07,4.974813232472286e-07
main,WFG2,22,2,1,70,70,70,70,3.5874462120388806e-07,6.874084474972619e-07,5.088119506835298e-07,4.974813232472286e-07
main,WFG2,22,2,1,71,71,71,71,3.6507225037452073e-07,6.874084474972619e-07,5.088119506835298e-07,4.974813232472286e-07
main,WFG2,22,2,1,72,72,72,72,3.6660671229316044e-07,6.874084474972619e-07,5.088119506835298e-07,4.974813232472286e-07
main,WFG2,22,2,1,73,73,73,73,3.6814117421180015e-07,6.874084474972619e-07,5.088119506835298e-07,4.974813232472286e-07
main,WFG2,22,2,1,74,74,74,74,3.6660671229316044e-07,6.874084474972619e-07,5.088119506835298e-07,4.974813232472286e-07
main,WFG2,22,2,1,75,75,75,75,3.6507225037452073e-07,6.874084474972619e-07,5.088119506835298e-07,4.974813232472286e-07
main,WFG2,22,2,1,76,76,76,76,3.5874462120388806e-07,6.874084474972619e-07,5.088119506835298e-07,4.974813232472286e-07
main,WFG2,22,2,1,77,77,77,77,3.6507225037452073e-07,6.874084474972619e-07,5.088119506835298e-07,4.974813232472286e-07
main,WFG2,22,2,1,78,78,78,78,3.5874462120388806e-07,6.874084474972619e-07,5.088119506835298e-07,4.974813232472286e-07
main,WFG2,22,2,1,79,79,79,79,3.6507225037452073e-07,6.874084474972619e-07,5.088119506835298e-07,4.974813232472286e-07
main,WFG2,22,2,1,80,80,80,80,3.6660671229316044e-07,6.874084474972619e-07,5.088119506835298e-07,4.974813232472286e-07
main,WFG2,22,2,1,81,81,81,81,3.6507225037452073e-07,6.874084474972619e-07,5.088119506835298e-07,4.974813232472286e-07
main,WFG2,22,2,1,82,82,82,82,3.6660671229316044e-07,6.874084474972619e-07,5.088119506835298e-07,4.974813232472286e-07
main,WFG2,22,2,1,83,83,83,83,3.6814117421180015e-07,6.874084474972619e-07,5.088119506835298e-07,4.974813232472286e-07
main,WFG2,22,2,1,84,84,84,84,3.6660671229316044e-07,6.874084474972619e-07,5.088119506835298e-07,4.974813232472286e-07
main,WFG2,22,2,1,85,85,85,85,3.6814117421180015e-07,6.874084474972619e-07,5.088119506835298e-07,4.974813232472286e-07
main,WFG2,22,2,1,86,86,86,86,3.6660671229316044e-07,6.874084474972619e-07,5.088119506835298e-07,4.974813232472286e-07
main,WFG2,22,2,1,87,87,87,87,3.6814117421180015e-07,6.874084474972619e-07,5.088119506835298e-07,4.974813232472286e-07
main,WFG2,22,2,1,88,88,88,88,3.6660671229316044e-07,6.874084474972619e-07,5.088119506835298e-07,4.974813232472286e-07
main,WFG2,22,2,1,89,89,89,89,3.6814117421180015e-07,6.874084474972619e-07,5.088119506835298e-07,4.974813232472286e-07
main,WFG2,22,2,1,90,90,90,90,3.6660671229316044e-07,6.874084474972619e-07,5.088119506835298e-07,4.974813232472286e-07
main,WFG2,22,2,1,91,91,91,91,3.6507225037452073e-07,6.874084474972619e-07,5.088119506835298e-07,4.974813232472286e-07
main,WFG2,22,2,1,92,92,92,92,3.6660671229316044e-07,6.874084474972619e-07,5.088119506835298e-07,4.974813232472286e-07
main,WFG2,22,2,1,93,93,93,93,3.6507225037452073e-07,6.874084474972619e-07,5.088119506835298e-07,4.974813232472286e-07
main,WFG2,22,2,1,94,94,94,94,3.6660671229316044e-07,6.874084474972619e-07,5.088119506835298e-07,4.974813232472286e-07
main,WFG2,22,2,1,95,95,95,95,3.6814117421180015e-07,6.874084474972619e-07,5.088119506835298e-07,4.974813232472286e-07
main,WFG2,22,2,1,96,96,96,96,3.6660671229316044e-07,6.874084474972619e-07,5.088119506835298e-07,4.974813232472286e-07
main,WFG2,22,2,1,97,97,97,97,3.6507225037452073e-07,6.874084474972619e-07,5.088119506835298e-07,4.976109744814217e-07
main,WFG2,22,2,1,98,98,98,98,3.6660671229316044e-07,6.874084474972619e-07,5.088119506835298e-07,4.976109744814217e-07
main,WFG2,22,2,1,99,99,99,99,3.6814117421180015e-07,6.874084474972619e-07,5.088119506835298e-07,4.976109744814217e-07
main,WFG2,22,2,1,100,100,100,100,3.6660671229316044e-07,6.874084474972619e-07,5.088119506835298e-07,4.976109744814217e-07
main,WFG2,22,2,1,101,101,101,101,3.6507225037452073e-07,6.874084474972619e-07,5.088119506835298e-07,4.976109744814217e-07
main,WFG2,22,2,1,102,102,102,102,3.6660671229316044e-07,6.874084474972619e-07,5.088119506835298e-07,4.976109744814217e-07
main,WFG2,22,2,1,103,103,103,103,3.6814117421180015e-07,6.874084474972619e-07,5.088119506835298e-07,4.976109744814217e-07
main,WFG2,22,2,1,104,104,104,104,3.7012100218003496e-07,6.874084474972619e-07,5.088119506835298e-07,4.976109744814217e-07
main,WFG2,22,2,1,105,105,105,105,3.721008301482698e-07,6.874084474972619e-07,5.088119506835298e-07,4.976109744814217e-07
main,WFG2,22,2,1,106,106,106,106,3.7012100218003496e-07,6.874084474972619e-07,5.088119506835298e-07,4.976109744814217e-07
main,WFG2,22,2,1,107,107,107,107,3.721008301482698e-07,6.874084474972619e-07,5.088119506835298e-07,4.976109744814217e-07
main,WFG2,22,2,1,108,108,108,108,3.7212371828410085e-07,6.874084474972619e-07,5.088119506835298e-07,4.976109744814217e-07
main,WFG2,22,2,1,109,109,109,109,3.721008301482698e-07,6.874084474972619e-07,5.088119506835298e-07,4.976109744814217e-07
main,WFG2,22,2,1,110,110,110,110,3.7212371828410085e-07,6.874084474972619e-07,5.088119506835298e-07,4.976109744814217e-07
main,WFG2,22,2,1,111,111,111,111,3.721466064199319e-07,6.874084474972619e-07,5.088119506835298e-07,4.976109744814217e-07
main,WFG2,22,2,1,112,112,112,112,3.728065490760102e-07,6.874084474972619e-07,5.088119506835298e-07,4.976109744814217e-07
main,WFG2,22,2,1,113,113,113,113,3.721466064199319e-07,6.874084474972619e-07,5.088119506835298e-07,4.976109744814217e-07
main,WFG2,22,2,1,114,114,114,114,3.7212371828410085e-07,6.874084474972619e-07,5.088119506835298e-07,4.976109744814217e-07
main,WFG2,22,2,1,115,115,115,115,3.721466064199319e-07,6.874084474972619e-07,5.088119506835298e-07,4.976109744814217e-07
main,WFG2,22,2,1,116,116,116,116,3.7212371828410085e-07,6.874084474972619e-07,5.088119506835298e-07,4.976109744814217e-07
main,WFG2,22,2,1,117,117,117,117,3.721466064199319e-07,6.874084474972619e-07,5.088119506835298e-07,4.976109744814217e-07
main,WFG2,22,2,1,118,118,118,118,3.7212371828410085e-07,6.874084474972619e-07,5.088119506835298e-07,4.976109744814217e-07
main,WFG2,22,2,1,119,119,119,119,3.721466064199319e-07,6.874084474972619e-07,5.088119506835298e-07,4.976109744814217e-07
main,WFG2,22,2,1,120,120,120,120,3.7212371828410085e-07,6.874084474972619e-07,5.088119506835298e-07,4.976109744814217e-07
main,WFG2,22,2,1,121,121,121,121,3.721008301482698e-07,6.874084474972619e-07,5.088119506835298e-07,4.976109744814217e-07
main,WFG2,22,2,1,122,122,122,122,3.7212371828410085e-07,6.874084474972619e-07,5.088119506835298e-07,4.976109744814217e-07
main,WFG2,22,2,1,123,123,123,123,3.721008301482698e-07,6.874084474972619e-07,5.088119506835298e-07,4.976109744814217e-07
main,WFG2,22,2,1,124,124,124,124,3.7212371828410085e-07,6.874084474972619e-07,5.088119506835298e-07,4.976109744814217e-07
main,WFG2,22,2,1,125,125,125,125,3.721008301482698e-07,6.874084474972619e-07,5.088119506835298e-07,4.976109744814217e-07
main,WFG2,22,2,1,126,126,126,126,3.7012100218003496e-07,6.874084474972619e-07,5.088119506835298e-07,4.976109744814217e-07
main,WFG2,22,2,1,127,127,127,127,3.6814117421180015e-07,6.874084474972619e-07,5.088119506835298e-07,4.976109744814217e-07
main,WFG2,22,2,1,128,128,128,128,3.7012100218003496e-07,6.874084474972619e-07,5.088119506835298e-07,4.976109744814217e-07
main,WFG2,22,2,1,129,129,129,129,3.6814117421180015e-07,6.874084474972619e-07,5.088119506835298e-07,4.976109744814217e-07
main,WFG2,22,2,1,130,130,130,130,3.6660671229316044e-07,6.874084474972619e-07,5.088119506835298e-07,4.976109744814217e-07
main,WFG2,22,2,1,131,131,131,131,3.6507225037452073e-07,6.874084474972619e-07,5.088119506835298e-07,4.976109744814217e-07
main,WFG2,22,2,1,132,132,132,132,3.6660671229316044e-07,6.874084474972619e-07,5.088119506835298e-07,4.976109744814217e-07
main,WFG2,22,2,1,133,133,133,133,3.6814117421180015e-07,6.874084474972619e-07,5.088119506835298e-07,4.976109744814217e-07
main,WFG2,22,2,1,134,134,134,134,3.6660671229316044e-07,6.874084474972619e-07,5.088119506835298e-07,4.976109744814217e-07
main,WFG2,22,2,1,135,135,135,135,3.6814117421180015e-07,6.874084474972619e-07,5.088119506835298e-07,4.976109744814217e-07
main,WFG2,22,2,1,136,136,136,136,3.6660671229316044e-07,6.874084474972619e-07,5.088119506835298e-07,4.976109744814217e-07
main,WFG2,22,2,1,137,137,137,137,3.6507225037452073e-07,6.874084474972619e-07,5.088119506835298e-07,4.976109744814217e-07
main,WFG2,22,2,1,138,138,138,138,3.6660671229316044e-07,6.874084474972619e-07,5.088119506835298e-07,4.976109744814217e-07
main,WFG2,22,2,1,139,139,139,139,3.6814117421180015e-07,6.874084474972619e-07,5.088119506835298e-07,4.976109744814217e-07
main,WFG2,22,2,1,140,140,140,140,3.6660671229316044e-07,6.874084474972619e-07,5.088119506835298e-07,4.976109744814217e-07
main,WFG2,22,2,1,141,141,141,141,3.6507225037452073e-07,6.874084474972619e-07,5.088119506835298e-07,4.976109744814217e-07
main,WFG2,22,2,1,142,142,142,142,3.6660671229316044e-07,6.874084474972619e-07,5.088119506835298e-07,4.976109744814217e-07
main,WFG2,22,2,1,143,143,143,143,3.6507225037452073e-07,6.874084474972619e-07,5.088119506835298e-07,4.976109744814217e-07
main,WFG2,22,2,1,144,144,144,144,3.6660671229316044e-07,6.874084474972619e-07,5.088119506835298e-07,4.976109744814217e-07
main,WFG2,22,2,1,145,145,145,145,3.6814117421180015e-07,6.874084474972619e-07,5.097961425781783e-07,4.976109744814217e-07
main,WFG2,22,2,1,146,146,146,146,3.6660671229316044e-07,6.874084474972619e-07,5.097961425781783e-07,4.976109744814217e-07
main,WFG2,22,2,1,147,147,147,147,3.6814117421180015e-07,6.874084474972619e-07,5.097961425781783e-07,4.976109744814217e-07
main,WFG2,22,2,1,148,148,148,148,3.7012100218003496e-07,6.874084474972619e-07,5.097961425781783e-07,4.976109744814217e-07
main,WFG2,22,2,1,149,149,149,149,3.6814117421180015e-07,6.874084474972619e-07,5.097961425781783e-07,4.976109744814217e-07
main,WFG2,22,2,1,150,150,150,150,3.7012100218003496e-07,6.874084474972619e-07,5.097961425781783e-07,4.976109744814217e-07
main,WFG2,22,2,1,151,151,151,151,3.721008301482698e-07,6.874084474972619e-07,5.097961425781783e-07,4.976109744814217e-07
main,WFG2,22,2,1,152,152,152,152,3.7212371828410085e-07,6.874084474972619e-07,5.097961425781783e-07,4.976109744814217e-07
main,WFG2,22,2,1,153,153,153,153,3.721466064199319e-07,6.874084474972619e-07,5.097961425781783e-07,4.976109744814217e-07
main,WFG2,22,2,1,154,154,154,154,3.722076415968445e-07,6.874084474972619e-07,5.097961425781783e-07,4.976109744814217e-07
main,WFG2,22,2,1,155,155,155,155,3.721466064199319e-07,6.874084474972619e-07,5.097961425781783e-07,4.976109744814217e-07
main,WFG2,22,2,1,156,156,156,156,3.722076415968445e-07,6.874084474972619e-07,5.097961425781783e-07,4.976109744814217e-07
main,WFG2,22,2,1,157,157,157,157,3.722686767737571e-07,6.874084474972619e-07,5.097961425781783e-07,4.976109744814217e-07
main,WFG2,22,2,1,158,158,158,158,3.722076415968445e-07,6.874084474972619e-07,5.097961425781783e-07,4.976109744814217e-07
main,WFG2,22,2,1,159,159,159,159,3.721466064199319e-07,6.874084474972619e-07,5.097961425781783e-07,4.976109744814217e-07
main,WFG2,22,2,1,160,160,160,160,3.7212371828410085e-07,6.874084474972619e-07,5.097961425781783e-07,4.976109744814217e-07
main,WFG2,22,2,1,161,161,161,161,3.721466064199319e-07,6.874084474972619e-07,5.097961425781783e-07,4.976109744814217e-07
main,WFG2,22,2,1,162,162,162,162,3.722076415968445e-07,6.874084474972619e-07,5.097961425781783e-07,4.976109744814217e-07
main,WFG2,22,2,1,163,163,163,163,3.722686767737571e-07,6.874084474972619e-07,5.097961425781783e-07,4.976109744814217e-07
main,WFG2,22,2,1,164,164,164,164,3.7286758425292277e-07,6.874084474972619e-07,5.097961425781783e-07,4.976109744814217e-07
main,WFG2,22,2,1,165,165,165,165,3.722686767737571e-07,6.874084474972619e-07,5.097961425781783e-07,4.976109744814217e-07
main,WFG2,22,2,1,166,166,166,166,3.722076415968445e-07,6.874084474972619e-07,5.097961425781783e-07,4.976109744814217e-07
main,WFG2,22,2,1,167,167,167,167,3.722686767737571e-07,6.874084474972619e-07,5.097961425781783e-07,4.976109744814217e-07
main,WFG2,22,2,1,168,168,168,168,3.722076415968445e-07,6.874084474972619e-07,5.097961425781783e-07,4.976109744814217e-07
main,WFG2,22,2,1,169,169,169,169,3.722686767737571e-07,6.874084474972619e-07,5.097961425781783e-07,4.976109744814217e-07
main,WFG2,22,2,1,170,170,170,170,3.7286758425292277e-07,6.874084474972619e-07,5.097961425781783e-07,4.976109744814217e-07
main,WFG2,22,2,1,171,171,171,171,3.722686767737571e-07,6.874084474972619e-07,5.097961425781783e-07,4.976109744814217e-07
main,WFG2,22,2,1,172,172,172,172,3.722076415968445e-07,6.874084474972619e-07,5.097961425781783e-07,4.976109744814217e-07
main,WFG2,22,2,1,173,173,173,173,3.722686767737571e-07,6.874084474972619e-07,5.097961425781783e-07,4.976109744814217e-07
main,WFG2,22,2,1,174,174,174,174,3.722076415968445e-07,6.874084474972619e-07,5.097961425781783e-07,4.976109744814217e-07
main,WFG2,22,2,1,175,175,175,175,3.721466064199319e-07,6.874084474972619e-07,5.097961425781783e-07,4.976109744814217e-07
main,WFG2,22,2,1,176,176,176,176,3.722076415968445e-07,6.874084474972619e-07,5.097961425781783e-07,4.976109744814217e-07
main,WFG2,22,2,1,177,177,177,177,3.722686767737571e-07,6.874084474972619e-07,5.097961425781783e-07,4.976109744814217e-07
main,WFG2,22,2,1,178,178,178,178,3.722076415968445e-07,6.874084474972619e-07,5.097961425781783e-07,4.976109744814217e-07
main,WFG2,22,2,1,179,179,179,179,3.721466064199319e-07,6.874084474972619e-07,5.097961425781783e-07,4.991282310240486e-07
main,WFG2,22,2,1,180,180,180,180,3.722076415968445e-07,6.874084474972619e-07,5.097961425781783e-07,4.991282310240486e-07
main,WFG2,22,2,1,181,181,181,181,3.722686767737571e-07,6.874084474972619e-07,5.097961425781783e-07,4.991282310240486e-07
main,WFG2,22,2,1,182,182,182,182,3.722076415968445e-07,6.874084474972619e-07,5.097961425781783e-07,4.991282310240486e-07
main,WFG2,22,2,1,183,183,183,183,3.721466064199319e-07,6.874084474972619e-07,5.097961425781783e-07,4.991282310240486e-07
main,WFG2,22,2,1,184,184,184,184,3.722076415968445e-07,6.874084474972619e-07,5.097961425781783e-07,4.991282310240486e-07
main,WFG2,22,2,1,185,185,185,185,3.722686767737571e-07,6.874084474972619e-07,5.097961425781783e-07,4.991282310240486e-07
main,WFG2,22,2,1,186,186,186,186,3.7286758425292277e-07,6.874084474972619e-07,5.097961425781783e-07,4.991282310240486e-07
main,WFG2,22,2,1,187,187,187,187,3.7346649173208846e-07,6.874084474972619e-07,5.097961425781783e-07,4.991282310240486e-07
main,WFG2,22,2,1,188,188,188,188,3.7286758425292277e-07,6.874084474972619e-07,5.097961425781783e-07,4.991282310240486e-07
main,WFG2,22,2,1,189,189,189,189,3.722686767737571e-07,6.874084474972619e-07,5.097961425781783e-07,4.991282310240486e-07
main,WFG2,22,2,1,190,190,190,190,3.7286758425292277e-07,6.920471191662614e-07,5.097961425781783e-07,4.991282310240486e-07
main,WFG2,22,2,1,191,191,191,191,3.7346649173208846e-07,6.920471191662614e-07,5.097961425781783e-07,4.991282310240486e-07
main,WFG2,22,2,1,192,192,192,192,3.7286758425292277e-07,6.920471191662614e-07,5.097961425781783e-07,4.991282310240486e-07
main,WFG2,22,2,1,193,193,193,193,3.7346649173208846e-07,6.920471191662614e-07,5.097961425781783e-07,4.991282310240486e-07
main,WFG2,22,2,1,194,194,194,194,3.7286758425292277e-07,6.920471191662614e-07,5.097961425781783e-07,4.991282310240486e-07
main,WFG2,22,2,1,195,195,195,195,3.7346649173208846e-07,6.920471191662614e-07,5.097961425781783e-07,4.991282310240486e-07
main,WFG2,22,2,1,196,196,196,196,3.7286758425292277e-07,6.920471191662614e-07,5.097961425781783e-07,4.991282310240486e-07
main,WFG2,22,2,1,197,197,197,197,3.722686767737571e-07,6.920471191662614e-07,5.097961425781783e-07,4.991282310240486e-07
main,WFG2,22,2,1,198,198,198,198,3.722076415968445e-07,6.920471191662614e-07,5.097961425781783e-07,4.991282310240486e-07
main,WFG2,22,2,1,199,199,199,199,3.721466064199319e-07,6.920471191662614e-07,5.097961425781783e-07,4.991282310240486e-07
main,WFG2,22,2,1,200,200,200,200,3.7212371828410085e-07,6.920471191662614e-07,5.097961425781783e-07,4.991282310240486e-07
main,WFG2,22,2,1,201,201,201,201,3.721008301482698e-07,6.920471191662614e-07,5.097961425781783e-07,4.991282310240486e-07
main,WFG2,22,2,1,202,202,202,202,3.7012100218003496e-07,6.920471191662614e-07,5.097961425781783e-07,4.991282310240486e-07
main,WFG2,22,2,1,203,203,203,203,3.6814117421180015e-07,6.920471191662614e-07,5.097961425781783e-07,4.991282310240486e-07
main,WFG2,22,2,1,204,204,204,204,3.6660671229316044e-07,6.920471191662614e-07,5.097961425781783e-07,4.991282310240486e-07
main,WFG2,22,2,1,205,205,205,205,3.6814117421180015e-07,6.920471191662614e-07,5.097961425781783e-07,4.991282310240486e-07
main,WFG2,22,2,1,206,206,206,206,3.7012100218003496e-07,6.920471191662614e-07,5.097961425781783e-07,4.991282310240486e-07
main,WFG2,22,2,1,207,207,207,207,3.6814117421180015e-07,6.920471191662614e-07,5.097961425781783e-07,4.991282310240486e-07
main,WFG2,22,2,1,208,208,208,208,3.7012100218003496e-07,6.920471191662614e-07,5.097961425781783e-07,4.991282310240486e-07
main,WFG2,22,2,1,209,209,209,209,3.6814117421180015e-07,6.920471191662614e-07,5.097961425781783e-07,4.991282310240486e-07
main,WFG2,22,2,1,210,210,210,210,3.7012100218003496e-07,6.920471191662614e-07,5.097961425781783e-07,4.991282310240486e-07
main,WFG2,22,2,1,211,211,211,211,3.6814117421180015e-07,6.920471191662614e-07,5.097961425781783e-07,4.991282310240486e-07
main,WFG2,22,2,1,212,212,212,212,3.7012100218003496e-07,6.920471191662614e-07,5.097961425781783e-07,4.991282310240486e-07
main,WFG2,22,2,1,213,213,213,213,3.6814117421180015e-07,6.920471191662614e-07,5.097961425781783e-07,4.991282310240486e-07
main,WFG2,22,2,1,214,214,214,214,3.6660671229316044e-07,6.920471191662614e-07,5.097961425781783e-07,4.991282310240486e-07
main,WFG2,22,2,1,215,215,215,215,3.6814117421180015e-07,6.920471191662614e-07,5.097961425781783e-07,4.991282310240486e-07
main,WFG2,22,2,1,216,216,216,216,3.7012100218003496e-07,6.920471191662614e-07,5.097961425781783e-07,4.991282310240486e-07
main,WFG2,22,2,1,217,217,217,217,3.6814117421180015e-07,6.920471191662614e-07,5.097961425781783e-07,4.991282310240486e-07
main,WFG2,22,2,1,218,218,218,218,3.6660671229316044e-07,6.920471191662614e-07,5.097961425781783e-07,4.991282310240486e-07
main,WFG2,22,2,1,219,219,219,219,3.6814117421180015e-07,6.920471191662614e-07,5.097961425781783e-07,4.991282310240486e-07
main,WFG2,22,2,1,220,220,220,220,3.6709213252494877e-07,6.920471191662614e-07,5.097961425781783e-07,4.991282310240486e-07
main,WFG2,22,2,1,221,221,221,221,3.660430908380974e-07,6.920471191662614e-07,5.097961425781783e-07,4.991282310240486e-07
main,WFG2,22,2,1,222,222,222,222,3.6555767060630906e-07,6.920471191662614e-07,5.097961425781783e-07,4.991282310240486e-07
main,WFG2,22,2,1,223,223,223,223,3.6507225037452073e-07,6.920471191662614e-07,5.097961425781783e-07,4.991282310240486e-07
main,WFG2,22,2,1,224,224,224,224,3.6555767060630906e-07,6.920471191662614e-07,5.097961425781783e-07,4.991282310240486e-07
main,WFG2,22,2,1,225,225,225,225,3.660430908380974e-07,6.920471191662614e-07,5.097961425781783e-07,4.991282310240486e-07
main,WFG2,22,2,1,226,226,226,226,3.6709213252494877e-07,6.920471191662614e-07,5.097961425781783e-07,4.991282310240486e-07
main,WFG2,22,2,1,227,227,227,227,3.6814117421180015e-07,6.920471191662614e-07,5.097961425781783e-07,4.991282310240486e-07
main,WFG2,22,2,1,228,228,228,228,3.6709213252494877e-07,6.920471191662614e-07,5.097961425781783e-07,4.991282310240486e-07
main,WFG2,22,2,1,229,229,229,229,3.6814117421180015e-07,6.920471191662614e-07,5.097961425781783e-07,4.991282310240486e-07
main,WFG2,22,2,1,230,230,230,230,3.7012100218003496e-07,6.920471191662614e-07,5.097961425781783e-07,4.991282310240486e-07
main,WFG2,22,2,1,231,231,231,231,3.6814117421180015e-07,6.920471191662614e-07,5.097961425781783e-07,4.991282310240486e-07
main,WFG2,22,2,1,232,232,232,232,3.7012100218003496e-07,6.920471191662614e-07,5.097961425781783e-07,4.991282310240486e-07
main,WFG2,22,2,1,233,233,233,233,3.721008301482698e-07,6.920471191662614e-07,5.097961425781783e-07,4.991282310240486e-07
main,WFG2,22,2,1,234,234,234,234,3.7212371828410085e-07,6.920471191662614e-07,5.097961425781783e-07,4.991282310240486e-07
main,WFG2,22,2,1,235,235,235,235,3.721466064199319e-07,6.920471191662614e-07,5.097961425781783e-07,4.991282310240486e-07
main,WFG2,22,2,1,236,236,236,236,3.722076415968445e-07,6.920471191662614e-07,5.097961425781783e-07,4.991282310240486e-07
main,WFG2,22,2,1,237,237,237,237,3.721466064199319e-07,6.920471191662614e-07,5.097961425781783e-07,4.991282310240486e-07
main,WFG2,22,2,1,238,238,238,238,3.722076415968445e-07,6.920471191662614e-07,5.097961425781783e-07,4.991282310240486e-07
main,WFG2,22,2,1,239,239,239,239,3.721466064199319e-07,6.920471191662614e-07,5.097961425781783e-07,4.991282310240486e-07
main,WFG2,22,2,1,240,240,240,240,3.722076415968445e-07,6.920471191662614e-07,5.097961425781783e-07,4.991282310240486e-07
main,WFG2,22,2,1,241,241,241,241,3.722686767737571e-07,6.920471191662614e-07,5.097961425781783e-07,4.991282310240486e-07
main,WFG2,22,2,1,242,242,242,242,3.722076415968445e-07,6.920471191662614e-07,5.097961425781783e-07,4.991282310240486e-07
main,WFG2,22,2,1,243,243,243,243,3.721466064199319e-07,6.920471191662614e-07,5.097961425781783e-07,4.991282310240486e-07
main,WFG2,22,2,1,244,244,244,244,3.7212371828410085e-07,6.920471191662614e-07,5.097961425781783e-07,4.991282310240486e-07
main,WFG2,22,2,1,245,245,245,245,3.721008301482698e-07,6.920471191662614e-07,5.097961425781783e-07,4.991282310240486e-07
main,WFG2,22,2,1,246,246,246,246,3.7012100218003496e-07,6.920471191662614e-07,5.097961425781783e-07,4.991282310240486e-07
main,WFG2,22,2,1,247,247,247,247,3.715972900497633e-07,6.920471191662614e-07,5.097961425781783e-07,4.991282310240486e-07
main,WFG2,22,2,1,248,248,248,248,3.718490600990165e-07,6.920471191662614e-07,5.097961425781783e-07,4.991282310240486e-07
main,WFG2,22,2,1,249,249,249,249,3.715972900497633e-07,6.920471191662614e-07,5.097961425781783e-07,4.991282310240486e-07
main,WFG2,22,2,1,250,250,250,250,3.718490600990165e-07,6.920471191662614e-07,5.097961425781783e-07,4.991282310240486e-07
main,WFG2,22,2,1,251,251,251,251,3.715972900497633e-07,6.920471191662614e-07,5.097961425781783e-07,4.991282310240486e-07
main,WFG2,22,2,1,252,252,252,252,3.698692321307817e-07,6.920471191662614e-07,5.097961425781783e-07,4.991282310240486e-07
main,WFG2,22,2,1,253,253,253,253,3.715972900497633e-07,6.920471191662614e-07,5.097961425781783e-07,4.991282310240486e-07
main,WFG2,22,2,1,254,254,254,254,3.718490600990165e-07,6.920471191662614e-07,5.097961425781783e-07,4.991282310240486e-07
main,WFG2,22,2,1,255,255,255,255,3.715972900497633e-07,6.920471191662614e-07,5.097961425781783e-07,4.991282310240486e-07
main,WFG2,22,2,1,256,256,256,256,3.718490600990165e-07,6.920471191662614e-07,5.097961425781783e-07,4.991282310240486e-07
main,WFG2,22,2,1,257,257,257,257,3.721008301482698e-07,6.920471191662614e-07,5.097961425781783e-07,4.991282310240486e-07
main,WFG2,22,2,1,258,258,258,258,3.718490600990165e-07,6.920471191662614e-07,5.097961425781783e-07,4.991282310240486e-07
main,WFG2,22,2,1,259,259,259,259,3.721008301482698e-07,6.920471191662614e-07,5.097961425781783e-07,4.991282310240486e-07
main,WFG2,22,2,1,260,260,260,260,3.718490600990165e-07,6.920471191662614e-07,5.097961425781783e-07,4.991282310240486e-07
main,WFG2,22,2,1,261,261,261,261,3.715972900497633e-07,6.920471191662614e-07,5.097961425781783e-07,4.991282310240486e-07
main,WFG2,22,2,1,262,262,262,262,3.718490600990165e-07,6.920471191662614e-07,5.097961425781783e-07,4.991282310240486e-07
main,WFG2,22,2,1,263,263,263,263,3.721008301482698e-07,6.920471191662614e-07,5.097961425781783e-07,4.991282310240486e-07
main,WFG2,22,2,1,264,264,264,264,3.718490600990165e-07,6.920471191662614e-07,5.097961425781783e-07,4.991282310240486e-07
main,WFG2,22,2,1,265,265,265,265,3.715972900497633e-07,6.920471191662614e-07,5.097961425781783e-07,4.991282310240486e-07
main,WFG2,22,2,1,266,266,266,266,3.700332641409787e-07,6.920471191662614e-07,5.097961425781783e-07,4.991282310240486e-07
main,WFG2,22,2,1,267,267,267,267,3.6846923823219413e-07,6.920471191662614e-07,5.097961425781783e-07,4.991282310240486e-07
main,WFG2,22,2,1,268,268,268,268,3.700332641409787e-07,6.920471191662614e-07,5.097961425781783e-07,4.991282310240486e-07
main,WFG2,22,2,1,269,269,269,269,3.6846923823219413e-07,6.920471191662614e-07,5.097961425781783e-07,4.991282310240486e-07
main,WFG2,22,2,1,270,270,270,270,3.700332641409787e-07,6.920471191662614e-07,5.097961425781783e-07,4.991282310240486e-07
main,WFG2,22,2,1,271,271,271,271,3.6846923823219413e-07,6.920471191662614e-07,5.097961425781783e-07,4.991282310240486e-07
main,WFG2,22,2,1,272,272,272,272,3.700332641409787e-07,6.920471191662614e-07,5.097961425781783e-07,4.991282310240486e-07
main,WFG2,22,2,1,273,273,273,273,3.6846923823219413e-07,6.920471191662614e-07,5.097961425781783e-07,4.991282310240486e-07
main,WFG2,22,2,1,274,274,274,274,3.6830520622199714e-07,6.920471191662614e-07,5.097961425781783e-07,4.991282310240486e-07
main,WFG2,22,2,1,275,275,275,275,3.6814117421180015e-07,6.920471191662614e-07,5.097961425781783e-07,4.991282310240486e-07
main,WFG2,22,2,1,276,276,276,276,3.6709213252494877e-07,6.920471191662614e-07,5.097961425781783e-07,4.991282310240486e-07
main,WFG2,22,2,1,277,277,277,277,3.6814117421180015e-07,6.920471191662614e-07,5.097961425781783e-07,4.991282310240486e-07
main,WFG2,22,2,1,278,278,278,278,3.6830520622199714e-07,6.920471191662614e-07,5.097961425781783e-07,4.991282310240486e-07
main,WFG2,22,2,1,279,279,279,279,3.6846923823219413e-07,6.920471191662614e-07,5.097961425781783e-07,4.991282310240486e-07
main,WFG2,22,2,1,280,280,280,280,3.6830520622199714e-07,6.920471191662614e-07,5.097961425781783e-07,4.991282310240486e-07
main,WFG2,22,2,1,281,281,281,281,3.6846923823219413e-07,6.920471191662614e-07,5.097961425781783e-07,4.991282310240486e-07
main,WFG2,22,2,1,282,282,282,282,3.6830520622199714e-07,6.920471191662614e-07,5.097961425781783e-07,4.991282310240486e-07
main,WFG2,22,2,1,283,283,283,283,3.6846923823219413e-07,6.920471191662614e-07,5.097961425781783e-07,4.991282310240486e-07
main,WFG2,22,2,1,284,284,284,284,3.6830520622199714e-07,6.920471191662614e-07,5.097961425781783e-07,4.991282310240486e-07
main,WFG2,22,2,1,285,285,285,285,3.6814117421180015e-07,6.920471191662614e-07,5.097961425781783e-07,4.991282310240486e-07
main,WFG2,22,2,1,286,286,286,286,3.6830520622199714e-07,6.920471191662614e-07,5.097961425781783e-07,4.991282310240486e-07
main,WFG2,22,2,1,287,287,287,287,3.6846923823219413e-07,6.920471191662614e-07,5.097961425781783e-07,4.991282310240486e-07
main,WFG2,22,2,1,288,288,288,288,3.700332641409787e-07,6.920471191662614e-07,5.097961425781783e-07,4.991282310240486e-07
main,WFG2,22,2,1,289,289,289,289,3.6846923823219413e-07,6.920471191662614e-07,5.097961425781783e-07,4.991282310240486e-07
main,WFG2,22,2,1,290,290,290,290,3.6830520622199714e-07,6.920471191662614e-07,5.097961425781783e-07,4.991282310240486e-07
main,WFG2,22,2,1,291,291,291,291,3.6846923823219413e-07,6.920471191662614e-07,5.097961425781783e-07,4.991282310240486e-07
main,WFG2,22,2,1,292,292,292,292,3.700332641409787e-07,6.920471191662614e-07,5.097961425781783e-07,4.991282310240486e-07
main,WFG2,22,2,1,293,293,293,293,3.6846923823219413e-07,6.920471191662614e-07,5.097961425781783e-07,4.991282310240486e-07
main,WFG2,22,2,1,294,294,294,294,3.6830520622199714e-07,6.920471191662614e-07,5.097961425781783e-07,4.991282310240486e-07
main,WFG2,22,2,1,295,295,295,295,3.6846923823219413e-07,6.920471191662614e-07,5.097961425781783e-07,4.991282310240486e-07
main,WFG2,22,2,1,296,296,296,296,3.6830520622199714e-07,6.920471191662614e-07,5.097961425781783e-07,4.991282310240486e-07
main,WFG2,22,2,1,297,297,297,297,3.6846923823219413e-07,6.920471191662614e-07,5.097961425781783e-07,4.991282310240486e-07
main,WFG2,22,2,1,298,298,298,298,3.686904906929911e-07,6.920471191662614e-07,5.097961425781783e-07,4.991282310240486e-07
main,WFG2,22,2,1,299,299,299,299,3.6891174315378805e-07,6.920471191662614e-07,5.097961425781783e-07,4.991282310240486e-07
main,WFG2,22,2,1,300,300,300,300,3.686904906929911e-07,6.920471191662614e-07,5.097961425781783e-07,4.991282310240486e-07
main,WFG2,22,2,1,301,301,301,301,3.6891174315378805e-07,6.920471191662614e-07,5.097961425781783e-07,4.991282310240486e-07
main,WFG2,22,2,1,302,302,302,302,3.686904906929911e-07,6.920471191662614e-07,5.097961425781783e-07,4.991282310240486e-07
main,WFG2,22,2,1,303,303,303,303,3.6846923823219413e-07,6.920471191662614e-07,5.097961425781783e-07,4.991282310240486e-07
main,WFG2,22,2,1,304,304,304,304,3.6830520622199714e-07,6.920471191662614e-07,5.097961425781783e-07,4.991282310240486e-07
main,WFG2,22,2,1,305,305,305,305,3.6814117421180015e-07,6.920471191662614e-07,5.097961425781783e-07,4.991282310240486e-07
main,WFG2,22,2,1,306,306,306,306,3.6709213252494877e-07,6.920471191662614e-07,5.097961425781783e-07,4.991282310240486e-07
main,WFG2,22,2,1,307,307,307,307,3.6814117421180015e-07,6.920471191662614e-07,5.097961425781783e-07,4.991282310240486e-07
main,WFG2,22,2,1,308,308,308,308,3.6830520622199714e-07,6.920471191662614e-07,5.097961425781783e-07,4.991282310240486e-07
main,WFG2,22,2,1,309,309,309,309,3.6814117421180015e-07,6.920471191662614e-07,5.097961425781783e-07,4.991282310240486e-07
main,WFG2,22,2,1,310,310,310,310,3.6830520622199714e-07,6.920471191662614e-07,5.097961425781783e-07,4.991282310240486e-07
main,WFG2,22,2,1,311,311,311,311,3.6846923823219413e-07,6.920471191662614e-07,5.097961425781783e-07,4.991282310240486e-07
main,WFG2,22,2,1,312,312,312,312,3.686904906929911e-07,6.920471191662614e-07,5.097961425781783e-07,4.991282310240486e-07
main,WFG2,22,2,1,313,313,313,313,3.6846923823219413e-07,6.920471191662614e-07,5.097961425781783e-07,4.991282310240486e-07
main,WFG2,22,2,1,314,314,314,314,3.6830520622199714e-07,6.920471191662614e-07,5.097961425781783e-07,4.991282310240486e-07
main,WFG2,22,2,1,315,315,315,315,3.6846923823219413e-07,6.920471191662614e-07,5.097961425781783e-07,4.991282310240486e-07
main,WFG2,22,2,1,316,316,316,316,3.686904906929911e-07,6.920471191662614e-07,5.097961425781783e-07,4.991282310240486e-07
main,WFG2,22,2,1,317,317,317,317,3.6891174315378805e-07,6.920471191662614e-07,5.097961425781783e-07,4.991282310240486e-07
main,WFG2,22,2,1,318,318,318,318,3.694686888655596e-07,6.920471191662614e-07,5.097961425781783e-07,4.991282310240486e-07
main,WFG2,22,2,1,319,319,319,319,3.6891174315378805e-07,6.920471191662614e-07,5.097961425781783e-07,4.991282310240486e-07
main,WFG2,22,2,1,320,320,320,320,3.686904906929911e-07,6.920471191662614e-07,5.097961425781783e-07,4.991282310240486e-07
main,WFG2,22,2,1,321,321,321,321,3.6891174315378805e-07,6.920471191662614e-07,5.097961425781783e-07,4.991282310240486e-07
main,WFG2,22,2,1,322,322,322,322,3.694686888655596e-07,6.920471191662614e-07,5.097961425781783e-07,4.991282310240486e-07
main,WFG2,22,2,1,323,323,323,323,3.6891174315378805e-07,6.920471191662614e-07,5.097961425781783e-07,4.991282310240486e-07
main,WFG2,22,2,1,324,324,324,324,3.686904906929911e-07,6.920471191662614e-07,5.097961425781783e-07,4.991282310240486e-07
main,WFG2,22,2,1,325,325,325,325,3.6891174315378805e-07,6.920471191662614e-07,5.097961425781783e-07,4.991282310240486e-07
main,WFG2,22,2,1,326,326,326,326,3.686904906929911e-07,6.920471191662614e-07,5.097961425781783e-07,4.991282310240486e-07
main,WFG2,22,2,1,327,327,327,327,3.6846923823219413e-07,6.920471191662614e-07,5.097961425781783e-07,4.991282310240486e-07
main,WFG2,22,2,1,328,328,328,328,3.6830520622199714e-07,6.920471191662614e-07,5.097961425781783e-07,4.991282310240486e-07
main,WFG2,22,2,1,329,329,329,329,3.6814117421180015e-07,6.920471191662614e-07,5.097961425781783e-07,4.991282310240486e-07
main,WFG2,22,2,1,330,330,330,330,3.6830520622199714e-07,6.920471191662614e-07,5.097961425781783e-07,4.991282310240486e-07
main,WFG2,22,2,1,331,331,331,331,3.6814117421180015e-07,6.920471191662614e-07,5.097961425781783e-07,4.991282310240486e-07
main,WFG2,22,2,1,332,332,332,332,3.6709213252494877e-07,6.920471191662614e-07,5.097961425781783e-07,4.991282310240486e-07
main,WFG2,22,2,1,333,333,333,333,3.660430908380974e-07,6.920471191662614e-07,5.097961425781783e-07,4.991282310240486e-07
main,WFG2,22,2,1,334,334,334,334,3.6555767060630906e-07,6.920471191662614e-07,5.097961425781783e-07,4.991282310240486e-07
main,WFG2,22,2,1,335,335,335,335,3.660430908380974e-07,6.920471191662614e-07,5.097961425781783e-07,4.991282310240486e-07
main,WFG2,22,2,1,336,336,336,336,3.6709213252494877e-07,6.920471191662614e-07,5.097961425781783e-07,4.991282310240486e-07
main,WFG2,22,2,1,337,337,337,337,3.660430908380974e-07,6.920471191662614e-07,5.097961425781783e-07,4.991282310240486e-07
main,WFG2,22,2,1,338,338,338,338,3.6555767060630906e-07,6.920471191662614e-07,5.097961425781783e-07,4.991282310240486e-07
main,WFG2,22,2,1,339,339,339,339,3.660430908380974e-07,6.920471191662614e-07,5.097961425781783e-07,4.991282310240486e-07
main,WFG2,22,2,1,340,340,340,340,3.6709213252494877e-07,6.920471191662614e-07,5.097961425781783e-07,4.991282310240486e-07
main,WFG2,22,2,1,341,341,341,341,3.660430908380974e-07,6.920471191662614e-07,5.097961425781783e-07,4.991282310240486e-07
main,WFG2,22,2,1,342,342,342,342,3.6709213252494877e-07,6.920471191662614e-07,5.097961425781783e-07,4.991282310240486e-07
main,WFG2,22,2,1,343,343,343,343,3.6814117421180015e-07,6.920471191662614e-07,5.097961425781783e-07,4.991282310240486e-07
main,WFG2,22,2,1,344,344,344,344,3.6830520622199714e-07,6.920471191662614e-07,5.097961425781783e-07,4.991282310240486e-07
main,WFG2,22,2,1,345,345,345,345,3.6814117421180015e-07,6.920471191662614e-07,5.097961425781783e-07,4.991282310240486e-07
main,WFG2,22,2,1,346,346,346,346,3.6709213252494877e-07,6.920471191662614e-07,5.097961425781783e-07,4.991282310240486e-07
main,WFG2,22,2,1,347,347,347,347,3.6814117421180015e-07,6.920471191662614e-07,5.097961425781783e-07,4.991282310240486e-07
main,WFG2,22,2,1,348,348,348,348,3.6709213252494877e-07,6.920471191662614e-07,5.097961425781783e-07,4.991282310240486e-07
main,WFG2,22,2,1,349,349,349,349,3.660430908380974e-07,6.920471191662614e-07,5.097961425781783e-07,4.991282310240486e-07
main,WFG2,22,2,1,350,350,350,350,3.6709213252494877e-07,6.920471191662614e-07,5.097961425781783e-07,4.991282310240486e-07
main,WFG2,22,2,1,351,351,351,351,3.6814117421180015e-07,6.920471191662614e-07,5.097961425781783e-07,4.991282310240486e-07
main,WFG2,22,2,1,352,352,352,352,3.6709213252494877e-07,6.920471191662614e-07,5.097961425781783e-07,4.991282310240486e-07
main,WFG2,22,2,1,353,353,353,353,3.660430908380974e-07,6.920471191662614e-07,5.097961425781783e-07,4.991282310240486e-07
main,WFG2,22,2,1,354,354,354,354,3.6709213252494877e-07,6.920471191662614e-07,5.097961425781783e-07,4.991282310240486e-07
main,WFG2,22,2,1,355,355,355,355,3.6814117421180015e-07,7.190246584798388e-07,5.097961425781783e-07,4.991282310240486e-07
main,WFG2,22,2,1,356,356,356,356,3.6709213252494877e-07,7.190246584798388e-07,5.097961425781783e-07,4.991282310240486e-07
main,WFG2,22,2,1,357,357,357,357,3.6814117421180015e-07,7.190246584798388e-07,5.097961425781783e-07,4.991282310240486e-07
main,WFG2,22,2,1,358,358,358,358,3.6830520622199714e-07,7.190246584798388e-07,5.097961425781783e-07,4.991282310240486e-07
main,WFG2,22,2,1,359,359,359,359,3.6846923823219413e-07,7.190246584798388e-07,5.097961425781783e-07,4.991282310240486e-07
main,WFG2,22,2,1,360,360,360,360,3.6830520622199714e-07,7.190246584798388e-07,5.097961425781783e-07,4.991282310240486e-07
main,WFG2,22,2,1,361,361,361,361,3.6814117421180015e-07,7.190246584798388e-07,5.097961425781783e-07,4.991282310240486e-07
main,WFG2,22,2,1,362,362,362,362,3.6830520622199714e-07,7.190246584798388e-07,5.097961425781783e-07,4.991282310240486e-07
main,WFG2,22,2,1,363,363,363,363,3.6846923823219413e-07,7.190246584798388e-07,5.097961425781783e-07,4.991282310240486e-07
main,WFG2,22,2,1,364,364,364,364,3.6830520622199714e-07,7.190246584798388e-07,5.097961425781783e-07,4.991282310240486e-07
main,WFG2,22,2,1,365,365,365,365,3.6814117421180015e-07,7.190246584798388e-07,5.097961425781783e-07,4.991282310240486e-07
main,WFG2,22,2,1,366,366,366,366,3.6830520622199714e-07,7.190246584798388e-07,5.097961425781783e-07,4.991282310240486e-07
main,WFG2,22,2,1,367,367,367,367,3.6814117421180015e-07,7.190246584798388e-07,5.097961425781783e-07,4.991282310240486e-07
main,WFG2,22,2,1,368,368,368,368,3.6709213252494877e-07,7.190246584798388e-07,5.097961425781783e-07,4.991282310240486e-07
main,WFG2,22,2,1,369,369,369,369,3.660430908380974e-07,7.190246584798388e-07,5.097961425781783e-07,4.991282310240486e-07
main,WFG2,22,2,1,370,370,370,370,3.6555767060630906e-07,7.190246584798388e-07,5.097961425781783e-07,4.991282310240486e-07
main,WFG2,22,2,1,371,371,371,371,3.6507225037452073e-07,7.190246584798388e-07,5.097961425781783e-07,4.991282310240486e-07
main,WFG2,22,2,1,372,372,372,372,3.648786544852012e-07,7.190246584798388e-07,5.097961425781783e-07,4.991282310240486e-07
main,WFG2,22,2,1,373,373,373,373,3.6468505859588163e-07,7.190246584798388e-07,5.097961425781783e-07,4.991282310240486e-07
main,WFG2,22,2,1,374,374,374,374,3.6466217046005056e-07,7.190246584798388e-07,5.097961425781783e-07,4.991282310240486e-07
main,WFG2,22,2,1,375,375,375,375,3.6468505859588163e-07,7.190246584798388e-07,5.097961425781783e-07,4.991282310240486e-07
main,WFG2,22,2,1,376,376,376,376,3.648786544852012e-07,7.190246584798388e-07,5.097961425781783e-07,4.991282310240486e-07
main,WFG2,22,2,1,377,377,377,377,3.6468505859588163e-07,7.190246584798388e-07,5.097961425781783e-07,4.991282310240486e-07
main,WFG2,22,2,1,378,378,378,378,3.648786544852012e-07,7.190246584798388e-07,5.097961425781783e-07,4.991282310240486e-07
main,WFG2,22,2,1,379,379,379,379,3.6507225037452073e-07,7.190246584798388e-07,5.097961425781783e-07,4.991282310240486e-07
main,WFG2,22,2,1,380,380,380,380,3.6555767060630906e-07,7.190246584798388e-07,5.097961425781783e-07,4.991282310240486e-07
main,WFG2,22,2,1,381,381,381,381,3.6507225037452073e-07,7.190246584798388e-07,5.097961425781783e-07,4.991282310240486e-07
main,WFG2,22,2,1,382,382,382,382,3.6555767060630906e-07,7.190246584798388e-07,5.097961425781783e-07,4.991282310240486e-07
main,WFG2,22,2,1,383,383,383,383,3.6507225037452073e-07,7.190246584798388e-07,5.097961425781783e-07,4.991282310240486e-07
main,WFG2,22,2,1,384,384,384,384,3.648786544852012e-07,7.190246584798388e-07,5.097961425781783e-07,4.991282310240486e-07
main,WFG2,22,2,1,385,385,385,385,3.6468505859588163e-07,7.190246584798388e-07,5.097961425781783e-07,4.991282310240486e-07
main,WFG2,22,2,1,386,386,386,386,3.6466217046005056e-07,7.190246584798388e-07,5.097961425781783e-07,4.991282310240486e-07
main,WFG2,22,2,1,387,387,387,387,3.646392823242195e-07,7.190246584798388e-07,5.097961425781783e-07,4.991282310240486e-07
main,WFG2,22,2,1,388,388,388,388,3.6466217046005056e-07,7.190246584798388e-07,5.097961425781783e-07,4.991282310240486e-07
main,WFG2,22,2,1,389,389,389,389,3.6468505859588163e-07,7.190246584798388e-07,5.097961425781783e-07,4.991282310240486e-07
main,WFG2,22,2,1,390,390,390,390,3.6466217046005056e-07,7.190246584798388e-07,5.097961425781783e-07,4.991282310240486e-07
main,WFG2,22,2,1,391,391,391,391,3.6468505859588163e-07,7.190246584798388e-07,5.097961425781783e-07,4.991282310240486e-07
main,WFG2,22,2,1,392,392,392,392,3.648786544852012e-07,7.190246584798388e-07,5.097961425781783e-07,4.991282310240486e-07
main,WFG2,22,2,1,393,393,393,393,3.6507225037452073e-07,7.190246584798388e-07,5.097961425781783e-07,4.991282310240486e-07
main,WFG2,22,2,1,394,394,394,394,3.648786544852012e-07,7.190246584798388e-07,5.097961425781783e-07,4.991282310240486e-07
main,WFG2,22,2,1,395,395,395,395,3.6507225037452073e-07,7.190246584798388e-07,5.097961425781783e-07,4.991282310240486e-07
main,WFG2,22,2,1,396,396,396,396,3.648786544852012e-07,7.190246584798388e-07,5.097961425781783e-07,4.991282310240486e-07
main,WFG2,22,2,1,397,397,397,397,3.6507225037452073e-07,7.190246584798388e-07,5.097961425781783e-07,4.991282310240486e-07
main,WFG2,22,2,1,398,398,398,398,3.6555767060630906e-07,7.190246584798388e-07,5.097961425781783e-07,4.991282310240486e-07
main,WFG2,22,2,1,399,399,399,399,3.660430908380974e-07,7.190246584798388e-07,5.097961425781783e-07,4.991282310240486e-07
main,WFG2,22,2,1,400,400,400,400,3.6709213252494877e-07,7.190246584798388e-07,5.097961425781783e-07,4.991282310240486e-07
main,WFG2,22,2,1,401,401,401,401,3.6814117421180015e-07,7.190246584798388e-07,5.097961425781783e-07,4.991282310240486e-07
main,WFG2,22,2,1,402,402,402,402,3.6830520622199714e-07,7.190246584798388e-07,5.097961425781783e-07,4.991282310240486e-07
main,WFG2,22,2,1,403,403,403,403,3.6846923823219413e-07,7.190246584798388e-07,5.097961425781783e-07,4.991282310240486e-07
main,WFG2,22,2,1,404,404,404,404,3.686904906929911e-07,7.190246584798388e-07,5.097961425781783e-07,4.991282310240486e-07
main,WFG2,22,2,1,405,405,405,405,3.6891174315378805e-07,7.190246584798388e-07,5.097961425781783e-07,4.991282310240486e-07
main,WFG2,22,2,1,406,406,406,406,3.694686888655596e-07,7.190246584798388e-07,5.097961425781783e-07,4.991282310240486e-07
main,WFG2,22,2,1,407,407,407,407,3.700256345773312e-07,7.190246584798388e-07,5.097961425781783e-07,4.991282310240486e-07
main,WFG2,22,2,1,408,408,408,408,3.708114623135472e-07,7.190246584798388e-07,5.097961425781783e-07,4.991282310240486e-07
main,WFG2,22,2,1,409,409,409,409,3.700256345773312e-07,7.190246584798388e-07,5.097961425781783e-07,4.991282310240486e-07
main,WFG2,22,2,1,410,410,410,410,3.694686888655596e-07,7.190246584798388e-07,5.097961425781783e-07,4.991282310240486e-07
main,WFG2,22,2,1,411,411,411,411,3.6891174315378805e-07,7.190246584798388e-07,5.097961425781783e-07,4.991282310240486e-07
main,WFG2,22,2,1,412,412,412,412,3.686904906929911e-07,7.190246584798388e-07,5.097961425781783e-07,4.991282310240486e-07
main,WFG2,22,2,1,413,413,413,413,3.6891174315378805e-07,7.190246584798388e-07,5.097961425781783e-07,4.991282310240486e-07
main,WFG2,22,2,1,414,414,414,414,3.686904906929911e-07,7.190246584798388e-07,5.097961425781783e-07,4.991282310240486e-07
main,WFG2,22,2,1,415,415,415,415,3.6891174315378805e-07,7.190246584798388e-07,5.097961425781783e-07,4.991282310240486e-07
main,WFG2,22,2,1,416,416,416,416,3.694686888655596e-07,7.190246584798388e-07,5.097961425781783e-07,4.991282310240486e-07
main,WFG2,22,2,1,417,417,417,417,3.6891174315378805e-07,7.190246584798388e-07,5.097961425781783e-07,4.991282310240486e-07
main,WFG2,22,2,1,418,418,418,418,3.694686888655596e-07,7.190246584798388e-07,5.097961425781783e-07,4.991282310240486e-07
main,WFG2,22,2,1,419,419,419,419,3.700256345773312e-07,7.190246584798388e-07,5.097961425781783e-07,4.991282310240486e-07
main,WFG2,22,2,1,420,420,420,420,3.694686888655596e-07,7.190246584798388e-07,5.097961425781783e-07,4.991282310240486e-07
main,WFG2,22,2,1,421,421,421,421,3.6891174315378805e-07,7.190246584798388e-07,5.097961425781783e-07,4.991282310240486e-07
main,WFG2,22,2,1,422,422,422,422,3.686904906929911e-07,7.190246584798388e-07,5.097961425781783e-07,4.991282310240486e-07
main,WFG2,22,2,1,423,423,423,423,3.6846923823219413e-07,7.190246584798388e-07,5.097961425781783e-07,4.991282310240486e-07
main,WFG2,22,2,1,424,424,424,424,3.6830520622199714e-07,7.190246584798388e-07,5.097961425781783e-07,4.991282310240486e-07
main,WFG2,22,2,1,425,425,425,425,3.6846923823219413e-07,7.190246584798388e-07,5.097961425781783e-07,4.991282310240486e-07
main,WFG2,22,2,1,426,426,426,426,3.686904906929911e-07,7.190246584798388e-07,5.097961425781783e-07,4.991282310240486e-07
main,WFG2,22,2,1,427,427,427,427,3.6846923823219413e-07,7.190246584798388e-07,5.097961425781783e-07,4.991282310240486e-07
main,WFG2,22,2,1,428,428,428,428,3.6830520622199714e-07,7.190246584798388e-07,5.097961425781783e-07,4.991282310240486e-07
main,WFG2,22,2,1,429,429,429,429,3.6846923823219413e-07,7.190246584798388e-07,5.097961425781783e-07,4.991282310240486e-07
main,WFG2,22,2,1,430,430,430,430,3.686904906929911e-07,7.190246584798388e-07,5.097961425781783e-07,4.991282310240486e-07
main,WFG2,22,2,1,431,431,431,431,3.6846923823219413e-07,7.190246584798388e-07,5.097961425781783e-07,4.991282310240486e-07
main,WFG2,22,2,1,432,432,432,432,3.686904906929911e-07,7.190246584798388e-07,5.097961425781783e-07,4.991282310240486e-07
main,WFG2,22,2,1,433,433,433,433,3.6891174315378805e-07,7.190246584798388e-07,5.097961425781783e-07,4.991282310240486e-07
main,WFG2,22,2,1,434,434,434,434,3.694686888655596e-07,7.190246584798388e-07,5.097961425781783e-07,4.991282310240486e-07
main,WFG2,22,2,1,435,435,435,435,3.6891174315378805e-07,7.190246584798388e-07,5.097961425781783e-07,4.991282310240486e-07
main,WFG2,22,2,1,436,436,436,436,3.686904906929911e-07,7.190246584798388e-07,5.097961425781783e-07,4.991282310240486e-07
main,WFG2,22,2,1,437,437,437,437,3.6846923823219413e-07,7.190246584798388e-07,5.097961425781783e-07,4.991282310240486e-07
main,WFG2,22,2,1,438,438,438,438,3.6830520622199714e-07,7.190246584798388e-07,5.097961425781783e-07,4.991282310240486e-07
main,WFG2,22,2,1,439,439,439,439,3.6846923823219413e-07,7.190246584798388e-07,5.097961425781783e-07,4.991282310240486e-07
main,WFG2,22,2,1,440,440,440,440,3.6830520622199714e-07,7.190246584798388e-07,5.097961425781783e-07,4.991282310240486e-07
main,WFG4,22,2,1,1,1,1,1,5.30807495291441e-07,5.30807495291441e-07,3.8593292234212484e-07,1.5712067846784805e-07
main,WFG4,22,2,1,2,2,2,2,4.7313690187955615e-07,5.30807495291441e-07,3.8593292234212484e-07,1.5712067846784805e-07
main,WFG4,22,2,1,3,3,3,3,4.154663084676713e-07,5.30807495291441e-07,3.8593292234212484e-07,4.239734794353467e-07
main,WFG4,22,2,1,4,4,4,4,4.6343231185907996e-07,5.30807495291441e-07,3.9114952088414867e-07,4.239734794353467e-07
main,WFG4,22,2,1,5,5,5,5,4.3336486821310416e-07,5.30807495291441e-07,4.420070648103458e-07,4.239734794353467e-07
main,WFG4,22,2,1,6,6,6,6,4.534606934392116e-07,5.30807495291441e-07,5.019855499055481e-07,4.239734794353467e-07
main,WFG4,22,2,1,7,7,7,7,4.3336486821310416e-07,5.30807495291441e-07,5.019855499055481e-07,4.362703003302215e-07
main,WFG4,22,2,1,8,8,8,8,4.2441558834038773e-07,5.30807495291441e-07,5.019855499055481e-07,4.362703003302215e-07
main,WFG4,22,2,1,9,9,9,9,4.3336486821310416e-07,5.30807495291441e-07,5.019855499055481e-07,4.4249462960443964e-07
main,WFG4,22,2,1,10,10,10,10,4.2441558834038773e-07,5.30807495291441e-07,5.019855499055481e-07,4.4249462960443964e-07
main,WFG4,22,2,1,11,11,11,11,4.154663084676713e-07,5.30807495291441e-07,5.019855499055481e-07,4.4249462960443964e-07
main,WFG4,22,2,1,12,12,12,12,4.2441558834038773e-07,5.30807495291441e-07,5.019855499055481e-07,4.4249462960443964e-07
main,WFG4,22,2,1,13,13,13,13,4.154663084676713e-07,5.30807495291441e-07,5.019855499055481e-07,4.4249462960443964e-07
main,WFG4,22,2,1,14,14,14,14,4.1323852528751814e-07,5.30807495291441e-07,5.019855499055481e-07,4.4249462960443964e-07
main,WFG4,22,2,1,15,15,15,15,4.11010742107365e-07,5.30807495291441e-07,5.019855499055481e-07,4.4249462960443964e-07
main,WFG4,22,2,1,16,16,16,16,3.9418029784688e-07,5.30807495291441e-07,5.019855499055481e-07,4.4249462960443964e-07
main,WFG4,22,2,1,17,17,17,17,3.7734985358639506e-07,5.30807495291441e-07,5.019855499055481e-07,4.4249462960443964e-07
main,WFG4,22,2,1,18,18,18,18,3.718795775764505e-07,5.30807495291441e-07,5.019855499055481e-07,4.4249462960443964e-07
main,WFG4,22,2,1,19,19,19,19,3.7734985358639506e-07,5.30807495291441e-07,5.019855499055481e-07,4.4249462960443964e-07
main,WFG4,22,2,1,20,20,20,20,3.9418029784688e-07,5.30807495291441e-07,5.019855499055481e-07,4.4249462960443964e-07
main,WFG4,22,2,1,21,21,21,21,4.11010742107365e-07,5.30807495291441e-07,5.019855499055481e-07,4.4249462960443964e-07
main,WFG4,22,2,1,22,22,22,22,4.1323852528751814e-07,5.30807495291441e-07,5.019855499055481e-07,4.4249462960443964e-07
main,WFG4,22,2,1,23,23,23,23,4.11010742107365e-07,5.30807495291441e-07,5.019855499055481e-07,4.4249462960443964e-07
main,WFG4,22,2,1,24,24,24,24,4.1323852528751814e-07,5.30807495291441e-07,5.019855499055481e-07,4.4249462960443964e-07
main,WFG4,22,2,1,25,25,25,25,4.154663084676713e-07,5.30807495291441e-07,5.019855499055481e-07,4.4249462960443964e-07
main,WFG4,22,2,1,26,26,26,26,4.187088011864404e-07,5.30807495291441e-07,5.019855499055481e-07,4.4249462960443964e-07
main,WFG4,22,2,1,27,27,27,27,4.154663084676713e-07,5.30807495291441e-07,5.019855499055481e-07,4.4249462960443964e-07
main,WFG4,22,2,1,28,28,28,28,4.1323852528751814e-07,5.30807495291441e-07,5.019855499055481e-07,4.4249462960443964e-07
main,WFG4,22,2,1,29,29,29,29,4.154663084676713e-07,5.30807495291441e-07,5.019855499055481e-07,4.4249462960443964e-07
main,WFG4,22,2,1,30,30,30,30,4.162979125865718e-07,5.568237306796675e-07,5.019855499055481e-07,4.4249462960443964e-07
main,WFG4,22,2,1,31,31,31,31,4.154663084676713e-07,5.568237306796675e-07,5.019855499055481e-07,4.4249462960443964e-07
main,WFG4,22,2,1,32,32,32,32,4.162979125865718e-07,5.568237306796675e-07,5.019855499055481e-07,4.4249462960443964e-07
main,WFG4,22,2,1,33,33,33,33,4.154663084676713e-07,5.568237306796675e-07,5.019855499055481e-07,4.4249462960443964e-07
main,WFG4,22,2,1,34,34,34,34,4.1323852528751814e-07,5.568237306796675e-07,5.019855499055481e-07,4.4249462960443964e-07
main,WFG4,22,2,1,35,35,35,35,4.11010742107365e-07,5.568237306796675e-07,5.019855499055481e-07,4.4249462960443964e-07
main,WFG4,22,2,1,36,36,36,36,4.0004730217368945e-07,5.568237306796675e-07,5.019855499055481e-07,4.4249462960443964e-07
main,WFG4,22,2,1,37,37,37,37,4.11010742107365e-07,5.568237306796675e-07,5.019855499055481e-07,4.4249462960443964e-07
main,WFG4,22,2,1,38,38,38,38,4.0004730217368945e-07,5.568237306796675e-07,5.019855499055481e-07,4.4249462960443964e-07
main,WFG4,22,2,1,39,39,39,39,3.890838622400139e-07,5.568237306796675e-07,5.019855499055481e-07,4.890760602060951e-07
main,WFG4,22,2,1,40,40,40,40,3.832168579132045e-07,5.568237306796675e-07,5.019855499055481e-07,4.890760602060951e-07
main,WFG4,22,2,1,41,41,41,41,3.7734985358639506e-07,5.568237306796675e-07,5.019855499055481e-07,4.890760602060951e-07
main,WFG4,22,2,1,42,42,42,42,3.832168579132045e-07,5.568237306796675e-07,5.019855499055481e-07,4.958310055314108e-07
main,WFG4,22,2,1,43,43,43,43,3.890838622400139e-07,5.568237306796675e-07,5.019855499055481e-07,4.958310055314108e-07
main,WFG4,22,2,1,44,44,44,44,3.832168579132045e-07,5.568237306796675e-07,5.019855499055481e-07,4.958310055314108e-07
main,WFG4,22,2,1,45,45,45,45,3.890838622400139e-07,5.568237306796675e-07,5.019855499055481e-07,4.958310055314108e-07
main,WFG4,22,2,1,46,46,46,46,3.9781188965193337e-07,5.568237306796675e-07,5.019855499055481e-07,4.958310055314108e-07
main,WFG4,22,2,1,47,47,47,47,3.890838622400139e-07,5.568237306796675e-07,5.019855499055481e-07,4.958310055314108e-07
main,WFG4,22,2,1,48,48,48,48,3.970870970926299e-07,5.568237306796675e-07,5.019855499055481e-07,4.958310055314108e-07
main,WFG4,22,2,1,49,49,49,49,3.890838622400139e-07,5.568237306796675e-07,5.019855499055481e-07,4.958310055314108e-07
main,WFG4,22,2,1,50,50,50,50,3.832168579132045e-07,5.568237306796675e-07,5.019855499055481e-07,4.958310055314108e-07
main,WFG4,22,2,1,51,51,51,51,3.890838622400139e-07,5.568237306796675e-07,5.019855499055481e-07,4.958310055314108e-07
main,WFG4,22,2,1,52,52,52,52,3.832168579132045e-07,5.568237306796675e-07,5.019855499055481e-07,4.958310055314108e-07
main,WFG4,22,2,1,53,53,53,53,3.7734985358639506e-07,5.568237306796675e-07,5.019855499055481e-07,4.958310055314108e-07
main,WFG4,22,2,1,54,54,54,54,3.832168579132045e-07,5.568237306796675e-07,5.019855499055481e-07,4.958310055314108e-07
main,WFG4,22,2,1,55,55,55,55,3.890838622400139e-07,5.568237306796675e-07,5.019855499055481e-07,4.958310055314108e-07
main,WFG4,22,2,1,56,56,56,56,3.832168579132045e-07,5.568237306796675e-07,5.019855499055481e-07,4.958310055314108e-07
main,WFG4,22,2,1,57,57,57,57,3.7734985358639506e-07,5.568237306796675e-07,5.019855499055481e-07,4.958310055314108e-07
main,WFG4,22,2,1,58,58,58,58,3.718795775764505e-07,5.568237306796675e-07,5.019855499055481e-07,4.958310055314108e-07
main,WFG4,22,2,1,59,59,59,59,3.66409301566506e-07,5.568237306796675e-07,5.019855499055481e-07,4.958310055314108e-07
main,WFG4,22,2,1,60,60,60,60,3.718795775764505e-07,5.568237306796675e-07,5.019855499055481e-07,4.958310055314108e-07
main,WFG4,22,2,1,61,61,61,61,3.7734985358639506e-07,5.568237306796675e-07,5.019855499055481e-07,4.958310055314108e-07
main,WFG4,22,2,1,62,62,62,62,3.718795775764505e-07,5.568237306796675e-07,5.019855499055481e-07,4.958310055314108e-07
main,WFG4,22,2,1,63,63,63,63,3.7734985358639506e-07,5.568237306796675e-07,5.019855499055481e-07,4.958310055314108e-07
main,WFG4,22,2,1,64,64,64,64,3.811111450868765e-07,5.568237306796675e-07,5.019855499055481e-07,4.958310055314108e-07
main,WFG4,22,2,1,65,65,65,65,3.848724365873579e-07,5.568237306796675e-07,5.019855499055481e-07,4.958310055314108e-07
main,WFG4,22,2,1,66,66,66,66,3.869781494136859e-07,5.568237306796675e-07,5.019855499055481e-07,4.958310055314108e-07
main,WFG4,22,2,1,67,67,67,67,3.890838622400139e-07,5.568237306796675e-07,5.019855499055481e-07,4.958310055314108e-07
main,WFG4,22,2,1,68,68,68,68,3.869781494136859e-07,5.568237306796675e-07,5.019855499055481e-07,4.958310055314108e-07
main,WFG4,22,2,1,69,69,69,69,3.848724365873579e-07,5.568237306796675e-07,5.019855499055481e-07,4.958310055314108e-07
main,WFG4,22,2,1,70,70,70,70,3.836898803122324e-07,5.568237306796675e-07,5.019855499055481e-07,4.958310055314108e-07
main,WFG4,22,2,1,71,71,71,71,3.8250732403710686e-07,5.568237306796675e-07,5.019855499055481e-07,4.958310055314108e-07
main,WFG4,22,2,1,72,72,72,72,3.824234007243632e-07,5.568237306796675e-07,5.019855499055481e-07,4.958310055314108e-07
main,WFG4,22,2,1,73,73,73,73,3.8250732403710686e-07,5.568237306796675e-07,5.019855499055481e-07,4.958310055314108e-07
main,WFG4,22,2,1,74,74,74,74,3.836898803122324e-07,5.568237306796675e-07,5.019855499055481e-07,4.958310055314108e-07
main,WFG4,22,2,1,75,75,75,75,3.8250732403710686e-07,5.568237306796675e-07,5.019855499055481e-07,4.958310055314108e-07
main,WFG4,22,2,1,76,76,76,76,3.836898803122324e-07,5.568237306796675e-07,5.019855499055481e-07,4.958310055314108e-07
main,WFG4,22,2,1,77,77,77,77,3.8250732403710686e-07,5.568237306796675e-07,5.019855499055481e-07,4.958310055314108e-07
main,WFG4,22,2,1,78,78,78,78,3.824234007243632e-07,5.568237306796675e-07,5.019855499055481e-07,4.958310055314108e-07
main,WFG4,22,2,1,79,79,79,79,3.8233947741161955e-07,5.568237306796675e-07,5.019855499055481e-07,4.958310055314108e-07
main,WFG4,22,2,1,80,80,80,80,3.798446654990073e-07,5.568237306796675e-07,5.019855499055481e-07,4.958310055314108e-07
main,WFG4,22,2,1,81,81,81,81,3.7734985358639506e-07,5.568237306796675e-07,5.019855499055481e-07,4.958310055314108e-07
main,WFG4,22,2,1,82,82,82,82,3.771972656441136e-07,5.568237306796675e-07,5.019855499055481e-07,4.958310055314108e-07
main,WFG4,22,2,1,83,83,83,83,3.7704467770183214e-07,5.568237306796675e-07,5.019855499055481e-07,4.958310055314108e-07
main,WFG4,22,2,1,84,84,84,84,3.743438721226511e-07,5.568237306796675e-07,5.019855499055481e-07,4.958310055314108e-07
main,WFG4,22,2,1,85,85,85,85,3.7704467770183214e-07,5.568237306796675e-07,5.019855499055481e-07,4.958310055314108e-07
main,WFG4,22,2,1,86,86,86,86,3.771972656441136e-07,5.568237306796675e-07,5.019855499055481e-07,4.958310055314108e-07
main,WFG4,22,2,1,87,87,87,87,3.7704467770183214e-07,5.568237306796675e-07,5.019855499055481e-07,4.958310055314108e-07
main,WFG4,22,2,1,88,88,88,88,3.771972656441136e-07,5.568237306796675e-07,5.019855499055481e-07,4.958310055314108e-07
main,WFG4,22,2,1,89,89,89,89,3.7704467770183214e-07,5.568237306796675e-07,5.019855499055481e-07,4.958310055314108e-07
main,WFG4,22,2,1,90,90,90,90,3.743438721226511e-07,5.568237306796675e-07,5.019855499055481e-07,4.958310055314108e-07
main,WFG4,22,2,1,91,91,91,91,3.7164306654347e-07,5.568237306796675e-07,5.019855499055481e-07,4.958310055314108e-07
main,WFG4,22,2,1,92,92,92,92,3.743438721226511e-07,5.568237306796675e-07,5.019855499055481e-07,4.958310055314108e-07
main,WFG4,22,2,1,93,93,93,93,3.7164306654347e-07,5.568237306796675e-07,5.019855499055481e-07,4.958310055314108e-07
main,WFG4,22,2,1,94,94,94,94,3.69026184054988e-07,5.568237306796675e-07,5.019855499055481e-07,4.958310055314108e-07
main,WFG4,22,2,1,95,95,95,95,3.66409301566506e-07,5.568237306796675e-07,5.019855499055481e-07,4.958310055314108e-07
main,WFG4,22,2,1,96,96,96,96,3.663253782537623e-07,5.568237306796675e-07,5.019855499055481e-07,4.958310055314108e-07
main,WFG4,22,2,1,97,97,97,97,3.66409301566506e-07,5.568237306796675e-07,5.019855499055481e-07,4.958310055314108e-07
main,WFG4,22,2,1,98,98,98,98,3.69026184054988e-07,5.568237306796675e-07,5.019855499055481e-07,4.958310055314108e-07
main,WFG4,22,2,1,99,99,99,99,3.66409301566506e-07,5.568237306796675e-07,5.019855499055481e-07,4.958310055314108e-07
main,WFG4,22,2,1,100,100,100,100,3.69026184054988e-07,5.568237306796675e-07,5.019855499055481e-07,4.958310055314108e-07
main,WFG4,22,2,1,101,101,101,101,3.7164306654347e-07,5.568237306796675e-07,5.019855499055481e-07,4.958310055314108e-07
main,WFG4,22,2,1,102,102,102,102,3.69026184054988e-07,5.568237306796675e-07,5.019855499055481e-07,4.958310055314108e-07
main,WFG4,22,2,1,103,103,103,103,3.66409301566506e-07,5.568237306796675e-07,5.019855499055481e-07,4.958310055314108e-07
main,WFG4,22,2,1,104,104,104,104,3.663253782537623e-07,5.568237306796675e-07,5.019855499055481e-07,4.958310055314108e-07
main,WFG4,22,2,1,105,105,105,105,3.662414549410187e-07,5.568237306796675e-07,5.019855499055481e-07,4.958310055314108e-07
main,WFG4,22,2,1,106,106,106,106,3.6439132689025655e-07,5.568237306796675e-07,5.019855499055481e-07,4.958310055314108e-07
main,WFG4,22,2,1,107,107,107,107,3.662414549410187e-07,5.568237306796675e-07,5.019855499055481e-07,4.958310055314108e-07
main,WFG4,22,2,1,108,108,108,108,3.663253782537623e-07,5.568237306796675e-07,5.019855499055481e-07,4.958310055314108e-07
main,WFG4,22,2,1,109,109,109,109,3.66409301566506e-07,5.568237306796675e-07,5.019855499055481e-07,4.958310055314108e-07
main,WFG4,22,2,1,110,110,110,110,3.668823240765562e-07,5.568237306796675e-07,5.019855499055481e-07,4.958310055314108e-07
main,WFG4,22,2,1,111,111,111,111,3.673553465866064e-07,5.568237306796675e-07,5.019855499055481e-07,5.150885962201812e-07
main,WFG4,22,2,1,112,112,112,112,3.668823240765562e-07,5.568237306796675e-07,5.019855499055481e-07,5.150885962201812e-07
main,WFG4,22,2,1,113,113,113,113,3.66409301566506e-07,5.568237306796675e-07,5.019855499055481e-07,5.150885962201812e-07
main,WFG4,22,2,1,114,114,114,114,3.668823240765562e-07,5.568237306796675e-07,5.019855499055481e-07,5.150885962201812e-07
main,WFG4,22,2,1,115,115,115,115,3.66409301566506e-07,5.568237306796675e-07,5.019855499055481e-07,5.150885962201812e-07
main,WFG4,22,2,1,116,116,116,116,3.668823240765562e-07,5.568237306796675e-07,5.019855499055481e-07,5.150885962201812e-07
main,WFG4,22,2,1,117,117,117,117,3.673553465866064e-07,5.568237306796675e-07,5.019855499055481e-07,5.150885962201812e-07
main,WFG4,22,2,1,118,118,118,118,3.694992065650382e-07,5.568237306796675e-07,5.019855499055481e-07,5.150885962201812e-07
main,WFG4,22,2,1,119,119,119,119,3.7164306654347e-07,5.568237306796675e-07,5.019855499055481e-07,5.150885962201812e-07
main,WFG4,22,2,1,120,120,120,120,3.704605102683445e-07,5.568237306796675e-07,5.019855499055481e-07,5.150885962201812e-07
main,WFG4,22,2,1,121,121,121,121,3.6927795399321894e-07,5.568237306796675e-07,5.019855499055481e-07,5.150885962201812e-07
main,WFG4,22,2,1,122,122,122,122,3.6831665028991267e-07,5.568237306796675e-07,5.019855499055481e-07,5.150885962201812e-07
main,WFG4,22,2,1,123,123,123,123,3.673553465866064e-07,5.568237306796675e-07,5.019855499055481e-07,5.150885962201812e-07
main,WFG4,22,2,1,124,124,124,124,3.668823240765562e-07,5.568237306796675e-07,5.019855499055481e-07,5.150885962201812e-07
main,WFG4,22,2,1,125,125,125,125,3.66409301566506e-07,5.568237306796675e-07,5.019855499055481e-07,5.150885962201812e-07
main,WFG4,22,2,1,126,126,126,126,3.663253782537623e-07,5.568237306796675e-07,5.019855499055481e-07,5.150885962201812e-07
main,WFG4,22,2,1,127,127,127,127,3.66409301566506e-07,5.568237306796675e-07,5.019855499055481e-07,5.150885962201812e-07
main,WFG4,22,2,1,128,128,128,128,3.663253782537623e-07,5.568237306796675e-07,5.019855499055481e-07,5.150885962201812e-07
main,WFG4,22,2,1,129,129,129,129,3.66409301566506e-07,5.568237306796675e-07,5.019855499055481e-07,5.150885962201812e-07
main,WFG4,22,2,1,130,130,130,130,3.668823240765562e-07,5.568237306796675e-07,5.019855499055481e-07,5.150885962201812e-07
main,WFG4,22,2,1,131,131,131,131,3.673553465866064e-07,5.568237306796675e-07,5.019855499055481e-07,5.150885962201812e-07
main,WFG4,22,2,1,132,132,132,132,3.6831665028991267e-07,5.568237306796675e-07,5.019855499055481e-07,5.150885962201812e-07
main,WFG4,22,2,1,133,133,133,133,3.6927795399321894e-07,5.568237306796675e-07,5.019855499055481e-07,5.150885962201812e-07
main,WFG4,22,2,1,134,134,134,134,3.6831665028991267e-07,5.568237306796675e-07,5.019855499055481e-07,5.150885962201812e-07
main,WFG4,22,2,1,135,135,135,135,3.6927795399321894e-07,5.568237306796675e-07,5.019855499055481e-07,5.150885962201812e-07
main,WFG4,22,2,1,136,136,136,136,3.704605102683445e-07,5.568237306796675e-07,5.019855499055481e-07,5.150885962201812e-07
main,WFG4,22,2,1,137,137,137,137,3.6927795399321894e-07,5.568237306796675e-07,5.019855499055481e-07,5.150885962201812e-07
main,WFG4,22,2,1,138,138,138,138,3.704605102683445e-07,5.940856935282568e-07,5.019855499055481e-07,5.150885962201812e-07
main,WFG4,22,2,1,139,139,139,139,3.7164306654347e-07,5.940856935282568e-07,5.019855499055481e-07,5.150885962201812e-07
main,WFG4,22,2,1,140,140,140,140,3.704605102683445e-07,5.940856935282568e-07,5.019855499055481e-07,5.150885962201812e-07
main,WFG4,22,2,1,141,141,141,141,3.7164306654347e-07,5.940856935282568e-07,5.019855499055481e-07,5.150885962201812e-07
main,WFG4,22,2,1,142,142,142,142,3.704605102683445e-07,5.940856935282568e-07,5.019855499055481e-07,5.150885962201812e-07
main,WFG4,22,2,1,143,143,143,143,3.6927795399321894e-07,5.940856935282568e-07,5.019855499055481e-07,5.150885962201812e-07
main,WFG4,22,2,1,144,144,144,144,3.704605102683445e-07,5.940856935282568e-07,5.019855499055481e-07,5.150885962201812e-07
main,WFG4,22,2,1,145,145,145,145,3.6927795399321894e-07,5.940856935282568e-07,5.019855499055481e-07,5.150885962201812e-07
main,WFG4,22,2,1,146,146,146,146,3.704605102683445e-07,5.940856935282568e-07,5.019855499055481e-07,5.150885962201812e-07
main,WFG4,22,2,1,147,147,147,147,3.7164306654347e-07,5.940856935282568e-07,5.019855499055481e-07,5.150885962201812e-07
main,WFG4,22,2,1,148,148,148,148,3.743438721226511e-07,5.940856935282568e-07,5.019855499055481e-07,5.150885962201812e-07
main,WFG4,22,2,1,149,149,149,149,3.7164306654347e-07,5.940856935282568e-07,5.019855499055481e-07,5.150885962201812e-07
main,WFG4,22,2,1,150,150,150,150,3.704605102683445e-07,5.940856935282568e-07,5.019855499055481e-07,5.150885962201812e-07
main,WFG4,22,2,1,151,151,151,151,3.6927795399321894e-07,5.940856935282568e-07,5.019855499055481e-07,5.150885962201812e-07
main,WFG4,22,2,1,152,152,152,152,3.6831665028991267e-07,5.940856935282568e-07,5.019855499055481e-07,5.150885962201812e-07
main,WFG4,22,2,1,153,153,153,153,3.673553465866064e-07,5.940856935282568e-07,5.019855499055481e-07,5.150885962201812e-07
main,WFG4,22,2,1,154,154,154,154,3.6831665028991267e-07,5.940856935282568e-07,5.019855499055481e-07,5.150885962201812e-07
main,WFG4,22,2,1,155,155,155,155,3.673553465866064e-07,5.940856935282568e-07,5.019855499055481e-07,5.150885962201812e-07
main,WFG4,22,2,1,156,156,156,156,3.6831665028991267e-07,5.940856935282568e-07,5.019855499055481e-07,5.150885962201812e-07
main,WFG4,22,2,1,157,157,157,157,3.6927795399321894e-07,5.940856935282568e-07,5.019855499055481e-07,5.150885962201812e-07
main,WFG4,22,2,1,158,158,158,158,3.704605102683445e-07,5.940856935282568e-07,5.019855499055481e-07,5.150885962201812e-07
main,WFG4,22,2,1,159,159,159,159,3.7164306654347e-07,5.940856935282568e-07,5.019855499055481e-07,5.150885962201812e-07
main,WFG4,22,2,1,160,160,160,160,3.704605102683445e-07,5.940856935282568e-07,5.019855499055481e-07,5.150885962201812e-07
main,WFG4,22,2,1,161,161,161,161,3.7164306654347e-07,5.940856935282568e-07,5.019855499055481e-07,5.150885962201812e-07
main,WFG4,22,2,1,162,162,162,162,3.704605102683445e-07,5.940856935282568e-07,5.019855499055481e-07,5.150885962201812e-07
main,WFG4,22,2,1,163,163,163,163,3.7164306654347e-07,5.940856935282568e-07,5.019855499055481e-07,5.150885962201812e-07
main,WFG4,22,2,1,164,164,164,164,3.7188339241378543e-07,5.940856935282568e-07,5.019855499055481e-07,5.150885962201812e-07
main,WFG4,22,2,1,165,165,165,165,3.7164306654347e-07,5.940856935282568e-07,5.019855499055481e-07,5.150885962201812e-07
main,WFG4,22,2,1,166,166,166,166,3.7188339241378543e-07,5.940856935282568e-07,5.019855499055481e-07,5.150885962201812e-07
main,WFG4,22,2,1,167,167,167,167,3.7164306654347e-07,5.940856935282568e-07,5.019855499055481e-07,5.150885962201812e-07
main,WFG4,22,2,1,168,168,168,168,3.704605102683445e-07,5.940856935282568e-07,5.019855499055481e-07,5.150885962201812e-07
main,WFG4,22,2,1,169,169,169,169,3.7164306654347e-07,5.940856935282568e-07,5.019855499055481e-07,5.175421433634142e-07
main,WFG4,22,2,1,170,170,170,170,3.704605102683445e-07,5.940856935282568e-07,5.019855499055481e-07,5.175421433634142e-07
main,WFG4,22,2,1,171,171,171,171,3.7164306654347e-07,5.940856935282568e-07,5.019855499055481e-07,5.175421433634142e-07
main,WFG4,22,2,1,172,172,172,172,3.704605102683445e-07,5.940856935282568e-07,5.019855499055481e-07,5.175421433634142e-07
main,WFG4,22,2,1,173,173,173,173,3.7164306654347e-07,5.940856935282568e-07,5.019855499055481e-07,5.175421433634142e-07
main,WFG4,22,2,1,174,174,174,174,3.7188339241378543e-07,5.940856935282568e-07,5.019855499055481e-07,5.175421433634142e-07
main,WFG4,22,2,1,175,175,175,175,3.7164306654347e-07,5.940856935282568e-07,5.019855499055481e-07,5.175421433634142e-07
main,WFG4,22,2,1,176,176,176,176,3.7188339241378543e-07,5.940856935282568e-07,5.019855499055481e-07,5.175421433634142e-07
main,WFG4,22,2,1,177,177,177,177,3.7212371828410085e-07,5.940856935282568e-07,5.019855499055481e-07,5.175421433634142e-07
main,WFG4,22,2,1,178,178,178,178,3.7188339241378543e-07,5.940856935282568e-07,5.019855499055481e-07,5.175421433634142e-07
main,WFG4,22,2,1,179,179,179,179,3.7164306654347e-07,5.940856935282568e-07,5.019855499055481e-07,5.175421433634142e-07
main,WFG4,22,2,1,180,180,180,180,3.704605102683445e-07,5.940856935282568e-07,5.019855499055481e-07,5.175421433634142e-07
main,WFG4,22,2,1,181,181,181,181,3.7164306654347e-07,5.940856935282568e-07,5.019855499055481e-07,5.175421433634142e-07
main,WFG4,22,2,1,182,182,182,182,3.704605102683445e-07,5.940856935282568e-07,5.019855499055481e-07,5.175421433634142e-07
main,WFG4,22,2,1,183,183,183,183,3.6927795399321894e-07,5.940856935282568e-07,5.019855499055481e-07,5.175421433634142e-07
main,WFG4,22,2,1,184,184,184,184,3.6831665028991267e-07,5.940856935282568e-07,5.019855499055481e-07,5.175421433634142e-07
main,WFG4,22,2,1,185,185,185,185,3.673553465866064e-07,5.940856935282568e-07,5.019855499055481e-07,5.175421433634142e-07
main,WFG4,22,2,1,186,186,186,186,3.668823240765562e-07,5.940856935282568e-07,5.019855499055481e-07,5.175421433634142e-07
main,WFG4,22,2,1,187,187,187,187,3.66409301566506e-07,5.940856935282568e-07,5.019855499055481e-07,5.175421433634142e-07
main,WFG4,22,2,1,188,188,188,188,3.663253782537623e-07,5.940856935282568e-07,5.019855499055481e-07,5.175421433634142e-07
main,WFG4,22,2,1,189,189,189,189,3.66409301566506e-07,5.940856935282568e-07,5.019855499055481e-07,5.175421433634142e-07
main,WFG4,22,2,1,190,190,190,190,3.663253782537623e-07,5.940856935282568e-07,5.019855499055481e-07,5.175421433634142e-07
main,WFG4,22,2,1,191,191,191,191,3.662414549410187e-07,5.940856935282568e-07,5.019855499055481e-07,5.175421433634142e-07
main,WFG4,22,2,1,192,192,192,192,3.6439132689025655e-07,5.940856935282568e-07,5.019855499055481e-07,5.175421433634142e-07
main,WFG4,22,2,1,193,193,193,193,3.6254119883949443e-07,5.940856935282568e-07,5.019855499055481e-07,5.175421433634142e-07
main,WFG4,22,2,1,194,194,194,194,3.601493836491443e-07,5.940856935282568e-07,5.019855499055481e-07,5.175421433634142e-07
main,WFG4,22,2,1,195,195,195,195,3.6254119883949443e-07,5.940856935282568e-07,5.019855499055481e-07,5.175421433634142e-07
main,WFG4,22,2,1,196,196,196,196,3.601493836491443e-07,5.940856935282568e-07,5.019855499055481e-07,5.175421433634142e-07
main,WFG4,22,2,1,197,197,197,197,3.5775756845879414e-07,5.940856935282568e-07,5.019855499055481e-07,5.175421433634142e-07
main,WFG4,22,2,1,198,198,198,198,3.601493836491443e-07,5.940856935282568e-07,5.019855499055481e-07,5.175421433634142e-07
main,WFG4,22,2,1,199,199,199,199,3.5775756845879414e-07,5.940856935282568e-07,5.019855499055481e-07,5.175421433634142e-07
main,WFG4,22,2,1,200,200,200,200,3.601493836491443e-07,5.940856935282568e-07,5.019855499055481e-07,5.175421433634142e-07
main,WFG4,22,2,1,201,201,201,201,3.5775756845879414e-07,5.940856935282568e-07,5.019855499055481e-07,5.175421433634142e-07
main,WFG4,22,2,1,202,202,202,202,3.5618591320840665e-07,5.940856935282568e-07,5.019855499055481e-07,5.175421433634142e-07
main,WFG4,22,2,1,203,203,203,203,3.5461425795801915e-07,5.940856935282568e-07,5.019855499055481e-07,5.175421433634142e-07
main,WFG4,22,2,1,204,204,204,204,3.5618591320840665e-07,5.940856935282568e-07,5.019855499055481e-07,5.175421433634142e-07
main,WFG4,22,2,1,205,205,205,205,3.5461425795801915e-07,5.940856935282568e-07,5.026321411305545e-07,5.175421433634142e-07
main,WFG4,22,2,1,206,206,206,206,3.5357666017254985e-07,5.940856935282568e-07,5.026321411305545e-07,5.175421433634142e-07
main,WFG4,22,2,1,207,207,207,207,3.5461425795801915e-07,5.940856935282568e-07,5.026321411305545e-07,5.175421433634142e-07
main,WFG4,22,2,1,208,208,208,208,3.5357666017254985e-07,5.940856935282568e-07,5.026321411305545e-07,5.175421433634142e-07
main,WFG4,22,2,1,209,209,209,209,3.5461425795801915e-07,5.940856935282568e-07,5.026321411305545e-07,5.175421433634142e-07
main,WFG4,22,2,1,210,210,210,210,3.5605621340195626e-07,5.940856935282568e-07,5.026321411305545e-07,5.429867715456282e-07
main,WFG4,22,2,1,211,211,211,211,3.5749816884589336e-07,5.940856935282568e-07,5.026321411305545e-07,5.429867715456282e-07
main,WFG4,22,2,1,212,212,212,212,3.5605621340195626e-07,5.940856935282568e-07,5.026321411305545e-07,5.429867715456282e-07
main,WFG4,22,2,1,213,213,213,213,3.5749816884589336e-07,5.940856935282568e-07,5.026321411305545e-07,5.429867715456282e-07
main,WFG4,22,2,1,214,214,214,214,3.5762786865234375e-07,5.940856935282568e-07,5.026321411305545e-07,5.429867715456282e-07
main,WFG4,22,2,1,215,215,215,215,3.5749816884589336e-07,5.940856935282568e-07,5.026321411305545e-07,5.429867715456282e-07
main,WFG4,22,2,1,216,216,216,216,3.5762786865234375e-07,5.940856935282568e-07,5.026321411305545e-07,5.429867715456282e-07
main,WFG4,22,2,1,217,217,217,217,3.5749816884589336e-07,5.940856935282568e-07,5.026321411305545e-07,5.429867715456282e-07
main,WFG4,22,2,1,218,218,218,218,3.5605621340195626e-07,5.940856935282568e-07,5.026321411305545e-07,5.429867715456282e-07
main,WFG4,22,2,1,219,219,219,219,3.5461425795801915e-07,5.940856935282568e-07,5.026321411305545e-07,5.429867715456282e-07
main,WFG4,22,2,1,220,220,220,220,3.5357666017254985e-07,5.940856935282568e-07,5.026321411305545e-07,5.429867715456282e-07
main,WFG4,22,2,1,221,221,221,221,3.5253906238708055e-07,5.940856935282568e-07,5.026321411305545e-07,5.429867715456282e-07
main,WFG4,22,2,1,222,222,222,222,3.5357666017254985e-07,5.940856935282568e-07,5.026321411305545e-07,5.429867715456282e-07
main,WFG4,22,2,1,223,223,223,223,3.5253906238708055e-07,5.940856935282568e-07,5.026321411305545e-07,5.429867715456282e-07
main,WFG4,22,2,1,224,224,224,224,3.505859373920117e-07,5.940856935282568e-07,5.026321411305545e-07,5.429867715456282e-07
main,WFG4,22,2,1,225,225,225,225,3.486328123969429e-07,5.940856935282568e-07,5.026321411305545e-07,5.429867715456282e-07
main,WFG4,22,2,1,226,226,226,226,3.505859373920117e-07,5.940856935282568e-07,5.026321411305545e-07,5.429867715456282e-07
main,WFG4,22,2,1,227,227,227,227,3.486328123969429e-07,5.940856935282568e-07,5.026321411305545e-07,5.429867715456282e-07
main,WFG4,22,2,1,228,228,228,228,3.480682372325461e-07,5.940856935282568e-07,5.026321411305545e-07,5.429867715456282e-07
main,WFG4,22,2,1,229,229,229,229,3.475036620681493e-07,5.940856935282568e-07,5.026321411305545e-07,5.429867715456282e-07
main,WFG4,22,2,1,230,230,230,230,3.480682372325461e-07,5.940856935282568e-07,5.026321411305545e-07,5.429867715456282e-07
main,WFG4,22,2,1,231,231,231,231,3.475036620681493e-07,5.940856935282568e-07,5.073852539227985e-07,5.429867715456282e-07
main,WFG4,22,2,1,232,232,232,232,3.480682372325461e-07,5.940856935282568e-07,5.073852539227985e-07,5.429867715456282e-07
main,WFG4,22,2,1,233,233,233,233,3.486328123969429e-07,5.940856935282568e-07,5.073852539227985e-07,5.429867715456282e-07
main,WFG4,22,2,1,234,234,234,234,3.495788574170433e-07,5.940856935282568e-07,5.073852539227985e-07,5.429867715456282e-07
main,WFG4,22,2,1,235,235,235,235,3.486328123969429e-07,5.940856935282568e-07,5.073852539227985e-07,5.429867715456282e-07
main,WFG4,22,2,1,236,236,236,236,3.495788574170433e-07,5.940856935282568e-07,5.073852539227985e-07,5.429867715456282e-07
main,WFG4,22,2,1,237,237,237,237,3.5052490243714374e-07,5.940856935282568e-07,5.073852539227985e-07,5.429867715456282e-07
main,WFG4,22,2,1,238,238,238,238,3.495788574170433e-07,5.940856935282568e-07,5.073852539227985e-07,5.429867715456282e-07
main,WFG4,22,2,1,239,239,239,239,3.5052490243714374e-07,5.940856935282568e-07,5.073852539227985e-07,5.429867715456282e-07
main,WFG4,22,2,1,240,240,240,240,3.495788574170433e-07,5.940856935282568e-07,5.073852539227985e-07,5.429867715456282e-07
main,WFG4,22,2,1,241,241,241,241,3.5052490243714374e-07,5.940856935282568e-07,5.073852539227985e-07,5.429867715456282e-07
main,WFG4,22,2,1,242,242,242,242,3.5153198241211214e-07,5.940856935282568e-07,5.073852539227985e-07,5.429867715456282e-07
main,WFG4,22,2,1,243,243,243,243,3.5052490243714374e-07,5.940856935282568e-07,5.073852539227985e-07,5.429867715456282e-07
main,WFG4,22,2,1,244,244,244,244,3.5153198241211214e-07,5.940856935282568e-07,5.073852539227985e-07,5.429867715456282e-07
main,WFG4,22,2,1,245,245,245,245,3.5253906238708055e-07,5.940856935282568e-07,5.073852539227985e-07,5.429867715456282e-07
main,WFG4,22,2,1,246,246,246,246,3.5254669183970577e-07,5.940856935282568e-07,5.073852539227985e-07,5.429867715456282e-07
main,WFG4,22,2,1,247,247,247,247,3.5253906238708055e-07,5.940856935282568e-07,5.073852539227985e-07,5.429867715456282e-07
main,WFG4,22,2,1,248,248,248,248,3.5153198241211214e-07,5.940856935282568e-07,5.073852539227985e-07,5.429867715456282e-07
main,WFG4,22,2,1,249,249,249,249,3.5253906238708055e-07,5.940856935282568e-07,5.073852539227985e-07,5.429867715456282e-07
main,WFG4,22,2,1,250,250,250,250,3.5153198241211214e-07,5.940856935282568e-07,5.073852539227985e-07,5.429867715456282e-07
main,WFG4,22,2,1,251,251,251,251,3.5052490243714374e-07,5.940856935282568e-07,5.073852539227985e-07,5.429867715456282e-07
main,WFG4,22,2,1,252,252,252,252,3.5153198241211214e-07,5.940856935282568e-07,5.073852539227985e-07,5.429867715456282e-07
main,WFG4,22,2,1,253,253,253,253,3.5052490243714374e-07,5.940856935282568e-07,5.073852539227985e-07,5.429867715456282e-07
main,WFG4,22,2,1,254,254,254,254,3.495788574170433e-07,5.940856935282568e-07,5.073852539227985e-07,5.429867715456282e-07
main,WFG4,22,2,1,255,255,255,255,3.5052490243714374e-07,5.940856935282568e-07,5.073852539227985e-07,5.429867715456282e-07
main,WFG4,22,2,1,256,256,256,256,3.5153198241211214e-07,5.940856935282568e-07,5.073852539227985e-07,5.429867715456282e-07
main,WFG4,22,2,1,257,257,257,257,3.5052490243714374e-07,5.940856935282568e-07,5.073852539227985e-07,5.429867715456282e-07
main,WFG4,22,2,1,258,258,258,258,3.5153198241211214e-07,5.940856935282568e-07,5.073852539227985e-07,5.429867715456282e-07
main,WFG4,22,2,1,259,259,259,259,3.5052490243714374e-07,5.940856935282568e-07,5.073852539227985e-07,5.429867715456282e-07
main,WFG4,22,2,1,260,260,260,260,3.5153198241211214e-07,5.940856935282568e-07,5.073852539227985e-07,5.429867715456282e-07
main,WFG4,22,2,1,261,261,261,261,3.5052490243714374e-07,5.940856935282568e-07,5.073852539227985e-07,5.429867715456282e-07
main,WFG4,22,2,1,262,262,262,262,3.495788574170433e-07,5.940856935282568e-07,5.073852539227985e-07,5.429867715456282e-07
main,WFG4,22,2,1,263,263,263,263,3.486328123969429e-07,5.940856935282568e-07,5.073852539227985e-07,5.429867715456282e-07
main,WFG4,22,2,1,264,264,264,264,3.480682372325461e-07,5.940856935282568e-07,5.073852539227985e-07,5.429867715456282e-07
main,WFG4,22,2,1,265,265,265,265,3.486328123969429e-07,5.940856935282568e-07,5.073852539227985e-07,5.429867715456282e-07
main,WFG4,22,2,1,266,266,266,266,3.480682372325461e-07,5.940856935282568e-07,5.073852539227985e-07,5.429867715456282e-07
main,WFG4,22,2,1,267,267,267,267,3.475036620681493e-07,5.940856935282568e-07,5.073852539227985e-07,5.429867715456282e-07
main,WFG4,22,2,1,268,268,268,268,3.4704589846334954e-07,5.940856935282568e-07,5.073852539227985e-07,5.429867715456282e-07
main,WFG4,22,2,1,269,269,269,269,3.475036620681493e-07,5.940856935282568e-07,5.073852539227985e-07,5.429867715456282e-07
main,WFG4,22,2,1,270,270,270,270,3.480682372325461e-07,5.940856935282568e-07,5.073852539227985e-07,5.429867715456282e-07
main,WFG4,22,2,1,271,271,271,271,3.486328123969429e-07,5.940856935282568e-07,5.073852539227985e-07,5.429867715456282e-07
main,WFG4,22,2,1,272,272,272,272,3.480682372325461e-07,5.940856935282568e-07,5.073852539227985e-07,5.429867715456282e-07
main,WFG4,22,2,1,273,273,273,273,3.486328123969429e-07,5.940856935282568e-07,5.073852539227985e-07,5.429867715456282e-07
main,WFG4,22,2,1,274,274,274,274,3.480682372325461e-07,5.940856935282568e-07,5.073852539227985e-07,5.429867715456282e-07
main,WFG4,22,2,1,275,275,275,275,3.475036620681493e-07,5.940856935282568e-07,5.073852539227985e-07,5.429867715456282e-07
main,WFG4,22,2,1,276,276,276,276,3.480682372325461e-07,5.940856935282568e-07,5.073852539227985e-07,5.429867715456282e-07
main,WFG4,22,2,1,277,277,277,277,3.475036620681493e-07,5.940856935282568e-07,5.073852539227985e-07,5.429867715456282e-07
main,WFG4,22,2,1,278,278,278,278,3.4704589846334954e-07,5.940856935282568e-07,5.073852539227985e-07,5.429867715456282e-07
main,WFG4,22,2,1,279,279,279,279,3.475036620681493e-07,5.940856935282568e-07,5.073852539227985e-07,5.429867715456282e-07
main,WFG4,22,2,1,280,280,280,280,3.4704589846334954e-07,5.940856935282568e-07,5.073852539227985e-07,5.429867715456282e-07
main,WFG4,22,2,1,281,281,281,281,3.465881348585498e-07,5.940856935282568e-07,5.073852539227985e-07,5.429867715456282e-07
main,WFG4,22,2,1,282,282,282,282,3.4704589846334954e-07,5.940856935282568e-07,5.073852539227985e-07,5.429867715456282e-07
main,WFG4,22,2,1,283,283,283,283,3.475036620681493e-07,5.940856935282568e-07,5.073852539227985e-07,5.429867715456282e-07
main,WFG4,22,2,1,284,284,284,284,3.4704589846334954e-07,5.940856935282568e-07,5.073852539227985e-07,5.429867715456282e-07
main,WFG4,22,2,1,285,285,285,285,3.465881348585498e-07,5.940856935282568e-07,5.073852539227985e-07,5.429867715456282e-07
main,WFG4,22,2,1,286,286,286,286,3.4610366828058403e-07,5.940856935282568e-07,5.073852539227985e-07,5.429867715456282e-07
main,WFG4,22,2,1,287,287,287,287,3.465881348585498e-07,5.940856935282568e-07,5.073852539227985e-07,5.429867715456282e-07
main,WFG4,22,2,1,288,288,288,288,3.4610366828058403e-07,5.940856935282568e-07,5.073852539227985e-07,5.429867715456282e-07
main,WFG4,22,2,1,289,289,289,289,3.456192017026183e-07,5.940856935282568e-07,5.073852539227985e-07,5.429867715456282e-07
main,WFG4,22,2,1,290,290,290,290,3.4610366828058403e-07,5.940856935282568e-07,5.073852539227985e-07,5.429867715456282e-07
main,WFG4,22,2,1,291,291,291,291,3.465881348585498e-07,5.940856935282568e-07,5.073852539227985e-07,5.429867715456282e-07
main,WFG4,22,2,1,292,292,292,292,3.4704589846334954e-07,5.940856935282568e-07,5.073852539227985e-07,5.429867715456282e-07
main,WFG4,22,2,1,293,293,293,293,3.465881348585498e-07,5.940856935282568e-07,5.073852539227985e-07,5.657334094522071e-07
main,WFG4,22,2,1,294,294,294,294,3.4704589846334954e-07,5.940856935282568e-07,5.073852539227985e-07,5.657334094522071e-07
main,WFG4,22,2,1,295,295,295,295,3.475036620681493e-07,5.940856935282568e-07,5.073852539227985e-07,5.657334094522071e-07
main,WFG4,22,2,1,296,296,296,296,3.4704589846334954e-07,5.940856935282568e-07,5.073852539227985e-07,5.657334094522071e-07
main,WFG4,22,2,1,297,297,297,297,3.475036620681493e-07,5.940856935282568e-07,5.073852539227985e-07,5.657334094522071e-07
main,WFG4,22,2,1,298,298,298,298,3.480682372325461e-07,5.940856935282568e-07,5.073852539227985e-07,5.657334094522071e-07
main,WFG4,22,2,1,299,299,299,299,3.475036620681493e-07,5.940856935282568e-07,5.073852539227985e-07,5.657334094522071e-07
main,WFG4,22,2,1,300,300,300,300,3.4704589846334954e-07,5.940856935282568e-07,5.073852539227985e-07,5.657334094522071e-07
main,WFG4,22,2,1,301,301,301,301,3.475036620681493e-07,5.940856935282568e-07,5.073852539227985e-07,5.657334094522071e-07
main,WFG4,22,2,1,302,302,302,302,3.4794998171605585e-07,5.940856935282568e-07,5.073852539227985e-07,5.657334094522071e-07
main,WFG4,22,2,1,303,303,303,303,3.483963013639624e-07,5.940856935282568e-07,5.073852539227985e-07,5.657334094522071e-07
main,WFG4,22,2,1,304,304,304,304,3.4794998171605585e-07,5.940856935282568e-07,5.073852539227985e-07,5.657334094522071e-07
main,WFG4,22,2,1,305,305,305,305,3.475036620681493e-07,5.940856935282568e-07,5.073852539227985e-07,5.657334094522071e-07
main,WFG4,22,2,1,306,306,306,306,3.4794998171605585e-07,5.940856935282568e-07,5.073852539227985e-07,5.657334094522071e-07
main,WFG4,22,2,1,307,307,307,307,3.483963013639624e-07,5.940856935282568e-07,5.073852539227985e-07,5.657334094522071e-07
main,WFG4,22,2,1,308,308,308,308,3.4851455688045263e-07,5.940856935282568e-07,5.187797545991302e-07,5.657334094522071e-07
main,WFG4,22,2,1,309,309,309,309,3.483963013639624e-07,5.940856935282568e-07,5.187797545991302e-07,5.657334094522071e-07
main,WFG4,22,2,1,310,310,310,310,3.4794998171605585e-07,5.940856935282568e-07,5.187797545991302e-07,5.657334094522071e-07
main,WFG4,22,2,1,311,311,311,311,3.483963013639624e-07,5.940856935282568e-07,5.187797545991302e-07,5.657334094522071e-07
main,WFG4,22,2,1,312,312,312,312,3.4851455688045263e-07,5.940856935282568e-07,5.187797545991302e-07,5.657334094522071e-07
main,WFG4,22,2,1,313,313,313,313,3.486328123969429e-07,5.940856935282568e-07,5.187797545991302e-07,5.657334094522071e-07
main,WFG4,22,2,1,314,314,314,314,3.495788574170433e-07,5.940856935282568e-07,5.187797545991302e-07,5.657334094522071e-07
main,WFG4,22,2,1,315,315,315,315,3.5052490243714374e-07,5.940856935282568e-07,5.278930663710213e-07,5.657334094522071e-07
main,WFG4,22,2,1,316,316,316,316,3.495788574170433e-07,5.940856935282568e-07,5.278930663710213e-07,5.657334094522071e-07
main,WFG4,22,2,1,317,317,317,317,3.486328123969429e-07,5.940856935282568e-07,5.278930663710213e-07,5.657334094522071e-07
main,WFG4,22,2,1,318,318,318,318,3.4851455688045263e-07,5.940856935282568e-07,5.278930663710213e-07,5.657334094522071e-07
main,WFG4,22,2,1,319,319,319,319,3.486328123969429e-07,5.940856935282568e-07,5.278930663710213e-07,5.657334094522071e-07
main,WFG4,22,2,1,320,320,320,320,3.4851455688045263e-07,5.940856935282568e-07,5.278930663710213e-07,5.657334094522071e-07
main,WFG4,22,2,1,321,321,321,321,3.486328123969429e-07,5.940856935282568e-07,5.278930663710213e-07,5.657334094522071e-07
main,WFG4,22,2,1,322,322,322,322,3.495788574170433e-07,5.940856935282568e-07,5.278930663710213e-07,5.657334094522071e-07
main,WFG4,22,2,1,323,323,323,323,3.5052490243714374e-07,5.940856935282568e-07,5.278930663710213e-07,5.657334094522071e-07
main,WFG4,22,2,1,324,324,324,324,3.5153198241211214e-07,5.940856935282568e-07,5.278930663710213e-07,5.657334094522071e-07
main,WFG4,22,2,1,325,325,325,325,3.5052490243714374e-07,5.940856935282568e-07,5.278930663710213e-07,5.657334094522071e-07
main,WFG4,22,2,1,326,326,326,326,3.5153198241211214e-07,5.940856935282568e-07,5.278930663710213e-07,5.657334094522071e-07
main,WFG4,22,2,1,327,327,327,327,3.5253906238708055e-07,5.940856935282568e-07,5.278930663710213e-07,5.657334094522071e-07
main,WFG4,22,2,1,328,328,328,328,3.5153198241211214e-07,5.940856935282568e-07,5.278930663710213e-07,5.657334094522071e-07
main,WFG4,22,2,1,329,329,329,329,3.5052490243714374e-07,5.940856935282568e-07,5.278930663710213e-07,5.657334094522071e-07
main,WFG4,22,2,1,330,330,330,330,3.495788574170433e-07,5.940856935282568e-07,5.278930663710213e-07,5.657334094522071e-07
main,WFG4,22,2,1,331,331,331,331,3.5052490243714374e-07,5.940856935282568e-07,5.278930663710213e-07,5.657334094522071e-07
main,WFG4,22,2,1,332,332,332,332,3.5153198241211214e-07,5.940856935282568e-07,5.278930663710213e-07,5.657334094522071e-07
main,WFG4,22,2,1,333,333,333,333,3.5052490243714374e-07,5.940856935282568e-07,5.278930663710213e-07,5.657334094522071e-07
main,WFG4,22,2,1,334,334,334,334,3.5153198241211214e-07,5.940856935282568e-07,5.278930663710213e-07,5.657334094522071e-07
main,WFG4,22,2,1,335,335,335,335,3.5052490243714374e-07,5.940856935282568e-07,5.278930663710213e-07,5.657334094522071e-07
main,WFG4,22,2,1,336,336,336,336,3.495788574170433e-07,5.940856935282568e-07,5.278930663710213e-07,5.657334094522071e-07
main,WFG4,22,2,1,337,337,337,337,3.5052490243714374e-07,5.940856935282568e-07,5.278930663710213e-07,5.657334094522071e-07
main,WFG4,22,2,1,338,338,338,338,3.5153198241211214e-07,5.940856935282568e-07,5.278930663710213e-07,5.657334094522071e-07
main,WFG4,22,2,1,339,339,339,339,3.5052490243714374e-07,5.940856935282568e-07,5.278930663710213e-07,5.657334094522071e-07
main,WFG4,22,2,1,340,340,340,340,3.5153198241211214e-07,5.940856935282568e-07,5.278930663710213e-07,5.657334094522071e-07
main,WFG4,22,2,1,341,341,341,341,3.5253906238708055e-07,5.940856935282568e-07,5.278930663710213e-07,5.657334094522071e-07
main,WFG4,22,2,1,342,342,342,342,3.5153198241211214e-07,5.940856935282568e-07,5.278930663710213e-07,5.657334094522071e-07
main,WFG4,22,2,1,343,343,343,343,3.5052490243714374e-07,5.940856935282568e-07,5.278930663710213e-07,5.657334094522071e-07
main,WFG4,22,2,1,344,344,344,344,3.495788574170433e-07,5.940856935282568e-07,5.278930663710213e-07,5.657334094522071e-07
main,WFG4,22,2,1,345,345,345,345,3.486328123969429e-07,5.940856935282568e-07,5.278930663710213e-07,5.657334094522071e-07
main,WFG4,22,2,1,346,346,346,346,3.4851455688045263e-07,5.940856935282568e-07,5.278930663710213e-07,5.657334094522071e-07
main,WFG4,22,2,1,347,347,347,347,3.486328123969429e-07,5.940856935282568e-07,5.278930663710213e-07,5.657334094522071e-07
main,WFG4,22,2,1,348,348,348,348,3.4851455688045263e-07,5.940856935282568e-07,5.278930663710213e-07,5.657334094522071e-07
main,WFG4,22,2,1,349,349,349,349,3.483963013639624e-07,5.940856935282568e-07,5.278930663710213e-07,5.657334094522071e-07
main,WFG4,22,2,1,350,350,350,350,3.4794998171605585e-07,5.940856935282568e-07,5.278930663710213e-07,5.657334094522071e-07
main,WFG4,22,2,1,351,351,351,351,3.475036620681493e-07,5.940856935282568e-07,5.278930663710213e-07,5.657334094522071e-07
main,WFG4,22,2,1,352,352,352,352,3.4704589846334954e-07,5.940856935282568e-07,5.278930663710213e-07,5.657334094522071e-07
main,WFG4,22,2,1,353,353,353,353,3.465881348585498e-07,5.940856935282568e-07,5.278930663710213e-07,5.657334094522071e-07
main,WFG4,22,2,1,354,354,354,354,3.462524414965529e-07,5.940856935282568e-07,5.278930663710213e-07,5.657334094522071e-07
main,WFG4,22,2,1,355,355,355,355,3.45916748134556e-07,5.940856935282568e-07,5.278930663710213e-07,5.657334094522071e-07
main,WFG4,22,2,1,356,356,356,356,3.4576797491858713e-07,5.940856935282568e-07,5.278930663710213e-07,5.657334094522071e-07
main,WFG4,22,2,1,357,357,357,357,3.45916748134556e-07,6.117248534387443e-07,5.278930663710213e-07,5.657334094522071e-07
main,WFG4,22,2,1,358,358,358,358,3.462524414965529e-07,6.117248534387443e-07,5.278930663710213e-07,5.657334094522071e-07
main,WFG4,22,2,1,359,359,359,359,3.45916748134556e-07,6.117248534387443e-07,5.278930663710213e-07,5.657334094522071e-07
main,WFG4,22,2,1,360,360,360,360,3.4576797491858713e-07,6.117248534387443e-07,5.278930663710213e-07,5.657334094522071e-07
main,WFG4,22,2,1,361,361,361,361,3.45916748134556e-07,6.117248534387443e-07,5.278930663710213e-07,5.657334094522071e-07
main,WFG4,22,2,1,362,362,362,362,3.4576797491858713e-07,6.117248534387443e-07,5.278930663710213e-07,5.657334094522071e-07
main,WFG4,22,2,1,363,363,363,363,3.456192017026183e-07,6.117248534387443e-07,5.278930663710213e-07,5.657334094522071e-07
main,WFG4,22,2,1,364,364,364,364,3.451194763304244e-07,6.117248534387443e-07,5.278930663710213e-07,5.657334094522071e-07
main,WFG4,22,2,1,365,365,365,365,3.446197509582305e-07,6.117248534387443e-07,5.278930663710213e-07,5.657334094522071e-07
main,WFG4,22,2,1,366,366,366,366,3.442840577072559e-07,6.117248534387443e-07,5.278930663710213e-07,5.657334094522071e-07
main,WFG4,22,2,1,367,367,367,367,3.446197509582305e-07,6.117248534387443e-07,5.278930663710213e-07,5.657334094522071e-07
main,WFG4,22,2,1,368,368,368,368,3.442840577072559e-07,6.117248534387443e-07,5.278930663710213e-07,5.657334094522071e-07
main,WFG4,22,2,1,369,369,369,369,3.446197509582305e-07,6.117248534387443e-07,5.278930663710213e-07,5.657334094522071e-07
main,WFG4,22,2,1,370,370,370,370,3.451194763304244e-07,6.117248534387443e-07,5.278930663710213e-07,5.657334094522071e-07
main,WFG4,22,2,1,371,371,371,371,3.456192017026183e-07,6.117248534387443e-07,5.278930663710213e-07,5.657334094522071e-07
main,WFG4,22,2,1,372,372,372,372,3.4576797491858713e-07,6.117248534387443e-07,5.278930663710213e-07,5.657334094522071e-07
main,WFG4,22,2,1,373,373,373,373,3.456192017026183e-07,6.117248534387443e-07,5.278930663710213e-07,5.657334094522071e-07
main,WFG4,22,2,1,374,374,374,374,3.4576797491858713e-07,6.117248534387443e-07,5.278930663710213e-07,5.657334094522071e-07
main,WFG4,22,2,1,375,375,375,375,3.45916748134556e-07,6.117248534387443e-07,5.278930663710213e-07,5.657334094522071e-07
main,WFG4,22,2,1,376,376,376,376,3.4576797491858713e-07,6.117248534387443e-07,5.278930663710213e-07,5.657334094522071e-07
main,WFG4,22,2,1,377,377,377,377,3.456192017026183e-07,6.117248534387443e-07,5.278930663710213e-07,5.657334094522071e-07
main,WFG4,22,2,1,378,378,378,378,3.451194763304244e-07,6.117248534387443e-07,5.278930663710213e-07,5.657334094522071e-07
main,WFG4,22,2,1,379,379,379,379,3.456192017026183e-07,6.117248534387443e-07,5.278930663710213e-07,5.657334094522071e-07
main,WFG4,22,2,1,380,380,380,380,3.451194763304244e-07,6.117248534387443e-07,5.278930663710213e-07,5.657334094522071e-07
main,WFG4,22,2,1,381,381,381,381,3.446197509582305e-07,6.117248534387443e-07,5.278930663710213e-07,5.657334094522071e-07
main,WFG4,22,2,1,382,382,382,382,3.442840577072559e-07,6.117248534387443e-07,5.278930663710213e-07,5.657334094522071e-07
main,WFG4,22,2,1,383,383,383,383,3.446197509582305e-07,6.117248534387443e-07,5.278930663710213e-07,5.657334094522071e-07
main,WFG4,22,2,1,384,384,384,384,3.442840577072559e-07,6.117248534387443e-07,5.278930663710213e-07,5.657334094522071e-07
main,WFG4,22,2,1,385,385,385,385,3.446197509582305e-07,6.117248534387443e-07,5.278930663710213e-07,5.657334094522071e-07
main,WFG4,22,2,1,386,386,386,386,3.451194763304244e-07,6.117248534387443e-07,5.278930663710213e-07,5.657334094522071e-07
main,WFG4,22,2,1,387,387,387,387,3.456192017026183e-07,6.117248534387443e-07,5.278930663710213e-07,5.657334094522071e-07
main,WFG4,22,2,1,388,388,388,388,3.451194763304244e-07,6.117248534387443e-07,5.278930663710213e-07,5.657334094522071e-07
main,WFG4,22,2,1,389,389,389,389,3.456192017026183e-07,6.117248534387443e-07,5.278930663710213e-07,5.657334094522071e-07
main,WFG4,22,2,1,390,390,390,390,3.451194763304244e-07,6.117248534387443e-07,5.278930663710213e-07,5.657334094522071e-07
main,WFG4,22,2,1,391,391,391,391,3.446197509582305e-07,6.117248534387443e-07,5.278930663710213e-07,5.657334094522071e-07
main,WFG4,22,2,1,392,392,392,392,3.451194763304244e-07,6.117248534387443e-07,5.278930663710213e-07,5.657334094522071e-07
main,WFG4,22,2,1,393,393,393,393,3.446197509582305e-07,6.117248534387443e-07,5.278930663710213e-07,5.657334094522071e-07
main,WFG4,22,2,1,394,394,394,394,3.451194763304244e-07,6.117248534387443e-07,5.278930663710213e-07,5.657334094522071e-07
main,WFG4,22,2,1,395,395,395,395,3.446197509582305e-07,6.117248534387443e-07,5.278930663710213e-07,5.657334094522071e-07
main,WFG4,22,2,1,396,396,396,396,3.442840577072559e-07,6.117248534387443e-07,5.278930663710213e-07,5.657334094522071e-07
main,WFG4,22,2,1,397,397,397,397,3.446197509582305e-07,6.117248534387443e-07,5.278930663710213e-07,5.657334094522071e-07
main,WFG4,22,2,1,398,398,398,398,3.442840577072559e-07,6.117248534387443e-07,5.278930663710213e-07,5.657334094522071e-07
main,WFG4,22,2,1,399,399,399,399,3.439483644562813e-07,6.117248534387443e-07,5.278930663710213e-07,5.657334094522071e-07
main,WFG4,22,2,1,400,400,400,400,3.442840577072559e-07,6.117248534387443e-07,5.278930663710213e-07,5.657334094522071e-07
main,WFG4,22,2,1,401,401,401,401,3.446197509582305e-07,6.117248534387443e-07,5.278930663710213e-07,5.657334094522071e-07
main,WFG4,22,2,1,402,402,402,402,3.442840577072559e-07,6.117248534387443e-07,5.278930663710213e-07,5.657334094522071e-07
main,WFG4,22,2,1,403,403,403,403,3.439483644562813e-07,6.117248534387443e-07,5.278930663710213e-07,5.657334094522071e-07
main,WFG4,22,2,1,404,404,404,404,3.442840577072559e-07,6.117248534387443e-07,5.278930663710213e-07,5.657334094522071e-07
main,WFG4,22,2,1,405,405,405,405,3.439483644562813e-07,6.117248534387443e-07,5.278930663710213e-07,5.657334094522071e-07
main,WFG4,22,2,1,406,406,406,406,3.442840577072559e-07,6.117248534387443e-07,5.278930663710213e-07,5.657334094522071e-07
main,WFG4,22,2,1,407,407,407,407,3.439483644562813e-07,6.117248534387443e-07,5.278930663710213e-07,5.657334094522071e-07
main,WFG4,22,2,1,408,408,408,408,3.442840577072559e-07,6.117248534387443e-07,5.278930663710213e-07,5.657334094522071e-07
main,WFG4,22,2,1,409,409,409,409,3.446197509582305e-07,6.117248534387443e-07,5.278930663710213e-07,5.657334094522071e-07
main,WFG4,22,2,1,410,410,410,410,3.451194763304244e-07,6.117248534387443e-07,5.278930663710213e-07,5.657334094522071e-07
main,WFG4,22,2,1,411,411,411,411,3.446197509582305e-07,6.117248534387443e-07,5.278930663710213e-07,5.657334094522071e-07
main,WFG4,22,2,1,412,412,412,412,3.442840577072559e-07,6.117248534387443e-07,5.278930663710213e-07,5.657334094522071e-07
main,WFG4,22,2,1,413,413,413,413,3.439483644562813e-07,6.117248534387443e-07,5.278930663710213e-07,5.657334094522071e-07
main,WFG4,22,2,1,414,414,414,414,3.438568115798901e-07,6.117248534387443e-07,5.278930663710213e-07,5.657334094522071e-07
main,WFG4,22,2,1,415,415,415,415,3.439483644562813e-07,6.117248534387443e-07,5.278930663710213e-07,5.657334094522071e-07
main,WFG4,22,2,1,416,416,416,416,3.438568115798901e-07,6.117248534387443e-07,5.278930663710213e-07,5.657334094522071e-07
main,WFG4,22,2,1,417,417,417,417,3.439483644562813e-07,6.117248534387443e-07,5.278930663710213e-07,5.657334094522071e-07
main,WFG4,22,2,1,418,418,418,418,3.438568115798901e-07,6.117248534387443e-07,5.278930663710213e-07,5.657334094522071e-07
main,WFG4,22,2,1,419,419,419,419,3.4376525870349894e-07,6.117248534387443e-07,5.278930663710213e-07,5.657334094522071e-07
main,WFG4,22,2,1,420,420,420,420,3.438568115798901e-07,6.117248534387443e-07,5.278930663710213e-07,5.657334094522071e-07
main,WFG4,22,2,1,421,421,421,421,3.439483644562813e-07,6.117248534387443e-07,5.278930663710213e-07,5.657334094522071e-07
main,WFG4,22,2,1,422,422,422,422,3.438568115798901e-07,6.117248534387443e-07,5.278930663710213e-07,5.657334094522071e-07
main,WFG4,22,2,1,423,423,423,423,3.439483644562813e-07,6.117248534387443e-07,5.278930663710213e-07,5.657334094522071e-07
main,WFG4,22,2,1,424,424,424,424,3.438568115798901e-07,6.117248534387443e-07,5.278930663710213e-07,5.657334094522071e-07
main,WFG4,22,2,1,425,425,425,425,3.4376525870349894e-07,6.117248534387443e-07,5.278930663710213e-07,5.657334094522071e-07
main,WFG4,22,2,1,426,426,426,426,3.4349822997103985e-07,6.117248534387443e-07,5.278930663710213e-07,5.657334094522071e-07
main,WFG4,22,2,1,427,427,427,427,3.4323120123858075e-07,6.117248534387443e-07,5.278930663710213e-07,5.657334094522071e-07
main,WFG4,22,2,1,428,428,428,428,3.4349822997103985e-07,6.117248534387443e-07,5.278930663710213e-07,5.657334094522071e-07
main,WFG4,22,2,1,429,429,429,429,3.4323120123858075e-07,6.117248534387443e-07,5.278930663710213e-07,5.657334094522071e-07
main,WFG4,22,2,1,430,430,430,430,3.4349822997103985e-07,6.117248534387443e-07,5.278930663710213e-07,5.657334094522071e-07
main,WFG4,22,2,1,431,431,431,431,3.4323120123858075e-07,6.117248534387443e-07,5.278930663710213e-07,5.657334094522071e-07
main,WFG4,22,2,1,432,432,432,432,3.4349822997103985e-07,6.117248534387443e-07,5.278930663710213e-07,5.657334094522071e-07
main,WFG4,22,2,1,433,433,433,433,3.4323120123858075e-07,6.117248534387443e-07,5.278930663710213e-07,5.657334094522071e-07
main,WFG4,22,2,1,434,434,434,434,3.4349822997103985e-07,6.117248534387443e-07,5.278930663710213e-07,5.657334094522071e-07
main,WFG4,22,2,1,435,435,435,435,3.4323120123858075e-07,6.117248534387443e-07,5.278930663710213e-07,5.657334094522071e-07
main,WFG4,22,2,1,436,436,436,436,3.4349822997103985e-07,6.117248534387443e-07,5.278930663710213e-07,5.657334094522071e-07
main,WFG4,22,2,1,437,437,437,437,3.4323120123858075e-07,6.117248534387443e-07,5.278930663710213e-07,5.657334094522071e-07
main,WFG4,22,2,1,438,438,438,438,3.4306335461309345e-07,6.117248534387443e-07,5.278930663710213e-07,5.657334094522071e-07
main,WFG4,22,2,1,439,439,439,439,3.4289550798760615e-07,6.117248534387443e-07,5.278930663710213e-07,5.657334094522071e-07
main,WFG4,22,2,1,440,440,440,440,3.4306335461309345e-07,6.117248534387443e-07,5.278930663710213e-07,5.657334094522071e-07
main,WFG5,22,2,1,1,1,1,1,3.0964660657772924e-07,3.0964660657772924e-07,4.2547130585379733e-07,1.1734078791958424e-08
main,WFG5,22,2,1,2,2,2,2,2.230148317128311e-07,3.0964660657772924e-07,4.2547130585379733e-07,5.027693129044941e-07
main,WFG5,22,2,1,3,3,3,3,3.0964660657772924e-07,4.478759767501117e-07,4.2547130585379733e-07,5.027693129044941e-07
main,WFG5,22,2,1,4,4,4,4,2.6976776124065793e-07,4.478759767501117e-07,4.2547130585379733e-07,5.027693129044941e-07
main,WFG5,22,2,1,5,5,5,5,3.0964660657772924e-07,5.007781980204129e-07,4.2547130585379733e-07,5.027693129044941e-07
main,WFG5,22,2,1,6,6,6,6,3.780975342815296e-07,5.007781980204129e-07,4.2547130585379733e-07,5.027693129044941e-07
main,WFG5,22,2,1,7,7,7,7,3.0964660657772924e-07,5.007781980204129e-07,4.2547130585379733e-07,5.027693129044941e-07
main,WFG5,22,2,1,8,8,8,8,3.3302307134164266e-07,5.007781980204129e-07,4.2547130585379733e-07,5.027693129044941e-07
main,WFG5,22,2,1,9,9,9,9,3.0964660657772924e-07,5.007781980204129e-07,4.2547130585379733e-07,5.027693129044941e-07
main,WFG5,22,2,1,10,10,10,10,3.0724334720844126e-07,5.007781980204129e-07,4.2547130585379733e-07,5.027693129044941e-07
main,WFG5,22,2,1,11,11,11,11,3.057556152707974e-07,5.007781980204129e-07,4.2547130585379733e-07,5.027693129044941e-07
main,WFG5,22,2,1,12,12,12,12,3.0529785155497535e-07,5.007781980204129e-07,4.763603210222733e-07,5.027693129044941e-07
main,WFG5,22,2,1,13,13,13,13,3.057556152707974e-07,5.007781980204129e-07,4.763603210222733e-07,5.027693129044941e-07
main,WFG5,22,2,1,14,14,14,14,3.0529785155497535e-07,5.007781980204129e-07,4.763603210222733e-07,5.027693129044941e-07
main,WFG5,22,2,1,15,15,15,15,3.057556152707974e-07,5.007781980204129e-07,5.081558227537641e-07,5.027693129044941e-07
main,WFG5,22,2,1,16,16,16,16,3.0770111092426333e-07,5.35484314001522e-07,5.081558227537641e-07,5.027693129044941e-07
main,WFG5,22,2,1,17,17,17,17,3.0964660657772924e-07,5.35484314001522e-07,5.081558227537641e-07,5.027693129044941e-07
main,WFG5,22,2,1,18,18,18,18,3.29444885371899e-07,5.35484314001522e-07,5.081558227537641e-07,5.027693129044941e-07
main,WFG5,22,2,1,19,19,19,19,3.1236267084011615e-07,5.35484314001522e-07,5.081558227537641e-07,5.027693129044941e-07
main,WFG5,22,2,1,20,20,20,20,3.3080291750309243e-07,5.35484314001522e-07,5.081558227537641e-07,5.027693129044941e-07
main,WFG5,22,2,1,21,21,21,21,3.492431641660687e-07,5.35484314001522e-07,5.081558227537641e-07,5.027693129044941e-07
main,WFG5,22,2,1,22,22,22,22,3.528213501358124e-07,5.35484314001522e-07,5.081558227537641e-07,5.027693129044941e-07
main,WFG5,22,2,1,23,23,23,23,3.563995361055561e-07,5.35484314001522e-07,5.081558227537641e-07,5.027693129044941e-07
main,WFG5,22,2,1,24,24,24,24,3.6934661862275675e-07,5.35484314001522e-07,5.081558227537641e-07,5.027693129044941e-07
main,WFG5,22,2,1,25,25,25,25,3.563995361055561e-07,5.35484314001522e-07,5.081558227537641e-07,5.027693129044941e-07
main,WFG5,22,2,1,26,26,26,26,3.6934661862275675e-07,5.35484314001522e-07,5.081558227537641e-07,5.027693129044941e-07
main,WFG5,22,2,1,27,27,27,27,3.822937011399574e-07,5.35484314001522e-07,5.081558227537641e-07,5.027693129044941e-07
main,WFG5,22,2,1,28,28,28,28,3.829193115922891e-07,5.35484314001522e-07,5.081558227537641e-07,5.027693129044941e-07
main,WFG5,22,2,1,29,29,29,29,3.8354492204462076e-07,5.459747314251473e-07,5.081558227537641e-07,5.027693129044941e-07
main,WFG5,22,2,1,30,30,30,30,3.829193115922891e-07,5.459747314251473e-07,5.081558227537641e-07,5.027693129044941e-07
main,WFG5,22,2,1,31,31,31,31,3.822937011399574e-07,5.459747314251473e-07,5.081558227537641e-07,5.027693129044941e-07
main,WFG5,22,2,1,32,32,32,32,3.829193115922891e-07,5.521392822949167e-07,5.081558227537641e-07,5.027693129044941e-07
main,WFG5,22,2,1,33,33,33,33,3.8354492204462076e-07,5.521392822949167e-07,5.081558227537641e-07,5.027693129044941e-07
main,WFG5,22,2,1,34,34,34,34,3.829193115922891e-07,5.521392822949167e-07,5.081558227537641e-07,5.027693129044941e-07
main,WFG5,22,2,1,35,35,35,35,3.822937011399574e-07,5.521392822949167e-07,5.081558227537641e-07,5.027693129044941e-07
main,WFG5,22,2,1,36,36,36,36,3.739471434727193e-07,5.521392822949167e-07,5.081558227537641e-07,5.027693129044941e-07
main,WFG5,22,2,1,37,37,37,37,3.6560058580548116e-07,5.521392822949167e-07,5.081558227537641e-07,5.027693129044941e-07
main,WFG5,22,2,1,38,38,38,38,3.739471434727193e-07,5.521392822949167e-07,5.081558227537641e-07,5.027693129044941e-07
main,WFG5,22,2,1,39,39,39,39,3.822937011399574e-07,5.521392822949167e-07,5.081558227537641e-07,5.027693129044941e-07
main,WFG5,22,2,1,40,40,40,40,3.739471434727193e-07,5.521392822949167e-07,5.081558227537641e-07,5.027693129044941e-07
main,WFG5,22,2,1,41,41,41,41,3.822937011399574e-07,5.521392822949167e-07,5.081558227537641e-07,5.027693129044941e-07
main,WFG5,22,2,1,42,42,42,42,3.829193115922891e-07,5.521392822949167e-07,5.081558227537641e-07,5.027693129044941e-07
main,WFG5,22,2,1,43,43,43,43,3.822937011399574e-07,5.521392822949167e-07,5.081558227537641e-07,5.027693129044941e-07
main,WFG5,22,2,1,44,44,44,44,3.829193115922891e-07,5.521392822949167e-07,5.081558227537641e-07,5.027693129044941e-07
main,WFG5,22,2,1,45,45,45,45,3.8354492204462076e-07,6.741333011817119e-07,5.081558227537641e-07,5.027693129044941e-07
main,WFG5,22,2,1,46,46,46,46,3.8427352910819224e-07,6.741333011817119e-07,5.081558227537641e-07,5.027693129044941e-07
main,WFG5,22,2,1,47,47,47,47,3.8354492204462076e-07,6.741333011817119e-07,5.081558227537641e-07,5.027693129044941e-07
main,WFG5,22,2,1,48,48,48,48,3.829193115922891e-07,6.741333011817119e-07,5.081558227537641e-07,5.027693129044941e-07
main,WFG5,22,2,1,49,49,49,49,3.8354492204462076e-07,6.741333011817119e-07,5.081558227537641e-07,5.027693129044941e-07
main,WFG5,22,2,1,50,50,50,50,3.8427352910819224e-07,6.741333011817119e-07,5.081558227537641e-07,5.027693129044941e-07
main,WFG5,22,2,1,51,51,51,51,3.8354492204462076e-07,6.741333011817119e-07,5.081558227537641e-07,5.027693129044941e-07
main,WFG5,22,2,1,52,52,52,52,3.8427352910819224e-07,6.741333011817119e-07,5.081558227537641e-07,5.027693129044941e-07
main,WFG5,22,2,1,53,53,53,53,3.8354492204462076e-07,6.741333011817119e-07,5.081558227537641e-07,5.027693129044941e-07
main,WFG5,22,2,1,54,54,54,54,3.829193115922891e-07,6.741333011817119e-07,5.081558227537641e-07,5.027693129044941e-07
main,WFG5,22,2,1,55,55,55,55,3.822937011399574e-07,6.741333011817119e-07,5.081558227537641e-07,5.027693129044941e-07
main,WFG5,22,2,1,56,56,56,56,3.7845611577935756e-07,6.741333011817119e-07,5.081558227537641e-07,5.027693129044941e-07
main,WFG5,22,2,1,57,57,57,57,3.746185304187577e-07,6.741333011817119e-07,5.081558227537641e-07,5.027693129044941e-07
main,WFG5,22,2,1,58,58,58,58,3.7010955811211943e-07,6.741333011817119e-07,5.081558227537641e-07,5.027693129044941e-07
main,WFG5,22,2,1,59,59,59,59,3.6560058580548116e-07,6.741333011817119e-07,5.081558227537641e-07,5.027693129044941e-07
main,WFG5,22,2,1,60,60,60,60,3.610000609555186e-07,6.741333011817119e-07,5.081558227537641e-07,5.027693129044941e-07
main,WFG5,22,2,1,61,61,61,61,3.6074829079524307e-07,6.741333011817119e-07,5.081558227537641e-07,5.027693129044941e-07
main,WFG5,22,2,1,62,62,62,62,3.5857391345039957e-07,6.741333011817119e-07,5.081558227537641e-07,5.027693129044941e-07
main,WFG5,22,2,1,63,63,63,63,3.6074829079524307e-07,6.741333011817119e-07,5.081558227537641e-07,5.027693129044941e-07
main,WFG5,22,2,1,64,64,64,64,3.5857391345039957e-07,6.741333011817119e-07,5.081558227537641e-07,5.027693129044941e-07
main,WFG5,22,2,1,65,65,65,65,3.6074829079524307e-07,6.741333011817119e-07,5.081558227537641e-07,5.027693129044941e-07
main,WFG5,22,2,1,66,66,66,66,3.631744383003621e-07,6.741333011817119e-07,5.081558227537641e-07,5.027693129044941e-07
main,WFG5,22,2,1,67,67,67,67,3.6560058580548116e-07,6.741333011817119e-07,5.081558227537641e-07,5.027693129044941e-07
main,WFG5,22,2,1,68,68,68,68,3.631744383003621e-07,6.741333011817119e-07,5.081558227537641e-07,5.027693129044941e-07
main,WFG5,22,2,1,69,69,69,69,3.6560058580548116e-07,6.741333011817119e-07,5.081558227537641e-07,5.027693129044941e-07
main,WFG5,22,2,1,70,70,70,70,3.631744383003621e-07,6.741333011817119e-07,5.081558227537641e-07,5.027693129044941e-07
main,WFG5,22,2,1,71,71,71,71,3.6560058580548116e-07,6.741333011817119e-07,5.081558227537641e-07,5.027693129044941e-07
main,WFG5,22,2,1,72,72,72,72,3.7010955811211943e-07,6.741333011817119e-07,5.081558227537641e-07,5.027693129044941e-07
main,WFG5,22,2,1,73,73,73,73,3.6560058580548116e-07,6.741333011817119e-07,5.081558227537641e-07,5.027693129044941e-07
main,WFG5,22,2,1,74,74,74,74,3.631744383003621e-07,6.741333011817119e-07,5.081558227537641e-07,5.027693129044941e-07
main,WFG5,22,2,1,75,75,75,75,3.6560058580548116e-07,6.741333011817119e-07,5.081558227537641e-07,5.027693129044941e-07
main,WFG5,22,2,1,76,76,76,76,3.631744383003621e-07,6.741333011817119e-07,5.081558227537641e-07,5.027693129044941e-07
main,WFG5,22,2,1,77,77,77,77,3.6074829079524307e-07,6.741333011817119e-07,5.081558227537641e-07,5.027693129044941e-07
main,WFG5,22,2,1,78,78,78,78,3.5857391345039957e-07,6.741333011817119e-07,5.081558227537641e-07,5.027693129044941e-07
main,WFG5,22,2,1,79,79,79,79,3.6074829079524307e-07,6.741333011817119e-07,5.081558227537641e-07,5.027693129044941e-07
main,WFG5,22,2,1,80,80,80,80,3.631744383003621e-07,6.741333011817119e-07,5.081558227537641e-07,5.027693129044941e-07
main,WFG5,22,2,1,81,81,81,81,3.6560058580548116e-07,6.741333011817119e-07,5.081558227537641e-07,5.027693129044941e-07
main,WFG5,22,2,1,82,82,82,82,3.6740112308031314e-07,6.741333011817119e-07,5.081558227537641e-07,5.027693129044941e-07
main,WFG5,22,2,1,83,83,83,83,3.6560058580548116e-07,6.741333011817119e-07,5.081558227537641e-07,5.027693129044941e-07
main,WFG5,22,2,1,84,84,84,84,3.6740112308031314e-07,6.741333011817119e-07,5.081558227537641e-07,5.027693129044941e-07
main,WFG5,22,2,1,85,85,85,85,3.6560058580548116e-07,6.741333011817119e-07,5.081558227537641e-07,5.027693129044941e-07
main,WFG5,22,2,1,86,86,86,86,3.6740112308031314e-07,6.741333011817119e-07,5.081558227537641e-07,5.027693129044941e-07
main,WFG5,22,2,1,87,87,87,87,3.6560058580548116e-07,6.741333011817119e-07,5.081558227537641e-07,5.027693129044941e-07
main,WFG5,22,2,1,88,88,88,88,3.6740112308031314e-07,6.741333011817119e-07,5.081558227537641e-07,5.027693129044941e-07
main,WFG5,22,2,1,89,89,89,89,3.692016603551451e-07,6.741333011817119e-07,5.081558227537641e-07,5.027693129044941e-07
main,WFG5,22,2,1,90,90,90,90,3.719100953869514e-07,6.741333011817119e-07,5.081558227537641e-07,5.027693129044941e-07
main,WFG5,22,2,1,91,91,91,91,3.692016603551451e-07,6.741333011817119e-07,5.081558227537641e-07,5.027693129044941e-07
main,WFG5,22,2,1,92,92,92,92,3.719100953869514e-07,6.741333011817119e-07,5.081558227537641e-07,5.027693129044941e-07
main,WFG5,22,2,1,93,93,93,93,3.692016603551451e-07,6.741333011817119e-07,5.081558227537641e-07,5.027693129044941e-07
main,WFG5,22,2,1,94,94,94,94,3.719100953869514e-07,6.741333011817119e-07,5.081558227537641e-07,5.027693129044941e-07
main,WFG5,22,2,1,95,95,95,95,3.692016603551451e-07,6.741333011817119e-07,5.081558227537641e-07,5.027693129044941e-07
main,WFG5,22,2,1,96,96,96,96,3.6740112308031314e-07,6.741333011817119e-07,5.081558227537641e-07,5.027693129044941e-07
main,WFG5,22,2,1,97,97,97,97,3.6560058580548116e-07,6.741333011817119e-07,5.081558227537641e-07,5.027693129044941e-07
main,WFG5,22,2,1,98,98,98,98,3.631744383003621e-07,6.741333011817119e-07,5.081558227537641e-07,5.027693129044941e-07
main,WFG5,22,2,1,99,99,99,99,3.6074829079524307e-07,6.741333011817119e-07,5.081558227537641e-07,5.027693129044941e-07
main,WFG5,22,2,1,100,100,100,100,3.5857391345039957e-07,6.741333011817119e-07,5.081558227537641e-07,5.027693129044941e-07
main,WFG5,22,2,1,101,101,101,101,3.6074829079524307e-07,6.741333011817119e-07,5.081558227537641e-07,5.027693129044941e-07
main,WFG5,22,2,1,102,102,102,102,3.5857391345039957e-07,6.741333011817119e-07,5.081558227537641e-07,5.027693129044941e-07
main,WFG5,22,2,1,103,103,103,103,3.563995361055561e-07,6.741333011817119e-07,5.081558227537641e-07,5.027693129044941e-07
main,WFG5,22,2,1,104,104,104,104,3.528213501358124e-07,6.741333011817119e-07,5.081558227537641e-07,5.027693129044941e-07
main,WFG5,22,2,1,105,105,105,105,3.563995361055561e-07,6.741333011817119e-07,5.081558227537641e-07,5.027693129044941e-07
main,WFG5,22,2,1,106,106,106,106,3.5857391345039957e-07,6.741333011817119e-07,5.081558227537641e-07,5.027693129044941e-07
main,WFG5,22,2,1,107,107,107,107,3.563995361055561e-07,6.741333011817119e-07,5.081558227537641e-07,5.027693129044941e-07
main,WFG5,22,2,1,108,108,108,108,3.5857391345039957e-07,7.235717776055139e-07,5.081558227537641e-07,5.027693129044941e-07
main,WFG5,22,2,1,109,109,109,109,3.563995361055561e-07,7.235717776055139e-07,5.081558227537641e-07,5.027693129044941e-07
main,WFG5,22,2,1,110,110,110,110,3.528213501358124e-07,7.235717776055139e-07,5.081558227537641e-07,5.027693129044941e-07
main,WFG5,22,2,1,111,111,111,111,3.563995361055561e-07,7.235717776055139e-07,5.081558227537641e-07,5.027693129044941e-07
main,WFG5,22,2,1,112,112,112,112,3.5857391345039957e-07,7.235717776055139e-07,5.081558227537641e-07,5.027693129044941e-07
main,WFG5,22,2,1,113,113,113,113,3.563995361055561e-07,7.235717776055139e-07,5.081558227537641e-07,5.027693129044941e-07
main,WFG5,22,2,1,114,114,114,114,3.528213501358124e-07,7.235717776055139e-07,5.081558227537641e-07,5.027693129044941e-07
main,WFG5,22,2,1,115,115,115,115,3.563995361055561e-07,7.235717776055139e-07,5.081558227537641e-07,5.027693129044941e-07
main,WFG5,22,2,1,116,116,116,116,3.528213501358124e-07,7.235717776055139e-07,5.081558227537641e-07,5.027693129044941e-07
main,WFG5,22,2,1,117,117,117,117,3.492431641660687e-07,7.235717776055139e-07,5.081558227537641e-07,5.027693129044941e-07
main,WFG5,22,2,1,118,118,118,118,3.4771728518734335e-07,7.235717776055139e-07,5.081558227537641e-07,5.027693129044941e-07
main,WFG5,22,2,1,119,119,119,119,3.46191406208618e-07,7.235717776055139e-07,5.081558227537641e-07,5.027693129044941e-07
main,WFG5,22,2,1,120,120,120,120,3.4463500975245864e-07,7.235717776055139e-07,5.081558227537641e-07,5.027693129044941e-07
main,WFG5,22,2,1,121,121,121,121,3.46191406208618e-07,7.235717776055139e-07,5.081558227537641e-07,5.027693129044941e-07
main,WFG5,22,2,1,122,122,122,122,3.4771728518734335e-07,7.235717776055139e-07,5.081558227537641e-07,5.027693129044941e-07
main,WFG5,22,2,1,123,123,123,123,3.492431641660687e-07,7.235717776055139e-07,5.081558227537641e-07,5.027693129044941e-07
main,WFG5,22,2,1,124,124,124,124,3.4771728518734335e-07,7.235717776055139e-07,5.081558227537641e-07,5.027693129044941e-07
main,WFG5,22,2,1,125,125,125,125,3.46191406208618e-07,7.235717776055139e-07,5.081558227537641e-07,5.027693129044941e-07
main,WFG5,22,2,1,126,126,126,126,3.4583663943710263e-07,7.235717776055139e-07,5.081558227537641e-07,5.027693129044941e-07
main,WFG5,22,2,1,127,127,127,127,3.46191406208618e-07,7.235717776055139e-07,5.081558227537641e-07,5.027693129044941e-07
main,WFG5,22,2,1,128,128,128,128,3.4583663943710263e-07,7.235717776055139e-07,5.081558227537641e-07,5.027693129044941e-07
main,WFG5,22,2,1,129,129,129,129,3.454818726655873e-07,7.235717776055139e-07,5.081558227537641e-07,5.027693129044941e-07
main,WFG5,22,2,1,130,130,130,130,3.4583663943710263e-07,7.235717776055139e-07,5.081558227537641e-07,5.027693129044941e-07
main,WFG5,22,2,1,131,131,131,131,3.454818726655873e-07,7.235717776055139e-07,5.081558227537641e-07,5.027693129044941e-07
main,WFG5,22,2,1,132,132,132,132,3.442802429809433e-07,7.235717776055139e-07,5.081558227537641e-07,5.027693129044941e-07
main,WFG5,22,2,1,133,133,133,133,3.454818726655873e-07,7.235717776055139e-07,5.081558227537641e-07,5.027693129044941e-07
main,WFG5,22,2,1,134,134,134,134,3.4583663943710263e-07,7.235717776055139e-07,5.081558227537641e-07,5.027693129044941e-07
main,WFG5,22,2,1,135,135,135,135,3.454818726655873e-07,7.235717776055139e-07,5.081558227537641e-07,5.027693129044941e-07
main,WFG5,22,2,1,136,136,136,136,3.4583663943710263e-07,7.235717776055139e-07,5.081558227537641e-07,5.027693129044941e-07
main,WFG5,22,2,1,137,137,137,137,3.46191406208618e-07,7.235717776055139e-07,5.081558227537641e-07,5.027693129044941e-07
main,WFG5,22,2,1,138,138,138,138,3.4771728518734335e-07,7.235717776055139e-07,5.081558227537641e-07,5.027693129044941e-07
main,WFG5,22,2,1,139,139,139,139,3.492431641660687e-07,7.235717776055139e-07,5.081558227537641e-07,5.027693129044941e-07
main,WFG5,22,2,1,140,140,140,140,3.4771728518734335e-07,7.235717776055139e-07,5.081558227537641e-07,5.027693129044941e-07
main,WFG5,22,2,1,141,141,141,141,3.492431641660687e-07,7.235717776055139e-07,5.081558227537641e-07,5.027693129044941e-07
main,WFG5,22,2,1,142,142,142,142,3.4771728518734335e-07,7.235717776055139e-07,5.081558227537641e-07,5.027693129044941e-07
main,WFG5,22,2,1,143,143,143,143,3.492431641660687e-07,7.235717776055139e-07,5.081558227537641e-07,5.027693129044941e-07
main,WFG5,22,2,1,144,144,144,144,3.4771728518734335e-07,7.235717776055139e-07,5.081558227537641e-07,5.027693129044941e-07
main,WFG5,22,2,1,145,145,145,145,3.492431641660687e-07,7.235717776055139e-07,5.081558227537641e-07,5.027693129044941e-07
main,WFG5,22,2,1,146,146,146,146,3.4771728518734335e-07,7.235717776055139e-07,5.081558227537641e-07,5.027693129044941e-07
main,WFG5,22,2,1,147,147,147,147,3.46191406208618e-07,7.235717776055139e-07,5.081558227537641e-07,5.027693129044941e-07
main,WFG5,22,2,1,148,148,148,148,3.4583663943710263e-07,7.235717776055139e-07,5.081558227537641e-07,5.027693129044941e-07
main,WFG5,22,2,1,149,149,149,149,3.454818726655873e-07,7.235717776055139e-07,5.081558227537641e-07,5.027693129044941e-07
main,WFG5,22,2,1,150,150,150,150,3.4583663943710263e-07,7.235717776055139e-07,5.081558227537641e-07,5.027693129044941e-07
main,WFG5,22,2,1,151,151,151,151,3.454818726655873e-07,7.235717776055139e-07,5.081558227537641e-07,5.027693129044941e-07
main,WFG5,22,2,1,152,152,152,152,3.4583663943710263e-07,7.235717776055139e-07,5.081558227537641e-07,5.027693129044941e-07
main,WFG5,22,2,1,153,153,153,153,3.46191406208618e-07,7.235717776055139e-07,5.081558227537641e-07,5.027693129044941e-07
main,WFG5,22,2,1,154,154,154,154,3.4583663943710263e-07,7.235717776055139e-07,5.081558227537641e-07,5.027693129044941e-07
main,WFG5,22,2,1,155,155,155,155,3.454818726655873e-07,7.235717776055139e-07,5.081558227537641e-07,5.027693129044941e-07
main,WFG5,22,2,1,156,156,156,156,3.442802429809433e-07,7.235717776055139e-07,5.081558227537641e-07,5.027693129044941e-07
main,WFG5,22,2,1,157,157,157,157,3.430786132962993e-07,7.235717776055139e-07,5.081558227537641e-07,5.027693129044941e-07
main,WFG5,22,2,1,158,158,158,158,3.420486450744775e-07,7.235717776055139e-07,5.081558227537641e-07,5.027693129044941e-07
main,WFG5,22,2,1,159,159,159,159,3.4101867685265574e-07,7.235717776055139e-07,5.081558227537641e-07,5.027693129044941e-07
main,WFG5,22,2,1,160,160,160,160,3.420486450744775e-07,7.235717776055139e-07,5.081558227537641e-07,5.027693129044941e-07
main,WFG5,22,2,1,161,161,161,161,3.4101867685265574e-07,7.235717776055139e-07,5.081558227537641e-07,5.027693129044941e-07
main,WFG5,22,2,1,162,162,162,162,3.420486450744775e-07,7.235717776055139e-07,5.081558227537641e-07,5.027693129044941e-07
main,WFG5,22,2,1,163,163,163,163,3.430786132962993e-07,7.235717776055139e-07,5.081558227537641e-07,5.027693129044941e-07
main,WFG5,22,2,1,164,164,164,164,3.420486450744775e-07,7.235717776055139e-07,5.081558227537641e-07,5.027693129044941e-07
main,WFG5,22,2,1,165,165,165,165,3.4101867685265574e-07,7.235717776055139e-07,5.081558227537641e-07,5.027693129044941e-07
main,WFG5,22,2,1,166,166,166,166,3.420486450744775e-07,7.235717776055139e-07,5.081558227537641e-07,5.027693129044941e-07
main,WFG5,22,2,1,167,167,167,167,3.4101867685265574e-07,7.235717776055139e-07,5.081558227537641e-07,5.027693129044941e-07
main,WFG5,22,2,1,168,168,168,168,3.3995437631606507e-07,7.235717776055139e-07,5.081558227537641e-07,5.027693129044941e-07
main,WFG5,22,2,1,169,169,169,169,3.388900757794744e-07,7.235717776055139e-07,5.081558227537641e-07,5.027693129044941e-07
main,WFG5,22,2,1,170,170,170,170,3.3995437631606507e-07,7.235717776055139e-07,5.081558227537641e-07,5.027693129044941e-07
main,WFG5,22,2,1,171,171,171,171,3.4101867685265574e-07,7.235717776055139e-07,5.081558227537641e-07,5.027693129044941e-07
main,WFG5,22,2,1,172,172,172,172,3.420486450744775e-07,7.235717776055139e-07,5.081558227537641e-07,5.027693129044941e-07
main,WFG5,22,2,1,173,173,173,173,3.4101867685265574e-07,7.235717776055139e-07,5.081558227537641e-07,5.027693129044941e-07
main,WFG5,22,2,1,174,174,174,174,3.420486450744775e-07,7.235717776055139e-07,5.081558227537641e-07,5.027693129044941e-07
main,WFG5,22,2,1,175,175,175,175,3.4101867685265574e-07,7.235717776055139e-07,5.081558227537641e-07,5.027693129044941e-07
main,WFG5,22,2,1,176,176,176,176,3.3995437631606507e-07,7.235717776055139e-07,5.081558227537641e-07,5.027693129044941e-07
main,WFG5,22,2,1,177,177,177,177,3.388900757794744e-07,7.235717776055139e-07,5.081558227537641e-07,5.027693129044941e-07
main,WFG5,22,2,1,178,178,178,178,3.3995437631606507e-07,7.235717776055139e-07,5.081558227537641e-07,5.027693129044941e-07
main,WFG5,22,2,1,179,179,179,179,3.4101867685265574e-07,7.235717776055139e-07,5.081558227537641e-07,5.027693129044941e-07
main,WFG5,22,2,1,180,180,180,180,3.420486450744775e-07,7.235717776055139e-07,5.081558227537641e-07,5.027693129044941e-07
main,WFG5,22,2,1,181,181,181,181,3.430786132962993e-07,7.235717776055139e-07,5.081558227537641e-07,5.027693129044941e-07
main,WFG5,22,2,1,182,182,182,182,3.420486450744775e-07,7.235717776055139e-07,5.081558227537641e-07,5.027693129044941e-07
main,WFG5,22,2,1,183,183,183,183,3.430786132962993e-07,7.235717776055139e-07,5.081558227537641e-07,5.027693129044941e-07
main,WFG5,22,2,1,184,184,184,184,3.420486450744775e-07,7.235717776055139e-07,5.081558227537641e-07,5.027693129044941e-07
main,WFG5,22,2,1,185,185,185,185,3.430786132962993e-07,7.235717776055139e-07,5.081558227537641e-07,5.027693129044941e-07
main,WFG5,22,2,1,186,186,186,186,3.420486450744775e-07,7.235717776055139e-07,5.081558227537641e-07,5.027693129044941e-07
main,WFG5,22,2,1,187,187,187,187,3.430786132962993e-07,7.235717776055139e-07,5.081558227537641e-07,5.027693129044941e-07
main,WFG5,22,2,1,188,188,188,188,3.442802429809433e-07,7.235717776055139e-07,5.081558227537641e-07,5.027693129044941e-07
main,WFG5,22,2,1,189,189,189,189,3.454818726655873e-07,7.235717776055139e-07,5.081558227537641e-07,5.027693129044941e-07
main,WFG5,22,2,1,190,190,190,190,3.442802429809433e-07,7.235717776055139e-07,5.081558227537641e-07,5.027693129044941e-07
main,WFG5,22,2,1,191,191,191,191,3.430786132962993e-07,7.235717776055139e-07,5.081558227537641e-07,5.027693129044941e-07
main,WFG5,22,2,1,192,192,192,192,3.420486450744775e-07,7.235717776055139e-07,5.081558227537641e-07,5.027693129044941e-07
main,WFG5,22,2,1,193,193,193,193,3.430786132962993e-07,7.235717776055139e-07,5.081558227537641e-07,5.027693129044941e-07
main,WFG5,22,2,1,194,194,194,194,3.420486450744775e-07,7.235717776055139e-07,5.081558227537641e-07,5.027693129044941e-07
main,WFG5,22,2,1,195,195,195,195,3.4101867685265574e-07,7.235717776055139e-07,5.081558227537641e-07,5.027693129044941e-07
main,WFG5,22,2,1,196,196,196,196,3.420486450744775e-07,7.235717776055139e-07,5.081558227537641e-07,5.027693129044941e-07
main,WFG5,22,2,1,197,197,197,197,3.430786132962993e-07,7.235717776055139e-07,5.081558227537641e-07,5.027693129044941e-07
main,WFG5,22,2,1,198,198,198,198,3.420486450744775e-07,7.235717776055139e-07,5.081558227537641e-07,5.027693129044941e-07
main,WFG5,22,2,1,199,199,199,199,3.4101867685265574e-07,7.235717776055139e-07,5.081558227537641e-07,5.027693129044941e-07
main,WFG5,22,2,1,200,200,200,200,3.3995437631606507e-07,7.235717776055139e-07,5.081558227537641e-07,5.027693129044941e-07
main,WFG5,22,2,1,201,201,201,201,3.388900757794744e-07,7.235717776055139e-07,5.081558227537641e-07,5.027693129044941e-07
main,WFG5,22,2,1,202,202,202,202,3.3783340458448663e-07,7.235717776055139e-07,5.081558227537641e-07,5.027693129044941e-07
main,WFG5,22,2,1,203,203,203,203,3.388900757794744e-07,7.235717776055139e-07,5.081558227537641e-07,5.027693129044941e-07
main,WFG5,22,2,1,204,204,204,204,3.3995437631606507e-07,7.235717776055139e-07,5.081558227537641e-07,5.027693129044941e-07
main,WFG5,22,2,1,205,205,205,205,3.388900757794744e-07,7.235717776055139e-07,5.081558227537641e-07,5.027693129044941e-07
main,WFG5,22,2,1,206,206,206,206,3.3995437631606507e-07,7.235717776055139e-07,5.081558227537641e-07,5.027693129044941e-07
main,WFG5,22,2,1,207,207,207,207,3.4101867685265574e-07,7.235717776055139e-07,5.081558227537641e-07,5.027693129044941e-07
main,WFG5,22,2,1,208,208,208,208,3.3995437631606507e-07,7.235717776055139e-07,5.081558227537641e-07,5.027693129044941e-07
main,WFG5,22,2,1,209,209,209,209,3.4101867685265574e-07,7.235717776055139e-07,5.081558227537641e-07,5.027693129044941e-07
main,WFG5,22,2,1,210,210,210,210,3.3995437631606507e-07,7.235717776055139e-07,5.081558227537641e-07,5.027693129044941e-07
main,WFG5,22,2,1,211,211,211,211,3.4101867685265574e-07,7.235717776055139e-07,5.081558227537641e-07,5.027693129044941e-07
main,WFG5,22,2,1,212,212,212,212,3.3995437631606507e-07,7.235717776055139e-07,5.081558227537641e-07,5.027693129044941e-07
main,WFG5,22,2,1,213,213,213,213,3.388900757794744e-07,7.235717776055139e-07,5.081558227537641e-07,5.027693129044941e-07
main,WFG5,22,2,1,214,214,214,214,3.3995437631606507e-07,7.235717776055139e-07,5.081558227537641e-07,5.027693129044941e-07
main,WFG5,22,2,1,215,215,215,215,3.388900757794744e-07,7.235717776055139e-07,5.081558227537641e-07,5.027693129044941e-07
main,WFG5,22,2,1,216,216,216,216,3.3783340458448663e-07,7.235717776055139e-07,5.081558227537641e-07,5.027693129044941e-07
main,WFG5,22,2,1,217,217,217,217,3.3677673338949887e-07,7.235717776055139e-07,5.081558227537641e-07,5.027693129044941e-07
main,WFG5,22,2,1,218,218,218,218,3.3783340458448663e-07,7.235717776055139e-07,5.081558227537641e-07,5.027693129044941e-07
main,WFG5,22,2,1,219,219,219,219,3.3677673338949887e-07,7.235717776055139e-07,5.081558227537641e-07,5.027693129044941e-07
main,WFG5,22,2,1,220,220,220,220,3.3783340458448663e-07,7.235717776055139e-07,5.081558227537641e-07,5.027693129044941e-07
main,WFG5,22,2,1,221,221,221,221,3.3871459947931726e-07,7.235717776055139e-07,5.081558227537641e-07,5.027693129044941e-07
main,WFG5,22,2,1,222,222,222,222,3.3774566643440807e-07,7.235717776055139e-07,5.081558227537641e-07,5.027693129044941e-07
main,WFG5,22,2,1,223,223,223,223,3.3677673338949887e-07,7.235717776055139e-07,5.081558227537641e-07,5.027693129044941e-07
main,WFG5,22,2,1,224,224,224,224,3.3572769164713634e-07,7.235717776055139e-07,5.081558227537641e-07,5.027693129044941e-07
main,WFG5,22,2,1,225,225,225,225,3.3677673338949887e-07,7.235717776055139e-07,5.081558227537641e-07,5.027693129044941e-07
main,WFG5,22,2,1,226,226,226,226,3.3774566643440807e-07,7.235717776055139e-07,5.081558227537641e-07,5.027693129044941e-07
main,WFG5,22,2,1,227,227,227,227,3.3677673338949887e-07,7.235717776055139e-07,5.081558227537641e-07,5.027693129044941e-07
main,WFG5,22,2,1,228,228,228,228,3.3774566643440807e-07,7.235717776055139e-07,5.081558227537641e-07,5.027693129044941e-07
main,WFG5,22,2,1,229,229,229,229,3.3871459947931726e-07,7.235717776055139e-07,5.081558227537641e-07,5.027693129044941e-07
main,WFG5,22,2,1,230,230,230,230,3.388023376293958e-07,7.235717776055139e-07,5.081558227537641e-07,5.027693129044941e-07
main,WFG5,22,2,1,231,231,231,231,3.3871459947931726e-07,7.235717776055139e-07,5.081558227537641e-07,5.027693129044941e-07
main,WFG5,22,2,1,232,232,232,232,3.388023376293958e-07,7.235717776055139e-07,5.081558227537641e-07,5.027693129044941e-07
main,WFG5,22,2,1,233,233,233,233,3.388900757794744e-07,7.235717776055139e-07,5.081558227537641e-07,5.027693129044941e-07
main,WFG5,22,2,1,234,234,234,234,3.388977051210773e-07,7.235717776055139e-07,5.081558227537641e-07,5.027693129044941e-07
main,WFG5,22,2,1,235,235,235,235,3.3890533446268023e-07,7.235717776055139e-07,5.081558227537641e-07,5.027693129044941e-07
main,WFG5,22,2,1,236,236,236,236,3.39962005657668e-07,7.235717776055139e-07,5.081558227537641e-07,5.027693129044941e-07
main,WFG5,22,2,1,237,237,237,237,3.3890533446268023e-07,7.235717776055139e-07,5.081558227537641e-07,5.027693129044941e-07
main,WFG5,22,2,1,238,238,238,238,3.388977051210773e-07,7.235717776055139e-07,5.081558227537641e-07,5.027693129044941e-07
main,WFG5,22,2,1,239,239,239,239,3.3890533446268023e-07,7.235717776055139e-07,5.081558227537641e-07,5.027693129044941e-07
main,WFG5,22,2,1,240,240,240,240,3.388977051210773e-07,7.235717776055139e-07,5.081558227537641e-07,5.027693129044941e-07
main,WFG5,22,2,1,241,241,241,241,3.388900757794744e-07,7.235717776055139e-07,5.081558227537641e-07,5.027693129044941e-07
main,WFG5,22,2,1,242,242,242,242,3.388977051210773e-07,7.235717776055139e-07,5.081558227537641e-07,5.027693129044941e-07
main,WFG5,22,2,1,243,243,243,243,3.3890533446268023e-07,7.235717776055139e-07,5.081558227537641e-07,5.027693129044941e-07
main,WFG5,22,2,1,244,244,244,244,3.388977051210773e-07,7.235717776055139e-07,5.081558227537641e-07,5.027693129044941e-07
main,WFG5,22,2,1,245,245,245,245,3.388900757794744e-07,7.235717776055139e-07,5.081558227537641e-07,5.027693129044941e-07
main,WFG5,22,2,1,246,246,246,246,3.388977051210773e-07,7.235717776055139e-07,5.081558227537641e-07,5.027693129044941e-07
main,WFG5,22,2,1,247,247,247,247,3.3890533446268023e-07,7.235717776055139e-07,5.081558227537641e-07,5.027693129044941e-07
main,WFG5,22,2,1,248,248,248,248,3.39962005657668e-07,7.235717776055139e-07,5.081558227537641e-07,5.027693129044941e-07
main,WFG5,22,2,1,249,249,249,249,3.3890533446268023e-07,7.235717776055139e-07,5.081558227537641e-07,5.027693129044941e-07
main,WFG5,22,2,1,250,250,250,250,3.388977051210773e-07,7.235717776055139e-07,5.081558227537641e-07,5.027693129044941e-07
main,WFG5,22,2,1,251,251,251,251,3.3890533446268023e-07,7.235717776055139e-07,5.081558227537641e-07,5.027693129044941e-07
main,WFG5,22,2,1,252,252,252,252,3.388977051210773e-07,7.235717776055139e-07,5.081558227537641e-07,5.027693129044941e-07
main,WFG5,22,2,1,253,253,253,253,3.388900757794744e-07,7.235717776055139e-07,5.081558227537641e-07,5.027693129044941e-07
main,WFG5,22,2,1,254,254,254,254,3.388977051210773e-07,7.235717776055139e-07,5.081558227537641e-07,5.027693129044941e-07
main,WFG5,22,2,1,255,255,255,255,3.3890533446268023e-07,7.235717776055139e-07,5.081558227537641e-07,5.027693129044941e-07
main,WFG5,22,2,1,256,256,256,256,3.39962005657668e-07,7.235717776055139e-07,5.081558227537641e-07,5.027693129044941e-07
main,WFG5,22,2,1,257,257,257,257,3.4078979505025586e-07,7.235717776055139e-07,5.081558227537641e-07,5.027693129044941e-07
main,WFG5,22,2,1,258,258,258,258,3.3984756475646805e-07,7.235717776055139e-07,5.081558227537641e-07,5.027693129044941e-07
main,WFG5,22,2,1,259,259,259,259,3.3890533446268023e-07,7.235717776055139e-07,5.081558227537641e-07,5.027693129044941e-07
main,WFG5,22,2,1,260,260,260,260,3.388977051210773e-07,7.235717776055139e-07,5.081558227537641e-07,5.027693129044941e-07
main,WFG5,22,2,1,261,261,261,261,3.388900757794744e-07,7.235717776055139e-07,5.081558227537641e-07,5.027693129044941e-07
main,WFG5,22,2,1,262,262,262,262,3.388023376293958e-07,7.235717776055139e-07,5.081558227537641e-07,5.027693129044941e-07
main,WFG5,22,2,1,263,263,263,263,3.388900757794744e-07,7.235717776055139e-07,5.081558227537641e-07,5.027693129044941e-07
main,WFG5,22,2,1,264,264,264,264,3.388977051210773e-07,7.235717776055139e-07,5.081558227537641e-07,5.027693129044941e-07
main,WFG5,22,2,1,265,265,265,265,3.3890533446268023e-07,7.235717776055139e-07,5.081558227537641e-07,5.027693129044941e-07
main,WFG5,22,2,1,266,266,266,266,3.388977051210773e-07,7.235717776055139e-07,5.081558227537641e-07,5.027693129044941e-07
main,WFG5,22,2,1,267,267,267,267,3.388900757794744e-07,7.235717776055139e-07,5.081558227537641e-07,5.027693129044941e-07
main,WFG5,22,2,1,268,268,268,268,3.388977051210773e-07,7.235717776055139e-07,5.081558227537641e-07,5.027693129044941e-07
main,WFG5,22,2,1,269,269,269,269,3.3890533446268023e-07,7.235717776055139e-07,5.081558227537641e-07,5.027693129044941e-07
main,WFG5,22,2,1,270,270,270,270,3.3984756475646805e-07,7.235717776055139e-07,5.081558227537641e-07,5.027693129044941e-07
main,WFG5,22,2,1,271,271,271,271,3.4078979505025586e-07,7.235717776055139e-07,5.081558227537641e-07,5.027693129044941e-07
main,WFG5,22,2,1,272,272,272,272,3.409042359514558e-07,7.235717776055139e-07,5.081558227537641e-07,5.027693129044941e-07
main,WFG5,22,2,1,273,273,273,273,3.4101867685265574e-07,7.235717776055139e-07,5.081558227537641e-07,5.027693129044941e-07
main,WFG5,22,2,1,274,274,274,274,3.420486450744775e-07,7.235717776055139e-07,5.081558227537641e-07,5.027693129044941e-07
main,WFG5,22,2,1,275,275,275,275,3.430786132962993e-07,7.235717776055139e-07,5.081558227537641e-07,5.027693129044941e-07
main,WFG5,22,2,1,276,276,276,276,3.420486450744775e-07,7.235717776055139e-07,5.081558227537641e-07,5.027693129044941e-07
main,WFG5,22,2,1,277,277,277,277,3.430786132962993e-07,7.235717776055139e-07,5.081558227537641e-07,5.027693129044941e-07
main,WFG5,22,2,1,278,278,278,278,3.420486450744775e-07,7.235717776055139e-07,5.081558227537641e-07,5.027693129044941e-07
main,WFG5,22,2,1,279,279,279,279,3.4101867685265574e-07,7.235717776055139e-07,5.081558227537641e-07,5.027693129044941e-07
main,WFG5,22,2,1,280,280,280,280,3.409042359514558e-07,7.235717776055139e-07,5.081558227537641e-07,5.027693129044941e-07
main,WFG5,22,2,1,281,281,281,281,3.4078979505025586e-07,7.235717776055139e-07,5.081558227537641e-07,5.027693129044941e-07
main,WFG5,22,2,1,282,282,282,282,3.3984756475646805e-07,7.235717776055139e-07,5.081558227537641e-07,5.027693129044941e-07
main,WFG5,22,2,1,283,283,283,283,3.4078979505025586e-07,7.235717776055139e-07,5.081558227537641e-07,5.027693129044941e-07
main,WFG5,22,2,1,284,284,284,284,3.409042359514558e-07,7.235717776055139e-07,5.081558227537641e-07,5.027693129044941e-07
main,WFG5,22,2,1,285,285,285,285,3.4101867685265574e-07,7.235717776055139e-07,5.081558227537641e-07,5.027693129044941e-07
main,WFG5,22,2,1,286,286,286,286,3.409042359514558e-07,7.235717776055139e-07,5.081558227537641e-07,5.027693129044941e-07
main,WFG5,22,2,1,287,287,287,287,3.4078979505025586e-07,7.235717776055139e-07,5.081558227537641e-07,5.027693129044941e-07
main,WFG5,22,2,1,288,288,288,288,3.3984756475646805e-07,7.235717776055139e-07,5.081558227537641e-07,5.027693129044941e-07
main,WFG5,22,2,1,289,289,289,289,3.3890533446268023e-07,7.235717776055139e-07,5.081558227537641e-07,5.027693129044941e-07
main,WFG5,22,2,1,290,290,290,290,3.388977051210773e-07,7.235717776055139e-07,5.081558227537641e-07,5.027693129044941e-07
main,WFG5,22,2,1,291,291,291,291,3.388900757794744e-07,7.235717776055139e-07,5.081558227537641e-07,5.027693129044941e-07
main,WFG5,22,2,1,292,292,292,292,3.388023376293958e-07,7.235717776055139e-07,5.081558227537641e-07,5.027693129044941e-07
main,WFG5,22,2,1,293,293,293,293,3.3871459947931726e-07,7.235717776055139e-07,5.081558227537641e-07,5.027693129044941e-07
main,WFG5,22,2,1,294,294,294,294,3.3774566643440807e-07,7.235717776055139e-07,5.081558227537641e-07,5.027693129044941e-07
main,WFG5,22,2,1,295,295,295,295,3.3871459947931726e-07,7.235717776055139e-07,5.081558227537641e-07,5.027693129044941e-07
main,WFG5,22,2,1,296,296,296,296,3.388023376293958e-07,7.235717776055139e-07,5.081558227537641e-07,5.027693129044941e-07
main,WFG5,22,2,1,297,297,297,297,3.388900757794744e-07,7.235717776055139e-07,5.081558227537641e-07,5.027693129044941e-07
main,WFG5,22,2,1,298,298,298,298,3.388023376293958e-07,7.235717776055139e-07,5.081558227537641e-07,5.027693129044941e-07
main,WFG5,22,2,1,299,299,299,299,3.388900757794744e-07,7.235717776055139e-07,5.081558227537641e-07,5.027693129044941e-07
main,WFG5,22,2,1,300,300,300,300,3.388023376293958e-07,7.235717776055139e-07,5.081558227537641e-07,5.027693129044941e-07
main,WFG5,22,2,1,301,301,301,301,3.3871459947931726e-07,7.235717776055139e-07,5.081558227537641e-07,5.027693129044941e-07
main,WFG5,22,2,1,302,302,302,302,3.388023376293958e-07,7.235717776055139e-07,5.081558227537641e-07,5.027693129044941e-07
main,WFG5,22,2,1,303,303,303,303,3.388900757794744e-07,7.235717776055139e-07,5.081558227537641e-07,5.027693129044941e-07
main,WFG5,22,2,1,304,304,304,304,3.388023376293958e-07,7.235717776055139e-07,5.081558227537641e-07,5.027693129044941e-07
main,WFG5,22,2,1,305,305,305,305,3.3871459947931726e-07,7.235717776055139e-07,5.081558227537641e-07,5.027693129044941e-07
main,WFG5,22,2,1,306,306,306,306,3.3790206899197983e-07,7.235717776055139e-07,5.081558227537641e-07,5.027693129044941e-07
main,WFG5,22,2,1,307,307,307,307,3.370895385046424e-07,7.235717776055139e-07,5.081558227537641e-07,5.027693129044941e-07
main,WFG5,22,2,1,308,308,308,308,3.3693313594707064e-07,7.235717776055139e-07,5.081558227537641e-07,5.027693129044941e-07
main,WFG5,22,2,1,309,309,309,309,3.3677673338949887e-07,7.235717776055139e-07,5.081558227537641e-07,5.027693129044941e-07
main,WFG5,22,2,1,310,310,310,310,3.3693313594707064e-07,7.235717776055139e-07,5.081558227537641e-07,5.027693129044941e-07
main,WFG5,22,2,1,311,311,311,311,3.370895385046424e-07,7.235717776055139e-07,5.081558227537641e-07,5.027693129044941e-07
main,WFG5,22,2,1,312,312,312,312,3.3790206899197983e-07,7.303466800223646e-07,5.081558227537641e-07,5.027693129044941e-07
main,WFG5,22,2,1,313,313,313,313,3.3871459947931726e-07,7.303466800223646e-07,5.081558227537641e-07,5.027693129044941e-07
main,WFG5,22,2,1,314,314,314,314,3.3790206899197983e-07,7.303466800223646e-07,5.081558227537641e-07,5.027693129044941e-07
main,WFG5,22,2,1,315,315,315,315,3.3871459947931726e-07,7.303466800223646e-07,5.081558227537641e-07,5.027693129044941e-07
main,WFG5,22,2,1,316,316,316,316,3.388023376293958e-07,7.303466800223646e-07,5.081558227537641e-07,5.027693129044941e-07
main,WFG5,22,2,1,317,317,317,317,3.3871459947931726e-07,7.303466800223646e-07,5.081558227537641e-07,5.027693129044941e-07
main,WFG5,22,2,1,318,318,318,318,3.388023376293958e-07,7.303466800223646e-07,5.081558227537641e-07,5.027693129044941e-07
main,WFG5,22,2,1,319,319,319,319,3.3871459947931726e-07,7.303466800223646e-07,5.081558227537641e-07,5.027693129044941e-07
main,WFG5,22,2,1,320,320,320,320,3.388023376293958e-07,7.303466800223646e-07,5.081558227537641e-07,5.027693129044941e-07
main,WFG5,22,2,1,321,321,321,321,3.388900757794744e-07,7.303466800223646e-07,5.081558227537641e-07,5.027693129044941e-07
main,WFG5,22,2,1,322,322,322,322,3.388977051210773e-07,7.303466800223646e-07,5.081558227537641e-07,5.027693129044941e-07
main,WFG5,22,2,1,323,323,323,323,3.3890533446268023e-07,7.303466800223646e-07,5.081558227537641e-07,5.027693129044941e-07
main,WFG5,22,2,1,324,324,324,324,3.3984756475646805e-07,7.303466800223646e-07,5.081558227537641e-07,5.027693129044941e-07
main,WFG5,22,2,1,325,325,325,325,3.4078979505025586e-07,7.303466800223646e-07,5.081558227537641e-07,5.027693129044941e-07
main,WFG5,22,2,1,326,326,326,326,3.409042359514558e-07,7.303466800223646e-07,5.081558227537641e-07,5.027693129044941e-07
main,WFG5,22,2,1,327,327,327,327,3.4101867685265574e-07,7.303466800223646e-07,5.081558227537641e-07,5.027693129044941e-07
main,WFG5,22,2,1,328,328,328,328,3.414306641857934e-07,7.303466800223646e-07,5.081558227537641e-07,5.027693129044941e-07
main,WFG5,22,2,1,329,329,329,329,3.4101867685265574e-07,7.303466800223646e-07,5.081558227537641e-07,5.027693129044941e-07
main,WFG5,22,2,1,330,330,330,330,3.409042359514558e-07,7.303466800223646e-07,5.081558227537641e-07,5.027693129044941e-07
main,WFG5,22,2,1,331,331,331,331,3.4101867685265574e-07,7.303466800223646e-07,5.081558227537641e-07,5.027693129044941e-07
main,WFG5,22,2,1,332,332,332,332,3.414306641857934e-07,7.303466800223646e-07,5.081558227537641e-07,5.027693129044941e-07
main,WFG5,22,2,1,333,333,333,333,3.41842651518931e-07,7.303466800223646e-07,5.081558227537641e-07,5.027693129044941e-07
main,WFG5,22,2,1,334,334,334,334,3.414306641857934e-07,7.303466800223646e-07,5.081558227537641e-07,5.027693129044941e-07
main,WFG5,22,2,1,335,335,335,335,3.41842651518931e-07,7.303466800223646e-07,5.081558227537641e-07,5.027693129044941e-07
main,WFG5,22,2,1,336,336,336,336,3.4246063240761515e-07,7.303466800223646e-07,5.081558227537641e-07,5.027693129044941e-07
main,WFG5,22,2,1,337,337,337,337,3.430786132962993e-07,7.303466800223646e-07,5.081558227537641e-07,5.027693129044941e-07
main,WFG5,22,2,1,338,338,338,338,3.4246063240761515e-07,7.303466800223646e-07,5.081558227537641e-07,5.027693129044941e-07
main,WFG5,22,2,1,339,339,339,339,3.430786132962993e-07,7.303466800223646e-07,5.081558227537641e-07,5.027693129044941e-07
main,WFG5,22,2,1,340,340,340,340,3.435897827364087e-07,7.303466800223646e-07,5.081558227537641e-07,5.027693129044941e-07
main,WFG5,22,2,1,341,341,341,341,3.4410095217651815e-07,7.303466800223646e-07,5.081558227537641e-07,5.027693129044941e-07
main,WFG5,22,2,1,342,342,342,342,3.447914124210527e-07,7.303466800223646e-07,5.081558227537641e-07,5.027693129044941e-07
main,WFG5,22,2,1,343,343,343,343,3.454818726655873e-07,7.303466800223646e-07,5.081558227537641e-07,5.027693129044941e-07
main,WFG5,22,2,1,344,344,344,344,3.447914124210527e-07,7.303466800223646e-07,5.081558227537641e-07,5.027693129044941e-07
main,WFG5,22,2,1,345,345,345,345,3.454818726655873e-07,7.303466800223646e-07,5.081558227537641e-07,5.027693129044941e-07
main,WFG5,22,2,1,346,346,346,346,3.447914124210527e-07,7.303466800223646e-07,5.081558227537641e-07,5.027693129044941e-07
main,WFG5,22,2,1,347,347,347,347,3.4410095217651815e-07,7.303466800223646e-07,5.081558227537641e-07,5.027693129044941e-07
main,WFG5,22,2,1,348,348,348,348,3.441200256970589e-07,7.303466800223646e-07,5.081558227537641e-07,5.027693129044941e-07
main,WFG5,22,2,1,349,349,349,349,3.4413909921759966e-07,7.303466800223646e-07,5.081558227537641e-07,5.027693129044941e-07
main,WFG5,22,2,1,350,350,350,350,3.4481048594159347e-07,7.303466800223646e-07,5.081558227537641e-07,5.027693129044941e-07
main,WFG5,22,2,1,351,351,351,351,3.454818726655873e-07,7.303466800223646e-07,5.081558227537641e-07,5.027693129044941e-07
main,WFG5,22,2,1,352,352,352,352,3.4583663943710263e-07,7.303466800223646e-07,5.081558227537641e-07,5.027693129044941e-07
main,WFG5,22,2,1,353,353,353,353,3.454818726655873e-07,7.303466800223646e-07,5.081558227537641e-07,5.027693129044941e-07
main,WFG5,22,2,1,354,354,354,354,3.4481048594159347e-07,7.303466800223646e-07,5.081558227537641e-07,5.027693129044941e-07
main,WFG5,22,2,1,355,355,355,355,3.4413909921759966e-07,7.303466800223646e-07,5.081558227537641e-07,5.027693129044941e-07
main,WFG5,22,2,1,356,356,356,356,3.4481048594159347e-07,7.303466800223646e-07,5.081558227537641e-07,5.027693129044941e-07
main,WFG5,22,2,1,357,357,357,357,3.4413909921759966e-07,7.303466800223646e-07,5.081558227537641e-07,5.027693129044941e-07
main,WFG5,22,2,1,358,358,358,358,3.441200256970589e-07,7.303466800223646e-07,5.081558227537641e-07,5.027693129044941e-07
main,WFG5,22,2,1,359,359,359,359,3.4413909921759966e-07,7.303466800223646e-07,5.081558227537641e-07,5.027693129044941e-07
main,WFG5,22,2,1,360,360,360,360,3.4481048594159347e-07,7.303466800223646e-07,5.081558227537641e-07,5.027693129044941e-07
main,WFG5,22,2,1,361,361,361,361,3.4413909921759966e-07,7.303466800223646e-07,5.081558227537641e-07,5.027693129044941e-07
main,WFG5,22,2,1,362,362,362,362,3.441200256970589e-07,7.303466800223646e-07,5.081558227537641e-07,5.027693129044941e-07
main,WFG5,22,2,1,363,363,363,363,3.4410095217651815e-07,7.303466800223646e-07,5.081558227537641e-07,5.027693129044941e-07
main,WFG5,22,2,1,364,364,364,364,3.435897827364087e-07,7.303466800223646e-07,5.081558227537641e-07,5.027693129044941e-07
main,WFG5,22,2,1,365,365,365,365,3.4410095217651815e-07,7.303466800223646e-07,5.081558227537641e-07,5.027693129044941e-07
main,WFG5,22,2,1,366,366,366,366,3.441200256970589e-07,7.303466800223646e-07,5.081558227537641e-07,5.027693129044941e-07
main,WFG5,22,2,1,367,367,367,367,3.4410095217651815e-07,7.303466800223646e-07,5.081558227537641e-07,5.027693129044941e-07
main,WFG5,22,2,1,368,368,368,368,3.441200256970589e-07,7.303466800223646e-07,5.081558227537641e-07,5.027693129044941e-07
main,WFG5,22,2,1,369,369,369,369,3.4410095217651815e-07,7.303466800223646e-07,5.081558227537641e-07,5.027693129044941e-07
main,WFG5,22,2,1,370,370,370,370,3.435897827364087e-07,7.303466800223646e-07,5.081558227537641e-07,5.027693129044941e-07
main,WFG5,22,2,1,371,371,371,371,3.430786132962993e-07,7.303466800223646e-07,5.081558227537641e-07,5.027693129044941e-07
main,WFG5,22,2,1,372,372,372,372,3.4246063240761515e-07,7.303466800223646e-07,5.081558227537641e-07,5.027693129044941e-07
main,WFG5,22,2,1,373,373,373,373,3.41842651518931e-07,7.303466800223646e-07,5.081558227537641e-07,5.027693129044941e-07
main,WFG5,22,2,1,374,374,374,374,3.4246063240761515e-07,7.303466800223646e-07,5.081558227537641e-07,5.027693129044941e-07
main,WFG5,22,2,1,375,375,375,375,3.41842651518931e-07,7.303466800223646e-07,5.081558227537641e-07,5.027693129044941e-07
main,WFG5,22,2,1,376,376,376,376,3.4246063240761515e-07,7.303466800223646e-07,5.081558227537641e-07,5.027693129044941e-07
main,WFG5,22,2,1,377,377,377,377,3.41842651518931e-07,7.303466800223646e-07,5.081558227537641e-07,5.027693129044941e-07
main,WFG5,22,2,1,378,378,378,378,3.4246063240761515e-07,7.303466800223646e-07,5.081558227537641e-07,5.027693129044941e-07
main,WFG5,22,2,1,379,379,379,379,3.430786132962993e-07,7.303466800223646e-07,5.081558227537641e-07,5.027693129044941e-07
main,WFG5,22,2,1,380,380,380,380,3.4246063240761515e-07,7.303466800223646e-07,5.081558227537641e-07,5.027693129044941e-07
main,WFG5,22,2,1,381,381,381,381,3.430786132962993e-07,7.303466800223646e-07,5.081558227537641e-07,5.027693129044941e-07
main,WFG5,22,2,1,382,382,382,382,3.4246063240761515e-07,7.303466800223646e-07,5.081558227537641e-07,5.027693129044941e-07
main,WFG5,22,2,1,383,383,383,383,3.430786132962993e-07,7.303466800223646e-07,5.081558227537641e-07,5.027693129044941e-07
main,WFG5,22,2,1,384,384,384,384,3.4246063240761515e-07,7.303466800223646e-07,5.081558227537641e-07,5.027693129044941e-07
main,WFG5,22,2,1,385,385,385,385,3.430786132962993e-07,7.303466800223646e-07,5.081558227537641e-07,5.027693129044941e-07
main,WFG5,22,2,1,386,386,386,386,3.4246063240761515e-07,7.303466800223646e-07,5.081558227537641e-07,5.027693129044941e-07
main,WFG5,22,2,1,387,387,387,387,3.41842651518931e-07,7.303466800223646e-07,5.081558227537641e-07,5.027693129044941e-07
main,WFG5,22,2,1,388,388,388,388,3.414306641857934e-07,7.303466800223646e-07,5.081558227537641e-07,5.027693129044941e-07
main,WFG5,22,2,1,389,389,389,389,3.41842651518931e-07,7.303466800223646e-07,5.081558227537641e-07,5.027693129044941e-07
main,WFG5,22,2,1,390,390,390,390,3.414306641857934e-07,7.303466800223646e-07,5.081558227537641e-07,5.027693129044941e-07
main,WFG5,22,2,1,391,391,391,391,3.4101867685265574e-07,7.303466800223646e-07,5.081558227537641e-07,5.027693129044941e-07
main,WFG5,22,2,1,392,392,392,392,3.409042359514558e-07,7.303466800223646e-07,5.081558227537641e-07,5.027693129044941e-07
main,WFG5,22,2,1,393,393,393,393,3.4101867685265574e-07,7.303466800223646e-07,5.081558227537641e-07,5.027693129044941e-07
main,WFG5,22,2,1,394,394,394,394,3.414306641857934e-07,7.303466800223646e-07,5.081558227537641e-07,5.027693129044941e-07
main,WFG5,22,2,1,395,395,395,395,3.41842651518931e-07,7.303466800223646e-07,5.081558227537641e-07,5.027693129044941e-07
main,WFG5,22,2,1,396,396,396,396,3.414306641857934e-07,7.303466800223646e-07,5.081558227537641e-07,5.027693129044941e-07
main,WFG5,22,2,1,397,397,397,397,3.41842651518931e-07,7.303466800223646e-07,5.081558227537641e-07,5.027693129044941e-07
main,WFG5,22,2,1,398,398,398,398,3.4246063240761515e-07,7.303466800223646e-07,5.081558227537641e-07,5.027693129044941e-07
main,WFG5,22,2,1,399,399,399,399,3.430786132962993e-07,7.303466800223646e-07,5.081558227537641e-07,5.027693129044941e-07
main,WFG5,22,2,1,400,400,400,400,3.4246063240761515e-07,7.303466800223646e-07,5.081558227537641e-07,5.027693129044941e-07
main,WFG5,22,2,1,401,401,401,401,3.430786132962993e-07,7.303466800223646e-07,5.081558227537641e-07,5.027693129044941e-07
main,WFG5,22,2,1,402,402,402,402,3.4246063240761515e-07,7.303466800223646e-07,5.081558227537641e-07,5.027693129044941e-07
main,WFG5,22,2,1,403,403,403,403,3.41842651518931e-07,7.303466800223646e-07,5.081558227537641e-07,5.027693129044941e-07
main,WFG5,22,2,1,404,404,404,404,3.4246063240761515e-07,7.303466800223646e-07,5.081558227537641e-07,5.027693129044941e-07
main,WFG5,22,2,1,405,405,405,405,3.41842651518931e-07,7.303466800223646e-07,5.081558227537641e-07,5.027693129044941e-07
main,WFG5,22,2,1,406,406,406,406,3.4246063240761515e-07,7.303466800223646e-07,5.081558227537641e-07,5.027693129044941e-07
main,WFG5,22,2,1,407,407,407,407,3.41842651518931e-07,7.303466800223646e-07,5.081558227537641e-07,5.027693129044941e-07
main,WFG5,22,2,1,408,408,408,408,3.4246063240761515e-07,7.303466800223646e-07,5.081558227537641e-07,5.027693129044941e-07
main,WFG5,22,2,1,409,409,409,409,3.430786132962993e-07,7.303466800223646e-07,5.081558227537641e-07,5.027693129044941e-07
main,WFG5,22,2,1,410,410,410,410,3.4246063240761515e-07,7.303466800223646e-07,5.081558227537641e-07,5.027693129044941e-07
main,WFG5,22,2,1,411,411,411,411,3.41842651518931e-07,7.303466800223646e-07,5.081558227537641e-07,5.027693129044941e-07
main,WFG5,22,2,1,412,412,412,412,3.4246063240761515e-07,7.303466800223646e-07,5.081558227537641e-07,5.027693129044941e-07
main,WFG5,22,2,1,413,413,413,413,3.430786132962993e-07,7.303466800223646e-07,5.081558227537641e-07,5.027693129044941e-07
main,WFG5,22,2,1,414,414,414,414,3.435897827364087e-07,7.303466800223646e-07,5.081558227537641e-07,5.027693129044941e-07
main,WFG5,22,2,1,415,415,415,415,3.430786132962993e-07,7.303466800223646e-07,5.081558227537641e-07,5.027693129044941e-07
main,WFG5,22,2,1,416,416,416,416,3.435897827364087e-07,7.303466800223646e-07,5.081558227537641e-07,5.027693129044941e-07
main,WFG5,22,2,1,417,417,417,417,3.4410095217651815e-07,7.303466800223646e-07,5.081558227537641e-07,5.027693129044941e-07
main,WFG5,22,2,1,418,418,418,418,3.441200256970589e-07,7.303466800223646e-07,5.081558227537641e-07,5.027693129044941e-07
main,WFG5,22,2,1,419,419,419,419,3.4413909921759966e-07,7.303466800223646e-07,5.081558227537641e-07,5.027693129044941e-07
main,WFG5,22,2,1,420,420,420,420,3.441200256970589e-07,7.303466800223646e-07,5.081558227537641e-07,5.027693129044941e-07
main,WFG5,22,2,1,421,421,421,421,3.4413909921759966e-07,7.303466800223646e-07,5.081558227537641e-07,5.027693129044941e-07
main,WFG5,22,2,1,422,422,422,422,3.441200256970589e-07,7.303466800223646e-07,5.081558227537641e-07,5.027693129044941e-07
main,WFG5,22,2,1,423,423,423,423,3.4410095217651815e-07,7.303466800223646e-07,5.081558227537641e-07,5.027693129044941e-07
main,WFG5,22,2,1,424,424,424,424,3.441200256970589e-07,7.303466800223646e-07,5.081558227537641e-07,5.027693129044941e-07
main,WFG5,22,2,1,425,425,425,425,3.4413909921759966e-07,7.303466800223646e-07,5.081558227537641e-07,5.027693129044941e-07
main,WFG5,22,2,1,426,426,426,426,3.4470748910830906e-07,7.303466800223646e-07,5.081558227537641e-07,5.027693129044941e-07
main,WFG5,22,2,1,427,427,427,427,3.4527587899901846e-07,7.303466800223646e-07,5.081558227537641e-07,5.027693129044941e-07
main,WFG5,22,2,1,428,428,428,428,3.4537887583230287e-07,7.303466800223646e-07,5.081558227537641e-07,5.027693129044941e-07
main,WFG5,22,2,1,429,429,429,429,3.454818726655873e-07,7.303466800223646e-07,5.081558227537641e-07,5.027693129044941e-07
main,WFG5,22,2,1,430,430,430,430,3.4537887583230287e-07,7.303466800223646e-07,5.081558227537641e-07,5.027693129044941e-07
main,WFG5,22,2,1,431,431,431,431,3.4527587899901846e-07,7.303466800223646e-07,5.081558227537641e-07,5.027693129044941e-07
main,WFG5,22,2,1,432,432,432,432,3.4537887583230287e-07,7.303466800223646e-07,5.081558227537641e-07,5.027693129044941e-07
main,WFG5,22,2,1,433,433,433,433,3.454818726655873e-07,7.303466800223646e-07,5.081558227537641e-07,5.027693129044941e-07
main,WFG5,22,2,1,434,434,434,434,3.4537887583230287e-07,7.303466800223646e-07,5.081558227537641e-07,5.027693129044941e-07
main,WFG5,22,2,1,435,435,435,435,3.454818726655873e-07,7.303466800223646e-07,5.081558227537641e-07,5.027693129044941e-07
main,WFG5,22,2,1,436,436,436,436,3.4583663943710263e-07,7.303466800223646e-07,5.081558227537641e-07,5.027693129044941e-07
main,WFG5,22,2,1,437,437,437,437,3.46191406208618e-07,7.303466800223646e-07,5.081558227537641e-07,5.027693129044941e-07
main,WFG5,22,2,1,438,438,438,438,3.4583663943710263e-07,7.303466800223646e-07,5.081558227537641e-07,5.027693129044941e-07
main,WFG5,22,2,1,439,439,439,439,3.454818726655873e-07,7.303466800223646e-07,5.081558227537641e-07,5.027693129044941e-07
main,WFG5,22,2,1,440,440,440,440,3.4583663943710263e-07,7.303466800223646e-07,5.081558227537641e-07,5.027693129044941e-07
main,WFG9,22,2,1,1,1,1,1,1.723937987918589e-07,1.723937987918589e-07,3.0170917511562756e-07,4.0797960498828445e-07
main,WFG9,22,2,1,2,2,2,2,2.0143127432703523e-07,2.3046874986221155e-07,3.0170917511562756e-07,4.0797960498828445e-07
main,WFG9,22,2,1,3,3,3,3,2.3046874986221155e-07,3.536224366662566e-07,3.7401199343145564e-07,4.0797960498828445e-07
main,WFG9,22,2,1,4,4,4,4,2.2407531741208686e-07,3.536224366662566e-07,4.5474243165477546e-07,5.115708083258674e-07
main,WFG9,22,2,1,5,5,5,5,2.2589111337012469e-07,3.536224366662566e-07,4.84736442568634e-07,5.115708083258674e-07
main,WFG9,22,2,1,6,6,6,6,2.2817993161616812e-07,3.536224366662566e-07,4.84736442568634e-07,5.115708083258674e-07
main,WFG9,22,2,1,7,7,7,7,2.3046874986221155e-07,4.732589722333813e-07,4.877176284778795e-07,5.115708083258674e-07
main,WFG9,22,2,1,8,8,8,8,2.3337173460369343e-07,4.868621825693253e-07,4.877176284778795e-07,5.115708083258674e-07
main,WFG9,22,2,1,9,9,9,9,2.362747193451753e-07,4.868621825693253e-07,4.877176284778795e-07,5.115708083258674e-07
main,WFG9,22,2,1,10,10,10,10,2.618217469496642e-07,4.868621825693253e-07,4.877176284778795e-07,5.115708083258674e-07
main,WFG9,22,2,1,11,11,11,11,2.873687745541531e-07,4.868621825693253e-07,4.877176284778795e-07,5.115708083258674e-07
main,WFG9,22,2,1,12,12,12,12,3.2049560561020485e-07,4.868621825693253e-07,4.877176284778795e-07,5.115708083258674e-07
main,WFG9,22,2,1,13,13,13,13,2.99316406326966e-07,4.868621825693253e-07,4.877176284778795e-07,5.115708083258674e-07
main,WFG9,22,2,1,14,14,14,14,2.9334259044055955e-07,4.868621825693253e-07,4.877176284778795e-07,5.115708083258674e-07
main,WFG9,22,2,1,15,15,15,15,2.99316406326966e-07,5.3985595682704e-07,4.877176284778795e-07,5.115708083258674e-07
main,WFG9,22,2,1,16,16,16,16,2.9334259044055955e-07,5.3985595682704e-07,4.877176284778795e-07,5.115708083258674e-07
main,WFG9,22,2,1,17,17,17,17,2.873687745541531e-07,5.3985595682704e-07,4.904632568414335e-07,5.115708083258674e-07
main,WFG9,22,2,1,18,18,18,18,2.841491699712151e-07,5.3985595682704e-07,4.904632568414335e-07,5.115708083258674e-07
main,WFG9,22,2,1,19,19,19,19,2.873687745541531e-07,5.3985595682704e-07,4.904632568414335e-07,5.115708083258674e-07
main,WFG9,22,2,1,20,20,20,20,2.9334259044055955e-07,5.3985595682704e-07,4.904632568414335e-07,5.115708083258674e-07
main,WFG9,22,2,1,21,21,21,21,2.873687745541531e-07,5.3985595682704e-07,4.904632568414335e-07,5.115708083258674e-07
main,WFG9,22,2,1,22,22,22,22,2.9334259044055955e-07,5.3985595682704e-07,4.904632568414335e-07,5.115708083258674e-07
main,WFG9,22,2,1,23,23,23,23,2.873687745541531e-07,5.3985595682704e-07,4.904632568414335e-07,5.115708083258674e-07
main,WFG9,22,2,1,24,24,24,24,2.9334259044055955e-07,5.3985595682704e-07,4.904632568414335e-07,5.115708083258674e-07
main,WFG9,22,2,1,25,25,25,25,2.873687745541531e-07,5.3985595682704e-07,4.904632568414335e-07,5.115708083258674e-07
main,WFG9,22,2,1,26,26,26,26,2.841491699712151e-07,5.3985595682704e-07,4.904632568414335e-07,5.115708083258674e-07
main,WFG9,22,2,1,27,27,27,27,2.873687745541531e-07,5.3985595682704e-07,4.955101013393026e-07,5.115708083258674e-07
main,WFG9,22,2,1,28,28,28,28,2.841491699712151e-07,5.3985595682704e-07,4.955101013393026e-07,5.115708083258674e-07
main,WFG9,22,2,1,29,29,29,29,2.873687745541531e-07,5.3985595682704e-07,4.955101013393026e-07,5.115708083258674e-07
main,WFG9,22,2,1,30,30,30,30,2.9334259044055955e-07,5.3985595682704e-07,4.955101013393026e-07,5.115708083258674e-07
main,WFG9,22,2,1,31,31,31,31,2.99316406326966e-07,5.3985595682704e-07,4.955101013393026e-07,5.115708083258674e-07
main,WFG9,22,2,1,32,32,32,32,2.9334259044055955e-07,5.3985595682704e-07,4.955101013393026e-07,5.115708083258674e-07
main,WFG9,22,2,1,33,33,33,33,2.99316406326966e-07,5.3985595682704e-07,4.955101013393026e-07,5.115708083258674e-07
main,WFG9,22,2,1,34,34,34,34,3.151321411598573e-07,5.3985595682704e-07,4.955101013393026e-07,5.115708083258674e-07
main,WFG9,22,2,1,35,35,35,35,3.3094787599274866e-07,5.3985595682704e-07,4.955101013393026e-07,5.115708083258674e-07
main,WFG9,22,2,1,36,36,36,36,3.4228515632950263e-07,5.3985595682704e-07,4.955101013393026e-07,5.115708083258674e-07
main,WFG9,22,2,1,37,37,37,37,3.536224366662566e-07,5.3985595682704e-07,4.955101013393026e-07,5.115708083258674e-07
main,WFG9,22,2,1,38,38,38,38,3.555755616613254e-07,5.3985595682704e-07,4.955101013393026e-07,5.115708083258674e-07
main,WFG9,22,2,1,39,39,39,39,3.5752868665639426e-07,5.3985595682704e-07,4.955101013393026e-07,5.115708083258674e-07
main,WFG9,22,2,1,40,40,40,40,3.6087799082373806e-07,5.3985595682704e-07,4.955101013393026e-07,5.115708083258674e-07
main,WFG9,22,2,1,41,41,41,41,3.6422729499108186e-07,5.3985595682704e-07,4.955101013393026e-07,5.115708083258674e-07
main,WFG9,22,2,1,42,42,42,42,3.6726379393225983e-07,5.3985595682704e-07,4.955101013393026e-07,5.115708083258674e-07
main,WFG9,22,2,1,43,43,43,43,3.703002928734378e-07,5.3985595682704e-07,4.955101013393026e-07,5.115708083258674e-07
main,WFG9,22,2,1,44,44,44,44,3.6726379393225983e-07,5.3985595682704e-07,4.955101013393026e-07,5.115708083258674e-07
main,WFG9,22,2,1,45,45,45,45,3.703002928734378e-07,5.3985595682704e-07,4.955101013393026e-07,5.115708083258674e-07
main,WFG9,22,2,1,46,46,46,46,3.6726379393225983e-07,5.3985595682704e-07,4.955101013393026e-07,5.115708083258674e-07
main,WFG9,22,2,1,47,47,47,47,3.703002928734378e-07,5.3985595682704e-07,4.955101013393026e-07,5.115708083258674e-07
main,WFG9,22,2,1,48,48,48,48,3.6820602411502534e-07,5.3985595682704e-07,4.955101013393026e-07,5.115708083258674e-07
main,WFG9,22,2,1,49,49,49,49,3.703002928734378e-07,5.47958374230717e-07,4.955101013393026e-07,5.115708083258674e-07
main,WFG9,22,2,1,50,50,50,50,3.6820602411502534e-07,5.47958374230717e-07,4.955101013393026e-07,5.115708083258674e-07
main,WFG9,22,2,1,51,51,51,51,3.661117553566129e-07,5.47958374230717e-07,4.955101013393026e-07,5.115708083258674e-07
main,WFG9,22,2,1,52,52,52,52,3.6820602411502534e-07,5.47958374230717e-07,4.955101013393026e-07,5.115708083258674e-07
main,WFG9,22,2,1,53,53,53,53,3.661117553566129e-07,5.47958374230717e-07,4.955101013393026e-07,5.115708083258674e-07
main,WFG9,22,2,1,54,54,54,54,3.6820602411502534e-07,5.48431396296678e-07,4.955101013393026e-07,5.115708083258674e-07
main,WFG9,22,2,1,55,55,55,55,3.661117553566129e-07,5.48431396296678e-07,4.955101013393026e-07,5.115708083258674e-07
main,WFG9,22,2,1,56,56,56,56,3.651695251738474e-07,5.48431396296678e-07,4.955101013393026e-07,5.115708083258674e-07
main,WFG9,22,2,1,57,57,57,57,3.6422729499108186e-07,5.48431396296678e-07,4.971218109106612e-07,5.115708083258674e-07
main,WFG9,22,2,1,58,58,58,58,3.651695251738474e-07,5.48431396296678e-07,4.971218109106612e-07,5.115708083258674e-07
main,WFG9,22,2,1,59,59,59,59,3.6422729499108186e-07,5.48431396296678e-07,4.971218109106612e-07,5.115708083258674e-07
main,WFG9,22,2,1,60,60,60,60,3.6087799082373806e-07,5.48431396296678e-07,4.971218109106612e-07,5.115708083258674e-07
main,WFG9,22,2,1,61,61,61,61,3.5752868665639426e-07,5.48431396296678e-07,4.971218109106612e-07,5.115708083258674e-07
main,WFG9,22,2,1,62,62,62,62,3.6087799082373806e-07,5.589141847117673e-07,4.971218109106612e-07,5.115708083258674e-07
main,WFG9,22,2,1,63,63,63,63,3.5752868665639426e-07,5.589141847117673e-07,4.971218109106612e-07,5.115708083258674e-07
main,WFG9,22,2,1,64,64,64,64,3.6087799082373806e-07,5.589141847117673e-07,4.971218109106612e-07,5.115708083258674e-07
main,WFG9,22,2,1,65,65,65,65,3.5752868665639426e-07,5.589141847117673e-07,4.971218109106612e-07,5.115708083258674e-07
main,WFG9,22,2,1,66,66,66,66,3.57383728166738e-07,5.589141847117673e-07,4.971218109106612e-07,5.115708083258674e-07
main,WFG9,22,2,1,67,67,67,67,3.572387696770818e-07,5.589141847117673e-07,4.971218109106612e-07,5.115708083258674e-07
main,WFG9,22,2,1,68,68,68,68,3.57383728166738e-07,5.589141847117673e-07,4.971218109106612e-07,5.115708083258674e-07
main,WFG9,22,2,1,69,69,69,69,3.5752868665639426e-07,5.589141847117673e-07,4.971218109106612e-07,5.115708083258674e-07
main,WFG9,22,2,1,70,70,70,70,3.57383728166738e-07,5.589141847117673e-07,4.971218109106612e-07,5.115708083258674e-07
main,WFG9,22,2,1,71,71,71,71,3.572387696770818e-07,5.589141847117673e-07,4.971218109106612e-07,5.115708083258674e-07
main,WFG9,22,2,1,72,72,72,72,3.57383728166738e-07,5.589141847117673e-07,4.971218109106612e-07,5.115708083258674e-07
main,WFG9,22,2,1,73,73,73,73,3.5752868665639426e-07,5.589141847117673e-07,4.971218109106612e-07,5.115708083258674e-07
main,WFG9,22,2,1,74,74,74,74,3.6087799082373806e-07,5.589141847117673e-07,4.971218109106612e-07,5.115708083258674e-07
main,WFG9,22,2,1,75,75,75,75,3.6422729499108186e-07,5.589141847117673e-07,4.971218109106612e-07,5.115708083258674e-07
main,WFG9,22,2,1,76,76,76,76,3.651695251738474e-07,5.589141847117673e-07,4.971218109106612e-07,5.115708083258674e-07
main,WFG9,22,2,1,77,77,77,77,3.6422729499108186e-07,5.589141847117673e-07,4.971218109106612e-07,5.115708083258674e-07
main,WFG9,22,2,1,78,78,78,78,3.6087799082373806e-07,5.589141847117673e-07,4.971218109106612e-07,5.115708083258674e-07
main,WFG9,22,2,1,79,79,79,79,3.5752868665639426e-07,5.589141847117673e-07,4.971218109106612e-07,5.115708083258674e-07
main,WFG9,22,2,1,80,80,80,80,3.6087799082373806e-07,5.589141847117673e-07,4.971218109106612e-07,5.115708083258674e-07
main,WFG9,22,2,1,81,81,81,81,3.6422729499108186e-07,5.589141847117673e-07,4.971218109106612e-07,5.115708083258674e-07
main,WFG9,22,2,1,82,82,82,82,3.651695251738474e-07,5.589141847117673e-07,4.971218109106612e-07,5.115708083258674e-07
main,WFG9,22,2,1,83,83,83,83,3.661117553566129e-07,5.589141847117673e-07,4.971218109106612e-07,5.115708083258674e-07
main,WFG9,22,2,1,84,84,84,84,3.6820602411502534e-07,5.589141847117673e-07,4.971218109106612e-07,5.115708083258674e-07
main,WFG9,22,2,1,85,85,85,85,3.703002928734378e-07,5.589141847117673e-07,4.971218109106612e-07,5.115708083258674e-07
main,WFG9,22,2,1,86,86,86,86,3.7443161005068504e-07,5.589141847117673e-07,4.971218109106612e-07,5.115708083258674e-07
main,WFG9,22,2,1,87,87,87,87,3.785629272279323e-07,5.589141847117673e-07,4.971218109106612e-07,5.115708083258674e-07
main,WFG9,22,2,1,88,88,88,88,3.787651061681885e-07,5.589141847117673e-07,4.971218109106612e-07,5.115708083258674e-07
main,WFG9,22,2,1,89,89,89,89,3.785629272279323e-07,5.589141847117673e-07,4.971218109106612e-07,5.115708083258674e-07
main,WFG9,22,2,1,90,90,90,90,3.787651061681885e-07,5.589141847117673e-07,4.971218109106612e-07,5.115708083258674e-07
main,WFG9,22,2,1,91,91,91,91,3.785629272279323e-07,5.589141847117673e-07,4.971218109106612e-07,5.115708083258674e-07
main,WFG9,22,2,1,92,92,92,92,3.787651061681885e-07,5.589141847117673e-07,4.971218109106612e-07,5.115708083258674e-07
main,WFG9,22,2,1,93,93,93,93,3.789672851084447e-07,5.589141847117673e-07,4.971218109106612e-07,5.115708083258674e-07
main,WFG9,22,2,1,94,94,94,94,3.787651061681885e-07,5.589141847117673e-07,4.971218109106612e-07,5.115708083258674e-07
main,WFG9,22,2,1,95,95,95,95,3.785629272279323e-07,5.589141847117673e-07,4.971218109106612e-07,5.115708083258674e-07
main,WFG9,22,2,1,96,96,96,96,3.782386779338509e-07,5.589141847117673e-07,4.971218109106612e-07,5.115708083258674e-07
main,WFG9,22,2,1,97,97,97,97,3.785629272279323e-07,5.589141847117673e-07,4.971218109106612e-07,5.115708083258674e-07
main,WFG9,22,2,1,98,98,98,98,3.787651061681885e-07,5.589141847117673e-07,4.971218109106612e-07,5.115708083258674e-07
main,WFG9,22,2,1,99,99,99,99,3.785629272279323e-07,5.589141847117673e-07,4.971218109106612e-07,5.115708083258674e-07
main,WFG9,22,2,1,100,100,100,100,3.782386779338509e-07,5.589141847117673e-07,4.971218109106612e-07,5.115708083258674e-07
main,WFG9,22,2,1,101,101,101,101,3.785629272279323e-07,5.589141847117673e-07,4.971218109106612e-07,5.115708083258674e-07
main,WFG9,22,2,1,102,102,102,102,3.782386779338509e-07,5.589141847117673e-07,4.971218109106612e-07,5.115708083258674e-07
main,WFG9,22,2,1,103,103,103,103,3.7791442863976954e-07,5.589141847117673e-07,4.971218109106612e-07,5.115708083258674e-07
main,WFG9,22,2,1,104,104,104,104,3.782386779338509e-07,5.589141847117673e-07,4.971218109106612e-07,5.115708083258674e-07
main,WFG9,22,2,1,105,105,105,105,3.7791442863976954e-07,5.589141847117673e-07,4.971218109106612e-07,5.115708083258674e-07
main,WFG9,22,2,1,106,106,106,106,3.782386779338509e-07,5.589141847117673e-07,4.971218109106612e-07,5.115708083258674e-07
main,WFG9,22,2,1,107,107,107,107,3.785629272279323e-07,5.589141847117673e-07,4.971218109106612e-07,5.115708083258674e-07
main,WFG9,22,2,1,108,108,108,108,3.782386779338509e-07,5.589141847117673e-07,4.971218109106612e-07,5.115708083258674e-07
main,WFG9,22,2,1,109,109,109,109,3.785629272279323e-07,5.589141847117673e-07,4.971218109106612e-07,5.115708083258674e-07
main,WFG9,22,2,1,110,110,110,110,3.782386779338509e-07,5.589141847117673e-07,4.971218109106612e-07,5.115708083258674e-07
main,WFG9,22,2,1,111,111,111,111,3.7791442863976954e-07,5.589141847117673e-07,4.971218109106612e-07,5.115708083258674e-07
main,WFG9,22,2,1,112,112,112,112,3.782386779338509e-07,5.589141847117673e-07,4.971218109106612e-07,5.115708083258674e-07
main,WFG9,22,2,1,113,113,113,113,3.785629272279323e-07,5.589141847117673e-07,4.971218109106612e-07,5.115708083258674e-07
main,WFG9,22,2,1,114,114,114,114,3.782386779338509e-07,5.589141847117673e-07,4.971218109106612e-07,5.115708083258674e-07
main,WFG9,22,2,1,115,115,115,115,3.7791442863976954e-07,5.589141847117673e-07,4.971218109106612e-07,5.115708083258674e-07
main,WFG9,22,2,1,116,116,116,116,3.782386779338509e-07,5.589141847117673e-07,4.971218109106612e-07,5.115708083258674e-07
main,WFG9,22,2,1,117,117,117,117,3.785629272279323e-07,5.589141847117673e-07,4.971218109106612e-07,5.115708083258674e-07
main,WFG9,22,2,1,118,118,118,118,3.782386779338509e-07,5.589141847117673e-07,4.971218109106612e-07,5.115708083258674e-07
main,WFG9,22,2,1,119,119,119,119,3.785629272279323e-07,5.589141847117673e-07,4.971218109106612e-07,5.115708083258674e-07
main,WFG9,22,2,1,120,120,120,120,3.7864685054067593e-07,5.589141847117673e-07,4.971218109106612e-07,5.115708083258674e-07
main,WFG9,22,2,1,121,121,121,121,3.785629272279323e-07,5.589141847117673e-07,4.971218109106612e-07,5.115708083258674e-07
main,WFG9,22,2,1,122,122,122,122,3.7864685054067593e-07,5.589141847117673e-07,4.971218109106612e-07,5.115708083258674e-07
main,WFG9,22,2,1,123,123,123,123,3.787307738534196e-07,5.589141847117673e-07,4.971218109106612e-07,5.115708083258674e-07
main,WFG9,22,2,1,124,124,124,124,3.7864685054067593e-07,5.589141847117673e-07,4.971218109106612e-07,5.115708083258674e-07
main,WFG9,22,2,1,125,125,125,125,3.785629272279323e-07,5.589141847117673e-07,4.971218109106612e-07,5.115708083258674e-07
main,WFG9,22,2,1,126,126,126,126,3.7864685054067593e-07,5.589141847117673e-07,4.971218109106612e-07,5.115708083258674e-07
main,WFG9,22,2,1,127,127,127,127,3.787307738534196e-07,5.589141847117673e-07,4.971218109106612e-07,5.115708083258674e-07
main,WFG9,22,2,1,128,128,128,128,3.7884902948093213e-07,5.589141847117673e-07,4.971218109106612e-07,5.115708083258674e-07
main,WFG9,22,2,1,129,129,129,129,3.787307738534196e-07,5.589141847117673e-07,4.971218109106612e-07,5.115708083258674e-07
main,WFG9,22,2,1,130,130,130,130,3.7864685054067593e-07,5.589141847117673e-07,4.996280670299669e-07,5.115708083258674e-07
main,WFG9,22,2,1,131,131,131,131,3.785629272279323e-07,5.589141847117673e-07,4.996280670299669e-07,5.115708083258674e-07
main,WFG9,22,2,1,132,132,132,132,3.782386779338509e-07,5.589141847117673e-07,4.996280670299669e-07,5.115708083258674e-07
main,WFG9,22,2,1,133,133,133,133,3.7791442863976954e-07,5.589141847117673e-07,4.996280670299669e-07,5.115708083258674e-07
main,WFG9,22,2,1,134,134,134,134,3.759307860562444e-07,5.589141847117673e-07,4.996280670299669e-07,5.115708083258674e-07
main,WFG9,22,2,1,135,135,135,135,3.739471434727193e-07,5.589141847117673e-07,4.996280670299669e-07,5.115708083258674e-07
main,WFG9,22,2,1,136,136,136,136,3.7295532218095673e-07,5.589141847117673e-07,4.996280670299669e-07,5.115708083258674e-07
main,WFG9,22,2,1,137,137,137,137,3.7196350088919417e-07,5.589141847117673e-07,4.996280670299669e-07,5.115708083258674e-07
main,WFG9,22,2,1,138,138,138,138,3.7295532218095673e-07,5.589141847117673e-07,4.996280670299669e-07,5.115708083258674e-07
main,WFG9,22,2,1,139,139,139,139,3.739471434727193e-07,5.589141847117673e-07,4.996280670299669e-07,5.115708083258674e-07
main,WFG9,22,2,1,140,140,140,140,3.759307860562444e-07,5.589141847117673e-07,4.996280670299669e-07,5.115708083258674e-07
main,WFG9,22,2,1,141,141,141,141,3.739471434727193e-07,5.589141847117673e-07,4.996280670299669e-07,5.115708083258674e-07
main,WFG9,22,2,1,142,142,142,142,3.759307860562444e-07,5.589141847117673e-07,4.996280670299669e-07,5.115708083258674e-07
main,WFG9,22,2,1,143,143,143,143,3.7791442863976954e-07,5.589141847117673e-07,4.996280670299669e-07,5.115708083258674e-07
main,WFG9,22,2,1,144,144,144,144,3.759307860562444e-07,5.589141847117673e-07,4.996280670299669e-07,5.115708083258674e-07
main,WFG9,22,2,1,145,145,145,145,3.7791442863976954e-07,5.589141847117673e-07,4.996280670299669e-07,5.115708083258674e-07
main,WFG9,22,2,1,146,146,146,146,3.782386779338509e-07,5.589141847117673e-07,4.996280670299669e-07,5.115708083258674e-07
main,WFG9,22,2,1,147,147,147,147,3.785629272279323e-07,5.589141847117673e-07,4.996280670299669e-07,5.115708083258674e-07
main,WFG9,22,2,1,148,148,148,148,3.782386779338509e-07,5.589141847117673e-07,4.996280670299669e-07,5.115708083258674e-07
main,WFG9,22,2,1,149,149,149,149,3.785629272279323e-07,5.589141847117673e-07,4.996280670299669e-07,5.115708083258674e-07
main,WFG9,22,2,1,150,150,150,150,3.782386779338509e-07,5.589141847117673e-07,4.996280670299669e-07,5.115708083258674e-07
main,WFG9,22,2,1,151,151,151,151,3.7791442863976954e-07,5.589141847117673e-07,4.996280670299669e-07,5.115708083258674e-07
main,WFG9,22,2,1,152,152,152,152,3.782386779338509e-07,5.589141847117673e-07,4.996280670299669e-07,5.115708083258674e-07
main,WFG9,22,2,1,153,153,153,153,3.785629272279323e-07,5.589141847117673e-07,4.996280670299669e-07,5.115708083258674e-07
main,WFG9,22,2,1,154,154,154,154,3.782386779338509e-07,5.589141847117673e-07,4.996280670299669e-07,5.115708083258674e-07
main,WFG9,22,2,1,155,155,155,155,3.7791442863976954e-07,5.589141847117673e-07,4.996280670299669e-07,5.115708083258674e-07
main,WFG9,22,2,1,156,156,156,156,3.782386779338509e-07,5.830993652367056e-07,4.996280670299669e-07,5.115708083258674e-07
main,WFG9,22,2,1,157,157,157,157,3.7791442863976954e-07,5.830993652367056e-07,4.996280670299669e-07,5.115708083258674e-07
main,WFG9,22,2,1,158,158,158,158,3.782386779338509e-07,5.830993652367056e-07,4.996280670299669e-07,5.115708083258674e-07
main,WFG9,22,2,1,159,159,159,159,3.7791442863976954e-07,5.830993652367056e-07,4.996280670299669e-07,5.115708083258674e-07
main,WFG9,22,2,1,160,160,160,160,3.759307860562444e-07,5.830993652367056e-07,4.996280670299669e-07,5.115708083258674e-07
main,WFG9,22,2,1,161,161,161,161,3.739471434727193e-07,5.830993652367056e-07,4.996280670299669e-07,5.115708083258674e-07
main,WFG9,22,2,1,162,162,162,162,3.759307860562444e-07,5.830993652367056e-07,4.996280670299669e-07,5.115708083258674e-07
main,WFG9,22,2,1,163,163,163,163,3.739471434727193e-07,5.830993652367056e-07,4.996280670299669e-07,5.115708083258674e-07
main,WFG9,22,2,1,164,164,164,164,3.7295532218095673e-07,5.830993652367056e-07,4.996280670299669e-07,5.115708083258674e-07
main,WFG9,22,2,1,165,165,165,165,3.739471434727193e-07,5.830993652367056e-07,4.996280670299669e-07,5.115708083258674e-07
main,WFG9,22,2,1,166,166,166,166,3.7295532218095673e-07,5.830993652367056e-07,4.996280670299669e-07,5.115708083258674e-07
main,WFG9,22,2,1,167,167,167,167,3.739471434727193e-07,5.830993652367056e-07,4.996280670299669e-07,5.115708083258674e-07
main,WFG9,22,2,1,168,168,168,168,3.7295532218095673e-07,5.830993652367056e-07,4.996280670299669e-07,5.115708083258674e-07
main,WFG9,22,2,1,169,169,169,169,3.7196350088919417e-07,5.830993652367056e-07,4.996280670299669e-07,5.115708083258674e-07
main,WFG9,22,2,1,170,170,170,170,3.7295532218095673e-07,5.830993652367056e-07,4.996280670299669e-07,5.115708083258674e-07
main,WFG9,22,2,1,171,171,171,171,3.7196350088919417e-07,5.830993652367056e-07,4.996280670299669e-07,5.115708083258674e-07
main,WFG9,22,2,1,172,172,172,172,3.71131896881316e-07,5.830993652367056e-07,4.996280670299669e-07,5.115708083258674e-07
main,WFG9,22,2,1,173,173,173,173,3.7196350088919417e-07,5.830993652367056e-07,4.996280670299669e-07,5.115708083258674e-07
main,WFG9,22,2,1,174,174,174,174,3.71131896881316e-07,5.830993652367056e-07,4.996280670299669e-07,5.115708083258674e-07
main,WFG9,22,2,1,175,175,175,175,3.7196350088919417e-07,5.830993652367056e-07,4.996280670299669e-07,5.115708083258674e-07
main,WFG9,22,2,1,176,176,176,176,3.7295532218095673e-07,5.830993652367056e-07,4.996280670299669e-07,5.115708083258674e-07
main,WFG9,22,2,1,177,177,177,177,3.7196350088919417e-07,5.830993652367056e-07,4.996280670299669e-07,5.115708083258674e-07
main,WFG9,22,2,1,178,178,178,178,3.7295532218095673e-07,5.830993652367056e-07,4.996280670299669e-07,5.115708083258674e-07
main,WFG9,22,2,1,179,179,179,179,3.7196350088919417e-07,5.830993652367056e-07,4.996280670299669e-07,5.115708083258674e-07
main,WFG9,22,2,1,180,180,180,180,3.7295532218095673e-07,5.830993652367056e-07,4.996280670299669e-07,5.115708083258674e-07
main,WFG9,22,2,1,181,181,181,181,3.7196350088919417e-07,5.830993652367056e-07,4.996280670299669e-07,5.115708083258674e-07
main,WFG9,22,2,1,182,182,182,182,3.7295532218095673e-07,5.830993652367056e-07,4.996280670299669e-07,5.115708083258674e-07
main,WFG9,22,2,1,183,183,183,183,3.7196350088919417e-07,5.830993652367056e-07,4.996280670299669e-07,5.115708083258674e-07
main,WFG9,22,2,1,184,184,184,184,3.71131896881316e-07,5.830993652367056e-07,4.996280670299669e-07,5.115708083258674e-07
main,WFG9,22,2,1,185,185,185,185,3.703002928734378e-07,5.830993652367056e-07,4.996280670299669e-07,5.115708083258674e-07
main,WFG9,22,2,1,186,186,186,186,3.6948394765978776e-07,5.830993652367056e-07,4.996280670299669e-07,5.115708083258674e-07
main,WFG9,22,2,1,187,187,187,187,3.686676024461377e-07,5.830993652367056e-07,4.996280670299669e-07,5.115708083258674e-07
main,WFG9,22,2,1,188,188,188,188,3.6948394765978776e-07,5.830993652367056e-07,4.996280670299669e-07,5.115708083258674e-07
main,WFG9,22,2,1,189,189,189,189,3.686676024461377e-07,5.830993652367056e-07,4.996280670299669e-07,5.115708083258674e-07
main,WFG9,22,2,1,190,190,190,190,3.6948394765978776e-07,5.830993652367056e-07,4.996280670299669e-07,5.115708083258674e-07
main,WFG9,22,2,1,191,191,191,191,3.686676024461377e-07,5.830993652367056e-07,4.996280670299669e-07,5.115708083258674e-07
main,WFG9,22,2,1,192,192,192,192,3.6948394765978776e-07,5.830993652367056e-07,4.996280670299669e-07,5.115708083258674e-07
main,WFG9,22,2,1,193,193,193,193,3.703002928734378e-07,5.830993652367056e-07,4.996280670299669e-07,5.115708083258674e-07
main,WFG9,22,2,1,194,194,194,194,3.71131896881316e-07,5.830993652367056e-07,4.996280670299669e-07,5.115708083258674e-07
main,WFG9,22,2,1,195,195,195,195,3.7196350088919417e-07,5.830993652367056e-07,4.996280670299669e-07,5.115708083258674e-07
main,WFG9,22,2,1,196,196,196,196,3.7295532218095673e-07,5.830993652367056e-07,4.996280670299669e-07,5.115708083258674e-07
main,WFG9,22,2,1,197,197,197,197,3.739471434727193e-07,5.830993652367056e-07,4.996280670299669e-07,5.115708083258674e-07
main,WFG9,22,2,1,198,198,198,198,3.7295532218095673e-07,5.830993652367056e-07,4.996280670299669e-07,5.115708083258674e-07
main,WFG9,22,2,1,199,199,199,199,3.739471434727193e-07,5.830993652367056e-07,4.996280670299669e-07,5.115708083258674e-07
main,WFG9,22,2,1,200,200,200,200,3.759307860562444e-07,5.830993652367056e-07,4.996280670299669e-07,5.115708083258674e-07
main,WFG9,22,2,1,201,201,201,201,3.7791442863976954e-07,5.830993652367056e-07,4.996280670299669e-07,5.115708083258674e-07
main,WFG9,22,2,1,202,202,202,202,3.759307860562444e-07,5.830993652367056e-07,4.996280670299669e-07,5.115708083258674e-07
main,WFG9,22,2,1,203,203,203,203,3.739471434727193e-07,5.830993652367056e-07,4.996280670299669e-07,5.115708083258674e-07
main,WFG9,22,2,1,204,204,204,204,3.759307860562444e-07,5.830993652367056e-07,4.996280670299669e-07,5.115708083258674e-07
main,WFG9,22,2,1,205,205,205,205,3.7791442863976954e-07,5.830993652367056e-07,4.996280670299669e-07,5.115708083258674e-07
main,WFG9,22,2,1,206,206,206,206,3.759307860562444e-07,5.830993652367056e-07,4.996280670299669e-07,5.115708083258674e-07
main,WFG9,22,2,1,207,207,207,207,3.739471434727193e-07,5.830993652367056e-07,4.996280670299669e-07,5.115708083258674e-07
main,WFG9,22,2,1,208,208,208,208,3.759307860562444e-07,5.830993652367056e-07,4.996280670299669e-07,5.115708083258674e-07
main,WFG9,22,2,1,209,209,209,209,3.739471434727193e-07,5.830993652367056e-07,4.996280670299669e-07,5.115708083258674e-07
main,WFG9,22,2,1,210,210,210,210,3.7295532218095673e-07,5.830993652367056e-07,4.996280670299669e-07,5.115708083258674e-07
main,WFG9,22,2,1,211,211,211,211,3.7196350088919417e-07,5.830993652367056e-07,4.996280670299669e-07,5.115708083258674e-07
main,WFG9,22,2,1,212,212,212,212,3.71131896881316e-07,5.830993652367056e-07,4.996280670299669e-07,5.115708083258674e-07
main,WFG9,22,2,1,213,213,213,213,3.703002928734378e-07,5.830993652367056e-07,4.996280670299669e-07,5.115708083258674e-07
main,WFG9,22,2,1,214,214,214,214,3.6948394765978776e-07,5.830993652367056e-07,4.996280670299669e-07,5.115708083258674e-07
main,WFG9,22,2,1,215,215,215,215,3.703002928734378e-07,5.830993652367056e-07,4.996280670299669e-07,5.115708083258674e-07
main,WFG9,22,2,1,216,216,216,216,3.71131896881316e-07,5.830993652367056e-07,4.996280670299669e-07,5.115708083258674e-07
main,WFG9,22,2,1,217,217,217,217,3.703002928734378e-07,5.830993652367056e-07,4.996280670299669e-07,5.115708083258674e-07
main,WFG9,22,2,1,218,218,218,218,3.71131896881316e-07,5.830993652367056e-07,4.996280670299669e-07,5.115708083258674e-07
main,WFG9,22,2,1,219,219,219,219,3.703002928734378e-07,5.830993652367056e-07,4.996280670299669e-07,5.115708083258674e-07
main,WFG9,22,2,1,220,220,220,220,3.6948394765978776e-07,5.830993652367056e-07,4.996280670299669e-07,5.115708083258674e-07
main,WFG9,22,2,1,221,221,221,221,3.703002928734378e-07,5.830993652367056e-07,4.996280670299669e-07,5.115708083258674e-07
main,WFG9,22,2,1,222,222,222,222,3.6948394765978776e-07,5.830993652367056e-07,4.996280670299669e-07,5.115708083258674e-07
main,WFG9,22,2,1,223,223,223,223,3.703002928734378e-07,5.830993652367056e-07,4.996280670299669e-07,5.115708083258674e-07
main,WFG9,22,2,1,224,224,224,224,3.71131896881316e-07,5.830993652367056e-07,4.996280670299669e-07,5.115708083258674e-07
main,WFG9,22,2,1,225,225,225,225,3.7196350088919417e-07,5.830993652367056e-07,4.996280670299669e-07,5.115708083258674e-07
main,WFG9,22,2,1,226,226,226,226,3.71131896881316e-07,5.830993652367056e-07,4.996280670299669e-07,5.115708083258674e-07
main,WFG9,22,2,1,227,227,227,227,3.7196350088919417e-07,5.830993652367056e-07,4.996280670299669e-07,5.115708083258674e-07
main,WFG9,22,2,1,228,228,228,228,3.71131896881316e-07,5.830993652367056e-07,4.996280670299669e-07,5.115708083258674e-07
main,WFG9,22,2,1,229,229,229,229,3.7196350088919417e-07,5.830993652367056e-07,4.996280670299669e-07,5.115708083258674e-07
main,WFG9,22,2,1,230,230,230,230,3.71131896881316e-07,5.830993652367056e-07,4.996280670299669e-07,5.115708083258674e-07
main,WFG9,22,2,1,231,231,231,231,3.7196350088919417e-07,5.830993652367056e-07,4.996280670299669e-07,5.115708083258674e-07
main,WFG9,22,2,1,232,232,232,232,3.71131896881316e-07,5.830993652367056e-07,4.996280670299669e-07,5.115708083258674e-07
main,WFG9,22,2,1,233,233,233,233,3.703002928734378e-07,5.830993652367056e-07,4.996280670299669e-07,5.115708083258674e-07
main,WFG9,22,2,1,234,234,234,234,3.6948394765978776e-07,5.830993652367056e-07,4.996280670299669e-07,5.115708083258674e-07
main,WFG9,22,2,1,235,235,235,235,3.686676024461377e-07,5.830993652367056e-07,4.996280670299669e-07,5.115708083258674e-07
main,WFG9,22,2,1,236,236,236,236,3.6750793441786556e-07,5.830993652367056e-07,4.996280670299669e-07,5.115708083258674e-07
main,WFG9,22,2,1,237,237,237,237,3.686676024461377e-07,5.830993652367056e-07,4.996280670299669e-07,5.115708083258674e-07
main,WFG9,22,2,1,238,238,238,238,3.6750793441786556e-07,5.830993652367056e-07,4.996280670299669e-07,5.115708083258674e-07
main,WFG9,22,2,1,239,239,239,239,3.686676024461377e-07,5.830993652367056e-07,4.996280670299669e-07,5.115708083258674e-07
main,WFG9,22,2,1,240,240,240,240,3.6948394765978776e-07,5.830993652367056e-07,4.996280670299669e-07,5.115708083258674e-07
main,WFG9,22,2,1,241,241,241,241,3.686676024461377e-07,5.830993652367056e-07,4.996280670299669e-07,5.115708083258674e-07
main,WFG9,22,2,1,242,242,242,242,3.6750793441786556e-07,5.830993652367056e-07,4.996280670299669e-07,5.115708083258674e-07
main,WFG9,22,2,1,243,243,243,243,3.686676024461377e-07,5.830993652367056e-07,4.996280670299669e-07,5.115708083258674e-07
main,WFG9,22,2,1,244,244,244,244,3.6750793441786556e-07,5.830993652367056e-07,4.996280670299669e-07,5.115708083258674e-07
main,WFG9,22,2,1,245,245,245,245,3.663482663895934e-07,5.830993652367056e-07,4.996280670299669e-07,5.115708083258674e-07
main,WFG9,22,2,1,246,246,246,246,3.6750793441786556e-07,5.830993652367056e-07,4.996280670299669e-07,5.115708083258674e-07
main,WFG9,22,2,1,247,247,247,247,3.663482663895934e-07,5.830993652367056e-07,4.996280670299669e-07,5.115708083258674e-07
main,WFG9,22,2,1,248,248,248,248,3.6750793441786556e-07,5.830993652367056e-07,4.996280670299669e-07,5.115708083258674e-07
main,WFG9,22,2,1,249,249,249,249,3.686676024461377e-07,5.830993652367056e-07,4.996280670299669e-07,5.115708083258674e-07
main,WFG9,22,2,1,250,250,250,250,3.6750793441786556e-07,5.830993652367056e-07,4.996280670299669e-07,5.115708083258674e-07
main,WFG9,22,2,1,251,251,251,251,3.686676024461377e-07,5.830993652367056e-07,4.996280670299669e-07,5.115708083258674e-07
main,WFG9,22,2,1,252,252,252,252,3.6750793441786556e-07,5.830993652367056e-07,4.996280670299669e-07,5.115708083258674e-07
main,WFG9,22,2,1,253,253,253,253,3.686676024461377e-07,5.830993652367056e-07,4.996280670299669e-07,5.115708083258674e-07
main,WFG9,22,2,1,254,254,254,254,3.6750793441786556e-07,5.830993652367056e-07,4.996280670299669e-07,5.115708083258674e-07
main,WFG9,22,2,1,255,255,255,255,3.686676024461377e-07,5.830993652367056e-07,4.996280670299669e-07,5.115708083258674e-07
main,WFG9,22,2,1,256,256,256,256,3.6750793441786556e-07,5.830993652367056e-07,4.996280670299669e-07,5.115708083258674e-07
main,WFG9,22,2,1,257,257,257,257,3.663482663895934e-07,5.830993652367056e-07,4.996280670299669e-07,5.115708083258674e-07
main,WFG9,22,2,1,258,258,258,258,3.6623001087310314e-07,5.830993652367056e-07,4.996280670299669e-07,5.115708083258674e-07
main,WFG9,22,2,1,259,259,259,259,3.663482663895934e-07,5.830993652367056e-07,4.996280670299669e-07,5.115708083258674e-07
main,WFG9,22,2,1,260,260,260,260,3.6750793441786556e-07,5.830993652367056e-07,4.996280670299669e-07,5.115708083258674e-07
main,WFG9,22,2,1,261,261,261,261,3.686676024461377e-07,5.830993652367056e-07,4.996280670299669e-07,5.115708083258674e-07
main,WFG9,22,2,1,262,262,262,262,3.6750793441786556e-07,5.830993652367056e-07,4.996280670299669e-07,5.115708083258674e-07
main,WFG9,22,2,1,263,263,263,263,3.686676024461377e-07,5.830993652367056e-07,4.996280670299669e-07,5.115708083258674e-07
main,WFG9,22,2,1,264,264,264,264,3.6750793441786556e-07,5.830993652367056e-07,4.996280670299669e-07,5.115708083258674e-07
main,WFG9,22,2,1,265,265,265,265,3.686676024461377e-07,5.830993652367056e-07,4.996280670299669e-07,5.115708083258674e-07
main,WFG9,22,2,1,266,266,266,266,3.6750793441786556e-07,5.830993652367056e-07,4.996280670299669e-07,5.115708083258674e-07
main,WFG9,22,2,1,267,267,267,267,3.686676024461377e-07,5.830993652367056e-07,4.996280670299669e-07,5.115708083258674e-07
main,WFG9,22,2,1,268,268,268,268,3.6750793441786556e-07,5.830993652367056e-07,4.996280670299669e-07,5.115708083258674e-07
main,WFG9,22,2,1,269,269,269,269,3.663482663895934e-07,5.830993652367056e-07,4.996280670299669e-07,5.115708083258674e-07
main,WFG9,22,2,1,270,270,270,270,3.6750793441786556e-07,5.830993652367056e-07,4.996280670299669e-07,5.115708083258674e-07
main,WFG9,22,2,1,271,271,271,271,3.686676024461377e-07,5.830993652367056e-07,4.996280670299669e-07,5.115708083258674e-07
main,WFG9,22,2,1,272,272,272,272,3.691673278183316e-07,5.830993652367056e-07,4.996280670299669e-07,5.115708083258674e-07
main,WFG9,22,2,1,273,273,273,273,3.686676024461377e-07,5.830993652367056e-07,4.996280670299669e-07,5.115708083258674e-07
main,WFG9,22,2,1,274,274,274,274,3.691673278183316e-07,5.830993652367056e-07,4.996280670299669e-07,5.115708083258674e-07
main,WFG9,22,2,1,275,275,275,275,3.696670531905255e-07,5.830993652367056e-07,4.996280670299669e-07,5.115708083258674e-07
main,WFG9,22,2,1,276,276,276,276,3.6998367303198165e-07,5.830993652367056e-07,4.996280670299669e-07,5.115708083258674e-07
main,WFG9,22,2,1,277,277,277,277,3.703002928734378e-07,5.830993652367056e-07,4.996280670299669e-07,5.115708083258674e-07
main,WFG9,22,2,1,278,278,278,278,3.6998367303198165e-07,5.830993652367056e-07,4.996280670299669e-07,5.115708083258674e-07
main,WFG9,22,2,1,279,279,279,279,3.696670531905255e-07,5.830993652367056e-07,4.996280670299669e-07,5.115708083258674e-07
main,WFG9,22,2,1,280,280,280,280,3.691673278183316e-07,5.830993652367056e-07,4.996280670299669e-07,5.115708083258674e-07
main,WFG9,22,2,1,281,281,281,281,3.686676024461377e-07,5.830993652367056e-07,4.996280670299669e-07,5.115708083258674e-07
main,WFG9,22,2,1,282,282,282,282,3.691673278183316e-07,5.830993652367056e-07,4.996280670299669e-07,5.115708083258674e-07
main,WFG9,22,2,1,283,283,283,283,3.686676024461377e-07,5.830993652367056e-07,4.996280670299669e-07,5.115708083258674e-07
main,WFG9,22,2,1,284,284,284,284,3.6750793441786556e-07,5.830993652367056e-07,4.996280670299669e-07,5.115708083258674e-07
main,WFG9,22,2,1,285,285,285,285,3.663482663895934e-07,5.830993652367056e-07,4.996280670299669e-07,5.115708083258674e-07
main,WFG9,22,2,1,286,286,286,286,3.6623001087310314e-07,5.830993652367056e-07,4.996280670299669e-07,5.115708083258674e-07
main,WFG9,22,2,1,287,287,287,287,3.661117553566129e-07,5.830993652367056e-07,4.996280670299669e-07,5.115708083258674e-07
main,WFG9,22,2,1,288,288,288,288,3.651695251738474e-07,5.830993652367056e-07,4.996280670299669e-07,5.115708083258674e-07
main,WFG9,22,2,1,289,289,289,289,3.6422729499108186e-07,5.830993652367056e-07,4.996280670299669e-07,5.115708083258674e-07
main,WFG9,22,2,1,290,290,290,290,3.6304473882697863e-07,5.830993652367056e-07,4.996280670299669e-07,5.115708083258674e-07
main,WFG9,22,2,1,291,291,291,291,3.618621826628754e-07,5.830993652367056e-07,4.996280670299669e-07,5.115708083258674e-07
main,WFG9,22,2,1,292,292,292,292,3.5969543465963483e-07,5.830993652367056e-07,4.996280670299669e-07,5.115708083258674e-07
main,WFG9,22,2,1,293,293,293,293,3.618621826628754e-07,5.830993652367056e-07,4.996280670299669e-07,5.115708083258674e-07
main,WFG9,22,2,1,294,294,294,294,3.6304473882697863e-07,5.830993652367056e-07,4.996280670299669e-07,5.115708083258674e-07
main,WFG9,22,2,1,295,295,295,295,3.618621826628754e-07,5.830993652367056e-07,4.996280670299669e-07,5.115708083258674e-07
main,WFG9,22,2,1,296,296,296,296,3.6304473882697863e-07,5.830993652367056e-07,4.996280670299669e-07,5.115708083258674e-07
main,WFG9,22,2,1,297,297,297,297,3.6422729499108186e-07,5.830993652367056e-07,4.996280670299669e-07,5.115708083258674e-07
main,WFG9,22,2,1,298,298,298,298,3.6304473882697863e-07,5.830993652367056e-07,4.996280670299669e-07,5.115708083258674e-07
main,WFG9,22,2,1,299,299,299,299,3.618621826628754e-07,5.830993652367056e-07,4.996280670299669e-07,5.115708083258674e-07
main,WFG9,22,2,1,300,300,300,300,3.608627319184876e-07,5.830993652367056e-07,4.996280670299669e-07,5.115708083258674e-07
main,WFG9,22,2,1,301,301,301,301,3.598632811740998e-07,5.830993652367056e-07,4.996280670299669e-07,5.115708083258674e-07
main,WFG9,22,2,1,302,302,302,302,3.608627319184876e-07,5.830993652367056e-07,4.996280670299669e-07,5.115708083258674e-07
main,WFG9,22,2,1,303,303,303,303,3.618621826628754e-07,5.830993652367056e-07,4.996280670299669e-07,5.115708083258674e-07
main,WFG9,22,2,1,304,304,304,304,3.6304473882697863e-07,5.830993652367056e-07,4.996280670299669e-07,5.115708083258674e-07
main,WFG9,22,2,1,305,305,305,305,3.618621826628754e-07,5.830993652367056e-07,4.996280670299669e-07,5.115708083258674e-07
main,WFG9,22,2,1,306,306,306,306,3.6304473882697863e-07,5.830993652367056e-07,4.996280670299669e-07,5.115708083258674e-07
main,WFG9,22,2,1,307,307,307,307,3.6422729499108186e-07,5.830993652367056e-07,4.996280670299669e-07,5.115708083258674e-07
main,WFG9,22,2,1,308,308,308,308,3.6304473882697863e-07,5.830993652367056e-07,4.996280670299669e-07,5.115708083258674e-07
main,WFG9,22,2,1,309,309,309,309,3.6422729499108186e-07,5.830993652367056e-07,4.996280670299669e-07,5.115708083258674e-07
main,WFG9,22,2,1,310,310,310,310,3.6304473882697863e-07,5.830993652367056e-07,4.996280670299669e-07,5.115708083258674e-07
main,WFG9,22,2,1,311,311,311,311,3.6422729499108186e-07,5.830993652367056e-07,4.996280670299669e-07,5.115708083258674e-07
main,WFG9,22,2,1,312,312,312,312,3.651695251738474e-07,5.830993652367056e-07,4.996280670299669e-07,5.115708083258674e-07
main,WFG9,22,2,1,313,313,313,313,3.6422729499108186e-07,5.830993652367056e-07,4.996280670299669e-07,5.115708083258674e-07
main,WFG9,22,2,1,314,314,314,314,3.651695251738474e-07,5.830993652367056e-07,4.996280670299669e-07,5.115708083258674e-07
main,WFG9,22,2,1,315,315,315,315,3.6422729499108186e-07,5.830993652367056e-07,4.996280670299669e-07,5.115708083258674e-07
main,WFG9,22,2,1,316,316,316,316,3.6304473882697863e-07,5.830993652367056e-07,4.996280670299669e-07,5.115708083258674e-07
main,WFG9,22,2,1,317,317,317,317,3.6422729499108186e-07,5.830993652367056e-07,4.996280670299669e-07,5.115708083258674e-07
main,WFG9,22,2,1,318,318,318,318,3.651695251738474e-07,5.830993652367056e-07,4.996280670299669e-07,5.115708083258674e-07
main,WFG9,22,2,1,319,319,319,319,3.6422729499108186e-07,5.830993652367056e-07,4.996280670299669e-07,5.115708083258674e-07
main,WFG9,22,2,1,320,320,320,320,3.6304473882697863e-07,5.830993652367056e-07,4.996280670299669e-07,5.115708083258674e-07
main,WFG9,22,2,1,321,321,321,321,3.618621826628754e-07,5.830993652367056e-07,4.996280670299669e-07,5.115708083258674e-07
main,WFG9,22,2,1,322,322,322,322,3.6304473882697863e-07,5.830993652367056e-07,4.996280670299669e-07,5.115708083258674e-07
main,WFG9,22,2,1,323,323,323,323,3.6422729499108186e-07,5.830993652367056e-07,4.996280670299669e-07,5.115708083258674e-07
main,WFG9,22,2,1,324,324,324,324,3.6304473882697863e-07,5.830993652367056e-07,4.996280670299669e-07,5.115708083258674e-07
main,WFG9,22,2,1,325,325,325,325,3.618621826628754e-07,5.830993652367056e-07,4.996280670299669e-07,5.115708083258674e-07
main,WFG9,22,2,1,326,326,326,326,3.608627319184876e-07,5.830993652367056e-07,4.996280670299669e-07,5.115708083258674e-07
main,WFG9,22,2,1,327,327,327,327,3.598632811740998e-07,5.830993652367056e-07,4.996280670299669e-07,5.115708083258674e-07
main,WFG9,22,2,1,328,328,328,328,3.5869598391524704e-07,5.830993652367056e-07,4.996280670299669e-07,5.115708083258674e-07
main,WFG9,22,2,1,329,329,329,329,3.5752868665639426e-07,5.830993652367056e-07,4.996280670299669e-07,5.115708083258674e-07
main,WFG9,22,2,1,330,330,330,330,3.5869598391524704e-07,5.830993652367056e-07,4.996280670299669e-07,5.115708083258674e-07
main,WFG9,22,2,1,331,331,331,331,3.5752868665639426e-07,5.830993652367056e-07,4.996280670299669e-07,5.115708083258674e-07
main,WFG9,22,2,1,332,332,332,332,3.57383728166738e-07,5.830993652367056e-07,4.996280670299669e-07,5.115708083258674e-07
main,WFG9,22,2,1,333,333,333,333,3.5752868665639426e-07,5.830993652367056e-07,4.996280670299669e-07,5.115708083258674e-07
main,WFG9,22,2,1,334,334,334,334,3.5869598391524704e-07,5.830993652367056e-07,4.996280670299669e-07,5.115708083258674e-07
main,WFG9,22,2,1,335,335,335,335,3.598632811740998e-07,5.830993652367056e-07,4.996280670299669e-07,5.115708083258674e-07
main,WFG9,22,2,1,336,336,336,336,3.608627319184876e-07,5.830993652367056e-07,4.996280670299669e-07,5.115708083258674e-07
main,WFG9,22,2,1,337,337,337,337,3.598632811740998e-07,5.830993652367056e-07,4.996280670299669e-07,5.115708083258674e-07
main,WFG9,22,2,1,338,338,338,338,3.5869598391524704e-07,5.830993652367056e-07,4.996280670299669e-07,5.115708083258674e-07
main,WFG9,22,2,1,339,339,339,339,3.598632811740998e-07,5.830993652367056e-07,4.996280670299669e-07,5.115708083258674e-07
main,WFG9,22,2,1,340,340,340,340,3.5869598391524704e-07,5.830993652367056e-07,4.996280670299669e-07,5.115708083258674e-07
main,WFG9,22,2,1,341,341,341,341,3.5752868665639426e-07,5.830993652367056e-07,4.996280670299669e-07,5.115708083258674e-07
main,WFG9,22,2,1,342,342,342,342,3.57383728166738e-07,5.830993652367056e-07,4.996280670299669e-07,5.115708083258674e-07
main,WFG9,22,2,1,343,343,343,343,3.572387696770818e-07,5.830993652367056e-07,4.996280670299669e-07,5.115708083258674e-07
main,WFG9,22,2,1,344,344,344,344,3.554306031716692e-07,5.830993652367056e-07,4.996280670299669e-07,5.115708083258674e-07
main,WFG9,22,2,1,345,345,345,345,3.536224366662566e-07,5.830993652367056e-07,4.996280670299669e-07,5.115708083258674e-07
main,WFG9,22,2,1,346,346,346,346,3.554306031716692e-07,5.830993652367056e-07,4.996280670299669e-07,5.115708083258674e-07
main,WFG9,22,2,1,347,347,347,347,3.536224366662566e-07,5.830993652367056e-07,4.996280670299669e-07,5.115708083258674e-07
main,WFG9,22,2,1,348,348,348,348,3.554306031716692e-07,5.830993652367056e-07,4.996280670299669e-07,5.115708083258674e-07
main,WFG9,22,2,1,349,349,349,349,3.536224366662566e-07,5.830993652367056e-07,4.996280670299669e-07,5.115708083258674e-07
main,WFG9,22,2,1,350,350,350,350,3.5343933113551884e-07,5.830993652367056e-07,4.996280670299669e-07,5.115708083258674e-07
main,WFG9,22,2,1,351,351,351,351,3.532562256047811e-07,5.830993652367056e-07,4.996280670299669e-07,5.115708083258674e-07
main,WFG9,22,2,1,352,352,352,352,3.5343933113551884e-07,5.830993652367056e-07,4.996280670299669e-07,5.115708083258674e-07
main,WFG9,22,2,1,353,353,353,353,3.532562256047811e-07,5.830993652367056e-07,4.996280670299669e-07,5.115708083258674e-07
main,WFG9,22,2,1,354,354,354,354,3.5343933113551884e-07,5.830993652367056e-07,4.996280670299669e-07,5.115708083258674e-07
main,WFG9,22,2,1,355,355,355,355,3.532562256047811e-07,5.830993652367056e-07,4.996280670299669e-07,5.115708083258674e-07
main,WFG9,22,2,1,356,356,356,356,3.52554321292331e-07,5.830993652367056e-07,4.996280670299669e-07,5.115708083258674e-07
main,WFG9,22,2,1,357,357,357,357,3.532562256047811e-07,5.830993652367056e-07,4.996280670299669e-07,5.115708083258674e-07
main,WFG9,22,2,1,358,358,358,358,3.52554321292331e-07,5.830993652367056e-07,4.996280670299669e-07,5.115708083258674e-07
main,WFG9,22,2,1,359,359,359,359,3.518524169798809e-07,5.830993652367056e-07,4.996280670299669e-07,5.115708083258674e-07
main,WFG9,22,2,1,360,360,360,360,3.512916565417967e-07,5.830993652367056e-07,4.996280670299669e-07,5.115708083258674e-07
main,WFG9,22,2,1,361,361,361,361,3.5073089610371255e-07,5.830993652367056e-07,4.996280670299669e-07,5.115708083258674e-07
main,WFG9,22,2,1,362,362,362,362,3.504714966018341e-07,5.830993652367056e-07,4.996280670299669e-07,5.115708083258674e-07
main,WFG9,22,2,1,363,363,363,363,3.502120970999556e-07,5.830993652367056e-07,4.996280670299669e-07,5.115708083258674e-07
main,WFG9,22,2,1,364,364,364,364,3.4839248652662747e-07,5.830993652367056e-07,4.996280670299669e-07,5.115708083258674e-07
main,WFG9,22,2,1,365,365,365,365,3.502120970999556e-07,5.830993652367056e-07,4.996280670299669e-07,5.115708083258674e-07
main,WFG9,22,2,1,366,366,366,366,3.504714966018341e-07,5.830993652367056e-07,4.996280670299669e-07,5.115708083258674e-07
main,WFG9,22,2,1,367,367,367,367,3.502120970999556e-07,5.830993652367056e-07,4.996280670299669e-07,5.115708083258674e-07
main,WFG9,22,2,1,368,368,368,368,3.4839248652662747e-07,5.830993652367056e-07,4.996280670299669e-07,5.115708083258674e-07
main,WFG9,22,2,1,369,369,369,369,3.4657287595329933e-07,5.830993652367056e-07,4.996280670299669e-07,5.115708083258674e-07
main,WFG9,22,2,1,370,370,370,370,3.4839248652662747e-07,5.830993652367056e-07,4.996280670299669e-07,5.115708083258674e-07
main,WFG9,22,2,1,371,371,371,371,3.4657287595329933e-07,5.830993652367056e-07,4.996280670299669e-07,5.115708083258674e-07
main,WFG9,22,2,1,372,372,372,372,3.4630966183613054e-07,5.830993652367056e-07,4.996280670299669e-07,5.115708083258674e-07
main,WFG9,22,2,1,373,373,373,373,3.4657287595329933e-07,5.830993652367056e-07,4.996280670299669e-07,5.115708083258674e-07
main,WFG9,22,2,1,374,374,374,374,3.4630966183613054e-07,5.830993652367056e-07,4.996280670299669e-07,5.115708083258674e-07
main,WFG9,22,2,1,375,375,375,375,3.4657287595329933e-07,5.830993652367056e-07,4.996280670299669e-07,5.115708083258674e-07
main,WFG9,22,2,1,376,376,376,376,3.4839248652662747e-07,5.830993652367056e-07,4.996280670299669e-07,5.115708083258674e-07
main,WFG9,22,2,1,377,377,377,377,3.502120970999556e-07,5.830993652367056e-07,4.996280670299669e-07,5.115708083258674e-07
main,WFG9,22,2,1,378,378,378,378,3.4839248652662747e-07,5.830993652367056e-07,4.996280670299669e-07,5.115708083258674e-07
main,WFG9,22,2,1,379,379,379,379,3.502120970999556e-07,5.830993652367056e-07,4.996280670299669e-07,5.115708083258674e-07
main,WFG9,22,2,1,380,380,380,380,3.504714966018341e-07,5.830993652367056e-07,4.996280670299669e-07,5.115708083258674e-07
main,WFG9,22,2,1,381,381,381,381,3.5073089610371255e-07,5.830993652367056e-07,4.996280670299669e-07,5.115708083258674e-07
main,WFG9,22,2,1,382,382,382,382,3.512916565417967e-07,5.830993652367056e-07,4.996280670299669e-07,5.115708083258674e-07
main,WFG9,22,2,1,383,383,383,383,3.5073089610371255e-07,5.830993652367056e-07,4.996280670299669e-07,5.115708083258674e-07
main,WFG9,22,2,1,384,384,384,384,3.512916565417967e-07,5.830993652367056e-07,4.996280670299669e-07,5.115708083258674e-07
main,WFG9,22,2,1,385,385,385,385,3.518524169798809e-07,5.830993652367056e-07,4.996280670299669e-07,5.115708083258674e-07
main,WFG9,22,2,1,386,386,386,386,3.52554321292331e-07,5.830993652367056e-07,4.996280670299669e-07,5.115708083258674e-07
main,WFG9,22,2,1,387,387,387,387,3.518524169798809e-07,5.830993652367056e-07,4.996280670299669e-07,5.115708083258674e-07
main,WFG9,22,2,1,388,388,388,388,3.512916565417967e-07,5.830993652367056e-07,4.996280670299669e-07,5.115708083258674e-07
main,WFG9,22,2,1,389,389,389,389,3.518524169798809e-07,5.830993652367056e-07,4.996280670299669e-07,5.115708083258674e-07
main,WFG9,22,2,1,390,390,390,390,3.52554321292331e-07,5.830993652367056e-07,4.996280670299669e-07,5.115708083258674e-07
main,WFG9,22,2,1,391,391,391,391,3.518524169798809e-07,5.830993652367056e-07,4.996280670299669e-07,5.115708083258674e-07
main,WFG9,22,2,1,392,392,392,392,3.512916565417967e-07,5.830993652367056e-07,4.996280670299669e-07,5.115708083258674e-07
main,WFG9,22,2,1,393,393,393,393,3.5073089610371255e-07,5.830993652367056e-07,4.996280670299669e-07,5.115708083258674e-07
main,WFG9,22,2,1,394,394,394,394,3.504714966018341e-07,5.830993652367056e-07,4.996280670299669e-07,5.115708083258674e-07
main,WFG9,22,2,1,395,395,395,395,3.5073089610371255e-07,5.830993652367056e-07,4.996280670299669e-07,5.115708083258674e-07
main,WFG9,22,2,1,396,396,396,396,3.512916565417967e-07,5.830993652367056e-07,4.996280670299669e-07,5.115708083258674e-07
main,WFG9,22,2,1,397,397,397,397,3.5073089610371255e-07,5.830993652367056e-07,4.996280670299669e-07,5.115708083258674e-07
main,WFG9,22,2,1,398,398,398,398,3.512916565417967e-07,5.830993652367056e-07,4.996280670299669e-07,5.115708083258674e-07
main,WFG9,22,2,1,399,399,399,399,3.518524169798809e-07,5.830993652367056e-07,4.996280670299669e-07,5.115708083258674e-07
main,WFG9,22,2,1,400,400,400,400,3.512916565417967e-07,5.830993652367056e-07,4.996280670299669e-07,5.115708083258674e-07
main,WFG9,22,2,1,401,401,401,401,3.518524169798809e-07,5.830993652367056e-07,4.996280670299669e-07,5.115708083258674e-07
main,WFG9,22,2,1,402,402,402,402,3.512916565417967e-07,5.830993652367056e-07,4.996280670299669e-07,5.115708083258674e-07
main,WFG9,22,2,1,403,403,403,403,3.5073089610371255e-07,5.830993652367056e-07,4.996280670299669e-07,5.115708083258674e-07
main,WFG9,22,2,1,404,404,404,404,3.504714966018341e-07,5.830993652367056e-07,4.996280670299669e-07,5.115708083258674e-07
main,WFG9,22,2,1,405,405,405,405,3.502120970999556e-07,5.830993652367056e-07,4.996280670299669e-07,5.115708083258674e-07
main,WFG9,22,2,1,406,406,406,406,3.495674133491278e-07,5.830993652367056e-07,4.996280670299669e-07,5.115708083258674e-07
main,WFG9,22,2,1,407,407,407,407,3.4892272959829995e-07,5.830993652367056e-07,4.996280670299669e-07,5.115708083258674e-07
main,WFG9,22,2,1,408,408,408,408,3.48945617734131e-07,5.830993652367056e-07,4.996280670299669e-07,5.115708083258674e-07
main,WFG9,22,2,1,409,409,409,409,3.4892272959829995e-07,5.830993652367056e-07,4.996280670299669e-07,5.115708083258674e-07
main,WFG9,22,2,1,410,410,410,410,3.48945617734131e-07,5.830993652367056e-07,4.996280670299669e-07,5.115708083258674e-07
main,WFG9,22,2,1,411,411,411,411,3.489685058699621e-07,5.830993652367056e-07,4.996280670299669e-07,5.115708083258674e-07
main,WFG9,22,2,1,412,412,412,412,3.4959030148495884e-07,5.830993652367056e-07,4.996280670299669e-07,5.115708083258674e-07
main,WFG9,22,2,1,413,413,413,413,3.489685058699621e-07,5.830993652367056e-07,4.996280670299669e-07,5.115708083258674e-07
main,WFG9,22,2,1,414,414,414,414,3.48945617734131e-07,5.830993652367056e-07,4.996280670299669e-07,5.115708083258674e-07
main,WFG9,22,2,1,415,415,415,415,3.4892272959829995e-07,5.830993652367056e-07,4.996280670299669e-07,5.115708083258674e-07
main,WFG9,22,2,1,416,416,416,416,3.488464356271592e-07,5.830993652367056e-07,4.996280670299669e-07,5.115708083258674e-07
main,WFG9,22,2,1,417,417,417,417,3.487701416560185e-07,5.830993652367056e-07,4.996280670299669e-07,5.115708083258674e-07
main,WFG9,22,2,1,418,418,418,418,3.476715088046589e-07,5.830993652367056e-07,4.996280670299669e-07,5.115708083258674e-07
main,WFG9,22,2,1,419,419,419,419,3.487701416560185e-07,5.830993652367056e-07,4.996280670299669e-07,5.115708083258674e-07
main,WFG9,22,2,1,420,420,420,420,3.488464356271592e-07,5.830993652367056e-07,4.996280670299669e-07,5.115708083258674e-07
main,WFG9,22,2,1,421,421,421,421,3.4892272959829995e-07,5.830993652367056e-07,4.996280670299669e-07,5.115708083258674e-07
main,WFG9,22,2,1,422,422,422,422,3.488464356271592e-07,5.830993652367056e-07,4.996280670299669e-07,5.115708083258674e-07
main,WFG9,22,2,1,423,423,423,423,3.487701416560185e-07,5.830993652367056e-07,4.996280670299669e-07,5.115708083258674e-07
main,WFG9,22,2,1,424,424,424,424,3.476715088046589e-07,5.830993652367056e-07,4.996280670299669e-07,5.115708083258674e-07
main,WFG9,22,2,1,425,425,425,425,3.487701416560185e-07,5.830993652367056e-07,4.996280670299669e-07,5.115708083258674e-07
main,WFG9,22,2,1,426,426,426,426,3.488464356271592e-07,5.830993652367056e-07,4.996280670299669e-07,5.115708083258674e-07
main,WFG9,22,2,1,427,427,427,427,3.4892272959829995e-07,5.830993652367056e-07,4.996280670299669e-07,5.115708083258674e-07
main,WFG9,22,2,1,428,428,428,428,3.48945617734131e-07,5.830993652367056e-07,4.996280670299669e-07,5.115708083258674e-07
main,WFG9,22,2,1,429,429,429,429,3.4892272959829995e-07,5.830993652367056e-07,4.996280670299669e-07,5.115708083258674e-07
main,WFG9,22,2,1,430,430,430,430,3.488464356271592e-07,5.830993652367056e-07,4.996280670299669e-07,5.115708083258674e-07
main,WFG9,22,2,1,431,431,431,431,3.4892272959829995e-07,5.830993652367056e-07,4.996280670299669e-07,5.115708083258674e-07
main,WFG9,22,2,1,432,432,432,432,3.488464356271592e-07,5.830993652367056e-07,4.996280670299669e-07,5.115708083258674e-07
main,WFG9,22,2,1,433,433,433,433,3.487701416560185e-07,5.830993652367056e-07,4.996280670299669e-07,5.115708083258674e-07
main,WFG9,22,2,1,434,434,434,434,3.488464356271592e-07,5.830993652367056e-07,4.996280670299669e-07,5.115708083258674e-07
main,WFG9,22,2,1,435,435,435,435,3.487701416560185e-07,5.830993652367056e-07,4.996280670299669e-07,5.115708083258674e-07
main,WFG9,22,2,1,436,436,436,436,3.476715088046589e-07,5.830993652367056e-07,4.996280670299669e-07,5.115708083258674e-07
main,WFG9,22,2,1,437,437,437,437,3.487701416560185e-07,5.830993652367056e-07,4.996280670299669e-07,5.115708083258674e-07
main,WFG9,22,2,1,438,438,438,438,3.476715088046589e-07,5.830993652367056e-07,4.996280670299669e-07,5.115708083258674e-07
main,WFG9,22,2,1,439,439,439,439,3.4657287595329933e-07,5.830993652367056e-07,4.996280670299669e-07,5.115708083258674e-07
main,WFG9,22,2,1,440,440,440,440,3.4630966183613054e-07,5.830993652367056e-07,4.996280670299669e-07,5.115708083258674e-07
main,ZDT1,30,2,1,1,1,1,1,1.0257434845950542e-07,1.0257434845950542e-07,3.146896362382634e-07,5.447061326435687e-07
main,ZDT1,30,2,1,2,2,2,2,2.5473260895081395e-07,4.068908694421225e-07,4.3226432799858827e-07,5.447061326435687e-07
main,ZDT1,30,2,1,3,3,3,3,3.496513366618714e-07,4.068908694421225e-07,4.3226432799858827e-07,5.447061326435687e-07
main,ZDT1,30,2,1,4,4,4,4,3.6307334888574516e-07,4.068908694421225e-07,4.35997009384792e-07,5.447061326435687e-07
main,ZDT1,30,2,1,5,5,5,5,3.496513366618714e-07,4.068908694421225e-07,4.35997009384792e-07,5.447061326435687e-07
main,ZDT1,30,2,1,6,6,6,6,3.6307334888574516e-07,6.659240723294602e-07,4.35997009384792e-07,5.447061326435687e-07
main,ZDT1,30,2,1,7,7,7,7,3.5968971251465476e-07,6.659240723294602e-07,4.734554290841686e-07,5.447061326435687e-07
main,ZDT1,30,2,1,8,8,8,8,3.546705245882631e-07,6.659240723294602e-07,4.734554290841686e-07,5.447061326435687e-07
main,ZDT1,30,2,1,9,9,9,9,3.5968971251465476e-07,6.659240723294602e-07,4.734554290841686e-07,5.447061326435687e-07
main,ZDT1,30,2,1,10,10,10,10,3.546705245882631e-07,6.659240723294602e-07,4.734554290841686e-07,5.447061326435687e-07
main,ZDT1,30,2,1,11,11,11,11,3.5968971251465476e-07,6.659240723294602e-07,5.16143798812152e-07,5.447061326435687e-07
main,ZDT1,30,2,1,12,12,12,12,3.546705245882631e-07,6.659240723294602e-07,5.16143798812152e-07,5.447061326435687e-07
main,ZDT1,30,2,1,13,13,13,13,3.519668579088364e-07,6.659240723294602e-07,5.16143798812152e-07,5.447061326435687e-07
main,ZDT1,30,2,1,14,14,14,14,3.558282852117456e-07,6.659240723294602e-07,5.16143798812152e-07,5.447061326435687e-07
main,ZDT1,30,2,1,15,15,15,15,3.519668579088364e-07,6.659240723294602e-07,5.16143798812152e-07,5.447061326435687e-07
main,ZDT1,30,2,1,16,16,16,16,3.558282852117456e-07,7.984008796313447e-07,5.16143798812152e-07,5.856600024944925e-07
main,ZDT1,30,2,1,17,17,17,17,3.519668579088364e-07,7.984008796313447e-07,5.16143798812152e-07,5.856600024944925e-07
main,ZDT1,30,2,1,18,18,18,18,3.558282852117456e-07,7.984008796313447e-07,5.16143798812152e-07,5.856600024944925e-07
main,ZDT1,30,2,1,19,19,19,19,3.519668579088364e-07,7.984008796313447e-07,5.16143798812152e-07,5.856600024944925e-07
main,ZDT1,30,2,1,20,20,20,20,3.508090972853539e-07,7.984008796313447e-07,5.16143798812152e-07,5.856600024944925e-07
main,ZDT1,30,2,1,21,21,21,21,3.519668579088364e-07,7.984008796313447e-07,5.16143798812152e-07,5.856600024944925e-07
main,ZDT1,30,2,1,22,22,22,22,3.508090972853539e-07,7.984008796313447e-07,5.16143798812152e-07,5.856600024944925e-07
main,ZDT1,30,2,1,23,23,23,23,3.519668579088364e-07,7.984008796313447e-07,5.16143798812152e-07,5.856600024944925e-07
main,ZDT1,30,2,1,24,24,24,24,3.508090972853539e-07,7.984008796313447e-07,5.16143798812152e-07,5.856600024944925e-07
main,ZDT1,30,2,1,25,25,25,25,3.496513366618714e-07,7.984008796313447e-07,5.16143798812152e-07,5.856600024944925e-07
main,ZDT1,30,2,1,26,26,26,26,3.4698581695413733e-07,7.984008796313447e-07,5.16143798812152e-07,5.856600024944925e-07
main,ZDT1,30,2,1,27,27,27,27,3.4432029724640323e-07,7.984008796313447e-07,5.16143798812152e-07,5.856600024944925e-07
main,ZDT1,30,2,1,28,28,28,28,3.310499192971106e-07,7.984008796313447e-07,5.16143798812152e-07,5.856600024944925e-07
main,ZDT1,30,2,1,29,29,29,29,3.4432029724640323e-07,7.984008796313447e-07,5.16143798812152e-07,5.856600024944925e-07
main,ZDT1,30,2,1,30,30,30,30,3.310499192971106e-07,7.984008796313447e-07,5.16143798812152e-07,5.856600024944925e-07
main,ZDT1,30,2,1,31,31,31,31,3.1777954134781794e-07,7.984008796313447e-07,5.16143798812152e-07,5.856600024944925e-07
main,ZDT1,30,2,1,32,32,32,32,3.310499192971106e-07,7.984008796313447e-07,5.16143798812152e-07,5.856600024944925e-07
main,ZDT1,30,2,1,33,33,33,33,3.4432029724640323e-07,7.984008796313447e-07,5.16143798812152e-07,5.856600024944925e-07
main,ZDT1,30,2,1,34,34,34,34,3.4698581695413733e-07,7.984008796313447e-07,5.16143798812152e-07,5.856600024944925e-07
main,ZDT1,30,2,1,35,35,35,35,3.496513366618714e-07,7.984008796313447e-07,5.16143798812152e-07,5.856600024944925e-07
main,ZDT1,30,2,1,36,36,36,36,3.4698581695413733e-07,7.984008796313447e-07,5.16143798812152e-07,5.856600024944925e-07
main,ZDT1,30,2,1,37,37,37,37,3.496513366618714e-07,7.984008796313447e-07,5.16143798812152e-07,5.856600024944925e-07
main,ZDT1,30,2,1,38,38,38,38,3.508090972853539e-07,7.984008796313447e-07,5.16143798812152e-07,5.856600024944925e-07
main,ZDT1,30,2,1,39,39,39,39,3.496513366618714e-07,7.984008796313447e-07,5.16143798812152e-07,5.856600024944925e-07
main,ZDT1,30,2,1,40,40,40,40,3.4698581695413733e-07,7.984008796313447e-07,5.16143798812152e-07,5.856600024944925e-07
main,ZDT1,30,2,1,41,41,41,41,3.496513366618714e-07,7.984008796313447e-07,5.16143798812152e-07,5.856600024944925e-07
main,ZDT1,30,2,1,42,42,42,42,3.508090972853539e-07,7.984008796313447e-07,5.16143798812152e-07,5.856600024944925e-07
main,ZDT1,30,2,1,43,43,43,43,3.519668579088364e-07,7.984008796313447e-07,5.16143798812152e-07,5.856600024944925e-07
main,ZDT1,30,2,1,44,44,44,44,3.558282852117456e-07,7.984008796313447e-07,5.16143798812152e-07,5.856600024944925e-07
main,ZDT1,30,2,1,45,45,45,45,3.519668579088364e-07,7.984008796313447e-07,5.16143798812152e-07,5.856600024944925e-07
main,ZDT1,30,2,1,46,46,46,46,3.508090972853539e-07,7.984008796313447e-07,5.16143798812152e-07,5.856600024944925e-07
main,ZDT1,30,2,1,47,47,47,47,3.519668579088364e-07,7.984008796313447e-07,5.16143798812152e-07,5.856600024944925e-07
main,ZDT1,30,2,1,48,48,48,48,3.558282852117456e-07,7.984008796313447e-07,5.16143798812152e-07,5.856600024944925e-07
main,ZDT1,30,2,1,49,49,49,49,3.519668579088364e-07,7.984008796313447e-07,5.16143798812152e-07,5.856600024944925e-07
main,ZDT1,30,2,1,50,50,50,50,3.558282852117456e-07,7.984008796313447e-07,5.16143798812152e-07,5.856600024944925e-07
main,ZDT1,30,2,1,51,51,51,51,3.5968971251465476e-07,7.984008796313447e-07,5.16143798812152e-07,5.856600024944925e-07
main,ZDT1,30,2,1,52,52,52,52,3.597764969553996e-07,7.984008796313447e-07,5.16143798812152e-07,5.856600024944925e-07
main,ZDT1,30,2,1,53,53,53,53,3.5968971251465476e-07,7.984008796313447e-07,5.16143798812152e-07,5.856600024944925e-07
main,ZDT1,30,2,1,54,54,54,54,3.597764969553996e-07,7.984008796313447e-07,5.16143798812152e-07,5.856600024944925e-07
main,ZDT1,30,2,1,55,55,55,55,3.5986328139614443e-07,7.984008796313447e-07,5.16143798812152e-07,5.856600024944925e-07
main,ZDT1,30,2,1,56,56,56,56,3.6322450645137616e-07,9.444580086892529e-07,5.16143798812152e-07,5.856600024944925e-07
main,ZDT1,30,2,1,57,57,57,57,3.665857315066079e-07,9.444580086892529e-07,5.16143798812152e-07,5.856600024944925e-07
main,ZDT1,30,2,1,58,58,58,58,3.69663715173163e-07,9.444580086892529e-07,5.16143798812152e-07,5.856600024944925e-07
main,ZDT1,30,2,1,59,59,59,59,3.727416988397181e-07,9.444580086892529e-07,5.16143798812152e-07,5.856600024944925e-07
main,ZDT1,30,2,1,60,60,60,60,3.746185299746685e-07,9.444580086892529e-07,5.16143798812152e-07,5.856600024944925e-07
main,ZDT1,30,2,1,61,61,61,61,3.764953611096189e-07,9.444580086892529e-07,5.16143798812152e-07,5.856600024944925e-07
main,ZDT1,30,2,1,62,62,62,62,3.793106078120445e-07,9.444580086892529e-07,5.16143798812152e-07,5.856600024944925e-07
main,ZDT1,30,2,1,63,63,63,63,3.764953611096189e-07,9.444580086892529e-07,5.16143798812152e-07,5.856600024944925e-07
main,ZDT1,30,2,1,64,64,64,64,3.746185299746685e-07,9.444580086892529e-07,5.16143798812152e-07,5.856600024944925e-07
main,ZDT1,30,2,1,65,65,65,65,3.764953611096189e-07,9.444580086892529e-07,5.16143798812152e-07,5.856600024944925e-07
main,ZDT1,30,2,1,66,66,66,66,3.793106078120445e-07,9.444580086892529e-07,5.16143798812152e-07,5.856600024944925e-07
main,ZDT1,30,2,1,67,67,67,67,3.764953611096189e-07,9.444580086892529e-07,5.16143798812152e-07,5.856600024944925e-07
main,ZDT1,30,2,1,68,68,68,68,3.746185299746685e-07,9.444580086892529e-07,5.16143798812152e-07,5.856600024944925e-07
main,ZDT1,30,2,1,69,69,69,69,3.727416988397181e-07,9.444580086892529e-07,5.16143798812152e-07,5.856600024944925e-07
main,ZDT1,30,2,1,70,70,70,70,3.746185299746685e-07,9.444580086892529e-07,5.16143798812152e-07,5.856600024944925e-07
main,ZDT1,30,2,1,71,71,71,71,3.764953611096189e-07,9.444580086892529e-07,5.16143798812152e-07,5.856600024944925e-07
main,ZDT1,30,2,1,72,72,72,72,3.793106078120445e-07,9.444580086892529e-07,5.16143798812152e-07,5.856600024944925e-07
main,ZDT1,30,2,1,73,73,73,73,3.821258545144701e-07,9.444580086892529e-07,5.16143798812152e-07,5.856600024944925e-07
main,ZDT1,30,2,1,74,74,74,74,3.8232636452584234e-07,9.444580086892529e-07,5.16143798812152e-07,5.856600024944925e-07
main,ZDT1,30,2,1,75,75,75,75,3.821258545144701e-07,9.444580086892529e-07,5.16143798812152e-07,5.856600024944925e-07
main,ZDT1,30,2,1,76,76,76,76,3.8232636452584234e-07,9.444580086892529e-07,5.16143798812152e-07,5.856600024944925e-07
main,ZDT1,30,2,1,77,77,77,77,3.8252687453721457e-07,9.444580086892529e-07,5.16143798812152e-07,5.856600024944925e-07
main,ZDT1,30,2,1,78,78,78,78,3.835546966285408e-07,9.444580086892529e-07,5.16143798812152e-07,5.856600024944925e-07
main,ZDT1,30,2,1,79,79,79,79,3.8458251871986704e-07,9.444580086892529e-07,5.16143798812152e-07,5.856600024944925e-07
main,ZDT1,30,2,1,80,80,80,80,3.8632202148392025e-07,9.444580086892529e-07,5.16143798812152e-07,5.856600024944925e-07
main,ZDT1,30,2,1,81,81,81,81,3.8806152424797347e-07,9.444580086892529e-07,5.16143798812152e-07,5.856600024944925e-07
main,ZDT1,30,2,1,82,82,82,82,3.97476196845048e-07,9.444580086892529e-07,5.16143798812152e-07,5.856600024944925e-07
main,ZDT1,30,2,1,83,83,83,83,4.068908694421225e-07,9.444580086892529e-07,5.16143798812152e-07,5.856600024944925e-07
main,ZDT1,30,2,1,84,84,84,84,4.102829696261967e-07,9.444580086892529e-07,5.16143798812152e-07,5.856600024944925e-07
main,ZDT1,30,2,1,85,85,85,85,4.068908694421225e-07,9.444580086892529e-07,5.16143798812152e-07,5.856600024944925e-07
main,ZDT1,30,2,1,86,86,86,86,4.102829696261967e-07,9.444580086892529e-07,5.16143798812152e-07,5.856600024944925e-07
main,ZDT1,30,2,1,87,87,87,87,4.136750698102709e-07,9.444580086892529e-07,5.16143798812152e-07,5.856600024944925e-07
main,ZDT1,30,2,1,88,88,88,88,4.102829696261967e-07,9.444580086892529e-07,5.16143798812152e-07,5.856600024944925e-07
main,ZDT1,30,2,1,89,89,89,89,4.136750698102709e-07,9.444580086892529e-07,5.16143798812152e-07,5.856600024944925e-07
main,ZDT1,30,2,1,90,90,90,90,4.102829696261967e-07,9.444580086892529e-07,5.16143798812152e-07,5.856600024944925e-07
main,ZDT1,30,2,1,91,91,91,91,4.136750698102709e-07,9.444580086892529e-07,5.16143798812152e-07,5.856600024944925e-07
main,ZDT1,30,2,1,92,92,92,92,4.15315747258338e-07,9.444580086892529e-07,5.16143798812152e-07,5.856600024944925e-07
main,ZDT1,30,2,1,93,93,93,93,4.136750698102709e-07,9.444580086892529e-07,5.16143798812152e-07,5.856600024944925e-07
main,ZDT1,30,2,1,94,94,94,94,4.15315747258338e-07,9.444580086892529e-07,5.16143798812152e-07,5.856600024944925e-07
main,ZDT1,30,2,1,95,95,95,95,4.136750698102709e-07,9.444580086892529e-07,5.16143798812152e-07,5.856600024944925e-07
main,ZDT1,30,2,1,96,96,96,96,4.15315747258338e-07,9.444580086892529e-07,5.16143798812152e-07,5.856600024944925e-07
main,ZDT1,30,2,1,97,97,97,97,4.136750698102709e-07,9.444580086892529e-07,5.16143798812152e-07,5.856600024944925e-07
main,ZDT1,30,2,1,98,98,98,98,4.129532576169215e-07,9.444580086892529e-07,5.16143798812152e-07,5.856600024944925e-07
main,ZDT1,30,2,1,99,99,99,99,4.136750698102709e-07,9.444580086892529e-07,5.16143798812152e-07,5.856600024944925e-07
main,ZDT1,30,2,1,100,100,100,100,4.129532576169215e-07,9.444580086892529e-07,5.16143798812152e-07,5.856600024944925e-07
main,ZDT1,30,2,1,101,101,101,101,4.136750698102709e-07,9.444580086892529e-07,5.16143798812152e-07,5.856600024944925e-07
main,ZDT1,30,2,1,102,102,102,102,4.15315747258338e-07,9.444580086892529e-07,5.16143798812152e-07,5.856600024944925e-07
main,ZDT1,30,2,1,103,103,103,103,4.1695642470640504e-07,9.444580086892529e-07,5.16143798812152e-07,5.856600024944925e-07
main,ZDT1,30,2,1,104,104,104,104,4.15315747258338e-07,9.444580086892529e-07,5.16143798812152e-07,5.856600024944925e-07
main,ZDT1,30,2,1,105,105,105,105,4.136750698102709e-07,9.444580086892529e-07,5.16143798812152e-07,5.856600024944925e-07
main,ZDT1,30,2,1,106,106,106,106,4.129532576169215e-07,9.444580086892529e-07,5.16143798812152e-07,5.856600024944925e-07
main,ZDT1,30,2,1,107,107,107,107,4.1223144542357204e-07,9.444580086892529e-07,5.16143798812152e-07,5.856600024944925e-07
main,ZDT1,30,2,1,108,108,108,108,4.129532576169215e-07,9.444580086892529e-07,5.16143798812152e-07,5.856600024944925e-07
main,ZDT1,30,2,1,109,109,109,109,4.136750698102709e-07,9.444580086892529e-07,5.16143798812152e-07,5.856600024944925e-07
main,ZDT1,30,2,1,110,110,110,110,4.129532576169215e-07,9.444580086892529e-07,5.16143798812152e-07,5.856600024944925e-07
main,ZDT1,30,2,1,111,111,111,111,4.136750698102709e-07,9.444580086892529e-07,5.16143798812152e-07,5.856600024944925e-07
main,ZDT1,30,2,1,112,112,112,112,4.15315747258338e-07,9.444580086892529e-07,5.16143798812152e-07,5.856600024944925e-07
main,ZDT1,30,2,1,113,113,113,113,4.136750698102709e-07,9.444580086892529e-07,5.16143798812152e-07,5.856600024944925e-07
main,ZDT1,30,2,1,114,114,114,114,4.1333043575286776e-07,9.444580086892529e-07,5.16143798812152e-07,5.856600024944925e-07
main,ZDT1,30,2,1,115,115,115,115,4.136750698102709e-07,9.444580086892529e-07,5.16143798812152e-07,5.856600024944925e-07
main,ZDT1,30,2,1,116,116,116,116,4.1333043575286776e-07,9.444580086892529e-07,5.16143798812152e-07,5.856600024944925e-07
main,ZDT1,30,2,1,117,117,117,117,4.129858016954646e-07,9.444580086892529e-07,5.16143798812152e-07,5.856600024944925e-07
main,ZDT1,30,2,1,118,118,118,118,4.1260862355951833e-07,9.444580086892529e-07,5.16143798812152e-07,5.856600024944925e-07
main,ZDT1,30,2,1,119,119,119,119,4.1223144542357204e-07,9.444580086892529e-07,5.16143798812152e-07,5.856600024944925e-07
main,ZDT1,30,2,1,120,120,120,120,4.0956115743284727e-07,9.444580086892529e-07,5.16143798812152e-07,5.856600024944925e-07
main,ZDT1,30,2,1,121,121,121,121,4.068908694421225e-07,9.444580086892529e-07,5.16143798812152e-07,5.856600024944925e-07
main,ZDT1,30,2,1,122,122,122,122,4.0956115743284727e-07,9.444580086892529e-07,5.16143798812152e-07,5.856600024944925e-07
main,ZDT1,30,2,1,123,123,123,123,4.1223144542357204e-07,9.444580086892529e-07,5.16143798812152e-07,5.856600024944925e-07
main,ZDT1,30,2,1,124,124,124,124,4.1260862355951833e-07,9.444580086892529e-07,5.16143798812152e-07,5.856600024944925e-07
main,ZDT1,30,2,1,125,125,125,125,4.1223144542357204e-07,9.444580086892529e-07,5.16143798812152e-07,5.856600024944925e-07
main,ZDT1,30,2,1,126,126,126,126,4.0956115743284727e-07,9.444580086892529e-07,5.16143798812152e-07,5.856600024944925e-07
main,ZDT1,30,2,1,127,127,127,127,4.1223144542357204e-07,9.444580086892529e-07,5.16143798812152e-07,5.856600024944925e-07
main,ZDT1,30,2,1,128,128,128,128,4.0956115743284727e-07,9.444580086892529e-07,5.16143798812152e-07,5.856600024944925e-07
main,ZDT1,30,2,1,129,129,129,129,4.068908694421225e-07,9.444580086892529e-07,5.16143798812152e-07,5.856600024944925e-07
main,ZDT1,30,2,1,130,130,130,130,4.0642148271298473e-07,9.444580086892529e-07,5.16143798812152e-07,5.856600024944925e-07
main,ZDT1,30,2,1,131,131,131,131,4.068908694421225e-07,9.444580086892529e-07,5.16143798812152e-07,5.856600024944925e-07
main,ZDT1,30,2,1,132,132,132,132,4.0956115743284727e-07,9.444580086892529e-07,5.16143798812152e-07,5.856600024944925e-07
main,ZDT1,30,2,1,133,133,133,133,4.068908694421225e-07,9.444580086892529e-07,5.16143798812152e-07,5.856600024944925e-07
main,ZDT1,30,2,1,134,134,134,134,4.0956115743284727e-07,9.444580086892529e-07,5.16143798812152e-07,5.856600024944925e-07
main,ZDT1,30,2,1,135,135,135,135,4.1223144542357204e-07,9.444580086892529e-07,5.16143798812152e-07,5.856600024944925e-07
main,ZDT1,30,2,1,136,136,136,136,4.0956115743284727e-07,9.444580086892529e-07,5.16143798812152e-07,5.856600024944925e-07
main,ZDT1,30,2,1,137,137,137,137,4.1223144542357204e-07,9.444580086892529e-07,5.16143798812152e-07,5.856600024944925e-07
main,ZDT1,30,2,1,138,138,138,138,4.0956115743284727e-07,9.444580086892529e-07,5.16143798812152e-07,5.856600024944925e-07
main,ZDT1,30,2,1,139,139,139,139,4.1223144542357204e-07,9.444580086892529e-07,5.16143798812152e-07,5.856600024944925e-07
main,ZDT1,30,2,1,140,140,140,140,4.0956115743284727e-07,9.444580086892529e-07,5.16143798812152e-07,5.856600024944925e-07
main,ZDT1,30,2,1,141,141,141,141,4.068908694421225e-07,9.444580086892529e-07,5.16143798812152e-07,5.856600024944925e-07
main,ZDT1,30,2,1,142,142,142,142,4.0956115743284727e-07,9.444580086892529e-07,5.16143798812152e-07,5.856600024944925e-07
main,ZDT1,30,2,1,143,143,143,143,4.068908694421225e-07,9.444580086892529e-07,5.16143798812152e-07,5.856600024944925e-07
main,ZDT1,30,2,1,144,144,144,144,4.0642148271298473e-07,9.444580086892529e-07,5.16143798812152e-07,5.856600024944925e-07
main,ZDT1,30,2,1,145,145,145,145,4.0595209598384696e-07,9.444580086892529e-07,5.16143798812152e-07,5.856600024944925e-07
main,ZDT1,30,2,1,146,146,146,146,3.970068101159102e-07,9.444580086892529e-07,5.16143798812152e-07,5.856600024944925e-07
main,ZDT1,30,2,1,147,147,147,147,4.0595209598384696e-07,9.444580086892529e-07,5.16143798812152e-07,5.856600024944925e-07
main,ZDT1,30,2,1,148,148,148,148,3.970068101159102e-07,9.444580086892529e-07,5.16143798812152e-07,5.856600024944925e-07
main,ZDT1,30,2,1,149,149,149,149,4.0595209598384696e-07,9.444580086892529e-07,5.16143798812152e-07,5.856600024944925e-07
main,ZDT1,30,2,1,150,150,150,150,3.970068101159102e-07,9.444580086892529e-07,5.16143798812152e-07,5.856600024944925e-07
main,ZDT1,30,2,1,151,151,151,151,4.0595209598384696e-07,9.444580086892529e-07,5.16143798812152e-07,5.856600024944925e-07
main,ZDT1,30,2,1,152,152,152,152,4.0642148271298473e-07,9.444580086892529e-07,5.16143798812152e-07,5.856600024944925e-07
main,ZDT1,30,2,1,153,153,153,153,4.0595209598384696e-07,9.444580086892529e-07,5.16143798812152e-07,5.856600024944925e-07
main,ZDT1,30,2,1,154,154,154,154,3.970068101159102e-07,9.444580086892529e-07,5.16143798812152e-07,5.856600024944925e-07
main,ZDT1,30,2,1,155,155,155,155,4.0595209598384696e-07,9.444580086892529e-07,5.16143798812152e-07,5.856600024944925e-07
main,ZDT1,30,2,1,156,156,156,156,4.0307980733213233e-07,9.444580086892529e-07,5.16143798812152e-07,5.856600024944925e-07
main,ZDT1,30,2,1,157,157,157,157,4.002075186804177e-07,9.444580086892529e-07,5.16143798812152e-07,5.856600024944925e-07
main,ZDT1,30,2,1,158,158,158,158,3.941345214641956e-07,9.444580086892529e-07,5.16143798812152e-07,5.856600024944925e-07
main,ZDT1,30,2,1,159,159,159,159,3.8806152424797347e-07,9.444580086892529e-07,5.16143798812152e-07,5.856600024944925e-07
main,ZDT1,30,2,1,160,160,160,160,3.8632202148392025e-07,9.444580086892529e-07,5.16143798812152e-07,5.856600024944925e-07
main,ZDT1,30,2,1,161,161,161,161,3.8458251871986704e-07,9.444580086892529e-07,5.16143798812152e-07,5.856600024944925e-07
main,ZDT1,30,2,1,162,162,162,162,3.835546966285408e-07,9.444580086892529e-07,5.16143798812152e-07,5.856600024944925e-07
main,ZDT1,30,2,1,163,163,163,163,3.8252687453721457e-07,9.444580086892529e-07,5.16143798812152e-07,5.856600024944925e-07
main,ZDT1,30,2,1,164,164,164,164,3.8232636452584234e-07,9.444580086892529e-07,5.16143798812152e-07,5.856600024944925e-07
main,ZDT1,30,2,1,165,165,165,165,3.821258545144701e-07,9.444580086892529e-07,5.16143798812152e-07,5.856600024944925e-07
main,ZDT1,30,2,1,166,166,166,166,3.8232636452584234e-07,9.444580086892529e-07,5.16143798812152e-07,5.856600024944925e-07
main,ZDT1,30,2,1,167,167,167,167,3.821258545144701e-07,9.444580086892529e-07,5.16143798812152e-07,5.856600024944925e-07
main,ZDT1,30,2,1,168,168,168,168,3.8232636452584234e-07,9.444580086892529e-07,5.16143798812152e-07,5.856600024944925e-07
main,ZDT1,30,2,1,169,169,169,169,3.8252687453721457e-07,9.444580086892529e-07,5.16143798812152e-07,5.856600024944925e-07
main,ZDT1,30,2,1,170,170,170,170,3.8232636452584234e-07,9.444580086892529e-07,5.16143798812152e-07,5.856600024944925e-07
main,ZDT1,30,2,1,171,171,171,171,3.8252687453721457e-07,9.444580086892529e-07,5.16143798812152e-07,5.856600024944925e-07
main,ZDT1,30,2,1,172,172,172,172,3.835546966285408e-07,9.444580086892529e-07,5.16143798812152e-07,5.856600024944925e-07
main,ZDT1,30,2,1,173,173,173,173,3.8252687453721457e-07,9.444580086892529e-07,5.16143798812152e-07,5.856600024944925e-07
main,ZDT1,30,2,1,174,174,174,174,3.835546966285408e-07,9.444580086892529e-07,5.16143798812152e-07,5.856600024944925e-07
main,ZDT1,30,2,1,175,175,175,175,3.8458251871986704e-07,9.444580086892529e-07,5.16143798812152e-07,5.856600024944925e-07
main,ZDT1,30,2,1,176,176,176,176,3.8632202148392025e-07,9.444580086892529e-07,5.16143798812152e-07,5.856600024944925e-07
main,ZDT1,30,2,1,177,177,177,177,3.8806152424797347e-07,9.444580086892529e-07,5.16143798812152e-07,5.856600024944925e-07
main,ZDT1,30,2,1,178,178,178,178,3.8632202148392025e-07,9.444580086892529e-07,5.16143798812152e-07,5.856600024944925e-07
main,ZDT1,30,2,1,179,179,179,179,3.8806152424797347e-07,9.444580086892529e-07,5.16143798812152e-07,5.856600024944925e-07
main,ZDT1,30,2,1,180,180,180,180,3.8632202148392025e-07,9.444580086892529e-07,5.16143798812152e-07,5.856600024944925e-07
main,ZDT1,30,2,1,181,181,181,181,3.8458251871986704e-07,9.444580086892529e-07,5.16143798812152e-07,5.856600024944925e-07
main,ZDT1,30,2,1,182,182,182,182,3.835546966285408e-07,9.444580086892529e-07,5.16143798812152e-07,5.856600024944925e-07
main,ZDT1,30,2,1,183,183,183,183,3.8252687453721457e-07,9.444580086892529e-07,5.16143798812152e-07,5.856600024944925e-07
main,ZDT1,30,2,1,184,184,184,184,3.8232636452584234e-07,9.444580086892529e-07,5.16143798812152e-07,5.856600024944925e-07
main,ZDT1,30,2,1,185,185,185,185,3.8252687453721457e-07,9.444580086892529e-07,5.16143798812152e-07,5.856600024944925e-07
main,ZDT1,30,2,1,186,186,186,186,3.8232636452584234e-07,9.444580086892529e-07,5.16143798812152e-07,5.856600024944925e-07
main,ZDT1,30,2,1,187,187,187,187,3.8252687453721457e-07,9.444580086892529e-07,5.16143798812152e-07,5.856600024944925e-07
main,ZDT1,30,2,1,188,188,188,188,3.835546966285408e-07,9.444580086892529e-07,5.16143798812152e-07,5.856600024944925e-07
main,ZDT1,30,2,1,189,189,189,189,3.8458251871986704e-07,9.444580086892529e-07,5.16143798812152e-07,5.856600024944925e-07
main,ZDT1,30,2,1,190,190,190,190,3.835546966285408e-07,9.444580086892529e-07,5.16143798812152e-07,5.856600024944925e-07
main,ZDT1,30,2,1,191,191,191,191,3.8458251871986704e-07,9.444580086892529e-07,5.16143798812152e-07,5.856600024944925e-07
main,ZDT1,30,2,1,192,192,192,192,3.8632202148392025e-07,9.444580086892529e-07,5.16143798812152e-07,5.856600024944925e-07
main,ZDT1,30,2,1,193,193,193,193,3.8458251871986704e-07,9.444580086892529e-07,5.16143798812152e-07,5.856600024944925e-07
main,ZDT1,30,2,1,194,194,194,194,3.8632202148392025e-07,9.444580086892529e-07,5.16143798812152e-07,5.856600024944925e-07
main,ZDT1,30,2,1,195,195,195,195,3.8458251871986704e-07,9.444580086892529e-07,5.16143798812152e-07,5.856600024944925e-07
main,ZDT1,30,2,1,196,196,196,196,3.8632202148392025e-07,9.444580086892529e-07,5.16143798812152e-07,5.856600024944925e-07
main,ZDT1,30,2,1,197,197,197,197,3.8806152424797347e-07,9.444580086892529e-07,5.16143798812152e-07,5.856600024944925e-07
main,ZDT1,30,2,1,198,198,198,198,3.8632202148392025e-07,9.444580086892529e-07,5.16143798812152e-07,5.856600024944925e-07
main,ZDT1,30,2,1,199,199,199,199,3.8806152424797347e-07,9.444580086892529e-07,5.16143798812152e-07,5.856600024944925e-07
main,ZDT1,30,2,1,200,200,200,200,3.941345214641956e-07,9.444580086892529e-07,5.16143798812152e-07,5.856600024944925e-07
main,ZDT1,30,2,1,201,201,201,201,4.002075186804177e-07,9.444580086892529e-07,5.16143798812152e-07,5.856600024944925e-07
main,ZDT1,30,2,1,202,202,202,202,4.0075683571672016e-07,9.444580086892529e-07,5.16143798812152e-07,5.856600024944925e-07
main,ZDT1,30,2,1,203,203,203,203,4.013061527530226e-07,9.444580086892529e-07,5.16143798812152e-07,5.856600024944925e-07
main,ZDT1,30,2,1,204,204,204,204,4.0075683571672016e-07,9.444580086892529e-07,5.16143798812152e-07,5.856600024944925e-07
main,ZDT1,30,2,1,205,205,205,205,4.013061527530226e-07,9.444580086892529e-07,5.16143798812152e-07,5.856600024944925e-07
main,ZDT1,30,2,1,206,206,206,206,4.036291243684348e-07,9.444580086892529e-07,5.16143798812152e-07,5.856600024944925e-07
main,ZDT1,30,2,1,207,207,207,207,4.0199565887535926e-07,9.444580086892529e-07,5.16143798812152e-07,5.856600024944925e-07
main,ZDT1,30,2,1,208,208,208,208,4.0165090581419094e-07,9.444580086892529e-07,5.16143798812152e-07,5.856600024944925e-07
main,ZDT1,30,2,1,209,209,209,209,4.0199565887535926e-07,9.444580086892529e-07,5.16143798812152e-07,5.856600024944925e-07
main,ZDT1,30,2,1,210,210,210,210,4.039738774296031e-07,9.444580086892529e-07,5.16143798812152e-07,5.856600024944925e-07
main,ZDT1,30,2,1,211,211,211,211,4.0595209598384696e-07,9.444580086892529e-07,5.16143798812152e-07,5.856600024944925e-07
main,ZDT1,30,2,1,212,212,212,212,4.039738774296031e-07,9.444580086892529e-07,5.16143798812152e-07,5.856600024944925e-07
main,ZDT1,30,2,1,213,213,213,213,4.0199565887535926e-07,9.444580086892529e-07,5.16143798812152e-07,5.856600024944925e-07
main,ZDT1,30,2,1,214,214,214,214,4.0165090581419094e-07,9.444580086892529e-07,5.16143798812152e-07,5.856600024944925e-07
main,ZDT1,30,2,1,215,215,215,215,4.013061527530226e-07,9.444580086892529e-07,5.16143798812152e-07,5.856600024944925e-07
main,ZDT1,30,2,1,216,216,216,216,4.0165090581419094e-07,9.444580086892529e-07,5.16143798812152e-07,5.856600024944925e-07
main,ZDT1,30,2,1,217,217,217,217,4.013061527530226e-07,9.444580086892529e-07,5.16143798812152e-07,5.856600024944925e-07
main,ZDT1,30,2,1,218,218,218,218,4.0075683571672016e-07,9.444580086892529e-07,5.16143798812152e-07,5.856600024944925e-07
main,ZDT1,30,2,1,219,219,219,219,4.013061527530226e-07,9.444580086892529e-07,5.16143798812152e-07,5.856600024944925e-07
main,ZDT1,30,2,1,220,220,220,220,4.0075683571672016e-07,9.444580086892529e-07,5.16143798812152e-07,5.856600024944925e-07
main,ZDT1,30,2,1,221,221,221,221,4.013061527530226e-07,9.444580086892529e-07,5.16143798812152e-07,5.856600024944925e-07
main,ZDT1,30,2,1,222,222,222,222,4.0165090581419094e-07,9.444580086892529e-07,5.16143798812152e-07,5.856600024944925e-07
main,ZDT1,30,2,1,223,223,223,223,4.013061527530226e-07,9.444580086892529e-07,5.16143798812152e-07,5.856600024944925e-07
main,ZDT1,30,2,1,224,224,224,224,4.0075683571672016e-07,9.444580086892529e-07,5.16143798812152e-07,5.856600024944925e-07
main,ZDT1,30,2,1,225,225,225,225,4.013061527530226e-07,9.444580086892529e-07,5.16143798812152e-07,5.856600024944925e-07
main,ZDT1,30,2,1,226,226,226,226,4.0165090581419094e-07,9.444580086892529e-07,5.16143798812152e-07,5.856600024944925e-07
main,ZDT1,30,2,1,227,227,227,227,4.013061527530226e-07,9.444580086892529e-07,5.16143798812152e-07,5.856600024944925e-07
main,ZDT1,30,2,1,228,228,228,228,4.0075683571672016e-07,9.444580086892529e-07,5.16143798812152e-07,5.856600024944925e-07
main,ZDT1,30,2,1,229,229,229,229,4.013061527530226e-07,9.444580086892529e-07,5.16143798812152e-07,5.856600024944925e-07
main,ZDT1,30,2,1,230,230,230,230,4.0165090581419094e-07,9.444580086892529e-07,5.16143798812152e-07,5.856600024944925e-07
main,ZDT1,30,2,1,231,231,231,231,4.0199565887535926e-07,9.444580086892529e-07,5.16143798812152e-07,5.856600024944925e-07
main,ZDT1,30,2,1,232,232,232,232,4.039738774296031e-07,9.444580086892529e-07,5.16143798812152e-07,5.856600024944925e-07
main,ZDT1,30,2,1,233,233,233,233,4.0595209598384696e-07,9.444580086892529e-07,5.16143798812152e-07,5.856600024944925e-07
main,ZDT1,30,2,1,234,234,234,234,4.063757059972334e-07,9.444580086892529e-07,5.16143798812152e-07,5.856600024944925e-07
main,ZDT1,30,2,1,235,235,235,235,4.0595209598384696e-07,9.444580086892529e-07,5.16143798812152e-07,5.856600024944925e-07
main,ZDT1,30,2,1,236,236,236,236,4.039738774296031e-07,9.444580086892529e-07,5.16143798812152e-07,5.856600024944925e-07
main,ZDT1,30,2,1,237,237,237,237,4.0199565887535926e-07,9.444580086892529e-07,5.16143798812152e-07,5.856600024944925e-07
main,ZDT1,30,2,1,238,238,238,238,4.039738774296031e-07,9.444580086892529e-07,5.16143798812152e-07,5.856600024944925e-07
main,ZDT1,30,2,1,239,239,239,239,4.0595209598384696e-07,9.444580086892529e-07,5.16143798812152e-07,5.856600024944925e-07
main,ZDT1,30,2,1,240,240,240,240,4.039738774296031e-07,9.444580086892529e-07,5.16143798812152e-07,5.856600024944925e-07
main,ZDT1,30,2,1,241,241,241,241,4.0199565887535926e-07,9.444580086892529e-07,5.16143798812152e-07,5.856600024944925e-07
main,ZDT1,30,2,1,242,242,242,242,4.0198659906516554e-07,9.444580086892529e-07,5.16143798812152e-07,5.856600024944925e-07
main,ZDT1,30,2,1,243,243,243,243,4.019775392549718e-07,9.444580086892529e-07,5.16143798812152e-07,5.856600024944925e-07
main,ZDT1,30,2,1,244,244,244,244,4.016418460039972e-07,9.444580086892529e-07,5.16143798812152e-07,5.856600024944925e-07
main,ZDT1,30,2,1,245,245,245,245,4.019775392549718e-07,9.444580086892529e-07,5.16143798812152e-07,5.856600024944925e-07
main,ZDT1,30,2,1,246,246,246,246,4.0198659906516554e-07,9.444580086892529e-07,5.16143798812152e-07,5.856600024944925e-07
main,ZDT1,30,2,1,247,247,247,247,4.0199565887535926e-07,9.444580086892529e-07,5.16143798812152e-07,5.856600024944925e-07
main,ZDT1,30,2,1,248,248,248,248,4.0198659906516554e-07,9.444580086892529e-07,5.16143798812152e-07,5.856600024944925e-07
main,ZDT1,30,2,1,249,249,249,249,4.019775392549718e-07,9.444580086892529e-07,5.16143798812152e-07,5.856600024944925e-07
main,ZDT1,30,2,1,250,250,250,250,4.016418460039972e-07,9.444580086892529e-07,5.16143798812152e-07,5.856600024944925e-07
main,ZDT1,30,2,1,251,251,251,251,4.019775392549718e-07,9.444580086892529e-07,5.16143798812152e-07,5.856600024944925e-07
main,ZDT1,30,2,1,252,252,252,252,4.0198659906516554e-07,9.444580086892529e-07,5.16143798812152e-07,5.856600024944925e-07
main,ZDT1,30,2,1,253,253,253,253,4.019775392549718e-07,9.444580086892529e-07,5.16143798812152e-07,5.856600024944925e-07
main,ZDT1,30,2,1,254,254,254,254,4.016418460039972e-07,9.444580086892529e-07,5.16143798812152e-07,5.856600024944925e-07
main,ZDT1,30,2,1,255,255,255,255,4.013061527530226e-07,9.444580086892529e-07,5.16143798812152e-07,5.856600024944925e-07
main,ZDT1,30,2,1,256,256,256,256,4.016418460039972e-07,9.444580086892529e-07,5.16143798812152e-07,5.856600024944925e-07
main,ZDT1,30,2,1,257,257,257,257,4.013061527530226e-07,9.444580086892529e-07,5.16143798812152e-07,5.856600024944925e-07
main,ZDT1,30,2,1,258,258,258,258,4.016418460039972e-07,9.444580086892529e-07,5.16143798812152e-07,5.856600024944925e-07
main,ZDT1,30,2,1,259,259,259,259,4.019775392549718e-07,9.444580086892529e-07,5.16143798812152e-07,5.856600024944925e-07
main,ZDT1,30,2,1,260,260,260,260,4.0198659906516554e-07,9.444580086892529e-07,5.16143798812152e-07,5.856600024944925e-07
main,ZDT1,30,2,1,261,261,261,261,4.0199565887535926e-07,9.444580086892529e-07,5.16143798812152e-07,5.856600024944925e-07
main,ZDT1,30,2,1,262,262,262,262,4.039738774296031e-07,9.444580086892529e-07,5.16143798812152e-07,5.856600024944925e-07
main,ZDT1,30,2,1,263,263,263,263,4.0595209598384696e-07,9.444580086892529e-07,5.16143798812152e-07,5.856600024944925e-07
main,ZDT1,30,2,1,264,264,264,264,4.063757059972334e-07,9.444580086892529e-07,5.16143798812152e-07,5.856600024944925e-07
main,ZDT1,30,2,1,265,265,265,265,4.067993160106198e-07,9.444580086892529e-07,5.16143798812152e-07,5.856600024944925e-07
main,ZDT1,30,2,1,266,266,266,266,4.0684509272637115e-07,9.444580086892529e-07,5.16143798812152e-07,5.856600024944925e-07
main,ZDT1,30,2,1,267,267,267,267,4.067993160106198e-07,9.444580086892529e-07,5.16143798812152e-07,5.856600024944925e-07
main,ZDT1,30,2,1,268,268,268,268,4.063757059972334e-07,9.444580086892529e-07,5.16143798812152e-07,5.856600024944925e-07
main,ZDT1,30,2,1,269,269,269,269,4.067993160106198e-07,9.444580086892529e-07,5.16143798812152e-07,5.856600024944925e-07
main,ZDT1,30,2,1,270,270,270,270,4.0684509272637115e-07,9.444580086892529e-07,5.16143798812152e-07,5.856600024944925e-07
main,ZDT1,30,2,1,271,271,271,271,4.068908694421225e-07,9.444580086892529e-07,5.16143798812152e-07,5.856600024944925e-07
main,ZDT1,30,2,1,272,272,272,272,4.0718078597734575e-07,9.444580086892529e-07,5.16143798812152e-07,5.856600024944925e-07
main,ZDT1,30,2,1,273,273,273,273,4.068908694421225e-07,9.444580086892529e-07,5.16143798812152e-07,5.856600024944925e-07
main,ZDT1,30,2,1,274,274,274,274,4.0684509272637115e-07,9.444580086892529e-07,5.16143798812152e-07,5.856600024944925e-07
main,ZDT1,30,2,1,275,275,275,275,4.067993160106198e-07,9.444580086892529e-07,5.16143798812152e-07,5.856600024944925e-07
main,ZDT1,30,2,1,276,276,276,276,4.063757059972334e-07,9.444580086892529e-07,5.16143798812152e-07,5.856600024944925e-07
main,ZDT1,30,2,1,277,277,277,277,4.067993160106198e-07,9.444580086892529e-07,5.16143798812152e-07,5.856600024944925e-07
main,ZDT1,30,2,1,278,278,278,278,4.063757059972334e-07,9.444580086892529e-07,5.16143798812152e-07,5.856600024944925e-07
main,ZDT1,30,2,1,279,279,279,279,4.067993160106198e-07,9.444580086892529e-07,5.16143798812152e-07,5.856600024944925e-07
main,ZDT1,30,2,1,280,280,280,280,4.0684509272637115e-07,9.444580086892529e-07,5.16143798812152e-07,5.856600024944925e-07
main,ZDT1,30,2,1,281,281,281,281,4.068908694421225e-07,9.444580086892529e-07,5.16143798812152e-07,5.856600024944925e-07
main,ZDT1,30,2,1,282,282,282,282,4.0684509272637115e-07,9.444580086892529e-07,5.16143798812152e-07,5.856600024944925e-07
main,ZDT1,30,2,1,283,283,283,283,4.068908694421225e-07,9.444580086892529e-07,5.16143798812152e-07,5.856600024944925e-07
main,ZDT1,30,2,1,284,284,284,284,4.0718078597734575e-07,9.444580086892529e-07,5.16143798812152e-07,5.856600024944925e-07
main,ZDT1,30,2,1,285,285,285,285,4.07470702512569e-07,9.444580086892529e-07,5.16143798812152e-07,5.856600024944925e-07
main,ZDT1,30,2,1,286,286,286,286,4.0718078597734575e-07,9.444580086892529e-07,5.16143798812152e-07,5.856600024944925e-07
main,ZDT1,30,2,1,287,287,287,287,4.068908694421225e-07,9.444580086892529e-07,5.16143798812152e-07,5.856600024944925e-07
main,ZDT1,30,2,1,288,288,288,288,4.0684509272637115e-07,9.444580086892529e-07,5.16143798812152e-07,5.856600024944925e-07
main,ZDT1,30,2,1,289,289,289,289,4.068908694421225e-07,9.444580086892529e-07,5.16143798812152e-07,5.856600024944925e-07
main,ZDT1,30,2,1,290,290,290,290,4.0684509272637115e-07,9.444580086892529e-07,5.16143798812152e-07,5.856600024944925e-07
main,ZDT1,30,2,1,291,291,291,291,4.068908694421225e-07,9.444580086892529e-07,5.16143798812152e-07,5.856600024944925e-07
main,ZDT1,30,2,1,292,292,292,292,4.0718078597734575e-07,9.444580086892529e-07,5.16143798812152e-07,5.856600024944925e-07
main,ZDT1,30,2,1,293,293,293,293,4.068908694421225e-07,9.444580086892529e-07,5.16143798812152e-07,5.856600024944925e-07
main,ZDT1,30,2,1,294,294,294,294,4.0684509272637115e-07,9.444580086892529e-07,5.16143798812152e-07,5.856600024944925e-07
main,ZDT1,30,2,1,295,295,295,295,4.067993160106198e-07,9.444580086892529e-07,5.16143798812152e-07,5.856600024944925e-07
main,ZDT1,30,2,1,296,296,296,296,4.0671539291992076e-07,9.444580086892529e-07,5.16143798812152e-07,5.856600024944925e-07
main,ZDT1,30,2,1,297,297,297,297,4.067993160106198e-07,9.444580086892529e-07,5.16143798812152e-07,5.856600024944925e-07
main,ZDT1,30,2,1,298,298,298,298,4.0671539291992076e-07,9.444580086892529e-07,5.16143798812152e-07,5.856600024944925e-07
main,ZDT1,30,2,1,299,299,299,299,4.066314698292217e-07,9.444580086892529e-07,5.16143798812152e-07,5.856600024944925e-07
main,ZDT1,30,2,1,300,300,300,300,4.0629178290653434e-07,9.444580086892529e-07,5.16143798812152e-07,5.856600024944925e-07
main,ZDT1,30,2,1,301,301,301,301,4.0595209598384696e-07,9.444580086892529e-07,5.16143798812152e-07,5.856600024944925e-07
main,ZDT1,30,2,1,302,302,302,302,4.039738774296031e-07,9.444580086892529e-07,5.16143798812152e-07,5.856600024944925e-07
main,ZDT1,30,2,1,303,303,303,303,4.0199565887535926e-07,9.444580086892529e-07,5.16143798812152e-07,5.856600024944925e-07
main,ZDT1,30,2,1,304,304,304,304,4.039738774296031e-07,9.444580086892529e-07,5.16143798812152e-07,5.856600024944925e-07
main,ZDT1,30,2,1,305,305,305,305,4.0595209598384696e-07,9.444580086892529e-07,5.16143798812152e-07,5.856600024944925e-07
main,ZDT1,30,2,1,306,306,306,306,4.0629178290653434e-07,9.444580086892529e-07,5.16143798812152e-07,5.856600024944925e-07
main,ZDT1,30,2,1,307,307,307,307,4.0595209598384696e-07,9.444580086892529e-07,5.16143798812152e-07,5.856600024944925e-07
main,ZDT1,30,2,1,308,308,308,308,4.039738774296031e-07,9.444580086892529e-07,5.16143798812152e-07,5.856600024944925e-07
main,ZDT1,30,2,1,309,309,309,309,4.0199565887535926e-07,9.444580086892529e-07,5.16143798812152e-07,5.856600024944925e-07
main,ZDT1,30,2,1,310,310,310,310,4.0198659906516554e-07,9.444580086892529e-07,5.16143798812152e-07,5.856600024944925e-07
main,ZDT1,30,2,1,311,311,311,311,4.019775392549718e-07,9.444580086892529e-07,5.16143798812152e-07,5.856600024944925e-07
main,ZDT1,30,2,1,312,312,312,312,4.016418460039972e-07,9.444580086892529e-07,5.16143798812152e-07,5.856600024944925e-07
main,ZDT1,30,2,1,313,313,313,313,4.013061527530226e-07,9.444580086892529e-07,5.16143798812152e-07,5.856600024944925e-07
main,ZDT1,30,2,1,314,314,314,314,4.0075683571672016e-07,9.444580086892529e-07,5.16143798812152e-07,5.856600024944925e-07
main,ZDT1,30,2,1,315,315,315,315,4.002075186804177e-07,9.444580086892529e-07,5.16143798812152e-07,5.856600024944925e-07
main,ZDT1,30,2,1,316,316,316,316,4.0075683571672016e-07,9.444580086892529e-07,5.16143798812152e-07,5.856600024944925e-07
main,ZDT1,30,2,1,317,317,317,317,4.013061527530226e-07,9.444580086892529e-07,5.16143798812152e-07,5.856600024944925e-07
main,ZDT1,30,2,1,318,318,318,318,4.016418460039972e-07,9.444580086892529e-07,5.16143798812152e-07,5.856600024944925e-07
main,ZDT1,30,2,1,319,319,319,319,4.013061527530226e-07,9.444580086892529e-07,5.16143798812152e-07,5.856600024944925e-07
main,ZDT1,30,2,1,320,320,320,320,4.0075683571672016e-07,9.444580086892529e-07,5.16143798812152e-07,5.856600024944925e-07
main,ZDT1,30,2,1,321,321,321,321,4.002075186804177e-07,9.444580086892529e-07,5.16143798812152e-07,5.856600024944925e-07
main,ZDT1,30,2,1,322,322,322,322,4.0075683571672016e-07,9.444580086892529e-07,5.16143798812152e-07,5.856600024944925e-07
main,ZDT1,30,2,1,323,323,323,323,4.013061527530226e-07,9.444580086892529e-07,5.16143798812152e-07,5.856600024944925e-07
main,ZDT1,30,2,1,324,324,324,324,4.0075683571672016e-07,9.444580086892529e-07,5.16143798812152e-07,5.856600024944925e-07
main,ZDT1,30,2,1,325,325,325,325,4.002075186804177e-07,9.444580086892529e-07,5.16143798812152e-07,5.856600024944925e-07
main,ZDT1,30,2,1,326,326,326,326,3.9856338457378016e-07,9.444580086892529e-07,5.16143798812152e-07,5.856600024944925e-07
main,ZDT1,30,2,1,327,327,327,327,4.002075186804177e-07,9.444580086892529e-07,5.16143798812152e-07,5.856600024944925e-07
main,ZDT1,30,2,1,328,328,328,328,3.9856338457378016e-07,9.444580086892529e-07,5.16143798812152e-07,5.856600024944925e-07
main,ZDT1,30,2,1,329,329,329,329,3.969192504671426e-07,9.444580086892529e-07,5.16143798812152e-07,5.856600024944925e-07
main,ZDT1,30,2,1,330,330,330,330,3.945778310192761e-07,9.444580086892529e-07,5.16143798812152e-07,5.856600024944925e-07
main,ZDT1,30,2,1,331,331,331,331,3.9223641157140957e-07,9.444580086892529e-07,5.16143798812152e-07,5.856600024944925e-07
main,ZDT1,30,2,1,332,332,332,332,3.916824758969529e-07,9.444580086892529e-07,5.16143798812152e-07,5.856600024944925e-07
main,ZDT1,30,2,1,333,333,333,333,3.9223641157140957e-07,9.444580086892529e-07,5.16143798812152e-07,5.856600024944925e-07
main,ZDT1,30,2,1,334,334,334,334,3.916824758969529e-07,9.444580086892529e-07,5.16143798812152e-07,5.856600024944925e-07
main,ZDT1,30,2,1,335,335,335,335,3.911285402224962e-07,9.444580086892529e-07,5.16143798812152e-07,5.856600024944925e-07
main,ZDT1,30,2,1,336,336,336,336,3.916824758969529e-07,9.444580086892529e-07,5.16143798812152e-07,5.856600024944925e-07
main,ZDT1,30,2,1,337,337,337,337,3.911285402224962e-07,9.444580086892529e-07,5.16143798812152e-07,5.856600024944925e-07
main,ZDT1,30,2,1,338,338,338,338,3.916824758969529e-07,9.444580086892529e-07,5.16143798812152e-07,5.856600024944925e-07
main,ZDT1,30,2,1,339,339,339,339,3.911285402224962e-07,9.444580086892529e-07,5.16143798812152e-07,5.856600024944925e-07
main,ZDT1,30,2,1,340,340,340,340,3.8959503223523484e-07,9.444580086892529e-07,5.16143798812152e-07,5.856600024944925e-07
main,ZDT1,30,2,1,341,341,341,341,3.8806152424797347e-07,9.444580086892529e-07,5.16143798812152e-07,5.856600024944925e-07
main,ZDT1,30,2,1,342,342,342,342,3.8726043749548467e-07,9.444580086892529e-07,5.16143798812152e-07,5.856600024944925e-07
main,ZDT1,30,2,1,343,343,343,343,3.8806152424797347e-07,9.444580086892529e-07,5.16143798812152e-07,5.856600024944925e-07
main,ZDT1,30,2,1,344,344,344,344,3.8959503223523484e-07,9.444580086892529e-07,5.16143798812152e-07,5.856600024944925e-07
main,ZDT1,30,2,1,345,345,345,345,3.8806152424797347e-07,9.444580086892529e-07,5.16143798812152e-07,5.856600024944925e-07
main,ZDT1,30,2,1,346,346,346,346,3.8959503223523484e-07,9.444580086892529e-07,5.16143798812152e-07,5.856600024944925e-07
main,ZDT1,30,2,1,347,347,347,347,3.8806152424797347e-07,9.444580086892529e-07,5.16143798812152e-07,5.856600024944925e-07
main,ZDT1,30,2,1,348,348,348,348,3.8959503223523484e-07,9.444580086892529e-07,5.16143798812152e-07,5.856600024944925e-07
main,ZDT1,30,2,1,349,349,349,349,3.911285402224962e-07,9.444580086892529e-07,5.16143798812152e-07,5.856600024944925e-07
main,ZDT1,30,2,1,350,350,350,350,3.8959503223523484e-07,9.444580086892529e-07,5.16143798812152e-07,5.856600024944925e-07
main,ZDT1,30,2,1,351,351,351,351,3.911285402224962e-07,9.444580086892529e-07,5.16143798812152e-07,5.856600024944925e-07
main,ZDT1,30,2,1,352,352,352,352,3.8959503223523484e-07,9.444580086892529e-07,5.16143798812152e-07,5.856600024944925e-07
main,ZDT1,30,2,1,353,353,353,353,3.911285402224962e-07,9.444580086892529e-07,5.16143798812152e-07,5.856600024944925e-07
main,ZDT1,30,2,1,354,354,354,354,3.916824758969529e-07,9.444580086892529e-07,5.16143798812152e-07,5.856600024944925e-07
main,ZDT1,30,2,1,355,355,355,355,3.9223641157140957e-07,9.444580086892529e-07,5.16143798812152e-07,5.856600024944925e-07
main,ZDT1,30,2,1,356,356,356,356,3.945778310192761e-07,9.444580086892529e-07,5.16143798812152e-07,5.856600024944925e-07
main,ZDT1,30,2,1,357,357,357,357,3.9223641157140957e-07,9.444580086892529e-07,5.16143798812152e-07,5.856600024944925e-07
main,ZDT1,30,2,1,358,358,358,358,3.916824758969529e-07,9.444580086892529e-07,5.16143798812152e-07,5.856600024944925e-07
main,ZDT1,30,2,1,359,359,359,359,3.911285402224962e-07,9.444580086892529e-07,5.16143798812152e-07,5.856600024944925e-07
main,ZDT1,30,2,1,360,360,360,360,3.916824758969529e-07,9.444580086892529e-07,5.16143798812152e-07,5.856600024944925e-07
main,ZDT1,30,2,1,361,361,361,361,3.911285402224962e-07,9.444580086892529e-07,5.16143798812152e-07,5.856600024944925e-07
main,ZDT1,30,2,1,362,362,362,362,3.916824758969529e-07,9.444580086892529e-07,5.16143798812152e-07,5.856600024944925e-07
main,ZDT1,30,2,1,363,363,363,363,3.911285402224962e-07,9.444580086892529e-07,5.16143798812152e-07,5.856600024944925e-07
main,ZDT1,30,2,1,364,364,364,364,3.8959503223523484e-07,9.444580086892529e-07,5.16143798812152e-07,5.856600024944925e-07
main,ZDT1,30,2,1,365,365,365,365,3.911285402224962e-07,9.444580086892529e-07,5.16143798812152e-07,5.856600024944925e-07
main,ZDT1,30,2,1,366,366,366,366,3.916824758969529e-07,9.444580086892529e-07,5.16143798812152e-07,5.856600024944925e-07
main,ZDT1,30,2,1,367,367,367,367,3.911285402224962e-07,9.444580086892529e-07,5.16143798812152e-07,5.856600024944925e-07
main,ZDT1,30,2,1,368,368,368,368,3.916824758969529e-07,9.444580086892529e-07,5.16143798812152e-07,5.856600024944925e-07
main,ZDT1,30,2,1,369,369,369,369,3.911285402224962e-07,9.444580086892529e-07,5.16143798812152e-07,5.856600024944925e-07
main,ZDT1,30,2,1,370,370,370,370,3.916824758969529e-07,9.444580086892529e-07,5.16143798812152e-07,5.856600024944925e-07
main,ZDT1,30,2,1,371,371,371,371,3.9223641157140957e-07,9.444580086892529e-07,5.16143798812152e-07,5.856600024944925e-07
main,ZDT1,30,2,1,372,372,372,372,3.916824758969529e-07,9.444580086892529e-07,5.16143798812152e-07,5.856600024944925e-07
main,ZDT1,30,2,1,373,373,373,373,3.9223641157140957e-07,9.444580086892529e-07,5.16143798812152e-07,5.856600024944925e-07
main,ZDT1,30,2,1,374,374,374,374,3.945778310192761e-07,9.444580086892529e-07,5.16143798812152e-07,5.856600024944925e-07
main,ZDT1,30,2,1,375,375,375,375,3.969192504671426e-07,9.444580086892529e-07,5.16143798812152e-07,5.856600024944925e-07
main,ZDT1,30,2,1,376,376,376,376,3.981056209689804e-07,9.444580086892529e-07,5.16143798812152e-07,5.856600024944925e-07
main,ZDT1,30,2,1,377,377,377,377,3.969192504671426e-07,9.444580086892529e-07,5.16143798812152e-07,5.856600024944925e-07
main,ZDT1,30,2,1,378,378,378,378,3.945778310192761e-07,9.444580086892529e-07,5.16143798812152e-07,5.856600024944925e-07
main,ZDT1,30,2,1,379,379,379,379,3.969192504671426e-07,9.444580086892529e-07,5.16143798812152e-07,5.856600024944925e-07
main,ZDT1,30,2,1,380,380,380,380,3.945778310192761e-07,9.444580086892529e-07,5.16143798812152e-07,5.856600024944925e-07
main,ZDT1,30,2,1,381,381,381,381,3.9223641157140957e-07,9.444580086892529e-07,5.16143798812152e-07,5.856600024944925e-07
main,ZDT1,30,2,1,382,382,382,382,3.916824758969529e-07,9.444580086892529e-07,5.16143798812152e-07,5.856600024944925e-07
main,ZDT1,30,2,1,383,383,383,383,3.911285402224962e-07,9.444580086892529e-07,5.16143798812152e-07,5.856600024944925e-07
main,ZDT1,30,2,1,384,384,384,384,3.911209103257818e-07,9.444580086892529e-07,5.16143798812152e-07,5.856600024944925e-07
main,ZDT1,30,2,1,385,385,385,385,3.9111328042906734e-07,9.444580086892529e-07,5.16143798812152e-07,5.856600024944925e-07
main,ZDT1,30,2,1,386,386,386,386,3.911209103257818e-07,9.444580086892529e-07,5.16143798812152e-07,5.856600024944925e-07
main,ZDT1,30,2,1,387,387,387,387,3.9111328042906734e-07,9.444580086892529e-07,5.16143798812152e-07,5.856600024944925e-07
main,ZDT1,30,2,1,388,388,388,388,3.895874023385204e-07,9.444580086892529e-07,5.16143798812152e-07,5.856600024944925e-07
main,ZDT1,30,2,1,389,389,389,389,3.8806152424797347e-07,9.444580086892529e-07,5.16143798812152e-07,5.856600024944925e-07
main,ZDT1,30,2,1,390,390,390,390,3.895874023385204e-07,9.444580086892529e-07,5.16143798812152e-07,5.856600024944925e-07
main,ZDT1,30,2,1,391,391,391,391,3.9111328042906734e-07,9.444580086892529e-07,5.16143798812152e-07,5.856600024944925e-07
main,ZDT1,30,2,1,392,392,392,392,3.895874023385204e-07,9.444580086892529e-07,5.16143798812152e-07,5.856600024944925e-07
main,ZDT1,30,2,1,393,393,393,393,3.9111328042906734e-07,9.444580086892529e-07,5.16143798812152e-07,5.856600024944925e-07
main,ZDT1,30,2,1,394,394,394,394,3.911209103257818e-07,9.444580086892529e-07,5.16143798812152e-07,5.856600024944925e-07
main,ZDT1,30,2,1,395,395,395,395,3.911285402224962e-07,9.444580086892529e-07,5.16143798812152e-07,5.856600024944925e-07
main,ZDT1,30,2,1,396,396,396,396,3.911209103257818e-07,9.444580086892529e-07,5.16143798812152e-07,5.856600024944925e-07
main,ZDT1,30,2,1,397,397,397,397,3.9111328042906734e-07,9.444580086892529e-07,5.16143798812152e-07,5.856600024944925e-07
main,ZDT1,30,2,1,398,398,398,398,3.911209103257818e-07,9.444580086892529e-07,5.16143798812152e-07,5.856600024944925e-07
main,ZDT1,30,2,1,399,399,399,399,3.9111328042906734e-07,9.444580086892529e-07,5.16143798812152e-07,5.856600024944925e-07
main,ZDT1,30,2,1,400,400,400,400,3.911209103257818e-07,9.444580086892529e-07,5.16143798812152e-07,5.856600024944925e-07
main,ZDT1,30,2,1,401,401,401,401,3.9111328042906734e-07,9.444580086892529e-07,5.16143798812152e-07,5.856600024944925e-07
main,ZDT1,30,2,1,402,402,402,402,3.895874023385204e-07,9.444580086892529e-07,5.16143798812152e-07,5.856600024944925e-07
main,ZDT1,30,2,1,403,403,403,403,3.9111328042906734e-07,9.444580086892529e-07,5.16143798812152e-07,5.856600024944925e-07
main,ZDT1,30,2,1,404,404,404,404,3.895874023385204e-07,9.444580086892529e-07,5.16143798812152e-07,5.856600024944925e-07
main,ZDT1,30,2,1,405,405,405,405,3.8806152424797347e-07,9.444580086892529e-07,5.16143798812152e-07,5.856600024944925e-07
main,ZDT1,30,2,1,406,406,406,406,3.879699708164708e-07,9.444580086892529e-07,5.16143798812152e-07,5.856600024944925e-07
main,ZDT1,30,2,1,407,407,407,407,3.878784173849681e-07,9.444580086892529e-07,5.16143798812152e-07,5.856600024944925e-07
main,ZDT1,30,2,1,408,408,408,408,3.87168884063982e-07,9.444580086892529e-07,5.16143798812152e-07,5.856600024944925e-07
main,ZDT1,30,2,1,409,409,409,409,3.878784173849681e-07,9.444580086892529e-07,5.16143798812152e-07,5.856600024944925e-07
main,ZDT1,30,2,1,410,410,410,410,3.87168884063982e-07,9.444580086892529e-07,5.16143798812152e-07,5.856600024944925e-07
main,ZDT1,30,2,1,411,411,411,411,3.8645935074299587e-07,9.444580086892529e-07,5.16143798812152e-07,5.856600024944925e-07
main,ZDT1,30,2,1,412,412,412,412,3.87168884063982e-07,9.444580086892529e-07,5.16143798812152e-07,5.856600024944925e-07
main,ZDT1,30,2,1,413,413,413,413,3.878784173849681e-07,9.444580086892529e-07,5.16143798812152e-07,5.856600024944925e-07
main,ZDT1,30,2,1,414,414,414,414,3.879699708164708e-07,9.444580086892529e-07,5.16143798812152e-07,5.856600024944925e-07
main,ZDT1,30,2,1,415,415,415,415,3.8806152424797347e-07,9.444580086892529e-07,5.16143798812152e-07,5.856600024944925e-07
main,ZDT1,30,2,1,416,416,416,416,3.879699708164708e-07,9.444580086892529e-07,5.16143798812152e-07,5.856600024944925e-07
main,ZDT1,30,2,1,417,417,417,417,3.878784173849681e-07,9.444580086892529e-07,5.16143798812152e-07,5.856600024944925e-07
main,ZDT1,30,2,1,418,418,418,418,3.879699708164708e-07,9.444580086892529e-07,5.16143798812152e-07,5.856600024944925e-07
main,ZDT1,30,2,1,419,419,419,419,3.878784173849681e-07,9.444580086892529e-07,5.16143798812152e-07,5.856600024944925e-07
main,ZDT1,30,2,1,420,420,420,420,3.879699708164708e-07,9.444580086892529e-07,5.16143798812152e-07,5.856600024944925e-07
main,ZDT1,30,2,1,421,421,421,421,3.8806152424797347e-07,9.444580086892529e-07,5.16143798812152e-07,5.856600024944925e-07
main,ZDT1,30,2,1,422,422,422,422,3.879699708164708e-07,9.444580086892529e-07,5.16143798812152e-07,5.856600024944925e-07
main,ZDT1,30,2,1,423,423,423,423,3.878784173849681e-07,9.444580086892529e-07,5.16143798812152e-07,5.856600024944925e-07
main,ZDT1,30,2,1,424,424,424,424,3.87168884063982e-07,9.444580086892529e-07,5.16143798812152e-07,5.856600024944925e-07
main,ZDT1,30,2,1,425,425,425,425,3.8645935074299587e-07,9.444580086892529e-07,5.16143798812152e-07,5.856600024944925e-07
main,ZDT1,30,2,1,426,426,426,426,3.87168884063982e-07,9.444580086892529e-07,5.16143798812152e-07,5.856600024944925e-07
main,ZDT1,30,2,1,427,427,427,427,3.8645935074299587e-07,9.444580086892529e-07,5.16143798812152e-07,5.856600024944925e-07
main,ZDT1,30,2,1,428,428,428,428,3.87168884063982e-07,9.444580086892529e-07,5.16143798812152e-07,5.856600024944925e-07
main,ZDT1,30,2,1,429,429,429,429,3.8645935074299587e-07,9.444580086892529e-07,5.16143798812152e-07,5.856600024944925e-07
main,ZDT1,30,2,1,430,430,430,430,3.8552093473143145e-07,9.444580086892529e-07,5.16143798812152e-07,5.856600024944925e-07
main,ZDT1,30,2,1,431,431,431,431,3.8645935074299587e-07,9.444580086892529e-07,5.16143798812152e-07,5.856600024944925e-07
main,ZDT1,30,2,1,432,432,432,432,3.87168884063982e-07,9.444580086892529e-07,5.16143798812152e-07,5.856600024944925e-07
main,ZDT1,30,2,1,433,433,433,433,3.878784173849681e-07,9.444580086892529e-07,5.16143798812152e-07,5.856600024944925e-07
main,ZDT1,30,2,1,434,434,434,434,3.879699708164708e-07,9.444580086892529e-07,5.16143798812152e-07,5.856600024944925e-07
main,ZDT1,30,2,1,435,435,435,435,3.8806152424797347e-07,9.444580086892529e-07,5.16143798812152e-07,5.856600024944925e-07
main,ZDT1,30,2,1,436,436,436,436,3.895874023385204e-07,9.444580086892529e-07,5.16143798812152e-07,5.856600024944925e-07
main,ZDT1,30,2,1,437,437,437,437,3.9111328042906734e-07,9.444580086892529e-07,5.16143798812152e-07,5.856600024944925e-07
main,ZDT1,30,2,1,438,438,438,438,3.895874023385204e-07,9.444580086892529e-07,5.16143798812152e-07,5.856600024944925e-07
main,ZDT1,30,2,1,439,439,439,439,3.9111328042906734e-07,9.444580086892529e-07,5.16143798812152e-07,5.856600024944925e-07
main,ZDT1,30,2,1,440,440,440,440,3.911209103257818e-07,9.444580086892529e-07,5.16143798812152e-07,5.856600024944925e-07
main,ZDT1,30,2,1,441,441,441,441,3.9111328042906734e-07,9.444580086892529e-07,5.16143798812152e-07,5.856600024944925e-07
main,ZDT1,30,2,1,442,442,442,442,3.911209103257818e-07,9.444580086892529e-07,5.16143798812152e-07,5.856600024944925e-07
main,ZDT1,30,2,1,443,443,443,443,3.911285402224962e-07,9.444580086892529e-07,5.16143798812152e-07,5.856600024944925e-07
main,ZDT1,30,2,1,444,444,444,444,3.916824758969529e-07,9.444580086892529e-07,5.16143798812152e-07,5.856600024944925e-07
main,ZDT1,30,2,1,445,445,445,445,3.911285402224962e-07,9.444580086892529e-07,5.16143798812152e-07,5.856600024944925e-07
main,ZDT1,30,2,1,446,446,446,446,3.916824758969529e-07,9.444580086892529e-07,5.16143798812152e-07,5.856600024944925e-07
main,ZDT1,30,2,1,447,447,447,447,3.911285402224962e-07,9.444580086892529e-07,5.16143798812152e-07,5.856600024944925e-07
main,ZDT1,30,2,1,448,448,448,448,3.916824758969529e-07,9.444580086892529e-07,5.16143798812152e-07,5.856600024944925e-07
main,ZDT1,30,2,1,449,449,449,449,3.911285402224962e-07,9.444580086892529e-07,5.16143798812152e-07,5.856600024944925e-07
main,ZDT1,30,2,1,450,450,450,450,3.911209103257818e-07,9.444580086892529e-07,5.16143798812152e-07,5.856600024944925e-07
main,ZDT1,30,2,1,451,451,451,451,3.911285402224962e-07,9.444580086892529e-07,5.16143798812152e-07,5.856600024944925e-07
main,ZDT1,30,2,1,452,452,452,452,3.911209103257818e-07,9.444580086892529e-07,5.16143798812152e-07,5.856600024944925e-07
main,ZDT1,30,2,1,453,453,453,453,3.911285402224962e-07,9.444580086892529e-07,5.16143798812152e-07,5.856600024944925e-07
main,ZDT1,30,2,1,454,454,454,454,3.911209103257818e-07,9.444580086892529e-07,5.16143798812152e-07,5.856600024944925e-07
main,ZDT1,30,2,1,455,455,455,455,3.911285402224962e-07,9.444580086892529e-07,5.16143798812152e-07,5.856600024944925e-07
main,ZDT1,30,2,1,456,456,456,456,3.912979365311084e-07,9.444580086892529e-07,5.16143798812152e-07,5.856600024944925e-07
main,ZDT1,30,2,1,457,457,457,457,3.9146733283972057e-07,9.444580086892529e-07,5.16143798812152e-07,5.856600024944925e-07
main,ZDT1,30,2,1,458,458,458,458,3.912979365311084e-07,9.444580086892529e-07,5.16143798812152e-07,5.856600024944925e-07
main,ZDT1,30,2,1,459,459,459,459,3.9146733283972057e-07,9.444580086892529e-07,5.16143798812152e-07,5.856600024944925e-07
main,ZDT1,30,2,1,460,460,460,460,3.9185187220556507e-07,9.444580086892529e-07,5.16143798812152e-07,5.856600024944925e-07
main,ZDT1,30,2,1,461,461,461,461,3.9146733283972057e-07,9.444580086892529e-07,5.16143798812152e-07,5.856600024944925e-07
main,ZDT1,30,2,1,462,462,462,462,3.912979365311084e-07,9.444580086892529e-07,5.16143798812152e-07,5.856600024944925e-07
main,ZDT1,30,2,1,463,463,463,463,3.911285402224962e-07,9.444580086892529e-07,5.16143798812152e-07,5.856600024944925e-07
main,ZDT1,30,2,1,464,464,464,464,3.911209103257818e-07,9.444580086892529e-07,5.16143798812152e-07,5.856600024944925e-07
main,ZDT1,30,2,1,465,465,465,465,3.911285402224962e-07,9.444580086892529e-07,5.16143798812152e-07,5.856600024944925e-07
main,ZDT1,30,2,1,466,466,466,466,3.911209103257818e-07,9.444580086892529e-07,5.16143798812152e-07,5.856600024944925e-07
main,ZDT1,30,2,1,467,467,467,467,3.911285402224962e-07,9.444580086892529e-07,5.16143798812152e-07,5.856600024944925e-07
main,ZDT1,30,2,1,468,468,468,468,3.912979365311084e-07,9.444580086892529e-07,5.16143798812152e-07,5.856600024944925e-07
main,ZDT1,30,2,1,469,469,469,469,3.911285402224962e-07,9.444580086892529e-07,5.16143798812152e-07,5.856600024944925e-07
main,ZDT1,30,2,1,470,470,470,470,3.911209103257818e-07,9.444580086892529e-07,5.16143798812152e-07,5.856600024944925e-07
main,ZDT1,30,2,1,471,471,471,471,3.9111328042906734e-07,9.444580086892529e-07,5.16143798812152e-07,5.856600024944925e-07
main,ZDT1,30,2,1,472,472,472,472,3.911209103257818e-07,9.444580086892529e-07,5.16143798812152e-07,5.856600024944925e-07
main,ZDT1,30,2,1,473,473,473,473,3.9111328042906734e-07,9.444580086892529e-07,5.16143798812152e-07,5.856600024944925e-07
main,ZDT1,30,2,1,474,474,474,474,3.911209103257818e-07,9.444580086892529e-07,5.16143798812152e-07,5.856600024944925e-07
main,ZDT1,30,2,1,475,475,475,475,3.911285402224962e-07,9.444580086892529e-07,5.16143798812152e-07,5.856600024944925e-07
main,ZDT1,30,2,1,476,476,476,476,3.912979365311084e-07,9.444580086892529e-07,5.16143798812152e-07,5.856600024944925e-07
main,ZDT1,30,2,1,477,477,477,477,3.9146733283972057e-07,9.444580086892529e-07,5.16143798812152e-07,5.856600024944925e-07
main,ZDT1,30,2,1,478,478,478,478,3.9185187220556507e-07,9.444580086892529e-07,5.16143798812152e-07,5.856600024944925e-07
main,ZDT1,30,2,1,479,479,479,479,3.9223641157140957e-07,9.444580086892529e-07,5.16143798812152e-07,5.856600024944925e-07
main,ZDT1,30,2,1,480,480,480,480,3.924459964037546e-07,9.444580086892529e-07,5.16143798812152e-07,5.856600024944925e-07
main,ZDT1,30,2,1,481,481,481,481,3.926555812360996e-07,9.444580086892529e-07,5.16143798812152e-07,5.856600024944925e-07
main,ZDT1,30,2,1,482,482,482,482,3.938680734161086e-07,9.444580086892529e-07,5.16143798812152e-07,5.856600024944925e-07
main,ZDT1,30,2,1,483,483,483,483,3.926555812360996e-07,9.444580086892529e-07,5.16143798812152e-07,5.856600024944925e-07
main,ZDT1,30,2,1,484,484,484,484,3.938680734161086e-07,9.444580086892529e-07,5.16143798812152e-07,5.856600024944925e-07
main,ZDT1,30,2,1,485,485,485,485,3.950805655961176e-07,9.444580086892529e-07,5.16143798812152e-07,5.856600024944925e-07
main,ZDT1,30,2,1,486,486,486,486,3.938680734161086e-07,9.444580086892529e-07,5.16143798812152e-07,5.856600024944925e-07
main,ZDT1,30,2,1,487,487,487,487,3.926555812360996e-07,9.444580086892529e-07,5.16143798812152e-07,5.856600024944925e-07
main,ZDT1,30,2,1,488,488,488,488,3.938680734161086e-07,9.444580086892529e-07,5.16143798812152e-07,5.856600024944925e-07
main,ZDT1,30,2,1,489,489,489,489,3.950805655961176e-07,9.444580086892529e-07,5.16143798812152e-07,5.856600024944925e-07
main,ZDT1,30,2,1,490,490,490,490,3.938680734161086e-07,9.444580086892529e-07,5.16143798812152e-07,5.856600024944925e-07
main,ZDT1,30,2,1,491,491,491,491,3.926555812360996e-07,9.444580086892529e-07,5.16143798812152e-07,5.856600024944925e-07
main,ZDT1,30,2,1,492,492,492,492,3.938680734161086e-07,9.444580086892529e-07,5.16143798812152e-07,5.856600024944925e-07
main,ZDT1,30,2,1,493,493,493,493,3.950805655961176e-07,9.444580086892529e-07,5.16143798812152e-07,5.856600024944925e-07
main,ZDT1,30,2,1,494,494,494,494,3.938680734161086e-07,9.444580086892529e-07,5.16143798812152e-07,5.856600024944925e-07
main,ZDT1,30,2,1,495,495,495,495,3.926555812360996e-07,9.444580086892529e-07,5.16143798812152e-07,5.856600024944925e-07
main,ZDT1,30,2,1,496,496,496,496,3.938680734161086e-07,9.444580086892529e-07,5.16143798812152e-07,5.856600024944925e-07
main,ZDT1,30,2,1,497,497,497,497,3.926555812360996e-07,9.444580086892529e-07,5.16143798812152e-07,5.856600024944925e-07
main,ZDT1,30,2,1,498,498,498,498,3.938680734161086e-07,9.444580086892529e-07,5.16143798812152e-07,5.856600024944925e-07
main,ZDT1,30,2,1,499,499,499,499,3.950805655961176e-07,9.444580086892529e-07,5.16143798812152e-07,5.856600024944925e-07
main,ZDT1,30,2,1,500,500,500,500,3.938680734161086e-07,9.444580086892529e-07,5.16143798812152e-07,5.856600024944925e-07
main,ZDT1,30,2,1,501,501,501,501,3.926555812360996e-07,9.444580086892529e-07,5.16143798812152e-07,5.856600024944925e-07
main,ZDT1,30,2,1,502,502,502,502,3.924459964037546e-07,9.444580086892529e-07,5.16143798812152e-07,5.856600024944925e-07
main,ZDT1,30,2,1,503,503,503,503,3.9223641157140957e-07,9.444580086892529e-07,5.16143798812152e-07,5.856600024944925e-07
main,ZDT1,30,2,1,504,504,504,504,3.9185187220556507e-07,9.444580086892529e-07,5.16143798812152e-07,5.856600024944925e-07
main,ZDT1,30,2,1,505,505,505,505,3.9146733283972057e-07,9.444580086892529e-07,5.16143798812152e-07,5.856600024944925e-07
main,ZDT1,30,2,1,506,506,506,506,3.9185187220556507e-07,9.444580086892529e-07,5.16143798812152e-07,5.856600024944925e-07
main,ZDT1,30,2,1,507,507,507,507,3.9223641157140957e-07,9.444580086892529e-07,5.16143798812152e-07,5.856600024944925e-07
main,ZDT1,30,2,1,508,508,508,508,3.9185187220556507e-07,9.444580086892529e-07,5.16143798812152e-07,5.856600024944925e-07
main,ZDT1,30,2,1,509,509,509,509,3.9223641157140957e-07,9.444580086892529e-07,5.16143798812152e-07,5.856600024944925e-07
main,ZDT1,30,2,1,510,510,510,510,3.9185187220556507e-07,9.444580086892529e-07,5.16143798812152e-07,5.856600024944925e-07
main,ZDT1,30,2,1,511,511,511,511,3.9223641157140957e-07,9.444580086892529e-07,5.16143798812152e-07,5.856600024944925e-07
main,ZDT1,30,2,1,512,512,512,512,3.9185187220556507e-07,9.444580086892529e-07,5.16143798812152e-07,5.856600024944925e-07
main,ZDT1,30,2,1,513,513,513,513,3.9223641157140957e-07,9.444580086892529e-07,5.16143798812152e-07,5.856600024944925e-07
main,ZDT1,30,2,1,514,514,514,514,3.924459964037546e-07,9.444580086892529e-07,5.16143798812152e-07,5.856600024944925e-07
main,ZDT1,30,2,1,515,515,515,515,3.926555812360996e-07,9.444580086892529e-07,5.16143798812152e-07,5.856600024944925e-07
main,ZDT1,30,2,1,516,516,516,516,3.924459964037546e-07,9.444580086892529e-07,5.16143798812152e-07,5.856600024944925e-07
main,ZDT1,30,2,1,517,517,517,517,3.926555812360996e-07,9.444580086892529e-07,5.16143798812152e-07,5.856600024944925e-07
main,ZDT1,30,2,1,518,518,518,518,3.938680734161086e-07,9.444580086892529e-07,5.16143798812152e-07,5.856600024944925e-07
main,ZDT1,30,2,1,519,519,519,519,3.926555812360996e-07,9.444580086892529e-07,5.16143798812152e-07,5.856600024944925e-07
main,ZDT1,30,2,1,520,520,520,520,3.924459964037546e-07,9.444580086892529e-07,5.16143798812152e-07,5.856600024944925e-07
main,ZDT1,30,2,1,521,521,521,521,3.926555812360996e-07,9.444580086892529e-07,5.16143798812152e-07,5.856600024944925e-07
main,ZDT1,30,2,1,522,522,522,522,3.938680734161086e-07,9.444580086892529e-07,5.16143798812152e-07,5.856600024944925e-07
main,ZDT1,30,2,1,523,523,523,523,3.926555812360996e-07,9.444580086892529e-07,5.16143798812152e-07,5.856600024944925e-07
main,ZDT1,30,2,1,524,524,524,524,3.938680734161086e-07,9.444580086892529e-07,5.16143798812152e-07,5.856600024944925e-07
main,ZDT1,30,2,1,525,525,525,525,3.950805655961176e-07,9.444580086892529e-07,5.16143798812152e-07,5.856600024944925e-07
main,ZDT1,30,2,1,526,526,526,526,3.95249157738968e-07,9.444580086892529e-07,5.16143798812152e-07,5.856600024944925e-07
main,ZDT1,30,2,1,527,527,527,527,3.9541774988181844e-07,9.444580086892529e-07,5.16143798812152e-07,5.856600024944925e-07
main,ZDT1,30,2,1,528,528,528,528,3.95249157738968e-07,9.444580086892529e-07,5.16143798812152e-07,5.856600024944925e-07
main,ZDT1,30,2,1,529,529,529,529,3.9541774988181844e-07,9.444580086892529e-07,5.16143798812152e-07,5.856600024944925e-07
main,ZDT1,30,2,1,530,530,530,530,3.9616468583674597e-07,9.444580086892529e-07,5.16143798812152e-07,5.856600024944925e-07
main,ZDT1,30,2,1,531,531,531,531,3.9541774988181844e-07,9.444580086892529e-07,5.16143798812152e-07,5.856600024944925e-07
main,ZDT1,30,2,1,532,532,532,532,3.95249157738968e-07,9.444580086892529e-07,5.16143798812152e-07,5.856600024944925e-07
main,ZDT1,30,2,1,533,533,533,533,3.9541774988181844e-07,9.444580086892529e-07,5.16143798812152e-07,5.856600024944925e-07
main,ZDT1,30,2,1,534,534,534,534,3.95249157738968e-07,9.444580086892529e-07,5.16143798812152e-07,5.856600024944925e-07
main,ZDT1,30,2,1,535,535,535,535,3.9541774988181844e-07,9.444580086892529e-07,5.16143798812152e-07,5.856600024944925e-07
main,ZDT1,30,2,1,536,536,536,536,3.95249157738968e-07,9.444580086892529e-07,5.16143798812152e-07,5.856600024944925e-07
main,ZDT1,30,2,1,537,537,537,537,3.9541774988181844e-07,9.444580086892529e-07,5.16143798812152e-07,5.856600024944925e-07
main,ZDT1,30,2,1,538,538,538,538,3.9616468583674597e-07,9.444580086892529e-07,5.16143798812152e-07,5.856600024944925e-07
main,ZDT1,30,2,1,539,539,539,539,3.969116217916735e-07,9.444580086892529e-07,5.16143798812152e-07,5.856600024944925e-07
main,ZDT1,30,2,1,540,540,540,540,3.9616468583674597e-07,9.444580086892529e-07,5.16143798812152e-07,5.856600024944925e-07
main,ZDT1,30,2,1,541,541,541,541,3.969116217916735e-07,9.444580086892529e-07,5.16143798812152e-07,5.856600024944925e-07
main,ZDT1,30,2,1,542,542,542,542,3.9691543612940805e-07,9.444580086892529e-07,5.16143798812152e-07,5.856600024944925e-07
main,ZDT1,30,2,1,543,543,543,543,3.969116217916735e-07,9.444580086892529e-07,5.16143798812152e-07,5.856600024944925e-07
main,ZDT1,30,2,1,544,544,544,544,3.9616468583674597e-07,9.444580086892529e-07,5.16143798812152e-07,5.856600024944925e-07
main,ZDT1,30,2,1,545,545,545,545,3.969116217916735e-07,9.444580086892529e-07,5.16143798812152e-07,5.856600024944925e-07
main,ZDT1,30,2,1,546,546,546,546,3.9691543612940805e-07,9.444580086892529e-07,5.16143798812152e-07,5.856600024944925e-07
main,ZDT1,30,2,1,547,547,547,547,3.969116217916735e-07,9.444580086892529e-07,5.16143798812152e-07,5.856600024944925e-07
main,ZDT1,30,2,1,548,548,548,548,3.9691543612940805e-07,9.444580086892529e-07,5.16143798812152e-07,5.856600024944925e-07
main,ZDT1,30,2,1,549,549,549,549,3.969116217916735e-07,9.444580086892529e-07,5.16143798812152e-07,5.856600024944925e-07
main,ZDT1,30,2,1,550,550,550,550,3.9691543612940805e-07,9.444580086892529e-07,5.16143798812152e-07,5.856600024944925e-07
main,ZDT1,30,2,1,551,551,551,551,3.969116217916735e-07,9.444580086892529e-07,5.16143798812152e-07,5.856600024944925e-07
main,ZDT1,30,2,1,552,552,552,552,3.9616468583674597e-07,9.444580086892529e-07,5.16143798812152e-07,5.856600024944925e-07
main,ZDT1,30,2,1,553,553,553,553,3.9541774988181844e-07,9.444580086892529e-07,5.16143798812152e-07,5.856600024944925e-07
main,ZDT1,30,2,1,554,554,554,554,3.95249157738968e-07,9.444580086892529e-07,5.16143798812152e-07,5.856600024944925e-07
main,ZDT1,30,2,1,555,555,555,555,3.9541774988181844e-07,9.444580086892529e-07,5.16143798812152e-07,5.856600024944925e-07
main,ZDT1,30,2,1,556,556,556,556,3.9616468583674597e-07,9.444580086892529e-07,5.16143798812152e-07,5.856600024944925e-07
main,ZDT1,30,2,1,557,557,557,557,3.969116217916735e-07,9.444580086892529e-07,5.16143798812152e-07,5.856600024944925e-07
main,ZDT1,30,2,1,558,558,558,558,3.9616468583674597e-07,9.444580086892529e-07,5.16143798812152e-07,5.856600024944925e-07
main,ZDT1,30,2,1,559,559,559,559,3.9541774988181844e-07,9.444580086892529e-07,5.16143798812152e-07,5.856600024944925e-07
main,ZDT1,30,2,1,560,560,560,560,3.9616468583674597e-07,9.444580086892529e-07,5.16143798812152e-07,5.856600024944925e-07
main,ZDT1,30,2,1,561,561,561,561,3.9541774988181844e-07,9.444580086892529e-07,5.16143798812152e-07,5.856600024944925e-07
main,ZDT1,30,2,1,562,562,562,562,3.95249157738968e-07,9.444580086892529e-07,5.16143798812152e-07,5.856600024944925e-07
main,ZDT1,30,2,1,563,563,563,563,3.950805655961176e-07,9.444580086892529e-07,5.16143798812152e-07,5.856600024944925e-07
main,ZDT1,30,2,1,564,564,564,564,3.938680734161086e-07,9.444580086892529e-07,5.16143798812152e-07,5.856600024944925e-07
main,ZDT1,30,2,1,565,565,565,565,3.950805655961176e-07,9.444580086892529e-07,5.16143798812152e-07,5.856600024944925e-07
main,ZDT1,30,2,1,566,566,566,566,3.938680734161086e-07,9.444580086892529e-07,5.16143798812152e-07,5.856600024944925e-07
main,ZDT1,30,2,1,567,567,567,567,3.950805655961176e-07,9.444580086892529e-07,5.16143798812152e-07,5.856600024944925e-07
main,ZDT1,30,2,1,568,568,568,568,3.95249157738968e-07,9.444580086892529e-07,5.16143798812152e-07,5.856600024944925e-07
main,ZDT1,30,2,1,569,569,569,569,3.950805655961176e-07,9.444580086892529e-07,5.16143798812152e-07,5.856600024944925e-07
main,ZDT1,30,2,1,570,570,570,570,3.95249157738968e-07,9.444580086892529e-07,5.16143798812152e-07,5.856600024944925e-07
main,ZDT1,30,2,1,571,571,571,571,3.9541774988181844e-07,9.444580086892529e-07,5.16143798812152e-07,5.856600024944925e-07
main,ZDT1,30,2,1,572,572,572,572,3.95249157738968e-07,9.444580086892529e-07,5.16143798812152e-07,5.856600024944925e-07
main,ZDT1,30,2,1,573,573,573,573,3.950805655961176e-07,9.444580086892529e-07,5.16143798812152e-07,5.856600024944925e-07
main,ZDT1,30,2,1,574,574,574,574,3.938680734161086e-07,9.444580086892529e-07,5.16143798812152e-07,5.856600024944925e-07
main,ZDT1,30,2,1,575,575,575,575,3.926555812360996e-07,9.444580086892529e-07,5.16143798812152e-07,5.856600024944925e-07
main,ZDT1,30,2,1,576,576,576,576,3.938680734161086e-07,9.444580086892529e-07,5.16143798812152e-07,5.856600024944925e-07
main,ZDT1,30,2,1,577,577,577,577,3.926555812360996e-07,9.444580086892529e-07,5.16143798812152e-07,5.856600024944925e-07
main,ZDT1,30,2,1,578,578,578,578,3.924459964037546e-07,9.444580086892529e-07,5.16143798812152e-07,5.856600024944925e-07
main,ZDT1,30,2,1,579,579,579,579,3.9223641157140957e-07,9.444580086892529e-07,5.16143798812152e-07,5.856600024944925e-07
main,ZDT1,30,2,1,580,580,580,580,3.9185187220556507e-07,9.444580086892529e-07,5.16143798812152e-07,5.856600024944925e-07
main,ZDT1,30,2,1,581,581,581,581,3.9223641157140957e-07,9.444580086892529e-07,5.16143798812152e-07,5.856600024944925e-07
main,ZDT1,30,2,1,582,582,582,582,3.924459964037546e-07,9.444580086892529e-07,5.16143798812152e-07,5.856600024944925e-07
main,ZDT1,30,2,1,583,583,583,583,3.9223641157140957e-07,9.444580086892529e-07,5.16143798812152e-07,5.856600024944925e-07
main,ZDT1,30,2,1,584,584,584,584,3.924459964037546e-07,9.444580086892529e-07,5.16143798812152e-07,5.856600024944925e-07
main,ZDT1,30,2,1,585,585,585,585,3.9223641157140957e-07,9.444580086892529e-07,5.16143798812152e-07,5.856600024944925e-07
main,ZDT1,30,2,1,586,586,586,586,3.924459964037546e-07,9.444580086892529e-07,5.16143798812152e-07,5.856600024944925e-07
main,ZDT1,30,2,1,587,587,587,587,3.9223641157140957e-07,9.444580086892529e-07,5.16143798812152e-07,5.856600024944925e-07
main,ZDT1,30,2,1,588,588,588,588,3.9185187220556507e-07,9.444580086892529e-07,5.16143798812152e-07,5.856600024944925e-07
main,ZDT1,30,2,1,589,589,589,589,3.9223641157140957e-07,9.444580086892529e-07,5.16143798812152e-07,5.856600024944925e-07
main,ZDT1,30,2,1,590,590,590,590,3.924459964037546e-07,9.444580086892529e-07,5.16143798812152e-07,5.856600024944925e-07
main,ZDT1,30,2,1,591,591,591,591,3.926555812360996e-07,9.444580086892529e-07,5.16143798812152e-07,5.856600024944925e-07
main,ZDT1,30,2,1,592,592,592,592,3.938680734161086e-07,9.444580086892529e-07,5.16143798812152e-07,5.856600024944925e-07
main,ZDT1,30,2,1,593,593,593,593,3.926555812360996e-07,9.444580086892529e-07,5.16143798812152e-07,5.856600024944925e-07
main,ZDT1,30,2,1,594,594,594,594,3.938680734161086e-07,9.444580086892529e-07,5.16143798812152e-07,5.856600024944925e-07
main,ZDT1,30,2,1,595,595,595,595,3.926555812360996e-07,9.444580086892529e-07,5.16143798812152e-07,5.856600024944925e-07
main,ZDT1,30,2,1,596,596,596,596,3.924459964037546e-07,9.444580086892529e-07,5.16143798812152e-07,5.856600024944925e-07
main,ZDT1,30,2,1,597,597,597,597,3.926555812360996e-07,9.444580086892529e-07,5.16143798812152e-07,5.856600024944925e-07
main,ZDT1,30,2,1,598,598,598,598,3.924459964037546e-07,9.444580086892529e-07,5.16143798812152e-07,5.856600024944925e-07
main,ZDT1,30,2,1,599,599,599,599,3.926555812360996e-07,9.444580086892529e-07,5.16143798812152e-07,5.856600024944925e-07
main,ZDT1,30,2,1,600,600,600,600,3.938680734161086e-07,9.444580086892529e-07,5.16143798812152e-07,5.856600024944925e-07
main,ZDT3,30,2,1,1,1,1,1,4.479370119270243e-07,4.479370119270243e-07,5.110206604541645e-07,2.0570229164462717e-07
main,ZDT3,30,2,1,2,2,2,2,4.30098533732437e-07,4.479370119270243e-07,5.110206604541645e-07,2.0570229164462717e-07
main,ZDT3,30,2,1,3,3,3,3,4.479370119270243e-07,4.890747069552503e-07,5.110206604541645e-07,2.3278908845014712e-07
main,ZDT3,30,2,1,4,4,4,4,4.30098533732437e-07,4.890747069552503e-07,5.110206604541645e-07,3.558238530487756e-07
main,ZDT3,30,2,1,5,5,5,5,4.122600555378497e-07,4.890747069552503e-07,5.110206604541645e-07,3.558238530487756e-07
main,ZDT3,30,2,1,6,6,6,6,3.441457750441579e-07,4.890747069552503e-07,5.110206604541645e-07,4.198772047825372e-07
main,ZDT3,30,2,1,7,7,7,7,2.7603149455046605e-07,4.890747069552503e-07,5.110206604541645e-07,4.198772047825372e-07
main,ZDT3,30,2,1,8,8,8,8,3.441457750441579e-07,4.890747069552503e-07,5.110206604541645e-07,4.198772047825372e-07
main,ZDT3,30,2,1,9,9,9,9,3.9719581601538323e-07,4.890747069552503e-07,5.110206604541645e-07,4.198772047825372e-07
main,ZDT3,30,2,1,10,10,10,10,4.047279357766165e-07,4.890747069552503e-07,5.110206604541645e-07,4.198772047825372e-07
main,ZDT3,30,2,1,11,11,11,11,3.9719581601538323e-07,4.890747069552503e-07,5.110206604541645e-07,4.198772047825372e-07
main,ZDT3,30,2,1,12,12,12,12,4.047279357766165e-07,5.933532714053058e-07,5.110206604541645e-07,4.198772047825372e-07
main,ZDT3,30,2,1,13,13,13,13,3.9719581601538323e-07,5.933532714053058e-07,5.112686156660828e-07,4.198772047825372e-07
main,ZDT3,30,2,1,14,14,14,14,3.504834174966609e-07,5.933532714053058e-07,5.112686156660828e-07,4.264564816836014e-07
main,ZDT3,30,2,1,15,15,15,15,3.1488037066651486e-07,5.933532714053058e-07,5.112686156660828e-07,4.264564816836014e-07
main,ZDT3,30,2,1,16,16,16,16,3.5603809334094905e-07,6.026000978209822e-07,5.112686156660828e-07,4.795402133161986e-07
main,ZDT3,30,2,1,17,17,17,17,3.9719581601538323e-07,6.026000978209822e-07,5.112686156660828e-07,4.795402133161986e-07
main,ZDT3,30,2,1,18,18,18,18,4.047279357766165e-07,6.026000978209822e-07,5.112686156660828e-07,4.795402133161986e-07
main,ZDT3,30,2,1,19,19,19,19,3.9719581601538323e-07,6.026000978209822e-07,5.112686156660828e-07,4.795402133161986e-07
main,ZDT3,30,2,1,20,20,20,20,4.047279357766165e-07,6.026000978209822e-07,5.112686156660828e-07,4.795402133161986e-07
main,ZDT3,30,2,1,21,21,21,21,3.9719581601538323e-07,6.026000978209822e-07,5.112686156660828e-07,4.795402133161986e-07
main,ZDT3,30,2,1,22,22,22,22,3.5603809334094905e-07,6.026000978209822e-07,5.112686156660828e-07,4.795402133161986e-07
main,ZDT3,30,2,1,23,23,23,23,3.1488037066651486e-07,6.026000978209822e-07,5.112686156660828e-07,5.099745756798058e-07
main,ZDT3,30,2,1,24,24,24,24,3.12340736174227e-07,6.026000978209822e-07,5.112686156660828e-07,5.346334621680882e-07
main,ZDT3,30,2,1,25,25,25,25,3.1488037066651486e-07,6.026000978209822e-07,5.112686156660828e-07,5.346334621680882e-07
main,ZDT3,30,2,1,26,26,26,26,3.3169698693963356e-07,6.026000978209822e-07,5.112686156660828e-07,5.346334621680882e-07
main,ZDT3,30,2,1,27,27,27,27,3.4851360321275227e-07,8.332519527698423e-07,5.112686156660828e-07,5.346334621680882e-07
main,ZDT3,30,2,1,28,28,28,28,3.4658956522132245e-07,8.332519527698423e-07,5.112686156660828e-07,5.346334621680882e-07
main,ZDT3,30,2,1,29,29,29,29,3.4851360321275227e-07,8.332519527698423e-07,5.112686156660828e-07,5.346334621680882e-07
main,ZDT3,30,2,1,30,30,30,30,3.4658956522132245e-07,8.332519527698423e-07,5.112686156660828e-07,5.346334621680882e-07
main,ZDT3,30,2,1,31,31,31,31,3.4851360321275227e-07,8.332519527698423e-07,5.112686156660828e-07,5.346334621680882e-07
main,ZDT3,30,2,1,32,32,32,32,3.4658956522132245e-07,8.332519527698423e-07,5.112686156660828e-07,5.346334621680882e-07
main,ZDT3,30,2,1,33,33,33,33,3.4851360321275227e-07,8.332519527698423e-07,5.112686156660828e-07,5.346334621680882e-07
main,ZDT3,30,2,1,34,34,34,34,3.4658956522132245e-07,8.332519527698423e-07,5.112686156660828e-07,5.346334621680882e-07
main,ZDT3,30,2,1,35,35,35,35,3.4851360321275227e-07,8.332519527698423e-07,5.112686156660828e-07,5.346334621680882e-07
main,ZDT3,30,2,1,36,36,36,36,3.7285470961406775e-07,8.332519527698423e-07,5.176086426139648e-07,5.346334621680882e-07
main,ZDT3,30,2,1,37,37,37,37,3.6035567521977563e-07,8.332519527698423e-07,5.176086426139648e-07,5.346334621680882e-07
main,ZDT3,30,2,1,38,38,38,38,3.5443463921626395e-07,8.332519527698423e-07,5.176086426139648e-07,5.346334621680882e-07
main,ZDT3,30,2,1,39,39,39,39,3.6035567521977563e-07,8.332519527698423e-07,5.176086426139648e-07,5.346334621680882e-07
main,ZDT3,30,2,1,40,40,40,40,3.7133994686307237e-07,8.332519527698423e-07,5.176086426139648e-07,5.346334621680882e-07
main,ZDT3,30,2,1,41,41,41,41,3.6035567521977563e-07,8.332519527698423e-07,5.176086426139648e-07,5.346334621680882e-07
main,ZDT3,30,2,1,42,42,42,42,3.5443463921626395e-07,8.332519527698423e-07,5.176086426139648e-07,5.346334621680882e-07
main,ZDT3,30,2,1,43,43,43,43,3.6035567521977563e-07,8.332519527698423e-07,5.176086426139648e-07,5.346334621680882e-07
main,ZDT3,30,2,1,44,44,44,44,3.60518842933491e-07,9.245605472329999e-07,5.176086426139648e-07,5.346334621680882e-07
main,ZDT3,30,2,1,45,45,45,45,3.6035567521977563e-07,9.245605472329999e-07,5.176086426139648e-07,5.346334621680882e-07
main,ZDT3,30,2,1,46,46,46,46,3.5443463921626395e-07,9.245605472329999e-07,5.176086426139648e-07,5.346334621680882e-07
main,ZDT3,30,2,1,47,47,47,47,3.6035567521977563e-07,9.245605472329999e-07,5.176086426139648e-07,5.346334621680882e-07
main,ZDT3,30,2,1,48,48,48,48,3.5443463921626395e-07,9.245605472329999e-07,5.176086426139648e-07,5.346334621680882e-07
main,ZDT3,30,2,1,49,49,49,49,3.4851360321275227e-07,9.245605472329999e-07,5.176086426139648e-07,5.346334621680882e-07
main,ZDT3,30,2,1,50,50,50,50,3.4658956522132245e-07,9.245605472329999e-07,5.176086426139648e-07,5.346334621680882e-07
main,ZDT3,30,2,1,51,51,51,51,3.4851360321275227e-07,9.245605472329999e-07,5.176086426139648e-07,5.346334621680882e-07
main,ZDT3,30,2,1,52,52,52,52,3.4658956522132245e-07,9.245605472329999e-07,5.176086426139648e-07,5.346334621680882e-07
main,ZDT3,30,2,1,53,53,53,53,3.4851360321275227e-07,9.245605472329999e-07,5.176086426139648e-07,5.346334621680882e-07
main,ZDT3,30,2,1,54,54,54,54,3.4658956522132245e-07,9.245605472329999e-07,5.176086426139648e-07,5.346334621680882e-07
main,ZDT3,30,2,1,55,55,55,55,3.4851360321275227e-07,9.245605472329999e-07,5.176086426139648e-07,5.346334621680882e-07
main,ZDT3,30,2,1,56,56,56,56,3.5443463921626395e-07,9.245605472329999e-07,5.180358886303082e-07,5.346334621680882e-07
main,ZDT3,30,2,1,57,57,57,57,3.4851360321275227e-07,9.245605472329999e-07,5.180358886303082e-07,5.346334621680882e-07
main,ZDT3,30,2,1,58,58,58,58,3.5443463921626395e-07,9.245605472329999e-07,5.180358886303082e-07,5.346334621680882e-07
main,ZDT3,30,2,1,59,59,59,59,3.6035567521977563e-07,9.245605472329999e-07,5.180358886303082e-07,5.346334621680882e-07
main,ZDT3,30,2,1,60,60,60,60,3.60518842933491e-07,9.245605472329999e-07,5.180358886303082e-07,5.346334621680882e-07
main,ZDT3,30,2,1,61,61,61,61,3.606820106472064e-07,9.245605472329999e-07,5.180358886303082e-07,5.346334621680882e-07
main,ZDT3,30,2,1,62,62,62,62,3.7150311457678775e-07,9.245605472329999e-07,5.180358886303082e-07,5.346334621680882e-07
main,ZDT3,30,2,1,63,63,63,63,3.823242185063691e-07,9.245605472329999e-07,5.180358886303082e-07,5.346334621680882e-07
main,ZDT3,30,2,1,64,64,64,64,3.7150311457678775e-07,9.245605472329999e-07,5.180358886303082e-07,5.346334621680882e-07
main,ZDT3,30,2,1,65,65,65,65,3.720703123377689e-07,9.245605472329999e-07,5.180358886303082e-07,5.346334621680882e-07
main,ZDT3,30,2,1,66,66,66,66,3.7499999994139444e-07,9.245605472329999e-07,5.180358886303082e-07,5.346334621680882e-07
main,ZDT3,30,2,1,67,67,67,67,3.720703123377689e-07,9.245605472329999e-07,5.180358886303082e-07,5.346334621680882e-07
main,ZDT3,30,2,1,68,68,68,68,3.7499999994139444e-07,9.245605472329999e-07,5.180358886303082e-07,5.346334621680882e-07
main,ZDT3,30,2,1,69,69,69,69,3.7792968754502e-07,9.245605472329999e-07,5.180358886303082e-07,5.346334621680882e-07
main,ZDT3,30,2,1,70,70,70,70,3.7499999994139444e-07,9.245605472329999e-07,5.180358886303082e-07,5.346334621680882e-07
main,ZDT3,30,2,1,71,71,71,71,3.7792968754502e-07,9.245605472329999e-07,5.180358886303082e-07,5.346334621680882e-07
main,ZDT3,30,2,1,72,72,72,72,3.8012695302569455e-07,9.245605472329999e-07,5.180358886303082e-07,5.346334621680882e-07
main,ZDT3,30,2,1,73,73,73,73,3.823242185063691e-07,9.245605472329999e-07,5.180358886303082e-07,5.346334621680882e-07
main,ZDT3,30,2,1,74,74,74,74,3.8012695302569455e-07,9.245605472329999e-07,5.180358886303082e-07,5.346334621680882e-07
main,ZDT3,30,2,1,75,75,75,75,3.7792968754502e-07,9.245605472329999e-07,5.180358886303082e-07,5.346334621680882e-07
main,ZDT3,30,2,1,76,76,76,76,3.7499999994139444e-07,9.245605472329999e-07,5.180358886303082e-07,5.346334621680882e-07
main,ZDT3,30,2,1,77,77,77,77,3.7792968754502e-07,9.245605472329999e-07,5.180358886303082e-07,5.346334621680882e-07
main,ZDT3,30,2,1,78,78,78,78,3.8012695302569455e-07,9.245605472329999e-07,5.180358886303082e-07,5.346334621680882e-07
main,ZDT3,30,2,1,79,79,79,79,3.7792968754502e-07,9.245605472329999e-07,5.180358886303082e-07,5.346334621680882e-07
main,ZDT3,30,2,1,80,80,80,80,3.7499999994139444e-07,9.245605472329999e-07,5.180358886303082e-07,5.346334621680882e-07
main,ZDT3,30,2,1,81,81,81,81,3.720703123377689e-07,9.245605472329999e-07,5.180358886303082e-07,5.346334621680882e-07
main,ZDT3,30,2,1,82,82,82,82,3.6637616149248764e-07,9.245605472329999e-07,5.180358886303082e-07,5.346334621680882e-07
main,ZDT3,30,2,1,83,83,83,83,3.720703123377689e-07,9.245605472329999e-07,5.180358886303082e-07,5.346334621680882e-07
main,ZDT3,30,2,1,84,84,84,84,3.6637616149248764e-07,9.245605472329999e-07,5.180358886303082e-07,5.346334621680882e-07
main,ZDT3,30,2,1,85,85,85,85,3.606820106472064e-07,9.245605472329999e-07,5.180358886303082e-07,5.346334621680882e-07
main,ZDT3,30,2,1,86,86,86,86,3.6637616149248764e-07,9.245605472329999e-07,5.180358886303082e-07,5.346334621680882e-07
main,ZDT3,30,2,1,87,87,87,87,3.720703123377689e-07,9.245605472329999e-07,5.180358886303082e-07,5.346334621680882e-07
main,ZDT3,30,2,1,88,88,88,88,3.6637616149248764e-07,9.245605472329999e-07,5.180358886303082e-07,5.346334621680882e-07
main,ZDT3,30,2,1,89,89,89,89,3.720703123377689e-07,9.245605472329999e-07,5.180358886303082e-07,5.346334621680882e-07
main,ZDT3,30,2,1,90,90,90,90,3.6637616149248764e-07,9.245605472329999e-07,5.180358886303082e-07,5.346334621680882e-07
main,ZDT3,30,2,1,91,91,91,91,3.606820106472064e-07,9.245605472329999e-07,5.180358886303082e-07,5.346334621680882e-07
main,ZDT3,30,2,1,92,92,92,92,3.6637616149248764e-07,9.245605472329999e-07,5.180358886303082e-07,5.346334621680882e-07
main,ZDT3,30,2,1,93,93,93,93,3.720703123377689e-07,9.245605472329999e-07,5.180358886303082e-07,5.346334621680882e-07
main,ZDT3,30,2,1,94,94,94,94,3.7499999994139444e-07,9.245605472329999e-07,5.180358886303082e-07,5.346334621680882e-07
main,ZDT3,30,2,1,95,95,95,95,3.720703123377689e-07,9.245605472329999e-07,5.180358886303082e-07,5.346334621680882e-07
main,ZDT3,30,2,1,96,96,96,96,3.6637616149248764e-07,9.245605472329999e-07,5.180358886303082e-07,5.346334621680882e-07
main,ZDT3,30,2,1,97,97,97,97,3.606820106472064e-07,9.245605472329999e-07,5.180358886303082e-07,5.346334621680882e-07
main,ZDT3,30,2,1,98,98,98,98,3.6637616149248764e-07,9.245605472329999e-07,5.180358886303082e-07,5.346334621680882e-07
main,ZDT3,30,2,1,99,99,99,99,3.720703123377689e-07,9.245605472329999e-07,5.180358886303082e-07,5.346334621680882e-07
main,ZDT3,30,2,1,100,100,100,100,3.6637616149248764e-07,9.245605472329999e-07,5.180358886303082e-07,5.346334621680882e-07
main,ZDT3,30,2,1,101,101,101,101,3.606820106472064e-07,9.245605472329999e-07,5.180358886303082e-07,5.346334621680882e-07
main,ZDT3,30,2,1,102,102,102,102,3.6637616149248764e-07,9.245605472329999e-07,5.180358886303082e-07,5.346334621680882e-07
main,ZDT3,30,2,1,103,103,103,103,3.720703123377689e-07,9.245605472329999e-07,5.180358886303082e-07,5.346334621680882e-07
main,ZDT3,30,2,1,104,104,104,104,3.7499999994139444e-07,9.245605472329999e-07,5.180358886303082e-07,5.346334621680882e-07
main,ZDT3,30,2,1,105,105,105,105,3.720703123377689e-07,9.245605472329999e-07,5.180358886303082e-07,5.346334621680882e-07
main,ZDT3,30,2,1,106,106,106,106,3.7499999994139444e-07,9.245605472329999e-07,5.180358886303082e-07,5.346334621680882e-07
main,ZDT3,30,2,1,107,107,107,107,3.720703123377689e-07,9.245605472329999e-07,5.180358886303082e-07,5.346334621680882e-07
main,ZDT3,30,2,1,108,108,108,108,3.7499999994139444e-07,9.245605472329999e-07,5.180358886303082e-07,5.346334621680882e-07
main,ZDT3,30,2,1,109,109,109,109,3.720703123377689e-07,9.245605472329999e-07,5.180358886303082e-07,5.346334621680882e-07
main,ZDT3,30,2,1,110,110,110,110,3.7499999994139444e-07,9.245605472329999e-07,5.180358886303082e-07,5.346334621680882e-07
main,ZDT3,30,2,1,111,111,111,111,3.7792968754502e-07,9.245605472329999e-07,5.180358886303082e-07,5.346334621680882e-07
main,ZDT3,30,2,1,112,112,112,112,3.7499999994139444e-07,9.245605472329999e-07,5.180358886303082e-07,5.346334621680882e-07
main,ZDT3,30,2,1,113,113,113,113,3.720703123377689e-07,9.245605472329999e-07,5.180358886303082e-07,5.346334621680882e-07
main,ZDT3,30,2,1,114,114,114,114,3.7499999994139444e-07,9.245605472329999e-07,5.180358886303082e-07,5.346334621680882e-07
main,ZDT3,30,2,1,115,115,115,115,3.720703123377689e-07,9.245605472329999e-07,5.180358886303082e-07,5.346334621680882e-07
main,ZDT3,30,2,1,116,116,116,116,3.6637616149248764e-07,9.245605472329999e-07,5.180358886303082e-07,5.346334621680882e-07
main,ZDT3,30,2,1,117,117,117,117,3.720703123377689e-07,9.245605472329999e-07,5.180358886303082e-07,5.346334621680882e-07
main,ZDT3,30,2,1,118,118,118,118,3.6637616149248764e-07,9.245605472329999e-07,5.180358886303082e-07,5.346334621680882e-07
main,ZDT3,30,2,1,119,119,119,119,3.720703123377689e-07,9.245605472329999e-07,5.180358886303082e-07,5.346334621680882e-07
main,ZDT3,30,2,1,120,120,120,120,3.6637616149248764e-07,9.245605472329999e-07,5.180358886303082e-07,5.346334621680882e-07
main,ZDT3,30,2,1,121,121,121,121,3.606820106472064e-07,9.245605472329999e-07,5.180358886303082e-07,5.346334621680882e-07
main,ZDT3,30,2,1,122,122,122,122,3.6637616149248764e-07,9.245605472329999e-07,5.180358886303082e-07,5.346334621680882e-07
main,ZDT3,30,2,1,123,123,123,123,3.606820106472064e-07,9.245605472329999e-07,5.180358886303082e-07,5.346334621680882e-07
main,ZDT3,30,2,1,124,124,124,124,3.60518842933491e-07,9.245605472329999e-07,5.180358886303082e-07,5.346334621680882e-07
main,ZDT3,30,2,1,125,125,125,125,3.606820106472064e-07,9.245605472329999e-07,5.180358886303082e-07,5.346334621680882e-07
main,ZDT3,30,2,1,126,126,126,126,3.6637616149248764e-07,9.245605472329999e-07,5.180358886303082e-07,5.346334621680882e-07
main,ZDT3,30,2,1,127,127,127,127,3.720703123377689e-07,9.245605472329999e-07,5.180358886303082e-07,5.346334621680882e-07
main,ZDT3,30,2,1,128,128,128,128,3.7499999994139444e-07,9.245605472329999e-07,5.180358886303082e-07,5.346334621680882e-07
main,ZDT3,30,2,1,129,129,129,129,3.7792968754502e-07,9.245605472329999e-07,5.180358886303082e-07,5.346334621680882e-07
main,ZDT3,30,2,1,130,130,130,130,3.7499999994139444e-07,9.245605472329999e-07,5.180358886303082e-07,5.346334621680882e-07
main,ZDT3,30,2,1,131,131,131,131,3.7792968754502e-07,9.245605472329999e-07,5.180358886303082e-07,5.346334621680882e-07
main,ZDT3,30,2,1,132,132,132,132,3.7499999994139444e-07,9.245605472329999e-07,5.180358886303082e-07,5.346334621680882e-07
main,ZDT3,30,2,1,133,133,133,133,3.720703123377689e-07,9.245605472329999e-07,5.180358886303082e-07,5.346334621680882e-07
main,ZDT3,30,2,1,134,134,134,134,3.7499999994139444e-07,9.245605472329999e-07,5.180358886303082e-07,5.346334621680882e-07
main,ZDT3,30,2,1,135,135,135,135,3.720703123377689e-07,9.245605472329999e-07,5.180358886303082e-07,5.346334621680882e-07
main,ZDT3,30,2,1,136,136,136,136,3.673139213709181e-07,9.245605472329999e-07,5.180358886303082e-07,5.346334621680882e-07
main,ZDT3,30,2,1,137,137,137,137,3.720703123377689e-07,9.245605472329999e-07,5.180358886303082e-07,5.346334621680882e-07
main,ZDT3,30,2,1,138,138,138,138,3.7499999994139444e-07,9.245605472329999e-07,5.180358886303082e-07,5.346334621680882e-07
main,ZDT3,30,2,1,139,139,139,139,3.7792968754502e-07,9.245605472329999e-07,5.180358886303082e-07,5.346334621680882e-07
main,ZDT3,30,2,1,140,140,140,140,3.7499999994139444e-07,9.245605472329999e-07,5.180358886303082e-07,5.346334621680882e-07
main,ZDT3,30,2,1,141,141,141,141,3.7792968754502e-07,9.245605472329999e-07,5.180358886303082e-07,5.346334621680882e-07
main,ZDT3,30,2,1,142,142,142,142,3.782778382529356e-07,9.245605472329999e-07,5.180358886303082e-07,5.346334621680882e-07
main,ZDT3,30,2,1,143,143,143,143,3.7792968754502e-07,9.245605472329999e-07,5.180358886303082e-07,5.346334621680882e-07
main,ZDT3,30,2,1,144,144,144,144,3.782778382529356e-07,9.245605472329999e-07,5.180358886303082e-07,5.346334621680882e-07
main,ZDT3,30,2,1,145,145,145,145,3.786259889608512e-07,9.245605472329999e-07,5.180358886303082e-07,5.346334621680882e-07
main,ZDT3,30,2,1,146,146,146,146,3.8047510373361015e-07,9.245605472329999e-07,5.180358886303082e-07,5.346334621680882e-07
main,ZDT3,30,2,1,147,147,147,147,3.786259889608512e-07,9.245605472329999e-07,5.180358886303082e-07,5.346334621680882e-07
main,ZDT3,30,2,1,148,148,148,148,3.8047510373361015e-07,9.245605472329999e-07,5.180358886303082e-07,5.346334621680882e-07
main,ZDT3,30,2,1,149,149,149,149,3.786259889608512e-07,9.245605472329999e-07,5.180358886303082e-07,5.346334621680882e-07
main,ZDT3,30,2,1,150,150,150,150,3.8047510373361015e-07,9.245605472329999e-07,5.180358886303082e-07,5.346334621680882e-07
main,ZDT3,30,2,1,151,151,151,151,3.786259889608512e-07,9.245605472329999e-07,5.180358886303082e-07,5.346334621680882e-07
main,ZDT3,30,2,1,152,152,152,152,3.8047510373361015e-07,9.245605472329999e-07,5.180358886303082e-07,5.346334621680882e-07
main,ZDT3,30,2,1,153,153,153,153,3.786259889608512e-07,9.245605472329999e-07,5.180358886303082e-07,5.346334621680882e-07
main,ZDT3,30,2,1,154,154,154,154,3.782778382529356e-07,9.245605472329999e-07,5.180358886303082e-07,5.346334621680882e-07
main,ZDT3,30,2,1,155,155,155,155,3.786259889608512e-07,9.245605472329999e-07,5.180358886303082e-07,5.346334621680882e-07
main,ZDT3,30,2,1,156,156,156,156,3.8047510373361015e-07,9.245605472329999e-07,5.180358886303082e-07,5.346334621680882e-07
main,ZDT3,30,2,1,157,157,157,157,3.823242185063691e-07,9.245605472329999e-07,5.180358886303082e-07,5.346334621680882e-07
main,ZDT3,30,2,1,158,158,158,158,3.8047510373361015e-07,9.245605472329999e-07,5.180358886303082e-07,5.346334621680882e-07
main,ZDT3,30,2,1,159,159,159,159,3.786259889608512e-07,9.245605472329999e-07,5.180358886303082e-07,5.346334621680882e-07
main,ZDT3,30,2,1,160,160,160,160,3.782778382529356e-07,9.245605472329999e-07,5.180358886303082e-07,5.346334621680882e-07
main,ZDT3,30,2,1,161,161,161,161,3.7792968754502e-07,9.245605472329999e-07,5.180358886303082e-07,5.346334621680882e-07
main,ZDT3,30,2,1,162,162,162,162,3.7499999994139444e-07,9.245605472329999e-07,5.180358886303082e-07,5.346334621680882e-07
main,ZDT3,30,2,1,163,163,163,163,3.720703123377689e-07,9.245605472329999e-07,5.180358886303082e-07,5.346334621680882e-07
main,ZDT3,30,2,1,164,164,164,164,3.7081909187719475e-07,9.245605472329999e-07,5.180358886303082e-07,5.346334621680882e-07
main,ZDT3,30,2,1,165,165,165,165,3.720703123377689e-07,9.245605472329999e-07,5.180358886303082e-07,5.346334621680882e-07
main,ZDT3,30,2,1,166,166,166,166,3.7081909187719475e-07,9.245605472329999e-07,5.180358886303082e-07,5.346334621680882e-07
main,ZDT3,30,2,1,167,167,167,167,3.720703123377689e-07,9.245605472329999e-07,5.180358886303082e-07,5.346334621680882e-07
main,ZDT3,30,2,1,168,168,168,168,3.7081909187719475e-07,9.245605472329999e-07,5.180358886303082e-07,5.346334621680882e-07
main,ZDT3,30,2,1,169,169,169,169,3.720703123377689e-07,9.245605472329999e-07,5.180358886303082e-07,5.346334621680882e-07
main,ZDT3,30,2,1,170,170,170,170,3.7081909187719475e-07,9.245605472329999e-07,5.180358886303082e-07,5.346334621680882e-07
main,ZDT3,30,2,1,171,171,171,171,3.720703123377689e-07,9.245605472329999e-07,5.180358886303082e-07,5.346334621680882e-07
main,ZDT3,30,2,1,172,172,172,172,3.7499999994139444e-07,9.245605472329999e-07,5.180358886303082e-07,5.346334621680882e-07
main,ZDT3,30,2,1,173,173,173,173,3.7792968754502e-07,9.245605472329999e-07,5.180358886303082e-07,5.346334621680882e-07
main,ZDT3,30,2,1,174,174,174,174,3.782778382529356e-07,9.245605472329999e-07,5.180358886303082e-07,5.346334621680882e-07
main,ZDT3,30,2,1,175,175,175,175,3.786259889608512e-07,9.245605472329999e-07,5.180358886303082e-07,5.346334621680882e-07
main,ZDT3,30,2,1,176,176,176,176,3.8047510373361015e-07,9.245605472329999e-07,5.180358886303082e-07,5.346334621680882e-07
main,ZDT3,30,2,1,177,177,177,177,3.786259889608512e-07,9.245605472329999e-07,5.180358886303082e-07,5.346334621680882e-07
main,ZDT3,30,2,1,178,178,178,178,3.782778382529356e-07,9.245605472329999e-07,5.180358886303082e-07,5.346334621680882e-07
main,ZDT3,30,2,1,179,179,179,179,3.786259889608512e-07,9.245605472329999e-07,5.180358886303082e-07,5.346334621680882e-07
main,ZDT3,30,2,1,180,180,180,180,3.8047510373361015e-07,9.245605472329999e-07,5.180358886303082e-07,5.346334621680882e-07
main,ZDT3,30,2,1,181,181,181,181,3.786259889608512e-07,9.245605472329999e-07,5.180358886303082e-07,5.346334621680882e-07
main,ZDT3,30,2,1,182,182,182,182,3.8047510373361015e-07,9.245605472329999e-07,5.180358886303082e-07,5.346334621680882e-07
main,ZDT3,30,2,1,183,183,183,183,3.786259889608512e-07,9.245605472329999e-07,5.180358886303082e-07,5.346334621680882e-07
main,ZDT3,30,2,1,184,184,184,184,3.782778382529356e-07,9.245605472329999e-07,5.180358886303082e-07,5.346334621680882e-07
main,ZDT3,30,2,1,185,185,185,185,3.786259889608512e-07,9.4482421886255e-07,5.180358886303082e-07,5.346334621680882e-07
main,ZDT3,30,2,1,186,186,186,186,3.8047510373361015e-07,9.4482421886255e-07,5.180358886303082e-07,5.346334621680882e-07
main,ZDT3,30,2,1,187,187,187,187,3.823242185063691e-07,9.4482421886255e-07,5.180358886303082e-07,5.346334621680882e-07
main,ZDT3,30,2,1,188,188,188,188,3.847541211812744e-07,9.4482421886255e-07,5.180358886303082e-07,5.346334621680882e-07
main,ZDT3,30,2,1,189,189,189,189,3.8718402385617967e-07,9.4482421886255e-07,5.180358886303082e-07,5.346334621680882e-07
main,ZDT3,30,2,1,190,190,190,190,3.893699049364874e-07,9.4482421886255e-07,5.180358886303082e-07,5.346334621680882e-07
main,ZDT3,30,2,1,191,191,191,191,3.915557860167951e-07,9.4482421886255e-07,5.180358886303082e-07,5.346334621680882e-07
main,ZDT3,30,2,1,192,192,192,192,3.91698718012895e-07,9.4482421886255e-07,5.180358886303082e-07,5.346334621680882e-07
main,ZDT3,30,2,1,193,193,193,193,3.915557860167951e-07,9.4482421886255e-07,5.180358886303082e-07,5.346334621680882e-07
main,ZDT3,30,2,1,194,194,194,194,3.893699049364874e-07,9.4482421886255e-07,5.180358886303082e-07,5.346334621680882e-07
main,ZDT3,30,2,1,195,195,195,195,3.8718402385617967e-07,9.4482421886255e-07,5.180358886303082e-07,5.346334621680882e-07
main,ZDT3,30,2,1,196,196,196,196,3.856696483908739e-07,9.4482421886255e-07,5.180358886303082e-07,5.346334621680882e-07
main,ZDT3,30,2,1,197,197,197,197,3.8415527292556817e-07,9.4482421886255e-07,5.180358886303082e-07,5.346334621680882e-07
main,ZDT3,30,2,1,198,198,198,198,3.8323974571596864e-07,9.4482421886255e-07,5.180358886303082e-07,5.346334621680882e-07
main,ZDT3,30,2,1,199,199,199,199,3.823242185063691e-07,9.4482421886255e-07,5.180358886303082e-07,5.346334621680882e-07
main,ZDT3,30,2,1,200,200,200,200,3.8047510373361015e-07,9.4482421886255e-07,5.180358886303082e-07,5.346334621680882e-07
main,ZDT3,30,2,1,201,201,201,201,3.823242185063691e-07,9.4482421886255e-07,5.180358886303082e-07,5.346334621680882e-07
main,ZDT3,30,2,1,202,202,202,202,3.8323974571596864e-07,9.4482421886255e-07,5.180358886303082e-07,5.346334621680882e-07
main,ZDT3,30,2,1,203,203,203,203,3.823242185063691e-07,9.4482421886255e-07,5.180358886303082e-07,5.346334621680882e-07
main,ZDT3,30,2,1,204,204,204,204,3.8323974571596864e-07,9.4482421886255e-07,5.180358886303082e-07,5.346334621680882e-07
main,ZDT3,30,2,1,205,205,205,205,3.823242185063691e-07,9.4482421886255e-07,5.180358886303082e-07,5.346334621680882e-07
main,ZDT3,30,2,1,206,206,206,206,3.8156127946109564e-07,9.4482421886255e-07,5.180358886303082e-07,5.346334621680882e-07
main,ZDT3,30,2,1,207,207,207,207,3.823242185063691e-07,9.4482421886255e-07,5.180358886303082e-07,5.346334621680882e-07
main,ZDT3,30,2,1,208,208,208,208,3.8323974571596864e-07,9.4482421886255e-07,5.180358886303082e-07,5.346334621680882e-07
main,ZDT3,30,2,1,209,209,209,209,3.8415527292556817e-07,9.4482421886255e-07,5.180358886303082e-07,5.346334621680882e-07
main,ZDT3,30,2,1,210,210,210,210,3.8323974571596864e-07,9.4482421886255e-07,5.180358886303082e-07,5.346334621680882e-07
main,ZDT3,30,2,1,211,211,211,211,3.8415527292556817e-07,9.4482421886255e-07,5.180358886303082e-07,5.346334621680882e-07
main,ZDT3,30,2,1,212,212,212,212,3.856696483908739e-07,9.4482421886255e-07,5.180358886303082e-07,5.346334621680882e-07
main,ZDT3,30,2,1,213,213,213,213,3.8415527292556817e-07,9.4482421886255e-07,5.180358886303082e-07,5.346334621680882e-07
main,ZDT3,30,2,1,214,214,214,214,3.8323974571596864e-07,9.4482421886255e-07,5.180358886303082e-07,5.346334621680882e-07
main,ZDT3,30,2,1,215,215,215,215,3.8415527292556817e-07,9.4482421886255e-07,5.180358886303082e-07,5.346334621680882e-07
main,ZDT3,30,2,1,216,216,216,216,3.8323974571596864e-07,9.4482421886255e-07,5.180358886303082e-07,5.346334621680882e-07
main,ZDT3,30,2,1,217,217,217,217,3.823242185063691e-07,9.4482421886255e-07,5.180358886303082e-07,5.346334621680882e-07
main,ZDT3,30,2,1,218,218,218,218,3.8156127946109564e-07,9.4482421886255e-07,5.180358886303082e-07,5.346334621680882e-07
main,ZDT3,30,2,1,219,219,219,219,3.8079834041582217e-07,9.4482421886255e-07,5.180358886303082e-07,5.346334621680882e-07
main,ZDT3,30,2,1,220,220,220,220,3.8156127946109564e-07,9.4482421886255e-07,5.180358886303082e-07,5.346334621680882e-07
main,ZDT3,30,2,1,221,221,221,221,3.8079834041582217e-07,9.4482421886255e-07,5.180358886303082e-07,5.346334621680882e-07
main,ZDT3,30,2,1,222,222,222,222,3.8156127946109564e-07,9.4482421886255e-07,5.180358886303082e-07,5.346334621680882e-07
main,ZDT3,30,2,1,223,223,223,223,3.823242185063691e-07,9.4482421886255e-07,5.180358886303082e-07,5.346334621680882e-07
main,ZDT3,30,2,1,224,224,224,224,3.8156127946109564e-07,9.4482421886255e-07,5.180358886303082e-07,5.346334621680882e-07
main,ZDT3,30,2,1,225,225,225,225,3.823242185063691e-07,9.4482421886255e-07,5.180358886303082e-07,5.346334621680882e-07
main,ZDT3,30,2,1,226,226,226,226,3.8323974571596864e-07,9.4482421886255e-07,5.180358886303082e-07,5.346334621680882e-07
main,ZDT3,30,2,1,227,227,227,227,3.823242185063691e-07,9.4482421886255e-07,5.180358886303082e-07,5.346334621680882e-07
main,ZDT3,30,2,1,228,228,228,228,3.8323974571596864e-07,9.4482421886255e-07,5.180358886303082e-07,5.346334621680882e-07
main,ZDT3,30,2,1,229,229,229,229,3.823242185063691e-07,9.4482421886255e-07,5.180358886303082e-07,5.346334621680882e-07
main,ZDT3,30,2,1,230,230,230,230,3.8156127946109564e-07,9.4482421886255e-07,5.180358886303082e-07,5.346334621680882e-07
main,ZDT3,30,2,1,231,231,231,231,3.823242185063691e-07,9.4482421886255e-07,5.180358886303082e-07,5.346334621680882e-07
main,ZDT3,30,2,1,232,232,232,232,3.8323974571596864e-07,9.4482421886255e-07,5.180358886303082e-07,5.346334621680882e-07
main,ZDT3,30,2,1,233,233,233,233,3.8415527292556817e-07,9.4482421886255e-07,5.180358886303082e-07,5.346334621680882e-07
main,ZDT3,30,2,1,234,234,234,234,3.8323974571596864e-07,9.4482421886255e-07,5.180358886303082e-07,5.346334621680882e-07
main,ZDT3,30,2,1,235,235,235,235,3.823242185063691e-07,9.4482421886255e-07,5.180358886303082e-07,5.346334621680882e-07
main,ZDT3,30,2,1,236,236,236,236,3.8323974571596864e-07,9.4482421886255e-07,5.180358886303082e-07,5.346334621680882e-07
main,ZDT3,30,2,1,237,237,237,237,3.8415527292556817e-07,9.4482421886255e-07,5.180358886303082e-07,5.346334621680882e-07
main,ZDT3,30,2,1,238,238,238,238,3.856696483908739e-07,9.4482421886255e-07,5.180358886303082e-07,5.346334621680882e-07
main,ZDT3,30,2,1,239,239,239,239,3.8718402385617967e-07,9.4482421886255e-07,5.180358886303082e-07,5.346334621680882e-07
main,ZDT3,30,2,1,240,240,240,240,3.856696483908739e-07,9.4482421886255e-07,5.180358886303082e-07,5.346334621680882e-07
main,ZDT3,30,2,1,241,241,241,241,3.8718402385617967e-07,9.4482421886255e-07,5.180358886303082e-07,5.346334621680882e-07
main,ZDT3,30,2,1,242,242,242,242,3.888434767021498e-07,9.4482421886255e-07,5.180358886303082e-07,5.346334621680882e-07
main,ZDT3,30,2,1,243,243,243,243,3.9050292954811994e-07,9.4482421886255e-07,5.180358886303082e-07,5.346334621680882e-07
main,ZDT3,30,2,1,244,244,244,244,3.888434767021498e-07,9.4482421886255e-07,5.180358886303082e-07,5.346334621680882e-07
main,ZDT3,30,2,1,245,245,245,245,3.8718402385617967e-07,9.4482421886255e-07,5.180358886303082e-07,5.346334621680882e-07
main,ZDT3,30,2,1,246,246,246,246,3.888434767021498e-07,9.4482421886255e-07,5.180358886303082e-07,5.346334621680882e-07
main,ZDT3,30,2,1,247,247,247,247,3.9050292954811994e-07,9.4482421886255e-07,5.180358886303082e-07,5.346334621680882e-07
main,ZDT3,30,2,1,248,248,248,248,3.910293577824575e-07,9.4482421886255e-07,5.180358886303082e-07,5.346334621680882e-07
main,ZDT3,30,2,1,249,249,249,249,3.9050292954811994e-07,9.4482421886255e-07,5.180358886303082e-07,5.346334621680882e-07
main,ZDT3,30,2,1,250,250,250,250,3.910293577824575e-07,9.4482421886255e-07,5.180358886303082e-07,5.346334621680882e-07
main,ZDT3,30,2,1,251,251,251,251,3.9050292954811994e-07,9.4482421886255e-07,5.180358886303082e-07,5.346334621680882e-07
main,ZDT3,30,2,1,252,252,252,252,3.910293577824575e-07,9.4482421886255e-07,5.180358886303082e-07,5.346334621680882e-07
main,ZDT3,30,2,1,253,253,253,253,3.915557860167951e-07,9.4482421886255e-07,5.180358886303082e-07,5.346334621680882e-07
main,ZDT3,30,2,1,254,254,254,254,3.910293577824575e-07,9.4482421886255e-07,5.180358886303082e-07,5.346334621680882e-07
main,ZDT3,30,2,1,255,255,255,255,3.9050292954811994e-07,9.4482421886255e-07,5.180358886303082e-07,5.346334621680882e-07
main,ZDT3,30,2,1,256,256,256,256,3.910293577824575e-07,9.4482421886255e-07,5.180358886303082e-07,5.346334621680882e-07
main,ZDT3,30,2,1,257,257,257,257,3.915557860167951e-07,9.4482421886255e-07,5.180358886303082e-07,5.346334621680882e-07
main,ZDT3,30,2,1,258,258,258,258,3.910293577824575e-07,9.4482421886255e-07,5.180358886303082e-07,5.346334621680882e-07
main,ZDT3,30,2,1,259,259,259,259,3.9050292954811994e-07,9.4482421886255e-07,5.180358886303082e-07,5.346334621680882e-07
main,ZDT3,30,2,1,260,260,260,260,3.888434767021498e-07,9.4482421886255e-07,5.180358886303082e-07,5.346334621680882e-07
main,ZDT3,30,2,1,261,261,261,261,3.9050292954811994e-07,9.4482421886255e-07,5.180358886303082e-07,5.346334621680882e-07
main,ZDT3,30,2,1,262,262,262,262,3.910293577824575e-07,9.4482421886255e-07,5.180358886303082e-07,5.346334621680882e-07
main,ZDT3,30,2,1,263,263,263,263,3.9050292954811994e-07,9.4482421886255e-07,5.180358886303082e-07,5.346334621680882e-07
main,ZDT3,30,2,1,264,264,264,264,3.888434767021498e-07,9.4482421886255e-07,5.180358886303082e-07,5.346334621680882e-07
main,ZDT3,30,2,1,265,265,265,265,3.8718402385617967e-07,9.4482421886255e-07,5.180358886303082e-07,5.346334621680882e-07
main,ZDT3,30,2,1,266,266,266,266,3.856696483908739e-07,9.4482421886255e-07,5.180358886303082e-07,5.346334621680882e-07
main,ZDT3,30,2,1,267,267,267,267,3.8415527292556817e-07,9.4482421886255e-07,5.180358886303082e-07,5.346334621680882e-07
main,ZDT3,30,2,1,268,268,268,268,3.856696483908739e-07,9.4482421886255e-07,5.180358886303082e-07,5.346334621680882e-07
main,ZDT3,30,2,1,269,269,269,269,3.8718402385617967e-07,9.4482421886255e-07,5.180358886303082e-07,5.346334621680882e-07
main,ZDT3,30,2,1,270,270,270,270,3.888434767021498e-07,9.4482421886255e-07,5.180358886303082e-07,5.346334621680882e-07
main,ZDT3,30,2,1,271,271,271,271,3.8718402385617967e-07,9.4482421886255e-07,5.180358886303082e-07,5.346334621680882e-07
main,ZDT3,30,2,1,272,272,272,272,3.856696483908739e-07,9.4482421886255e-07,5.180358886303082e-07,5.346334621680882e-07
main,ZDT3,30,2,1,273,273,273,273,3.8415527292556817e-07,9.4482421886255e-07,5.180358886303082e-07,5.346334621680882e-07
main,ZDT3,30,2,1,274,274,274,274,3.8345360730239475e-07,9.4482421886255e-07,5.180358886303082e-07,5.346334621680882e-07
main,ZDT3,30,2,1,275,275,275,275,3.8275194167922133e-07,9.4482421886255e-07,5.180358886303082e-07,5.346334621680882e-07
main,ZDT3,30,2,1,276,276,276,276,3.825380800927952e-07,9.4482421886255e-07,5.180358886303082e-07,5.346334621680882e-07
main,ZDT3,30,2,1,277,277,277,277,3.823242185063691e-07,9.4482421886255e-07,5.180358886303082e-07,5.346334621680882e-07
main,ZDT3,30,2,1,278,278,278,278,3.8156127946109564e-07,9.4482421886255e-07,5.180358886303082e-07,5.346334621680882e-07
main,ZDT3,30,2,1,279,279,279,279,3.8079834041582217e-07,9.4482421886255e-07,5.180358886303082e-07,5.346334621680882e-07
main,ZDT3,30,2,1,280,280,280,280,3.8156127946109564e-07,9.4482421886255e-07,5.180358886303082e-07,5.346334621680882e-07
main,ZDT3,30,2,1,281,281,281,281,3.823242185063691e-07,9.4482421886255e-07,5.180358886303082e-07,5.346334621680882e-07
main,ZDT3,30,2,1,282,282,282,282,3.8156127946109564e-07,9.4482421886255e-07,5.180358886303082e-07,5.346334621680882e-07
main,ZDT3,30,2,1,283,283,283,283,3.823242185063691e-07,9.4482421886255e-07,5.180358886303082e-07,5.346334621680882e-07
main,ZDT3,30,2,1,284,284,284,284,3.825380800927952e-07,9.4482421886255e-07,5.180358886303082e-07,5.346334621680882e-07
main,ZDT3,30,2,1,285,285,285,285,3.823242185063691e-07,9.4482421886255e-07,5.180358886303082e-07,5.346334621680882e-07
main,ZDT3,30,2,1,286,286,286,286,3.8156127946109564e-07,9.4482421886255e-07,5.180358886303082e-07,5.346334621680882e-07
main,ZDT3,30,2,1,287,287,287,287,3.8079834041582217e-07,9.4482421886255e-07,5.180358886303082e-07,5.346334621680882e-07
main,ZDT3,30,2,1,288,288,288,288,3.8156127946109564e-07,9.4482421886255e-07,5.180358886303082e-07,5.346334621680882e-07
main,ZDT3,30,2,1,289,289,289,289,3.8079834041582217e-07,9.4482421886255e-07,5.180358886303082e-07,5.346334621680882e-07
main,ZDT3,30,2,1,290,290,290,290,3.8156127946109564e-07,9.4482421886255e-07,5.180358886303082e-07,5.346334621680882e-07
main,ZDT3,30,2,1,291,291,291,291,3.8079834041582217e-07,9.4482421886255e-07,5.180358886303082e-07,5.346334621680882e-07
main,ZDT3,30,2,1,292,292,292,292,3.797121646883367e-07,9.4482421886255e-07,5.180358886303082e-07,5.346334621680882e-07
main,ZDT3,30,2,1,293,293,293,293,3.8079834041582217e-07,9.4482421886255e-07,5.180358886303082e-07,5.346334621680882e-07
main,ZDT3,30,2,1,294,294,294,294,3.8156127946109564e-07,9.4482421886255e-07,5.180358886303082e-07,5.346334621680882e-07
main,ZDT3,30,2,1,295,295,295,295,3.823242185063691e-07,9.4482421886255e-07,5.180358886303082e-07,5.346334621680882e-07
main,ZDT3,30,2,1,296,296,296,296,3.825380800927952e-07,9.4482421886255e-07,5.180358886303082e-07,5.346334621680882e-07
main,ZDT3,30,2,1,297,297,297,297,3.8275194167922133e-07,9.4482421886255e-07,5.180358886303082e-07,5.346334621680882e-07
main,ZDT3,30,2,1,298,298,298,298,3.8345360730239475e-07,9.4482421886255e-07,5.180358886303082e-07,5.346334621680882e-07
main,ZDT3,30,2,1,299,299,299,299,3.8275194167922133e-07,9.4482421886255e-07,5.180358886303082e-07,5.346334621680882e-07
main,ZDT3,30,2,1,300,300,300,300,3.825380800927952e-07,9.4482421886255e-07,5.180358886303082e-07,5.346334621680882e-07
main,ZDT3,30,2,1,301,301,301,301,3.823242185063691e-07,9.4482421886255e-07,5.180358886303082e-07,5.346334621680882e-07
main,ZDT3,30,2,1,302,302,302,302,3.8156127946109564e-07,9.4482421886255e-07,5.180358886303082e-07,5.346334621680882e-07
main,ZDT3,30,2,1,303,303,303,303,3.823242185063691e-07,9.4482421886255e-07,5.180358886303082e-07,5.346334621680882e-07
main,ZDT3,30,2,1,304,304,304,304,3.8156127946109564e-07,9.4482421886255e-07,5.180358886303082e-07,5.346334621680882e-07
main,ZDT3,30,2,1,305,305,305,305,3.823242185063691e-07,9.4482421886255e-07,5.180358886303082e-07,5.346334621680882e-07
main,ZDT3,30,2,1,306,306,306,306,3.8156127946109564e-07,9.4482421886255e-07,5.180358886303082e-07,5.346334621680882e-07
main,ZDT3,30,2,1,307,307,307,307,3.8079834041582217e-07,9.4482421886255e-07,5.180358886303082e-07,5.346334621680882e-07
main,ZDT3,30,2,1,308,308,308,308,3.797121646883367e-07,9.4482421886255e-07,5.180358886303082e-07,5.346334621680882e-07
main,ZDT3,30,2,1,309,309,309,309,3.786259889608512e-07,9.4482421886255e-07,5.180358886303082e-07,5.346334621680882e-07
main,ZDT3,30,2,1,310,310,310,310,3.797121646883367e-07,9.4482421886255e-07,5.180358886303082e-07,5.346334621680882e-07
main,ZDT3,30,2,1,311,311,311,311,3.8079834041582217e-07,9.4482421886255e-07,5.180358886303082e-07,5.346334621680882e-07
main,ZDT3,30,2,1,312,312,312,312,3.797121646883367e-07,9.4482421886255e-07,5.180358886303082e-07,5.346334621680882e-07
main,ZDT3,30,2,1,313,313,313,313,3.8079834041582217e-07,9.4482421886255e-07,5.180358886303082e-07,5.346334621680882e-07
main,ZDT3,30,2,1,314,314,314,314,3.797121646883367e-07,9.4482421886255e-07,5.180358886303082e-07,5.346334621680882e-07
main,ZDT3,30,2,1,315,315,315,315,3.786259889608512e-07,9.4482421886255e-07,5.180358886303082e-07,5.346334621680882e-07
main,ZDT3,30,2,1,316,316,316,316,3.797121646883367e-07,9.4482421886255e-07,5.180358886303082e-07,5.346334621680882e-07
main,ZDT3,30,2,1,317,317,317,317,3.786259889608512e-07,9.4482421886255e-07,5.180358886303082e-07,5.346334621680882e-07
main,ZDT3,30,2,1,318,318,318,318,3.797121646883367e-07,9.4482421886255e-07,5.180358886303082e-07,5.346334621680882e-07
main,ZDT3,30,2,1,319,319,319,319,3.786259889608512e-07,9.4482421886255e-07,5.180358886303082e-07,5.346334621680882e-07
main,ZDT3,30,2,1,320,320,320,320,3.797121646883367e-07,9.4482421886255e-07,5.180358886303082e-07,5.346334621680882e-07
main,ZDT3,30,2,1,321,321,321,321,3.8079834041582217e-07,9.4482421886255e-07,5.180358886303082e-07,5.346334621680882e-07
main,ZDT3,30,2,1,322,322,322,322,3.797121646883367e-07,9.4482421886255e-07,5.180358886303082e-07,5.346334621680882e-07
main,ZDT3,30,2,1,323,323,323,323,3.786259889608512e-07,9.4482421886255e-07,5.180358886303082e-07,5.346334621680882e-07
main,ZDT3,30,2,1,324,324,324,324,3.797121646883367e-07,9.4482421886255e-07,5.180358886303082e-07,5.346334621680882e-07
main,ZDT3,30,2,1,325,325,325,325,3.8079834041582217e-07,9.4482421886255e-07,5.180358886303082e-07,5.346334621680882e-07
main,ZDT3,30,2,1,326,326,326,326,3.797121646883367e-07,9.4482421886255e-07,5.180358886303082e-07,5.346334621680882e-07
main,ZDT3,30,2,1,327,327,327,327,3.8079834041582217e-07,9.4482421886255e-07,5.180358886303082e-07,5.346334621680882e-07
main,ZDT3,30,2,1,328,328,328,328,3.8156127946109564e-07,9.4482421886255e-07,5.180358886303082e-07,5.346334621680882e-07
main,ZDT3,30,2,1,329,329,329,329,3.8079834041582217e-07,9.4482421886255e-07,5.180358886303082e-07,5.346334621680882e-07
main,ZDT3,30,2,1,330,330,330,330,3.797121646883367e-07,9.4482421886255e-07,5.180358886303082e-07,5.346334621680882e-07
main,ZDT3,30,2,1,331,331,331,331,3.8079834041582217e-07,9.4482421886255e-07,5.180358886303082e-07,5.346334621680882e-07
main,ZDT3,30,2,1,332,332,332,332,3.8156127946109564e-07,9.4482421886255e-07,5.180358886303082e-07,5.346334621680882e-07
main,ZDT3,30,2,1,333,333,333,333,3.823242185063691e-07,9.4482421886255e-07,5.180358886303082e-07,5.346334621680882e-07
main,ZDT3,30,2,1,334,334,334,334,3.825380800927952e-07,9.4482421886255e-07,5.180358886303082e-07,5.346334621680882e-07
main,ZDT3,30,2,1,335,335,335,335,3.823242185063691e-07,9.4482421886255e-07,5.180358886303082e-07,5.346334621680882e-07
main,ZDT3,30,2,1,336,336,336,336,3.825380800927952e-07,9.4482421886255e-07,5.180358886303082e-07,5.346334621680882e-07
main,ZDT3,30,2,1,337,337,337,337,3.823242185063691e-07,9.4482421886255e-07,5.180358886303082e-07,5.346334621680882e-07
main,ZDT3,30,2,1,338,338,338,338,3.825380800927952e-07,9.4482421886255e-07,5.180358886303082e-07,5.346334621680882e-07
main,ZDT3,30,2,1,339,339,339,339,3.823242185063691e-07,9.4482421886255e-07,5.180358886303082e-07,5.346334621680882e-07
main,ZDT3,30,2,1,340,340,340,340,3.8156127946109564e-07,9.4482421886255e-07,5.180358886303082e-07,5.346334621680882e-07
main,ZDT3,30,2,1,341,341,341,341,3.8079834041582217e-07,9.4482421886255e-07,5.180358886303082e-07,5.346334621680882e-07
main,ZDT3,30,2,1,342,342,342,342,3.8156127946109564e-07,9.4482421886255e-07,5.180358886303082e-07,5.346334621680882e-07
main,ZDT3,30,2,1,343,343,343,343,3.823242185063691e-07,9.4482421886255e-07,5.180358886303082e-07,5.346334621680882e-07
main,ZDT3,30,2,1,344,344,344,344,3.8156127946109564e-07,9.4482421886255e-07,5.180358886303082e-07,5.346334621680882e-07
main,ZDT3,30,2,1,345,345,345,345,3.8079834041582217e-07,9.4482421886255e-07,5.180358886303082e-07,5.346334621680882e-07
main,ZDT3,30,2,1,346,346,346,346,3.8156127946109564e-07,9.4482421886255e-07,5.180358886303082e-07,5.346334621680882e-07
main,ZDT3,30,2,1,347,347,347,347,3.823242185063691e-07,9.4482421886255e-07,5.180358886303082e-07,5.346334621680882e-07
main,ZDT3,30,2,1,348,348,348,348,3.825380800927952e-07,9.4482421886255e-07,5.180358886303082e-07,5.346334621680882e-07
main,ZDT3,30,2,1,349,349,349,349,3.823242185063691e-07,9.4482421886255e-07,5.180358886303082e-07,5.346334621680882e-07
main,ZDT3,30,2,1,350,350,350,350,3.825380800927952e-07,9.4482421886255e-07,5.180358886303082e-07,5.346334621680882e-07
main,ZDT3,30,2,1,351,351,351,351,3.8275194167922133e-07,9.4482421886255e-07,5.180358886303082e-07,5.346334621680882e-07
main,ZDT3,30,2,1,352,352,352,352,3.8345360730239475e-07,9.4482421886255e-07,5.180358886303082e-07,5.346334621680882e-07
main,ZDT3,30,2,1,353,353,353,353,3.8275194167922133e-07,9.4482421886255e-07,5.180358886303082e-07,5.346334621680882e-07
main,ZDT3,30,2,1,354,354,354,354,3.825380800927952e-07,9.4482421886255e-07,5.180358886303082e-07,5.346334621680882e-07
main,ZDT3,30,2,1,355,355,355,355,3.823242185063691e-07,9.4482421886255e-07,5.180358886303082e-07,5.346334621680882e-07
main,ZDT3,30,2,1,356,356,356,356,3.825380800927952e-07,9.4482421886255e-07,5.180358886303082e-07,5.346334621680882e-07
main,ZDT3,30,2,1,357,357,357,357,3.823242185063691e-07,9.4482421886255e-07,5.180358886303082e-07,5.346334621680882e-07
main,ZDT3,30,2,1,358,358,358,358,3.8156127946109564e-07,9.4482421886255e-07,5.180358886303082e-07,5.346334621680882e-07
main,ZDT3,30,2,1,359,359,359,359,3.823242185063691e-07,9.4482421886255e-07,5.180358886303082e-07,5.346334621680882e-07
main,ZDT3,30,2,1,360,360,360,360,3.825380800927952e-07,9.4482421886255e-07,5.180358886303082e-07,5.346334621680882e-07
main,ZDT3,30,2,1,361,361,361,361,3.823242185063691e-07,9.4482421886255e-07,5.180358886303082e-07,5.346334621680882e-07
main,ZDT3,30,2,1,362,362,362,362,3.8156127946109564e-07,9.4482421886255e-07,5.180358886303082e-07,5.346334621680882e-07
main,ZDT3,30,2,1,363,363,363,363,3.8079834041582217e-07,9.4482421886255e-07,5.180358886303082e-07,5.346334621680882e-07
main,ZDT3,30,2,1,364,364,364,364,3.797121646883367e-07,9.4482421886255e-07,5.180358886303082e-07,5.346334621680882e-07
main,ZDT3,30,2,1,365,365,365,365,3.786259889608512e-07,9.4482421886255e-07,5.180358886303082e-07,5.346334621680882e-07
main,ZDT3,30,2,1,366,366,366,366,3.797121646883367e-07,9.4482421886255e-07,5.180358886303082e-07,5.346334621680882e-07
main,ZDT3,30,2,1,367,367,367,367,3.786259889608512e-07,9.4482421886255e-07,5.180358886303082e-07,5.346334621680882e-07
main,ZDT3,30,2,1,368,368,368,368,3.782778382529356e-07,9.4482421886255e-07,5.180358886303082e-07,5.346334621680882e-07
main,ZDT3,30,2,1,369,369,369,369,3.784332274214819e-07,9.4482421886255e-07,5.180358886303082e-07,5.346334621680882e-07
main,ZDT3,30,2,1,370,370,370,370,3.7818145748325094e-07,9.4482421886255e-07,5.180358886303082e-07,5.346334621680882e-07
main,ZDT3,30,2,1,371,371,371,371,3.784332274214819e-07,9.4482421886255e-07,5.180358886303082e-07,5.346334621680882e-07
main,ZDT3,30,2,1,372,372,372,372,3.7852960819116654e-07,9.4482421886255e-07,5.180358886303082e-07,5.346334621680882e-07
main,ZDT3,30,2,1,373,373,373,373,3.786259889608512e-07,9.4482421886255e-07,5.180358886303082e-07,5.346334621680882e-07
main,ZDT3,30,2,1,374,374,374,374,3.797121646883367e-07,9.4482421886255e-07,5.180358886303082e-07,5.346334621680882e-07
main,ZDT3,30,2,1,375,375,375,375,3.8079834041582217e-07,9.4482421886255e-07,5.180358886303082e-07,5.346334621680882e-07
main,ZDT3,30,2,1,376,376,376,376,3.8156127946109564e-07,9.4482421886255e-07,5.180358886303082e-07,5.346334621680882e-07
main,ZDT3,30,2,1,377,377,377,377,3.8079834041582217e-07,9.4482421886255e-07,5.180358886303082e-07,5.346334621680882e-07
main,ZDT3,30,2,1,378,378,378,378,3.797121646883367e-07,9.4482421886255e-07,5.180358886303082e-07,5.346334621680882e-07
main,ZDT3,30,2,1,379,379,379,379,3.786259889608512e-07,9.4482421886255e-07,5.180358886303082e-07,5.346334621680882e-07
main,ZDT3,30,2,1,380,380,380,380,3.7852960819116654e-07,9.4482421886255e-07,5.294189453497467e-07,5.346334621680882e-07
main,ZDT3,30,2,1,381,381,381,381,3.784332274214819e-07,9.4482421886255e-07,5.294189453497467e-07,5.346334621680882e-07
main,ZDT3,30,2,1,382,382,382,382,3.7818145748325094e-07,9.4482421886255e-07,5.294189453497467e-07,5.346334621680882e-07
main,ZDT3,30,2,1,383,383,383,383,3.7792968754502e-07,9.4482421886255e-07,5.294189453497467e-07,5.346334621680882e-07
main,ZDT3,30,2,1,384,384,384,384,3.769902885185708e-07,9.4482421886255e-07,5.294189453497467e-07,5.346334621680882e-07
main,ZDT3,30,2,1,385,385,385,385,3.760508894921216e-07,9.4482421886255e-07,5.294189453497467e-07,5.346334621680882e-07
main,ZDT3,30,2,1,386,386,386,386,3.7570688128391733e-07,9.4482421886255e-07,5.294189453497467e-07,5.346334621680882e-07
main,ZDT3,30,2,1,387,387,387,387,3.7536287307571303e-07,9.4482421886255e-07,5.294189453497467e-07,5.346334621680882e-07
main,ZDT3,30,2,1,388,388,388,388,3.7570688128391733e-07,9.4482421886255e-07,5.294189453497467e-07,5.346334621680882e-07
main,ZDT3,30,2,1,389,389,389,389,3.760508894921216e-07,9.4482421886255e-07,5.294189453497467e-07,5.346334621680882e-07
main,ZDT3,30,2,1,390,390,390,390,3.769902885185708e-07,9.4482421886255e-07,5.294189453497467e-07,5.346334621680882e-07
main,ZDT3,30,2,1,391,391,391,391,3.760508894921216e-07,9.4482421886255e-07,5.294189453497467e-07,5.346334621680882e-07
main,ZDT3,30,2,1,392,392,392,392,3.7570688128391733e-07,9.4482421886255e-07,5.294189453497467e-07,5.346334621680882e-07
main,ZDT3,30,2,1,393,393,393,393,3.7536287307571303e-07,9.4482421886255e-07,5.294189453497467e-07,5.346334621680882e-07
main,ZDT3,30,2,1,394,394,394,394,3.7570688128391733e-07,9.4482421886255e-07,5.294189453497467e-07,5.346334621680882e-07
main,ZDT3,30,2,1,395,395,395,395,3.760508894921216e-07,9.4482421886255e-07,5.294189453497467e-07,5.346334621680882e-07
main,ZDT3,30,2,1,396,396,396,396,3.769902885185708e-07,9.4482421886255e-07,5.294189453497467e-07,5.346334621680882e-07
main,ZDT3,30,2,1,397,397,397,397,3.760508894921216e-07,9.4482421886255e-07,5.294189453497467e-07,5.346334621680882e-07
main,ZDT3,30,2,1,398,398,398,398,3.7570688128391733e-07,9.4482421886255e-07,5.294189453497467e-07,5.346334621680882e-07
main,ZDT3,30,2,1,399,399,399,399,3.7536287307571303e-07,9.4482421886255e-07,5.294189453497467e-07,5.346334621680882e-07
main,ZDT3,30,2,1,400,400,400,400,3.7512040133164115e-07,9.4482421886255e-07,5.294189453497467e-07,5.346334621680882e-07
main,ZDT3,30,2,1,401,401,401,401,3.7487792958756927e-07,9.4482421886255e-07,5.294189453497467e-07,5.346334621680882e-07
main,ZDT3,30,2,1,402,402,402,402,3.7512040133164115e-07,9.4482421886255e-07,5.294189453497467e-07,5.346334621680882e-07
main,ZDT3,30,2,1,403,403,403,403,3.7536287307571303e-07,9.4482421886255e-07,5.294189453497467e-07,5.346334621680882e-07
main,ZDT3,30,2,1,404,404,404,404,3.7570688128391733e-07,9.4482421886255e-07,5.294189453497467e-07,5.346334621680882e-07
main,ZDT3,30,2,1,405,405,405,405,3.760508894921216e-07,9.4482421886255e-07,5.294189453497467e-07,5.346334621680882e-07
main,ZDT3,30,2,1,406,406,406,406,3.7570688128391733e-07,9.4482421886255e-07,5.294189453497467e-07,5.346334621680882e-07
main,ZDT3,30,2,1,407,407,407,407,3.760508894921216e-07,9.4482421886255e-07,5.294189453497467e-07,5.346334621680882e-07
main,ZDT3,30,2,1,408,408,408,408,3.7570688128391733e-07,9.4482421886255e-07,5.294189453497467e-07,5.346334621680882e-07
main,ZDT3,30,2,1,409,409,409,409,3.760508894921216e-07,9.4482421886255e-07,5.294189453497467e-07,5.346334621680882e-07
main,ZDT3,30,2,1,410,410,410,410,3.7570688128391733e-07,9.4482421886255e-07,5.294189453497467e-07,5.346334621680882e-07
main,ZDT3,30,2,1,411,411,411,411,3.7536287307571303e-07,9.4482421886255e-07,5.294189453497467e-07,5.346334621680882e-07
main,ZDT3,30,2,1,412,412,412,412,3.7570688128391733e-07,9.4482421886255e-07,5.294189453497467e-07,5.346334621680882e-07
main,ZDT3,30,2,1,413,413,413,413,3.760508894921216e-07,9.4482421886255e-07,5.294189453497467e-07,5.346334621680882e-07
main,ZDT3,30,2,1,414,414,414,414,3.769902885185708e-07,9.4482421886255e-07,5.294189453497467e-07,5.346334621680882e-07
main,ZDT3,30,2,1,415,415,415,415,3.760508894921216e-07,9.4482421886255e-07,5.294189453497467e-07,5.346334621680882e-07
main,ZDT3,30,2,1,416,416,416,416,3.769902885185708e-07,9.4482421886255e-07,5.294189453497467e-07,5.346334621680882e-07
main,ZDT3,30,2,1,417,417,417,417,3.7792968754502e-07,9.4482421886255e-07,5.294189453497467e-07,5.346334621680882e-07
main,ZDT3,30,2,1,418,418,418,418,3.769902885185708e-07,9.4482421886255e-07,5.294189453497467e-07,5.346334621680882e-07
main,ZDT3,30,2,1,419,419,419,419,3.7792968754502e-07,9.4482421886255e-07,5.294189453497467e-07,5.346334621680882e-07
main,ZDT3,30,2,1,420,420,420,420,3.769902885185708e-07,9.4482421886255e-07,5.294189453497467e-07,5.346334621680882e-07
main,ZDT3,30,2,1,421,421,421,421,3.760508894921216e-07,9.4482421886255e-07,5.294189453497467e-07,5.346334621680882e-07
main,ZDT3,30,2,1,422,422,422,422,3.7570688128391733e-07,9.4482421886255e-07,5.294189453497467e-07,5.346334621680882e-07
main,ZDT3,30,2,1,423,423,423,423,3.7536287307571303e-07,9.4482421886255e-07,5.294189453497467e-07,5.346334621680882e-07
main,ZDT3,30,2,1,424,424,424,424,3.7570688128391733e-07,9.4482421886255e-07,5.294189453497467e-07,5.346334621680882e-07
main,ZDT3,30,2,1,425,425,425,425,3.760508894921216e-07,9.4482421886255e-07,5.294189453497467e-07,5.346334621680882e-07
main,ZDT3,30,2,1,426,426,426,426,3.7570688128391733e-07,9.4482421886255e-07,5.294189453497467e-07,5.346334621680882e-07
main,ZDT3,30,2,1,427,427,427,427,3.7536287307571303e-07,9.4482421886255e-07,5.294189453497467e-07,5.346334621680882e-07
main,ZDT3,30,2,1,428,428,428,428,3.7570688128391733e-07,9.4482421886255e-07,5.294189453497467e-07,5.346334621680882e-07
main,ZDT3,30,2,1,429,429,429,429,3.7536287307571303e-07,9.4482421886255e-07,5.294189453497467e-07,5.346334621680882e-07
main,ZDT3,30,2,1,430,430,430,430,3.7512040133164115e-07,9.4482421886255e-07,5.294189453497467e-07,5.346334621680882e-07
main,ZDT3,30,2,1,431,431,431,431,3.7536287307571303e-07,9.4482421886255e-07,5.294189453497467e-07,5.346334621680882e-07
main,ZDT3,30,2,1,432,432,432,432,3.7570688128391733e-07,9.4482421886255e-07,5.294189453497467e-07,5.346334621680882e-07
main,ZDT3,30,2,1,433,433,433,433,3.7536287307571303e-07,9.4482421886255e-07,5.294189453497467e-07,5.346334621680882e-07
main,ZDT3,30,2,1,434,434,434,434,3.7570688128391733e-07,9.4482421886255e-07,5.294189453497467e-07,5.346334621680882e-07
main,ZDT3,30,2,1,435,435,435,435,3.760508894921216e-07,9.4482421886255e-07,5.294189453497467e-07,5.346334621680882e-07
main,ZDT3,30,2,1,436,436,436,436,3.7570688128391733e-07,9.4482421886255e-07,5.294189453497467e-07,5.346334621680882e-07
main,ZDT3,30,2,1,437,437,437,437,3.7536287307571303e-07,9.4482421886255e-07,5.294189453497467e-07,5.346334621680882e-07
main,ZDT3,30,2,1,438,438,438,438,3.7570688128391733e-07,9.4482421886255e-07,5.294189453497467e-07,5.346334621680882e-07
main,ZDT3,30,2,1,439,439,439,439,3.7536287307571303e-07,9.4482421886255e-07,5.294189453497467e-07,5.346334621680882e-07
main,ZDT3,30,2,1,440,440,440,440,3.7512040133164115e-07,9.4482421886255e-07,5.294189453497467e-07,5.346334621680882e-07
main,ZDT3,30,2,1,441,441,441,441,3.7487792958756927e-07,9.4482421886255e-07,5.294189453497467e-07,5.346334621680882e-07
main,ZDT3,30,2,1,442,442,442,442,3.737831115735446e-07,9.4482421886255e-07,5.294189453497467e-07,5.346334621680882e-07
main,ZDT3,30,2,1,443,443,443,443,3.7268829355951993e-07,9.4482421886255e-07,5.294189453497467e-07,5.346334621680882e-07
main,ZDT3,30,2,1,444,444,444,444,3.737831115735446e-07,9.4482421886255e-07,5.294189453497467e-07,5.346334621680882e-07
main,ZDT3,30,2,1,445,445,445,445,3.7487792958756927e-07,9.4482421886255e-07,5.294189453497467e-07,5.346334621680882e-07
main,ZDT3,30,2,1,446,446,446,446,3.737831115735446e-07,9.4482421886255e-07,5.294189453497467e-07,5.346334621680882e-07
main,ZDT3,30,2,1,447,447,447,447,3.7487792958756927e-07,9.4482421886255e-07,5.294189453497467e-07,5.346334621680882e-07
main,ZDT3,30,2,1,448,448,448,448,3.737831115735446e-07,9.4482421886255e-07,5.294189453497467e-07,5.346334621680882e-07
main,ZDT3,30,2,1,449,449,449,449,3.7487792958756927e-07,9.4482421886255e-07,5.294189453497467e-07,5.346334621680882e-07
main,ZDT3,30,2,1,450,450,450,450,3.737831115735446e-07,9.4482421886255e-07,5.294189453497467e-07,5.346334621680882e-07
main,ZDT3,30,2,1,451,451,451,451,3.7487792958756927e-07,9.4482421886255e-07,5.294189453497467e-07,5.346334621680882e-07
main,ZDT3,30,2,1,452,452,452,452,3.737831115735446e-07,9.4482421886255e-07,5.294189453497467e-07,5.346334621680882e-07
main,ZDT3,30,2,1,453,453,453,453,3.7487792958756927e-07,9.4482421886255e-07,5.294189453497467e-07,5.346334621680882e-07
main,ZDT3,30,2,1,454,454,454,454,3.737831115735446e-07,9.4482421886255e-07,5.294189453497467e-07,5.346334621680882e-07
main,ZDT3,30,2,1,455,455,455,455,3.7487792958756927e-07,9.4482421886255e-07,5.294189453497467e-07,5.346334621680882e-07
main,ZDT3,30,2,1,456,456,456,456,3.737831115735446e-07,9.4482421886255e-07,5.294189453497467e-07,5.346334621680882e-07
main,ZDT3,30,2,1,457,457,457,457,3.7487792958756927e-07,9.4482421886255e-07,5.294189453497467e-07,5.346334621680882e-07
main,ZDT3,30,2,1,458,458,458,458,3.7512040133164115e-07,9.4482421886255e-07,5.294189453497467e-07,5.346334621680882e-07
main,ZDT3,30,2,1,459,459,459,459,3.7536287307571303e-07,9.4482421886255e-07,5.294189453497467e-07,5.346334621680882e-07
main,ZDT3,30,2,1,460,460,460,460,3.7512040133164115e-07,9.4482421886255e-07,5.294189453497467e-07,5.346334621680882e-07
main,ZDT3,30,2,1,461,461,461,461,3.7487792958756927e-07,9.4482421886255e-07,5.294189453497467e-07,5.346334621680882e-07
main,ZDT3,30,2,1,462,462,462,462,3.7512040133164115e-07,9.4482421886255e-07,5.294189453497467e-07,5.346334621680882e-07
main,ZDT3,30,2,1,463,463,463,463,3.7536287307571303e-07,9.4482421886255e-07,5.294189453497467e-07,5.346334621680882e-07
main,ZDT3,30,2,1,464,464,464,464,3.7512040133164115e-07,9.4482421886255e-07,5.294189453497467e-07,5.346334621680882e-07
main,ZDT3,30,2,1,465,465,465,465,3.7487792958756927e-07,9.4482421886255e-07,5.294189453497467e-07,5.346334621680882e-07
main,ZDT3,30,2,1,466,466,466,466,3.737831115735446e-07,9.4482421886255e-07,5.294189453497467e-07,5.346334621680882e-07
main,ZDT3,30,2,1,467,467,467,467,3.7487792958756927e-07,9.4482421886255e-07,5.294189453497467e-07,5.346334621680882e-07
main,ZDT3,30,2,1,468,468,468,468,3.737831115735446e-07,9.4482421886255e-07,5.294189453497467e-07,5.346334621680882e-07
main,ZDT3,30,2,1,469,469,469,469,3.7487792958756927e-07,9.4482421886255e-07,5.294189453497467e-07,5.346334621680882e-07
main,ZDT3,30,2,1,470,470,470,470,3.7512040133164115e-07,9.4482421886255e-07,5.294189453497467e-07,5.346334621680882e-07
main,ZDT3,30,2,1,471,471,471,471,3.7487792958756927e-07,9.4482421886255e-07,5.294189453497467e-07,5.346334621680882e-07
main,ZDT3,30,2,1,472,472,472,472,3.7512040133164115e-07,9.4482421886255e-07,5.294189453497467e-07,5.346334621680882e-07
main,ZDT3,30,2,1,473,473,473,473,3.7536287307571303e-07,9.4482421886255e-07,5.294189453497467e-07,5.346334621680882e-07
main,ZDT3,30,2,1,474,474,474,474,3.7570688128391733e-07,9.4482421886255e-07,5.294189453497467e-07,5.346334621680882e-07
main,ZDT3,30,2,1,475,475,475,475,3.760508894921216e-07,9.4482421886255e-07,5.294189453497467e-07,5.346334621680882e-07
main,ZDT3,30,2,1,476,476,476,476,3.7570688128391733e-07,9.4482421886255e-07,5.294189453497467e-07,5.346334621680882e-07
main,ZDT3,30,2,1,477,477,477,477,3.7536287307571303e-07,9.4482421886255e-07,5.294189453497467e-07,5.346334621680882e-07
main,ZDT3,30,2,1,478,478,478,478,3.7570688128391733e-07,9.4482421886255e-07,5.294189453497467e-07,5.346334621680882e-07
main,ZDT3,30,2,1,479,479,479,479,3.7536287307571303e-07,9.4482421886255e-07,5.294189453497467e-07,5.346334621680882e-07
main,ZDT3,30,2,1,480,480,480,480,3.7570688128391733e-07,9.4482421886255e-07,5.294189453497467e-07,5.346334621680882e-07
main,ZDT3,30,2,1,481,481,481,481,3.760508894921216e-07,9.4482421886255e-07,5.294189453497467e-07,5.346334621680882e-07
main,ZDT3,30,2,1,482,482,482,482,3.769902885185708e-07,9.4482421886255e-07,5.294189453497467e-07,5.346334621680882e-07
main,ZDT3,30,2,1,483,483,483,483,3.760508894921216e-07,9.4482421886255e-07,5.294189453497467e-07,5.346334621680882e-07
main,ZDT3,30,2,1,484,484,484,484,3.7570688128391733e-07,9.4482421886255e-07,5.294189453497467e-07,5.346334621680882e-07
main,ZDT3,30,2,1,485,485,485,485,3.7536287307571303e-07,9.4482421886255e-07,5.294189453497467e-07,5.346334621680882e-07
main,ZDT3,30,2,1,486,486,486,486,3.7570688128391733e-07,9.4482421886255e-07,5.294189453497467e-07,5.346334621680882e-07
main,ZDT3,30,2,1,487,487,487,487,3.7536287307571303e-07,9.4482421886255e-07,5.294189453497467e-07,5.346334621680882e-07
main,ZDT3,30,2,1,488,488,488,488,3.7512040133164115e-07,9.4482421886255e-07,5.294189453497467e-07,5.346334621680882e-07
main,ZDT3,30,2,1,489,489,489,489,3.7536287307571303e-07,9.4482421886255e-07,5.294189453497467e-07,5.346334621680882e-07
main,ZDT3,30,2,1,490,490,490,490,3.7570688128391733e-07,9.4482421886255e-07,5.294189453497467e-07,5.346334621680882e-07
main,ZDT3,30,2,1,491,491,491,491,3.7536287307571303e-07,9.4482421886255e-07,5.294189453497467e-07,5.346334621680882e-07
main,ZDT3,30,2,1,492,492,492,492,3.7512040133164115e-07,9.4482421886255e-07,5.294189453497467e-07,5.346334621680882e-07
main,ZDT3,30,2,1,493,493,493,493,3.7536287307571303e-07,9.4482421886255e-07,5.294189453497467e-07,5.346334621680882e-07
main,ZDT3,30,2,1,494,494,494,494,3.7570688128391733e-07,9.4482421886255e-07,5.294189453497467e-07,5.346334621680882e-07
main,ZDT3,30,2,1,495,495,495,495,3.7536287307571303e-07,9.4482421886255e-07,5.294189453497467e-07,5.346334621680882e-07
main,ZDT3,30,2,1,496,496,496,496,3.7512040133164115e-07,9.4482421886255e-07,5.294189453497467e-07,5.346334621680882e-07
main,ZDT3,30,2,1,497,497,497,497,3.7536287307571303e-07,9.4482421886255e-07,5.294189453497467e-07,5.346334621680882e-07
main,ZDT3,30,2,1,498,498,498,498,3.7570688128391733e-07,9.4482421886255e-07,5.294189453497467e-07,5.346334621680882e-07
main,ZDT3,30,2,1,499,499,499,499,3.7536287307571303e-07,9.4482421886255e-07,5.294189453497467e-07,5.346334621680882e-07
main,ZDT3,30,2,1,500,500,500,500,3.7570688128391733e-07,9.4482421886255e-07,5.294189453497467e-07,5.346334621680882e-07
main,ZDT3,30,2,1,501,501,501,501,3.760508894921216e-07,9.4482421886255e-07,5.294189453497467e-07,5.346334621680882e-07
main,ZDT3,30,2,1,502,502,502,502,3.7570688128391733e-07,9.4482421886255e-07,5.294189453497467e-07,5.346334621680882e-07
main,ZDT3,30,2,1,503,503,503,503,3.760508894921216e-07,9.4482421886255e-07,5.294189453497467e-07,5.346334621680882e-07
main,ZDT3,30,2,1,504,504,504,504,3.7570688128391733e-07,9.4482421886255e-07,5.294189453497467e-07,5.346334621680882e-07
main,ZDT3,30,2,1,505,505,505,505,3.7536287307571303e-07,9.4482421886255e-07,5.294189453497467e-07,5.346334621680882e-07
main,ZDT3,30,2,1,506,506,506,506,3.7570688128391733e-07,9.4482421886255e-07,5.294189453497467e-07,5.346334621680882e-07
main,ZDT3,30,2,1,507,507,507,507,3.760508894921216e-07,9.4482421886255e-07,5.294189453497467e-07,5.346334621680882e-07
main,ZDT3,30,2,1,508,508,508,508,3.769902885185708e-07,9.4482421886255e-07,5.294189453497467e-07,5.346334621680882e-07
main,ZDT3,30,2,1,509,509,509,509,3.7792968754502e-07,9.4482421886255e-07,5.294189453497467e-07,5.346334621680882e-07
main,ZDT3,30,2,1,510,510,510,510,3.769902885185708e-07,9.4482421886255e-07,5.294189453497467e-07,5.346334621680882e-07
main,ZDT3,30,2,1,511,511,511,511,3.760508894921216e-07,9.4482421886255e-07,5.294189453497467e-07,5.346334621680882e-07
main,ZDT3,30,2,1,512,512,512,512,3.769902885185708e-07,9.4482421886255e-07,5.294189453497467e-07,5.346334621680882e-07
main,ZDT3,30,2,1,513,513,513,513,3.7792968754502e-07,9.4482421886255e-07,5.294189453497467e-07,5.346334621680882e-07
main,ZDT3,30,2,1,514,514,514,514,3.7818145748325094e-07,9.4482421886255e-07,5.294189453497467e-07,5.346334621680882e-07
main,ZDT3,30,2,1,515,515,515,515,3.784332274214819e-07,9.4482421886255e-07,5.294189453497467e-07,5.346334621680882e-07
main,ZDT3,30,2,1,516,516,516,516,3.7852960819116654e-07,9.4482421886255e-07,5.294189453497467e-07,5.346334621680882e-07
main,ZDT3,30,2,1,517,517,517,517,3.784332274214819e-07,9.4482421886255e-07,5.294189453497467e-07,5.346334621680882e-07
main,ZDT3,30,2,1,518,518,518,518,3.7818145748325094e-07,9.4482421886255e-07,5.294189453497467e-07,5.346334621680882e-07
main,ZDT3,30,2,1,519,519,519,519,3.784332274214819e-07,9.4482421886255e-07,5.294189453497467e-07,5.346334621680882e-07
main,ZDT3,30,2,1,520,520,520,520,3.7852960819116654e-07,9.4482421886255e-07,5.294189453497467e-07,5.346334621680882e-07
main,ZDT3,30,2,1,521,521,521,521,3.784332274214819e-07,9.4482421886255e-07,5.294189453497467e-07,5.346334621680882e-07
main,ZDT3,30,2,1,522,522,522,522,3.7818145748325094e-07,9.4482421886255e-07,5.294189453497467e-07,5.346334621680882e-07
main,ZDT3,30,2,1,523,523,523,523,3.7792968754502e-07,9.4482421886255e-07,5.294189453497467e-07,5.346334621680882e-07
main,ZDT3,30,2,1,524,524,524,524,3.7818145748325094e-07,9.4482421886255e-07,5.294189453497467e-07,5.346334621680882e-07
main,ZDT3,30,2,1,525,525,525,525,3.784332274214819e-07,9.4482421886255e-07,5.294189453497467e-07,5.346334621680882e-07
main,ZDT3,30,2,1,526,526,526,526,3.7818145748325094e-07,9.4482421886255e-07,5.294189453497467e-07,5.346334621680882e-07
main,ZDT3,30,2,1,527,527,527,527,3.7792968754502e-07,9.4482421886255e-07,5.294189453497467e-07,5.346334621680882e-07
main,ZDT3,30,2,1,528,528,528,528,3.769902885185708e-07,9.4482421886255e-07,5.294189453497467e-07,5.346334621680882e-07
main,ZDT3,30,2,1,529,529,529,529,3.760508894921216e-07,9.4482421886255e-07,5.294189453497467e-07,5.346334621680882e-07
main,ZDT3,30,2,1,530,530,530,530,3.769902885185708e-07,9.4482421886255e-07,5.294189453497467e-07,5.346334621680882e-07
main,ZDT3,30,2,1,531,531,531,531,3.760508894921216e-07,9.4482421886255e-07,5.294189453497467e-07,5.346334621680882e-07
main,ZDT3,30,2,1,532,532,532,532,3.7570688128391733e-07,9.4482421886255e-07,5.294189453497467e-07,5.346334621680882e-07
main,ZDT3,30,2,1,533,533,533,533,3.760508894921216e-07,9.4482421886255e-07,5.294189453497467e-07,5.346334621680882e-07
main,ZDT3,30,2,1,534,534,534,534,3.7570688128391733e-07,9.4482421886255e-07,5.294189453497467e-07,5.346334621680882e-07
main,ZDT3,30,2,1,535,535,535,535,3.760508894921216e-07,9.4482421886255e-07,5.294189453497467e-07,5.346334621680882e-07
main,ZDT3,30,2,1,536,536,536,536,3.7570688128391733e-07,9.4482421886255e-07,5.294189453497467e-07,5.346334621680882e-07
main,ZDT3,30,2,1,537,537,537,537,3.7536287307571303e-07,9.4482421886255e-07,5.294189453497467e-07,5.346334621680882e-07
main,ZDT3,30,2,1,538,538,538,538,3.7512040133164115e-07,9.4482421886255e-07,5.294189453497467e-07,5.346334621680882e-07
main,ZDT3,30,2,1,539,539,539,539,3.7536287307571303e-07,9.4482421886255e-07,5.294189453497467e-07,5.346334621680882e-07
main,ZDT3,30,2,1,540,540,540,540,3.7570688128391733e-07,9.4482421886255e-07,5.294189453497467e-07,5.346334621680882e-07
main,ZDT3,30,2,1,541,541,541,541,3.7536287307571303e-07,9.4482421886255e-07,5.294189453497467e-07,5.346334621680882e-07
main,ZDT3,30,2,1,542,542,542,542,3.7512040133164115e-07,9.4482421886255e-07,5.294189453497467e-07,5.346334621680882e-07
main,ZDT3,30,2,1,543,543,543,543,3.7487792958756927e-07,9.4482421886255e-07,5.294189453497467e-07,5.346334621680882e-07
main,ZDT3,30,2,1,544,544,544,544,3.741836845372326e-07,9.4482421886255e-07,5.294189453497467e-07,5.346334621680882e-07
main,ZDT3,30,2,1,545,545,545,545,3.7487792958756927e-07,9.4482421886255e-07,5.294189453497467e-07,5.346334621680882e-07
main,ZDT3,30,2,1,546,546,546,546,3.741836845372326e-07,9.4482421886255e-07,5.294189453497467e-07,5.346334621680882e-07
main,ZDT3,30,2,1,547,547,547,547,3.7487792958756927e-07,9.4482421886255e-07,5.294189453497467e-07,5.346334621680882e-07
main,ZDT3,30,2,1,548,548,548,548,3.741836845372326e-07,9.4482421886255e-07,5.294189453497467e-07,5.346334621680882e-07
main,ZDT3,30,2,1,549,549,549,549,3.7487792958756927e-07,9.4482421886255e-07,5.294189453497467e-07,5.346334621680882e-07
main,ZDT3,30,2,1,550,550,550,550,3.7512040133164115e-07,9.4482421886255e-07,5.294189453497467e-07,5.346334621680882e-07
main,ZDT3,30,2,1,551,551,551,551,3.7487792958756927e-07,9.4482421886255e-07,5.294189453497467e-07,5.346334621680882e-07
main,ZDT3,30,2,1,552,552,552,552,3.7512040133164115e-07,9.4482421886255e-07,5.294189453497467e-07,5.346334621680882e-07
main,ZDT3,30,2,1,553,553,553,553,3.7536287307571303e-07,9.4482421886255e-07,5.294189453497467e-07,5.346334621680882e-07
main,ZDT3,30,2,1,554,554,554,554,3.7512040133164115e-07,9.4482421886255e-07,5.294189453497467e-07,5.346334621680882e-07
main,ZDT3,30,2,1,555,555,555,555,3.7536287307571303e-07,9.4482421886255e-07,5.294189453497467e-07,5.346334621680882e-07
main,ZDT3,30,2,1,556,556,556,556,3.7570688128391733e-07,9.4482421886255e-07,5.294189453497467e-07,5.346334621680882e-07
main,ZDT3,30,2,1,557,557,557,557,3.7536287307571303e-07,9.4482421886255e-07,5.294189453497467e-07,5.346334621680882e-07
main,ZDT3,30,2,1,558,558,558,558,3.7570688128391733e-07,9.4482421886255e-07,5.294189453497467e-07,5.346334621680882e-07
main,ZDT3,30,2,1,559,559,559,559,3.7536287307571303e-07,9.4482421886255e-07,5.294189453497467e-07,5.346334621680882e-07
main,ZDT3,30,2,1,560,560,560,560,3.7570688128391733e-07,9.4482421886255e-07,5.294189453497467e-07,5.346334621680882e-07
main,ZDT3,30,2,1,561,561,561,561,3.7536287307571303e-07,9.4482421886255e-07,5.294189453497467e-07,5.346334621680882e-07
main,ZDT3,30,2,1,562,562,562,562,3.7570688128391733e-07,9.4482421886255e-07,5.294189453497467e-07,5.346334621680882e-07
main,ZDT3,30,2,1,563,563,563,563,3.760508894921216e-07,9.4482421886255e-07,5.294189453497467e-07,5.346334621680882e-07
main,ZDT3,30,2,1,564,564,564,564,3.769902885185708e-07,9.4482421886255e-07,5.294189453497467e-07,5.346334621680882e-07
main,ZDT3,30,2,1,565,565,565,565,3.7792968754502e-07,9.4482421886255e-07,5.294189453497467e-07,5.346334621680882e-07
main,ZDT3,30,2,1,566,566,566,566,3.7818145748325094e-07,9.4482421886255e-07,5.294189453497467e-07,5.346334621680882e-07
main,ZDT3,30,2,1,567,567,567,567,3.7792968754502e-07,9.4482421886255e-07,5.294189453497467e-07,5.346334621680882e-07
main,ZDT3,30,2,1,568,568,568,568,3.769902885185708e-07,9.4482421886255e-07,5.294189453497467e-07,5.346334621680882e-07
main,ZDT3,30,2,1,569,569,569,569,3.7792968754502e-07,9.4482421886255e-07,5.294189453497467e-07,5.346334621680882e-07
main,ZDT3,30,2,1,570,570,570,570,3.7818145748325094e-07,9.4482421886255e-07,5.294189453497467e-07,5.346334621680882e-07
main,ZDT3,30,2,1,571,571,571,571,3.784332274214819e-07,9.4482421886255e-07,5.294189453497467e-07,5.346334621680882e-07
main,ZDT3,30,2,1,572,572,572,572,3.7818145748325094e-07,9.4482421886255e-07,5.294189453497467e-07,5.346334621680882e-07
main,ZDT3,30,2,1,573,573,573,573,3.7792968754502e-07,9.4482421886255e-07,5.294189453497467e-07,5.346334621680882e-07
main,ZDT3,30,2,1,574,574,574,574,3.7818145748325094e-07,9.4482421886255e-07,5.294189453497467e-07,5.346334621680882e-07
main,ZDT3,30,2,1,575,575,575,575,3.7792968754502e-07,9.4482421886255e-07,5.294189453497467e-07,5.346334621680882e-07
main,ZDT3,30,2,1,576,576,576,576,3.769902885185708e-07,9.4482421886255e-07,5.294189453497467e-07,5.346334621680882e-07
main,ZDT3,30,2,1,577,577,577,577,3.760508894921216e-07,9.4482421886255e-07,5.294189453497467e-07,5.346334621680882e-07
main,ZDT3,30,2,1,578,578,578,578,3.7570688128391733e-07,9.4482421886255e-07,5.294189453497467e-07,5.346334621680882e-07
main,ZDT3,30,2,1,579,579,579,579,3.760508894921216e-07,9.4482421886255e-07,5.294189453497467e-07,5.346334621680882e-07
main,ZDT3,30,2,1,580,580,580,580,3.7625835835929447e-07,9.4482421886255e-07,5.294189453497467e-07,5.346334621680882e-07
main,ZDT3,30,2,1,581,581,581,581,3.764658272264673e-07,9.4482421886255e-07,5.294189453497467e-07,5.346334621680882e-07
main,ZDT3,30,2,1,582,582,582,582,3.7625835835929447e-07,9.4482421886255e-07,5.294189453497467e-07,5.346334621680882e-07
main,ZDT3,30,2,1,583,583,583,583,3.760508894921216e-07,9.4482421886255e-07,5.294189453497467e-07,5.346334621680882e-07
main,ZDT3,30,2,1,584,584,584,584,3.7625835835929447e-07,9.4482421886255e-07,5.294189453497467e-07,5.346334621680882e-07
main,ZDT3,30,2,1,585,585,585,585,3.760508894921216e-07,9.4482421886255e-07,5.294189453497467e-07,5.346334621680882e-07
main,ZDT3,30,2,1,586,586,586,586,3.7625835835929447e-07,9.4482421886255e-07,5.294189453497467e-07,5.346334621680882e-07
main,ZDT3,30,2,1,587,587,587,587,3.764658272264673e-07,9.4482421886255e-07,5.294189453497467e-07,5.346334621680882e-07
main,ZDT3,30,2,1,588,588,588,588,3.7625835835929447e-07,9.4482421886255e-07,5.294189453497467e-07,5.346334621680882e-07
main,ZDT3,30,2,1,589,589,589,589,3.764658272264673e-07,9.4482421886255e-07,5.294189453497467e-07,5.346334621680882e-07
main,ZDT3,30,2,1,590,590,590,590,3.7719775738574365e-07,9.4482421886255e-07,5.294189453497467e-07,5.346334621680882e-07
main,ZDT3,30,2,1,591,591,591,591,3.7792968754502e-07,9.4482421886255e-07,5.294189453497467e-07,5.346334621680882e-07
main,ZDT3,30,2,1,592,592,592,592,3.7719775738574365e-07,9.4482421886255e-07,5.294189453497467e-07,5.346334621680882e-07
main,ZDT3,30,2,1,593,593,593,593,3.7792968754502e-07,9.4482421886255e-07,5.294189453497467e-07,5.346334621680882e-07
main,ZDT3,30,2,1,594,594,594,594,3.7719775738574365e-07,9.4482421886255e-07,5.294189453497467e-07,5.346334621680882e-07
main,ZDT3,30,2,1,595,595,595,595,3.7792968754502e-07,9.4482421886255e-07,5.294189453497467e-07,5.346334621680882e-07
main,ZDT3,30,2,1,596,596,596,596,3.7719775738574365e-07,9.4482421886255e-07,5.294189453497467e-07,5.346334621680882e-07
main,ZDT3,30,2,1,597,597,597,597,3.7792968754502e-07,9.4482421886255e-07,5.294189453497467e-07,5.346334621680882e-07
main,ZDT3,30,2,1,598,598,598,598,3.7719775738574365e-07,9.4482421886255e-07,5.294189453497467e-07,5.346334621680882e-07
main,ZDT3,30,2,1,599,599,599,599,3.7792968754502e-07,9.4482421886255e-07,5.294189453497467e-07,5.346334621680882e-07
main,ZDT3,30,2,1,600,600,600,600,3.7818145748325094e-07,9.4482421886255e-07,5.294189453497467e-07,5.346334621680882e-07
main,ZDT4,10,2,1,1,1,1,1,7.348632806269961e-06,7.348632806269961e-06,3.642978668172425e-07,4.5056291342326915e-07
main,ZDT4,10,2,1,2,2,2,2,4.170898435518211e-06,7.348632806269961e-06,6.191406249911324e-07,4.5056291342326915e-07
main,ZDT4,10,2,1,3,3,3,3,4.1328125064410415e-06,7.348632806269961e-06,7.318115233800881e-07,4.5056291342326915e-07
main,ZDT4,10,2,1,4,4,4,4,5.205566409927087e-06,7.348632806269961e-06,7.318115233800881e-07,4.5056291342326915e-07
main,ZDT4,10,2,1,5,5,5,5,4.367187500520231e-06,7.348632806269961e-06,7.318115233800881e-07,4.5056291342326915e-07
main,ZDT4,10,2,1,6,6,6,6,4.250000003480636e-06,7.348632806269961e-06,7.318115233800881e-07,4.5056291342326915e-07
main,ZDT4,10,2,1,7,7,7,7,4.1328125064410415e-06,7.348632806269961e-06,1.1989746084850594e-06,4.5056291342326915e-07
main,ZDT4,10,2,1,8,8,8,8,4.250000003480636e-06,7.348632806269961e-06,1.1989746084850594e-06,4.5056291342326915e-07
main,ZDT4,10,2,1,9,9,9,9,4.367187500520231e-06,7.348632806269961e-06,1.1989746084850594e-06,4.5056291342326915e-07
main,ZDT4,10,2,1,10,10,10,10,4.3750000031650416e-06,7.348632806269961e-06,1.1989746084850594e-06,4.5056291342326915e-07
main,ZDT4,10,2,1,11,11,11,11,4.367187500520231e-06,7.348632806269961e-06,1.1989746084850594e-06,4.5056291342326915e-07
main,ZDT4,10,2,1,12,12,12,12,4.250000003480636e-06,7.348632806269961e-06,1.1989746084850594e-06,4.5056291342326915e-07
main,ZDT4,10,2,1,13,13,13,13,4.367187500520231e-06,7.348632806269961e-06,1.1989746084850594e-06,4.5056291342326915e-07
main,ZDT4,10,2,1,14,14,14,14,4.3750000031650416e-06,7.353515627528395e-06,1.1989746084850594e-06,4.5056291342326915e-07
main,ZDT4,10,2,1,15,15,15,15,4.367187500520231e-06,7.353515627528395e-06,1.1989746084850594e-06,4.5056291342326915e-07
main,ZDT4,10,2,1,16,16,16,16,4.250000003480636e-06,7.353515627528395e-06,1.3272705068345658e-06,4.5056291342326915e-07
main,ZDT4,10,2,1,17,17,17,17,4.367187500520231e-06,7.353515627528395e-06,1.3272705068345658e-06,4.5056291342326915e-07
main,ZDT4,10,2,1,18,18,18,18,4.3750000031650416e-06,7.353515627528395e-06,1.3272705068345658e-06,4.5056291342326915e-07
main,ZDT4,10,2,1,19,19,19,19,4.367187500520231e-06,7.353515627528395e-06,1.3272705068345658e-06,4.5056291342326915e-07
main,ZDT4,10,2,1,20,20,20,20,4.250000003480636e-06,7.353515627528395e-06,1.3272705068345658e-06,4.786880222207301e-07
main,ZDT4,10,2,1,21,21,21,21,4.1328125064410415e-06,7.353515627528395e-06,1.3272705068345658e-06,4.786880222207301e-07
main,ZDT4,10,2,1,22,22,22,22,4.250000003480636e-06,7.353515627528395e-06,1.3272705068345658e-06,4.786880222207301e-07
main,ZDT4,10,2,1,23,23,23,23,4.1328125064410415e-06,7.353515627528395e-06,1.3272705068345658e-06,4.786880222207301e-07
main,ZDT4,10,2,1,24,24,24,24,4.126464844489419e-06,7.353515627528395e-06,1.3272705068345658e-06,4.786880222207301e-07
main,ZDT4,10,2,1,25,25,25,25,4.120117182537797e-06,7.353515627528395e-06,1.3272705068345658e-06,4.786880222207301e-07
main,ZDT4,10,2,1,26,26,26,26,3.864257806185378e-06,7.353515627528395e-06,1.3272705068345658e-06,4.786880222207301e-07
main,ZDT4,10,2,1,27,27,27,27,4.120117182537797e-06,7.353515627528395e-06,1.3272705068345658e-06,4.786880222207301e-07
main,ZDT4,10,2,1,28,28,28,28,3.864257806185378e-06,7.353515627528395e-06,1.3272705068345658e-06,4.786880222207301e-07
main,ZDT4,10,2,1,29,29,29,29,4.120117182537797e-06,7.353515627528395e-06,1.3272705068345658e-06,4.786880222207301e-07
main,ZDT4,10,2,1,30,30,30,30,3.864257806185378e-06,7.353515627528395e-06,1.3272705068345658e-06,4.786880222207301e-07
main,ZDT4,10,2,1,31,31,31,31,4.120117182537797e-06,7.353515627528395e-06,1.3272705068345658e-06,4.786880222207301e-07
main,ZDT4,10,2,1,32,32,32,32,3.864257806185378e-06,7.353515627528395e-06,1.3272705068345658e-06,4.786880222207301e-07
main,ZDT4,10,2,1,33,33,33,33,3.6083984298329597e-06,7.353515627528395e-06,1.3272705068345658e-06,4.786880222207301e-07
main,ZDT4,10,2,1,34,34,34,34,3.864257806185378e-06,7.353515627528395e-06,1.3272705068345658e-06,4.786880222207301e-07
main,ZDT4,10,2,1,35,35,35,35,4.120117182537797e-06,7.353515627528395e-06,1.3272705068345658e-06,4.786880222207301e-07
main,ZDT4,10,2,1,36,36,36,36,3.864257806185378e-06,7.353515627528395e-06,1.3272705068345658e-06,4.786880222207301e-07
main,ZDT4,10,2,1,37,37,37,37,4.120117182537797e-06,7.353515627528395e-06,1.3272705068345658e-06,4.786880222207301e-07
main,ZDT4,10,2,1,38,38,38,38,3.864257806185378e-06,7.353515627528395e-06,1.3272705068345658e-06,4.786880222207301e-07
main,ZDT4,10,2,1,39,39,39,39,3.6083984298329597e-06,7.353515627528395e-06,1.3272705068345658e-06,4.786880222207301e-07
main,ZDT4,10,2,1,40,40,40,40,3.864257806185378e-06,7.353515627528395e-06,1.3272705068345658e-06,4.786880222207301e-07
main,ZDT4,10,2,1,41,41,41,41,3.6083984298329597e-06,7.353515627528395e-06,1.3272705068345658e-06,4.786880222207301e-07
main,ZDT4,10,2,1,42,42,42,42,3.864257806185378e-06,7.353515627528395e-06,1.3272705068345658e-06,4.786880222207301e-07
main,ZDT4,10,2,1,43,43,43,43,3.6083984298329597e-06,7.353515627528395e-06,1.3272705068345658e-06,4.786880222207301e-07
main,ZDT4,10,2,1,44,44,44,44,3.5146484407277967e-06,7.353515627528395e-06,1.3272705068345658e-06,4.786880222207301e-07
main,ZDT4,10,2,1,45,45,45,45,3.4208984516226337e-06,7.353515627528395e-06,1.3272705068345658e-06,4.786880222207301e-07
main,ZDT4,10,2,1,46,46,46,46,3.5146484407277967e-06,7.353515627528395e-06,1.3272705068345658e-06,4.786880222207301e-07
main,ZDT4,10,2,1,47,47,47,47,3.6083984298329597e-06,9.244140642294951e-06,1.3272705068345658e-06,4.786880222207301e-07
main,ZDT4,10,2,1,48,48,48,48,3.6704101518125754e-06,9.244140642294951e-06,1.3272705068345658e-06,4.786880222207301e-07
main,ZDT4,10,2,1,49,49,49,49,3.732421873792191e-06,9.244140642294951e-06,1.3272705068345658e-06,4.786880222207301e-07
main,ZDT4,10,2,1,50,50,50,50,3.926269528164994e-06,1.4429687496431143e-05,1.3272705068345658e-06,4.786880222207301e-07
main,ZDT4,10,2,1,51,51,51,51,3.732421873792191e-06,1.4429687496431143e-05,1.3272705068345658e-06,4.786880222207301e-07
main,ZDT4,10,2,1,52,52,52,52,3.6704101518125754e-06,1.4429687496431143e-05,1.3272705068345658e-06,4.786880222207301e-07
main,ZDT4,10,2,1,53,53,53,53,3.732421873792191e-06,1.4429687496431143e-05,1.3272705068345658e-06,4.786880222207301e-07
main,ZDT4,10,2,1,54,54,54,54,3.8789062557498255e-06,1.4429687496431143e-05,1.3272705068345658e-06,4.786880222207301e-07
main,ZDT4,10,2,1,55,55,55,55,3.732421873792191e-06,1.4429687496431143e-05,1.3272705068345658e-06,4.786880222207301e-07
main,ZDT4,10,2,1,56,56,56,56,3.8789062557498255e-06,1.4429687496431143e-05,1.3272705068345658e-06,4.786880222207301e-07
main,ZDT4,10,2,1,57,57,57,57,3.732421873792191e-06,1.4429687496431143e-05,1.3272705068345658e-06,4.786880222207301e-07
main,ZDT4,10,2,1,58,58,58,58,3.8789062557498255e-06,1.4429687496431143e-05,1.3272705068345658e-06,4.786880222207301e-07
main,ZDT4,10,2,1,59,59,59,59,3.732421873792191e-06,1.4429687496431143e-05,1.3272705068345658e-06,4.786880222207301e-07
main,ZDT4,10,2,1,60,60,60,60,3.8789062557498255e-06,1.4429687496431143e-05,1.3272705068345658e-06,4.786880222207301e-07
main,ZDT4,10,2,1,61,61,61,61,4.02539063770746e-06,1.4429687496431143e-05,1.3272705068345658e-06,4.786880222207301e-07
main,ZDT4,10,2,1,62,62,62,62,3.8789062557498255e-06,1.4429687496431143e-05,1.3272705068345658e-06,4.786880222207301e-07
main,ZDT4,10,2,1,63,63,63,63,4.02539063770746e-06,1.4429687496431143e-05,1.3272705068345658e-06,4.786880222207301e-07
main,ZDT4,10,2,1,64,64,64,64,4.0727539101226284e-06,1.4429687496431143e-05,1.3272705068345658e-06,4.786880222207301e-07
main,ZDT4,10,2,1,65,65,65,65,4.120117182537797e-06,1.4429687496431143e-05,1.3272705068345658e-06,4.786880222207301e-07
main,ZDT4,10,2,1,66,66,66,66,4.126464844489419e-06,1.469921875241198e-05,1.3272705068345658e-06,4.786880222207301e-07
main,ZDT4,10,2,1,67,67,67,67,4.1328125064410415e-06,1.469921875241198e-05,1.3272705068345658e-06,4.786880222207301e-07
main,ZDT4,10,2,1,68,68,68,68,4.145507816133431e-06,1.469921875241198e-05,1.3272705068345658e-06,4.786880222207301e-07
main,ZDT4,10,2,1,69,69,69,69,4.1328125064410415e-06,1.469921875241198e-05,1.3272705068345658e-06,4.786880222207301e-07
main,ZDT4,10,2,1,70,70,70,70,4.145507816133431e-06,1.469921875241198e-05,1.3272705068345658e-06,4.786880222207301e-07
main,ZDT4,10,2,1,71,71,71,71,4.158203125825821e-06,1.469921875241198e-05,1.3272705068345658e-06,4.786880222207301e-07
main,ZDT4,10,2,1,72,72,72,72,4.25537109549623e-06,1.469921875241198e-05,1.3272705068345658e-06,4.786880222207301e-07
main,ZDT4,10,2,1,73,73,73,73,4.3525390651666385e-06,1.469921875241198e-05,1.3272705068345658e-06,4.786880222207301e-07
main,ZDT4,10,2,1,74,74,74,74,4.359863282843435e-06,1.469921875241198e-05,1.3272705068345658e-06,4.786880222207301e-07
main,ZDT4,10,2,1,75,75,75,75,4.3525390651666385e-06,1.469921875241198e-05,1.3272705068345658e-06,4.786880222207301e-07
main,ZDT4,10,2,1,76,76,76,76,4.25537109549623e-06,1.469921875241198e-05,1.3272705068345658e-06,4.786880222207301e-07
main,ZDT4,10,2,1,77,77,77,77,4.3525390651666385e-06,1.469921875241198e-05,1.3272705068345658e-06,4.786880222207301e-07
main,ZDT4,10,2,1,78,78,78,78,4.359863282843435e-06,1.469921875241198e-05,1.3272705068345658e-06,4.786880222207301e-07
main,ZDT4,10,2,1,79,79,79,79,4.367187500520231e-06,1.469921875241198e-05,1.3272705068345658e-06,4.786880222207301e-07
main,ZDT4,10,2,1,80,80,80,80,4.3750000031650416e-06,1.469921875241198e-05,1.3272705068345658e-06,4.786880222207301e-07
main,ZDT4,10,2,1,81,81,81,81,4.382812505809852e-06,1.469921875241198e-05,1.3272705068345658e-06,4.786880222207301e-07
main,ZDT4,10,2,1,82,82,82,82,4.3750000031650416e-06,1.469921875241198e-05,1.3272705068345658e-06,4.786880222207301e-07
main,ZDT4,10,2,1,83,83,83,83,4.367187500520231e-06,1.469921875241198e-05,1.3272705068345658e-06,4.786880222207301e-07
main,ZDT4,10,2,1,84,84,84,84,4.359863282843435e-06,1.469921875241198e-05,1.3272705068345658e-06,4.786880222207301e-07
main,ZDT4,10,2,1,85,85,85,85,4.367187500520231e-06,1.469921875241198e-05,1.3272705068345658e-06,4.786880222207301e-07
main,ZDT4,10,2,1,86,86,86,86,4.3750000031650416e-06,1.469921875241198e-05,1.3272705068345658e-06,4.786880222207301e-07
main,ZDT4,10,2,1,87,87,87,87,4.382812505809852e-06,1.469921875241198e-05,1.3272705068345658e-06,4.786880222207301e-07
main,ZDT4,10,2,1,88,88,88,88,4.576660160182655e-06,1.469921875241198e-05,1.3272705068345658e-06,4.786880222207301e-07
main,ZDT4,10,2,1,89,89,89,89,4.382812505809852e-06,1.469921875241198e-05,1.3272705068345658e-06,4.786880222207301e-07
main,ZDT4,10,2,1,90,90,90,90,4.576660160182655e-06,1.5343750021656888e-05,1.3272705068345658e-06,4.786880222207301e-07
main,ZDT4,10,2,1,91,91,91,91,4.770507814555458e-06,1.5343750021656888e-05,1.3272705068345658e-06,4.786880222207301e-07
main,ZDT4,10,2,1,92,92,92,92,4.7875976605382675e-06,1.5343750021656888e-05,1.3272705068345658e-06,4.786880222207301e-07
main,ZDT4,10,2,1,93,93,93,93,4.804687506521077e-06,1.5343750021656888e-05,1.3272705068345658e-06,4.786880222207301e-07
main,ZDT4,10,2,1,94,94,94,94,4.7875976605382675e-06,1.5343750021656888e-05,1.3272705068345658e-06,4.786880222207301e-07
main,ZDT4,10,2,1,95,95,95,95,4.770507814555458e-06,1.5343750021656888e-05,1.3272705068345658e-06,4.786880222207301e-07
main,ZDT4,10,2,1,96,96,96,96,4.576660160182655e-06,1.5343750021656888e-05,1.3272705068345658e-06,4.923821479768317e-07
main,ZDT4,10,2,1,97,97,97,97,4.770507814555458e-06,1.5343750021656888e-05,1.3272705068345658e-06,4.923821479768317e-07
main,ZDT4,10,2,1,98,98,98,98,4.7875976605382675e-06,1.5343750021656888e-05,1.3272705068345658e-06,4.923821479768317e-07
main,ZDT4,10,2,1,99,99,99,99,4.770507814555458e-06,1.5343750021656888e-05,1.3272705068345658e-06,4.923821479768317e-07
main,ZDT4,10,2,1,100,100,100,100,4.7875976605382675e-06,1.5343750021656888e-05,1.3272705068345658e-06,4.923821479768317e-07
main,ZDT4,10,2,1,101,101,101,101,4.770507814555458e-06,1.5343750021656888e-05,1.3272705068345658e-06,4.923821479768317e-07
main,ZDT4,10,2,1,102,102,102,102,4.7875976605382675e-06,1.5343750021656888e-05,1.3272705068345658e-06,4.923821479768317e-07
main,ZDT4,10,2,1,103,103,103,103,4.804687506521077e-06,1.5343750021656888e-05,1.3272705068345658e-06,4.923821479768317e-07
main,ZDT4,10,2,1,104,104,104,104,4.849609382517883e-06,1.5343750021656888e-05,1.3272705068345658e-06,4.923821479768317e-07
main,ZDT4,10,2,1,105,105,105,105,4.894531258514689e-06,1.5343750021656888e-05,1.3272705068345658e-06,4.923821479768317e-07
main,ZDT4,10,2,1,106,106,106,106,4.849609382517883e-06,1.5343750021656888e-05,1.3272705068345658e-06,4.923821479768317e-07
main,ZDT4,10,2,1,107,107,107,107,4.804687506521077e-06,1.5343750021656888e-05,1.3272705068345658e-06,4.923821479768317e-07
main,ZDT4,10,2,1,108,108,108,108,4.849609382517883e-06,1.5343750021656888e-05,1.3272705068345658e-06,4.923821479768317e-07
main,ZDT4,10,2,1,109,109,109,109,4.804687506521077e-06,1.5343750021656888e-05,1.3272705068345658e-06,4.923821479768317e-07
main,ZDT4,10,2,1,110,110,110,110,4.849609382517883e-06,1.5343750021656888e-05,1.3272705068345658e-06,4.923821479768317e-07
main,ZDT4,10,2,1,111,111,111,111,4.894531258514689e-06,1.5343750021656888e-05,1.3272705068345658e-06,4.923821479768317e-07
main,ZDT4,10,2,1,112,112,112,112,4.978515633524694e-06,1.5343750021656888e-05,1.3272705068345658e-06,4.923821479768317e-07
main,ZDT4,10,2,1,113,113,113,113,5.062500008534698e-06,1.5343750021656888e-05,1.3272705068345658e-06,4.923821479768317e-07
main,ZDT4,10,2,1,114,114,114,114,5.105468744659447e-06,1.5343750021656888e-05,1.3272705068345658e-06,4.923821479768317e-07
main,ZDT4,10,2,1,115,115,115,115,5.148437480784196e-06,1.5343750021656888e-05,1.3272705068345658e-06,4.923821479768317e-07
main,ZDT4,10,2,1,116,116,116,116,5.185546868347046e-06,1.5343750021656888e-05,1.3272705068345658e-06,4.923821479768317e-07
main,ZDT4,10,2,1,117,117,117,117,5.148437480784196e-06,1.5343750021656888e-05,1.3272705068345658e-06,4.923821479768317e-07
main,ZDT4,10,2,1,118,118,118,118,5.185546868347046e-06,1.5343750021656888e-05,1.3272705068345658e-06,4.923821479768317e-07
main,ZDT4,10,2,1,119,119,119,119,5.2226562559098966e-06,1.5343750021656888e-05,1.3272705068345658e-06,4.923821479768317e-07
main,ZDT4,10,2,1,120,120,120,120,5.229492202829533e-06,1.5343750021656888e-05,1.3272705068345658e-06,4.923821479768317e-07
main,ZDT4,10,2,1,121,121,121,121,5.2226562559098966e-06,1.5343750021656888e-05,1.3272705068345658e-06,4.923821479768317e-07
main,ZDT4,10,2,1,122,122,122,122,5.185546868347046e-06,1.5343750021656888e-05,1.3272705068345658e-06,4.923821479768317e-07
main,ZDT4,10,2,1,123,123,123,123,5.148437480784196e-06,1.5343750021656888e-05,1.3272705068345658e-06,4.965190100753719e-07
main,ZDT4,10,2,1,124,124,124,124,5.121093749949068e-06,1.5343750021656888e-05,1.3272705068345658e-06,4.965190100753719e-07
main,ZDT4,10,2,1,125,125,125,125,5.148437480784196e-06,1.537499997539271e-05,1.3272705068345658e-06,4.965190100753719e-07
main,ZDT4,10,2,1,126,126,126,126,5.121093749949068e-06,1.537499997539271e-05,1.3272705068345658e-06,4.965190100753719e-07
main,ZDT4,10,2,1,127,127,127,127,5.148437480784196e-06,1.537499997539271e-05,1.3272705068345658e-06,4.965190100753719e-07
main,ZDT4,10,2,1,128,128,128,128,5.121093749949068e-06,1.537499997539271e-05,1.3272705068345658e-06,4.965190100753719e-07
main,ZDT4,10,2,1,129,129,129,129,5.148437480784196e-06,1.537499997539271e-05,1.3272705068345658e-06,4.965190100753719e-07
main,ZDT4,10,2,1,130,130,130,130,5.185546868347046e-06,1.537499997539271e-05,1.3272705068345658e-06,4.965190100753719e-07
main,ZDT4,10,2,1,131,131,131,131,5.148437480784196e-06,1.537499997539271e-05,1.3272705068345658e-06,4.965190100753719e-07
main,ZDT4,10,2,1,132,132,132,132,5.185546868347046e-06,1.537499997539271e-05,1.3272705068345658e-06,4.991792695190934e-07
main,ZDT4,10,2,1,133,133,133,133,5.2226562559098966e-06,1.537499997539271e-05,1.3272705068345658e-06,4.991792695190934e-07
main,ZDT4,10,2,1,134,134,134,134,5.229492202829533e-06,1.537499997539271e-05,1.3272705068345658e-06,4.991792695190934e-07
main,ZDT4,10,2,1,135,135,135,135,5.23632814974917e-06,1.537499997539271e-05,1.3272705068345658e-06,4.991792695190934e-07
main,ZDT4,10,2,1,136,136,136,136,5.229492202829533e-06,1.537499997539271e-05,1.3272705068345658e-06,4.991792695190934e-07
main,ZDT4,10,2,1,137,137,137,137,5.23632814974917e-06,1.537499997539271e-05,1.3272705068345658e-06,4.991792695190934e-07
main,ZDT4,10,2,1,138,138,138,138,5.289062499969077e-06,1.537499997539271e-05,1.3272705068345658e-06,4.991792695190934e-07
main,ZDT4,10,2,1,139,139,139,139,5.23632814974917e-06,1.537499997539271e-05,1.3272705068345658e-06,4.991792695190934e-07
main,ZDT4,10,2,1,140,140,140,140,5.289062499969077e-06,1.537499997539271e-05,1.3272705068345658e-06,4.991792695190934e-07
main,ZDT4,10,2,1,141,141,141,141,5.3417968501889845e-06,1.537499997539271e-05,1.3272705068345658e-06,4.991792695190934e-07
main,ZDT4,10,2,1,142,142,142,142,5.375000000640284e-06,1.537499997539271e-05,1.3272705068345658e-06,4.991792695190934e-07
main,ZDT4,10,2,1,143,143,143,143,5.3417968501889845e-06,1.537499997539271e-05,1.3272705068345658e-06,4.991792695190934e-07
main,ZDT4,10,2,1,144,144,144,144,5.375000000640284e-06,1.537499997539271e-05,1.3272705068345658e-06,4.991792695190934e-07
main,ZDT4,10,2,1,145,145,145,145,5.3417968501889845e-06,1.537499997539271e-05,1.3272705068345658e-06,4.991792695190934e-07
main,ZDT4,10,2,1,146,146,146,146,5.375000000640284e-06,1.537499997539271e-05,1.3272705068345658e-06,4.991792695190934e-07
main,ZDT4,10,2,1,147,147,147,147,5.408203151091584e-06,1.537499997539271e-05,1.3272705068345658e-06,4.991792695190934e-07
main,ZDT4,10,2,1,148,148,148,148,5.4248046978955244e-06,1.537499997539271e-05,1.3272705068345658e-06,4.991792695190934e-07
main,ZDT4,10,2,1,149,149,149,149,5.408203151091584e-06,1.537499997539271e-05,1.3272705068345658e-06,4.991792695190934e-07
main,ZDT4,10,2,1,150,150,150,150,5.375000000640284e-06,1.537499997539271e-05,1.3272705068345658e-06,4.991792695190934e-07
main,ZDT4,10,2,1,151,151,151,151,5.408203151091584e-06,1.537499997539271e-05,1.3272705068345658e-06,4.991792695190934e-07
main,ZDT4,10,2,1,152,152,152,152,5.4248046978955244e-06,1.537499997539271e-05,1.3272705068345658e-06,4.991792695190934e-07
main,ZDT4,10,2,1,153,153,153,153,5.441406244699465e-06,1.537499997539271e-05,1.3272705068345658e-06,4.991792695190934e-07
main,ZDT4,10,2,1,154,154,154,154,5.4248046978955244e-06,1.537499997539271e-05,1.3272705068345658e-06,4.991792695190934e-07
main,ZDT4,10,2,1,155,155,155,155,5.408203151091584e-06,1.537499997539271e-05,1.3272705068345658e-06,4.991792695190934e-07
main,ZDT4,10,2,1,156,156,156,156,5.4248046978955244e-06,1.537499997539271e-05,1.3272705068345658e-06,4.991792695190934e-07
main,ZDT4,10,2,1,157,157,157,157,5.408203151091584e-06,1.537499997539271e-05,1.3272705068345658e-06,4.991792695190934e-07
main,ZDT4,10,2,1,158,158,158,158,5.4248046978955244e-06,1.537499997539271e-05,1.3272705068345658e-06,4.991792695190934e-07
main,ZDT4,10,2,1,159,159,159,159,5.441406244699465e-06,1.537499997539271e-05,1.3272705068345658e-06,4.991792695190934e-07
main,ZDT4,10,2,1,160,160,160,160,5.477539048115432e-06,1.537499997539271e-05,1.3272705068345658e-06,4.991792695190934e-07
main,ZDT4,10,2,1,161,161,161,161,5.513671851531399e-06,1.537499997539271e-05,1.3272705068345658e-06,4.991792695190934e-07
main,ZDT4,10,2,1,162,162,162,162,5.547851543497018e-06,1.537499997539271e-05,1.3272705068345658e-06,4.991792695190934e-07
main,ZDT4,10,2,1,163,163,163,163,5.582031235462637e-06,1.537499997539271e-05,1.3272705068345658e-06,4.991792695190934e-07
main,ZDT4,10,2,1,164,164,164,164,5.611328106169822e-06,1.537499997539271e-05,1.3272705068345658e-06,4.991792695190934e-07
main,ZDT4,10,2,1,165,165,165,165,5.582031235462637e-06,1.537499997539271e-05,1.3272705068345658e-06,4.991792695190934e-07
main,ZDT4,10,2,1,166,166,166,166,5.611328106169822e-06,1.537499997539271e-05,1.3272705068345658e-06,4.991792695190934e-07
main,ZDT4,10,2,1,167,167,167,167,5.640624976877007e-06,1.537499997539271e-05,1.3272705068345658e-06,4.991792695190934e-07
main,ZDT4,10,2,1,168,168,168,168,5.611328106169822e-06,1.537499997539271e-05,1.3272705068345658e-06,4.991792695190934e-07
main,ZDT4,10,2,1,169,169,169,169,5.640624976877007e-06,1.537499997539271e-05,1.3272705068345658e-06,4.991792695190934e-07
main,ZDT4,10,2,1,170,170,170,170,5.656249982166628e-06,1.537499997539271e-05,1.3272705068345658e-06,4.991792695190934e-07
main,ZDT4,10,2,1,171,171,171,171,5.671874987456249e-06,1.537499997539271e-05,1.3272705068345658e-06,4.991792695190934e-07
main,ZDT4,10,2,1,172,172,172,172,5.675781238778654e-06,1.5666015599435923e-05,1.3272705068345658e-06,4.991792695190934e-07
main,ZDT4,10,2,1,173,173,173,173,5.671874987456249e-06,1.5666015599435923e-05,1.3272705068345658e-06,4.991792695190934e-07
main,ZDT4,10,2,1,174,174,174,174,5.675781238778654e-06,1.5666015599435923e-05,1.3272705068345658e-06,4.991792695190934e-07
main,ZDT4,10,2,1,175,175,175,175,5.671874987456249e-06,1.5666015599435923e-05,1.3272705068345658e-06,4.991792695190934e-07
main,ZDT4,10,2,1,176,176,176,176,5.675781238778654e-06,1.5666015599435923e-05,1.3272705068345658e-06,4.991792695190934e-07
main,ZDT4,10,2,1,177,177,177,177,5.671874987456249e-06,1.5666015599435923e-05,1.3272705068345658e-06,4.991792695190934e-07
main,ZDT4,10,2,1,178,178,178,178,5.656249982166628e-06,1.5666015599435923e-05,1.3272705068345658e-06,4.991792695190934e-07
main,ZDT4,10,2,1,179,179,179,179,5.671874987456249e-06,1.5666015599435923e-05,1.3272705068345658e-06,4.991792695190934e-07
main,ZDT4,10,2,1,180,180,180,180,5.656249982166628e-06,1.5666015599435923e-05,1.3272705068345658e-06,4.991792695190934e-07
main,ZDT4,10,2,1,181,181,181,181,5.640624976877007e-06,1.5666015599435923e-05,1.3272705068345658e-06,4.991792695190934e-07
main,ZDT4,10,2,1,182,182,182,182,5.611328106169822e-06,1.5666015599435923e-05,1.3272705068345658e-06,4.991792695190934e-07
main,ZDT4,10,2,1,183,183,183,183,5.640624976877007e-06,1.5666015599435923e-05,1.3272705068345658e-06,4.991792695190934e-07
main,ZDT4,10,2,1,184,184,184,184,5.656249982166628e-06,1.5666015599435923e-05,1.3272705068345658e-06,4.991792695190934e-07
main,ZDT4,10,2,1,185,185,185,185,5.640624976877007e-06,1.5666015599435923e-05,1.3272705068345658e-06,4.991792695190934e-07
main,ZDT4,10,2,1,186,186,186,186,5.656249982166628e-06,1.5666015599435923e-05,1.3272705068345658e-06,4.991792695190934e-07
main,ZDT4,10,2,1,187,187,187,187,5.671874987456249e-06,1.5666015599435923e-05,1.3272705068345658e-06,4.991792695190934e-07
main,ZDT4,10,2,1,188,188,188,188,5.675781238778654e-06,1.5666015599435923e-05,1.3272705068345658e-06,4.991792695190934e-07
main,ZDT4,10,2,1,189,189,189,189,5.671874987456249e-06,1.5666015599435923e-05,1.3272705068345658e-06,4.991792695190934e-07
main,ZDT4,10,2,1,190,190,190,190,5.675781238778654e-06,1.5666015599435923e-05,1.3272705068345658e-06,4.991792695190934e-07
main,ZDT4,10,2,1,191,191,191,191,5.67968749010106e-06,1.5666015599435923e-05,1.3272705068345658e-06,4.991792695190934e-07
main,ZDT4,10,2,1,192,192,192,192,5.747558589064283e-06,1.5666015599435923e-05,1.3272705068345658e-06,4.991792695190934e-07
main,ZDT4,10,2,1,193,193,193,193,5.815429688027507e-06,1.5666015599435923e-05,1.3272705068345658e-06,4.991792695190934e-07
main,ZDT4,10,2,1,194,194,194,194,5.747558589064283e-06,1.5666015599435923e-05,1.3272705068345658e-06,4.991792695190934e-07
main,ZDT4,10,2,1,195,195,195,195,5.815429688027507e-06,1.5666015599435923e-05,1.3272705068345658e-06,4.991792695190934e-07
main,ZDT4,10,2,1,196,196,196,196,5.747558589064283e-06,1.5666015599435923e-05,1.3272705068345658e-06,4.991792695190934e-07
main,ZDT4,10,2,1,197,197,197,197,5.67968749010106e-06,1.5666015599435923e-05,1.3272705068345658e-06,4.991792695190934e-07
main,ZDT4,10,2,1,198,198,198,198,5.675781238778654e-06,1.5666015599435923e-05,1.3272705068345658e-06,4.991792695190934e-07
main,ZDT4,10,2,1,199,199,199,199,5.671874987456249e-06,1.5666015599435923e-05,1.3272705068345658e-06,4.991792695190934e-07
main,ZDT4,10,2,1,200,200,200,200,5.675781238778654e-06,1.5666015599435923e-05,1.3272705068345658e-06,4.991792695190934e-07
main,ZDT6,10,2,1,1,1,1,1,3.098754879360399e-07,3.098754879360399e-07,4.369478225768608e-07,5.567744976175959e-07
main,ZDT6,10,2,1,2,2,2,2,3.89846801507332e-07,4.6981811507862403e-07,4.369478225768608e-07,5.567744976175959e-07
main,ZDT6,10,2,1,3,3,3,3,3.4885406496876215e-07,4.6981811507862403e-07,4.369478225768608e-07,5.567744976175959e-07
main,ZDT6,10,2,1,4,4,4,4,3.2936477645240103e-07,4.6981811507862403e-07,4.369478225768608e-07,5.567744976175959e-07
main,ZDT6,10,2,1,5,5,5,5,3.4885406496876215e-07,4.6981811507862403e-07,4.369478225768608e-07,5.567744976175959e-07
main,ZDT6,10,2,1,6,6,6,6,3.962135314283799e-07,4.950256347058257e-07,4.369478225768608e-07,5.567744976175959e-07
main,ZDT6,10,2,1,7,7,7,7,3.4885406496876215e-07,4.950256347058257e-07,4.369478225768608e-07,5.567744976175959e-07
main,ZDT6,10,2,1,8,8,8,8,3.3603286742067695e-07,4.950256347058257e-07,4.369478225768608e-07,5.567744976175959e-07
main,ZDT6,10,2,1,9,9,9,9,3.2625198365110464e-07,4.950256347058257e-07,4.369478225768608e-07,5.567744976175959e-07
main,ZDT6,10,2,1,10,10,10,10,3.247318267618482e-07,4.950256347058257e-07,4.369478225768608e-07,5.567744976175959e-07
main,ZDT6,10,2,1,11,11,11,11,3.2625198365110464e-07,5.129394526903752e-07,4.6012115473281767e-07,5.567744976175959e-07
main,ZDT6,10,2,1,12,12,12,12,3.247318267618482e-07,5.129394526903752e-07,4.6012115473281767e-07,5.567744976175959e-07
main,ZDT6,10,2,1,13,13,13,13,3.2625198365110464e-07,5.129394526903752e-07,4.6012115473281767e-07,5.567744976175959e-07
main,ZDT6,10,2,1,14,14,14,14,3.375530243099334e-07,5.129394526903752e-07,4.6012115473281767e-07,5.567744976175959e-07
main,ZDT6,10,2,1,15,15,15,15,3.2625198365110464e-07,5.129394526903752e-07,4.6012115473281767e-07,5.567744976175959e-07
main,ZDT6,10,2,1,16,16,16,16,3.375530243099334e-07,5.129394526903752e-07,4.6982192991595895e-07,5.567744976175959e-07
main,ZDT6,10,2,1,17,17,17,17,3.2625198365110464e-07,5.129394526903752e-07,4.7577667239284693e-07,5.567744976175959e-07
main,ZDT6,10,2,1,18,18,18,18,3.247318267618482e-07,5.129394526903752e-07,4.7577667239284693e-07,5.567744976175959e-07
main,ZDT6,10,2,1,19,19,19,19,3.2625198365110464e-07,5.714111326327043e-07,4.7577667239284693e-07,5.567744976175959e-07
main,ZDT6,10,2,1,20,20,20,20,3.247318267618482e-07,5.714111326327043e-07,4.7577667239284693e-07,5.567744976175959e-07
main,ZDT6,10,2,1,21,21,21,21,3.2321166987259176e-07,5.714111326327043e-07,4.7577667239284693e-07,5.567744976175959e-07
main,ZDT6,10,2,1,22,22,22,22,3.247318267618482e-07,5.714111326327043e-07,4.7577667239284693e-07,5.567744976175959e-07
main,ZDT6,10,2,1,23,23,23,23,3.2321166987259176e-07,5.714111326327043e-07,4.938812256938263e-07,5.567744976175959e-07
main,ZDT6,10,2,1,24,24,24,24,3.247318267618482e-07,5.714111326327043e-07,4.938812256938263e-07,5.567744976175959e-07
main,ZDT6,10,2,1,25,25,25,25,3.2321166987259176e-07,5.714111326327043e-07,4.938812256938263e-07,5.567744976175959e-07
main,ZDT6,10,2,1,26,26,26,26,3.247318267618482e-07,6.688232421225848e-07,4.938812256938263e-07,5.567744976175959e-07
main,ZDT6,10,2,1,27,27,27,27,3.2321166987259176e-07,6.688232421225848e-07,4.938812256938263e-07,5.567744976175959e-07
main,ZDT6,10,2,1,28,28,28,28,3.247318267618482e-07,6.688232421225848e-07,4.938812256938263e-07,5.567744976175959e-07
main,ZDT6,10,2,1,29,29,29,29,3.2625198365110464e-07,6.688232421225848e-07,4.938812256938263e-07,5.567744976175959e-07
main,ZDT6,10,2,1,30,30,30,30,3.247318267618482e-07,6.688232421225848e-07,4.938812256938263e-07,5.567744976175959e-07
main,ZDT6,10,2,1,31,31,31,31,3.2321166987259176e-07,6.688232421225848e-07,4.938812256938263e-07,5.567744976175959e-07
main,ZDT6,10,2,1,32,32,32,32,3.1654357890431584e-07,6.688232421225848e-07,4.938812256938263e-07,5.567744976175959e-07
main,ZDT6,10,2,1,33,33,33,33,3.2321166987259176e-07,6.688232421225848e-07,4.938812256938263e-07,5.567744976175959e-07
main,ZDT6,10,2,1,34,34,34,34,3.1654357890431584e-07,6.688232421225848e-07,4.938812256938263e-07,5.567744976175959e-07
main,ZDT6,10,2,1,35,35,35,35,3.2321166987259176e-07,6.688232421225848e-07,5.049018859670795e-07,5.567744976175959e-07
main,ZDT6,10,2,1,36,36,36,36,3.247318267618482e-07,6.688232421225848e-07,5.049018859670795e-07,5.567744976175959e-07
main,ZDT6,10,2,1,37,37,37,37,3.2625198365110464e-07,6.688232421225848e-07,5.049018859670795e-07,5.567744976175959e-07
main,ZDT6,10,2,1,38,38,38,38,3.247318267618482e-07,6.688232421225848e-07,5.049018859670795e-07,5.567744976175959e-07
main,ZDT6,10,2,1,39,39,39,39,3.2321166987259176e-07,6.688232421225848e-07,5.049018859670795e-07,5.567744976175959e-07
main,ZDT6,10,2,1,40,40,40,40,3.247318267618482e-07,6.688232421225848e-07,5.049018859670795e-07,5.567744976175959e-07
main,ZDT6,10,2,1,41,41,41,41,3.2321166987259176e-07,6.688232421225848e-07,5.330276489079466e-07,5.567744976175959e-07
main,ZDT6,10,2,1,42,42,42,42,3.247318267618482e-07,6.688232421225848e-07,5.330276489079466e-07,5.567744976175959e-07
main,ZDT6,10,2,1,43,43,43,43,3.2321166987259176e-07,6.688232421225848e-07,5.330276489079466e-07,5.567744976175959e-07
main,ZDT6,10,2,1,44,44,44,44,3.247318267618482e-07,6.688232421225848e-07,5.330276489079466e-07,5.567744976175959e-07
main,ZDT6,10,2,1,45,45,45,45,3.2625198365110464e-07,6.688232421225848e-07,5.330276489079466e-07,5.567744976175959e-07
main,ZDT6,10,2,1,46,46,46,46,3.277320861916344e-07,7.144165046213402e-07,5.330276489079466e-07,5.567744976175959e-07
main,ZDT6,10,2,1,47,47,47,47,3.292121887321642e-07,7.144165046213402e-07,5.330276489079466e-07,5.567744976175959e-07
main,ZDT6,10,2,1,48,48,48,48,3.3876800537013807e-07,7.144165046213402e-07,5.330276489079466e-07,5.567744976175959e-07
main,ZDT6,10,2,1,49,49,49,49,3.292121887321642e-07,7.144165046213402e-07,5.330276489079466e-07,5.567744976175959e-07
main,ZDT6,10,2,1,50,50,50,50,3.3876800537013807e-07,7.144165046213402e-07,5.330276489079466e-07,5.567744976175959e-07
main,ZDT6,10,2,1,51,51,51,51,3.292121887321642e-07,7.144165046213402e-07,5.330276489079466e-07,5.567744976175959e-07
main,ZDT6,10,2,1,52,52,52,52,3.277320861916344e-07,7.144165046213402e-07,5.330276489079466e-07,5.567744976175959e-07
main,ZDT6,10,2,1,53,53,53,53,3.2625198365110464e-07,7.144165046213402e-07,5.330276489079466e-07,5.567744976175959e-07
main,ZDT6,10,2,1,54,54,54,54,3.277320861916344e-07,8.250122078834465e-07,5.330276489079466e-07,5.567744976175959e-07
main,ZDT6,10,2,1,55,55,55,55,3.2625198365110464e-07,8.250122078834465e-07,5.330276489079466e-07,5.567744976175959e-07
main,ZDT6,10,2,1,56,56,56,56,3.277320861916344e-07,8.250122078834465e-07,5.330276489079466e-07,5.567744976175959e-07
main,ZDT6,10,2,1,57,57,57,57,3.2625198365110464e-07,8.250122078834465e-07,5.330276489079466e-07,5.567744976175959e-07
main,ZDT6,10,2,1,58,58,58,58,3.2602882349408446e-07,8.250122078834465e-07,5.330276489079466e-07,5.567744976175959e-07
main,ZDT6,10,2,1,59,59,59,59,3.2625198365110464e-07,8.250122078834465e-07,5.330276489079466e-07,5.567744976175959e-07
main,ZDT6,10,2,1,60,60,60,60,3.277320861916344e-07,8.250122078834465e-07,5.330276489079466e-07,5.567744976175959e-07
main,ZDT6,10,2,1,61,61,61,61,3.2625198365110464e-07,8.250122078834465e-07,5.330276489079466e-07,5.567744976175959e-07
main,ZDT6,10,2,1,62,62,62,62,3.277320861916344e-07,8.250122078834465e-07,5.330276489079466e-07,5.567744976175959e-07
main,ZDT6,10,2,1,63,63,63,63,3.292121887321642e-07,8.250122078834465e-07,5.330276489079466e-07,5.567744976175959e-07
main,ZDT6,10,2,1,64,64,64,64,3.277320861916344e-07,8.250122078834465e-07,5.330276489079466e-07,5.567744976175959e-07
main,ZDT6,10,2,1,65,65,65,65,3.2625198365110464e-07,8.250122078834465e-07,5.330276489079466e-07,5.567744976175959e-07
main,ZDT6,10,2,1,66,66,66,66,3.277320861916344e-07,8.250122078834465e-07,5.330276489079466e-07,5.567744976175959e-07
main,ZDT6,10,2,1,67,67,67,67,3.2625198365110464e-07,8.250122078834465e-07,5.330276489079466e-07,5.567744976175959e-07
main,ZDT6,10,2,1,68,68,68,68,3.2602882349408446e-07,8.250122078834465e-07,5.330276489079466e-07,5.567744976175959e-07
main,ZDT6,10,2,1,69,69,69,69,3.258056633370643e-07,8.250122078834465e-07,5.330276489079466e-07,5.567744976175959e-07
main,ZDT6,10,2,1,70,70,70,70,3.2469177213556577e-07,8.250122078834465e-07,5.330276489079466e-07,5.567744976175959e-07
main,ZDT6,10,2,1,71,71,71,71,3.2357788093406725e-07,8.250122078834465e-07,5.330276489079466e-07,5.567744976175959e-07
main,ZDT6,10,2,1,72,72,72,72,3.2341766353916057e-07,8.250122078834465e-07,5.330276489079466e-07,5.567744976175959e-07
main,ZDT6,10,2,1,73,73,73,73,3.232574461442539e-07,8.250122078834465e-07,5.330276489079466e-07,5.567744976175959e-07
main,ZDT6,10,2,1,74,74,74,74,3.232345580084228e-07,8.250122078834465e-07,5.330276489079466e-07,5.567744976175959e-07
main,ZDT6,10,2,1,75,75,75,75,3.232574461442539e-07,8.250122078834465e-07,5.330276489079466e-07,5.567744976175959e-07
main,ZDT6,10,2,1,76,76,76,76,3.232345580084228e-07,8.250122078834465e-07,5.330276489079466e-07,5.567744976175959e-07
main,ZDT6,10,2,1,77,77,77,77,3.232574461442539e-07,8.250122078834465e-07,5.330276489079466e-07,5.567744976175959e-07
main,ZDT6,10,2,1,78,78,78,78,3.232345580084228e-07,8.250122078834465e-07,5.330276489079466e-07,5.567744976175959e-07
main,ZDT6,10,2,1,79,79,79,79,3.2321166987259176e-07,8.250122078834465e-07,5.330276489079466e-07,5.567744976175959e-07
main,ZDT6,10,2,1,80,80,80,80,3.203334807966307e-07,8.250122078834465e-07,5.330276489079466e-07,5.567744976175959e-07
main,ZDT6,10,2,1,81,81,81,81,3.1745529172066966e-07,8.250122078834465e-07,5.330276489079466e-07,5.567744976175959e-07
main,ZDT6,10,2,1,82,82,82,82,3.1676673889480256e-07,8.250122078834465e-07,5.330276489079466e-07,5.567744976175959e-07
main,ZDT6,10,2,1,83,83,83,83,3.1745529172066966e-07,8.250122078834465e-07,5.330276489079466e-07,5.567744976175959e-07
main,ZDT6,10,2,1,84,84,84,84,3.1676673889480256e-07,8.250122078834465e-07,5.330276489079466e-07,5.567744976175959e-07
main,ZDT6,10,2,1,85,85,85,85,3.1745529172066966e-07,8.250122078834465e-07,5.330276489079466e-07,5.567744976175959e-07
main,ZDT6,10,2,1,86,86,86,86,3.203334807966307e-07,8.250122078834465e-07,5.330276489079466e-07,5.567744976175959e-07
main,ZDT6,10,2,1,87,87,87,87,3.2321166987259176e-07,8.250122078834465e-07,5.330276489079466e-07,5.567744976175959e-07
main,ZDT6,10,2,1,88,88,88,88,3.232345580084228e-07,8.250122078834465e-07,5.330276489079466e-07,5.567744976175959e-07
main,ZDT6,10,2,1,89,89,89,89,3.232574461442539e-07,8.250122078834465e-07,5.330276489079466e-07,5.567744976175959e-07
main,ZDT6,10,2,1,90,90,90,90,3.2341766353916057e-07,8.250122078834465e-07,5.330276489079466e-07,5.567744976175959e-07
main,ZDT6,10,2,1,91,91,91,91,3.232574461442539e-07,8.250122078834465e-07,5.330276489079466e-07,5.567744976175959e-07
main,ZDT6,10,2,1,92,92,92,92,3.2341766353916057e-07,8.250122078834465e-07,5.330276489079466e-07,5.567744976175959e-07
main,ZDT6,10,2,1,93,93,93,93,3.2357788093406725e-07,8.250122078834465e-07,5.330276489079466e-07,5.567744976175959e-07
main,ZDT6,10,2,1,94,94,94,94,3.2469177213556577e-07,8.250122078834465e-07,5.330276489079466e-07,5.567744976175959e-07
main,ZDT6,10,2,1,95,95,95,95,3.258056633370643e-07,8.250122078834465e-07,5.330276489079466e-07,5.567744976175959e-07
main,ZDT6,10,2,1,96,96,96,96,3.2469177213556577e-07,8.250122078834465e-07,5.330276489079466e-07,5.567744976175959e-07
main,ZDT6,10,2,1,97,97,97,97,3.2357788093406725e-07,8.250122078834465e-07,5.330276489079466e-07,5.567744976175959e-07
main,ZDT6,10,2,1,98,98,98,98,3.2341766353916057e-07,8.250122078834465e-07,5.330276489079466e-07,5.567744976175959e-07
main,ZDT6,10,2,1,99,99,99,99,3.2357788093406725e-07,8.250122078834465e-07,5.330276489079466e-07,5.567744976175959e-07
main,ZDT6,10,2,1,100,100,100,100,3.2341766353916057e-07,8.250122078834465e-07,5.330276489079466e-07,5.567744976175959e-07
main,ZDT6,10,2,1,101,101,101,101,3.2357788093406725e-07,8.250122078834465e-07,5.330276489079466e-07,5.567744976175959e-07
main,ZDT6,10,2,1,102,102,102,102,3.2469177213556577e-07,8.250122078834465e-07,5.330276489079466e-07,5.567744976175959e-07
main,ZDT6,10,2,1,103,103,103,103,3.258056633370643e-07,8.250122078834465e-07,5.330276489079466e-07,5.567744976175959e-07
main,ZDT6,10,2,1,104,104,104,104,3.2602882349408446e-07,8.250122078834465e-07,5.330276489079466e-07,5.567744976175959e-07
main,ZDT6,10,2,1,105,105,105,105,3.2625198365110464e-07,8.250122078834465e-07,5.330276489079466e-07,5.567744976175959e-07
main,ZDT6,10,2,1,106,106,106,106,3.277320861916344e-07,8.250122078834465e-07,5.330276489079466e-07,5.567744976175959e-07
main,ZDT6,10,2,1,107,107,107,107,3.292121887321642e-07,8.250122078834465e-07,5.330276489079466e-07,5.567744976175959e-07
main,ZDT6,10,2,1,108,108,108,108,3.3876800537013807e-07,8.250122078834465e-07,5.330276489079466e-07,5.567744976175959e-07
main,ZDT6,10,2,1,109,109,109,109,3.292121887321642e-07,8.250122078834465e-07,5.330276489079466e-07,5.567744976175959e-07
main,ZDT6,10,2,1,110,110,110,110,3.3876800537013807e-07,8.250122078834465e-07,5.330276489079466e-07,5.567744976175959e-07
main,ZDT6,10,2,1,111,111,111,111,3.4832382200811196e-07,8.250122078834465e-07,5.330276489079466e-07,5.567744976175959e-07
main,ZDT6,10,2,1,112,112,112,112,3.4858894348843705e-07,8.250122078834465e-07,5.330276489079466e-07,5.567744976175959e-07
main,ZDT6,10,2,1,113,113,113,113,3.4885406496876215e-07,8.250122078834465e-07,5.330276489079466e-07,5.567744976175959e-07
main,ZDT6,10,2,1,114,114,114,114,3.4902191159424945e-07,8.250122078834465e-07,5.330276489079466e-07,5.567744976175959e-07
main,ZDT6,10,2,1,115,115,115,115,3.4885406496876215e-07,8.250122078834465e-07,5.330276489079466e-07,5.567744976175959e-07
main,ZDT6,10,2,1,116,116,116,116,3.4858894348843705e-07,8.250122078834465e-07,5.330276489079466e-07,5.567744976175959e-07
main,ZDT6,10,2,1,117,117,117,117,3.4885406496876215e-07,8.250122078834465e-07,5.330276489079466e-07,5.567744976175959e-07
main,ZDT6,10,2,1,118,118,118,118,3.4858894348843705e-07,8.250122078834465e-07,5.330276489079466e-07,5.567744976175959e-07
main,ZDT6,10,2,1,119,119,119,119,3.4885406496876215e-07,8.250122078834465e-07,5.330276489079466e-07,5.567744976175959e-07
main,ZDT6,10,2,1,120,120,120,120,3.4858894348843705e-07,8.250122078834465e-07,5.330276489079466e-07,5.567744976175959e-07
main,ZDT6,10,2,1,121,121,121,121,3.4832382200811196e-07,8.250122078834465e-07,5.330276489079466e-07,5.567744976175959e-07
main,ZDT6,10,2,1,122,122,122,122,3.4858894348843705e-07,8.250122078834465e-07,5.330276489079466e-07,5.567744976175959e-07
main,ZDT6,10,2,1,123,123,123,123,3.4885406496876215e-07,8.250122078834465e-07,5.330276489079466e-07,5.567744976175959e-07
main,ZDT6,10,2,1,124,124,124,124,3.4902191159424945e-07,8.250122078834465e-07,5.330276489079466e-07,5.567744976175959e-07
main,ZDT6,10,2,1,125,125,125,125,3.4918975821973675e-07,8.250122078834465e-07,5.330276489079466e-07,5.567744976175959e-07
main,ZDT6,10,2,1,126,126,126,126,3.4969711293353356e-07,8.250122078834465e-07,5.330276489079466e-07,5.567744976175959e-07
main,ZDT6,10,2,1,127,127,127,127,3.4918975821973675e-07,8.250122078834465e-07,5.330276489079466e-07,5.567744976175959e-07
main,ZDT6,10,2,1,128,128,128,128,3.4969711293353356e-07,8.250122078834465e-07,5.330276489079466e-07,5.567744976175959e-07
main,ZDT6,10,2,1,129,129,129,129,3.4918975821973675e-07,8.250122078834465e-07,5.330276489079466e-07,5.567744976175959e-07
main,ZDT6,10,2,1,130,130,130,130,3.4902191159424945e-07,8.250122078834465e-07,5.330276489079466e-07,5.567744976175959e-07
main,ZDT6,10,2,1,131,131,131,131,3.4918975821973675e-07,8.250122078834465e-07,5.330276489079466e-07,5.567744976175959e-07
main,ZDT6,10,2,1,132,132,132,132,3.4969711293353356e-07,8.250122078834465e-07,5.330276489079466e-07,5.567744976175959e-07
main,ZDT6,10,2,1,133,133,133,133,3.4918975821973675e-07,8.250122078834465e-07,5.330276489079466e-07,5.567744976175959e-07
main,ZDT6,10,2,1,134,134,134,134,3.4969711293353356e-07,8.250122078834465e-07,5.330276489079466e-07,5.567744976175959e-07
main,ZDT6,10,2,1,135,135,135,135,3.4918975821973675e-07,8.250122078834465e-07,5.330276489079466e-07,5.567744976175959e-07
main,ZDT6,10,2,1,136,136,136,136,3.4902191159424945e-07,8.250122078834465e-07,5.330276489079466e-07,5.567744976175959e-07
main,ZDT6,10,2,1,137,137,137,137,3.4918975821973675e-07,8.250122078834465e-07,5.330276489079466e-07,5.567744976175959e-07
main,ZDT6,10,2,1,138,138,138,138,3.4969711293353356e-07,8.250122078834465e-07,5.330276489079466e-07,5.567744976175959e-07
main,ZDT6,10,2,1,139,139,139,139,3.502044676473304e-07,8.250122078834465e-07,5.330276489079466e-07,5.567744976175959e-07
main,ZDT6,10,2,1,140,140,140,140,3.512001037209167e-07,8.250122078834465e-07,5.330276489079466e-07,5.567744976175959e-07
main,ZDT6,10,2,1,141,141,141,141,3.5219573979450303e-07,8.250122078834465e-07,5.330276489079466e-07,5.567744976175959e-07
main,ZDT6,10,2,1,142,142,142,142,3.512001037209167e-07,8.250122078834465e-07,5.330276489079466e-07,5.567744976175959e-07
main,ZDT6,10,2,1,143,143,143,143,3.502044676473304e-07,8.250122078834465e-07,5.330276489079466e-07,5.567744976175959e-07
main,ZDT6,10,2,1,144,144,144,144,3.4969711293353356e-07,8.250122078834465e-07,5.330276489079466e-07,5.567744976175959e-07
main,ZDT6,10,2,1,145,145,145,145,3.502044676473304e-07,8.250122078834465e-07,5.330276489079466e-07,5.567744976175959e-07
main,ZDT6,10,2,1,146,146,146,146,3.512001037209167e-07,8.250122078834465e-07,5.330276489079466e-07,5.567744976175959e-07
main,ZDT6,10,2,1,147,147,147,147,3.502044676473304e-07,8.250122078834465e-07,5.330276489079466e-07,5.567744976175959e-07
main,ZDT6,10,2,1,148,148,148,148,3.4969711293353356e-07,8.250122078834465e-07,5.330276489079466e-07,5.567744976175959e-07
main,ZDT6,10,2,1,149,149,149,149,3.502044676473304e-07,8.250122078834465e-07,5.330276489079466e-07,5.567744976175959e-07
main,ZDT6,10,2,1,150,150,150,150,3.512001037209167e-07,8.250122078834465e-07,5.330276489079466e-07,5.567744976175959e-07
main,ZDT6,10,2,1,151,151,151,151,3.5219573979450303e-07,8.250122078834465e-07,5.330276489079466e-07,5.567744976175959e-07
main,ZDT6,10,2,1,152,152,152,152,3.512001037209167e-07,8.250122078834465e-07,5.330276489079466e-07,5.567744976175959e-07
main,ZDT6,10,2,1,153,153,153,153,3.502044676473304e-07,8.250122078834465e-07,5.330276489079466e-07,5.567744976175959e-07
main,ZDT6,10,2,1,154,154,154,154,3.512001037209167e-07,8.250122078834465e-07,5.330276489079466e-07,5.567744976175959e-07
main,ZDT6,10,2,1,155,155,155,155,3.5219573979450303e-07,8.250122078834465e-07,5.330276489079466e-07,5.567744976175959e-07
main,ZDT6,10,2,1,156,156,156,156,3.536415101312862e-07,8.250122078834465e-07,5.330276489079466e-07,5.567744976175959e-07
main,ZDT6,10,2,1,157,157,157,157,3.5508728046806937e-07,8.250122078834465e-07,5.330276489079466e-07,5.567744976175959e-07
main,ZDT6,10,2,1,158,158,158,158,3.536415101312862e-07,8.250122078834465e-07,5.330276489079466e-07,5.567744976175959e-07
main,ZDT6,10,2,1,159,159,159,159,3.5508728046806937e-07,8.250122078834465e-07,5.330276489079466e-07,5.567744976175959e-07
main,ZDT6,10,2,1,160,160,160,160,3.5765838624080004e-07,8.250122078834465e-07,5.330276489079466e-07,5.567744976175959e-07
main,ZDT6,10,2,1,161,161,161,161,3.5508728046806937e-07,8.250122078834465e-07,5.330276489079466e-07,5.567744976175959e-07
main,ZDT6,10,2,1,162,162,162,162,3.536415101312862e-07,8.250122078834465e-07,5.330276489079466e-07,5.567744976175959e-07
main,ZDT6,10,2,1,163,163,163,163,3.5508728046806937e-07,8.250122078834465e-07,5.330276489079466e-07,5.567744976175959e-07
main,ZDT6,10,2,1,164,164,164,164,3.536415101312862e-07,8.250122078834465e-07,5.330276489079466e-07,5.567744976175959e-07
main,ZDT6,10,2,1,165,165,165,165,3.5508728046806937e-07,8.250122078834465e-07,5.330276489079466e-07,5.567744976175959e-07
main,ZDT6,10,2,1,166,166,166,166,3.5765838624080004e-07,8.250122078834465e-07,5.330276489079466e-07,5.567744976175959e-07
main,ZDT6,10,2,1,167,167,167,167,3.602294920135307e-07,8.250122078834465e-07,5.330276489079466e-07,5.567744976175959e-07
main,ZDT6,10,2,1,168,168,168,168,3.619079588790264e-07,8.250122078834465e-07,5.330276489079466e-07,5.567744976175959e-07
main,ZDT6,10,2,1,169,169,169,169,3.602294920135307e-07,8.250122078834465e-07,5.330276489079466e-07,5.567744976175959e-07
main,ZDT6,10,2,1,170,170,170,170,3.5765838624080004e-07,8.250122078834465e-07,5.330276489079466e-07,5.567744976175959e-07
main,ZDT6,10,2,1,171,171,171,171,3.602294920135307e-07,8.250122078834465e-07,5.330276489079466e-07,5.567744976175959e-07
main,ZDT6,10,2,1,172,172,172,172,3.619079588790264e-07,8.250122078834465e-07,5.330276489079466e-07,5.567744976175959e-07
main,ZDT6,10,2,1,173,173,173,173,3.6358642574452205e-07,8.250122078834465e-07,5.330276489079466e-07,5.567744976175959e-07
main,ZDT6,10,2,1,174,174,174,174,3.619079588790264e-07,8.250122078834465e-07,5.330276489079466e-07,5.567744976175959e-07
main,ZDT6,10,2,1,175,175,175,175,3.6358642574452205e-07,8.250122078834465e-07,5.330276489079466e-07,5.567744976175959e-07
main,ZDT6,10,2,1,176,176,176,176,3.645362853799128e-07,8.250122078834465e-07,5.330276489079466e-07,5.567744976175959e-07
main,ZDT6,10,2,1,177,177,177,177,3.654861450153035e-07,8.250122078834465e-07,5.330276489079466e-07,5.567744976175959e-07
main,ZDT6,10,2,1,178,178,178,178,3.645362853799128e-07,8.250122078834465e-07,5.330276489079466e-07,5.567744976175959e-07
main,ZDT6,10,2,1,179,179,179,179,3.6358642574452205e-07,8.250122078834465e-07,5.330276489079466e-07,5.567744976175959e-07
main,ZDT6,10,2,1,180,180,180,180,3.645362853799128e-07,8.250122078834465e-07,5.330276489079466e-07,5.567744976175959e-07
main,ZDT6,10,2,1,181,181,181,181,3.6358642574452205e-07,8.250122078834465e-07,5.330276489079466e-07,5.567744976175959e-07
main,ZDT6,10,2,1,182,182,182,182,3.619079588790264e-07,8.250122078834465e-07,5.330276489079466e-07,5.567744976175959e-07
main,ZDT6,10,2,1,183,183,183,183,3.602294920135307e-07,8.250122078834465e-07,5.330276489079466e-07,5.567744976175959e-07
main,ZDT6,10,2,1,184,184,184,184,3.619079588790264e-07,8.250122078834465e-07,5.330276489079466e-07,5.567744976175959e-07
main,ZDT6,10,2,1,185,185,185,185,3.6358642574452205e-07,8.250122078834465e-07,5.330276489079466e-07,5.567744976175959e-07
main,ZDT6,10,2,1,186,186,186,186,3.619079588790264e-07,8.250122078834465e-07,5.330276489079466e-07,5.567744976175959e-07
main,ZDT6,10,2,1,187,187,187,187,3.602294920135307e-07,8.250122078834465e-07,5.330276489079466e-07,5.567744976175959e-07
main,ZDT6,10,2,1,188,188,188,188,3.594512938409622e-07,8.250122078834465e-07,5.330276489079466e-07,5.567744976175959e-07
main,ZDT6,10,2,1,189,189,189,189,3.5867309566839367e-07,8.250122078834465e-07,5.330276489079466e-07,5.567744976175959e-07
main,ZDT6,10,2,1,190,190,190,190,3.568801880682315e-07,8.250122078834465e-07,5.330276489079466e-07,5.567744976175959e-07
main,ZDT6,10,2,1,191,191,191,191,3.5867309566839367e-07,8.250122078834465e-07,5.330276489079466e-07,5.567744976175959e-07
main,ZDT6,10,2,1,192,192,192,192,3.594512938409622e-07,8.250122078834465e-07,5.330276489079466e-07,5.567744976175959e-07
main,ZDT6,10,2,1,193,193,193,193,3.602294920135307e-07,8.250122078834465e-07,5.330276489079466e-07,5.567744976175959e-07
main,ZDT6,10,2,1,194,194,194,194,3.594512938409622e-07,8.250122078834465e-07,5.330276489079466e-07,5.567744976175959e-07
main,ZDT6,10,2,1,195,195,195,195,3.602294920135307e-07,8.250122078834465e-07,5.330276489079466e-07,5.567744976175959e-07
main,ZDT6,10,2,1,196,196,196,196,3.619079588790264e-07,8.250122078834465e-07,5.330276489079466e-07,5.567744976175959e-07
main,ZDT6,10,2,1,197,197,197,197,3.6358642574452205e-07,8.250122078834465e-07,5.330276489079466e-07,5.567744976175959e-07
main,ZDT6,10,2,1,198,198,198,198,3.619079588790264e-07,8.250122078834465e-07,5.330276489079466e-07,5.567744976175959e-07
main,ZDT6,10,2,1,199,199,199,199,3.602294920135307e-07,8.250122078834465e-07,5.330276489079466e-07,5.567744976175959e-07
main,ZDT6,10,2,1,200,200,200,200,3.594512938409622e-07,8.250122078834465e-07,5.330276489079466e-07,5.567744976175959e-07
batch,DTLZ2,12,3,10,1,1,1,1,4.4849014280146093e-07,4.4849014280146093e-07,4.3812966346590265e-07,9.249811693326504e-08
batch,DTLZ2,12,3,10,2,2,2,2,3.968257903941286e-07,4.4849014280146093e-07,4.5079255104121807e-07,3.32099734225242e-07
batch,DTLZ2,12,3,10,3,3,3,3,3.451614379867962e-07,4.4849014280146093e-07,4.5079255104121807e-07,3.32099734225242e-07
batch,DTLZ2,12,3,10,4,4,4,4,3.7772560118609633e-07,4.4849014280146093e-07,4.5079255104121807e-07,4.3000346217070273e-07
batch,DTLZ2,12,3,10,5,5,5,5,3.451614379867962e-07,4.4849014280146093e-07,4.5079255104121807e-07,4.3000346217070273e-07
batch,DTLZ2,12,3,10,6,6,6,6,2.8746795649459145e-07,4.4849014280146093e-07,4.5079255104121807e-07,4.3000346217070273e-07
batch,DTLZ2,12,3,10,7,7,7,7,3.008627891543103e-07,4.4849014280146093e-07,4.5409011839581126e-07,4.3000346217070273e-07
batch,DTLZ2,12,3,10,8,8,8,8,2.950966358217233e-07,4.4849014280146093e-07,4.5409011839581126e-07,4.3000346217070273e-07
batch,DTLZ2,12,3,10,9,9,9,9,3.008627891543103e-07,4.906120300018912e-07,4.796600341916424e-07,4.3000346217070273e-07
batch,DTLZ2,12,3,10,10,10,10,10,3.2301211357055326e-07,4.906120300018912e-07,4.796600341916424e-07,4.3000346217070273e-07
batch,DTLZ2,12,3,10,11,11,11,11,3.451614379867962e-07,4.906120300018912e-07,4.796600341916424e-07,4.3000346217070273e-07
batch,DTLZ2,12,3,10,12,12,12,12,3.455009460195946e-07,4.906120300018912e-07,4.796600341916424e-07,4.3000346217070273e-07
batch,DTLZ2,12,3,10,13,13,13,13,3.4584045405239294e-07,4.906120300018912e-07,4.796600341916424e-07,4.3000346217070273e-07
batch,DTLZ2,12,3,10,14,14,14,14,3.690681457113598e-07,4.906120300018912e-07,4.796600341916424e-07,4.3000346217070273e-07
batch,DTLZ2,12,3,10,15,15,15,15,3.4584045405239294e-07,4.906120300018912e-07,4.796600341916424e-07,4.3000346217070273e-07
batch,DTLZ2,12,3,10,16,16,16,16,3.455009460195946e-07,4.906120300018912e-07,4.819240570080874e-07,4.4069460034684704e-07
batch,DTLZ2,12,3,10,17,17,17,17,3.4584045405239294e-07,4.906120300018912e-07,4.819240570080874e-07,4.4069460034684704e-07
batch,DTLZ2,12,3,10,18,18,18,18,3.690681457113598e-07,5.116577148633894e-07,4.819240570080874e-07,4.4069460034684704e-07
batch,DTLZ2,12,3,10,19,19,19,19,3.922958373703267e-07,5.116577148633894e-07,4.819240570080874e-07,4.4069460034684704e-07
batch,DTLZ2,12,3,10,20,20,20,20,3.9472579949073605e-07,5.116577148633894e-07,4.819240570080874e-07,4.4069460034684704e-07
batch,DTLZ2,12,3,10,21,21,21,21,3.922958373703267e-07,5.116577148633894e-07,4.819240570080874e-07,4.4069460034684704e-07
batch,DTLZ2,12,3,10,22,22,22,22,3.703422545298096e-07,5.116577148633894e-07,4.819240570080874e-07,4.4069460034684704e-07
batch,DTLZ2,12,3,10,23,23,23,23,3.4838867168929255e-07,5.116577148633894e-07,4.819240570080874e-07,4.4069460034684704e-07
batch,DTLZ2,12,3,10,24,24,24,24,3.4774780255375504e-07,5.116577148633894e-07,4.819240570080874e-07,4.4069460034684704e-07
batch,DTLZ2,12,3,10,25,25,25,25,3.4838867168929255e-07,5.116577148633894e-07,4.819240570080874e-07,4.4069460034684704e-07
batch,DTLZ2,12,3,10,26,26,26,26,3.4774780255375504e-07,5.116577148633894e-07,4.819240570080874e-07,4.96080289357631e-07
batch,DTLZ2,12,3,10,27,27,27,27,3.4838867168929255e-07,5.116577148633894e-07,4.819240570080874e-07,4.96080289357631e-07
batch,DTLZ2,12,3,10,28,28,28,28,3.703422545298096e-07,5.116577148633894e-07,4.819240570080874e-07,4.96080289357631e-07
batch,DTLZ2,12,3,10,29,29,29,29,3.4838867168929255e-07,5.116577148633894e-07,4.819240570080874e-07,4.96080289357631e-07
batch,DTLZ2,12,3,10,30,30,30,30,3.4774780255375504e-07,5.116577148633894e-07,4.884266853327768e-07,4.96080289357631e-07
batch,DTLZ2,12,3,10,31,31,31,31,3.471069334182175e-07,5.116577148633894e-07,4.884266853327768e-07,4.96080289357631e-07
batch,DTLZ2,12,3,10,32,32,32,32,3.4774780255375504e-07,5.116577148633894e-07,4.884266853327768e-07,4.96080289357631e-07
batch,DTLZ2,12,3,10,33,33,33,33,3.4838867168929255e-07,5.116577148633894e-07,4.884266853327768e-07,4.96080289357631e-07
batch,DTLZ2,12,3,10,34,34,34,34,3.61415266898063e-07,5.116577148633894e-07,4.884266853327768e-07,4.96080289357631e-07
batch,DTLZ2,12,3,10,35,35,35,35,3.744418621068335e-07,5.116577148633894e-07,4.884266853327768e-07,4.96080289357631e-07
batch,DTLZ2,12,3,10,36,36,36,36,3.833688497385801e-07,5.116577148633894e-07,4.884266853327768e-07,4.96080289357631e-07
batch,DTLZ2,12,3,10,37,37,37,37,3.744418621068335e-07,5.116577148633894e-07,4.884266853327768e-07,4.96080289357631e-07
batch,DTLZ2,12,3,10,38,38,38,38,3.833688497385801e-07,5.116577148633894e-07,4.884266853327768e-07,4.96080289357631e-07
batch,DTLZ2,12,3,10,39,39,39,39,3.922958373703267e-07,5.116577148633894e-07,4.884266853327768e-07,4.96080289357631e-07
batch,DTLZ2,12,3,10,40,40,40,40,3.9472579949073605e-07,5.116577148633894e-07,4.884266853327768e-07,4.96080289357631e-07
batch,DTLZ2,12,3,10,41,41,41,41,3.971557616111454e-07,5.116577148633894e-07,4.884266853327768e-07,4.96080289357631e-07
batch,DTLZ2,12,3,10,42,42,42,42,3.9472579949073605e-07,5.116577148633894e-07,4.884266853327768e-07,4.96080289357631e-07
batch,DTLZ2,12,3,10,43,43,43,43,3.922958373703267e-07,5.116577148633894e-07,4.884266853327768e-07,4.96080289357631e-07
batch,DTLZ2,12,3,10,44,44,44,44,3.9472579949073605e-07,5.116577148633894e-07,4.884266853327768e-07,4.96080289357631e-07
batch,DTLZ2,12,3,10,45,45,45,45,3.971557616111454e-07,5.116577148633894e-07,4.884266853327768e-07,4.96080289357631e-07
batch,DTLZ2,12,3,10,46,46,46,46,4.037227629982709e-07,5.116577148633894e-07,4.884266853327768e-07,4.968864196156636e-07
batch,DTLZ2,12,3,10,47,47,47,47,4.1028976438539644e-07,5.116577148633894e-07,4.884266853327768e-07,4.968864196156636e-07
batch,DTLZ2,12,3,10,48,48,48,48,4.1353154181522633e-07,5.116577148633894e-07,4.884266853327768e-07,4.968864196156636e-07
batch,DTLZ2,12,3,10,49,49,49,49,4.1677331924505623e-07,5.474853517206668e-07,4.884266853327768e-07,4.968864196156636e-07
batch,DTLZ2,12,3,10,50,50,50,50,4.1856122026673326e-07,5.474853517206668e-07,4.884266853327768e-07,4.968864196156636e-07
batch,DTLZ2,12,3,10,51,51,51,51,4.1677331924505623e-07,5.474853517206668e-07,4.951605796846281e-07,4.968864196156636e-07
batch,DTLZ2,12,3,10,52,52,52,52,4.1353154181522633e-07,5.474853517206668e-07,4.951605796846281e-07,4.968864196156636e-07
batch,DTLZ2,12,3,10,53,53,53,53,4.1677331924505623e-07,5.474853517206668e-07,4.951605796846281e-07,4.968864196156636e-07
batch,DTLZ2,12,3,10,54,54,54,54,4.1423535347001605e-07,5.474853517206668e-07,4.951605796846281e-07,4.968864196156636e-07
batch,DTLZ2,12,3,10,55,55,55,55,4.1677331924505623e-07,5.474853517206668e-07,4.951605796846281e-07,4.968864196156636e-07
batch,DTLZ2,12,3,10,56,56,56,56,4.1423535347001605e-07,5.474853517206668e-07,4.951605796846281e-07,4.968864196156636e-07
batch,DTLZ2,12,3,10,57,57,57,57,4.1677331924505623e-07,5.720062254965796e-07,4.951605796846281e-07,4.968864196156636e-07
batch,DTLZ2,12,3,10,58,58,58,58,4.1856122026673326e-07,5.720062254965796e-07,4.951605796846281e-07,4.968864196156636e-07
batch,DTLZ2,12,3,10,59,59,59,59,4.1677331924505623e-07,5.720062254965796e-07,4.951605796846281e-07,4.968864196156636e-07
batch,DTLZ2,12,3,10,60,60,60,60,4.1423535347001605e-07,5.720062254965796e-07,4.951605796846281e-07,4.968864196156636e-07
batch,DTLZ2,12,3,10,61,61,61,61,4.116973876949759e-07,5.720062254965796e-07,4.951605796846281e-07,4.968864196156636e-07
batch,DTLZ2,12,3,10,62,62,62,62,4.1099357604018616e-07,5.720062254965796e-07,4.951605796846281e-07,4.968864196156636e-07
batch,DTLZ2,12,3,10,63,63,63,63,4.1028976438539644e-07,5.720062254965796e-07,4.951605796846281e-07,4.968864196156636e-07
batch,DTLZ2,12,3,10,64,64,64,64,4.037227629982709e-07,5.720062254965796e-07,4.951605796846281e-07,4.968864196156636e-07
batch,DTLZ2,12,3,10,65,65,65,65,4.1028976438539644e-07,5.720062254965796e-07,4.951605796846281e-07,4.968864196156636e-07
batch,DTLZ2,12,3,10,66,66,66,66,4.037227629982709e-07,5.720062254965796e-07,4.951605796846281e-07,4.968864196156636e-07
batch,DTLZ2,12,3,10,67,67,67,67,4.072568416599309e-07,5.720062254965796e-07,4.951605796846281e-07,4.968864196156636e-07
batch,DTLZ2,12,3,10,68,68,68,68,4.087733030226637e-07,5.720062254965796e-07,4.951605796846281e-07,4.968864196156636e-07
batch,DTLZ2,12,3,10,69,69,69,69,4.1028976438539644e-07,5.720062254965796e-07,4.951605796846281e-07,4.968864196156636e-07
batch,DTLZ2,12,3,10,70,70,70,70,4.087733030226637e-07,5.720062254965796e-07,4.951605796846281e-07,4.968864196156636e-07
batch,DTLZ2,12,3,10,71,71,71,71,4.072568416599309e-07,5.720062254965796e-07,4.951605796846281e-07,4.968864196156636e-07
batch,DTLZ2,12,3,10,72,72,72,72,4.087733030226637e-07,5.720062254965796e-07,4.951605796846281e-07,4.968864196156636e-07
batch,DTLZ2,12,3,10,73,73,73,73,4.1028976438539644e-07,5.720062254965796e-07,4.951605796846281e-07,4.968864196156636e-07
batch,DTLZ2,12,3,10,74,74,74,74,4.087733030226637e-07,5.720062254965796e-07,5.059967040921265e-07,4.968864196156636e-07
batch,DTLZ2,12,3,10,75,75,75,75,4.072568416599309e-07,5.720062254965796e-07,5.059967040921265e-07,4.968864196156636e-07
batch,DTLZ2,12,3,10,76,76,76,76,4.0220630163553817e-07,5.720062254965796e-07,5.059967040921265e-07,4.968864196156636e-07
batch,DTLZ2,12,3,10,77,77,77,77,3.971557616111454e-07,5.720062254965796e-07,5.059967040921265e-07,4.968864196156636e-07
batch,DTLZ2,12,3,10,78,78,78,78,4.0220630163553817e-07,5.720062254965796e-07,5.059967040921265e-07,4.968864196156636e-07
batch,DTLZ2,12,3,10,79,79,79,79,3.971557616111454e-07,5.720062254965796e-07,5.059967040921265e-07,4.968864196156636e-07
batch,DTLZ2,12,3,10,80,80,80,80,4.0220630163553817e-07,5.720062254965796e-07,5.059967040921265e-07,4.968864196156636e-07
batch,DTLZ2,12,3,10,81,81,81,81,3.971557616111454e-07,5.720062254965796e-07,5.059967040921265e-07,4.970502471323204e-07
batch,DTLZ2,12,3,10,82,82,82,82,4.0220630163553817e-07,5.720062254965796e-07,5.059967040921265e-07,4.970502471323204e-07
batch,DTLZ2,12,3,10,83,83,83,83,3.971557616111454e-07,5.720062254965796e-07,5.059967040921265e-07,4.970502471323204e-07
batch,DTLZ2,12,3,10,84,84,84,84,3.949326276252163e-07,5.720062254965796e-07,5.059967040921265e-07,4.970502471323204e-07
batch,DTLZ2,12,3,10,85,85,85,85,3.971557616111454e-07,5.720062254965796e-07,5.059967040921265e-07,4.970502471323204e-07
batch,DTLZ2,12,3,10,86,86,86,86,3.949326276252163e-07,5.720062254965796e-07,5.059967040921265e-07,4.970502471323204e-07
batch,DTLZ2,12,3,10,87,87,87,87,3.971557616111454e-07,5.720062254965796e-07,5.059967040921265e-07,4.970502471323204e-07
batch,DTLZ2,12,3,10,88,88,88,88,4.0220630163553817e-07,5.720062254965796e-07,5.059967040921265e-07,4.970502471323204e-07
batch,DTLZ2,12,3,10,89,89,89,89,3.971557616111454e-07,5.720062254965796e-07,5.059967040921265e-07,4.970502471323204e-07
batch,DTLZ2,12,3,10,90,90,90,90,3.949326276252163e-07,5.720062254965796e-07,5.059967040921265e-07,4.970502471323204e-07
batch,DTLZ2,12,3,10,91,91,91,91,3.927094936392872e-07,5.720062254965796e-07,5.059967040921265e-07,4.970502471323204e-07
batch,DTLZ2,12,3,10,92,92,92,92,3.949326276252163e-07,5.720062254965796e-07,5.059967040921265e-07,4.970502471323204e-07
batch,DTLZ2,12,3,10,93,93,93,93,3.971557616111454e-07,5.931549074134068e-07,5.059967040921265e-07,4.970502471323204e-07
batch,DTLZ2,12,3,10,94,94,94,94,4.0220630163553817e-07,5.931549074134068e-07,5.059967040921265e-07,4.970502471323204e-07
batch,DTLZ2,12,3,10,95,95,95,95,4.072568416599309e-07,5.931549074134068e-07,5.059967040921265e-07,4.970502471323204e-07
batch,DTLZ2,12,3,10,96,96,96,96,4.0220630163553817e-07,5.931549074134068e-07,5.059967040921265e-07,4.970502471323204e-07
batch,DTLZ2,12,3,10,97,97,97,97,3.971557616111454e-07,5.931549074134068e-07,5.059967040921265e-07,4.970502471323204e-07
batch,DTLZ2,12,3,10,98,98,98,98,4.0220630163553817e-07,5.931549074134068e-07,5.059967040921265e-07,4.970502471323204e-07
batch,DTLZ2,12,3,10,99,99,99,99,4.072568416599309e-07,5.931549074134068e-07,5.059967040921265e-07,4.970502471323204e-07
batch,DTLZ2,12,3,10,100,100,100,100,4.0220630163553817e-07,5.931549074134068e-07,5.059967040921265e-07,4.970502471323204e-07
batch,DTLZ2,12,3,10,101,101,101,101,3.971557616111454e-07,5.931549074134068e-07,5.059967040921265e-07,4.970502471323204e-07
batch,DTLZ2,12,3,10,102,102,102,102,3.949326276252163e-07,5.931549074134068e-07,5.059967040921265e-07,4.970502471323204e-07
batch,DTLZ2,12,3,10,103,103,103,103,3.971557616111454e-07,5.931549074134068e-07,5.059967040921265e-07,4.970502471323204e-07
batch,DTLZ2,12,3,10,104,104,104,104,3.9874267576678335e-07,5.931549074134068e-07,5.059967040921265e-07,4.970502471323204e-07
batch,DTLZ2,12,3,10,105,105,105,105,3.971557616111454e-07,5.931549074134068e-07,5.059967040921265e-07,4.970502471323204e-07
batch,DTLZ2,12,3,10,106,106,106,106,3.9874267576678335e-07,5.931549074134068e-07,5.059967040921265e-07,4.970502471323204e-07
batch,DTLZ2,12,3,10,107,107,107,107,3.971557616111454e-07,5.931549074134068e-07,5.059967040921265e-07,4.970502471323204e-07
batch,DTLZ2,12,3,10,108,108,108,108,3.949326276252163e-07,5.931549074134068e-07,5.059967040921265e-07,4.970502471323204e-07
batch,DTLZ2,12,3,10,109,109,109,109,3.927094936392872e-07,5.931549074134068e-07,5.059967040921265e-07,4.970502471323204e-07
batch,DTLZ2,12,3,10,110,110,110,110,3.949326276252163e-07,5.931549074134068e-07,5.059967040921265e-07,4.970502471323204e-07
batch,DTLZ2,12,3,10,111,111,111,111,3.971557616111454e-07,5.931549074134068e-07,5.059967040921265e-07,4.970502471323204e-07
batch,DTLZ2,12,3,10,112,112,112,112,3.9874267576678335e-07,5.931549074134068e-07,5.059967040921265e-07,4.970502471323204e-07
batch,DTLZ2,12,3,10,113,113,113,113,4.003295899224213e-07,5.931549074134068e-07,5.059967040921265e-07,4.970502471323204e-07
batch,DTLZ2,12,3,10,114,114,114,114,3.9874267576678335e-07,5.931549074134068e-07,5.059967040921265e-07,4.970502471323204e-07
batch,DTLZ2,12,3,10,115,115,115,115,4.003295899224213e-07,5.931549074134068e-07,5.059967040921265e-07,4.970502471323204e-07
batch,DTLZ2,12,3,10,116,116,116,116,4.009685516739858e-07,5.931549074134068e-07,5.059967040921265e-07,4.970502471323204e-07
batch,DTLZ2,12,3,10,117,117,117,117,4.003295899224213e-07,5.931549074134068e-07,5.059967040921265e-07,4.970502471323204e-07
batch,DTLZ2,12,3,10,118,118,118,118,4.009685516739858e-07,5.931549074134068e-07,5.059967040921265e-07,4.970502471323204e-07
batch,DTLZ2,12,3,10,119,119,119,119,4.0160751342555034e-07,5.931549074134068e-07,5.059967040921265e-07,4.970502471323204e-07
batch,DTLZ2,12,3,10,120,120,120,120,4.009685516739858e-07,5.931549074134068e-07,5.059967040921265e-07,4.970502471323204e-07
batch,DTLZ2,12,3,10,121,121,121,121,4.003295899224213e-07,5.931549074134068e-07,5.059967040921265e-07,4.970502471323204e-07
batch,DTLZ2,12,3,10,122,122,122,122,3.9874267576678335e-07,5.931549074134068e-07,5.059967040921265e-07,4.970502471323204e-07
batch,DTLZ2,12,3,10,123,123,123,123,4.003295899224213e-07,5.931549074134068e-07,5.059967040921265e-07,4.970502471323204e-07
batch,DTLZ2,12,3,10,124,124,124,124,3.9874267576678335e-07,5.931549074134068e-07,5.059967040921265e-07,4.970502471323204e-07
batch,DTLZ2,12,3,10,125,125,125,125,3.971557616111454e-07,5.931549074134068e-07,5.059967040921265e-07,4.970502471323204e-07
batch,DTLZ2,12,3,10,126,126,126,126,3.949326276252163e-07,5.931549074134068e-07,5.059967040921265e-07,4.970502471323204e-07
batch,DTLZ2,12,3,10,127,127,127,127,3.927094936392872e-07,5.931549074134068e-07,5.059967040921265e-07,4.970502471323204e-07
batch,DTLZ2,12,3,10,128,128,128,128,3.949326276252163e-07,5.931549074134068e-07,5.059967040921265e-07,4.970502471323204e-07
batch,DTLZ2,12,3,10,129,129,129,129,3.927094936392872e-07,5.931549074134068e-07,5.059967040921265e-07,4.970502471323204e-07
batch,DTLZ2,12,3,10,130,130,130,130,3.9250266550480695e-07,5.931549074134068e-07,5.059967040921265e-07,4.970502471323204e-07
batch,DTLZ2,12,3,10,131,131,131,131,3.927094936392872e-07,5.931549074134068e-07,5.059967040921265e-07,4.970502471323204e-07
batch,DTLZ2,12,3,10,132,132,132,132,3.949326276252163e-07,5.931549074134068e-07,5.059967040921265e-07,4.970502471323204e-07
batch,DTLZ2,12,3,10,133,133,133,133,3.971557616111454e-07,5.931549074134068e-07,5.059967040921265e-07,4.970502471323204e-07
batch,DTLZ2,12,3,10,134,134,134,134,3.9874267576678335e-07,5.931549074134068e-07,5.059967040921265e-07,4.970502471323204e-07
batch,DTLZ2,12,3,10,135,135,135,135,4.003295899224213e-07,5.931549074134068e-07,5.059967040921265e-07,4.970502471323204e-07
batch,DTLZ2,12,3,10,136,136,136,136,4.009685516739858e-07,5.931549074134068e-07,5.059967040921265e-07,4.970502471323204e-07
batch,DTLZ2,12,3,10,137,137,137,137,4.003295899224213e-07,5.931549074134068e-07,5.059967040921265e-07,4.970502471323204e-07
batch,DTLZ2,12,3,10,138,138,138,138,4.009685516739858e-07,5.931549074134068e-07,5.059967040921265e-07,4.970502471323204e-07
batch,DTLZ2,12,3,10,139,139,139,139,4.003295899224213e-07,5.931549074134068e-07,5.059967040921265e-07,4.970502471323204e-07
batch,DTLZ2,12,3,10,140,140,140,140,3.9874267576678335e-07,5.931549074134068e-07,5.059967040921265e-07,4.970502471323204e-07
batch,DTLZ2,12,3,10,141,141,141,141,3.9987936615963615e-07,5.931549074134068e-07,5.059967040921265e-07,4.970502471323204e-07
batch,DTLZ2,12,3,10,142,142,142,142,4.001044780410287e-07,5.931549074134068e-07,5.059967040921265e-07,4.970502471323204e-07
batch,DTLZ2,12,3,10,143,143,143,143,3.9987936615963615e-07,5.931549074134068e-07,5.059967040921265e-07,4.970502471323204e-07
batch,DTLZ2,12,3,10,144,144,144,144,3.985175638853908e-07,5.931549074134068e-07,5.059967040921265e-07,4.970502471323204e-07
batch,DTLZ2,12,3,10,145,145,145,145,3.9987936615963615e-07,5.931549074134068e-07,5.059967040921265e-07,4.970502471323204e-07
batch,DTLZ2,12,3,10,146,146,146,146,4.001044780410287e-07,5.931549074134068e-07,5.059967040921265e-07,4.970502471323204e-07
batch,DTLZ2,12,3,10,147,147,147,147,4.003295899224213e-07,5.931549074134068e-07,5.059967040921265e-07,4.970502471323204e-07
batch,DTLZ2,12,3,10,148,148,148,148,4.009685516739858e-07,5.931549074134068e-07,5.059967040921265e-07,4.970502471323204e-07
batch,DTLZ2,12,3,10,149,149,149,149,4.0160751342555034e-07,5.931549074134068e-07,5.059967040921265e-07,4.970502471323204e-07
batch,DTLZ2,12,3,10,150,150,150,150,4.009685516739858e-07,5.931549074134068e-07,5.059967040921265e-07,4.970502471323204e-07
batch,DTLZ2,12,3,10,151,151,151,151,4.0160751342555034e-07,5.931549074134068e-07,5.059967040921265e-07,4.970502471323204e-07
batch,DTLZ2,12,3,10,152,152,152,152,4.0195274351312316e-07,5.931549074134068e-07,5.059967040921265e-07,4.970502471323204e-07
batch,DTLZ2,12,3,10,153,153,153,153,4.0160751342555034e-07,5.931549074134068e-07,5.059967040921265e-07,4.970502471323204e-07
batch,DTLZ2,12,3,10,154,154,154,154,4.009685516739858e-07,5.931549074134068e-07,5.059967040921265e-07,4.970502471323204e-07
batch,DTLZ2,12,3,10,155,155,155,155,4.003295899224213e-07,5.931549074134068e-07,5.059967040921265e-07,4.970502471323204e-07
batch,DTLZ2,12,3,10,156,156,156,156,4.009685516739858e-07,5.931549074134068e-07,5.059967040921265e-07,4.970502471323204e-07
batch,DTLZ2,12,3,10,157,157,157,157,4.003295899224213e-07,5.931549074134068e-07,5.059967040921265e-07,4.970502471323204e-07
batch,DTLZ2,12,3,10,158,158,158,158,4.009685516739858e-07,5.931549074134068e-07,5.059967040921265e-07,4.970502471323204e-07
batch,DTLZ2,12,3,10,159,159,159,159,4.003295899224213e-07,5.931549074134068e-07,5.059967040921265e-07,4.970502471323204e-07
batch,DTLZ2,12,3,10,160,160,160,160,4.001044780410287e-07,5.931549074134068e-07,5.059967040921265e-07,4.970502471323204e-07
batch,DTLZ2,12,3,10,161,161,161,161,3.9987936615963615e-07,5.931549074134068e-07,5.059967040921265e-07,4.970502471323204e-07
batch,DTLZ2,12,3,10,162,162,162,162,3.985175638853908e-07,5.931549074134068e-07,5.059967040921265e-07,4.970502471323204e-07
batch,DTLZ2,12,3,10,163,163,163,163,3.971557616111454e-07,5.931549074134068e-07,5.059967040921265e-07,4.970502471323204e-07
batch,DTLZ2,12,3,10,164,164,164,164,3.949326276252163e-07,5.931549074134068e-07,5.059967040921265e-07,4.970502471323204e-07
batch,DTLZ2,12,3,10,165,165,165,165,3.971557616111454e-07,5.931549074134068e-07,5.059967040921265e-07,4.970502471323204e-07
batch,DTLZ2,12,3,10,166,166,166,166,3.949326276252163e-07,5.931549074134068e-07,5.059967040921265e-07,4.970502471323204e-07
batch,DTLZ2,12,3,10,167,167,167,167,3.927094936392872e-07,5.931549074134068e-07,5.059967040921265e-07,4.970502471323204e-07
batch,DTLZ2,12,3,10,168,168,168,168,3.949326276252163e-07,5.931549074134068e-07,5.059967040921265e-07,4.970502471323204e-07
batch,DTLZ2,12,3,10,169,169,169,169,3.927094936392872e-07,5.931549074134068e-07,5.059967040921265e-07,4.970502471323204e-07
batch,DTLZ2,12,3,10,170,170,170,170,3.9250266550480695e-07,5.931549074134068e-07,5.059967040921265e-07,4.970502471323204e-07
batch,DTLZ2,12,3,10,171,171,171,171,3.922958373703267e-07,5.931549074134068e-07,5.059967040921265e-07,4.970502471323204e-07
batch,DTLZ2,12,3,10,172,172,172,172,3.9250266550480695e-07,5.931549074134068e-07,5.059967040921265e-07,4.970502471323204e-07
batch,DTLZ2,12,3,10,173,173,173,173,3.922958373703267e-07,5.931549074134068e-07,5.059967040921265e-07,4.970502471323204e-07
batch,DTLZ2,12,3,10,174,174,174,174,3.91695424898416e-07,5.931549074134068e-07,5.059967040921265e-07,4.970502471323204e-07
batch,DTLZ2,12,3,10,175,175,175,175,3.922958373703267e-07,5.931549074134068e-07,5.059967040921265e-07,4.970502471323204e-07
batch,DTLZ2,12,3,10,176,176,176,176,3.91695424898416e-07,5.931549074134068e-07,5.059967040921265e-07,4.970502471323204e-07
batch,DTLZ2,12,3,10,177,177,177,177,3.910950124265053e-07,5.931549074134068e-07,5.059967040921265e-07,4.970502471323204e-07
batch,DTLZ2,12,3,10,178,178,178,178,3.91695424898416e-07,5.931549074134068e-07,5.059967040921265e-07,4.970502471323204e-07
batch,DTLZ2,12,3,10,179,179,179,179,3.910950124265053e-07,5.931549074134068e-07,5.059967040921265e-07,4.970502471323204e-07
batch,DTLZ2,12,3,10,180,180,180,180,3.909935205859659e-07,5.931549074134068e-07,5.059967040921265e-07,4.970502471323204e-07
batch,DTLZ2,12,3,10,181,181,181,181,3.908920287454265e-07,5.931549074134068e-07,5.059967040921265e-07,4.970502471323204e-07
batch,DTLZ2,12,3,10,182,182,182,182,3.893165588797487e-07,5.931549074134068e-07,5.059967040921265e-07,4.970502471323204e-07
batch,DTLZ2,12,3,10,183,183,183,183,3.908920287454265e-07,5.931549074134068e-07,5.059967040921265e-07,4.970502471323204e-07
batch,DTLZ2,12,3,10,184,184,184,184,3.909935205859659e-07,5.931549074134068e-07,5.059967040921265e-07,4.970502471323204e-07
batch,DTLZ2,12,3,10,185,185,185,185,3.910950124265053e-07,5.931549074134068e-07,5.059967040921265e-07,4.970502471323204e-07
batch,DTLZ2,12,3,10,186,186,186,186,3.909935205859659e-07,5.931549074134068e-07,5.059967040921265e-07,4.970502471323204e-07
batch,DTLZ2,12,3,10,187,187,187,187,3.910950124265053e-07,5.931549074134068e-07,5.059967040921265e-07,4.970502471323204e-07
batch,DTLZ2,12,3,10,188,188,188,188,3.909935205859659e-07,5.931549074134068e-07,5.059967040921265e-07,4.970502471323204e-07
batch,DTLZ2,12,3,10,189,189,189,189,3.910950124265053e-07,5.931549074134068e-07,5.059967040921265e-07,4.970502471323204e-07
batch,DTLZ2,12,3,10,190,190,190,190,3.909935205859659e-07,5.931549074134068e-07,5.059967040921265e-07,4.970502471323204e-07
batch,DTLZ2,12,3,10,191,191,191,191,3.908920287454265e-07,5.931549074134068e-07,5.059967040921265e-07,5.023303212836616e-07
batch,DTLZ2,12,3,10,192,192,192,192,3.909935205859659e-07,5.931549074134068e-07,5.059967040921265e-07,5.023303212836616e-07
batch,DTLZ2,12,3,10,193,193,193,193,3.910950124265053e-07,5.931549074134068e-07,5.059967040921265e-07,5.023303212836616e-07
batch,DTLZ2,12,3,10,194,194,194,194,3.91695424898416e-07,5.931549074134068e-07,5.059967040921265e-07,5.023303212836616e-07
batch,DTLZ2,12,3,10,195,195,195,195,3.922958373703267e-07,5.931549074134068e-07,5.059967040921265e-07,5.023303212836616e-07
batch,DTLZ2,12,3,10,196,196,196,196,3.91695424898416e-07,5.931549074134068e-07,5.059967040921265e-07,5.023303212836616e-07
batch,DTLZ2,12,3,10,197,197,197,197,3.922958373703267e-07,5.931549074134068e-07,5.059967040921265e-07,5.023303212836616e-07
batch,DTLZ2,12,3,10,198,198,198,198,3.924145698386283e-07,5.931549074134068e-07,5.059967040921265e-07,5.023303212836616e-07
batch,DTLZ2,12,3,10,199,199,199,199,3.9253330230692995e-07,5.931549074134068e-07,5.059967040921265e-07,5.023303212836616e-07
batch,DTLZ2,12,3,10,200,200,200,200,3.926213979731086e-07,5.931549074134068e-07,5.059967040921265e-07,5.023303212836616e-07
batch,MMF16_20,20,3,10,1,1,1,1,4.991912840868196e-07,4.991912840868196e-07,2.919349670338356e-07,1.0442869374793773e-08
batch,MMF16_20,20,3,10,2,2,2,2,5.034866332742638e-07,5.07781982461708e-07,3.254680633613116e-07,4.799684374390267e-07
batch,MMF16_20,20,3,10,3,3,3,3,4.991912840868196e-07,5.07781982461708e-07,4.781475067272556e-07,4.799684374390267e-07
batch,MMF16_20,20,3,10,4,4,4,4,5.034866332742638e-07,5.122604369578454e-07,4.781475067272556e-07,4.799684374390267e-07
batch,MMF16_20,20,3,10,5,5,5,5,4.991912840868196e-07,5.122604369578454e-07,4.781475067272556e-07,4.799684374390267e-07
batch,MMF16_20,20,3,10,6,6,6,6,4.842529296444908e-07,5.122604369578454e-07,4.781475067272556e-07,4.799684374390267e-07
batch,MMF16_20,20,3,10,7,7,7,7,4.6931457520216213e-07,5.122604369578454e-07,4.781475067272556e-07,4.799684374390267e-07
batch,MMF16_20,20,3,10,8,8,8,8,4.687423705851401e-07,5.122604369578454e-07,4.781475067272556e-07,4.799684374390267e-07
batch,MMF16_20,20,3,10,9,9,9,9,4.681701659681181e-07,5.122604369578454e-07,4.781475067272556e-07,4.799684374390267e-07
batch,MMF16_20,20,3,10,10,10,10,10,4.5606994625302377e-07,5.122604369578454e-07,4.781475067272556e-07,4.799684374390267e-07
batch,MMF16_20,20,3,10,11,11,11,11,4.4396972653792943e-07,5.122604369578454e-07,4.781475067272556e-07,4.799684374390267e-07
batch,MMF16_20,20,3,10,12,12,12,12,4.5606994625302377e-07,5.122604369578454e-07,4.838428497300207e-07,4.892027399561183e-07
batch,MMF16_20,20,3,10,13,13,13,13,4.4396972653792943e-07,5.122604369578454e-07,4.838428497300207e-07,4.892027399561183e-07
batch,MMF16_20,20,3,10,14,14,14,14,4.305915832780727e-07,5.122604369578454e-07,4.838428497300207e-07,4.892027399561183e-07
batch,MMF16_20,20,3,10,15,15,15,15,4.4396972653792943e-07,5.122604369578454e-07,4.838428497300207e-07,4.892027399561183e-07
batch,MMF16_20,20,3,10,16,16,16,16,4.4987487790582037e-07,5.122604369578454e-07,4.838428497300207e-07,4.892027399561183e-07
batch,MMF16_20,20,3,10,17,17,17,17,4.469680785490482e-07,5.122604369578454e-07,4.838428497300207e-07,4.892027399561183e-07
batch,MMF16_20,20,3,10,18,18,18,18,4.454689025434888e-07,5.122604369578454e-07,4.838428497300207e-07,4.892027399561183e-07
batch,MMF16_20,20,3,10,19,19,19,19,4.469680785490482e-07,5.122604369578454e-07,4.838428497300207e-07,4.892027399561183e-07
batch,MMF16_20,20,3,10,20,20,20,20,4.5137405391137975e-07,5.122604369578454e-07,4.838428497300207e-07,4.892027399561183e-07
batch,MMF16_20,20,3,10,21,21,21,21,4.469680785490482e-07,5.122604369578454e-07,4.838428497300207e-07,4.892027399561183e-07
batch,MMF16_20,20,3,10,22,22,22,22,4.465675353948484e-07,5.122604369578454e-07,4.838428497300207e-07,4.892027399561183e-07
batch,MMF16_20,20,3,10,23,23,23,23,4.461669922406486e-07,5.122604369578454e-07,4.838428497300207e-07,4.892027399561183e-07
batch,MMF16_20,20,3,10,24,24,24,24,4.465675353948484e-07,5.122604369578454e-07,4.838428497300207e-07,4.892027399561183e-07
batch,MMF16_20,20,3,10,25,25,25,25,4.461669922406486e-07,5.122604369578454e-07,4.838428497300207e-07,4.892027399561183e-07
batch,MMF16_20,20,3,10,26,26,26,26,4.45068359389289e-07,5.122604369578454e-07,4.838428497300207e-07,4.892027399561183e-07
batch,MMF16_20,20,3,10,27,27,27,27,4.4396972653792943e-07,5.122604369578454e-07,4.838428497300207e-07,4.892027399561183e-07
batch,MMF16_20,20,3,10,28,28,28,28,4.38404083258348e-07,5.122604369578454e-07,4.838428497300207e-07,4.892027399561183e-07
batch,MMF16_20,20,3,10,29,29,29,29,4.4396972653792943e-07,5.122604369578454e-07,4.838428497300207e-07,4.892027399561183e-07
batch,MMF16_20,20,3,10,30,30,30,30,4.38404083258348e-07,5.122604369578454e-07,4.838428497300207e-07,4.892027399561183e-07
batch,MMF16_20,20,3,10,31,31,31,31,4.4396972653792943e-07,5.122604369578454e-07,4.838428497300207e-07,4.892027399561183e-07
batch,MMF16_20,20,3,10,32,32,32,32,4.45068359389289e-07,5.122604369578454e-07,4.838428497300207e-07,4.892027399561183e-07
batch,MMF16_20,20,3,10,33,33,33,33,4.4396972653792943e-07,5.122604369578454e-07,4.838428497300207e-07,4.892027399561183e-07
batch,MMF16_20,20,3,10,34,34,34,34,4.38404083258348e-07,5.122604369578454e-07,4.838428497300207e-07,4.892027399561183e-07
batch,MMF16_20,20,3,10,35,35,35,35,4.4396972653792943e-07,5.122604369578454e-07,4.838428497300207e-07,4.892027399561183e-07
batch,MMF16_20,20,3,10,36,36,36,36,4.45068359389289e-07,5.122604369578454e-07,4.838428497300207e-07,4.892027399561183e-07
batch,MMF16_20,20,3,10,37,37,37,37,4.461669922406486e-07,5.122604369578454e-07,4.838428497300207e-07,4.892027399561183e-07
batch,MMF16_20,20,3,10,38,38,38,38,4.465675353948484e-07,5.122604369578454e-07,4.838428497300207e-07,4.892027399561183e-07
batch,MMF16_20,20,3,10,39,39,39,39,4.469680785490482e-07,5.122604369578454e-07,4.838428497300207e-07,4.892027399561183e-07
batch,MMF16_20,20,3,10,40,40,40,40,4.465675353948484e-07,5.122604369578454e-07,4.838428497300207e-07,4.892027399561183e-07
batch,MMF16_20,20,3,10,41,41,41,41,4.461669922406486e-07,5.122604369578454e-07,4.838428497300207e-07,4.892027399561183e-07
batch,MMF16_20,20,3,10,42,42,42,42,4.45068359389289e-07,5.122604369578454e-07,4.838428497300207e-07,4.892027399561183e-07
batch,MMF16_20,20,3,10,43,43,43,43,4.4396972653792943e-07,5.122604369578454e-07,4.838428497300207e-07,4.892027399561183e-07
batch,MMF16_20,20,3,10,44,44,44,44,4.38404083258348e-07,5.122604369578454e-07,4.838428497300207e-07,4.892027399561183e-07
batch,MMF16_20,20,3,10,45,45,45,45,4.328384399787666e-07,5.122604369578454e-07,4.838428497300207e-07,4.892027399561183e-07
batch,MMF16_20,20,3,10,46,46,46,46,4.2502593999849125e-07,5.122604369578454e-07,4.838428497300207e-07,4.892027399561183e-07
batch,MMF16_20,20,3,10,47,47,47,47,4.172134400182159e-07,5.122604369578454e-07,4.838428497300207e-07,4.892027399561183e-07
batch,MMF16_20,20,3,10,48,48,48,48,4.1300582886982795e-07,5.122604369578454e-07,4.838428497300207e-07,4.892027399561183e-07
batch,MMF16_20,20,3,10,49,49,49,49,4.172134400182159e-07,5.122604369578454e-07,4.999656677273645e-07,4.892027399561183e-07
batch,MMF16_20,20,3,10,50,50,50,50,4.2502593999849125e-07,5.122604369578454e-07,4.999656677273645e-07,4.892027399561183e-07
batch,MMF16_20,20,3,10,51,51,51,51,4.328384399787666e-07,5.122604369578454e-07,4.999656677273645e-07,4.892027399561183e-07
batch,MMF16_20,20,3,10,52,52,52,52,4.2502593999849125e-07,5.122604369578454e-07,4.999656677273645e-07,4.892027399561183e-07
batch,MMF16_20,20,3,10,53,53,53,53,4.328384399787666e-07,5.122604369578454e-07,4.999656677273645e-07,4.892027399561183e-07
batch,MMF16_20,20,3,10,54,54,54,54,4.2502593999849125e-07,5.122604369578454e-07,4.999656677273645e-07,4.892027399561183e-07
batch,MMF16_20,20,3,10,55,55,55,55,4.172134400182159e-07,5.122604369578454e-07,4.999656677273645e-07,4.892027399561183e-07
batch,MMF16_20,20,3,10,56,56,56,56,4.1656661037281495e-07,5.122604369578454e-07,4.999656677273645e-07,4.892027399561183e-07
batch,MMF16_20,20,3,10,57,57,57,57,4.172134400182159e-07,5.122604369578454e-07,4.999656677273645e-07,4.892027399561183e-07
batch,MMF16_20,20,3,10,58,58,58,58,4.1656661037281495e-07,5.122604369578454e-07,4.999656677273645e-07,4.892027399561183e-07
batch,MMF16_20,20,3,10,59,59,59,59,4.15919780727414e-07,5.122604369578454e-07,4.999656677273645e-07,4.892027399561183e-07
batch,MMF16_20,20,3,10,60,60,60,60,4.1656661037281495e-07,5.603332517978288e-07,4.999656677273645e-07,4.892027399561183e-07
batch,MMF16_20,20,3,10,61,61,61,61,4.15919780727414e-07,5.603332517978288e-07,4.999656677273645e-07,4.892027399561183e-07
batch,MMF16_20,20,3,10,62,62,62,62,4.12358999224427e-07,5.603332517978288e-07,4.999656677273645e-07,4.892027399561183e-07
batch,MMF16_20,20,3,10,63,63,63,63,4.0938568113269014e-07,5.603332517978288e-07,4.999656677273645e-07,4.892027399561183e-07
batch,MMF16_20,20,3,10,64,64,64,64,4.1265273093005206e-07,5.603332517978288e-07,4.999656677273645e-07,4.892027399561183e-07
batch,MMF16_20,20,3,10,65,65,65,65,4.0938568113269014e-07,5.603332517978288e-07,4.999656677273645e-07,4.892027399561183e-07
batch,MMF16_20,20,3,10,66,66,66,66,4.1265273093005206e-07,5.603332517978288e-07,4.999656677273645e-07,4.892027399561183e-07
batch,MMF16_20,20,3,10,67,67,67,67,4.0938568113269014e-07,5.603332517978288e-07,4.999656677273645e-07,4.892027399561183e-07
batch,MMF16_20,20,3,10,68,68,68,68,4.0909194942706506e-07,5.603332517978288e-07,4.999656677273645e-07,4.892027399561183e-07
batch,MMF16_20,20,3,10,69,69,69,69,4.0879821772144e-07,5.603332517978288e-07,4.999656677273645e-07,4.892027399561183e-07
batch,MMF16_20,20,3,10,70,70,70,70,4.0909194942706506e-07,5.603332517978288e-07,4.999656677273645e-07,4.892027399561183e-07
batch,MMF16_20,20,3,10,71,71,71,71,4.0938568113269014e-07,5.603332517978288e-07,4.999656677273645e-07,4.892027399561183e-07
batch,MMF16_20,20,3,10,72,72,72,72,4.1265273093005206e-07,5.603332517978288e-07,4.999656677273645e-07,4.892027399561183e-07
batch,MMF16_20,20,3,10,73,73,73,73,4.15919780727414e-07,5.603332517978288e-07,4.999656677273645e-07,4.892027399561183e-07
batch,MMF16_20,20,3,10,74,74,74,74,4.1265273093005206e-07,5.603332517978288e-07,4.999656677273645e-07,4.892027399561183e-07
batch,MMF16_20,20,3,10,75,75,75,75,4.15919780727414e-07,5.603332517978288e-07,4.999656677273645e-07,4.892027399561183e-07
batch,MMF16_20,20,3,10,76,76,76,76,4.1656661037281495e-07,5.603332517978288e-07,4.999656677273645e-07,4.892027399561183e-07
batch,MMF16_20,20,3,10,77,77,77,77,4.15919780727414e-07,5.603332517978288e-07,4.999656677273645e-07,4.892027399561183e-07
batch,MMF16_20,20,3,10,78,78,78,78,4.1265273093005206e-07,5.603332517978288e-07,4.999656677273645e-07,4.892027399561183e-07
batch,MMF16_20,20,3,10,79,79,79,79,4.0938568113269014e-07,5.603332517978288e-07,4.999656677273645e-07,4.892027399561183e-07
batch,MMF16_20,20,3,10,80,80,80,80,4.0909194942706506e-07,5.603332517978288e-07,4.999656677273645e-07,4.892027399561183e-07
batch,MMF16_20,20,3,10,81,81,81,81,4.0938568113269014e-07,5.603332517978288e-07,4.999656677273645e-07,4.892027399561183e-07
batch,MMF16_20,20,3,10,82,82,82,82,4.1265273093005206e-07,5.603332517978288e-07,4.999656677273645e-07,4.892027399561183e-07
batch,MMF16_20,20,3,10,83,83,83,83,4.15919780727414e-07,5.603332517978288e-07,4.999656677273645e-07,4.892027399561183e-07
batch,MMF16_20,20,3,10,84,84,84,84,4.1265273093005206e-07,5.603332517978288e-07,4.999656677273645e-07,4.892027399561183e-07
batch,MMF16_20,20,3,10,85,85,85,85,4.0938568113269014e-07,5.603332517978288e-07,4.999656677273645e-07,4.892027399561183e-07
batch,MMF16_20,20,3,10,86,86,86,86,4.0909194942706506e-07,5.603332517978288e-07,4.999656677273645e-07,4.892027399561183e-07
batch,MMF16_20,20,3,10,87,87,87,87,4.0938568113269014e-07,5.603332517978288e-07,5.016779899558177e-07,4.892027399561183e-07
batch,MMF16_20,20,3,10,88,88,88,88,4.1265273093005206e-07,5.603332517978288e-07,5.016779899558177e-07,4.892027399561183e-07
batch,MMF16_20,20,3,10,89,89,89,89,4.0938568113269014e-07,5.603332517978288e-07,5.016779899558177e-07,4.892027399561183e-07
batch,MMF16_20,20,3,10,90,90,90,90,4.0909194942706506e-07,5.603332517978288e-07,5.016779899558177e-07,4.892027399561183e-07
batch,MMF16_20,20,3,10,91,91,91,91,4.0938568113269014e-07,6.043090818863561e-07,5.016779899558177e-07,4.892027399561183e-07
batch,MMF16_20,20,3,10,92,92,92,92,4.1265273093005206e-07,6.043090818863561e-07,5.016779899558177e-07,4.892027399561183e-07
batch,MMF16_20,20,3,10,93,93,93,93,4.0938568113269014e-07,6.043090818863561e-07,5.016779899558177e-07,4.892027399561183e-07
batch,MMF16_20,20,3,10,94,94,94,94,4.1265273093005206e-07,6.04919433655482e-07,5.016779899558177e-07,4.892027399561183e-07
batch,MMF16_20,20,3,10,95,95,95,95,4.15919780727414e-07,6.04919433655482e-07,5.016779899558177e-07,4.892027399561183e-07
batch,MMF16_20,20,3,10,96,96,96,96,4.1265273093005206e-07,6.04919433655482e-07,5.016779899558177e-07,4.892027399561183e-07
batch,MMF16_20,20,3,10,97,97,97,97,4.15919780727414e-07,6.04919433655482e-07,5.016779899558177e-07,4.892027399561183e-07
batch,MMF16_20,20,3,10,98,98,98,98,4.1265273093005206e-07,6.04919433655482e-07,5.016779899558177e-07,4.892027399561183e-07
batch,MMF16_20,20,3,10,99,99,99,99,4.0938568113269014e-07,6.04919433655482e-07,5.016779899558177e-07,4.892027399561183e-07
batch,MMF16_20,20,3,10,100,100,100,100,4.1265273093005206e-07,6.04919433655482e-07,5.016779899558177e-07,4.892027399561183e-07
batch,MMF16_20,20,3,10,101,101,101,101,4.15919780727414e-07,6.04919433655482e-07,5.016779899558177e-07,4.892027399561183e-07
batch,MMF16_20,20,3,10,102,102,102,102,4.1265273093005206e-07,6.04919433655482e-07,5.016779899558177e-07,4.892027399561183e-07
batch,MMF16_20,20,3,10,103,103,103,103,4.0938568113269014e-07,6.04919433655482e-07,5.016779899558177e-07,4.892027399561183e-07
batch,MMF16_20,20,3,10,104,104,104,104,4.0909194942706506e-07,6.04919433655482e-07,5.016779899558177e-07,4.892027399561183e-07
batch,MMF16_20,20,3,10,105,105,105,105,4.0879821772144e-07,6.04919433655482e-07,5.016779899558177e-07,4.892027399561183e-07
batch,MMF16_20,20,3,10,106,106,106,106,4.058227538461523e-07,6.04919433655482e-07,5.016779899558177e-07,4.892027399561183e-07
batch,MMF16_20,20,3,10,107,107,107,107,4.028472899708646e-07,6.04919433655482e-07,5.016779899558177e-07,4.892027399561183e-07
batch,MMF16_20,20,3,10,108,108,108,108,4.058227538461523e-07,6.04919433655482e-07,5.016779899558177e-07,4.892027399561183e-07
batch,MMF16_20,20,3,10,109,109,109,109,4.0879821772144e-07,6.04919433655482e-07,5.016779899558177e-07,4.892027399561183e-07
batch,MMF16_20,20,3,10,110,110,110,110,4.058227538461523e-07,6.04919433655482e-07,5.016779899558177e-07,4.892027399561183e-07
batch,MMF16_20,20,3,10,111,111,111,111,4.028472899708646e-07,6.04919433655482e-07,5.016779899558177e-07,4.892027399561183e-07
batch,MMF16_20,20,3,10,112,112,112,112,4.0209060903940996e-07,6.04919433655482e-07,5.016779899558177e-07,4.892027399561183e-07
batch,MMF16_20,20,3,10,113,113,113,113,4.028472899708646e-07,6.04919433655482e-07,5.016779899558177e-07,4.892027399561183e-07
batch,MMF16_20,20,3,10,114,114,114,114,4.058227538461523e-07,6.04919433655482e-07,5.016779899558177e-07,4.892027399561183e-07
batch,MMF16_20,20,3,10,115,115,115,115,4.0879821772144e-07,6.04919433655482e-07,5.016779899558177e-07,4.892027399561183e-07
batch,MMF16_20,20,3,10,116,116,116,116,4.058227538461523e-07,6.04919433655482e-07,5.016779899558177e-07,4.892027399561183e-07
batch,MMF16_20,20,3,10,117,117,117,117,4.028472899708646e-07,6.04919433655482e-07,5.016779899558177e-07,4.892027399561183e-07
batch,MMF16_20,20,3,10,118,118,118,118,4.058227538461523e-07,6.04919433655482e-07,5.016779899558177e-07,4.892027399561183e-07
batch,MMF16_20,20,3,10,119,119,119,119,4.028472899708646e-07,6.04919433655482e-07,5.016779899558177e-07,4.892027399561183e-07
batch,MMF16_20,20,3,10,120,120,120,120,4.0209060903940996e-07,6.04919433655482e-07,5.016779899558177e-07,4.892027399561183e-07
batch,MMF16_20,20,3,10,121,121,121,121,4.028472899708646e-07,6.04919433655482e-07,5.016779899558177e-07,4.892027399561183e-07
batch,MMF16_20,20,3,10,122,122,122,122,4.0209060903940996e-07,6.04919433655482e-07,5.016779899558177e-07,4.892027399561183e-07
batch,MMF16_20,20,3,10,123,123,123,123,4.028472899708646e-07,6.04919433655482e-07,5.016779899558177e-07,4.892027399561183e-07
batch,MMF16_20,20,3,10,124,124,124,124,4.058227538461523e-07,6.04919433655482e-07,5.016779899558177e-07,4.892027399561183e-07
batch,MMF16_20,20,3,10,125,125,125,125,4.0879821772144e-07,6.04919433655482e-07,5.016779899558177e-07,4.892027399561183e-07
batch,MMF16_20,20,3,10,126,126,126,126,4.0909194942706506e-07,6.04919433655482e-07,5.016779899558177e-07,4.892027399561183e-07
batch,MMF16_20,20,3,10,127,127,127,127,4.0938568113269014e-07,6.04919433655482e-07,5.016779899558177e-07,4.892027399561183e-07
batch,MMF16_20,20,3,10,128,128,128,128,4.1265273093005206e-07,6.04919433655482e-07,5.016779899558177e-07,4.892027399561183e-07
batch,MMF16_20,20,3,10,129,129,129,129,4.0938568113269014e-07,6.04919433655482e-07,5.016779899558177e-07,4.892027399561183e-07
batch,MMF16_20,20,3,10,130,130,130,130,4.1265273093005206e-07,6.04919433655482e-07,5.016779899558177e-07,4.892027399561183e-07
batch,MMF16_20,20,3,10,131,131,131,131,4.0938568113269014e-07,6.04919433655482e-07,5.016779899558177e-07,4.892027399561183e-07
batch,MMF16_20,20,3,10,132,132,132,132,4.1265273093005206e-07,6.04919433655482e-07,5.016779899558177e-07,4.892027399561183e-07
batch,MMF16_20,20,3,10,133,133,133,133,4.0938568113269014e-07,6.04919433655482e-07,5.016779899558177e-07,4.892027399561183e-07
batch,MMF16_20,20,3,10,134,134,134,134,4.1265273093005206e-07,6.04919433655482e-07,5.016779899558177e-07,4.892027399561183e-07
batch,MMF16_20,20,3,10,135,135,135,135,4.15919780727414e-07,6.04919433655482e-07,5.016779899558177e-07,4.892027399561183e-07
batch,MMF16_20,20,3,10,136,136,136,136,4.1265273093005206e-07,6.04919433655482e-07,5.016779899558177e-07,4.892027399561183e-07
batch,MMF16_20,20,3,10,137,137,137,137,4.15919780727414e-07,6.04919433655482e-07,5.016779899558177e-07,4.892027399561183e-07
batch,MMF16_20,20,3,10,138,138,138,138,4.1265273093005206e-07,6.04919433655482e-07,5.016779899558177e-07,4.892027399561183e-07
batch,MMF16_20,20,3,10,139,139,139,139,4.15919780727414e-07,6.04919433655482e-07,5.016779899558177e-07,4.892027399561183e-07
batch,MMF16_20,20,3,10,140,140,140,140,4.1265273093005206e-07,6.04919433655482e-07,5.016779899558177e-07,4.892027399561183e-07
batch,MMF16_20,20,3,10,141,141,141,141,4.0938568113269014e-07,6.04919433655482e-07,5.016779899558177e-07,4.892027399561183e-07
batch,MMF16_20,20,3,10,142,142,142,142,4.1265273093005206e-07,6.04919433655482e-07,5.016779899558177e-07,4.892027399561183e-07
batch,MMF16_20,20,3,10,143,143,143,143,4.15919780727414e-07,6.04919433655482e-07,5.016779899558177e-07,4.892027399561183e-07
batch,MMF16_20,20,3,10,144,144,144,144,4.1656661037281495e-07,6.04919433655482e-07,5.016779899558177e-07,4.892027399561183e-07
batch,MMF16_20,20,3,10,145,145,145,145,4.15919780727414e-07,6.04919433655482e-07,5.016779899558177e-07,4.892027399561183e-07
batch,MMF16_20,20,3,10,146,146,146,146,4.140703678129354e-07,6.04919433655482e-07,5.016779899558177e-07,4.892027399561183e-07
batch,MMF16_20,20,3,10,147,147,147,147,4.122209548984568e-07,6.04919433655482e-07,5.016779899558177e-07,4.892027399561183e-07
batch,MMF16_20,20,3,10,148,148,148,148,4.1080331801557346e-07,6.04919433655482e-07,5.016779899558177e-07,4.892027399561183e-07
batch,MMF16_20,20,3,10,149,149,149,149,4.0938568113269014e-07,6.04919433655482e-07,5.016779899558177e-07,4.892027399561183e-07
batch,MMF16_20,20,3,10,150,150,150,150,4.1080331801557346e-07,6.04919433655482e-07,5.016779899558177e-07,4.979503102284233e-07
batch,MMF16_20,20,3,10,151,151,151,151,4.0938568113269014e-07,6.04919433655482e-07,5.016779899558177e-07,4.979503102284233e-07
batch,MMF16_20,20,3,10,152,152,152,152,4.0909194942706506e-07,6.04919433655482e-07,5.016779899558177e-07,4.979503102284233e-07
batch,MMF16_20,20,3,10,153,153,153,153,4.0938568113269014e-07,6.04919433655482e-07,5.016779899558177e-07,4.979503102284233e-07
batch,MMF16_20,20,3,10,154,154,154,154,4.0909194942706506e-07,6.04919433655482e-07,5.016779899558177e-07,4.979503102284233e-07
batch,MMF16_20,20,3,10,155,155,155,155,4.0938568113269014e-07,6.04919433655482e-07,5.016779899558177e-07,4.979503102284233e-07
batch,MMF16_20,20,3,10,156,156,156,156,4.100685119245995e-07,6.04919433655482e-07,5.016779899558177e-07,4.979503102284233e-07
batch,MMF16_20,20,3,10,157,157,157,157,4.107513427165088e-07,6.04919433655482e-07,5.016779899558177e-07,4.979503102284233e-07
batch,MMF16_20,20,3,10,158,158,158,158,4.100685119245995e-07,6.04919433655482e-07,5.016779899558177e-07,4.979503102284233e-07
batch,MMF16_20,20,3,10,159,159,159,159,4.107513427165088e-07,6.04919433655482e-07,5.016779899558177e-07,4.979503102284233e-07
batch,MMF16_20,20,3,10,160,160,160,160,4.100685119245995e-07,6.04919433655482e-07,5.016779899558177e-07,4.979503102284233e-07
batch,MMF16_20,20,3,10,161,161,161,161,4.107513427165088e-07,6.04919433655482e-07,5.016779899558177e-07,4.979503102284233e-07
batch,MMF16_20,20,3,10,162,162,162,162,4.114861488074828e-07,6.04919433655482e-07,5.016779899558177e-07,4.979503102284233e-07
batch,MMF16_20,20,3,10,163,163,163,163,4.122209548984568e-07,6.04919433655482e-07,5.016779899558177e-07,4.979503102284233e-07
batch,MMF16_20,20,3,10,164,164,164,164,4.140703678129354e-07,6.04919433655482e-07,5.016779899558177e-07,4.979503102284233e-07
batch,MMF16_20,20,3,10,165,165,165,165,4.122209548984568e-07,6.04919433655482e-07,5.016779899558177e-07,4.979503102284233e-07
batch,MMF16_20,20,3,10,166,166,166,166,4.114861488074828e-07,6.04919433655482e-07,5.016779899558177e-07,4.979503102284233e-07
batch,MMF16_20,20,3,10,167,167,167,167,4.107513427165088e-07,6.04919433655482e-07,5.016779899558177e-07,4.979503102284233e-07
batch,MMF16_20,20,3,10,168,168,168,168,4.114861488074828e-07,6.04919433655482e-07,5.016779899558177e-07,4.979503102284233e-07
batch,MMF16_20,20,3,10,169,169,169,169,4.122209548984568e-07,6.04919433655482e-07,5.016779899558177e-07,4.979503102284233e-07
batch,MMF16_20,20,3,10,170,170,170,170,4.114861488074828e-07,6.04919433655482e-07,5.016779899558177e-07,4.979503102284233e-07
batch,MMF16_20,20,3,10,171,171,171,171,4.107513427165088e-07,6.04919433655482e-07,5.016779899558177e-07,4.979503102284233e-07
batch,MMF16_20,20,3,10,172,172,172,172,4.100685119245995e-07,6.04919433655482e-07,5.016779899558177e-07,4.979503102284233e-07
batch,MMF16_20,20,3,10,173,173,173,173,4.107513427165088e-07,6.04919433655482e-07,5.016779899558177e-07,4.979503102284233e-07
batch,MMF16_20,20,3,10,174,174,174,174,4.114861488074828e-07,6.04919433655482e-07,5.016779899558177e-07,4.979503102284233e-07
batch,MMF16_20,20,3,10,175,175,175,175,4.122209548984568e-07,6.04919433655482e-07,5.016779899558177e-07,4.979503102284233e-07
batch,MMF16_20,20,3,10,176,176,176,176,4.114861488074828e-07,6.04919433655482e-07,5.016779899558177e-07,4.979503102284233e-07
batch,MMF16_20,20,3,10,177,177,177,177,4.107513427165088e-07,6.04919433655482e-07,5.016779899558177e-07,4.979503102284233e-07
batch,MMF16_20,20,3,10,178,178,178,178,4.100685119245995e-07,6.04919433655482e-07,5.016779899558177e-07,4.979503102284233e-07
batch,MMF16_20,20,3,10,179,179,179,179,4.0938568113269014e-07,6.04919433655482e-07,5.016779899558177e-07,4.979503102284233e-07
batch,MMF16_20,20,3,10,180,180,180,180,4.0909194942706506e-07,6.04919433655482e-07,5.016779899558177e-07,4.979503102284233e-07
batch,MMF16_20,20,3,10,181,181,181,181,4.0938568113269014e-07,6.04919433655482e-07,5.016779899558177e-07,4.979503102284233e-07
batch,MMF16_20,20,3,10,182,182,182,182,4.0909194942706506e-07,6.04919433655482e-07,5.016779899558177e-07,4.979503102284233e-07
batch,MMF16_20,20,3,10,183,183,183,183,4.0938568113269014e-07,6.04919433655482e-07,5.016779899558177e-07,4.979503102284233e-07
batch,MMF16_20,20,3,10,184,184,184,184,4.0909194942706506e-07,6.04919433655482e-07,5.016779899558177e-07,4.979503102284233e-07
batch,MMF16_20,20,3,10,185,185,185,185,4.0938568113269014e-07,6.04919433655482e-07,5.016779899558177e-07,4.979503102284233e-07
batch,MMF16_20,20,3,10,186,186,186,186,4.100685119245995e-07,6.04919433655482e-07,5.016779899558177e-07,4.979503102284233e-07
batch,MMF16_20,20,3,10,187,187,187,187,4.0938568113269014e-07,6.04919433655482e-07,5.016779899558177e-07,4.979503102284233e-07
batch,MMF16_20,20,3,10,188,188,188,188,4.0909194942706506e-07,6.04919433655482e-07,5.016779899558177e-07,4.979503102284233e-07
batch,MMF16_20,20,3,10,189,189,189,189,4.0938568113269014e-07,6.04919433655482e-07,5.016779899558177e-07,4.979503102284233e-07
batch,MMF16_20,20,3,10,190,190,190,190,4.100685119245995e-07,6.04919433655482e-07,5.016779899558177e-07,4.979503102284233e-07
batch,MMF16_20,20,3,10,191,191,191,191,4.107513427165088e-07,6.04919433655482e-07,5.016779899558177e-07,4.979503102284233e-07
batch,MMF16_20,20,3,10,192,192,192,192,4.114861488074828e-07,6.04919433655482e-07,5.016779899558177e-07,4.979503102284233e-07
batch,MMF16_20,20,3,10,193,193,193,193,4.107513427165088e-07,6.04919433655482e-07,5.016779899558177e-07,4.979503102284233e-07
batch,MMF16_20,20,3,10,194,194,194,194,4.100685119245995e-07,6.04919433655482e-07,5.016779899558177e-07,4.979503102284233e-07
batch,MMF16_20,20,3,10,195,195,195,195,4.107513427165088e-07,6.04919433655482e-07,5.054283142014171e-07,4.979503102284233e-07
batch,MMF16_20,20,3,10,196,196,196,196,4.114861488074828e-07,6.04919433655482e-07,5.054283142014171e-07,4.979503102284233e-07
batch,MMF16_20,20,3,10,197,197,197,197,4.107513427165088e-07,6.04919433655482e-07,5.054283142014171e-07,4.979503102284233e-07
batch,MMF16_20,20,3,10,198,198,198,198,4.100685119245995e-07,6.04919433655482e-07,5.054283142014171e-07,4.979503102284233e-07
batch,MMF16_20,20,3,10,199,199,199,199,4.107513427165088e-07,6.04919433655482e-07,5.054283142014171e-07,4.979503102284233e-07
batch,MMF16_20,20,3,10,200,200,200,200,4.100685119245995e-07,6.04919433655482e-07,5.054283142014171e-07,4.979503102284233e-07
batch,WFG9,22,2,10,1,1,1,1,1.723937987918589e-07,1.723937987918589e-07,3.0170917511562756e-07,4.0797960498828445e-07
batch,WFG9,22,2,10,2,2,2,2,2.50263214041091e-07,3.2813262929032305e-07,3.7184906007126095e-07,4.0797960498828445e-07
batch,WFG9,22,2,10,3,3,3,3,2.501296996193503e-07,3.2813262929032305e-07,4.4344997404688336e-07,4.0797960498828445e-07
batch,WFG9,22,2,10,4,4,4,4,2.8913116445483666e-07,3.4320068342807986e-07,4.4344997404688336e-07,4.0797960498828445e-07
batch,WFG9,22,2,10,5,5,5,5,2.6337432856848864e-07,3.4320068342807986e-07,4.4344997404688336e-07,4.0797960498828445e-07
batch,WFG9,22,2,10,6,6,6,6,2.5675201409391946e-07,3.4320068342807986e-07,4.4344997404688336e-07,4.2914106196390023e-07
batch,WFG9,22,2,10,7,7,7,7,2.6337432856848864e-07,4.911956787978511e-07,4.6034431455677094e-07,4.2914106196390023e-07
batch,WFG9,22,2,10,8,8,8,8,2.6324844348835086e-07,4.911956787978511e-07,4.624652862605938e-07,4.2914106196390023e-07
batch,WFG9,22,2,10,9,9,9,9,2.631225584082131e-07,4.911956787978511e-07,4.624652862605938e-07,4.2914106196390023e-07
batch,WFG9,22,2,10,10,10,10,10,2.6324844348835086e-07,4.911956787978511e-07,4.624652862605938e-07,4.2914106196390023e-07
batch,WFG9,22,2,10,11,11,11,11,2.6337432856848864e-07,4.911956787978511e-07,4.624652862605938e-07,4.2914106196390023e-07
batch,WFG9,22,2,10,12,12,12,12,2.6324844348835086e-07,4.911956787978511e-07,4.624652862605938e-07,4.2914106196390023e-07
batch,WFG9,22,2,10,13,13,13,13,2.6337432856848864e-07,4.911956787978511e-07,4.624652862605938e-07,4.2914106196390023e-07
batch,WFG9,22,2,10,14,14,14,14,2.9575347892940584e-07,4.911956787978511e-07,4.624652862605938e-07,4.2914106196390023e-07
batch,WFG9,22,2,10,15,15,15,15,3.2813262929032305e-07,4.911956787978511e-07,4.624652862605938e-07,4.2914106196390023e-07
batch,WFG9,22,2,10,16,16,16,16,3.3566665635920145e-07,4.911956787978511e-07,4.624652862605938e-07,4.2914106196390023e-07
batch,WFG9,22,2,10,17,17,17,17,3.4320068342807986e-07,4.911956787978511e-07,4.624652862605938e-07,4.2914106196390023e-07
batch,WFG9,22,2,10,18,18,18,18,3.445205687402364e-07,5.065383910096699e-07,4.813899993905135e-07,4.2914106196390023e-07
batch,WFG9,22,2,10,19,19,19,19,3.4584045405239294e-07,5.065383910096699e-07,4.813899993905135e-07,4.2914106196390023e-07
batch,WFG9,22,2,10,20,20,20,20,3.445205687402364e-07,5.065383910096699e-07,4.813899993905135e-07,4.2914106196390023e-07
batch,WFG9,22,2,10,21,21,21,21,3.4584045405239294e-07,5.536499023683916e-07,4.813899993905135e-07,4.2914106196390023e-07
batch,WFG9,22,2,10,22,22,22,22,3.445205687402364e-07,5.536499023683916e-07,4.813899993905135e-07,4.2914106196390023e-07
batch,WFG9,22,2,10,23,23,23,23,3.4584045405239294e-07,5.536499023683916e-07,4.813899993905135e-07,4.2914106196390023e-07
batch,WFG9,22,2,10,24,24,24,24,3.5170364376391205e-07,5.536499023683916e-07,4.813899993905135e-07,4.2914106196390023e-07
batch,WFG9,22,2,10,25,25,25,25,3.5756683347543117e-07,5.536499023683916e-07,4.813899993905135e-07,4.2914106196390023e-07
batch,WFG9,22,2,10,26,26,26,26,3.591575621353371e-07,5.536499023683916e-07,4.813899993905135e-07,4.2914106196390023e-07
batch,WFG9,22,2,10,27,27,27,27,3.5756683347543117e-07,5.536499023683916e-07,4.813899993905135e-07,4.2914106196390023e-07
batch,WFG9,22,2,10,28,28,28,28,3.526954650556746e-07,5.536499023683916e-07,4.813899993905135e-07,4.2914106196390023e-07
batch,WFG9,22,2,10,29,29,29,29,3.4782409663591807e-07,5.536499023683916e-07,4.813899993905135e-07,4.2914106196390023e-07
batch,WFG9,22,2,10,30,30,30,30,3.526954650556746e-07,5.536499023683916e-07,4.813899993905135e-07,4.2914106196390023e-07
batch,WFG9,22,2,10,31,31,31,31,3.4782409663591807e-07,5.536499023683916e-07,4.968762397777882e-07,4.2914106196390023e-07
batch,WFG9,22,2,10,32,32,32,32,3.468322753441555e-07,5.536499023683916e-07,4.968762397777882e-07,4.2914106196390023e-07
batch,WFG9,22,2,10,33,33,33,33,3.4584045405239294e-07,5.536499023683916e-07,4.968762397777882e-07,4.2914106196390023e-07
batch,WFG9,22,2,10,34,34,34,34,3.445205687402364e-07,5.536499023683916e-07,4.968762397777882e-07,4.2914106196390023e-07
batch,WFG9,22,2,10,35,35,35,35,3.4584045405239294e-07,5.536499023683916e-07,4.968762397777882e-07,4.2914106196390023e-07
batch,WFG9,22,2,10,36,36,36,36,3.468322753441555e-07,5.536499023683916e-07,4.968762397777882e-07,4.2914106196390023e-07
batch,WFG9,22,2,10,37,37,37,37,3.4782409663591807e-07,5.536499023683916e-07,4.968762397777882e-07,4.2914106196390023e-07
batch,WFG9,22,2,10,38,38,38,38,3.526954650556746e-07,5.536499023683916e-07,4.968762397777882e-07,4.2914106196390023e-07
batch,WFG9,22,2,10,39,39,39,39,3.4782409663591807e-07,5.536499023683916e-07,4.968762397777882e-07,4.2914106196390023e-07
batch,WFG9,22,2,10,40,40,40,40,3.526954650556746e-07,5.536499023683916e-07,4.968762397777882e-07,4.2914106196390023e-07
batch,WFG9,22,2,10,41,41,41,41,3.5756683347543117e-07,5.536499023683916e-07,4.968762397777882e-07,4.2914106196390023e-07
batch,WFG9,22,2,10,42,42,42,42,3.591575621353371e-07,5.536499023683916e-07,4.968762397777882e-07,4.453781964793013e-07
batch,WFG9,22,2,10,43,43,43,43,3.5756683347543117e-07,5.536499023683916e-07,4.968762397777882e-07,4.453781964793013e-07
batch,WFG9,22,2,10,44,44,44,44,3.591575621353371e-07,5.536499023683916e-07,4.968762397777882e-07,4.905062209112354e-07
batch,WFG9,22,2,10,45,45,45,45,3.6074829079524307e-07,5.536499023683916e-07,4.968762397777882e-07,4.905062209112354e-07
batch,WFG9,22,2,10,46,46,46,46,3.591575621353371e-07,5.536499023683916e-07,4.968762397777882e-07,4.905062209112354e-07
batch,WFG9,22,2,10,47,47,47,47,3.5756683347543117e-07,5.536499023683916e-07,4.968762397777882e-07,4.905062209112354e-07
batch,WFG9,22,2,10,48,48,48,48,3.5387420649346524e-07,5.536499023683916e-07,4.968762397777882e-07,4.905062209112354e-07
batch,WFG9,22,2,10,49,49,49,49,3.5756683347543117e-07,5.536499023683916e-07,4.968762397777882e-07,4.905062209112354e-07
batch,WFG9,22,2,10,50,50,50,50,3.5387420649346524e-07,5.536499023683916e-07,4.968762397777882e-07,4.905062209112354e-07
batch,WFG9,22,2,10,51,51,51,51,3.501815795114993e-07,5.536499023683916e-07,4.968762397777882e-07,4.905062209112354e-07
batch,WFG9,22,2,10,52,52,52,52,3.490028380737087e-07,5.536499023683916e-07,4.968762397777882e-07,4.905062209112354e-07
batch,WFG9,22,2,10,53,53,53,53,3.501815795114993e-07,5.536499023683916e-07,4.968762397777882e-07,4.905062209112354e-07
batch,WFG9,22,2,10,54,54,54,54,3.490028380737087e-07,5.536499023683916e-07,4.968762397777882e-07,4.905062209112354e-07
batch,WFG9,22,2,10,55,55,55,55,3.501815795114993e-07,5.536499023683916e-07,4.968762397777882e-07,4.905062209112354e-07
batch,WFG9,22,2,10,56,56,56,56,3.490028380737087e-07,5.536499023683916e-07,4.968762397777882e-07,4.905062209112354e-07
batch,WFG9,22,2,10,57,57,57,57,3.4782409663591807e-07,5.536499023683916e-07,4.968762397777882e-07,4.905062209112354e-07
batch,WFG9,22,2,10,58,58,58,58,3.490028380737087e-07,5.536499023683916e-07,4.968762397777882e-07,4.905062209112354e-07
batch,WFG9,22,2,10,59,59,59,59,3.4782409663591807e-07,5.536499023683916e-07,4.988970756514277e-07,4.905062209112354e-07
batch,WFG9,22,2,10,60,60,60,60,3.468322753441555e-07,5.536499023683916e-07,4.988970756514277e-07,4.905062209112354e-07
batch,WFG9,22,2,10,61,61,61,61,3.4782409663591807e-07,5.536499023683916e-07,4.988970756514277e-07,4.905062209112354e-07
batch,WFG9,22,2,10,62,62,62,62,3.468322753441555e-07,5.536499023683916e-07,4.988970756514277e-07,4.905062209112354e-07
batch,WFG9,22,2,10,63,63,63,63,3.4584045405239294e-07,5.536499023683916e-07,4.988970756514277e-07,4.905062209112354e-07
batch,WFG9,22,2,10,64,64,64,64,3.468322753441555e-07,5.536499023683916e-07,4.988970756514277e-07,4.905062209112354e-07
batch,WFG9,22,2,10,65,65,65,65,3.4782409663591807e-07,5.536499023683916e-07,4.988970756514277e-07,4.905062209112354e-07
batch,WFG9,22,2,10,66,66,66,66,3.468322753441555e-07,5.536499023683916e-07,4.988970756514277e-07,4.905062209112354e-07
batch,WFG9,22,2,10,67,67,67,67,3.4584045405239294e-07,5.536499023683916e-07,4.988970756514277e-07,4.905062209112354e-07
batch,WFG9,22,2,10,68,68,68,68,3.445205687402364e-07,5.536499023683916e-07,4.988970756514277e-07,4.905062209112354e-07
batch,WFG9,22,2,10,69,69,69,69,3.4320068342807986e-07,5.536499023683916e-07,4.988970756514277e-07,4.905062209112354e-07
batch,WFG9,22,2,10,70,70,70,70,3.445205687402364e-07,5.536499023683916e-07,4.988970756514277e-07,4.905062209112354e-07
batch,WFG9,22,2,10,71,71,71,71,3.4584045405239294e-07,5.536499023683916e-07,4.988970756514277e-07,4.905062209112354e-07
batch,WFG9,22,2,10,72,72,72,72,3.445205687402364e-07,5.536499023683916e-07,4.988970756514277e-07,4.905062209112354e-07
batch,WFG9,22,2,10,73,73,73,73,3.4584045405239294e-07,5.536499023683916e-07,4.988970756514277e-07,4.905062209112354e-07
batch,WFG9,22,2,10,74,74,74,74,3.468322753441555e-07,5.536499023683916e-07,4.988970756514277e-07,4.905062209112354e-07
batch,WFG9,22,2,10,75,75,75,75,3.4584045405239294e-07,5.536499023683916e-07,4.988970756514277e-07,4.905062209112354e-07
batch,WFG9,22,2,10,76,76,76,76,3.468322753441555e-07,5.536499023683916e-07,4.988970756514277e-07,4.905062209112354e-07
batch,WFG9,22,2,10,77,77,77,77,3.4782409663591807e-07,5.536499023683916e-07,4.988970756514277e-07,4.905062209112354e-07
batch,WFG9,22,2,10,78,78,78,78,3.490028380737087e-07,5.536499023683916e-07,4.988970756514277e-07,4.905062209112354e-07
batch,WFG9,22,2,10,79,79,79,79,3.501815795114993e-07,5.536499023683916e-07,4.988970756514277e-07,4.905062209112354e-07
batch,WFG9,22,2,10,80,80,80,80,3.490028380737087e-07,5.536499023683916e-07,4.988970756514277e-07,4.905062209112354e-07
batch,WFG9,22,2,10,81,81,81,81,3.501815795114993e-07,5.536499023683916e-07,4.988970756514277e-07,4.910719173037426e-07
batch,WFG9,22,2,10,82,82,82,82,3.490028380737087e-07,5.536499023683916e-07,4.988970756514277e-07,4.910719173037426e-07
batch,WFG9,22,2,10,83,83,83,83,3.501815795114993e-07,5.536499023683916e-07,4.988970756514277e-07,4.910719173037426e-07
batch,WFG9,22,2,10,84,84,84,84,3.490028380737087e-07,5.536499023683916e-07,4.988970756514277e-07,5.176167535703158e-07
batch,WFG9,22,2,10,85,85,85,85,3.4782409663591807e-07,5.536499023683916e-07,4.988970756514277e-07,5.176167535703158e-07
batch,WFG9,22,2,10,86,86,86,86,3.490028380737087e-07,5.536499023683916e-07,4.988970756514277e-07,5.176167535703158e-07
batch,WFG9,22,2,10,87,87,87,87,3.501815795114993e-07,5.536499023683916e-07,4.988970756514277e-07,5.176167535703158e-07
batch,WFG9,22,2,10,88,88,88,88,3.5387420649346524e-07,5.536499023683916e-07,4.988970756514277e-07,5.176167535703158e-07
batch,WFG9,22,2,10,89,89,89,89,3.5756683347543117e-07,5.536499023683916e-07,4.988970756514277e-07,5.176167535703158e-07
batch,WFG9,22,2,10,90,90,90,90,3.5387420649346524e-07,5.536499023683916e-07,4.988970756514277e-07,5.176167535703158e-07
batch,WFG9,22,2,10,91,91,91,91,3.501815795114993e-07,5.536499023683916e-07,4.988970756514277e-07,5.176167535703158e-07
batch,WFG9,22,2,10,92,92,92,92,3.5387420649346524e-07,5.536499023683916e-07,4.988970756514277e-07,5.176167535703158e-07
batch,WFG9,22,2,10,93,93,93,93,3.501815795114993e-07,5.536499023683916e-07,4.988970756514277e-07,5.176167535703158e-07
batch,WFG9,22,2,10,94,94,94,94,3.490028380737087e-07,5.536499023683916e-07,4.988970756514277e-07,5.176167535703158e-07
batch,WFG9,22,2,10,95,95,95,95,3.4782409663591807e-07,5.536499023683916e-07,4.988970756514277e-07,5.176167535703158e-07
batch,WFG9,22,2,10,96,96,96,96,3.4741973875540566e-07,5.536499023683916e-07,4.988970756514277e-07,5.176167535703158e-07
batch,WFG9,22,2,10,97,97,97,97,3.4782409663591807e-07,5.536499023683916e-07,4.988970756514277e-07,5.176167535703158e-07
batch,WFG9,22,2,10,98,98,98,98,3.4741973875540566e-07,5.536499023683916e-07,4.988970756514277e-07,5.176167535703158e-07
batch,WFG9,22,2,10,99,99,99,99,3.4701538087489325e-07,5.536499023683916e-07,4.988970756514277e-07,5.176167535703158e-07
batch,WFG9,22,2,10,100,100,100,100,3.4700775142226803e-07,5.536499023683916e-07,4.988970756514277e-07,5.176167535703158e-07
batch,WFG9,22,2,10,101,101,101,101,3.470001219696428e-07,5.536499023683916e-07,4.988970756514277e-07,5.176167535703158e-07
batch,WFG9,22,2,10,102,102,102,102,3.4700775142226803e-07,5.536499023683916e-07,4.988970756514277e-07,5.176167535703158e-07
batch,WFG9,22,2,10,103,103,103,103,3.470001219696428e-07,5.536499023683916e-07,4.988970756514277e-07,5.176167535703158e-07
batch,WFG9,22,2,10,104,104,104,104,3.464202880110179e-07,5.536499023683916e-07,4.988970756514277e-07,5.176167535703158e-07
batch,WFG9,22,2,10,105,105,105,105,3.4584045405239294e-07,5.536499023683916e-07,4.988970756514277e-07,5.176167535703158e-07
batch,WFG9,22,2,10,106,106,106,106,3.464202880110179e-07,5.536499023683916e-07,4.988970756514277e-07,5.176167535703158e-07
batch,WFG9,22,2,10,107,107,107,107,3.4584045405239294e-07,5.536499023683916e-07,4.988970756514277e-07,5.176167535703158e-07
batch,WFG9,22,2,10,108,108,108,108,3.445205687402364e-07,5.536499023683916e-07,4.988970756514277e-07,5.176167535703158e-07
batch,WFG9,22,2,10,109,109,109,109,3.4320068342807986e-07,5.536499023683916e-07,4.988970756514277e-07,5.176167535703158e-07
batch,WFG9,22,2,10,110,110,110,110,3.422470091773988e-07,5.536499023683916e-07,4.988970756514277e-07,5.176167535703158e-07
batch,WFG9,22,2,10,111,111,111,111,3.4129333492671776e-07,5.536499023683916e-07,4.988970756514277e-07,5.176167535703158e-07
batch,WFG9,22,2,10,112,112,112,112,3.422470091773988e-07,5.536499023683916e-07,4.988970756514277e-07,5.176167535703158e-07
batch,WFG9,22,2,10,113,113,113,113,3.4320068342807986e-07,5.536499023683916e-07,4.988970756514277e-07,5.176167535703158e-07
batch,WFG9,22,2,10,114,114,114,114,3.445205687402364e-07,5.536499023683916e-07,4.988970756514277e-07,5.176167535703158e-07
batch,WFG9,22,2,10,115,115,115,115,3.4320068342807986e-07,5.536499023683916e-07,4.988970756514277e-07,5.176167535703158e-07
batch,WFG9,22,2,10,116,116,116,116,3.445205687402364e-07,5.536499023683916e-07,4.988970756514277e-07,5.176167535703158e-07
batch,WFG9,22,2,10,117,117,117,117,3.4320068342807986e-07,5.536499023683916e-07,4.988970756514277e-07,5.176167535703158e-07
batch,WFG9,22,2,10,118,118,118,118,3.445205687402364e-07,5.536499023683916e-07,4.988970756514277e-07,5.176167535703158e-07
batch,WFG9,22,2,10,119,119,119,119,3.4320068342807986e-07,5.536499023683916e-07,4.988970756514277e-07,5.314245296039743e-07
batch,WFG9,22,2,10,120,120,120,120,3.422470091773988e-07,5.536499023683916e-07,4.988970756514277e-07,5.314245296039743e-07
batch,WFG9,22,2,10,121,121,121,121,3.4129333492671776e-07,5.536499023683916e-07,4.988970756514277e-07,5.314245296039743e-07
batch,WFG9,22,2,10,122,122,122,122,3.405609130258114e-07,5.536499023683916e-07,4.988970756514277e-07,5.314245296039743e-07
batch,WFG9,22,2,10,123,123,123,123,3.4129333492671776e-07,5.536499023683916e-07,4.988970756514277e-07,5.314245296039743e-07
batch,WFG9,22,2,10,124,124,124,124,3.422470091773988e-07,5.536499023683916e-07,4.988970756514277e-07,5.314245296039743e-07
batch,WFG9,22,2,10,125,125,125,125,3.4320068342807986e-07,5.536499023683916e-07,4.988970756514277e-07,5.314245296039743e-07
batch,WFG9,22,2,10,126,126,126,126,3.422470091773988e-07,5.536499023683916e-07,5.098724364938079e-07,5.314245296039743e-07
batch,WFG9,22,2,10,127,127,127,127,3.4320068342807986e-07,5.536499023683916e-07,5.098724364938079e-07,5.314245296039743e-07
batch,WFG9,22,2,10,128,128,128,128,3.445205687402364e-07,5.536499023683916e-07,5.098724364938079e-07,5.314245296039743e-07
batch,WFG9,22,2,10,129,129,129,129,3.4320068342807986e-07,5.536499023683916e-07,5.098724364938079e-07,5.314245296039743e-07
batch,WFG9,22,2,10,130,130,130,130,3.445205687402364e-07,5.536499023683916e-07,5.098724364938079e-07,5.314245296039743e-07
batch,WFG9,22,2,10,131,131,131,131,3.4320068342807986e-07,5.536499023683916e-07,5.098724364938079e-07,5.314245296039743e-07
batch,WFG9,22,2,10,132,132,132,132,3.445205687402364e-07,5.536499023683916e-07,5.098724364938079e-07,5.314245296039743e-07
batch,WFG9,22,2,10,133,133,133,133,3.4320068342807986e-07,5.536499023683916e-07,5.098724364938079e-07,5.314245296039743e-07
batch,WFG9,22,2,10,134,134,134,134,3.445205687402364e-07,5.585021973786297e-07,5.098724364938079e-07,5.314245296039743e-07
batch,WFG9,22,2,10,135,135,135,135,3.4320068342807986e-07,5.585021973786297e-07,5.098724364938079e-07,5.314245296039743e-07
batch,WFG9,22,2,10,136,136,136,136,3.422470091773988e-07,5.585021973786297e-07,5.098724364938079e-07,5.314245296039743e-07
batch,WFG9,22,2,10,137,137,137,137,3.4129333492671776e-07,5.585021973786297e-07,5.098724364938079e-07,5.314245296039743e-07
batch,WFG9,22,2,10,138,138,138,138,3.422470091773988e-07,5.585021973786297e-07,5.098724364938079e-07,5.314245296039743e-07
batch,WFG9,22,2,10,139,139,139,139,3.4129333492671776e-07,5.585021973786297e-07,5.098724364938079e-07,5.314245296039743e-07
batch,WFG9,22,2,10,140,140,140,140,3.405609130258114e-07,5.585021973786297e-07,5.098724364938079e-07,5.314245296039743e-07
batch,WFG9,22,2,10,141,141,141,141,3.39828491124905e-07,5.585021973786297e-07,5.098724364938079e-07,5.314245296039743e-07
batch,WFG9,22,2,10,142,142,142,142,3.405609130258114e-07,5.585021973786297e-07,5.098724364938079e-07,5.314245296039743e-07
batch,WFG9,22,2,10,143,143,143,143,3.4129333492671776e-07,5.585021973786297e-07,5.098724364938079e-07,5.314245296039743e-07
batch,WFG9,22,2,10,144,144,144,144,3.422470091773988e-07,5.585021973786297e-07,5.098724364938079e-07,5.314245296039743e-07
batch,WFG9,22,2,10,145,145,145,145,3.4320068342807986e-07,5.585021973786297e-07,5.098724364938079e-07,5.314245296039743e-07
batch,WFG9,22,2,10,146,146,146,146,3.422470091773988e-07,5.585021973786297e-07,5.098724364938079e-07,5.314245296039743e-07
batch,WFG9,22,2,10,147,147,147,147,3.4129333492671776e-07,5.585021973786297e-07,5.098724364938079e-07,5.314245296039743e-07
batch,WFG9,22,2,10,148,148,148,148,3.405609130258114e-07,5.585021973786297e-07,5.098724364938079e-07,5.314245296039743e-07
batch,WFG9,22,2,10,149,149,149,149,3.39828491124905e-07,5.585021973786297e-07,5.098724364938079e-07,5.314245296039743e-07
batch,WFG9,22,2,10,150,150,150,150,3.3924865716628005e-07,5.585021973786297e-07,5.098724364938079e-07,5.314245296039743e-07
batch,WFG9,22,2,10,151,151,151,151,3.39828491124905e-07,5.585021973786297e-07,5.098724364938079e-07,5.314245296039743e-07
batch,WFG9,22,2,10,152,152,152,152,3.405609130258114e-07,5.585021973786297e-07,5.098724364938079e-07,5.314245296039743e-07
batch,WFG9,22,2,10,153,153,153,153,3.4129333492671776e-07,5.585021973786297e-07,5.098724364938079e-07,5.314245296039743e-07
batch,WFG9,22,2,10,154,154,154,154,3.422470091773988e-07,5.585021973786297e-07,5.098724364938079e-07,5.314245296039743e-07
batch,WFG9,22,2,10,155,155,155,155,3.4320068342807986e-07,5.585021973786297e-07,5.098724364938079e-07,5.314245296039743e-07
batch,WFG9,22,2,10,156,156,156,156,3.422470091773988e-07,5.585021973786297e-07,5.098724364938079e-07,5.314245296039743e-07
batch,WFG9,22,2,10,157,157,157,157,3.4129333492671776e-07,5.585021973786297e-07,5.098724364938079e-07,5.314245296039743e-07
batch,WFG9,22,2,10,158,158,158,158,3.422470091773988e-07,5.585021973786297e-07,5.098724364938079e-07,5.314245296039743e-07
batch,WFG9,22,2,10,159,159,159,159,3.4320068342807986e-07,5.585021973786297e-07,5.098724364938079e-07,5.314245296039743e-07
batch,WFG9,22,2,10,160,160,160,160,3.445205687402364e-07,5.585021973786297e-07,5.098724364938079e-07,5.314245296039743e-07
batch,WFG9,22,2,10,161,161,161,161,3.4584045405239294e-07,5.585021973786297e-07,5.098724364938079e-07,5.314245296039743e-07
batch,WFG9,22,2,10,162,162,162,162,3.445205687402364e-07,5.585021973786297e-07,5.098724364938079e-07,5.314245296039743e-07
batch,WFG9,22,2,10,163,163,163,163,3.4584045405239294e-07,5.585021973786297e-07,5.098724364938079e-07,5.314245296039743e-07
batch,WFG9,22,2,10,164,164,164,164,3.445205687402364e-07,5.585021973786297e-07,5.098724364938079e-07,5.314245296039743e-07
batch,WFG9,22,2,10,165,165,165,165,3.4584045405239294e-07,5.585021973786297e-07,5.098724364938079e-07,5.314245296039743e-07
batch,WFG9,22,2,10,166,166,166,166,3.464202880110179e-07,5.585021973786297e-07,5.098724364938079e-07,5.314245296039743e-07
batch,WFG9,22,2,10,167,167,167,167,3.4584045405239294e-07,5.585021973786297e-07,5.098724364938079e-07,5.314245296039743e-07
batch,WFG9,22,2,10,168,168,168,168,3.464202880110179e-07,5.585021973786297e-07,5.098724364938079e-07,5.314245296039743e-07
batch,WFG9,22,2,10,169,169,169,169,3.470001219696428e-07,5.585021973786297e-07,5.098724364938079e-07,5.314245296039743e-07
batch,WFG9,22,2,10,170,170,170,170,3.464202880110179e-07,5.585021973786297e-07,5.098724364938079e-07,5.314245296039743e-07
batch,WFG9,22,2,10,171,171,171,171,3.4584045405239294e-07,5.585021973786297e-07,5.098724364938079e-07,5.314245296039743e-07
batch,WFG9,22,2,10,172,172,172,172,3.464202880110179e-07,5.585021973786297e-07,5.098724364938079e-07,5.314245296039743e-07
batch,WFG9,22,2,10,173,173,173,173,3.4584045405239294e-07,5.585021973786297e-07,5.098724364938079e-07,5.314245296039743e-07
batch,WFG9,22,2,10,174,174,174,174,3.464202880110179e-07,5.585021973786297e-07,5.098724364938079e-07,5.314245296039743e-07
batch,WFG9,22,2,10,175,175,175,175,3.4584045405239294e-07,5.585021973786297e-07,5.098724364938079e-07,5.314245296039743e-07
batch,WFG9,22,2,10,176,176,176,176,3.445205687402364e-07,5.585021973786297e-07,5.098724364938079e-07,5.314245296039743e-07
batch,WFG9,22,2,10,177,177,177,177,3.4584045405239294e-07,5.585021973786297e-07,5.098724364938079e-07,5.314245296039743e-07
batch,WFG9,22,2,10,178,178,178,178,3.445205687402364e-07,5.585021973786297e-07,5.098724364938079e-07,5.314245296039743e-07
batch,WFG9,22,2,10,179,179,179,179,3.4584045405239294e-07,5.585021973786297e-07,5.098724364938079e-07,5.314245296039743e-07
batch,WFG9,22,2,10,180,180,180,180,3.445205687402364e-07,5.585021973786297e-07,5.098724364938079e-07,5.314245296039743e-07
batch,WFG9,22,2,10,181,181,181,181,3.4584045405239294e-07,5.585021973786297e-07,5.098724364938079e-07,5.314245296039743e-07
batch,WFG9,22,2,10,182,182,182,182,3.464202880110179e-07,5.585021973786297e-07,5.098724364938079e-07,5.314245296039743e-07
batch,WFG9,22,2,10,183,183,183,183,3.4584045405239294e-07,5.585021973786297e-07,5.098724364938079e-07,5.314245296039743e-07
batch,WFG9,22,2,10,184,184,184,184,3.464202880110179e-07,5.585021973786297e-07,5.098724364938079e-07,5.314245296039743e-07
batch,WFG9,22,2,10,185,185,185,185,3.470001219696428e-07,5.585021973786297e-07,5.098724364938079e-07,5.314245296039743e-07
batch,WFG9,22,2,10,186,186,186,186,3.464202880110179e-07,5.585021973786297e-07,5.098724364938079e-07,5.314245296039743e-07
batch,WFG9,22,2,10,187,187,187,187,3.4584045405239294e-07,5.585021973786297e-07,5.098724364938079e-07,5.314245296039743e-07
batch,WFG9,22,2,10,188,188,188,188,3.445205687402364e-07,5.585021973786297e-07,5.098724364938079e-07,5.314245296039743e-07
batch,WFG9,22,2,10,189,189,189,189,3.4320068342807986e-07,5.585021973786297e-07,5.098724364938079e-07,5.314245296039743e-07
batch,WFG9,22,2,10,190,190,190,190,3.445205687402364e-07,5.585021973786297e-07,5.098724364938079e-07,5.314245296039743e-07
batch,WFG9,22,2,10,191,191,191,191,3.4320068342807986e-07,5.585021973786297e-07,5.098724364938079e-07,5.314245296039743e-07
batch,WFG9,22,2,10,192,192,192,192,3.445205687402364e-07,6.363830564737327e-07,5.098724364938079e-07,5.314245296039743e-07
batch,WFG9,22,2,10,193,193,193,193,3.4584045405239294e-07,6.363830564737327e-07,5.098724364938079e-07,5.314245296039743e-07
batch,WFG9,22,2,10,194,194,194,194,3.464202880110179e-07,6.363830564737327e-07,5.098724364938079e-07,5.314245296039743e-07
batch,WFG9,22,2,10,195,195,195,195,3.4584045405239294e-07,6.363830564737327e-07,5.098724364938079e-07,5.314245296039743e-07
batch,WFG9,22,2,10,196,196,196,196,3.445205687402364e-07,6.363830564737327e-07,5.098724364938079e-07,5.314245296039743e-07
batch,WFG9,22,2,10,197,197,197,197,3.4584045405239294e-07,6.363830564737327e-07,5.098724364938079e-07,5.314245296039743e-07
batch,WFG9,22,2,10,198,198,198,198,3.445205687402364e-07,6.363830564737327e-07,5.098724364938079e-07,5.314245296039743e-07
batch,WFG9,22,2,10,199,199,199,199,3.4584045405239294e-07,6.363830564737327e-07,5.098724364938079e-07,5.314245296039743e-07
batch,WFG9,22,2,10,200,200,200,200,3.445205687402364e-07,6.363830564737327e-07,5.098724364938079e-07,5.314245296039743e-07
batch,ZDT1,30,2,10,1,1,1,1,1.0257434845950542e-07,1.0257434845950542e-07,3.146896362382634e-07,5.447061326435687e-07
batch,ZDT1,30,2,10,2,2,2,2,3.7188959128853227e-07,6.412048341175591e-07,3.146896362382634e-07,5.447061326435687e-07
batch,ZDT1,30,2,10,3,3,3,3,2.30682372759361e-07,6.412048341175591e-07,3.3540344235305497e-07,5.447061326435687e-07
batch,ZDT1,30,2,10,4,4,4,4,3.565278051814724e-07,6.412048341175591e-07,3.3540344235305497e-07,5.447061326435687e-07
batch,ZDT1,30,2,10,5,5,5,5,3.6019203066787325e-07,6.412048341175591e-07,3.3540344235305497e-07,5.447061326435687e-07
batch,ZDT1,30,2,10,6,6,6,6,2.954372017136171e-07,6.412048341175591e-07,3.3540344235305497e-07,5.447061326435687e-07
batch,ZDT1,30,2,10,7,7,7,7,3.6019203066787325e-07,8.307495118486941e-07,3.3540344235305497e-07,5.447061326435687e-07
batch,ZDT1,30,2,10,8,8,8,8,3.244858235115257e-07,8.307495118486941e-07,4.760742187137623e-07,5.447061326435687e-07
batch,ZDT1,30,2,10,9,9,9,9,3.6019203066787325e-07,8.307495118486941e-07,4.760742187137623e-07,5.447061326435687e-07
batch,ZDT1,30,2,10,10,10,10,10,3.244858235115257e-07,8.307495118486941e-07,4.760742187137623e-07,5.698303624512846e-07
batch,ZDT1,30,2,10,11,11,11,11,3.6019203066787325e-07,8.307495118486941e-07,4.760742187137623e-07,5.698303624512846e-07
batch,ZDT1,30,2,10,12,12,12,12,3.9026390015852244e-07,8.307495118486941e-07,4.760742187137623e-07,5.698303624512846e-07
batch,ZDT1,30,2,10,13,13,13,13,3.6019203066787325e-07,8.307495118486941e-07,4.760742187137623e-07,5.698303624512846e-07
batch,ZDT1,30,2,10,14,14,14,14,3.317841142419682e-07,8.307495118486941e-07,4.760742187137623e-07,5.698303624512846e-07
batch,ZDT1,30,2,10,15,15,15,15,3.033761978160632e-07,8.307495118486941e-07,4.760742187137623e-07,5.698303624512846e-07
batch,ZDT1,30,2,10,16,16,16,16,3.317841142419682e-07,8.307495118486941e-07,4.760742187137623e-07,5.698303624512846e-07
batch,ZDT1,30,2,10,17,17,17,17,3.033761978160632e-07,8.307495118486941e-07,4.760742187137623e-07,5.698303624512846e-07
batch,ZDT1,30,2,10,18,18,18,18,3.317841142419682e-07,8.307495118486941e-07,4.760742187137623e-07,5.698303624512846e-07
batch,ZDT1,30,2,10,19,19,19,19,3.6019203066787325e-07,8.307495118486941e-07,4.810843467692449e-07,5.698303624512846e-07
batch,ZDT1,30,2,10,20,20,20,20,3.317841142419682e-07,8.307495118486941e-07,4.810843467692449e-07,5.698303624512846e-07
batch,ZDT1,30,2,10,21,21,21,21,3.6019203066787325e-07,8.307495118486941e-07,4.87316846847774e-07,5.698303624512846e-07
batch,ZDT1,30,2,10,22,22,22,22,3.7402372062228864e-07,8.307495118486941e-07,4.87316846847774e-07,5.698303624512846e-07
batch,ZDT1,30,2,10,23,23,23,23,3.8785541057670403e-07,8.307495118486941e-07,4.87316846847774e-07,5.698303624512846e-07
batch,ZDT1,30,2,10,24,24,24,24,3.7923043933428546e-07,8.307495118486941e-07,4.87316846847774e-07,5.698303624512846e-07
batch,ZDT1,30,2,10,25,25,25,25,3.706054680918669e-07,8.307495118486941e-07,4.87316846847774e-07,5.698303624512846e-07
batch,ZDT1,30,2,10,26,26,26,26,3.653987493798701e-07,8.307495118486941e-07,4.996414184610387e-07,5.698303624512846e-07
batch,ZDT1,30,2,10,27,27,27,27,3.706054680918669e-07,8.307495118486941e-07,4.996414184610387e-07,5.698303624512846e-07
batch,ZDT1,30,2,10,28,28,28,28,3.653987493798701e-07,8.307495118486941e-07,4.996414184610387e-07,5.698303624512846e-07
batch,ZDT1,30,2,10,29,29,29,29,3.6019203066787325e-07,8.307495118486941e-07,4.996414184610387e-07,5.698303624512846e-07
batch,ZDT1,30,2,10,30,30,30,30,3.653987493798701e-07,8.307495118486941e-07,4.996414184610387e-07,5.698303624512846e-07
batch,ZDT1,30,2,10,31,31,31,31,3.706054680918669e-07,8.307495118486941e-07,4.996414184610387e-07,5.698303624512846e-07
batch,ZDT1,30,2,10,32,32,32,32,3.653987493798701e-07,8.307495118486941e-07,4.996414184610387e-07,5.698303624512846e-07
batch,ZDT1,30,2,10,33,33,33,33,3.706054680918669e-07,8.496704104743458e-07,4.996414184610387e-07,5.698303624512846e-07
batch,ZDT1,30,2,10,34,34,34,34,3.7923043933428546e-07,8.496704104743458e-07,4.996414184610387e-07,5.698303624512846e-07
batch,ZDT1,30,2,10,35,35,35,35,3.706054680918669e-07,8.496704104743458e-07,4.996414184610387e-07,5.698303624512846e-07
batch,ZDT1,30,2,10,36,36,36,36,3.653987493798701e-07,8.496704104743458e-07,4.996414184610387e-07,5.698303624512846e-07
batch,ZDT1,30,2,10,37,37,37,37,3.706054680918669e-07,8.496704104743458e-07,4.996414184610387e-07,5.698303624512846e-07
batch,ZDT1,30,2,10,38,38,38,38,3.653987493798701e-07,8.496704104743458e-07,4.996414184610387e-07,5.698303624512846e-07
batch,ZDT1,30,2,10,39,39,39,39,3.6019203066787325e-07,8.496704104743458e-07,4.996414184610387e-07,5.698303624512846e-07
batch,ZDT1,30,2,10,40,40,40,40,3.653987493798701e-07,8.496704104743458e-07,4.996414184610387e-07,5.698303624512846e-07
batch,ZDT1,30,2,10,41,41,41,41,3.6019203066787325e-07,8.496704104743458e-07,4.996414184610387e-07,5.698303624512846e-07
batch,ZDT1,30,2,10,42,42,42,42,3.653987493798701e-07,8.496704104743458e-07,4.996414184610387e-07,5.698303624512846e-07
batch,ZDT1,30,2,10,43,43,43,43,3.706054680918669e-07,8.496704104743458e-07,4.996414184610387e-07,5.698303624512846e-07
batch,ZDT1,30,2,10,44,44,44,44,3.653987493798701e-07,8.496704104743458e-07,4.996414184610387e-07,5.698303624512846e-07
batch,ZDT1,30,2,10,45,45,45,45,3.6019203066787325e-07,8.496704104743458e-07,4.996414184610387e-07,5.698303624512846e-07
batch,ZDT1,30,2,10,46,46,46,46,3.653987493798701e-07,8.496704104743458e-07,4.996414184610387e-07,5.698303624512846e-07
batch,ZDT1,30,2,10,47,47,47,47,3.706054680918669e-07,8.496704104743458e-07,4.996414184610387e-07,5.698303624512846e-07
batch,ZDT1,30,2,10,48,48,48,48,3.786315918574701e-07,8.496704104743458e-07,4.996414184610387e-07,5.698303624512846e-07
batch,ZDT1,30,2,10,49,49,49,49,3.706054680918669e-07,8.496704104743458e-07,4.996414184610387e-07,5.698303624512846e-07
batch,ZDT1,30,2,10,50,50,50,50,3.786315918574701e-07,8.496704104743458e-07,4.996414184610387e-07,5.698303624512846e-07
batch,ZDT1,30,2,10,51,51,51,51,3.8665771562307327e-07,8.496704104743458e-07,4.996414184610387e-07,5.698303624512846e-07
batch,ZDT1,30,2,10,52,52,52,52,3.869214061785753e-07,8.496704104743458e-07,4.996414184610387e-07,5.698303624512846e-07
batch,ZDT1,30,2,10,53,53,53,53,3.871850967340773e-07,8.496704104743458e-07,4.996414184610387e-07,5.698303624512846e-07
batch,ZDT1,30,2,10,54,54,54,54,3.869214061785753e-07,8.496704104743458e-07,4.996414184610387e-07,5.698303624512846e-07
batch,ZDT1,30,2,10,55,55,55,55,3.871850967340773e-07,8.496704104743458e-07,4.996414184610387e-07,5.698303624512846e-07
batch,ZDT1,30,2,10,56,56,56,56,3.8752025365539067e-07,8.496704104743458e-07,4.996414184610387e-07,5.698303624512846e-07
batch,ZDT1,30,2,10,57,57,57,57,3.8785541057670403e-07,8.496704104743458e-07,4.996414184610387e-07,5.698303624512846e-07
batch,ZDT1,30,2,10,58,58,58,58,3.88315260410263e-07,8.496704104743458e-07,4.996414184610387e-07,5.698303624512846e-07
batch,ZDT1,30,2,10,59,59,59,59,3.8877511024382194e-07,8.496704104743458e-07,4.996414184610387e-07,5.698303624512846e-07
batch,ZDT1,30,2,10,60,60,60,60,3.88315260410263e-07,8.496704104743458e-07,4.996414184610387e-07,5.698303624512846e-07
batch,ZDT1,30,2,10,61,61,61,61,3.8785541057670403e-07,8.496704104743458e-07,4.996414184610387e-07,5.698303624512846e-07
batch,ZDT1,30,2,10,62,62,62,62,3.88315260410263e-07,8.496704104743458e-07,4.996414184610387e-07,5.698303624512846e-07
batch,ZDT1,30,2,10,63,63,63,63,3.8785541057670403e-07,8.496704104743458e-07,4.996414184610387e-07,5.698303624512846e-07
batch,ZDT1,30,2,10,64,64,64,64,3.88315260410263e-07,8.496704104743458e-07,4.996414184610387e-07,5.698303624512846e-07
batch,ZDT1,30,2,10,65,65,65,65,3.8785541057670403e-07,8.496704104743458e-07,4.996414184610387e-07,5.698303624512846e-07
batch,ZDT1,30,2,10,66,66,66,66,3.8752025365539067e-07,8.496704104743458e-07,4.996414184610387e-07,5.698303624512846e-07
batch,ZDT1,30,2,10,67,67,67,67,3.8785541057670403e-07,8.496704104743458e-07,4.996414184610387e-07,5.698303624512846e-07
batch,ZDT1,30,2,10,68,68,68,68,3.8752025365539067e-07,8.496704104743458e-07,4.996414184610387e-07,5.698303624512846e-07
batch,ZDT1,30,2,10,69,69,69,69,3.8785541057670403e-07,8.496704104743458e-07,4.996414184610387e-07,5.698303624512846e-07
batch,ZDT1,30,2,10,70,70,70,70,3.8752025365539067e-07,8.496704104743458e-07,4.996414184610387e-07,5.698303624512846e-07
batch,ZDT1,30,2,10,71,71,71,71,3.871850967340773e-07,8.496704104743458e-07,4.996414184610387e-07,5.698303624512846e-07
batch,ZDT1,30,2,10,72,72,72,72,3.869214061785753e-07,8.496704104743458e-07,4.996414184610387e-07,5.698303624512846e-07
batch,ZDT1,30,2,10,73,73,73,73,3.8665771562307327e-07,8.496704104743458e-07,4.996414184610387e-07,5.698303624512846e-07
batch,ZDT1,30,2,10,74,74,74,74,3.786315918574701e-07,8.496704104743458e-07,4.996414184610387e-07,5.698303624512846e-07
batch,ZDT1,30,2,10,75,75,75,75,3.8665771562307327e-07,8.496704104743458e-07,4.996414184610387e-07,5.698303624512846e-07
batch,ZDT1,30,2,10,76,76,76,76,3.786315918574701e-07,8.496704104743458e-07,4.996414184610387e-07,5.698303624512846e-07
batch,ZDT1,30,2,10,77,77,77,77,3.8665771562307327e-07,8.496704104743458e-07,4.996414184610387e-07,5.698303624512846e-07
batch,ZDT1,30,2,10,78,78,78,78,3.869214061785753e-07,8.496704104743458e-07,4.996414184610387e-07,5.698303624512846e-07
batch,ZDT1,30,2,10,79,79,79,79,3.871850967340773e-07,8.496704104743458e-07,4.996414184610387e-07,5.698303624512846e-07
batch,ZDT1,30,2,10,80,80,80,80,3.869214061785753e-07,8.496704104743458e-07,4.996414184610387e-07,5.698303624512846e-07
batch,ZDT1,30,2,10,81,81,81,81,3.8665771562307327e-07,8.496704104743458e-07,4.996414184610387e-07,5.698303624512846e-07
batch,ZDT1,30,2,10,82,82,82,82,3.869214061785753e-07,8.496704104743458e-07,4.996414184610387e-07,5.698303624512846e-07
batch,ZDT1,30,2,10,83,83,83,83,3.871850967340773e-07,8.496704104743458e-07,4.996414184610387e-07,5.698303624512846e-07
batch,ZDT1,30,2,10,84,84,84,84,3.869214061785753e-07,8.496704104743458e-07,4.996414184610387e-07,5.698303624512846e-07
batch,ZDT1,30,2,10,85,85,85,85,3.871850967340773e-07,8.496704104743458e-07,4.996414184610387e-07,5.698303624512846e-07
batch,ZDT1,30,2,10,86,86,86,86,3.869214061785753e-07,8.496704104743458e-07,4.996414184610387e-07,5.698303624512846e-07
batch,ZDT1,30,2,10,87,87,87,87,3.871850967340773e-07,8.496704104743458e-07,4.996414184610387e-07,5.698303624512846e-07
batch,ZDT1,30,2,10,88,88,88,88,3.869214061785753e-07,8.496704104743458e-07,4.996414184610387e-07,5.698303624512846e-07
batch,ZDT1,30,2,10,89,89,89,89,3.871850967340773e-07,8.496704104743458e-07,4.996414184610387e-07,5.698303624512846e-07
batch,ZDT1,30,2,10,90,90,90,90,3.869214061785753e-07,8.496704104743458e-07,4.996414184610387e-07,5.698303624512846e-07
batch,ZDT1,30,2,10,91,91,91,91,3.8665771562307327e-07,8.496704104743458e-07,4.996414184610387e-07,5.698303624512846e-07
batch,ZDT1,30,2,10,92,92,92,92,3.786315918574701e-07,8.496704104743458e-07,4.996414184610387e-07,5.698303624512846e-07
batch,ZDT1,30,2,10,93,93,93,93,3.8665771562307327e-07,8.496704104743458e-07,4.996414184610387e-07,5.698303624512846e-07
batch,ZDT1,30,2,10,94,94,94,94,3.869214061785753e-07,8.496704104743458e-07,4.996414184610387e-07,5.698303624512846e-07
batch,ZDT1,30,2,10,95,95,95,95,3.871850967340773e-07,8.496704104743458e-07,4.996414184610387e-07,5.698303624512846e-07
batch,ZDT1,30,2,10,96,96,96,96,3.869214061785753e-07,8.496704104743458e-07,4.996414184610387e-07,5.698303624512846e-07
batch,ZDT1,30,2,10,97,97,97,97,3.8665771562307327e-07,8.496704104743458e-07,4.996414184610387e-07,5.698303624512846e-07
batch,ZDT1,30,2,10,98,98,98,98,3.869214061785753e-07,8.496704104743458e-07,4.996414184610387e-07,5.698303624512846e-07
batch,ZDT1,30,2,10,99,99,99,99,3.8665771562307327e-07,8.496704104743458e-07,4.996414184610387e-07,5.698303624512846e-07
batch,ZDT1,30,2,10,100,100,100,100,3.869214061785753e-07,8.496704104743458e-07,4.996414184610387e-07,5.698303624512846e-07
batch,ZDT1,30,2,10,101,101,101,101,3.8665771562307327e-07,8.496704104743458e-07,4.996414184610387e-07,5.698303624512846e-07
batch,ZDT1,30,2,10,102,102,102,102,3.786315918574701e-07,8.496704104743458e-07,4.996414184610387e-07,5.698303624512846e-07
batch,ZDT1,30,2,10,103,103,103,103,3.706054680918669e-07,8.496704104743458e-07,4.996414184610387e-07,5.698303624512846e-07
batch,ZDT1,30,2,10,104,104,104,104,3.653987493798701e-07,8.496704104743458e-07,4.996414184610387e-07,5.698303624512846e-07
batch,ZDT1,30,2,10,105,105,105,105,3.6019203066787325e-07,8.496704104743458e-07,4.996414184610387e-07,5.698303624512846e-07
batch,ZDT1,30,2,10,106,106,106,106,3.5842908918800806e-07,8.496704104743458e-07,4.996414184610387e-07,5.698303624512846e-07
batch,ZDT1,30,2,10,107,107,107,107,3.6019203066787325e-07,8.496704104743458e-07,4.996414184610387e-07,5.698303624512846e-07
batch,ZDT1,30,2,10,108,108,108,108,3.653987493798701e-07,8.496704104743458e-07,4.996414184610387e-07,5.698303624512846e-07
batch,ZDT1,30,2,10,109,109,109,109,3.706054680918669e-07,8.496704104743458e-07,4.996414184610387e-07,5.698303624512846e-07
batch,ZDT1,30,2,10,110,110,110,110,3.653987493798701e-07,8.496704104743458e-07,4.996414184610387e-07,5.698303624512846e-07
batch,ZDT1,30,2,10,111,111,111,111,3.706054680918669e-07,8.496704104743458e-07,4.996414184610387e-07,5.698303624512846e-07
batch,ZDT1,30,2,10,112,112,112,112,3.653987493798701e-07,8.496704104743458e-07,4.996414184610387e-07,5.698303624512846e-07
batch,ZDT1,30,2,10,113,113,113,113,3.6019203066787325e-07,8.496704104743458e-07,4.996414184610387e-07,5.698303624512846e-07
batch,ZDT1,30,2,10,114,114,114,114,3.6431537554478324e-07,8.496704104743458e-07,4.996414184610387e-07,5.698303624512846e-07
batch,ZDT1,30,2,10,115,115,115,115,3.6019203066787325e-07,8.496704104743458e-07,4.996414184610387e-07,5.698303624512846e-07
batch,ZDT1,30,2,10,116,116,116,116,3.6431537554478324e-07,8.496704104743458e-07,4.996414184610387e-07,5.698303624512846e-07
batch,ZDT1,30,2,10,117,117,117,117,3.6843872042169323e-07,8.496704104743458e-07,4.996414184610387e-07,5.698303624512846e-07
batch,ZDT1,30,2,10,118,118,118,118,3.6431537554478324e-07,8.496704104743458e-07,4.996414184610387e-07,5.698303624512846e-07
batch,ZDT1,30,2,10,119,119,119,119,3.6019203066787325e-07,8.496704104743458e-07,4.996414184610387e-07,5.698303624512846e-07
batch,ZDT1,30,2,10,120,120,120,120,3.5842908918800806e-07,8.496704104743458e-07,4.996414184610387e-07,5.698303624512846e-07
batch,ZDT1,30,2,10,121,121,121,121,3.5666614770814287e-07,8.496704104743458e-07,4.996414184610387e-07,5.698303624512846e-07
batch,ZDT1,30,2,10,122,122,122,122,3.559167683119327e-07,8.496704104743458e-07,4.996414184610387e-07,5.698303624512846e-07
batch,ZDT1,30,2,10,123,123,123,123,3.551673889157225e-07,8.496704104743458e-07,4.996414184610387e-07,5.698303624512846e-07
batch,ZDT1,30,2,10,124,124,124,124,3.559167683119327e-07,8.496704104743458e-07,4.996414184610387e-07,5.698303624512846e-07
batch,ZDT1,30,2,10,125,125,125,125,3.551673889157225e-07,8.496704104743458e-07,4.996414184610387e-07,5.698303624512846e-07
batch,ZDT1,30,2,10,126,126,126,126,3.559167683119327e-07,8.496704104743458e-07,4.996414184610387e-07,5.698303624512846e-07
batch,ZDT1,30,2,10,127,127,127,127,3.551673889157225e-07,8.496704104743458e-07,4.996414184610387e-07,5.698303624512846e-07
batch,ZDT1,30,2,10,128,128,128,128,3.5515254735935323e-07,8.496704104743458e-07,4.996414184610387e-07,5.698303624512846e-07
batch,ZDT1,30,2,10,129,129,129,129,3.551673889157225e-07,8.496704104743458e-07,4.996414184610387e-07,5.698303624512846e-07
batch,ZDT1,30,2,10,130,130,130,130,3.5515254735935323e-07,8.496704104743458e-07,4.996414184610387e-07,5.698303624512846e-07
batch,ZDT1,30,2,10,131,131,131,131,3.551673889157225e-07,8.496704104743458e-07,4.996414184610387e-07,5.698303624512846e-07
batch,ZDT1,30,2,10,132,132,132,132,3.559167683119327e-07,8.496704104743458e-07,4.996414184610387e-07,5.698303624512846e-07
batch,ZDT1,30,2,10,133,133,133,133,3.551673889157225e-07,8.496704104743458e-07,4.996414184610387e-07,5.698303624512846e-07
batch,ZDT1,30,2,10,134,134,134,134,3.5515254735935323e-07,8.496704104743458e-07,4.996414184610387e-07,5.698303624512846e-07
batch,ZDT1,30,2,10,135,135,135,135,3.551673889157225e-07,8.496704104743458e-07,4.996414184610387e-07,5.698303624512846e-07
batch,ZDT1,30,2,10,136,136,136,136,3.559167683119327e-07,8.496704104743458e-07,4.996414184610387e-07,5.698303624512846e-07
batch,ZDT1,30,2,10,137,137,137,137,3.551673889157225e-07,8.496704104743458e-07,4.996414184610387e-07,5.698303624512846e-07
batch,ZDT1,30,2,10,138,138,138,138,3.5515254735935323e-07,8.496704104743458e-07,4.996414184610387e-07,5.698303624512846e-07
batch,ZDT1,30,2,10,139,139,139,139,3.5513770580298393e-07,8.496704104743458e-07,4.996414184610387e-07,5.698303624512846e-07
batch,ZDT1,30,2,10,140,140,140,140,3.5515254735935323e-07,8.496704104743458e-07,4.996414184610387e-07,5.698303624512846e-07
batch,ZDT1,30,2,10,141,141,141,141,3.551673889157225e-07,8.496704104743458e-07,4.996414184610387e-07,5.698303624512846e-07
batch,ZDT1,30,2,10,142,142,142,142,3.5515254735935323e-07,8.496704104743458e-07,4.996414184610387e-07,5.698303624512846e-07
batch,ZDT1,30,2,10,143,143,143,143,3.551673889157225e-07,8.496704104743458e-07,4.996414184610387e-07,5.698303624512846e-07
batch,ZDT1,30,2,10,144,144,144,144,3.559167683119327e-07,8.496704104743458e-07,4.996414184610387e-07,5.698303624512846e-07
batch,ZDT1,30,2,10,145,145,145,145,3.551673889157225e-07,8.496704104743458e-07,4.996414184610387e-07,5.698303624512846e-07
batch,ZDT1,30,2,10,146,146,146,146,3.5515254735935323e-07,8.496704104743458e-07,4.996414184610387e-07,5.698303624512846e-07
batch,ZDT1,30,2,10,147,147,147,147,3.5513770580298393e-07,8.496704104743458e-07,4.996414184610387e-07,5.698303624512846e-07
batch,ZDT1,30,2,10,148,148,148,148,3.5515254735935323e-07,8.496704104743458e-07,4.996414184610387e-07,5.698303624512846e-07
batch,ZDT1,30,2,10,149,149,149,149,3.551673889157225e-07,8.496704104743458e-07,4.996414184610387e-07,5.698303624512846e-07
batch,ZDT1,30,2,10,150,150,150,150,3.559167683119327e-07,8.496704104743458e-07,4.996414184610387e-07,5.698303624512846e-07
batch,ZDT1,30,2,10,151,151,151,151,3.5666614770814287e-07,8.496704104743458e-07,4.996414184610387e-07,5.698303624512846e-07
batch,ZDT1,30,2,10,152,152,152,152,3.5842908918800806e-07,8.496704104743458e-07,4.996414184610387e-07,5.698303624512846e-07
batch,ZDT1,30,2,10,153,153,153,153,3.5666614770814287e-07,8.496704104743458e-07,4.996414184610387e-07,5.698303624512846e-07
batch,ZDT1,30,2,10,154,154,154,154,3.5842908918800806e-07,8.496704104743458e-07,4.996414184610387e-07,5.698303624512846e-07
batch,ZDT1,30,2,10,155,155,155,155,3.5666614770814287e-07,8.496704104743458e-07,4.996414184610387e-07,5.698303624512846e-07
batch,ZDT1,30,2,10,156,156,156,156,3.5842908918800806e-07,8.496704104743458e-07,4.996414184610387e-07,5.698303624512846e-07
batch,ZDT1,30,2,10,157,157,157,157,3.5666614770814287e-07,8.496704104743458e-07,4.996414184610387e-07,5.698303624512846e-07
batch,ZDT1,30,2,10,158,158,158,158,3.559167683119327e-07,8.496704104743458e-07,4.996414184610387e-07,5.698303624512846e-07
batch,ZDT1,30,2,10,159,159,159,159,3.551673889157225e-07,8.496704104743458e-07,4.996414184610387e-07,5.698303624512846e-07
batch,ZDT1,30,2,10,160,160,160,160,3.559167683119327e-07,8.496704104743458e-07,4.996414184610387e-07,5.698303624512846e-07
batch,ZDT1,30,2,10,161,161,161,161,3.5666614770814287e-07,8.496704104743458e-07,4.996414184610387e-07,5.698303624512846e-07
batch,ZDT1,30,2,10,162,162,162,162,3.559167683119327e-07,8.496704104743458e-07,4.996414184610387e-07,5.698303624512846e-07
batch,ZDT1,30,2,10,163,163,163,163,3.551673889157225e-07,8.496704104743458e-07,4.996414184610387e-07,5.698303624512846e-07
batch,ZDT1,30,2,10,164,164,164,164,3.5515254735935323e-07,8.496704104743458e-07,4.996414184610387e-07,5.698303624512846e-07
batch,ZDT1,30,2,10,165,165,165,165,3.551673889157225e-07,8.496704104743458e-07,4.996414184610387e-07,5.698303624512846e-07
batch,ZDT1,30,2,10,166,166,166,166,3.559167683119327e-07,8.496704104743458e-07,4.996414184610387e-07,5.698303624512846e-07
batch,ZDT1,30,2,10,167,167,167,167,3.551673889157225e-07,8.496704104743458e-07,4.996414184610387e-07,5.698303624512846e-07
batch,ZDT1,30,2,10,168,168,168,168,3.559167683119327e-07,8.496704104743458e-07,4.996414184610387e-07,5.698303624512846e-07
batch,ZDT1,30,2,10,169,169,169,169,3.5666614770814287e-07,8.496704104743458e-07,4.996414184610387e-07,5.698303624512846e-07
batch,ZDT1,30,2,10,170,170,170,170,3.5842908918800806e-07,8.496704104743458e-07,4.996414184610387e-07,5.698303624512846e-07
batch,ZDT1,30,2,10,171,171,171,171,3.5666614770814287e-07,8.496704104743458e-07,4.996414184610387e-07,5.698303624512846e-07
batch,ZDT1,30,2,10,172,172,172,172,3.559167683119327e-07,8.496704104743458e-07,4.996414184610387e-07,5.698303624512846e-07
batch,ZDT1,30,2,10,173,173,173,173,3.5666614770814287e-07,8.496704104743458e-07,4.996414184610387e-07,5.698303624512846e-07
batch,ZDT1,30,2,10,174,174,174,174,3.559167683119327e-07,8.496704104743458e-07,4.996414184610387e-07,5.698303624512846e-07
batch,ZDT1,30,2,10,175,175,175,175,3.551673889157225e-07,8.496704104743458e-07,4.996414184610387e-07,5.698303624512846e-07
batch,ZDT1,30,2,10,176,176,176,176,3.559167683119327e-07,8.496704104743458e-07,4.996414184610387e-07,5.698303624512846e-07
batch,ZDT1,30,2,10,177,177,177,177,3.5666614770814287e-07,8.496704104743458e-07,4.996414184610387e-07,5.698303624512846e-07
batch,ZDT1,30,2,10,178,178,178,178,3.559167683119327e-07,8.496704104743458e-07,4.996414184610387e-07,5.698303624512846e-07
batch,ZDT1,30,2,10,179,179,179,179,3.5666614770814287e-07,8.496704104743458e-07,4.996414184610387e-07,5.698303624512846e-07
batch,ZDT1,30,2,10,180,180,180,180,3.559167683119327e-07,8.496704104743458e-07,4.996414184610387e-07,5.698303624512846e-07
batch,ZDT1,30,2,10,181,181,181,181,3.5666614770814287e-07,8.496704104743458e-07,4.996414184610387e-07,5.698303624512846e-07
batch,ZDT1,30,2,10,182,182,182,182,3.559167683119327e-07,8.496704104743458e-07,4.996414184610387e-07,5.698303624512846e-07
batch,ZDT1,30,2,10,183,183,183,183,3.5666614770814287e-07,8.496704104743458e-07,4.996414184610387e-07,5.698303624512846e-07
batch,ZDT1,30,2,10,184,184,184,184,3.5842908918800806e-07,8.496704104743458e-07,4.996414184610387e-07,5.698303624512846e-07
batch,ZDT1,30,2,10,185,185,185,185,3.5666614770814287e-07,8.496704104743458e-07,4.996414184610387e-07,5.698303624512846e-07
batch,ZDT1,30,2,10,186,186,186,186,3.559167683119327e-07,8.496704104743458e-07,4.996414184610387e-07,5.698303624512846e-07
batch,ZDT1,30,2,10,187,187,187,187,3.5666614770814287e-07,8.496704104743458e-07,4.996414184610387e-07,5.698303624512846e-07
batch,ZDT1,30,2,10,188,188,188,188,3.5842908918800806e-07,8.496704104743458e-07,4.996414184610387e-07,5.698303624512846e-07
batch,ZDT1,30,2,10,189,189,189,189,3.5666614770814287e-07,8.496704104743458e-07,4.996414184610387e-07,5.698303624512846e-07
batch,ZDT1,30,2,10,190,190,190,190,3.5842908918800806e-07,8.496704104743458e-07,4.996414184610387e-07,5.698303624512846e-07
batch,ZDT1,30,2,10,191,191,191,191,3.5666614770814287e-07,8.496704104743458e-07,4.996414184610387e-07,5.698303624512846e-07
batch,ZDT1,30,2,10,192,192,192,192,3.559167683119327e-07,8.496704104743458e-07,4.996414184610387e-07,5.698303624512846e-07
batch,ZDT1,30,2,10,193,193,193,193,3.55224609727145e-07,8.496704104743458e-07,4.996414184610387e-07,5.698303624512846e-07
batch,ZDT1,30,2,10,194,194,194,194,3.5519599932143375e-07,8.496704104743458e-07,4.996414184610387e-07,5.698303624512846e-07
batch,ZDT1,30,2,10,195,195,195,195,3.55224609727145e-07,8.496704104743458e-07,4.996414184610387e-07,5.698303624512846e-07
batch,ZDT1,30,2,10,196,196,196,196,3.5519599932143375e-07,8.496704104743458e-07,4.996414184610387e-07,5.698303624512846e-07
batch,ZDT1,30,2,10,197,197,197,197,3.55224609727145e-07,8.496704104743458e-07,4.996414184610387e-07,5.698303624512846e-07
batch,ZDT1,30,2,10,198,198,198,198,3.5519599932143375e-07,8.496704104743458e-07,4.996414184610387e-07,5.698303624512846e-07
batch,ZDT1,30,2,10,199,199,199,199,3.55224609727145e-07,8.496704104743458e-07,4.996414184610387e-07,5.698303624512846e-07
batch,ZDT1,30,2,10,200,200,200,200,3.5519599932143375e-07,8.496704104743458e-07,4.996414184610387e-07,5.698303624512846e-07
batch,ZDT4,10,2,10,1,1,0,0,0.00066347656249377,0.00066347656249377,0.008142431274414275,0.000605530035138746
batch,ZDT4,10,2,10,2,1,0,0,7.975341449707031,15.950019422851568,11.508209537353515,0.18269853081336174
batch,ZDT4,10,2,10,3,1,0,0,10.008658134765625,15.950019422851568,11.508209537353515,0.18269853081336174
batch,ZDT4,10,2,10,4,1,0,0,9.829340785156248,15.950019422851568,11.508209537353515,0.18269853081336174
batch,ZDT4,10,2,10,5,1,0,0,9.65002343554687,15.950019422851568,11.508209537353515,0.18269853081336174
batch,ZDT4,10,2,10,6,1,0,0,7.590469793945317,15.950019422851568,11.508209537353515,0.18269853081336174
batch,ZDT4,10,2,10,7,1,0,0,8.458520433593776,15.950019422851568,11.508209537353515,0.18269853081336174
batch,ZDT4,10,2,10,8,1,0,0,9.054271934570323,141.85267771679688,13.988248869384766,0.47345550889686056
batch,ZDT4,10,2,10,9,1,0,0,8.458520433593776,141.85267771679688,13.988248869384766,0.47345550889686056
batch,ZDT4,10,2,10,10,1,0,0,6.99471829296877,141.85267771679688,13.988248869384766,0.47345550889686056
batch,ZDT4,10,2,10,11,1,0,0,5.530916152343764,141.85267771679688,13.988248869384766,0.47345550889686056
batch,ZDT4,10,2,10,12,1,0,0,5.028672143066416,141.85267771679688,13.988248869384766,0.47345550889686056
batch,ZDT4,10,2,10,13,1,0,0,5.530916152343764,141.85267771679688,13.988248869384766,0.47345550889686056
batch,ZDT4,10,2,10,14,1,0,0,6.99471829296877,141.85267771679688,13.988248869384766,0.47345550889686056
batch,ZDT4,10,2,10,15,1,0,0,5.530916152343764,141.85267771679688,13.988248869384766,0.47345550889686056
batch,ZDT4,10,2,10,16,1,0,0,5.028672143066416,141.85267771679688,13.988248869384766,0.47345550889686056
batch,ZDT4,10,2,10,17,1,0,0,4.526428133789068,141.85267771679688,13.988248869384766,0.47345550889686056
batch,ZDT4,10,2,10,18,1,0,0,5.028672143066416,141.85267771679688,13.988248869384766,0.47345550889686056
batch,ZDT4,10,2,10,19,1,0,0,5.530916152343764,141.85267771679688,21.568542283416747,0.47345550889686056
batch,ZDT4,10,2,10,20,1,0,0,5.028672143066416,141.85267771679688,21.568542283416747,0.47345550889686056
batch,ZDT4,10,2,10,21,1,0,0,4.526428133789068,141.85267771679688,21.568542283416747,0.47345550889686056
batch,ZDT4,10,2,10,22,1,0,0,3.7048599672851594,141.85267771679688,21.568542283416747,0.47345550889686056
batch,ZDT4,10,2,10,23,1,0,0,4.526428133789068,141.85267771679688,21.568542283416747,0.47345550889686056
batch,ZDT4,10,2,10,24,1,0,0,5.028672143066416,141.85267771679688,22.673059775650025,0.47345550889686056
batch,ZDT4,10,2,10,25,1,0,0,5.530916152343764,141.85267771679688,22.673059775650025,0.4819890633152065
batch,ZDT4,10,2,10,26,1,0,0,5.519335152343757,141.85267771679688,22.673059775650025,0.4819890633152065
batch,ZDT4,10,2,10,27,1,0,0,5.530916152343764,141.85267771679688,22.673059775650025,0.4819890633152065
batch,ZDT4,10,2,10,28,1,0,0,5.519335152343757,141.85267771679688,22.673059775650025,0.4819890633152065
batch,ZDT4,10,2,10,29,1,0,0,5.50775415234375,141.85267771679688,22.673059775650025,0.4819890633152065
batch,ZDT4,10,2,10,30,1,0,0,5.275184470703124,141.85267771679688,22.673059775650025,0.4819890633152065
batch,ZDT4,10,2,10,31,1,0,0,5.0426147890624975,141.85267771679688,22.673059775650025,0.4819890633152065
batch,ZDT4,10,2,10,32,1,0,0,4.784521461425783,141.85267771679688,22.673059775650025,0.4819890633152065
batch,ZDT4,10,2,10,33,1,0,0,4.526428133789068,141.85267771679688,22.673059775650025,0.4819890633152065
batch,ZDT4,10,2,10,34,1,0,0,4.784521461425783,141.85267771679688,22.673059775650025,0.4819890633152065
batch,ZDT4,10,2,10,35,1,0,0,5.0426147890624975,141.85267771679688,22.673059775650025,0.4819890633152065
batch,ZDT4,10,2,10,36,1,0,0,5.275184470703124,141.85267771679688,22.673059775650025,0.4819890633152065
batch,ZDT4,10,2,10,37,1,0,0,5.50775415234375,141.85267771679688,22.673059775650025,0.4819890633152065
batch,ZDT4,10,2,10,38,1,0,0,5.275184470703124,141.85267771679688,22.673059775650025,0.4819890633152065
batch,ZDT4,10,2,10,39,1,0,0,5.0426147890624975,141.85267771679688,22.673059775650025,0.4819890633152065
batch,ZDT4,10,2,10,40,1,0,0,4.784521461425783,141.85267771679688,22.673059775650025,0.4819890633152065
batch,ZDT4,10,2,10,41,1,0,0,5.0426147890624975,141.85267771679688,22.673059775650025,0.4819890633152065
batch,ZDT4,10,2,10,42,1,0,0,4.784521461425783,141.85267771679688,22.673059775650025,0.4819890633152065
batch,ZDT4,10,2,10,43,1,0,0,4.526428133789068,141.85267771679688,22.673059775650025,0.4819890633152065
batch,ZDT4,10,2,10,44,1,0,0,4.636978919433602,141.85267771679688,22.673059775650025,0.4819890633152065
batch,ZDT4,10,2,10,45,1,0,0,4.526428133789068,141.85267771679688,22.673059775650025,0.4819890633152065
batch,ZDT4,10,2,10,46,1,0,0,4.636978919433602,141.85267771679688,22.673059775650025,0.4819890633152065
batch,ZDT4,10,2,10,47,1,0,0,4.747529705078136,141.85267771679688,22.673059775650025,0.4819890633152065
batch,ZDT4,10,2,10,48,1,0,0,4.895072247070317,141.85267771679688,22.673059775650025,0.4819890633152065
batch,ZDT4,10,2,10,49,1,0,0,5.0426147890624975,141.85267771679688,22.673059775650025,0.4819890633152065
batch,ZDT4,10,2,10,50,1,0,0,5.275184470703124,141.85267771679688,22.673059775650025,0.4819890633152065
batch,ZDT4,10,2,10,51,1,0,0,5.50775415234375,141.85267771679688,22.673059775650025,0.4819890633152065
batch,ZDT4,10,2,10,52,1,0,0,5.519335152343757,141.85267771679688,22.673059775650025,0.4819890633152065
batch,ZDT4,10,2,10,53,1,0,0,5.530916152343764,141.85267771679688,22.673059775650025,0.4819890633152065
batch,ZDT4,10,2,10,54,1,0,0,5.519335152343757,141.85267771679688,22.673059775650025,0.4819890633152065
batch,ZDT4,10,2,10,55,1,0,0,5.50775415234375,141.85267771679688,22.673059775650025,0.4819890633152065
batch,ZDT4,10,2,10,56,1,0,0,5.519335152343757,141.85267771679688,22.673059775650025,0.4819890633152065
batch,ZDT4,10,2,10,57,1,0,1,5.50775415234375,141.85267771679688,22.673059775650025,0.4819890633152065
batch,ZDT4,10,2,10,58,1,0,1,5.519335152343757,141.85267771679688,22.673059775650025,0.4819890633152065
batch,ZDT4,10,2,10,59,1,0,2,5.530916152343764,141.85267771679688,22.673059775650025,0.4819890633152065
batch,ZDT4,10,2,10,60,1,0,3,5.572497263671892,141.85267771679688,22.673059775650025,0.4819890633152065
batch,ZDT4,10,2,10,61,1,0,3,5.61407837500002,141.85267771679688,22.673059775650025,0.4819890633152065
batch,ZDT4,10,2,10,62,1,0,3,5.624538079101569,141.85267771679688,22.673059775650025,0.4819890633152065
batch,ZDT4,10,2,10,63,1,0,3,5.634997783203119,141.85267771679688,22.673059775650025,0.4819890633152065
batch,ZDT4,10,2,10,64,1,0,4,5.6731890175781245,141.85267771679688,22.673059775650025,0.4819890633152065
batch,ZDT4,10,2,10,65,1,0,4,5.7113802519531305,141.85267771679688,22.673059775650025,0.4819890633152065
batch,ZDT4,10,2,10,66,1,0,5,5.800059850585939,141.85267771679688,22.673059775650025,0.4819890633152065
batch,ZDT4,10,2,10,67,1,0,6,5.888739449218747,141.85267771679688,22.673059775650025,0.4819890633152065
batch,ZDT4,10,2,10,68,1,0,6,5.928485500976564,141.85267771679688,22.673059775650025,0.4819890633152065
batch,ZDT4,10,2,10,69,1,0,7,5.96823155273438,141.85267771679688,22.673059775650025,0.4819890633152065
batch,ZDT4,10,2,10,70,1,0,7,5.99572471386719,141.85267771679688,22.673059775650025,0.4819890633152065
batch,ZDT4,10,2,10,71,1,0,8,6.023217875,141.85267771679688,22.673059775650025,0.4819890633152065
batch,ZDT4,10,2,10,72,1,0,8,6.204557431640637,141.85267771679688,22.673059775650025,0.4819890633152065
batch,ZDT4,10,2,10,73,1,0,8,6.385896988281274,141.85267771679688,22.673059775650025,0.4819890633152065
batch,ZDT4,10,2,10,74,1,0,8,6.506042695312516,141.85267771679688,22.673059775650025,0.4819890633152065
batch,ZDT4,10,2,10,75,1,0,8,6.626188402343757,141.85267771679688,22.673059775650025,0.4819890633152065
batch,ZDT4,10,2,10,76,1,0,8,6.628717389648443,141.85267771679688,22.673059775650025,0.4819890633152065
batch,ZDT4,10,2,10,77,1,0,8,6.631246376953129,141.85267771679688,22.673059775650025,0.4819890633152065
batch,ZDT4,10,2,10,78,1,0,8,6.701929291992201,141.85267771679688,22.673059775650025,0.4819890633152065
batch,ZDT4,10,2,10,79,1,0,9,6.772612207031273,141.85267771679688,22.673059775650025,0.4819890633152065
batch,ZDT4,10,2,10,80,1,0,9,6.939826102539087,141.85267771679688,22.673059775650025,0.4819890633152065
batch,ZDT4,10,2,10,81,1,0,9,7.107039998046901,141.85267771679688,22.673059775650025,0.4819890633152065
batch,ZDT4,10,2,10,82,1,0,9,7.234121149414079,141.85267771679688,22.673059775650025,0.4819890633152065
batch,ZDT4,10,2,10,83,1,0,9,7.361202300781258,141.85267771679688,22.673059775650025,0.4819890633152065
batch,ZDT4,10,2,10,84,1,0,9,7.423902047851556,141.85267771679688,22.673059775650025,0.4819890633152065
batch,ZDT4,10,2,10,85,1,0,9,7.486601794921853,141.85267771679688,22.673059775650025,0.7994869149379071
batch,ZDT4,10,2,10,86,1,0,9,7.502570243164058,141.85267771679688,22.673059775650025,0.7994869149379071
batch,ZDT4,10,2,10,87,1,0,9,7.518538691406263,141.85267771679688,22.673059775650025,0.7994869149379071
batch,ZDT4,10,2,10,88,1,0,9,7.518823473632807,141.85267771679688,22.673059775650025,0.7994869149379071
batch,ZDT4,10,2,10,89,1,0,9,7.519108255859351,141.85267771679688,22.673059775650025,0.7994869149379071
batch,ZDT4,10,2,10,90,1,0,9,7.55000044042967,141.85267771679688,22.673059775650025,0.7994869149379071
batch,ZDT4,10,2,10,91,1,0,9,7.58089262499999,141.85267771679688,22.673059775650025,0.7994869149379071
batch,ZDT4,10,2,10,92,1,0,9,7.590513357421884,141.85267771679688,22.673059775650025,0.7994869149379071
batch,ZDT4,10,2,10,93,1,0,9,7.6001340898437775,141.85267771679688,22.673059775650025,0.7994869149379071
batch,ZDT4,10,2,10,94,1,0,10,7.600863583984392,141.85267771679688,22.673059775650025,0.7994869149379071
batch,ZDT4,10,2,10,95,1,0,10,7.601593078125006,141.85267771679688,22.673059775650025,0.7994869149379071
batch,ZDT4,10,2,10,96,1,0,11,7.687457778320322,141.85267771679688,22.673059775650025,0.7994869149379071
batch,ZDT4,10,2,10,97,1,0,11,7.773322478515638,141.85267771679688,22.673059775650025,0.9445916734444525
batch,ZDT4,10,2,10,98,1,0,11,7.778254590820325,141.85267771679688,22.673059775650025,0.9445916734444525
batch,ZDT4,10,2,10,99,1,0,12,7.783186703125011,141.85267771679688,22.673059775650025,0.9445916734444525
batch,ZDT4,10,2,10,100,1,0,12,7.8067034003906315,141.85267771679688,22.673059775650025,0.9445916734444525
batch,ZDT4,10,2,10,101,1,0,12,7.830220097656252,141.85267771679688,22.673059775650025,0.9445916734444525
batch,ZDT4,10,2,10,102,1,0,13,7.864191471679675,141.85267771679688,22.673059775650025,0.9445916734444525
batch,ZDT4,10,2,10,103,1,0,14,7.898162845703098,141.85267771679688,22.673059775650025,0.9445916734444525
batch,ZDT4,10,2,10,104,1,0,14,7.904761744140615,141.85267771679688,22.673059775650025,0.9445916734444525
batch,ZDT4,10,2,10,105,1,0,14,7.911360642578131,141.85267771679688,22.673059775650025,0.9445916734444525
batch,ZDT4,10,2,10,106,1,0,14,7.904761744140615,141.85267771679688,22.673059775650025,0.9445916734444525
batch,ZDT4,10,2,10,107,1,0,14,7.898162845703098,141.85267771679688,22.673059775650025,0.9445916734444525
batch,ZDT4,10,2,10,108,1,0,14,7.904761744140615,141.85267771679688,22.673059775650025,0.9445916734444525
batch,ZDT4,10,2,10,109,1,0,14,7.911360642578131,141.85267771679688,22.673059775650025,0.9445916734444525
batch,ZDT4,10,2,10,110,1,0,14,7.964670052734391,141.85267771679688,22.673059775650025,0.9445916734444525
batch,ZDT4,10,2,10,111,1,0,14,8.01797946289065,141.85267771679688,22.673059775650025,0.9445916734444525
batch,ZDT4,10,2,10,112,1,0,14,7.964670052734391,141.85267771679688,22.673059775650025,0.9445916734444525
batch,ZDT4,10,2,10,113,1,0,14,8.01797946289065,141.85267771679688,22.673059775650025,0.9445916734444525
batch,ZDT4,10,2,10,114,1,0,14,7.964670052734391,141.85267771679688,22.673059775650025,0.9445916734444525
batch,ZDT4,10,2,10,115,1,0,15,8.01797946289065,141.85267771679688,22.673059775650025,0.9445916734444525
batch,ZDT4,10,2,10,116,1,0,16,8.057741064453126,141.85267771679688,22.673059775650025,0.9445916734444525
batch,ZDT4,10,2,10,117,1,0,17,8.0975026660156,141.85267771679688,22.673059775650025,0.9445916734444525
batch,ZDT4,10,2,10,118,1,0,17,8.13543946874998,141.85267771679688,22.673059775650025,0.9445916734444525
batch,ZDT4,10,2,10,119,1,0,17,8.173376271484358,141.85267771679688,22.673059775650025,0.9445916734444525
batch,ZDT4,10,2,10,120,1,0,17,8.189889308593735,141.85267771679688,22.673059775650025,1.1523031964341401
batch,ZDT4,10,2,10,121,1,0,17,8.206402345703111,141.85267771679688,22.673059775650025,1.1523031964341401
batch,ZDT4,10,2,10,122,1,0,17,8.189889308593735,141.85267771679688,22.673059775650025,1.1523031964341401
batch,ZDT4,10,2,10,123,1,0,18,8.206402345703111,141.85267771679688,22.673059775650025,1.1523031964341401
batch,ZDT4,10,2,10,124,1,0,18,8.211830059570303,141.85267771679688,22.673059775650025,1.1523031964341401
batch,ZDT4,10,2,10,125,1,0,18,8.206402345703111,141.85267771679688,22.673059775650025,1.1523031964341401
batch,ZDT4,10,2,10,126,1,0,18,8.189889308593735,141.85267771679688,22.673059775650025,1.1523031964341401
batch,ZDT4,10,2,10,127,1,0,18,8.206402345703111,141.85267771679688,22.673059775650025,1.1523031964341401
batch,ZDT4,10,2,10,128,1,0,18,8.189889308593735,141.85267771679688,22.673059775650025,1.1523031964341401
batch,ZDT4,10,2,10,129,1,0,18,8.173376271484358,141.85267771679688,22.673059775650025,1.1523031964341401
batch,ZDT4,10,2,10,130,1,0,18,8.189889308593735,141.85267771679688,22.673059775650025,1.1523031964341401
batch,ZDT4,10,2,10,131,1,0,18,8.173376271484358,141.85267771679688,22.673059775650025,1.1523031964341401
batch,ZDT4,10,2,10,132,1,0,19,8.189889308593735,141.85267771679688,22.673059775650025,1.1523031964341401
batch,ZDT4,10,2,10,133,1,0,19,8.206402345703111,141.85267771679688,22.673059775650025,1.1523031964341401
batch,ZDT4,10,2,10,134,1,0,19,8.189889308593735,141.85267771679688,22.673059775650025,1.1523031964341401
batch,ZDT4,10,2,10,135,1,0,19,8.173376271484358,141.85267771679688,22.673059775650025,1.1523031964341401
batch,ZDT4,10,2,10,136,1,0,19,8.189889308593735,141.85267771679688,22.673059775650025,1.1523031964341401
batch,ZDT4,10,2,10,137,1,0,19,8.206402345703111,141.85267771679688,22.673059775650025,1.1523031964341401
batch,ZDT4,10,2,10,138,1,0,19,8.211830059570303,141.85267771679688,22.673059775650025,1.1523031964341401
batch,ZDT4,10,2,10,139,1,0,19,8.217257773437495,141.85267771679688,22.673059775650025,1.1523031964341401
batch,ZDT4,10,2,10,140,1,0,19,8.231167932617183,141.85267771679688,22.673059775650025,1.1910246266820286
batch,ZDT4,10,2,10,141,1,0,19,8.217257773437495,141.85267771679688,22.673059775650025,1.1910246266820286
batch,ZDT4,10,2,10,142,1,0,19,8.231167932617183,141.85267771679688,22.673059775650025,1.1910246266820286
batch,ZDT4,10,2,10,143,1,0,19,8.24507809179687,141.85267771679688,22.673059775650025,1.1910246266820286
batch,ZDT4,10,2,10,144,1,0,19,8.231167932617183,141.85267771679688,22.673059775650025,1.1910246266820286
batch,ZDT4,10,2,10,145,1,0,20,8.24507809179687,141.85267771679688,22.673059775650025,1.1910246266820286
batch,ZDT4,10,2,10,146,1,0,20,8.256137734374988,141.85267771679688,22.673059775650025,1.1910246266820286
batch,ZDT4,10,2,10,147,1,0,20,8.24507809179687,141.85267771679688,22.673059775650025,1.1910246266820286
batch,ZDT4,10,2,10,148,1,0,20,8.256137734374988,141.85267771679688,22.673059775650025,1.1910246266820286
batch,ZDT4,10,2,10,149,1,0,20,8.267197376953106,141.85267771679688,22.673059775650025,1.1910246266820286
batch,ZDT4,10,2,10,150,1,0,20,8.271501168945292,141.85267771679688,22.673059775650025,1.1910246266820286
batch,ZDT4,10,2,10,151,1,0,20,8.275804960937478,141.85267771679688,22.673059775650025,1.1910246266820286
batch,ZDT4,10,2,10,152,1,0,20,8.302075939453118,141.85267771679688,22.673059775650025,1.1910246266820286
batch,ZDT4,10,2,10,153,1,0,20,8.328346917968759,141.85267771679688,22.673059775650025,1.1910246266820286
batch,ZDT4,10,2,10,154,1,0,20,8.349217108398449,141.85267771679688,22.673059775650025,1.1910246266820286
batch,ZDT4,10,2,10,155,1,0,20,8.328346917968759,141.85267771679688,22.673059775650025,1.1910246266820286
batch,ZDT4,10,2,10,156,1,0,20,8.349217108398449,141.85267771679688,22.673059775650025,1.1910246266820286
batch,ZDT4,10,2,10,157,1,0,20,8.370087298828139,141.85267771679688,22.673059775650025,1.1910246266820286
batch,ZDT4,10,2,10,158,1,0,20,8.374290182617187,141.85267771679688,22.673059775650025,1.1910246266820286
batch,ZDT4,10,2,10,159,1,0,20,8.370087298828139,141.85267771679688,22.673059775650025,1.1910246266820286
batch,ZDT4,10,2,10,160,1,0,20,8.374290182617187,141.85267771679688,22.673059775650025,1.1910246266820286
batch,ZDT4,10,2,10,161,1,0,20,8.378493066406236,141.85267771679688,22.673059775650025,1.1910246266820286
batch,ZDT4,10,2,10,162,1,0,21,8.380131925781257,141.85267771679688,22.673059775650025,1.1910246266820286
batch,ZDT4,10,2,10,163,1,0,21,8.381770785156277,141.85267771679688,22.673059775650025,1.1910246266820286
batch,ZDT4,10,2,10,164,1,0,21,8.385442014648447,141.85267771679688,22.673059775650025,1.1910246266820286
batch,ZDT4,10,2,10,165,1,0,21,8.389113244140617,141.85267771679688,22.673059775650025,1.1910246266820286
batch,ZDT4,10,2,10,166,1,0,22,8.389229217773448,141.85267771679688,22.673059775650025,1.1910246266820286
batch,ZDT4,10,2,10,167,1,0,22,8.389113244140617,141.85267771679688,22.673059775650025,1.1910246266820286
batch,ZDT4,10,2,10,168,1,0,23,8.385442014648447,141.85267771679688,22.673059775650025,1.1910246266820286
batch,ZDT4,10,2,10,169,1,0,23,8.389113244140617,141.85267771679688,22.673059775650025,1.1910246266820286
batch,ZDT4,10,2,10,170,1,0,24,8.389229217773448,141.85267771679688,22.673059775650025,1.1910246266820286
batch,ZDT4,10,2,10,171,1,0,24,8.389113244140617,141.85267771679688,22.673059775650025,1.1910246266820286
batch,ZDT4,10,2,10,172,1,0,25,8.389229217773448,141.85267771679688,22.673059775650025,1.1910246266820286
batch,ZDT4,10,2,10,173,1,0,25,8.389113244140617,141.85267771679688,22.673059775650025,1.1910246266820286
batch,ZDT4,10,2,10,174,1,0,25,8.389229217773448,141.85267771679688,22.673059775650025,1.1910246266820286
batch,ZDT4,10,2,10,175,1,0,25,8.389345191406278,141.85267771679688,22.673059775650025,1.1910246266820286
batch,ZDT4,10,2,10,176,1,0,25,8.398020700195332,141.85267771679688,22.673059775650025,1.1910246266820286
batch,ZDT4,10,2,10,177,1,0,25,8.406696208984386,141.85267771679688,22.673059775650025,1.1910246266820286
batch,ZDT4,10,2,10,178,1,0,25,8.43260832128908,141.85267771679688,22.673059775650025,1.1910246266820286
batch,ZDT4,10,2,10,179,1,0,25,8.458520433593776,141.85267771679688,22.673059775650025,1.1910246266820286
batch,ZDT4,10,2,10,180,1,0,25,8.43260832128908,141.85267771679688,22.673059775650025,1.1910246266820286
batch,ZDT4,10,2,10,181,1,0,25,8.458520433593776,141.85267771679688,22.673059775650025,1.1910246266820286
batch,ZDT4,10,2,10,182,1,0,25,8.476582813476568,141.85267771679688,22.673059775650025,1.1910246266820286
batch,ZDT4,10,2,10,183,1,0,25,8.49464519335936,141.85267771679688,22.673059775650025,1.1910246266820286
batch,ZDT4,10,2,10,184,1,0,25,8.476582813476568,141.85267771679688,22.673059775650025,1.1910246266820286
batch,ZDT4,10,2,10,185,1,0,25,8.458520433593776,141.85267771679688,22.673059775650025,1.1910246266820286
batch,ZDT4,10,2,10,186,1,0,25,8.43260832128908,141.85267771679688,22.673059775650025,1.1910246266820286
batch,ZDT4,10,2,10,187,1,0,25,8.458520433593776,141.85267771679688,22.673059775650025,1.1910246266820286
batch,ZDT4,10,2,10,188,1,0,25,8.476582813476568,141.85267771679688,22.673059775650025,1.1910246266820286
batch,ZDT4,10,2,10,189,1,0,25,8.458520433593776,141.85267771679688,22.673059775650025,1.1910246266820286
batch,ZDT4,10,2,10,190,1,0,25,8.476582813476568,141.85267771679688,22.673059775650025,1.1910246266820286
batch,ZDT4,10,2,10,191,1,0,25,8.49464519335936,141.85267771679688,22.673059775650025,1.1910246266820286
batch,ZDT4,10,2,10,192,1,0,25,8.529239015624995,141.85267771679688,22.673059775650025,1.1910246266820286
batch,ZDT4,10,2,10,193,1,0,25,8.56383283789063,141.85267771679688,22.673059775650025,1.1910246266820286
batch,ZDT4,10,2,10,194,1,0,26,8.529239015624995,141.85267771679688,22.673059775650025,1.1910246266820286
batch,ZDT4,10,2,10,195,1,0,26,8.56383283789063,141.85267771679688,22.673059775650025,1.1910246266820286
batch,ZDT4,10,2,10,196,1,0,26,8.529239015624995,141.85267771679688,22.673059775650025,1.1910246266820286
batch,ZDT4,10,2,10,197,1,0,26,8.49464519335936,141.85267771679688,22.673059775650025,1.1910246266820286
batch,ZDT4,10,2,10,198,1,0,26,8.48831041210937,141.85267771679688,22.673059775650025,1.1910246266820286
batch,ZDT4,10,2,10,199,1,0,26,8.49464519335936,141.85267771679688,22.673059775650025,1.1910246266820286
batch,ZDT4,10,2,10,200,1,0,26,8.498360448242181,141.85267771679688,22.673059775650025,1.1910246266820286
