problema,D,M,geracao,n_treino,lote_log,nivel,ramo_QU,n_front1_log,n_front1_rec,n_front2_log,n_front2_rec,lote_rec,fit1max_log,fit1max_rec,fit1min_log,fit1min_rec,fit1med_log,fit1med_rec,fit2med_log,fit2med_rec,fit3med_log,fit3med_rec,Qmin_log,Qmin_rec,Qmax_log,Qmax_rec,Umin_log,Umin_rec,Umax_log,Umax_rec,Upool_log,Upool_rec,s0_obsmax,s0_eq,s0_corr,s0_int,s0_max_teorico,s1_relmed,s1_relmed_ddof0,dmu_max,dmu_med,dmu_med_rel,rcond,solved,n_pool,fe_treino_max,hp_n
BBOB_F1,10,2,1,109,4,3,True,104,104,17,19,4,0.024436598660231734,0.02443657624254525,0.0012140773512657743,0.00022314549201253586,0.005983101816651459,0.006688164472077318,-4.191095429694231,-4.323282408344681,0.04402864020471698,0.043979191171876424,19.0,21,35.0,39,2.0,0,32.0,36,386,386,386.0,0.35,0.9967493628801047,1.0,398,0.03523719446068527,0.15473237027355585,3.03559621408904,1.974557257098656,0.10217679850724579,0.0016624658326186011,True,200,108,109
BBOB_F1,10,2,2,113,3,3,True,130,130,19,18,3,0.010144948330361808,0.0101449552277217,0.0,0.0,0.004681463481910751,0.004936553739178927,0.31850928164737446,0.28213873437502723,0.03273856759520644,0.03385778472916656,21.0,20,40.0,38,8.0,6,36.0,34,390,390,390.0,0.59,0.9985613488037034,1.0,398,0.01538188549723243,0.19568295273995062,1.2864710018326593,0.14224312479937673,0.00684368491900231,5.730068408087269e-05,True,200,112,113
BBOB_F1,10,2,3,116,4,3,True,128,128,33,35,4,0.01295279186584919,0.012952782616914432,0.00010890148718223011,0.00010890127532148242,0.0040729365728436485,0.0044175638519189375,0.7987257939431025,0.7917833195114646,0.024411778624029327,0.023322508213529908,40.0,43,62.0,65,14.0,10,60.0,64,376,376,376.0,0.38,0.9963650850522858,1.0,398,0.008219754001060581,0.185158777179434,1.2868828140888615,0.0839301644012842,0.004074775687588493,5.4524787891624713e-05,True,200,115,116
BBOB_F1,10,2,4,120,4,3,True,125,127,16,17,4,0.012456095978078285,0.01245608873274101,0.00011997927320177293,0.0001199804479508175,0.005516910867214259,0.00543316250398064,0.8279155031091374,0.8340436716794176,0.009224423816503428,0.009203567159077195,20.0,21,32.0,35,6.0,8,30.0,30,390,390,390.0,0.43,0.9971407486982192,1.0,398,0.004826890076963538,0.18350341671893713,0.4227347029226962,0.057335922332555356,0.0027775829626773174,4.7755408727337036e-05,True,200,119,120
BBOB_F1,10,2,5,124,4,3,True,132,134,20,20,5,0.011491374853536518,0.011491374686101244,0.00040432693318810664,0.0004043280264773297,0.0036108937009570966,0.003255867897816813,0.839165705571796,0.8393936895759796,0.012132964300848552,0.01213322107768739,22.0,22,40.0,39,8.0,6,36.0,36,378,378,378.0,0.465,0.9983655170481918,1.0,398,0.0028208176619302877,0.1840441227657746,0.2708211483558074,0.03243652591451163,0.001545070726775015,3.181524220467966e-05,True,200,123,124
BBOB_F1,10,2,6,128,4,3,True,145,145,13,14,3,0.011715992365508188,0.01171599443468209,0.001003774495148331,0.001003773194527116,0.004636644028388454,0.004868402269613565,0.9020816412802155,0.9028994127511829,0.014313236909396562,0.013523350644064104,16.0,18,27.0,29,4.0,2,24.0,26,392,392,392.0,0.49,0.9975721776906814,1.0,398,0.0027231723291002066,0.18350344506167968,0.3085507230847002,0.0314027564722148,0.00148974097388251,1.0128875289370702e-05,True,200,127,128
BBOB_F1,10,2,7,132,2,3,True,146,150,16,16,2,0.009893020170798267,0.009893006522024267,0.0,0.0,0.0037983151446129987,0.003798314346515147,0.8895019203776275,0.8871312417767295,0.00966727470419683,0.009667024836483124,19.0,19,33.0,33,4.0,4,30.0,30,366,366,366.0,0.5,0.9986973806359594,1.0,398,0.0025539152477240578,0.18371214645147801,0.31374318401915957,0.027950479956306395,0.001327292227109351,8.615422883645849e-06,True,200,131,132
BBOB_F1,10,2,8,134,3,3,True,138,142,14,17,4,0.011493939897749952,0.00945553568587662,0.002003446432564615,0.002003446882970189,0.005416210168856572,0.005480043969751297,0.9710255083680366,0.9778572148126743,0.006540924438119516,0.005990976087637877,16.0,19,28.0,34,4.0,4,26.0,32,386,386,386.0,0.595,0.9987875121915193,1.0,398,0.0021293956437047745,0.1839545714020073,0.3640313761738696,0.023878890571069178,0.0011335249471984624,8.521629305611933e-06,True,200,133,134
BBOB_F1,10,2,9,137,3,3,True,153,153,24,26,2,0.01020438417454747,0.010204403425131126,0.0,0.0,0.00453394704423273,0.004401621552132886,0.9299713678459618,0.9241279953116307,0.005927002368406668,0.00589076339537831,30.0,33,46.0,49,12.0,8,46.0,50,386,386,386.0,0.58,0.9991753290961991,1.0,398,0.0025308018077676857,0.1850479134974524,0.27018047103517984,0.027632424275847,0.0013135381442533009,8.372112728652595e-06,True,200,136,137
BBOB_F1,10,2,10,140,3,3,True,153,154,14,15,3,0.010989386155112246,0.010989382839039996,0.0002683246122813232,0.00026831977355097625,0.005352752611851114,0.005234391043095837,0.9027087161051668,0.9214055800850679,0.007815879238832167,0.0072208043582326995,17.0,20,28.0,30,4.0,2,26.0,28,390,390,390.0,0.705,0.9994984788600366,1.0,398,0.002111911663838708,0.18462920396607752,0.3279681928198954,0.025542220021839146,0.0012076091759689752,8.211063716895805e-06,True,200,139,140
BBOB_F1,10,2,11,143,4,3,True,148,153,19,16,3,0.009858642801201523,0.008042781599891219,0.00047029009397142607,0.0004702927524236067,0.0038505280400567762,0.004005172359199467,0.9413798340029818,0.9370226658457157,0.004497043904773865,0.004540296216377707,24.0,21,39.0,33,6.0,6,36.0,30,388,388,388.0,0.695,0.9989080223634802,1.0,398,0.001481973613005123,0.18365085323982192,0.21847112792600853,0.0177662846933353,0.0008516778473327155,7.889250883911961e-06,True,200,142,143
BBOB_F1,10,2,12,146,5,3,True,155,157,15,13,5,0.013511413981731668,0.01351141567384978,0.0005866215818925852,0.0005866275103300622,0.004934622616252021,0.004934616867162983,0.935210100891787,0.902092860599383,0.004301035398427273,0.005904834500453486,18.0,16,29.0,25,2.0,2,28.0,24,368,374,368.0,0.07,0.9755577994138737,1.0,398,0.016833607372342334,0.19151400572025787,0.23019696336092488,0.028479189857342213,0.0013680524736692729,3.4031949311415983e-06,True,200,145,147
BBOB_F1,10,2,13,151,2,3,True,144,144,22,22,2,0.008869267550451254,0.00886928269025411,7.922469906296303e-05,7.919542174517069e-05,0.005408051139022187,0.0054080579544815086,1.022167394009502,1.0213899360117655,0.0059951878366464074,0.005995177676340188,26.0,26,45.0,45,2.0,2,42.0,42,386,386,386.0,0.66,0.9991475793549506,1.0,398,0.001391389940503981,0.18449975194683743,0.38753916233007824,0.016923716899572838,0.0008132027617345248,3.2578792909021636e-06,True,200,150,151
BBOB_F1,10,2,14,153,3,3,True,160,161,18,18,3,0.0103598775721154,0.010359868761673607,0.0008775167694922148,0.0008775111035921601,0.0031542711857369538,0.0031542707299379996,0.7680539066197198,0.7681882129382959,0.006260099735839449,0.006260111948469399,22.0,22,35.0,35,2.0,2,32.0,32,394,394,394.0,0.735,0.9998383969123925,1.0,398,0.0016035179541588804,0.18431998335383293,0.40551005984890864,0.019056059241362444,0.0009117381980175337,3.2278148673264605e-06,True,200,152,153
BBOB_F1,10,2,15,156,4,3,True,159,161,19,18,3,0.00956013587263621,0.00956014437905095,0.000690137343491104,0.0006901286729387723,0.005367530170004742,0.005535843165459624,0.7855684870774553,0.7813657121061448,0.004602034845413736,0.00400682018618223,23.0,22,39.0,37,4.0,6,36.0,34,374,374,374.0,0.71,0.9995579315681475,1.0,398,0.0018249194186019996,0.1848497984374891,0.27888068752709216,0.018514019133265336,0.0008873228164380155,2.635483366839547e-06,True,200,155,156
BBOB_F1,10,2,16,160,3,3,True,147,152,12,12,3,0.010597765239866663,0.010597761816943885,0.0021759970201693235,0.002175995535018238,0.006181957820486958,0.0061819557818516835,0.7592871723140444,0.7594685713682657,0.006366602493563684,0.0063666137011559425,16.0,16,23.0,23,6.0,6,22.0,22,384,384,384.0,0.76,0.9992130540069468,1.0,398,0.0011033973966834546,0.18399436242549377,0.30497963185780463,0.013224888184300676,0.0006368272697399709,2.159322133034581e-06,True,200,159,160
BBOB_F1,10,2,17,163,5,3,True,151,151,19,19,5,0.00980398379794209,0.009803982658567426,9.231786102570361e-05,9.23323740437132e-05,0.004646342770101605,0.00464634291522216,0.799719618274704,0.7977217814115718,0.005098644329588893,0.00509861713998531,24.0,24,39.0,39,6.0,6,36.0,36,380,380,380.0,0.8,0.9996422132409712,1.0,398,0.001027013699136558,0.18401265271055126,0.2837655344341674,0.011621284144281763,0.0005593216409752299,2.123410703921271e-06,True,200,162,163
BBOB_F1,10,2,18,167,3,3,True,147,147,16,10,4,0.012193741670407598,0.01219374932873002,0.0,0.00023115406822239032,0.00515615578689785,0.006491106889991105,0.996293468827484,0.9580263083866662,0.0047705446400151084,0.0037816416657249774,18.0,12,31.0,19,10.0,4,30.0,18,384,384,384.0,0.315,0.9853956964954873,1.0,398,0.002848315712888706,0.1841054603623505,0.3628826824301967,0.012706523163677375,0.0006163716780650423,2.0650171071956494e-06,True,200,166,168
BBOB_F1,10,2,19,170,4,3,True,156,160,18,23,3,0.01121138995259649,0.011211396830690279,0.0007367535307832157,0.0007367534660771835,0.003991515591601033,0.004420120959201523,0.8944570799815201,0.9039972400470849,0.0044038424481502225,0.004058156084390251,21.0,27,36.0,46,4.0,6,34.0,44,378,378,378.0,0.84,0.999744301832562,1.0,398,0.000756363959324377,0.1837345391940203,0.2767509662753711,0.009299641807880121,0.0004513608062661314,2.020409380365663e-06,True,200,169,170
BBOB_F1,10,2,20,174,3,3,True,149,155,19,17,4,0.009333702398442112,0.009333697185892845,0.0018419691631499785,0.0018419656931352724,0.005051242968995229,0.005025598711828505,0.9662913152812482,0.9382902460699974,0.003722557187621836,0.0037226853529660504,21.0,19,38.0,34,4.0,4,36.0,32,394,394,394.0,0.865,0.9997894382949928,1.0,398,0.0008051663248139123,0.1837912745282549,0.20233691418941646,0.010375899503141106,0.0004995926405878213,1.9544740815246835e-06,True,200,173,174
BBOB_F1,10,2,21,177,4,3,True,150,150,16,16,4,0.013028720853126924,0.01302871838572564,0.0005444579432369312,0.0005444668577173628,0.0036045250179848956,0.0036045191736194596,0.7012695595672938,0.7012191344095324,0.004044603141926549,0.004044602189869311,18.0,18,33.0,33,4.0,4,30.0,30,392,392,392.0,0.845,0.9997473692748354,1.0,398,0.0006665615562303866,0.1838386428024611,0.25318803963621406,0.0074411576830897275,0.0003576748705951023,1.7635601483451962e-06,True,200,176,177
BBOB_F1,10,2,22,181,2,3,True,160,160,5,5,2,0.010839982785633195,0.010839991609053412,0.0001563095257579028,0.00015630995316057508,0.008550917556001902,0.008550924511257413,0.5623364707580958,0.5623307349928652,0.003771637184444518,0.00377141637972185,8.0,8,10.0,10,4.0,4,8.0,8,390,390,390.0,0.8,0.9995176686738698,1.0,398,0.0005537174071446802,0.18371305430363644,0.26607828086166774,0.00737860153737202,0.0003532147432312721,1.7418773773183745e-06,True,200,180,181
BBOB_F1,10,2,23,182,4,3,True,154,157,20,18,5,0.008421216053664887,0.008421210188845701,0.0014952375941194446,0.0014952388011523418,0.004277282443691341,0.004208215901873619,0.9847379424666789,0.8610450871383981,0.003708945047251864,0.003768657695781245,23.0,21,40.0,35,4.0,8,38.0,34,384,382,384.0,0.135,0.982632193644615,1.0,398,0.010764093823199627,0.18755721039223322,0.29264903477053883,0.005190536516280098,0.0002515605164800397,1.5406110522448126e-06,True,200,181,183
BBOB_F1,10,2,24,186,3,3,True,143,146,8,8,3,0.007941131419696143,0.007941129730980226,0.0,0.0,0.0031370513196952027,0.0031370529877594727,0.24787543658652922,0.24792002934466412,0.006686887385171967,0.006686888505927534,10.0,10,17.0,17,2.0,2,14.0,14,392,392,392.0,0.845,0.9998284081531317,1.0,398,0.0005694346819230772,0.1836799406044746,0.21286022802793436,0.006196306534039131,0.0003007089787817278,1.521677600744397e-06,True,200,185,186
BBOB_F1,10,2,25,189,4,3,True,146,151,22,22,4,0.0101686617556625,0.010168645331408932,0.0002258731632409916,0.00022586902681248633,0.005664014684524821,0.005664018588071702,0.9510814553675075,0.9512008954177857,0.004565708150640561,0.004565718579476947,26.0,25,45.0,45,2.0,2,42.0,42,370,370,370.0,0.825,0.9992595963617182,1.0,398,0.0005888878552379126,0.18366137812637853,0.14926868013107253,0.005602241403902752,0.00027276820478178626,1.383657017870051e-06,True,200,188,189
BBOB_F1,10,2,26,193,5,3,True,143,149,19,18,5,0.012275847254296451,0.012275849271981026,0.00035771496028552674,0.0003577097314767519,0.006012307528447711,0.006168189887650395,0.7996536275365429,0.8123076857736762,0.003288534933676295,0.0032350154096248847,23.0,22,38.0,37,4.0,4,34.0,32,348,348,348.0,0.8,0.9993901069199436,1.0,398,0.0005159524578805465,0.18368889305537367,0.23781031634163385,0.0059217860542579714,0.00028432610513781295,1.0505803735228171e-06,True,200,192,193
BBOB_F1,10,2,27,198,4,3,True,155,160,18,17,4,0.009446324648060722,0.008046434859865559,0.00033739107067502945,0.00033739206902590885,0.004538093384835767,0.0032671026027616124,0.8108557312550664,0.8022438039023456,0.002803622552311558,0.0031925130470761356,22.0,21,34.0,33,8.0,8,32.0,30,384,384,384.0,0.77,0.9995959182306726,1.0,398,0.0004829517122142992,0.18369928475125108,0.20330677460318092,0.0055138569531869575,0.0002666398783918778,5.882370459865954e-07,True,200,197,198
BBOB_F1,10,2,28,201,5,3,True,141,146,13,22,5,0.013877039805071906,0.010172045880767477,0.0006225460853582776,0.0011462245238305774,0.005536818659326419,0.005888667442278724,0.9338909475503154,1.0000000000015126,0.003808237129523743,0.0038722917396676456,16.0,26,27.0,42,2.0,6,24.0,42,386,374,386.0,0.05,0.9078883438314845,1.0,398,0.004623507064145052,0.18356898576205014,0.218399938584374,0.006109243523668262,0.0002961022259402802,4.2555773774514865e-07,True,200,200,202
BBOB_F1,10,2,29,206,2,3,True,152,160,11,9,2,0.008377409018905158,0.008213630602306676,0.00017998477910757815,0.00017998042561762073,0.004276656572929888,0.004012404391732172,0.7403862588173764,0.6373305608157493,0.0019297987094378504,0.0019560595278601085,13.0,11,22.0,18,2.0,6,18.0,16,390,390,390.0,0.795,0.9995352784663154,1.0,398,0.0003612155844188633,0.18363330830898233,0.3037821457425247,0.0038184653123920498,0.00018597498686717272,4.1936160976219135e-07,True,200,205,206
BBOB_F1,10,2,30,208,3,3,True,160,163,11,11,3,0.009954890821368342,0.00995489108229454,0.0015148675317516735,0.0015148596219159288,0.003640277835025768,0.003640281351177055,0.7965618031225876,0.7964788466837203,0.0023948033557238055,0.0023947949143214462,13.0,13,22.0,22,6.0,6,20.0,20,392,392,392.0,0.795,0.999059512123752,1.0,398,0.0003341660459580311,0.183673200078877,0.20317611972150973,0.0038136197024702945,0.00018568178787129773,4.170740031457951e-07,True,200,207,208
BBOB_F1,10,2,31,211,2,3,True,162,164,30,27,2,0.010666185696385777,0.010666184870267603,3.988401594243185e-05,3.988720278617908e-05,0.00459709206208031,0.0039650418835448144,0.9663771461946231,0.9207339283591367,0.0026714800195166287,0.002638235766507789,34.0,31,60.0,54,12.0,6,58.0,52,384,384,384.0,0.815,0.9989951725045698,1.0,398,0.0002947473335118192,0.1836831732275293,0.17459389986781737,0.003285931457440938,0.00015998911151128998,3.7742842864643694e-07,True,200,210,211
BBOB_F1,10,2,32,212,4,3,True,154,164,18,19,6,0.011556655594137183,0.011556661554009418,0.0005475633410530721,0.0005475656181208217,0.0043961270099033,0.004471926482037203,0.9039153740555701,1.0000000000005709,0.0029053389908371323,0.003119502765729759,23.0,25,36.0,37,10.0,10,34.0,36,384,382,384.0,0.12,0.9327550137439786,1.0,398,0.004511971046422828,0.18340756050933676,0.13760271921204903,0.0029866096007278298,0.00014388260931416107,3.6351959647832975e-07,True,200,211,213
BBOB_F1,10,2,33,216,3,3,True,157,157,18,19,3,0.011726129511440697,0.01172612640520021,0.00019367598304265154,0.00019371328218698025,0.0044268764367089986,0.004759625360261487,0.8465629639425893,0.8813909461890536,0.002651251861429807,0.002662612098950343,24.0,25,34.0,36,2.0,4,32.0,34,398,396,398.0,0.755,0.9947527857433968,1.0,398,0.0003700966420320172,0.18366815961115218,0.15557613025715833,0.003978278417879899,0.00019161327170146247,3.5392320988458417e-07,True,200,215,216
BBOB_F1,10,2,34,219,2,3,True,144,155,17,17,3,0.010218789686244248,0.010218790328575783,0.0007417116877420915,0.0007417151628975605,0.002683915484697791,0.0033667009830243393,0.8197668661074644,0.8209082675200339,0.0032068173574514485,0.0032067957561389576,21.0,21,34.0,34,4.0,6,32.0,32,396,396,396.0,0.825,0.9984695210813112,1.0,398,0.0002956587098363019,0.18365954742007082,0.30819138583971273,0.0030004918765431654,0.00014609130946353972,3.2941503563527787e-07,True,200,218,219
BBOB_F1,10,2,35,221,4,3,True,161,164,23,21,4,0.009670274733994233,0.009670253698954412,0.00021637032714499904,0.00021637286007705758,0.004315765916594938,0.004088613034375799,0.8458526292900155,0.7943937986703777,0.0030206955844000335,0.0030206901811444258,28.0,26,46.0,42,6.0,4,44.0,40,392,392,392.0,0.795,0.9991601384591489,1.0,398,0.00029017053992563976,0.18366605693535373,0.25327389046515236,0.003122616643918441,0.0001520364685913469,3.276734041880043e-07,True,200,220,221
BBOB_F1,10,2,36,225,4,3,True,159,167,18,19,4,0.010739660424753855,0.009160913778154783,0.0005195569550539899,0.000519556867813388,0.003607471305324593,0.0036251950762232754,0.8866985847147788,0.8944461161588001,0.002986579708058256,0.0029745636283359618,22.0,23,34.0,38,4.0,4,34.0,36,382,382,382.0,0.76,0.9986786786966796,1.0,398,0.000232215820881039,0.18362107870160393,0.15680148007046435,0.0026424950082777343,0.0001286485707663449,3.2440971357875384e-07,True,200,224,225
BBOB_F1,10,2,37,228,4,3,True,149,154,13,15,6,0.011191194780868483,0.011191198358524057,0.0011791393598452396,0.0011791392874022193,0.004918936921323128,0.004401664528800836,0.9671621035119928,0.9509622610906504,0.0030490981342850324,0.002922522565699845,17.0,18,25.0,29,2.0,4,24.0,28,368,362,368.0,0.215,0.990117935479123,1.0,398,0.00423970626876277,0.18351688156657975,0.229197803588572,0.002187062095055259,0.00010567442976399459,2.995588220546009e-07,True,200,227,229
BBOB_F1,10,2,38,232,5,3,True,154,156,18,18,5,0.011941321410561478,0.01194132383564922,3.152670580341965e-05,3.154515550629622e-05,0.001751629374443571,0.0017516316488281232,0.9403159784657191,0.9410566484948941,0.002698331934074977,0.0026984739184576488,21.0,21,36.0,36,2.0,2,34.0,34,390,390,390.0,0.805,0.999531737177626,1.0,398,0.00021488774454118945,0.18359137697790634,0.26454893943633917,0.002495417550600232,0.00012134491711538065,2.4922469362044527e-08,True,200,231,232
BBOB_F1,10,2,39,237,3,3,True,150,152,11,11,3,0.013723561232087067,0.013723566870272097,0.0025716182146978683,0.002571627801604165,0.006086610452508606,0.006086602537320407,0.907847912339208,0.9074522573328292,0.0029927564448186876,0.0029927593824436083,15.0,15,22.0,22,6.0,6,20.0,20,390,390,390.0,0.755,0.9960155240109808,1.0,398,0.00024515008418081507,0.18358210669101876,0.16462074219884515,0.0028501921887995607,0.00013754003240619073,2.3591606616578388e-08,True,200,236,237
BBOB_F1,10,2,40,240,6,3,True,139,148,17,16,7,0.014446371294240395,0.01444636514734185,0.0,0.0,0.004538173821212299,0.004431181476299298,0.9398171005663247,0.9366317722704494,0.002281775299986396,0.002286464593170971,21.0,19,34.0,32,8.0,4,30.0,28,384,384,384.0,0.835,0.9982589171811855,1.0,398,0.00021620372982645173,0.1835756226843155,0.19730300126677613,0.0025827628304829625,0.00012572004507056112,1.9909164790007244e-08,True,200,239,240
BBOB_F1,10,2,41,246,3,3,True,141,146,17,17,4,0.014570307083578468,0.014570310312474521,0.0003509891157196035,0.0003509881168570622,0.004259692527122466,0.00425969609406146,0.8727771514653302,0.8747966241843553,0.0020964876022672692,0.0022899743534810536,21.0,20,34.0,34,4.0,4,32.0,32,384,384,384.0,0.83,0.9996189666157218,1.0,398,0.00023126064608878892,0.18358694634222605,0.16728725284462775,0.002869391644412911,0.00013895608303792455,1.7947210605140944e-08,True,200,245,246
BBOB_F1,10,2,42,249,3,3,True,147,156,14,14,4,0.013848748062715965,0.01384874167555289,2.712910002591537e-05,2.7130222311464586e-05,0.0038656833995549898,0.002850948580147998,0.9421117735609927,0.9421317028103504,0.0021973300381091356,0.002329110831708622,16.0,16,27.0,27,8.0,4,26.0,26,398,398,398.0,0.83,0.9987140221205386,1.0,398,0.0001637843817109549,0.1835475178696582,0.13562555761477657,0.0019486460742044187,9.466088182507579e-05,1.6583784430148754e-08,True,200,248,249
BBOB_F1,10,2,43,252,4,3,True,138,153,23,18,5,0.015486132268336644,0.010659904931091313,0.00026586780722338485,0.000265868194409955,0.003754453102051304,0.003118883853234406,0.899764321873814,0.8879496257215389,0.002610440148486294,0.002625753006724728,26.0,21,47.0,36,10.0,0,44.0,34,386,386,386.0,0.86,0.99890910720324,1.0,398,0.00020087362825968452,0.18356496217804047,0.18039794011090649,0.0026175517643141077,0.0001274462923318451,1.640684636691471e-08,True,200,251,252
BBOB_F1,10,2,44,256,4,3,True,148,153,16,16,4,0.013559893852103183,0.013559888565378458,0.0,0.0,0.0031141432033172573,0.003114130608946568,0.9436590673513479,0.941641639207323,0.004065480674449585,0.004065502469793453,21.0,21,31.0,31,4.0,4,30.0,30,378,378,378.0,0.87,0.9997829697226572,1.0,398,0.00016622923162907128,0.18356154354661877,0.07109396401225576,0.0017605847722075296,8.544393807377445e-05,1.5703167415221333e-08,True,200,255,256
BBOB_F1,10,2,45,259,3,3,True,137,153,19,17,4,0.01565968561486278,0.0139179184164277,6.724068569177732e-05,0.0002430123295902309,0.0048346129109247404,0.004457447012078199,0.9999999999996882,1.0000000000009108,0.0024708619390060227,0.002488982323739936,24.0,23,37.0,32,6.0,8,34.0,30,392,392,392.0,0.15,0.9120771836319824,1.0,398,0.0008541415363481086,0.18350340794157619,0.08247255117453578,0.001546726804276588,7.50545988392308e-05,1.557461116793962e-08,True,200,258,260
BBOB_F1,10,2,46,262,2,3,True,144,153,19,20,3,0.012306380735139344,0.012306381222763063,0.0,0.0,0.004661665133508325,0.00475282450790758,0.9315155384019311,0.9437772696787198,0.0022263072654926538,0.0022669996514664533,23.0,24,39.0,41,4.0,6,36.0,38,392,392,392.0,0.83,0.9975070468005367,1.0,398,0.00012869520928156648,0.18353946724193881,0.05661416970931876,0.0014055037790147162,6.818962847533031e-05,1.4120638853457209e-08,True,200,261,262
BBOB_F1,10,2,47,264,3,3,True,137,158,20,20,5,0.012539507988276494,0.01253951222933175,0.000148237549779423,0.00014823759171040025,0.004217330345414863,0.004013244346018824,0.9155921843684443,0.9161233831262608,0.001968717776180371,0.0020939664665536838,26.0,26,37.0,38,12.0,12,36.0,36,360,360,360.0,0.865,0.9984935248823534,1.0,398,0.00010462639756476401,0.1835222661924702,0.0363986386373481,0.001388031593235084,6.75820370045783e-05,1.316770627087845e-08,True,200,263,264
BBOB_F1,10,2,48,267,3,3,True,141,148,14,13,4,0.014285248554676916,0.014285243814524451,1.363865309054438e-06,1.3641142129324152e-06,0.003293925513201096,0.002589145646259561,0.9849050510173072,0.9423702232924884,0.002504744430062639,0.002546860032487595,17.0,17,27.0,25,2.0,0,26.0,24,392,392,392.0,0.875,0.9977075482470764,1.0,398,0.00012441749426814468,0.18352970742069485,0.06707707780571281,0.0014667339414611291,7.095396037075635e-05,1.2302349276905334e-08,True,200,266,267
BBOB_F1,10,2,49,270,5,3,True,137,148,23,23,4,0.011441275706315507,0.010753842147450454,0.0,0.0,0.002916241035848227,0.0032045769233494115,0.986573577168464,0.9897624137361496,0.0020978207708008244,0.0020978266189701253,27.0,26,46.0,45,8.0,12,42.0,42,394,394,394.0,0.85,0.9982623432844532,1.0,398,0.00013016199035692288,0.18353818444560788,0.03144878406583018,0.0014938774265380594,7.189594696195822e-05,1.2198984995732755e-08,True,200,269,270
BBOB_F1,10,2,50,274,4,3,True,140,145,15,10,3,0.012245360868449254,0.012245358240806414,0.002280881941500168,0.0022808833281688368,0.007409857668235459,0.007927634159336797,0.9500228764287879,0.970240854237786,0.001788819555590155,0.0024640066315550456,19.0,14,31.0,21,8.0,8,28.0,18,398,388,398.0,0.11,0.8832056664569173,1.0,398,0.007032938902054461,0.18350341571554668,0.04654526408061466,0.0014641132216004493,7.128638454869492e-05,1.1914769129522273e-08,True,200,273,275
BBOB_F1,10,2,51,277,5,3,True,153,153,16,18,4,0.010424821669259454,0.010424829163950156,8.314919871821314e-05,8.316255258528082e-05,0.005199578927921292,0.004874898735581725,0.9478312087441338,0.9982954306344937,0.001436711019221511,0.0017713286057970457,18.0,20,33.0,37,2.0,8,30.0,34,392,392,392.0,0.185,0.9637112573569795,1.0,398,0.00020879119222618167,0.18353688133834,0.04034868090788468,0.0012889557931217155,6.24371754858331e-05,1.1779465669571945e-08,True,200,276,278
BBOB_F1,10,2,52,282,3,3,True,140,146,17,16,3,0.01573820093600342,0.012482134612698287,0.0009509062744595259,0.0009509080763971806,0.003797952776670957,0.003587149039263774,0.9999999999964269,0.9901269609911467,0.001802884121750432,0.0018466360527974793,21.0,20,34.0,32,8.0,8,32.0,30,390,390,390.0,0.835,0.9958528667913567,1.0,398,0.00014550179007489757,0.1835505304985932,0.037187767843633424,0.0017875324826954753,8.673482809011657e-05,1.1631419684753126e-08,True,200,281,282
BBOB_F1,10,2,53,285,5,3,True,137,145,20,19,6,0.013096412098009436,0.013096417018156947,0.0010337456695141967,0.001033758613946334,0.004521430766918522,0.004308009039514615,0.9205411419723841,0.919515146687161,0.0012359093021876379,0.0012950996993105807,23.0,22,40.0,38,10.0,10,38.0,36,394,394,394.0,0.875,0.9976837063137037,1.0,398,0.0001442884279595758,0.1835553843612445,0.02849591158647158,0.0016385582077411698,7.944693993214141e-05,1.1504982761763944e-08,True,200,284,285
BBOB_F1,10,2,54,290,3,3,True,143,154,14,13,2,0.010173037001845242,0.011717477509631147,0.0013588816143972338,0.0013588888940767596,0.0038437819423171107,0.0036169112042183094,0.7795811685284812,0.7733621245213695,0.0016564843857281779,0.0017128721711156827,18.0,17,28.0,25,4.0,8,26.0,24,390,390,390.0,0.915,0.9994966454607555,1.0,398,0.00011096786683618601,0.18353576941910554,0.04324953141888599,0.0012890350445626808,6.185663701864561e-05,1.1366356223845617e-08,True,200,289,290
BBOB_F1,10,2,55,293,3,3,True,135,146,17,18,4,0.01731655569971574,0.017316561538537778,0.0008742718293682887,0.0008742718931108555,0.002902938636462349,0.002927040498700628,0.8861251146980473,0.9135897581657095,0.001717043552738602,0.0018978880122050884,22.0,23,34.0,36,6.0,4,32.0,34,384,384,384.0,0.9,0.9971816267121505,1.0,398,0.00012719733548424228,0.1835236657440001,0.03995691530906553,0.0015983263206962306,7.695413066182192e-05,1.1294094080806785e-08,True,200,292,293
BBOB_F1,10,2,56,296,3,3,True,141,146,15,14,3,0.011431509553806951,0.011431515905959394,0.00012427348562274888,0.00012427332852451558,0.005188880948900611,0.004100533314763136,0.8387304677333312,0.8627857239630594,0.0013894738498846904,0.0015053527980671783,18.0,16,29.0,27,4.0,4,28.0,26,384,384,384.0,0.865,0.9991245293225748,1.0,398,0.00011324147633054663,0.1835335684485952,0.06165058818953639,0.0013963854276175525,6.767621740960537e-05,1.1199819989824328e-08,True,200,295,296
BBOB_F1,10,2,57,298,3,3,True,149,155,15,21,3,0.02329798098271102,0.021611066148487984,0.0003380657673831451,0.00033806542094209566,0.005336153915358993,0.004937960498994143,0.9999999999993578,0.999999999993591,0.0015525086336362786,0.0015463532068904242,18.0,24,30.0,41,4.0,4,28.0,40,384,384,384.0,0.145,0.9650671957440629,1.0,398,0.0034032169355169757,0.18350338711214303,0.037459627099835635,0.0014948909510925645,7.197961848775592e-05,1.1150301592582666e-08,True,200,297,299
BBOB_F1,10,2,58,300,4,3,True,145,145,15,13,3,0.01803200550885839,0.018032013551200626,0.00357705812012285,0.0035770587805485504,0.006687982806733883,0.006716619092574011,0.9767548300356532,0.9777448942694869,0.001066778096070988,0.001252210247444948,18.0,16,30.0,26,6.0,8,28.0,24,390,390,390.0,0.27,0.9274805801299081,1.0,398,0.00046877625471171793,0.18351079549123261,0.032159115912776315,0.0011780527882483266,5.676891107669468e-05,1.108951858845735e-08,True,200,299,301
BBOB_F1,10,2,59,304,2,3,True,133,140,25,21,5,0.015622586701315139,0.015622592747037756,7.565516462276767e-05,7.565325396796663e-05,0.004859375287035991,0.004166124391793535,0.8968593407987075,0.8324697471121537,0.0009936890793966857,0.001125717922088469,28.0,24,48.0,41,4.0,6,48.0,40,368,368,368.0,0.89,0.998668191448114,1.0,398,0.00010082103039930039,0.18352325443929762,0.05276562100537774,0.0011096738167930553,5.379940412242675e-05,1.073187077959251e-08,True,200,303,304
BBOB_F17,10,2,1,109,3,3,True,107,107,10,9,2,0.054319234056473764,0.05431925053048192,0.00036530702063200526,0.000365341417616849,0.007308861770087188,0.006506169490161584,-0.5116071319864428,-0.48151404124863895,0.0045145562557479865,0.004813468781219444,12.0,11,20.0,18,6.0,6,18.0,16,378,378,378.0,0.4,0.9856765593437381,1.0,398,0.13158733681992965,0.22295977890416052,1803556.5303303003,1364.3898421061763,0.05728680466080394,0.0018148465542565317,True,200,108,109
BBOB_F17,10,2,2,112,2,3,True,82,82,20,21,3,0.03926797304706718,0.039267978883227576,0.0,0.0,0.005122537831842206,0.00386430850816636,0.26786038170270965,0.028393645848894884,0.0030980046404950807,0.003091201812416561,23.0,26,41.0,43,6.0,2,38.0,40,392,392,392.0,0.475,0.9957754604155838,1.0,398,0.07375440667334998,0.21389732445148932,1563952.762783952,531.3563917812644,0.0029835130724069855,0.0011613469306041531,True,200,111,112
BBOB_F17,10,2,3,114,3,3,True,95,95,11,11,3,0.046251903404384655,0.046251903426690666,0.002429862679254491,0.0024298631834167583,0.013899177418747674,0.013899177024300366,0.8339879171803375,0.8814317973065375,0.010790610823447646,0.010786522317267467,13.0,13,23.0,23,0.0,0,20.0,20,384,384,384.0,0.5,0.9875520156580855,1.0,398,0.041936017711057955,0.19951928628854368,1785847.053690277,2105.5300354527976,0.14721980104705407,0.0011365334432979124,True,200,113,114
BBOB_F17,10,2,4,117,4,3,True,88,88,15,18,3,0.025095475592382475,0.02509548372952295,0.0002508598595644951,0.0,0.004434276808999382,0.0033156039890700865,1.046612276612633,0.9725927408392161,0.0074169273990903565,0.00804161834789608,19.0,22,31.0,37,8.0,16,28.0,34,386,388,386.0,0.5,0.9933988362651097,1.0,398,0.036405799059270404,0.17810641960241924,2650379.355614789,373.97970390418243,0.002499518097609716,0.0003846659784922524,True,200,116,117
BBOB_F17,10,2,5,121,3,3,True,121,121,13,12,3,0.021119576574046867,0.0211195731398921,0.00014988093080361975,0.0001498818913272526,0.007969497473324386,0.0063076097888106475,1.7650872253142857,1.740146799202303,0.00531517543643605,0.005585904203643353,16.0,15,26.0,24,4.0,2,24.0,22,380,386,380.0,0.39,0.9965683318497591,1.0,398,0.02156754558201001,0.1975256772132124,617839.4007840753,574.399044420363,0.0044160083312363985,0.0003600200600257507,True,200,120,121
BBOB_F17,10,2,6,124,7,3,True,127,127,19,20,7,0.02241127062609358,0.02241127768489294,0.0,0.0,0.003119555180305822,0.003631782926653282,1.2141157592602054,1.1291435974955455,0.004083488757626335,0.004005347233033055,18.0,19,39.0,41,4.0,6,34.0,36,380,384,380.0,0.645,0.9966307397537194,1.0,398,0.027425376310440827,0.1980434513322369,1560072.7340050936,535.1671748107004,0.014874231035227798,0.0003368912460725621,True,200,123,124
BBOB_F17,10,2,7,131,4,3,True,126,126,16,17,3,0.016884973498806466,0.01688497293510624,0.0006851747187138213,0.0006851752555826485,0.004091861348583824,0.0043260636949364745,1.6382119248481946,1.667094117934022,0.0018408955535177975,0.0016593341543580547,19.0,20,33.0,35,8.0,10,30.0,32,378,378,378.0,0.545,0.9982705120555225,1.0,398,0.015572462725211993,0.18326253560064526,978930.2750682905,427.76625285799673,0.011563206690677005,8.192264753647308e-05,True,200,130,131
BBOB_F17,10,2,8,135,5,3,True,128,128,15,15,5,0.014362214197352452,0.014362208143251655,0.0010511120385507666,0.0010511115503799018,0.005101925735595467,0.005101924561037655,3.57259006315285,3.5027912872019162,0.0020283704449693945,0.0020285456618048627,17.0,17,31.0,31,6.0,6,28.0,28,392,392,392.0,0.575,0.9987548649899056,1.0,398,0.01125740236149119,0.18876369264094545,925610.1799388453,5.326960180027864,7.255075797076114e-05,7.6668072915855e-05,True,200,134,135
BBOB_F17,10,2,9,140,3,3,True,129,129,11,12,3,0.015571347417434177,0.015571347198802946,0.0007799043261021432,0.0007799043691764096,0.005966845096626622,0.006209999491612064,2.3602002230478565,2.846933198762792,0.00402717875954824,0.003368821986656844,13.0,14,23.0,25,0.0,2,20.0,22,394,394,394.0,0.58,0.9978837089014971,1.0,398,0.008717943431235445,0.18454676206394727,1417406.657895781,175.52481769042166,0.003747124932472729,6.494119719483011e-05,True,200,139,140
BBOB_F17,10,2,10,143,3,3,True,141,141,15,15,3,0.01547072694572603,0.01547072727575978,0.0,0.0,0.004871480278007656,0.004871479704441295,-0.6280096487116609,-0.6179420010797413,0.00282173453419271,0.002821728724520849,17.0,17,31.0,31,2.0,2,28.0,28,396,396,396.0,0.64,0.9987453134642408,1.0,398,0.00959668523166705,0.18307436854516834,474118.7664619386,71.86578834960699,0.006119566818681474,4.9479176190452444e-05,True,200,142,143
BBOB_F17,10,2,11,146,4,3,True,110,110,11,12,4,0.017475720806814338,0.01747572308445288,0.0007688063372732479,0.0007688058845180534,0.005296322175859014,0.005011571243854124,1.3783732076726416,1.7112150148297087,0.0031599653314994774,0.0021100269477446853,13.0,14,23.0,24,0.0,2,20.0,22,376,376,376.0,0.53,0.9894565255131386,1.0,398,0.015100782000069398,0.18408505952429438,1445082.8104934841,9.104255097744094,0.0008094742264284889,3.740001865989821e-05,True,200,145,146
BBOB_F17,10,2,12,150,3,3,True,117,117,13,13,3,0.025472690854502298,0.02547268690553885,0.001288634734529781,0.0012886336609347349,0.003774887503227714,0.0037748880170960786,0.743494878284034,0.7353695242082154,0.004103576879606414,0.004103550731286657,15.0,15,27.0,27,6.0,6,24.0,24,388,380,388.0,0.66,0.9989356272887309,1.0,398,0.01088237002264183,0.18754923228179216,1271832.4299803004,8.143195450917887,0.0010781133496198761,3.4277634120780554e-05,True,200,149,150
BBOB_F17,10,2,13,153,5,3,True,121,121,18,18,5,0.019225408347123933,0.01922540997345465,0.0,0.0,0.0019160325771055697,0.0019160325695740943,3.1465058858710044,3.071286899225145,0.0013817213527946028,0.0013809523284164355,20.0,20,36.0,36,2.0,2,34.0,34,392,392,392.0,0.53,0.999050150850775,1.0,398,0.012852186464711954,0.1893689174853661,884018.77448719,642.8709870083989,0.048240629230089795,3.341018151463699e-05,True,200,152,153
BBOB_F17,10,2,14,158,3,3,True,118,119,17,18,3,0.0200225212831894,0.020022521594634777,0.0,0.0,0.0029149115859538888,0.003208256547681282,1.0158389702563895,1.0165192512914902,0.0013944905224792887,0.0012878799176940176,21.0,22,35.0,37,6.0,6,32.0,34,392,392,392.0,0.6,0.9989403244185305,1.0,398,0.011531613545416396,0.18349088138487935,571003.005288057,3.053181975547618,0.00018986090844496072,1.9827753010065094e-05,True,200,157,158
BBOB_F17,10,2,15,161,2,3,True,113,113,16,16,2,0.04267877624433827,0.04267878097197328,0.0,0.0,0.0004350485261539472,0.0004350519755429716,-0.2961631619170575,-0.2914962507010154,0.0038008605157842444,0.003800830839266108,18.0,18,33.0,33,6.0,6,30.0,30,388,390,388.0,0.63,0.9982237959286844,1.0,398,0.0112810396587079,0.1788442331036179,1062779.9971453324,110.09175217559302,0.020113865521126397,9.391150219484772e-06,True,200,160,161
BBOB_F17,10,2,16,163,4,3,True,122,122,14,14,4,0.06869956407184297,0.0686995512143847,0.0008280123512778848,0.000828004775625002,0.006152066697676234,0.00615206377136962,0.24932409461015048,0.25023173713918245,0.00191029537769877,0.0019102096482307277,16.0,16,29.0,29,2.0,2,26.0,26,398,398,398.0,0.545,0.9984066613650241,1.0,398,0.016806533002987317,0.17767147474062245,852387.7044237033,153.65951239563748,0.021223600611461578,6.890058158611091e-06,True,200,162,163
BBOB_F17,10,2,17,167,2,3,True,104,104,14,14,2,0.02972680270218123,0.029726804362469685,0.0,0.0,0.0030736440249017616,0.0030736424807100426,0.8093293776059802,0.813940452940006,0.006148026571122537,0.006148127697220205,17.0,17,29.0,29,6.0,6,26.0,26,380,380,380.0,0.605,0.9977724146819258,1.0,398,0.00877973232368568,0.17928832350662735,932753.3359841257,5.653065422111181,0.0005950763517491155,3.81510602807533e-06,True,200,166,167
BBOB_F17,10,2,18,169,3,3,True,101,101,10,10,3,0.040949914998339956,0.040949921171744244,0.0,0.0,0.007889276365966327,0.007889277319670901,2.233447155386802,2.349924742452182,0.005980165284280971,0.005979351410028737,12.0,12,21.0,21,4.0,4,18.0,18,396,396,396.0,0.615,0.9946649876981369,1.0,398,0.00959770355198147,0.18578591634428704,1351643.3623408824,7.966695546345808,0.000915493166732212,3.7731225660626735e-06,True,200,168,169
BBOB_F17,10,2,19,172,4,3,True,129,129,18,18,4,0.031233875614224083,0.031233886208017002,0.0,0.0,0.001658509595872222,0.0016585097824851278,0.6545437725753338,0.6607114896526384,0.0071276199361524715,0.007127641807407525,20.0,20,37.0,37,4.0,4,34.0,34,366,366,366.0,0.53,0.9942436352699683,1.0,398,0.011252700811094501,0.17744005130895096,1625810.2202744707,9.343216659958262,0.001766974410644841,3.631947833060281e-06,True,200,171,172
BBOB_F17,10,2,20,176,2,3,True,128,128,3,3,2,0.011640657194485399,0.01164065815714796,0.0029074820261803247,0.0029074826335161313,0.010768079373411121,0.01076807757074616,0.062252636856918286,0.07014311308688785,0.01613035972607672,0.01613035429703806,5.0,5,7.0,7,2.0,2,4.0,4,382,382,382.0,0.755,0.999536374465288,1.0,398,0.007285049381456756,0.18061079779663947,581991.1831796523,3.3376815601858567,0.003235369156892169,3.5546152581300694e-06,True,200,175,176
BBOB_F17,10,2,21,178,4,3,True,107,107,10,10,4,0.027798282270376277,0.027798287250936724,0.001287433463877996,0.0012874327210824765,0.005256755450557593,0.005256755482097954,2.392331488828983,2.363995460543679,0.0009159850375423357,0.0009156743505032369,12.0,12,20.0,20,2.0,2,18.0,18,386,386,386.0,0.705,0.9993377471682989,1.0,398,0.009019847288646188,0.17698726113182706,694450.1042403802,3.8140569638510398,0.0008767424316119721,3.2341553976818583e-06,True,200,177,178
BBOB_F17,10,2,22,182,2,3,True,111,111,5,5,2,0.012523351160603893,0.012523352970900903,0.0006463344879422683,0.0006463348492050658,0.0011765645920140122,0.0011765644852016754,0.6878133736840226,0.6847804864320298,0.0018235116736630146,0.0018234444431168082,7.0,7,11.0,11,4.0,4,8.0,8,388,390,388.0,0.75,0.9996186740402655,1.0,398,0.0061901958307692675,0.1861964479513591,473382.56174298003,2.7152909510087784,0.00015833175843142297,2.4712585132996804e-06,True,200,181,182
BBOB_F17,10,2,23,184,5,3,True,118,118,14,14,5,0.04471608015947258,0.04471607838294593,0.0,0.0,0.0035173592076346225,0.0035173686578290272,2.304112848629762,2.2961603932664927,0.0008320212655967351,0.000832467432649444,16.0,16,29.0,29,6.0,6,24.0,24,368,368,368.0,0.6,0.9988859836453686,1.0,398,0.008991410245171295,0.1795585238620809,1096569.122513391,5.869758265473438,0.0025003092408766065,2.452786854089297e-06,True,200,183,184
BBOB_F17,10,2,24,189,1,3,True,107,107,2,2,1,0.041746038856661394,0.041746025792355645,0.022819696154477848,0.02281969380072138,0.03228286750556962,0.03228285979653851,1.873820836619963,1.8322621156964787,0.004543886471271578,0.004543546569846733,4.0,4,5.0,5,2.0,2,2.0,2,394,394,394.0,0.565,0.9965114376640916,1.0,398,0.004844682967405946,0.18310278647059858,1534114.5699686632,6.612641393709217,0.00019417211528419777,3.2044209425163713e-07,True,200,188,189
BBOB_F17,10,2,25,190,2,3,True,124,124,8,8,2,0.0252420034772321,0.025241998308677682,2.2277163712280945e-05,2.227678738292438e-05,0.0007703060712765247,0.0007703067555657056,0.07903433016257111,0.1160868025493344,0.004143616723172768,0.004144247481513707,11.0,11,15.0,15,4.0,4,14.0,14,378,378,378.0,0.765,0.9997682759982476,1.0,398,0.00818764153381603,0.17882882818947143,406822.24633446336,1.778200152302123,0.00027914053083439184,3.034304638999636e-07,True,200,189,190
BBOB_F17,10,2,26,192,4,3,True,120,120,14,14,4,0.016224632203084302,0.01622463611588401,0.00022816635469520563,0.00022816674818310068,0.0022772943205661457,0.002277292821270163,2.8438864569517737,2.8280307560631854,0.0024533584170844678,0.0024533682016474345,17.0,17,29.0,29,6.0,6,26.0,26,388,388,388.0,0.755,0.9997094644921029,1.0,398,0.004757541340305667,0.182665781929215,459535.59388615936,2.2912399750242196,0.0005556955032757645,2.597016063969044e-07,True,200,191,192
BBOB_F17,10,2,27,196,3,3,True,115,115,6,6,3,0.016242631837476304,0.01624263193715736,0.00038187482101856296,0.0003818756098282611,0.0019651688553910668,0.001965169859292265,-0.303042886188555,-0.30985349490625297,0.0019541855093132385,0.0019541591456927222,8.0,8,13.0,13,4.0,4,10.0,10,396,396,396.0,0.7,0.9992536534607804,1.0,398,0.0052011867242965516,0.18352802448967837,760980.812396802,3.838934295178043,0.0005850126350972398,1.819993509107033e-07,True,200,195,196
BBOB_F17,10,2,28,199,4,3,True,93,93,12,12,4,0.017841579954372078,0.017841557779966266,0.0005481486471292513,0.0005481479852758181,0.0017701241339906915,0.0017701239203716454,0.32789255805003137,0.32803461822669666,0.0017753443845555652,0.001775343594558688,15.0,15,25.0,25,2.0,2,22.0,22,382,382,382.0,0.635,0.9997424983158767,1.0,398,0.0038052154954340035,0.1819137090651639,1829279.4522107616,10.599397021733017,0.0009630843705676045,1.7354433177916532e-07,True,200,198,199
BBOB_F17,10,2,29,203,3,3,True,123,123,10,10,3,0.03677344391877611,0.03677344159784231,0.0,0.0,0.011041348973447516,0.011041348681078866,3.8118645272195817,3.8128373889820293,0.001326886045317724,0.0013268883722728996,12.0,12,20.0,20,8.0,8,18.0,18,380,380,380.0,0.735,0.9983913101200577,1.0,398,0.0052577170669137275,0.18236199317215404,1099711.9971376508,3.466439861271501,0.0011583199373413323,1.6876799522893024e-07,True,200,202,203
BBOB_F17,10,2,30,206,2,3,True,118,118,15,15,2,0.030036240346668408,0.030036259821319633,0.0,0.0,0.0021586238947446656,0.0021586238958085785,3.7386406811657924,3.736653377508224,0.0014438788172809872,0.001443877905772971,17.0,17,31.0,31,4.0,4,28.0,28,396,396,396.0,0.745,0.9946341642719052,1.0,398,0.003561608664322807,0.1819364579283928,1797250.7965461686,8.741532668604629,0.0008506956686953025,1.664014409390868e-07,True,200,205,206
BBOB_F17,10,2,31,208,4,3,True,80,80,10,10,4,0.046436459622381875,0.04643646067011141,0.0,0.0,0.005990575401769725,0.005990575529235867,5.47058710438831,5.64741456246653,0.001547079011515531,0.0015472342887938241,12.0,12,21.0,21,4.0,4,18.0,18,366,364,366.0,0.63,0.999249028627161,1.0,398,0.006316861124359103,0.18101359114470456,845032.9698979631,2.7057925295198304,0.00048709679600055173,1.6446287637545885e-07,True,200,207,208
BBOB_F17,10,2,32,212,4,3,True,110,110,24,24,4,0.014325310627893153,0.014325311763729049,0.0,0.0,0.0030253803063073834,0.003025382265610374,6.116133916553496,6.064149870837966,0.00022286863732556362,0.00022230207702928428,26.0,26,47.0,47,12.0,12,44.0,44,382,382,382.0,0.78,0.9998510894242341,1.0,398,0.004862498644577553,0.18642102300606092,457458.3456140235,2.0727579683312123,0.0002962579571613258,1.607934154033531e-07,True,200,211,212
BBOB_F17,10,2,33,216,4,3,True,82,82,18,17,4,0.007342461029567732,0.007342460165688028,0.0,0.0,0.003079466516272382,0.0027014068628045673,10.173738089822159,10.013855943340333,0.0007237810630248752,0.0008250729085707326,20.0,19,36.0,35,2.0,0,32.0,30,392,392,392.0,0.755,0.9997538591004924,1.0,398,0.007983771286174987,0.18860323070540075,234969.72360758483,1.2931479998303073,0.0023278608877546196,1.57846538965076e-07,True,200,215,216
BBOB_F17,10,2,34,220,3,3,True,67,67,9,9,3,0.017571601114250292,0.017571599113575385,0.0007719806433007376,0.0007719783494396087,0.002907850289845651,0.002907849963603465,1.5448219711340982,1.5498029643008957,0.002908827585941691,0.0029088224249510207,11.0,11,19.0,19,2.0,2,16.0,16,370,372,370.0,0.705,0.9995929061868071,1.0,398,0.005962700099835394,0.18424755977056906,495143.1829227358,1.6032389210278444,0.00023107185407729092,1.556925347126947e-07,True,200,219,220
BBOB_F17,10,2,35,223,2,3,True,111,111,6,6,2,0.010958437050822376,0.010958436239584514,0.0001456364278841632,0.0001456365572131274,0.00248968990043711,0.0024896892547937796,0.8427012041954889,0.8413118896866062,0.003157128918007808,0.0031569601439971227,8.0,8,13.0,13,4.0,4,10.0,10,378,378,378.0,0.74,0.9997747193600595,1.0,398,0.003710763219813306,0.1835033958760629,225933.11004751828,1.03273808295038,0.00028366046516782497,1.4786168843539686e-07,True,200,222,223
BBOB_F17,10,2,36,225,3,3,True,76,76,21,21,3,0.022279005762566678,0.022279006072279728,6.165966688786995e-06,6.172764015766052e-06,0.0010898057905659592,0.001089805370601174,0.35543441657328145,0.3533591690134101,0.001907127578658338,0.001907408433502201,23.0,23,43.0,43,12.0,12,40.0,40,382,382,382.0,0.73,0.9998115458930598,1.0,398,0.008774420940330045,0.18331220211486876,234797.93656675518,1.2441964896508537,0.00017408182789769926,1.470551628635617e-07,True,200,224,225
BBOB_F17,10,2,37,228,2,3,True,90,90,12,13,3,0.01690184828487154,0.01690184900022356,0.0,0.0,0.0019588688965403445,0.0022242148551203794,0.8981159425854273,0.9002413064018913,0.0029501154575300747,0.0027459569062710577,14.0,15,25.0,27,6.0,4,22.0,24,380,380,380.0,0.8,0.9997566229535327,1.0,398,0.009150756222141721,0.18308127332243074,295773.1685173148,1.3757465646578595,6.7579202681358e-05,1.4508481689535866e-07,True,200,227,228
BBOB_F17,10,2,38,230,5,3,True,103,103,11,11,5,0.015184211583154568,0.015184210365697472,0.0006853537670071241,0.0006853537470210141,0.0021840369417899796,0.0021840369004789834,0.6342544684019309,0.6430785099378253,0.0005420671062322898,0.0005423639361668857,13.0,13,23.0,23,4.0,4,20.0,20,392,392,392.0,0.655,0.9994593067176777,1.0,398,0.007937700211230529,0.1825467348297547,299501.20573282987,1.2626373521537317,0.0003452523884265619,1.4399924666372203e-07,True,200,229,230
BBOB_F17,10,2,39,235,3,3,True,87,87,13,13,3,0.01770545870650796,0.017705461334596502,0.0003270180036542836,0.00032701796365972036,0.003936504991273192,0.003936504521350817,7.324117260632656,7.405382694954746,0.000114936383161118,0.0001151081860839813,15.0,15,26.0,26,2.0,2,24.0,24,394,394,394.0,0.85,0.9999128871633256,1.0,398,0.0035637387329645344,0.18350341863205072,229409.75191173423,0.6994525769221673,5.706657837098259e-05,1.349549900496366e-07,True,200,234,235
BBOB_F17,10,2,40,238,2,3,True,109,109,24,23,2,0.0316103201247676,0.03161031866234381,0.0,0.0,0.0,0.0,1.2494222915872353,1.246653799659406,0.004787600847930115,0.004787590414887691,27.0,26,49.0,47,8.0,10,46.0,44,388,382,388.0,0.845,0.9999154799555222,1.0,398,0.0026102307727021382,0.18422997853439538,175993.32787230797,0.8809053180877413,0.0036178126952231345,1.2185870594074012e-07,True,200,237,238
BBOB_F17,10,2,41,240,3,3,True,132,132,30,30,3,0.014085471749856672,0.014085472117591102,0.0,0.0,0.0005353651341441362,0.000535365179201025,1.4911654570488135,1.4907546441826298,0.0014395962493165097,0.0014395969638035674,37.0,37,59.0,59,10.0,10,58.0,58,390,390,390.0,0.82,0.9997743316459838,1.0,398,0.0027286595926375294,0.18375550610363853,296997.16632546484,1.294167896949003,0.0006764395365304674,1.206552249109838e-07,True,200,239,240
BBOB_F17,10,2,42,243,4,3,True,92,92,18,18,4,0.006433181335807156,0.0064331833898368385,0.0,0.0,0.0017366444315179488,0.001736644229520204,7.8313128789359965,7.909051955847495,0.0004669940472188624,0.00046678982057453487,19.0,19,36.0,36,6.0,6,32.0,32,372,372,372.0,0.655,0.9996005387211294,1.0,398,0.004887082952644874,0.1814731973238125,274501.18261457,1.3393269109513124,0.00031582849067865346,1.064852431287676e-07,True,200,242,243
BBOB_F17,10,2,43,247,3,3,True,130,130,11,11,3,0.013194418730733244,0.013194418609401203,0.0,0.0,0.004279458186188176,0.0042794594435656,1.9816390904961683,1.9816150513695978,0.0011150016779338542,0.0011149845361045597,13.0,13,23.0,23,4.0,4,18.0,18,396,396,396.0,0.765,0.9998294202028094,1.0,398,0.0039781308618732514,0.18415848354787612,355473.92653761804,1.5577811546999016,0.00045279422202784876,1.0512594528374694e-07,True,200,246,247
BBOB_F17,10,2,44,250,7,3,True,78,78,18,18,7,0.007154827864373795,0.007154829922964879,0.0,0.0,0.0002421191672581785,0.0002421191940998879,0.6113857914706742,0.6073959756965226,0.0027673882283525725,0.0027673743328390345,19.0,19,36.0,36,2.0,2,32.0,32,374,372,374.0,0.785,0.99987337884954,1.0,398,0.0027689665563791523,0.18485379792533901,244168.9983843714,30.622946440991456,0.029257501148149567,6.116472439974956e-08,True,200,249,250
BBOB_F17,10,2,45,257,5,3,True,109,109,17,18,5,0.043229458625087765,0.043229424333561535,0.00028958884521716743,0.0002895891221693543,0.00520553840944426,0.005286829042255751,11.542464562606488,12.179964695840987,-9.217424402097285e-05,-0.000124609125246685,19.0,20,33.0,35,4.0,6,32.0,34,390,390,390.0,0.77,0.9996083818675944,1.0,398,0.0020345774997878657,0.18499314883569745,191245.11148357112,0.9430361300334837,0.00015736723146572807,7.896732154573747e-09,True,200,256,257
BBOB_F17,10,2,46,262,4,3,True,108,108,33,33,4,0.008610990414214467,0.008610990073428214,0.0,0.0,0.00019414513830431912,0.00024260327549742444,6.562646344762136,7.393924811657364,0.002521477237444257,0.0025214747560819402,39.0,39,64.0,64,8.0,8,62.0,62,396,396,396.0,0.805,0.9997081210279869,1.0,398,0.001760836167364627,0.18383872315759905,522524.2472328767,2.663361309587458,0.0009662249687891947,7.213505514595432e-09,True,200,261,262
BBOB_F17,10,2,47,266,7,3,True,85,85,18,18,7,0.016014278377967796,0.016014279200912584,0.0,0.0,0.0014565067134367886,0.0014565074867454557,3.406231822154215,3.4081007263963956,0.00033395461066395004,0.0003339518662118635,22.0,22,32.0,32,4.0,4,32.0,32,390,390,390.0,0.845,0.9998833988825865,1.0,398,0.0025936432517419863,0.18415412308268178,296741.3026968767,1.651062441349353,0.0004065255385381695,6.854189806431658e-09,True,200,265,266
BBOB_F17,10,2,48,273,2,3,True,75,109,10,10,2,0.014119664766521545,0.014119664049857553,0.0,0.0,8.772507246171748e-05,8.772506534544464e-05,-0.020018578517817076,-0.01954546012221326,0.0005146591596951717,0.0005146567138057778,13.0,13,20.0,20,4.0,4,18.0,18,396,396,396.0,0.765,0.9977394685181786,1.0,398,0.001589899268177758,0.18351403826016024,229549.88631750457,0.4780993004602849,0.00014905422140633567,6.337979469546708e-09,True,200,272,273
BBOB_F17,10,2,49,275,4,3,True,105,105,23,23,4,0.027773851231378044,0.027773852180066543,0.0,0.0,0.0001939752969209313,0.00019397503077721312,0.6235066043498847,0.6233933299631517,0.0006632566194408268,0.0006632537559090001,25.0,25,47.0,47,10.0,10,42.0,42,392,392,392.0,0.85,0.9998916279518384,1.0,398,0.0013975827613022774,0.18345362957986922,330308.4278549403,1.238372495661011,0.00010342401178007917,5.89172432587616e-09,True,200,274,275
BBOB_F17,10,2,50,279,4,3,True,107,107,23,23,4,0.012716788946624175,0.012716789033097503,0.0,0.0,0.0002181999445729499,0.00021821524274334703,1.9458935382866933,1.9451653182875404,0.00015278519133680082,0.00015278456033008636,28.0,28,45.0,45,10.0,10,44.0,44,390,390,390.0,0.86,0.9998834396187468,1.0,398,0.0019879218999621705,0.18384425299568088,350060.5765872076,0.8905815137877369,0.00018299943561630834,2.7642042508839717e-09,True,200,278,279
BBOB_F17,10,2,51,283,4,3,True,91,91,16,16,4,0.018286321228252626,0.018286322959017786,2.4360611337093108e-05,2.4360529017733445e-05,0.0015181606595380953,0.0015181607331608699,7.686341629096379,7.658553359375813,0.0002666367930631647,0.0002666719032440012,18.0,18,32.0,32,4.0,4,30.0,30,392,392,392.0,0.9,0.9999453987553186,1.0,398,0.002277778657563346,0.18347238910126284,201059.12340269983,0.9017232472422103,0.00018135970145525146,2.73612177198506e-09,True,200,282,283
BBOB_F17,10,2,52,287,5,3,True,121,124,15,15,5,0.022270297595414247,0.022270294794153073,0.0,0.0,6.92558239607649e-05,6.925576068780859e-05,-3.340566826587379,-3.3403953715848362,0.00041376828935149054,0.00041376868444111914,16.0,16,30.0,30,2.0,2,28.0,28,390,390,390.0,0.81,0.9990050324426569,1.0,398,0.0010416699431797876,0.18355351984303986,256342.72917574644,0.591395705204043,0.0013790496923552535,2.051170086609865e-09,True,200,286,287
BBOB_F17,10,2,53,292,4,3,True,95,97,18,18,4,0.03032928889878064,0.03032928185012117,0.0001814302423288061,4.422151732097479e-05,0.0033049951183248827,0.0033049959613683927,13.146516140338274,13.158893180101465,0.0002083654707926222,0.00020837605628846868,20.0,20,37.0,37,4.0,4,34.0,34,394,394,394.0,0.705,0.999388575490479,1.0,398,0.002453844027560899,0.18301729149000534,264791.27343736775,0.810283495937584,0.00011996353583478281,2.0221242296540773e-09,True,200,291,292
BBOB_F17,10,2,54,296,2,3,True,89,91,10,9,3,0.026215854027041408,0.026215830616573732,0.00010071308625396458,0.00010071313352191802,0.0007927056837659374,0.0009010589918607564,3.1595873369489595,4.203197344953432,0.0002559788693081394,0.00024363085127894412,12.0,11,21.0,19,8.0,6,18.0,16,380,380,380.0,0.755,0.9994633225292779,1.0,398,0.0024652615333207845,0.1842913034299537,205424.4056088752,0.6581961654531199,4.446832900095074e-05,1.997195299311452e-09,True,200,295,296
BBOB_F17,10,2,55,298,3,3,True,105,105,11,11,3,0.018321031220550482,0.018321032174638728,0.0014380084670582993,0.001438007314778847,0.004256993965186154,0.004256994352273162,9.239550620458875,9.201559564564352,0.00013738625014184198,0.000137461855583769,13.0,13,22.0,22,2.0,2,20.0,20,384,384,384.0,0.815,0.9998054820158594,1.0,398,0.0018079700358449209,0.18346938335166182,367707.55751112103,1.2562715667494602,0.0005370638574666935,1.855638923735654e-09,True,200,297,298
BBOB_F17,10,2,56,301,4,3,True,145,145,35,35,4,0.009669838035188484,0.009669837192603767,0.0,0.0,0.0,0.0,1.6622688559257561,1.6621900482700274,0.0006831640591098919,0.0006831661329553625,37.0,37,71.0,71,10.0,10,68.0,68,398,398,398.0,0.875,0.9998656263577262,1.0,398,0.0014323138134136161,0.18351588438877695,237784.05969115958,0.6520126268627564,0.0003924812969834968,1.8417618328468506e-09,True,200,300,301
BBOB_F17,10,2,57,305,4,3,True,110,110,13,11,4,0.019881424775189876,0.019881426179658056,0.0,0.0,0.0007233600834348833,7.957490558016533e-05,1.0661837754481507,0.7957839962108122,0.0004518531440019128,0.0005008859568701308,16.0,14,27.0,23,6.0,4,24.0,20,390,390,390.0,0.83,0.999903434290181,1.0,398,0.0027488377155683195,0.18343224414691606,226439.24408570537,1.06237134900298,0.0018520639766260113,2.48542860409919e-10,True,200,304,305
BBOB_F22,10,2,1,109,4,3,True,89,89,30,26,5,0.02689254337484129,0.026892544038923785,0.0,0.0,0.006103955347779962,0.006680722355178914,-1.5256364136975584,-1.6084726016732989,0.05482934545432097,0.055665211286378774,32.0,28,62.0,53,6.0,8,58.0,50,386,386,386.0,0.455,0.9957470901353438,1.0,398,0.0837109763796686,0.1154864458514278,17088.26312012752,179.97390837817534,0.11030410691164973,0.0016847176946554103,True,200,108,109
BBOB_F22,10,2,2,113,4,3,True,121,121,25,27,3,0.0257917075625409,0.025791749096797822,0.0,0.0,0.004802103934579138,0.004802107773769881,0.47407454956441875,0.466892507814724,0.01556537535830939,0.014789343864391225,30.0,33,51.0,55,6.0,6,48.0,52,390,390,390.0,0.54,0.9916141171224321,1.0,398,0.03821577074417241,0.21270250819455927,9819.84438360788,24.518965606384086,0.01473211132171009,0.00016796623065138872,True,200,112,113
BBOB_F22,10,2,3,117,4,3,True,136,136,26,25,4,0.025237824902874934,0.025237812461954112,0.0,0.0,0.003085928950277716,0.0031484522489068217,0.760904693790577,0.7393654462561697,0.01290373637636226,0.011993745097226487,30.0,30,53.0,51,12.0,10,50.0,48,386,384,386.0,0.395,0.9897946547218731,1.0,398,0.010465226386834166,0.1881854905741032,11507.742440293892,23.68739907524821,0.014529484611676418,7.153775737756578e-05,True,200,116,117
BBOB_F22,10,2,4,121,5,3,True,135,135,17,17,5,0.034845482124024066,0.03484548754528978,0.002170314614479309,0.0021703088864530474,0.00589148903243919,0.00589149009947354,0.8927852373451337,0.8367017589175358,0.004425046250607052,0.004424882423208707,19.0,20,33.0,34,6.0,6,32.0,32,390,384,390.0,0.52,0.9978952183660641,1.0,398,0.018646000949474308,0.19763770908646078,7515.326972844428,22.84080563005557,0.014031453936890146,2.3030176279728683e-05,True,200,120,121
BBOB_F22,10,2,5,126,6,3,True,109,109,17,20,4,0.040596112703473505,0.04059614056685157,0.0,0.0,0.008461610911297823,0.007201174185578769,0.2225833416465779,0.01067120646141787,0.007640876826906151,0.007586831764646706,19.0,23,35.0,41,8.0,2,32.0,38,386,384,386.0,0.51,0.9984218594576754,1.0,398,0.08377700576105826,0.22554007975776758,11691.985313243014,30.78932289918464,0.01896114680876785,1.504200660245106e-05,True,200,125,126
BBOB_F22,10,2,6,132,4,3,True,125,125,24,23,4,0.020086320365441446,0.02008629498740866,0.0,0.0,0.005178749883547448,0.005344676177686355,0.9367255260528431,0.9385261924726602,0.011586652233671845,0.011895238325818356,26.0,25,49.0,47,2.0,0,46.0,44,390,390,390.0,0.64,0.9997062501741238,1.0,398,0.008245142219408592,0.18948492191905988,4378.1707381073065,7.041949339147891,0.0049010207890930624,1.2645679705086642e-05,True,200,131,132
BBOB_F22,10,2,7,136,4,3,True,123,123,23,23,4,0.04677335603075323,0.04677333837987909,0.0,0.0,0.0036357149793389623,0.0036357099666255825,0.9698499890119425,0.9680995706872303,0.004036722600267043,0.004036675976111161,26.0,26,46.0,46,8.0,8,44.0,44,384,384,384.0,0.6,0.9975490107504226,1.0,398,0.008963280616326657,0.18908319055204342,19819.526631397755,30.993185062620114,0.01838773170243623,6.040150762027455e-06,True,200,135,136
BBOB_F22,10,2,8,140,3,3,True,120,120,30,30,3,0.028640117842867574,0.028640177366196395,0.0,0.0,0.004493051142898334,0.0044930546635087686,1.2875921715461223,1.2718655358455553,0.009034304338150046,0.009034311483660469,36.0,36,60.0,60,6.0,6,58.0,58,394,394,394.0,0.555,0.9962873053251279,1.0,398,0.004432372051190812,0.18691621386092244,8511.832538882736,20.650727482541015,0.016671765922733887,2.833603498188861e-06,True,200,139,140
BBOB_F22,10,2,9,143,4,3,True,115,115,28,28,3,0.038955205221327116,0.03895517229617518,0.0,0.0,0.004270042558116496,0.004270055395081941,1.0670481211472271,1.063874578066126,0.007421519156188246,0.007421545777794774,32.0,31,57.0,57,8.0,8,54.0,54,386,386,386.0,0.835,0.999930632719069,1.0,398,0.0016531927969818557,0.18355562190273922,3715.531411163811,5.552482562049306,0.0036287048732903575,2.488563183458453e-06,True,200,142,143
BBOB_F22,10,2,10,147,3,3,True,140,140,37,37,3,0.031275263954640364,0.03127526522765049,0.0,0.0,0.001552012909842462,0.0015520166541876882,1.180688629704278,1.175093870778412,0.005308534359498419,0.005308553405662321,43.0,43,75.0,75,10.0,10,70.0,70,388,388,388.0,0.725,0.9995527574521424,1.0,398,0.004793271577405511,0.18683482449379318,9761.009831182368,21.828701082058956,0.014572834133399805,1.651027268337864e-06,True,200,146,147
BBOB_F22,10,2,11,150,3,3,True,110,110,16,16,3,0.024687334742603668,0.024687335285042473,0.00013298197587080507,0.00013298102776498205,0.003000804528172073,0.0030008115757011906,0.978001803819426,0.9768606263174773,0.014209933570173472,0.014209853511221854,18.0,18,33.0,33,6.0,6,30.0,30,380,380,380.0,0.71,0.9995114741278789,1.0,398,0.005125627178144209,0.1876071645360406,8968.557591541095,23.506398508030884,0.015074742703684913,1.1536370438757817e-06,True,200,149,150
BBOB_F22,10,2,12,153,5,3,True,128,129,12,12,5,0.037717766175139195,0.037717765125946816,0.002735139676900965,0.002735154119939222,0.009540932425735421,0.009540892690112074,1.663465399632086,1.6361664729426408,-0.001122577277128304,-0.0011234929421625357,14.0,14,25.0,25,2.0,2,22.0,22,396,396,396.0,0.865,0.9999592154648125,1.0,398,0.004184472360865681,0.18586314876700982,7130.972845928016,9.263518436467848,0.00751110672841478,8.848379142792159e-07,True,200,152,153
BBOB_F22,10,2,13,158,3,3,True,112,112,17,17,3,0.048464795307372396,0.04846479320974943,0.0,0.0,0.0033002881192370354,0.0033002629769834646,1.0579569910388695,1.0561149736054727,0.005626613625598215,0.005626642159830699,20.0,20,35.0,35,0.0,0,30.0,30,390,390,390.0,0.885,0.9998473296526076,1.0,398,0.0017778239125703517,0.18452495688999965,2494.7436754256705,3.607223773191663,0.0030699197930044515,6.248189886145604e-07,True,200,157,158
BBOB_F22,10,2,14,161,4,3,True,113,113,13,13,4,0.03115611993683462,0.031156130462279608,0.0,0.0,0.007637645265827886,0.007637648343758158,-0.5402068996621221,-0.5386467854638034,0.007907479860670558,0.00790754865816489,15.0,15,27.0,27,2.0,2,24.0,24,396,396,396.0,0.9,0.9999570060511247,1.0,398,0.004591065310815707,0.1851295512084315,9872.499753687578,17.85294656975293,0.011694340350839468,5.189017854999358e-07,True,200,160,161
BBOB_F22,10,2,15,165,5,3,True,115,115,16,16,5,0.04283783159406018,0.04283776700470032,0.0,0.0,0.002197073645691966,0.0021970758272330873,0.37201547675143054,0.3713627109460961,0.004205817353201546,0.004205813621805174,18.0,18,33.0,33,8.0,8,30.0,30,378,378,378.0,0.965,0.9999877364015526,1.0,398,0.001936265352009932,0.18253859698885283,4049.6525936515427,4.239465838285469,0.002824465508024221,4.2335579738129426e-07,True,200,164,165
BBOB_F22,10,2,16,170,6,3,True,115,115,30,30,6,0.05197774761837157,0.05197775340537655,0.0,0.0,0.004343653510434494,0.004343657857271603,0.4792674381971658,0.47969378904870685,0.012068953756067828,0.012069038774829103,33.0,33,61.0,61,6.0,6,58.0,58,398,398,398.0,0.925,0.9999157916769454,1.0,398,0.002435136407408535,0.18247022199212204,5262.289227750782,6.758384916533032,0.0043176746453233265,3.3923976709933384e-07,True,200,169,170
BBOB_F22,10,2,17,176,3,3,True,129,129,13,13,3,0.026662421321978394,0.02666242647431058,0.000680042297032224,0.0006800714610381564,0.010540422957826479,0.010540422568737995,0.8709349422644905,0.8716346608391041,0.005596764456485861,0.005596606608021092,17.0,17,27.0,27,4.0,4,24.0,24,378,378,378.0,0.84,0.9998142096504447,1.0,398,0.001079164551201917,0.18309919211301157,3288.7772980798873,6.042586383986645,0.004694630111372083,2.4313185382847533e-07,True,200,175,176
BBOB_F22,10,2,18,179,4,3,True,131,131,17,17,4,0.02796501172543822,0.027965009017683812,0.0,0.0,0.004674108025365831,0.0046740774366367255,0.888327676720646,0.8889632061187269,0.013242880403353762,0.01324288358331024,20.0,20,34.0,35,4.0,4,30.0,30,386,386,386.0,0.78,0.9998428712364948,1.0,398,0.0009426269646884984,0.18353055072218963,2595.623130081094,3.4988775431634167,0.0028419852044422535,2.3827402966821437e-07,True,200,178,179
BBOB_F22,10,2,19,183,4,3,True,109,109,20,20,4,0.01897814850924691,0.018978145071562647,0.0,0.0,0.003877291426093492,0.0038772910661571125,0.9380759994848074,0.9364211761615717,0.003451939611013097,0.003451936763026956,25.0,25,39.0,39,8.0,8,36.0,36,392,392,392.0,0.69,0.9994908798523687,1.0,398,0.0010921744277164118,0.18349948659509338,2977.9883016228086,4.000078814416497,0.0029891026102913322,1.8069517154056404e-07,True,200,182,183
BBOB_F22,10,2,20,187,5,3,True,117,117,18,19,5,0.041008318377378235,0.0410083173952069,0.00020310864699137933,0.0002031116792174225,0.0014931318149541423,0.0017895612620008154,0.666082331808548,0.6949058768682606,0.00303919589754758,0.0028867279146738145,20.0,21,37.0,39,4.0,6,34.0,36,376,376,376.0,0.775,0.9996139556720809,1.0,398,0.0023001379255414905,0.1833970675245558,7556.44730306073,5.7607299346022955,0.0039131653579369385,1.3440985091973353e-07,True,200,186,187
BBOB_F22,10,2,21,192,3,3,True,111,111,23,23,3,0.03185916404270471,0.03185916272064861,0.0,0.0,0.0032999355190127012,0.0032999291706375476,1.7613719768882365,1.7625075540854007,0.007267126288193206,0.007267136129064646,26.0,26,44.0,44,4.0,4,42.0,42,390,390,390.0,0.835,0.999931450204006,1.0,398,0.0010973698262667757,0.18355317376074753,1380.979492639508,2.68560335618173,0.00220212937366509,1.2291428119129397e-07,True,200,191,192
BBOB_F22,10,2,22,195,3,3,True,107,107,16,16,3,0.0340684331451494,0.03406841476586975,0.0,0.0,0.002390697091930929,0.002390694755554165,0.7715698765981571,0.7727675025790228,0.00934074407509495,0.009340744753577587,19.0,19,32.0,32,6.0,6,30.0,30,394,394,394.0,0.74,0.9997166121782277,1.0,398,0.0009942492777885391,0.1835069957518976,4564.527696261441,9.700995356211706,0.0070308828476660845,1.1339766910643525e-07,True,200,194,195
BBOB_F22,10,2,23,198,4,3,True,112,112,20,19,3,0.03544649926603072,0.035446545312743605,0.00031701792399201414,0.0003170274414109379,0.0034574423092325127,0.0035460704422761724,0.9314333971635431,0.9327068854923887,0.002990789721183513,0.003005860880783872,24.0,23,38.0,37,4.0,2,38.0,36,364,364,364.0,0.86,0.9998365861680063,1.0,398,0.0008779772227427083,0.18335076591594862,2240.473290532331,4.474057511063734,0.0032928607040143233,1.1154930892650357e-07,True,200,197,198
BBOB_F22,10,2,24,202,4,3,True,108,108,22,22,4,0.05741676360036854,0.05741675296876389,0.00014069337943508524,0.00014069136775434051,0.007211141284976769,0.007211134813123278,1.4575650947511853,1.4473271321018566,0.004063415949841508,0.004063472617318433,24.0,24,45.0,45,4.0,4,42.0,42,376,376,376.0,0.83,0.9999509071909861,1.0,398,0.0012396540910690945,0.1832690608339786,4706.685398760257,3.494449916641088,0.0025096780684802306,1.0724288495786299e-07,True,200,201,202
BBOB_F22,10,2,25,206,5,3,True,98,98,12,12,5,0.017513342492657957,0.017513344930527225,0.00017616527571872286,0.00017616716939717648,0.0023554173686307703,0.0023554157167608274,0.9618825612934714,0.961313531847812,0.01077183618939992,0.01077184340114517,15.0,15,25.0,25,2.0,2,22.0,22,380,380,380.0,0.85,0.9995730247315651,1.0,398,0.0012898315141601606,0.18332241402568172,4640.673978132431,2.36711686904232,0.0017090462371256666,1.0404406235576198e-07,True,200,205,206
BBOB_F22,10,2,26,211,4,3,True,106,106,17,17,4,0.02241448340068916,0.02241448200520524,0.0,0.0,0.005603960562504243,0.005603959100478881,1.484324391054546,1.4928808294032445,0.011619736476606449,0.011619810220769081,20.0,20,36.0,36,6.0,6,32.0,32,380,382,380.0,0.74,0.9998686299174218,1.0,398,0.0019449539981847,0.1829695690331259,5962.7223069053525,7.58196792632225,0.004978274071090866,1.0178083967207346e-07,True,200,210,211
BBOB_F22,10,2,27,215,3,3,True,114,114,20,20,3,0.036034238939610774,0.03603428671735098,0.0,0.0,0.0022959117953326447,0.002295903064139161,1.396320246445189,1.396465584903921,0.008158229472407354,0.008158233779111315,22.0,22,41.0,41,10.0,10,38.0,38,392,392,392.0,0.91,0.9999725289469595,1.0,398,0.0006903950086404051,0.18368304974353922,3727.0639409583273,2.0250508535737026,0.001451909619782206,1.0037470774169231e-07,True,200,214,215
BBOB_F22,10,2,28,218,5,3,True,125,125,34,34,5,0.02706143162035086,0.02706143351760775,0.0,0.0,0.001998030100966308,0.0019980309215933195,1.517982670447891,1.5171187057577886,0.0049223640218677795,0.0049223639716992045,37.0,37,68.0,68,8.0,8,64.0,64,382,382,382.0,0.905,0.9999771259249156,1.0,398,0.0005986176408322777,0.18382490783891137,4042.276619519769,2.300548963974734,0.0017993963291187396,9.931520712232996e-08,True,200,217,218
BBOB_F22,10,2,29,223,5,3,True,102,102,21,21,5,0.02697839665254409,0.026978382449858063,0.0,0.0,0.004010425041046969,0.004010421617492356,1.0596155318951173,1.0621063390917922,0.005907225616614113,0.005907247694107107,23.0,23,43.0,43,0.0,0,38.0,38,386,386,386.0,0.915,0.9999576417516424,1.0,398,0.0015439980548990415,0.18322281556813536,2849.317073505579,3.9233395649875433,0.0027646685583553863,9.728955173098981e-08,True,200,222,223
BBOB_F22,10,2,30,228,5,3,True,114,114,15,15,5,0.03816744932225169,0.03816745722931738,0.0013445905133378025,0.0013445891736484222,0.005012670717781886,0.005012674686943969,3.336515278340242,3.3370848181013866,0.006487071270675413,0.006487073901554834,17.0,17,31.0,31,4.0,4,28.0,28,384,384,384.0,0.855,0.9999353696392571,1.0,398,0.0007376010619309819,0.18331152310260007,2856.6196951553047,5.444888433019969,0.004303291659311089,9.522773461484168e-08,True,200,227,228
BBOB_F22,10,2,31,233,7,3,True,109,109,19,19,7,0.024230593971988627,0.024230584906363182,0.0,0.0,0.006129450017816618,0.006129452771639121,0.5570943383018552,0.5569723503260635,0.002193946885873602,0.002193953054788153,21.0,21,39.0,39,4.0,4,36.0,36,390,394,390.0,0.935,0.9999407680469392,1.0,398,0.0012497143471335568,0.18374064565478018,4474.369411674561,4.454568172996005,0.003233930386250895,9.375767851217436e-08,True,200,232,233
BBOB_F22,10,2,32,240,3,3,True,119,119,9,9,3,0.0367123141415614,0.036712324117536554,3.83239586619899e-05,3.833625751020753e-05,0.006219426839333464,0.006219435439188042,1.660163980807246,1.661712076516989,0.004929802168683503,0.004929800620344548,11.0,11,19.0,19,6.0,6,16.0,16,390,390,390.0,0.93,0.9999450734593948,1.0,398,0.0007530590773209989,0.18348088930953282,2905.6225399567584,5.2408324581878105,0.0036611588407517975,9.149163179088658e-08,True,200,239,240
BBOB_F22,10,2,33,242,5,3,True,126,128,33,24,7,0.02066741660389885,0.02066742598664796,0.0,5.391900969754955e-06,0.004298891245367253,0.005588434451382268,1.2089948891088476,1.3166128694859671,0.0021593526690053795,0.0018276004895024802,39.0,26,66.0,48,8.0,4,62.0,44,394,392,394.0,0.14,0.9634417176566352,1.0,398,0.01697970699160456,0.1836176060514795,8268.720700919264,9.658565717066722,0.007191227282394859,9.09523219656249e-08,True,200,241,243
BBOB_F22,10,2,34,247,3,3,True,134,134,23,23,3,0.0325007701442368,0.032500775784281455,0.0,0.0,0.0024972784366737305,0.002497276419743219,1.1257918087358583,1.1259069107735278,0.0019584589216400075,0.0019584550152345424,26.0,26,46.0,46,4.0,4,44.0,44,388,388,388.0,0.925,0.9998888661459793,1.0,398,0.00043715365457811374,0.18346159901333026,3712.64490789334,2.2388757833972477,0.001335827518444524,8.955657759407565e-08,True,200,246,247
BBOB_F22,10,2,35,250,4,3,True,135,135,16,16,4,0.04648689218101733,0.04648690811756923,0.0004141108562439322,0.00041410905497796247,0.00639931435706903,0.006399319340309434,1.2643853583014923,1.2653524856895007,0.0015917267905479835,0.0015917337700718892,18.0,18,33.0,33,2.0,2,30.0,30,396,396,396.0,0.935,0.9999739353433156,1.0,398,0.0005494516181614647,0.18322283211524365,2363.9114528544123,0.7826092897215062,0.0007508559297509021,7.398709164262228e-08,True,200,249,250
BBOB_F22,10,2,36,254,4,3,True,134,135,22,22,4,0.015591434262832021,0.015591433218731895,0.000742243603962689,0.0007422759900840292,0.0035523887868322904,0.0035523953756974314,1.1557095657954548,1.1557582580335546,0.0016570626375956297,0.001657068273726758,25.0,25,42.0,42,4.0,4,42.0,42,386,386,386.0,0.925,0.9999582334442684,1.0,398,0.00026310938782915993,0.18342078588317154,2022.3864894948638,0.47070462222302467,0.0004156302188994323,6.976637940104919e-08,True,200,253,254
BBOB_F22,10,2,37,258,3,3,True,109,109,12,12,4,0.029705456906510774,0.029705457426974835,0.0,0.0,0.0010770619126381706,0.0010770603955274488,0.2795269676644754,0.2847581035147363,0.004432776482328971,0.004432828278345567,16.0,15,25.0,25,2.0,2,20.0,20,388,390,388.0,0.91,0.9999721316669558,1.0,398,0.000702948425778691,0.18332262308899122,2512.3267738060667,2.6008847416578647,0.001848040247994504,5.375824262488959e-08,True,200,257,258
BBOB_F22,10,2,38,261,6,3,True,106,106,22,22,6,0.021477544012656502,0.02147753503186356,0.0,0.0,0.001933730914261484,0.0019337369664609158,0.794385407786363,0.7942075944924829,0.0020356943159016683,0.002035692177416734,25.0,25,45.0,45,6.0,6,42.0,42,388,388,388.0,0.945,0.999977326419177,1.0,398,0.00030712909978295355,0.18353181566065355,1083.608891717543,0.8947358617768941,0.0007541244279694278,5.13392860072982e-08,True,200,260,261
BBOB_F22,10,2,39,267,4,3,True,110,110,20,20,4,0.04039427055718253,0.040394268767415406,0.0,0.0,0.002784836050008243,0.0027848379173652064,1.7630563306937308,1.7632765680906646,0.0020059973346616237,0.0020059870753334043,24.0,24,41.0,41,8.0,8,38.0,38,398,398,398.0,0.925,0.9999767526186559,1.0,398,0.0002951733299537805,0.183536980580097,2725.047789758002,1.2737114165411185,0.0012888052819406963,3.4788775874308744e-08,True,200,266,267
BBOB_F22,10,2,40,271,3,3,True,118,120,7,7,3,0.016284024512538797,0.016284026735009394,0.0033871259650833374,0.003387126422096931,0.005118007041696793,0.005118005364873557,-0.24666242733567323,-0.2459767150883683,0.0030175866242901908,0.0030175957416340134,9.0,9,14.0,14,4.0,4,12.0,12,396,396,396.0,0.93,0.9999391183182333,1.0,398,0.00019519331290023537,0.1835272367543735,2904.757882544758,0.32390138670149327,0.00029323108665502254,3.309276752739571e-08,True,200,270,271
BBOB_F22,10,2,41,274,2,3,True,131,131,14,14,2,0.013707626338979687,0.013707623545668709,0.0,0.0,0.005720858154530557,0.005720852067504695,0.235099773499174,0.23505162702918286,0.001933643642333623,0.001933644562134321,18.0,18,29.0,29,8.0,8,26.0,26,398,398,398.0,0.945,0.999949845629524,1.0,398,0.0001572289046989047,0.18352363022394363,712.4184993053677,0.32206772112499493,0.0003673530673658399,3.183276949201937e-08,True,200,273,274
BBOB_F22,10,2,42,276,3,3,True,120,121,11,11,3,0.04092313957193201,0.04092314147452989,0.00015446176727100525,0.00015446320935948166,0.003657537237616318,0.0036575362413764773,0.3067422543878706,0.30614972398926604,0.002162364689469992,0.002162362574419826,13.0,13,23.0,23,6.0,6,20.0,20,398,398,398.0,0.955,0.9999629587665912,1.0,398,0.00023776288170408488,0.18361114197181605,2101.2195146040576,0.6788554137929168,0.0007274734539873273,3.1543244812703415e-08,True,200,275,276
BBOB_F22,10,2,43,279,3,3,True,119,120,5,5,3,0.019507680850073008,0.019507675632336113,0.0007019695644752133,0.0007020029876878553,0.008225967896186182,0.008225969220109423,3.2870135367868585,3.2863854077714953,0.00025637004221900115,0.0002564411182650222,7.0,7,11.0,11,2.0,2,8.0,8,388,388,388.0,0.95,0.9998334157817921,1.0,398,0.0002727063070901993,0.1835155487561828,858.5704739672547,0.48171997353210827,0.0004285152678400966,3.0924457395204195e-08,True,200,278,279
BBOB_F22,10,2,44,282,3,3,True,128,131,17,17,3,0.018497674628423555,0.018497666953708802,0.0003407761663827974,0.00034077390919818457,0.0029541848128996906,0.002954186531841485,0.7058552735610686,0.7055725904652531,0.0018248890188602973,0.0018248938000252801,20.0,20,34.0,34,4.0,4,32.0,32,388,388,388.0,0.975,0.9999615615257218,1.0,398,0.00020481553869553627,0.1835814633838696,3003.8379104700143,0.38837949900766944,0.0002805965981040026,3.0407835397011576e-08,True,200,281,282
BBOB_F22,10,2,45,285,3,3,True,132,132,10,10,3,0.02460591146684006,0.02460591523813801,0.004019871988755724,0.004019876157668273,0.009545617940112439,0.009545619479941148,1.1220546924486072,1.124342564284885,0.001121628404686345,0.001121617804470289,12.0,12,21.0,21,4.0,4,18.0,18,388,388,388.0,0.93,0.999759316500566,1.0,398,9.629645899313129e-05,0.18349210841967517,1852.5613991728333,0.2305796129544717,0.00019455504589987045,2.6792001474388365e-08,True,200,284,285
BBOB_F22,10,2,46,288,4,3,True,132,132,11,11,4,0.01800286191055203,0.018002864531292476,0.0,0.0,0.007478219853259527,0.007478226960083018,-0.132606456305135,-0.12725135592695216,0.0022091664875918187,0.00220917078052817,15.0,15,23.0,23,4.0,4,20.0,20,382,382,382.0,0.96,0.9998950503982877,1.0,398,0.00012221010160182207,0.18350005366231004,688.9291133422703,0.4006483040671469,0.0003614911199676084,2.6507111005672695e-08,True,200,287,288
BBOB_F22,10,2,47,292,3,3,True,136,137,18,18,3,0.03789963012356283,0.03789962058001285,2.698505922554134e-05,2.6978267439449477e-05,0.00394484103647634,0.003944839705531111,0.7925826596941956,0.7925798567906577,0.0014196214567624753,0.0014196203930702048,23.0,23,37.0,37,2.0,2,34.0,34,392,396,392.0,0.895,0.999871698021197,1.0,398,0.00010782294773202598,0.18350340554665442,1961.5289505496912,0.21680659593567952,0.00022585500871811917,2.6155218720496272e-08,True,200,291,292
BBOB_F22,10,2,48,295,2,3,True,128,129,7,7,2,0.014900019100434444,0.014900020754543965,0.0009821873354627086,0.0009821863871704029,0.0054531586182665626,0.005453169180996406,0.7298008434964203,0.7279461180056233,0.0010076055278841684,0.00100761493456322,9.0,9,15.0,15,4.0,4,12.0,12,390,390,390.0,0.965,0.9999422823455668,1.0,398,0.0001231111931430711,0.18348976823332858,2457.793689986711,0.3286030988262496,0.0003205622666794087,2.5246542448365648e-08,True,200,294,295
BBOB_F22,10,2,49,297,2,3,True,129,130,22,22,2,0.036178945193857975,0.03617894553510304,0.0,0.0,0.002810853194926931,0.0028108557079955833,0.8870879520187867,0.8878034352051349,0.0010654968510039782,0.0010654991281796949,26.0,26,45.0,45,2.0,2,42.0,42,394,394,394.0,0.94,0.9998924703600766,1.0,398,0.00019155804954355902,0.18350143006727887,1317.7064201350804,0.3646422675872145,0.0003304948147243794,2.4817832342659933e-08,True,200,296,297
BBOB_F22,10,2,50,299,3,3,True,130,131,16,16,3,0.013581952661396501,0.013581952600364572,0.0,0.0,0.0025813625828254028,0.0025813549153537313,0.6479839505564993,0.6480952365310486,0.0018187817449567616,0.001818780823439261,19.0,19,31.0,31,8.0,8,30.0,30,390,390,390.0,0.955,0.99992536598999,1.0,398,0.00017110424701470626,0.18342266453539544,611.9809878593085,0.2609717068282862,0.00022373873536758458,2.320739050309569e-08,True,200,298,299
BBOB_F22,10,2,51,302,5,3,True,142,142,29,29,5,0.027723539365963293,0.02772353730644621,0.0,0.0,0.0013115093032000716,0.001311511113710584,0.8894959529613384,0.8901855085156374,0.0021065341545558605,0.0021065361797124537,35.0,35,56.0,56,12.0,12,56.0,56,392,392,392.0,0.91,0.9998039729649758,1.0,398,0.00012775473437718276,0.183472596183166,1080.494629952418,0.2207574245678643,0.0002383176333394656,1.321287411446852e-08,True,200,301,302
BBOB_F37,10,2,1,109,5,3,True,76,76,23,23,5,0.05964507563177393,0.0596450782329176,0.0006662592497457334,0.0006662317986662614,0.006325309771803497,0.006325327573961453,-2.61206072676874,-2.739883866238573,0.011824729414113866,0.01181446878879874,27.0,27,46.0,46,2.0,2,44.0,44,396,396,396.0,0.605,0.9996710838313065,1.0,398,0.04961037230352787,0.14299671970775302,36.852390521961524,22.47209893147098,0.04349566916415761,0.0017043702628713442,True,200,108,109
BBOB_F37,10,2,2,114,3,3,True,134,134,17,18,3,0.06334944371897912,0.06334943961937031,0.0,0.0,0.010284351128960312,0.010178315788831993,0.34393780063275514,0.28126620935988333,0.013438551827951338,0.013892180781939809,19.0,20,35.0,37,4.0,4,32.0,34,380,380,380.0,0.555,0.9958403323858444,1.0,398,0.08411464092312493,0.2521827357911204,29.583959820889504,8.157978277846269,0.026186765723480245,0.0001249938196829513,True,200,113,114
BBOB_F37,10,2,3,117,5,3,True,113,113,17,18,4,0.050974132924716316,0.05097413344583433,0.0,0.0,0.007575066661922536,0.007767554960822018,1.101536837530615,1.0816001857051214,0.009737148996772941,0.009629375064336275,19.0,20,35.0,37,4.0,4,32.0,34,384,384,384.0,0.535,0.9985249582883826,1.0,398,0.028769198571472178,0.20699337134173,25.33036593706288,7.211559905051772,0.023566975350371593,9.8934219908249e-05,True,200,116,117
BBOB_F37,10,2,4,122,4,3,True,132,133,27,29,4,0.03630828729200787,0.03630828754940149,0.0,0.0,0.0018523407983689847,0.002291936456629915,0.9685227189569652,0.9620295932424258,0.028392459648656353,0.02829874765398598,30.0,32,55.0,59,2.0,2,52.0,56,394,394,394.0,0.51,0.9983541713962055,1.0,398,0.003968765748464549,0.18669515949213922,24.276171120004165,0.73982795123041,0.002552110596268561,3.287631958252028e-05,True,200,121,122
BBOB_F37,10,2,5,126,5,3,True,77,77,13,13,5,0.08942018709769695,0.08942019278674501,0.0,0.0,0.0036792821048411417,0.003679285401384541,-4.000994050906982,-4.0382409620281505,0.014204317946715615,0.014203236946090741,15.0,15,27.0,27,0.0,0,24.0,24,396,396,396.0,0.82,0.9998892236045213,1.0,398,0.00975622356904203,0.1826021241308221,32.65993921614404,4.343502211236782,0.01912441968088446,1.9924926619771617e-06,True,200,125,126
BBOB_F37,10,2,6,131,4,3,True,105,105,20,20,4,0.04915060956072792,0.04915056730607825,0.0,0.0,0.005883246303532541,0.005883242854662438,-0.2737460693612803,-0.27508305739085387,0.006655131364017779,0.0066543310758915885,23.0,23,40.0,40,8.0,8,38.0,38,388,388,388.0,0.705,0.9996658504707365,1.0,398,0.013396780252669924,0.1903152979569091,28.83237234619719,1.2875799693782994,0.005013814463867209,1.29709322028752e-06,True,200,130,131
BBOB_F37,10,2,7,135,4,3,True,105,105,17,17,4,0.06123026576723834,0.061230267819051235,0.0,0.0,0.005668175993971236,0.005668170998104016,0.6472441338519399,0.6320022629393882,0.003042350792417838,0.0030423223570145625,19.0,19,35.0,35,8.0,8,32.0,32,398,398,398.0,0.71,0.9997275695859942,1.0,398,0.00748644552896123,0.18608141933963315,28.723684104936865,0.568676131894847,0.002142818150950297,1.141543908967879e-06,True,200,134,135
BBOB_F37,10,2,8,139,3,3,True,114,114,18,18,3,0.05198926255740957,0.051989256914658596,0.0,0.0,0.004247891407730631,0.004247890248232161,0.33543953582686825,0.3315506544411984,0.00516090541376162,0.005160956390245389,22.0,22,36.0,36,10.0,10,34.0,34,386,386,386.0,0.85,0.9998634684551224,1.0,398,0.003539427704189713,0.1835676635250931,33.27952899741217,0.44454190873248933,0.0016684787998458924,9.8866511206672e-07,True,200,138,139
BBOB_F37,10,2,9,142,3,3,True,108,108,20,20,3,0.08987496707110945,0.08987497707417193,0.0,0.0,0.0032943557372979338,0.0032943488556487262,0.4788128883906868,0.4816074644061207,0.0037884515572601096,0.0037884384815576244,23.0,23,41.0,41,2.0,2,38.0,38,398,398,398.0,0.865,0.9999301825854785,1.0,398,0.0029841893628153424,0.18293218782022544,13.122525318050293,0.4667274128221379,0.0017343252297683076,9.747633453406566e-07,True,200,141,142
BBOB_F37,10,2,10,145,3,3,True,120,120,22,20,4,0.038985723522343585,0.038985731304472256,0.0,0.0,0.000926451125814352,0.0012041477933073873,0.47234707371023177,0.4893577389409068,0.005381162286803003,0.005517255027779088,26.0,24,45.0,41,2.0,2,42.0,38,384,384,384.0,0.89,0.9999589199147403,1.0,398,0.0038880785287579325,0.1864132665592776,23.122094558461868,0.46818854059026194,0.0016422681784798144,9.60667062416917e-07,True,200,144,145
BBOB_F37,10,2,11,148,5,3,True,108,110,24,24,5,0.042100897120984505,0.042100914277305584,0.0,0.0,0.004845413822558278,0.004845411893936918,0.6421300716083778,0.6422853146886532,0.005445856785307468,0.005445862309600164,27.0,27,47.0,47,8.0,8,46.0,46,392,392,392.0,0.865,0.9999503138645196,1.0,398,0.0027284411785071664,0.18567534983253947,17.36258686654287,0.31526001366657397,0.0011041843466600204,8.805968995783369e-07,True,200,147,148
BBOB_F37,10,2,12,153,7,3,True,109,109,17,17,7,0.01889782998310774,0.018897798124907106,0.0,0.0,0.006850835612852324,0.006850868032575563,0.726530801290096,0.7104421022550474,0.009707800259338335,0.009707648529392284,19.0,19,36.0,36,2.0,2,32.0,32,378,378,378.0,0.785,0.9998828103525853,1.0,398,0.008259102888714806,0.18786863967724043,4.449399885913294,0.8490645766138272,0.003079996914316251,3.158562903982466e-07,True,200,152,153
BBOB_F37,10,2,13,160,4,3,True,103,106,13,13,4,0.13226886879367283,0.13226887576199364,0.0,0.0,0.005990738590313613,0.005990725679922065,0.5796735373362942,0.5789560657137679,0.011116575210309919,0.011116572761232709,15.0,15,27.0,27,4.0,4,24.0,24,386,386,386.0,0.89,0.9999543971915174,1.0,398,0.0007849277845016019,0.1839317119053226,11.529230664463284,0.08834211790046709,0.0003370018327870871,2.8105053197752204e-07,True,200,159,160
BBOB_F37,10,2,14,164,4,3,True,104,104,7,7,4,0.03904663690476992,0.03904663121785126,0.00466600834332076,0.004666030550036004,0.009591394337332027,0.009591385958015841,-0.9030932039120323,-0.9025539650795649,0.004332008186115392,0.004332004655150794,10.0,10,15.0,15,6.0,6,12.0,12,394,394,394.0,0.95,0.9999828058408841,1.0,398,0.0004545735827329244,0.1837532781538089,10.032554136145222,0.036823976606740416,0.00013915888292709446,2.7432813631224314e-07,True,200,163,164
BBOB_F37,10,2,15,168,3,3,True,104,104,12,12,3,0.05344495807514338,0.053444965258869825,0.0,0.0,0.005862845808727743,0.005862834107034434,-0.1839081717215283,-0.18634137571434026,0.008367963937974652,0.00836791969813749,15.0,15,24.0,24,4.0,4,22.0,22,390,390,390.0,0.91,0.9999345552534025,1.0,398,0.001234528182526833,0.18417514885430503,19.62046439875644,0.10357937751916779,0.0003971922779781591,2.433558664896592e-07,True,200,167,168
BBOB_F37,10,2,16,171,5,3,True,105,105,38,38,5,0.04462601302626695,0.04462600450102344,0.0,0.0,0.00010379388133088113,0.0001037966810619323,0.7153661407207732,0.7134955969119953,0.00502195086589516,0.005021797862408684,43.0,43,75.0,75,16.0,16,74.0,74,382,382,382.0,0.86,0.9999053482918626,1.0,398,0.0010577041884494236,0.18399906268094313,20.9372886868548,0.08490874972423512,0.0003252114806817655,2.2797156922547088e-07,True,200,170,171
BBOB_F37,10,2,17,176,6,3,True,108,108,18,18,6,0.03066563394319885,0.030665613756926863,0.0,0.0,0.004830027866354253,0.004830030050431852,0.32197407452477655,0.3208977352509089,0.0072774646749107766,0.007277455326245635,22.0,22,38.0,38,4.0,4,34.0,34,388,388,388.0,0.895,0.999956155331547,1.0,398,0.0006935415503647018,0.18355837051043483,0.6793102020886863,0.047480143796633456,0.00021354465664993189,2.1764718539672985e-07,True,200,175,176
BBOB_F37,10,2,18,182,5,3,True,86,86,19,19,5,0.07476368007897158,0.07476367216601534,0.0,0.0,0.0,0.0,-2.542885223867298,-2.546831828122544,0.014666622543209799,0.014666589146178669,21.0,21,38.0,38,6.0,6,36.0,36,392,392,392.0,0.98,0.9999928374552939,1.0,398,0.0019495294902510173,0.1822558860154554,9.495684068951505,0.23201769118782067,0.0011848886549682832,6.094748485477021e-08,True,200,181,182
BBOB_F37,10,2,19,187,3,3,True,94,94,10,10,3,0.03869147500489478,0.0386914303899733,0.0,0.0,0.004732985838650828,0.00473298539316807,-2.362408273244853,-2.362818384618318,0.009559581007041348,0.009559579830101667,12.0,12,21.0,21,4.0,4,18.0,18,394,394,394.0,0.955,0.9999852632471425,1.0,398,0.0008072816220757023,0.1832701476508763,10.658082169133422,0.06602247251717586,0.0003286360552698744,5.3617842959829724e-08,True,200,186,187
BBOB_F37,10,2,20,190,3,3,True,89,89,17,17,3,0.0526632461169127,0.05266326667595167,0.0,0.0,0.004140905947621478,0.004140887654870952,0.20413464190774278,0.2131079416232739,0.005648240654577216,0.005648253987154112,19.0,19,35.0,35,0.0,0,32.0,32,376,376,376.0,0.91,0.9999589926339889,1.0,398,0.0009173830570947901,0.18346115597841756,1.3883310182313835,0.05565823580707274,0.00023558843802673406,5.1966874999897265e-08,True,200,189,190
BBOB_F37,10,2,21,193,7,3,True,106,106,27,27,7,0.11016643146553645,0.11016646728421414,0.0,0.0,0.0035332763686346247,0.0035332631360090253,0.7047872530312649,0.7049182975993402,0.00394674841011784,0.0039467604236896455,33.0,33,55.0,55,6.0,6,52.0,52,394,394,394.0,0.9,0.9999383171137131,1.0,398,0.0003964957989133318,0.18361113731165282,1.4150972428676596,0.035668635446540975,0.0001499209321592268,5.095118755575495e-08,True,200,192,193
BBOB_F37,10,2,22,200,2,3,True,92,92,11,11,2,0.0220270112234503,0.022026966085696986,0.0,0.0,0.011791965658540432,0.01179196224518142,-0.7239136882282757,-0.7410287998427307,0.007944693202932165,0.007944679119940071,13.0,13,21.0,21,8.0,8,18.0,18,384,384,384.0,0.93,0.999903795665092,1.0,398,0.00133243885112157,0.18354031666271434,15.322314467427987,0.11631057686729207,0.00045543353012295274,4.845311955949237e-08,True,200,199,200
BBOB_F37,10,2,23,202,8,3,True,99,99,29,29,8,0.027877778823718252,0.02787777153011395,0.0,0.0,0.0001762703606865406,0.00017627257482000138,1.2418630985962906,1.2411508254985562,0.011855382990171496,0.011855375700183461,31.0,31,58.0,58,4.0,4,56.0,56,394,394,394.0,0.95,0.9999674806917629,1.0,398,0.00047759865529626016,0.18366778466007108,17.276025723066596,0.05359004778190979,0.00022838520917336749,4.817476538168822e-08,True,200,201,202
BBOB_F37,10,2,24,210,4,3,True,100,100,9,9,4,0.04602939358200009,0.046029428968633046,0.0,0.0,0.010811298855554152,0.010811301658992578,-1.1560034506673436,-1.1559715865556155,0.005282490060062563,0.0052824831303057524,11.0,11,20.0,20,4.0,4,14.0,14,398,398,398.0,0.915,0.9999724713466571,1.0,398,0.0006385607965495239,0.18389487078089542,5.116376964141637,0.05869049713671615,0.0002254203882462061,4.518069839723118e-08,True,200,209,210
BBOB_F37,10,2,25,214,3,3,True,103,103,16,16,3,0.027911153248061496,0.027911163168692424,0.0,0.0,0.001974639806654216,0.001974614039141953,-1.4588241907923756,-1.4536570520247476,0.004002122236180178,0.004002149380695312,20.0,20,31.0,31,6.0,6,30.0,30,390,390,390.0,0.97,0.9999753481401811,1.0,398,0.0005173700961346567,0.18363902117813996,1.4481402487696187,0.026535999599076376,0.00010718660136873743,4.110205177262815e-08,True,200,213,214
BBOB_F37,10,2,26,217,4,3,True,102,102,19,19,4,0.013300394435015933,0.013300391333381983,0.0,0.0,0.0008692809225874232,0.0008692809790771805,-0.5370306228365891,-0.5390472165884653,0.00444140866294948,0.00444141575328548,22.0,22,39.0,39,6.0,6,36.0,36,388,388,388.0,0.95,0.999955069726684,1.0,398,0.000952586935514068,0.18350341340030574,8.32468553489457,0.07200313256646496,0.00027427735193492,4.0795094153219213e-08,True,200,216,217
BBOB_F37,10,2,27,221,3,3,True,94,94,9,9,3,0.05579189421894852,0.05579189336886595,0.0,0.0,0.011257101997073748,0.011257089837771406,0.887366544426671,0.8873679242844529,0.005649852518073963,0.005649863742864402,11.0,11,19.0,19,0.0,0,16.0,16,390,390,390.0,0.965,0.9999927918198133,1.0,398,0.0002505412126681074,0.1835082773910837,11.210442852780943,0.015119547496354357,5.8693237080898176e-05,3.9617855025136233e-08,True,200,220,221
BBOB_F37,10,2,28,224,3,3,True,98,98,29,29,3,0.06189772873900151,0.061897747303629014,0.0,0.0,0.0014215339374510187,0.001421534754058526,0.14503751548363653,0.14499585035117385,0.003400279400484655,0.003400280303362022,33.0,33,58.0,58,14.0,14,54.0,54,388,388,388.0,0.98,0.9999911661176826,1.0,398,0.0003398451391213153,0.18353132474087214,0.3358145224354985,0.022784339597578196,8.773746727265669e-05,3.9241426050131e-08,True,200,223,224
BBOB_F37,10,2,29,227,5,3,True,93,93,33,33,5,0.044456438530193154,0.04445646396976011,0.0,0.0,0.0,0.0,0.7831689411195235,0.7825197874652439,0.004607381755747509,0.004607378617488783,35.0,35,70.0,70,10.0,10,64.0,64,392,392,392.0,0.935,0.9999549999570592,1.0,398,0.0003740520990235687,0.18362101678055204,0.6314924463633815,0.03448022879913992,0.00013472595945708546,3.8961015369267496e-08,True,200,226,227
BBOB_F37,10,2,30,232,4,3,True,100,100,8,8,4,0.0392989540048439,0.03929897164209606,0.0,0.0,0.013585906187913208,0.013585884966128975,-1.491396097357164,-1.4903554798861975,0.005364109196465744,0.005364112321325847,9.0,9,16.0,16,4.0,4,12.0,12,382,382,382.0,0.96,0.9999821181137931,1.0,398,0.0003953138102615895,0.18351733831078654,0.8727811492298088,0.028482915730961622,0.00011155083823114694,3.833064634288673e-08,True,200,231,232
BBOB_F37,10,2,31,236,5,3,True,84,84,12,12,5,0.06374834844684771,0.06374833511423936,0.0,0.0,0.006337430999417776,0.006337432431741674,-0.9270700272268719,-0.9271951532431457,0.004780396691132929,0.004780407383252743,15.0,15,25.0,25,4.0,4,22.0,22,394,394,394.0,0.965,0.9999819717613879,1.0,398,0.00012492368643086474,0.1835069728662407,1.2202893913037087,0.014809090832883953,5.6944466717064155e-05,3.794473792282425e-08,True,200,235,236
BBOB_F37,10,2,32,241,6,3,True,94,94,16,16,6,0.02448558284597943,0.024485593559283633,0.0,0.0,0.002365926506905768,0.0023659217789942302,0.6942375425034193,0.6943010835173402,0.003931201365784472,0.0039311976519822095,19.0,19,32.0,32,2.0,2,30.0,30,386,386,386.0,0.94,0.9999521682602981,1.0,398,0.0001846676943016731,0.18351864814409266,0.5860475604320072,0.013594967659486201,5.1293867045368985e-05,3.740735099212908e-08,True,200,240,241
BBOB_F37,10,2,33,247,1,3,True,110,112,2,2,1,0.01451290136725215,0.01451290173560134,0.0002604665881696111,0.0002604878789606302,0.007386683977710881,0.007386694807280985,-0.7946667789165041,-0.7947903453387257,0.0033306295400512206,0.003330630198198999,4.0,4,5.0,5,2.0,2,2.0,2,382,382,382.0,0.955,0.9998401930606435,1.0,398,9.662566703757885e-05,0.18349919092276845,0.11666238163307696,0.00791580591092611,3.077432207651805e-05,2.615456403270049e-08,True,200,246,247
BBOB_F37,10,2,34,248,3,3,True,104,104,13,13,3,0.020142010842888053,0.020142020092480034,0.0,0.0,8.025613628645512e-05,8.025997269470175e-05,1.1640326676412265,1.1634688097474903,0.002329275571752592,0.0023292710844356056,15.0,15,26.0,26,2.0,2,24.0,24,390,390,390.0,0.95,0.9994398743898333,1.0,398,0.00011006877051134776,0.1835034174627167,11.925519832102509,0.009004485666423534,3.4171303246906314e-05,2.6098426814983824e-08,True,200,247,248
BBOB_F37,10,2,35,251,4,3,True,107,107,20,20,4,0.03132965312367986,0.03132967538315201,0.0,0.0,0.0010890993020244585,0.0010890888341416206,0.29936001914709287,0.2996339167477052,0.0022820983548913877,0.002282099868495502,23.0,23,41.0,41,4.0,4,36.0,36,394,394,394.0,0.97,0.9999747881975924,1.0,398,0.00011693828318788885,0.1834877463374046,0.2344916587175021,0.01224469252366589,4.702525313663347e-05,2.5778537021914073e-08,True,200,250,251
BBOB_F37,10,2,36,255,3,3,True,101,101,7,7,3,0.03853031599753007,0.038530295867469755,0.0,0.0,0.01786090605242352,0.017860905749397027,-8.103491626245736,-8.105607544375038,0.002770801520240088,0.0027707887857749275,9.0,9,15.0,15,4.0,4,12.0,12,394,394,394.0,0.945,0.9999451226095813,1.0,398,7.130382726821346e-05,0.1834661938912002,1.020047513948498,0.011171800760678252,4.222560539823067e-05,2.552211615405472e-08,True,200,254,255
BBOB_F37,10,2,37,258,4,3,True,102,102,19,19,4,0.043028180086986216,0.043028167602782726,0.0,0.0,0.0,0.0,1.0945608851494164,1.0946093629063942,0.0028361313880558587,0.0028361282559765375,22.0,22,39.0,39,4.0,4,36.0,36,388,388,388.0,0.955,0.9998771591122116,1.0,398,0.00010015690008446445,0.18350117454928824,8.104151379775885,0.011865004535522417,4.555223739221008e-05,2.5345960363678342e-08,True,200,257,258
BBOB_F37,10,2,38,262,5,3,True,101,101,13,13,5,0.02634957545345673,0.02634951354993198,0.0,0.0,0.007355480122681224,0.007355493747154458,2.3808529415666193,2.3813480234828344,0.0031032370388555434,0.003103240486398822,15.0,15,26.0,26,4.0,4,24.0,24,388,388,388.0,0.955,0.9996481746024797,1.0,398,6.531531080477757e-05,0.18348968261975335,0.31838364352449844,0.009539720195988366,3.6305220516994055e-05,2.505479956791923e-08,True,200,261,262
BBOB_F37,10,2,39,267,4,3,True,109,109,25,25,4,0.023827054797712147,0.023827082210394958,0.0,0.0,0.0012286963849558715,0.0012286982849524777,-0.13260298540919457,-0.13256561005370512,0.006230606633523132,0.00623060930996281,27.0,27,50.0,50,12.0,12,48.0,48,392,392,392.0,0.945,0.9997794172887563,1.0,398,0.00014095097862027624,0.18349971677711097,0.3315163338020284,0.008979238977133264,3.4789262721817705e-05,2.4628374819195346e-08,True,200,266,267
BBOB_F37,10,2,40,271,5,3,True,106,108,25,25,5,0.025983016396960712,0.025983051080182562,0.0,0.0,0.0023900491217819925,0.002390048357477012,0.874514679838013,0.8744551532216918,0.0018421140586063571,0.0018421123771518064,29.0,29,48.0,48,2.0,2,48.0,48,394,394,394.0,0.925,0.9997041252482574,1.0,398,5.698656967848914e-05,0.1835034493091369,0.3727461875835161,0.0055612555515693884,2.1263633615198374e-05,2.384448224507813e-08,True,200,270,271
BBOB_F37,10,2,41,276,3,3,True,105,106,4,4,3,0.02927879313143872,0.029278764937246654,0.0,0.0,0.011582825805482998,0.011582844424509353,-10.915424995382663,-10.917283792197932,0.0033817477998665216,0.0033817279034505827,6.0,6,9.0,9,4.0,4,6.0,6,390,390,390.0,0.955,0.9998749944584497,1.0,398,0.00010607074654168063,0.1834951032112247,0.23704355842710356,0.009895298960259424,3.778259092880798e-05,2.018789528940578e-08,True,200,275,276
BBOB_F37,10,2,42,279,2,3,True,115,115,13,13,2,0.012782513348522373,0.012782489605680306,0.0006520888866947683,0.0006520988050302545,0.004907334354841571,0.004907340130697919,-3.3367848317646214,-3.3367260450855754,0.0015448172700402764,0.0015448198872314357,17.0,17,26.0,26,6.0,6,24.0,24,374,374,374.0,0.965,0.9998373621028322,1.0,398,7.838112256205085e-05,0.18350340375089993,0.1405287818239458,0.00804251596310479,3.117362289434918e-05,2.0072255013866503e-08,True,200,278,279
BBOB_F37,10,2,43,281,3,3,True,106,109,19,19,3,0.03129871032232748,0.03129873274213102,0.0,0.0,0.001070659484374169,0.0010706610924604554,-0.48533918796910136,-0.4850109213321142,0.0022024302719642255,0.0022024294463050547,25.0,25,37.0,37,8.0,8,36.0,36,380,378,380.0,0.96,0.9998680927802137,1.0,398,5.526608324664999e-05,0.1835004519675485,8.860122145544892,0.005093199724058195,1.9792872797133245e-05,1.999325825995926e-08,True,200,280,281
BBOB_F37,10,2,44,284,4,3,True,109,109,20,20,4,0.01751405316297089,0.017514071925318522,0.0,0.0,0.0018045401491029861,0.0018045443373818496,0.8542308398466272,0.8552639381758649,0.003313911130257589,0.0033139282037503905,22.0,22,37.0,37,14.0,14,38.0,38,382,382,382.0,0.95,0.9997026749032651,1.0,398,5.6074656773945944e-05,0.18350340789082312,0.30486724053184844,0.0055185000893942515,2.1694811232899835e-05,1.987906861499502e-08,True,200,283,284
BBOB_F37,10,2,45,288,3,3,True,98,105,10,10,3,0.029469648308725817,0.029469643430715974,0.0,0.0,0.0050536329277359685,0.005053626504865816,0.7957409632577352,0.7956771145751018,0.008946515973689671,0.008946514926510819,12.0,12,22.0,22,6.0,6,18.0,18,398,398,398.0,0.95,0.9994275370406229,1.0,398,7.149477102699823e-05,0.1835027333697941,0.16206038466566497,0.0062661588950163605,2.398622604219174e-05,1.97278188782017e-08,True,200,287,288
BBOB_F37,10,2,46,291,6,3,True,108,110,15,15,6,0.05236545374122406,0.05236546333333657,0.0,0.0,0.0012629279356031753,0.0012629331238727115,0.21930518667389443,0.21892638846944926,0.005872963591789954,0.005872964450939281,17.0,17,31.0,31,4.0,4,28.0,28,392,390,392.0,0.925,0.9997347546696895,1.0,398,4.697729525964175e-05,0.18349364026862613,6.458575973732422,0.0047640451866186595,1.8182241286829428e-05,1.960175667790312e-08,True,200,290,291
BBOB_F37,10,2,47,297,3,3,True,108,109,8,8,3,0.013029481503941065,0.013029481197452786,0.00028786969440419696,0.00028786043986556153,0.004238288092827558,0.004238280920432241,-4.514640390158185,-4.513507718885018,0.018477708303722702,0.018477723666856283,10.0,10,17.0,17,4.0,4,14.0,14,386,386,386.0,0.96,0.999779704944733,1.0,398,4.697316563838166e-05,0.18350282612769164,0.405973260352539,0.004864990164264782,1.8586590561317904e-05,1.9342312424552685e-08,True,200,296,297
BBOB_F37,10,2,48,300,2,3,True,104,107,8,8,2,0.02094560735315787,0.020945596783799925,0.0,0.0,0.006837767154856511,0.006837761827033384,-2.391832633738522,-2.394277304170723,0.010783319937572483,0.01078331020243577,10.0,10,18.0,18,4.0,4,14.0,14,394,394,394.0,0.935,0.9985085681343862,1.0,398,0.00010923396359954673,0.18348505346468047,0.438011992451095,0.009388266079625396,3.6508041679881094e-05,1.9220292699506807e-08,True,200,299,300
BBOB_F37,10,2,49,302,3,3,True,116,118,10,10,3,0.049222778830273484,0.04922277048085677,0.0,0.0,0.010611097029951347,0.010611100029274761,-1.9149878442657915,-1.9141467877094396,0.007518518813020003,0.007518531128493164,13.0,13,20.0,20,8.0,8,18.0,18,394,394,394.0,0.925,0.9989441361209402,1.0,398,5.118307833305793e-05,0.18350429223955933,12.978365849273814,0.004488502243944481,1.7283972326884068e-05,1.914763950349831e-08,True,200,301,302
BBOB_F37,10,2,50,305,3,3,True,125,125,7,7,3,0.02318440102139733,0.023184444327082873,0.0022846516939353245,0.0022846180973456476,0.006686067306898025,0.00668608841988666,-1.4583631082675534,-1.4575034028652356,0.00927012218336379,0.009270121316255731,9.0,9,15.0,15,4.0,4,12.0,12,388,388,388.0,0.97,0.9999088969197067,1.0,398,6.230739697052977e-05,0.18350876199426328,0.17401106792283372,0.00514092887510742,1.973186515585379e-05,1.903318133765665e-08,True,200,304,305
BBOB_F49,10,2,1,109,8,3,True,116,116,35,38,9,0.03376752334164018,0.03376752503826752,0.0,0.0,0.0036585868313014913,0.001955928375953188,0.3277320037755693,0.3213480929045779,0.050613008827056556,0.0506253701531687,38.0,41,72.0,78,8.0,10,66.0,72,394,394,394.0,0.325,0.9970268033172682,1.0,398,0.15710207399428613,0.187061727685355,61.77006569674384,2.2115680197688334,0.0328426178668634,0.0018529798902392916,True,200,108,109
BBOB_F49,10,2,2,117,7,3,True,114,114,40,41,7,0.04725622445456579,0.047256225827218445,0.0,0.0,0.004117863099516089,0.004030882082097675,-0.6578515874187243,-0.5613421464458846,0.03953959789666886,0.0399450904219935,42.0,43,79.0,81,8.0,6,78.0,80,392,390,392.0,0.47,0.9981331941528063,1.0,398,0.027359198561189305,0.17599733716697238,32.946706777398894,0.5366900820745251,0.009018951895427013,5.540157320395652e-06,True,200,116,117
BBOB_F49,10,2,3,124,7,3,True,123,124,17,20,3,0.021632389987438105,0.02163239780305437,0.0,0.0,0.007806987291589351,0.004405827302336518,0.7573795355996484,0.7404289590872901,0.05345021079419802,0.046718238148619834,21.0,22,35.0,42,2.0,4,32.0,38,376,380,376.0,0.32,0.9856970598562171,1.0,398,0.04783007702053402,0.21524349017925049,48.688453104695824,1.0216612007055446,0.013261032267753783,4.943568718566704e-06,True,200,123,124
BBOB_F49,10,2,4,131,5,3,True,112,112,29,29,6,0.026267671402015802,0.02626768240320987,0.0,0.0,0.008834378278848476,0.00747847536678567,0.9725307538723662,0.9767054517436963,0.024260996590778537,0.02426178374150783,33.0,33,57.0,57,10.0,8,56.0,56,374,382,374.0,0.395,0.9956846654703304,1.0,398,0.017310291371417236,0.17526602204459027,30.3602900615507,0.5127227149278752,0.006853450435173452,1.863937802727313e-06,True,200,130,131
BBOB_F49,10,2,5,136,2,3,True,111,111,14,15,2,0.038536230083550116,0.038536255677241504,0.00036750313178228466,0.00036750969089112406,0.007312935306213381,0.00790803262374018,0.1131886046501922,0.12904822848426062,0.09109197791492692,0.0888505547245739,18.0,19,28.0,30,4.0,4,26.0,28,386,386,386.0,0.465,0.9871482391872036,1.0,398,0.01728474696578097,0.181068682349168,35.112343246831514,0.5295895398256434,0.007285225058385273,1.4405930399822606e-06,True,200,135,136
BBOB_F49,10,2,6,138,2,3,True,92,92,9,8,3,0.04042358357762096,0.04042357500493188,0.0,0.0,0.004647038641595019,0.004195313324199013,0.0015821082016262977,-0.12233705424133937,0.00357657170273898,0.004490822168997521,11.0,10,19.0,18,4.0,2,14.0,12,382,378,382.0,0.515,0.9936442913973033,1.0,398,0.019616132466018937,0.18607963145055398,34.892491473544055,0.5302608391327226,0.006964291247920571,1.3723489368742897e-06,True,200,137,138
BBOB_F49,10,2,7,140,5,3,True,115,115,19,19,5,0.04215598430604539,0.04215596367170382,0.0,0.0,0.006641110216726873,0.006641113345969783,0.4871325842822962,0.5091072811322539,0.006914376813592555,0.0069168146506195325,24.0,23,39.0,39,6.0,8,36.0,36,390,390,390.0,0.56,0.9978860594689899,1.0,398,0.014572551411132336,0.1761538286558872,20.626273555628934,0.22227083797859848,0.0029861402745701335,1.3546902382000928e-06,True,200,139,140
BBOB_F49,10,2,8,145,5,3,True,119,119,13,13,5,0.04891021835330026,0.048910217800211445,0.0,0.0,0.0021093484485077557,0.0021093562214493143,0.8926852248714781,0.8918913697610265,0.008591395917767487,0.008591331781394337,15.0,15,27.0,27,4.0,4,24.0,24,382,382,382.0,0.48,0.9888864232309247,1.0,398,0.008091078412725071,0.1832654454861308,14.390805160233228,0.17495722169512185,0.00227414119702181,1.2509529329836595e-06,True,200,144,145
BBOB_F49,10,2,9,150,3,3,True,105,105,19,18,3,0.03225045645221153,0.03225047294950967,0.0,0.0,0.005117471283884734,0.004950378922655341,0.8703009013527971,0.7727064900253395,0.009555713403505639,0.009675427462126497,24.0,23,39.0,37,10.0,8,36.0,34,380,380,380.0,0.34,0.9915544966890992,1.0,398,0.017276350160906714,0.1835061216222967,30.624695915524967,0.38047994325393475,0.00481218905637445,1.1275407592844556e-06,True,200,149,150
BBOB_F49,10,2,10,153,2,3,True,98,98,13,13,2,0.04173167646523546,0.04173166609718865,0.0,0.0,0.008094375640204777,0.00809436502904206,0.9693624131973149,0.9404497606396169,0.015098117938170789,0.015097306057068617,15.0,15,27.0,27,4.0,4,24.0,24,356,356,356.0,0.32,0.9919471460940816,1.0,398,0.009426958094421196,0.18240733992975838,18.851428509823435,0.2461941009006523,0.0031536022660062354,1.0940721277925874e-06,True,200,152,153
BBOB_F49,10,2,11,155,3,3,True,120,120,18,17,3,0.01958249464489864,0.019582507151021333,0.0016838708225316301,0.002424511464965348,0.007266496676197498,0.007343608575188121,1.083253556997514,1.105161015350093,0.01152708173547348,0.012686496697906948,23.0,22,37.0,35,6.0,6,34.0,32,384,384,384.0,0.45,0.9944145036104366,1.0,398,0.006787424744925524,0.18283037405784283,21.583675921835194,0.22479451531301464,0.002851366392630013,1.0784378673323698e-06,True,200,154,155
BBOB_F49,10,2,12,158,3,3,True,99,99,19,20,4,0.02258590411681244,0.022585894597971612,0.0,0.0,0.007556131375148406,0.00754080067010557,0.890649547904335,0.8600049847448683,0.010812092369660582,0.010197867556849802,24.0,25,38.0,40,4.0,4,36.0,38,388,388,388.0,0.43,0.9949042553402164,1.0,398,0.004884085496748502,0.18488376909180881,27.64836601103617,0.20914286718799957,0.0026805837456663232,1.060547252026676e-06,True,200,157,158
BBOB_F49,10,2,13,161,5,3,True,122,122,28,29,5,0.01654847248843455,0.016548471367981377,0.0,0.0,0.006139679175989642,0.0061212116194142435,0.9286058820178713,0.9065595819441231,0.007123807752511151,0.006888689440739925,31.0,32,53.0,54,4.0,6,54.0,56,396,396,396.0,0.46,0.9951069225460897,1.0,398,0.003074116214005835,0.1838807894199113,23.881915773840355,0.07664992534600401,0.0009861543059411565,1.0420483607271081e-06,True,200,160,161
BBOB_F49,10,2,14,166,4,3,True,108,108,14,14,4,0.0471237504579689,0.04712374921533782,0.0,0.0,0.0059997728400788125,0.005999766764158379,-5.931386251142385,-5.8991955262039095,0.0466971699223083,0.04669843916657501,17.0,17,29.0,29,6.0,6,26.0,26,386,386,386.0,0.86,0.9998984242483426,1.0,398,0.0037689577731100645,0.18605091546976665,27.664596637896096,0.22659500058784054,0.0028973965185645698,1.0151409434177744e-06,True,200,165,166
BBOB_F49,10,2,15,170,2,3,True,111,111,14,14,2,0.03628499080943575,0.036284988515277866,0.0,0.0,0.006678155370831409,0.006678153222008241,-1.7371053830748462,-1.7418585399720876,0.027959094376810243,0.027958940914199697,16.0,16,29.0,29,4.0,4,26.0,26,376,376,376.0,0.82,0.9998334653478725,1.0,398,0.0098199536940036,0.17921588529651566,8.687870592661923,0.17965228825619306,0.0022565915220948865,9.851207678151681e-07,True,200,169,170
BBOB_F49,10,2,16,172,3,3,True,107,107,13,13,3,0.03239307691882745,0.03239308312499398,0.001090584743363876,0.001090554532094834,0.0035374112625970455,0.003537421217449488,-0.740109953002845,-0.737585047370475,0.019453810140603087,0.019453783157582234,15.0,15,26.0,26,6.0,6,24.0,24,374,374,374.0,0.765,0.9998460541422102,1.0,398,0.002344602752288203,0.18388068250480916,24.19189406924697,0.056302055790297345,0.0006778280761586793,7.445356153382756e-07,True,200,171,172
BBOB_F49,10,2,17,175,3,3,True,108,108,13,13,3,0.027903940173222064,0.027903946870709684,0.0004329448317660911,0.00043294872268898055,0.0059583492313255715,0.005958326941501446,-0.7843257453238177,-0.7897633472099597,0.020072357432606068,0.020072216579030026,15.0,15,27.0,27,2.0,2,24.0,24,394,394,394.0,0.75,0.9994080452483725,1.0,398,0.00923634169041832,0.18131176136210905,31.77808098253388,0.0974805512573198,0.001160140876527094,5.659005474911799e-07,True,200,174,175
BBOB_F49,10,2,18,178,3,3,True,100,100,9,9,3,0.023368418427429705,0.023368413011459088,0.0030501879835753143,0.0030502054130183698,0.009722824921544304,0.009722834524634683,0.12354438676334922,0.12283971257544199,0.015402954027270996,0.015402939418665688,12.0,12,19.0,19,0.0,0,16.0,16,386,386,386.0,0.675,0.999673410664802,1.0,398,0.0058984482883361125,0.18413066738339934,17.66823596727602,0.08517546912054286,0.0009959324647029531,5.211891074073775e-07,True,200,177,178
BBOB_F49,10,2,19,181,5,3,True,89,91,13,13,5,0.08600792383526817,0.08600793098100398,0.0026687002463296403,0.002668703868790581,0.009496130913595927,0.008787300564210704,1.3231878123493281,1.3234425908408742,0.009127214076966515,0.00912722105505522,15.0,15,27.0,27,2.0,2,24.0,24,396,396,396.0,0.73,0.999610544337238,1.0,398,0.0030055833153065613,0.18444378456962268,25.07580137135369,0.07243208638743681,0.0008397353329842484,5.147553250184872e-07,True,200,180,181
BBOB_F49,10,2,20,186,3,3,True,103,103,10,10,3,0.02925173861723679,0.029251755468413576,0.0,0.0,0.00764854014587461,0.007648534917881988,-2.7272588238084428,-2.7266644733081105,0.03450323445056282,0.034503192852045575,12.0,12,21.0,21,4.0,4,18.0,18,368,370,368.0,0.275,0.9607284845318866,1.0,398,0.015770069859287854,0.18353683568169799,30.823290663032722,0.21615661572981537,0.0026111780849800053,3.1261205048828815e-07,True,200,185,186
BBOB_F49,10,2,21,189,2,3,True,109,109,2,2,2,0.01761855619683672,0.017618558451046706,0.012128020097478584,0.012128018007046104,0.014873288147157653,0.014873288229046405,-2.519276028023844,-2.5205157284929376,0.015092798629130526,0.015092753898542196,4.0,4,5.0,5,2.0,2,2.0,2,396,396,396.0,0.71,0.9996778395355488,1.0,398,0.004012967751460936,0.18406858178455435,14.634358341302146,0.076969682925494,0.0008779068986946559,2.6181671723267815e-07,True,200,188,189
BBOB_F49,10,2,22,191,4,3,True,97,97,10,10,4,0.03682350901367969,0.03682351258716162,0.0,0.0,0.01058053566543396,0.010580544354777205,-1.9845144067907796,-1.9859807876855462,0.021248832886646255,0.021248865160854516,14.0,14,21.0,21,6.0,6,18.0,18,380,380,380.0,0.65,0.9996086913385906,1.0,398,0.004462245273227044,0.18272073574620756,30.58483931460532,0.08090095217614746,0.0009274613402043075,2.1416364790981707e-07,True,200,190,191
BBOB_F49,10,2,23,195,3,3,True,105,105,24,24,3,0.028661115338728727,0.028661147244333218,0.0,0.0,0.002990161603124264,0.0029901645661947196,-0.6507561943907163,-0.6502870658474422,0.01286106450731302,0.01286130069400899,27.0,27,49.0,49,10.0,10,46.0,46,396,396,396.0,0.795,0.9998928549547659,1.0,398,0.004554542697457855,0.18304870987178135,13.900040078516597,0.08718526705921192,0.0010451737568666455,1.9780271868450138e-07,True,200,194,195
BBOB_F49,10,2,24,198,3,3,True,104,104,9,9,3,0.036817776113348334,0.036817768191727704,0.0,0.0,0.003407274007357774,0.0034072740256001367,0.08223449792852477,0.08256146263814661,0.013180139124933847,0.01318016572517982,11.0,11,19.0,19,4.0,4,16.0,16,376,374,376.0,0.705,0.9997043224299532,1.0,398,0.004418927705962022,0.1830411719514486,35.29414072686649,0.06988267704824835,0.0008357752599637847,1.853536441670644e-07,True,200,197,198
BBOB_F49,10,2,25,201,5,3,True,98,98,11,11,5,0.0251866774393312,0.025186681215461748,0.0,0.0,0.012180791640458617,0.012180798386546721,-0.2888363152115776,-0.2850641147571529,0.01973650291712123,0.0197365652068891,13.0,13,22.0,22,4.0,4,20.0,20,374,374,374.0,0.79,0.9997936965989932,1.0,398,0.007272197695959841,0.18107048518320445,15.38210807218212,0.06686282289326684,0.0005733341503642818,1.7572456730118407e-07,True,200,200,201
BBOB_F49,10,2,26,206,2,3,True,107,107,6,6,2,0.014164246797332358,0.014164251841751779,0.0,0.0,0.010644888225109256,0.010644880048679445,-5.6933415815993875,-5.694349168996524,0.007590794179995741,0.0075907895226975,8.0,8,13.0,13,6.0,6,10.0,10,382,382,382.0,0.86,0.9999082977746732,1.0,398,0.0008198503434203783,0.1834053749417605,20.414453658861902,0.08716614820406932,0.0009512459988930325,1.5729042124407127e-07,True,200,205,206
BBOB_F49,10,2,27,208,2,3,True,91,91,12,12,2,0.045179795236807374,0.045179788415438904,0.0,0.0,0.0015486701593429757,0.001548667178750105,-2.457197713115603,-2.4581318621842314,0.005996634920029123,0.005996734495641075,15.0,15,25.0,25,8.0,8,22.0,22,392,392,392.0,0.775,0.999841418305234,1.0,398,0.002221174986250125,0.1839070869877833,7.192213053290004,0.05090169256845911,0.0004605226490640667,1.5536500762242516e-07,True,200,207,208
BBOB_F49,10,2,28,210,4,3,True,113,113,33,33,4,0.028743615694655555,0.02874366292091024,0.0,0.0,0.0057545343321731,0.005754504515288805,-0.31091107934678064,-0.3115947617264527,0.0040982695198272055,0.004098383170639912,42.0,42,64.0,64,10.0,10,64.0,64,378,378,378.0,0.775,0.9998397392265208,1.0,398,0.0021417429969329063,0.1838482160315204,27.211267837111635,0.03656574036619986,0.0004001757528318866,1.5117016519605892e-07,True,200,209,210
BBOB_F49,10,2,29,214,5,3,True,105,105,12,12,5,0.04307491692299181,0.0430749463325969,0.0,0.0,0.0039033934054664293,0.0039033404354193654,-1.4067854166769305,-1.4016649903647584,0.01011659816247323,0.010116849119366382,15.0,15,24.0,24,4.0,4,22.0,22,382,382,382.0,0.88,0.9999227466962924,1.0,398,0.0035659329560051452,0.18366371210856347,3.640782349723679,0.03239298758573028,0.00032331177691123625,1.4839088745322656e-07,True,200,213,214
BBOB_F49,10,2,30,219,2,3,True,89,89,8,8,2,0.049484633130594924,0.04948461666148379,0.0,0.0,0.007441532035850754,0.007441546236732767,-12.208952491686306,-12.228758921114274,0.019338674638914106,0.01933844198488406,10.0,10,17.0,17,4.0,4,14.0,14,338,338,338.0,0.96,0.9999765212201567,1.0,398,0.0006509395678822444,0.18308831316082474,3.1704449358130944,0.03445912261747708,0.0004332574873050803,1.2839334049421574e-07,True,200,218,219
BBOB_F49,10,2,31,221,3,3,True,62,62,5,5,3,0.06047539921896916,0.060475401524362676,0.0009599247415867929,0.000959949269441096,0.047820880594760945,0.047820866914073876,-5.805271146854162,-5.805141097151665,0.011029455327531208,0.011029455802977983,7.0,7,11.0,11,2.0,2,8.0,8,354,354,354.0,0.945,0.9999850682481977,1.0,398,0.0004917635747146792,0.1835724463470225,2.55360433060261,0.015231644863348492,0.0001463549777733235,1.2608234941718302e-07,True,200,220,221
BBOB_F49,10,2,32,224,5,3,True,111,111,8,8,5,0.05738965714488109,0.05738959969436708,0.0018690096571333525,0.0018690028211070797,0.011239194083668719,0.0112391933815391,-0.95355797920495,-0.9725764188752519,0.006196969108043445,0.006196970556655005,10.0,10,17.0,17,2.0,2,14.0,14,392,392,392.0,0.915,0.999976118707294,1.0,398,0.003993896247702537,0.18411004952036397,12.852692029327585,0.030012531174790524,0.00036102132924027686,1.208351947602256e-07,True,200,223,224
BBOB_F49,10,2,33,229,4,3,True,107,107,8,8,4,0.02692952265791454,0.026929487116694906,0.0018146884165627375,0.0018146867841875025,0.008156234902296111,0.008156249350832118,-0.701657999319842,-0.7017225432633489,0.006126467472662386,0.006126479261560426,11.0,11,16.0,16,2.0,2,14.0,14,390,390,390.0,0.945,0.9999896007806472,1.0,398,0.001191629055454677,0.18357506414079713,6.001965848310533,0.013114071788528747,0.00014483515518627142,1.1094915668422991e-07,True,200,228,229
BBOB_F49,10,2,34,233,3,3,True,61,61,14,14,3,0.06644917078443587,0.0664491599092949,0.0,0.0,0.004940266027624212,0.004940272908246583,0.39965798835083355,0.3995396395116528,0.010792062322852744,0.010792057121613768,16.0,16,29.0,29,4.0,4,26.0,26,390,390,390.0,0.905,0.9999560654659021,1.0,398,0.0006488889038271987,0.1835716262697608,5.48596139441409,0.012563622541904351,0.00012440124372696656,1.095159542537514e-07,True,200,232,233
BBOB_F49,10,2,35,236,5,3,True,108,108,9,9,5,0.02451735406085473,0.024517358313640436,0.0,0.0,0.0045023501659708694,0.004502350078692949,-0.4806813829981973,-0.48103170521055677,0.016229243364953017,0.016229287991168417,11.0,12,17.0,17,4.0,4,16.0,16,380,380,380.0,0.855,0.999942744140826,1.0,398,0.0012719478495378043,0.18339841676199248,7.650758322255626,0.018510014116962736,0.00018282492823369962,1.0821231386416657e-07,True,200,235,236
BBOB_F49,10,2,36,241,3,3,True,101,101,19,19,3,0.023043834683021736,0.023043856640760862,0.0,0.0,0.00039798660989806556,0.0003979955298425847,-0.1051655919792136,-0.10378780374363204,0.0092934987721,0.009293504086839492,23.0,23,39.0,39,8.0,8,36.0,36,394,394,394.0,0.865,0.9999296631990479,1.0,398,0.0015207991689790026,0.18356084638214934,1.7571493929187056,0.015067030862510933,0.00014262854081966746,1.054824859310007e-07,True,200,240,241
BBOB_F49,10,2,37,244,4,3,True,85,85,14,14,4,0.052387862244263034,0.05238785465729359,0.0,0.0,0.007281317611733701,0.007281312841477004,-0.37190037734387893,-0.37090824312260595,0.013999181355914466,0.01399918759331396,17.0,17,27.0,27,8.0,8,26.0,26,394,394,394.0,0.91,0.9999489660362183,1.0,398,0.0023447068443442597,0.18394119809059534,1.5621147796365022,0.020432106190639843,0.00019697137801489892,1.046323053158784e-07,True,200,243,244
BBOB_F49,10,2,38,248,6,3,True,97,97,20,20,6,0.028017357470094872,0.028017371048846412,0.0,0.0,0.008608306548820804,0.008608317370034091,0.003703141739636706,0.004041673877607805,0.01061939833911651,0.010619420612517617,23.0,23,41.0,41,2.0,2,38.0,38,386,386,386.0,0.92,0.9999550143256486,1.0,398,0.000695202884320539,0.1835404500396124,12.543462352551899,0.0068186673338264114,6.671879818625767e-05,1.0333511129040925e-07,True,200,247,248
BBOB_F49,10,2,39,254,3,3,True,97,97,10,10,3,0.03818882631023618,0.03818882483756508,0.0,0.0,0.0062156283988637345,0.006215632642454692,-0.2689501765461877,-0.2686429993491583,0.006249105532351036,0.006249088265311353,12.0,12,21.0,21,4.0,4,18.0,18,384,384,384.0,0.885,0.999963548406057,1.0,398,0.000503011421957013,0.18350433310945308,1.1744766492583807,0.007792577141163992,7.636317868184932e-05,9.514207556883416e-08,True,200,253,254
BBOB_F49,10,2,40,257,6,3,True,102,102,16,16,6,0.024715242709039353,0.024715252104228147,0.0,0.0,0.0036260046402358803,0.0036260040255443222,0.30511011540218647,0.31660310170867184,0.00669423479538826,0.00669424874259974,18.0,18,32.0,32,6.0,6,30.0,30,382,382,382.0,0.87,0.9998044683712876,1.0,398,0.0003087313368543877,0.18350341010701754,8.874765310496144,0.00622615034862406,5.9024327245676225e-05,9.238170443736942e-08,True,200,256,257
BBOB_F49,10,2,41,263,3,3,True,99,99,7,7,3,0.02197547397638569,0.021975467477680782,0.00033615622900023956,0.0003361767395386739,0.006615210838046837,0.006615221689258932,-1.3054275982707448,-1.304900111952025,0.010735865503187666,0.010735875667589467,10.0,10,14.0,14,4.0,4,12.0,12,376,376,376.0,0.95,0.9999709226876506,1.0,398,0.0003938423034762279,0.1835776459543505,1.1072867448538375,0.00948219273603712,9.257435836551788e-05,2.47215815165947e-08,True,200,262,263
BBOB_F49,10,2,42,266,5,3,True,110,110,7,7,5,0.027414802986925613,0.027414823486226758,8.526504187533757e-06,8.522875751124787e-06,0.007246657038775223,0.007246662506048662,-0.6577171402362403,-0.6577282713551654,0.005813618009120552,0.005813594535649326,9.0,9,14.0,14,4.0,4,12.0,12,372,372,372.0,0.93,0.9999411057417176,1.0,398,0.0005228990918238273,0.18351059902776873,17.733380310474473,0.009731491491081101,9.045989586005465e-05,2.338568784340249e-08,True,200,265,266
BBOB_F49,10,2,43,271,4,3,True,106,106,11,11,4,0.04238807083150969,0.042388058208296844,0.0006557185194342209,0.000655713633581253,0.010846093499780607,0.010846098965027487,-0.7422623355252718,-0.7422761598968196,0.005253220249488817,0.005253216209911878,13.0,13,23.0,23,4.0,4,20.0,20,390,390,390.0,0.825,0.9992760346853586,1.0,398,0.00024006137509528742,0.18348776797447316,14.081765904253302,0.005638098741314934,5.282194787807115e-05,1.7870162930502045e-08,True,200,270,271
BBOB_F49,10,2,44,275,2,3,True,91,91,7,7,2,0.04925537314142603,0.04925539008206825,0.0002395772098814919,0.00023958690294273444,0.008631634538735389,0.008631672609509089,-2.4693512974407135,-2.4720249827261322,0.004420805813907722,0.004420810227063935,10.0,10,15.0,15,2.0,2,12.0,12,350,350,350.0,0.965,0.9999631586235119,1.0,398,0.000696178366546268,0.18333609976222098,2.5563082352932156,0.012875948680864724,0.00012926081724344354,1.6179286828472153e-08,True,200,274,275
BBOB_F49,10,2,45,277,5,3,True,94,94,13,13,5,0.055937965177147775,0.05593796513589028,0.0,0.0,0.004514423594744389,0.004514426621361135,-0.5458545202050491,-0.5463909931383242,0.004468124611793647,0.004468102371457833,17.0,17,26.0,26,2.0,2,24.0,24,390,390,390.0,0.94,0.9999817912128784,1.0,398,0.0006368882742448873,0.18353712020642443,1.217009992457605,0.009031672462491258,8.922432365817528e-05,1.6103291515075728e-08,True,200,276,277
BBOB_F49,10,2,46,282,4,3,True,91,91,13,13,4,0.019902283438860136,0.019902304479584187,0.0,0.0,0.005109721167372183,0.0051097227033722326,-0.24371228679342316,-0.2444951097821784,0.006965662105394402,0.006965679966526557,15.0,15,27.0,27,6.0,6,24.0,24,386,386,386.0,0.855,0.9999387245076377,1.0,398,0.0007062354799435224,0.18343434963204422,6.896733847474678,0.009893402024474085,9.615986121753179e-05,1.5531621701624626e-08,True,200,281,282
BBOB_F49,10,2,47,286,7,3,True,113,113,22,22,7,0.02806007138867217,0.02806006854286347,0.0,0.0,0.0018659343787395533,0.0018658981320907042,0.20734254677508446,0.20871015021670303,0.005645052437887174,0.005645061125600502,25.0,25,45.0,45,4.0,4,42.0,42,376,376,376.0,0.915,0.9999374775214538,1.0,398,0.0007428022145899052,0.18350343887838158,1.7677665838840682,0.0069125902554389995,6.664355569200697e-05,1.5114483803864592e-08,True,200,285,286
BBOB_F49,10,2,48,293,5,3,True,106,106,37,37,5,0.05597158732880114,0.05597158653677853,0.0,0.0,0.0001307545061565163,0.00013070183518326672,0.07105866336800659,0.0707443702776064,0.007443831928007737,0.007443830432079104,45.0,45,73.0,73,6.0,6,70.0,70,378,378,378.0,0.975,0.9999366963063767,1.0,398,0.00039845143901347946,0.1835952859626709,1.0712951053860564,0.004775938747906938,6.26286699343701e-05,1.4257180617901914e-08,True,200,292,293
BBOB_F49,10,2,49,298,3,3,True,98,98,12,12,3,0.03920189166462973,0.03920186342391113,0.0,0.0,0.0,0.0,-0.8190112949645574,-0.8215169859682327,0.009457284353425771,0.009457275908581895,15.0,15,26.0,26,8.0,8,22.0,22,398,398,398.0,0.935,0.9995205781287779,1.0,398,0.0002279255724283953,0.18348524632336857,0.4741970493642498,0.0034944252374273788,4.486428081618392e-05,1.397741910013522e-08,True,200,297,298
BBOB_F49,10,2,50,301,3,3,True,100,100,17,17,3,0.034770564437254736,0.03477055640962834,0.0,0.0,0.002014181543521787,0.002014189625033469,0.7973528208172489,0.7969741207736227,0.005050557187938565,0.00505054688487477,20.0,20,33.0,33,2.0,2,32.0,32,382,382,382.0,0.98,0.9998769125143749,1.0,398,0.0002642742487514783,0.18350927133831305,9.324771896907606,0.003430788834435816,3.7759723142646914e-05,1.3826121644495102e-08,True,200,300,301
BBOB_F49,10,2,51,304,4,3,True,107,107,18,18,4,0.038801822530123764,0.038801794696175784,0.0,0.0,0.004826139383718633,0.004826150902631471,0.33724491485659946,0.33727245077716245,0.004627144031398061,0.0046271272422949775,21.0,21,34.0,34,8.0,8,30.0,30,384,384,384.0,0.9,0.9997231252521434,1.0,398,0.0003317290362679642,0.18347116943319125,10.886570098810921,0.004519572480830902,4.590211881565782e-05,1.374052950144372e-08,True,200,303,304
BBOB_F5,10,2,1,109,11,3,True,105,105,79,80,10,0.05271815976095018,0.052718166097935316,0.0,0.0,0.0030822477900512846,0.003051393504479097,-2.957765426907324,-3.160007895064994,0.16596148514556527,0.16590411094452878,81.0,82,159.0,161,24.0,26,156.0,158,398,398,398.0,0.645,0.9995332131270422,1.0,398,0.04787477108434589,0.14450807168206575,66.57197471382074,3.712121687933756,0.010438973245584505,0.0016457535478788701,True,200,108,109
BBOB_F5,10,2,2,120,5,3,True,113,113,19,18,6,0.013548274530679305,0.013548274720346231,0.0001121591408842007,0.00011216139819273524,0.0069209968301865155,0.006866007353504448,0.16886750193353173,-0.040502180007833344,0.037971387585251586,0.037925159614829645,21.0,20,38.0,36,6.0,4,36.0,34,392,392,392.0,0.6,0.9996923732516492,1.0,398,0.0050101421775759405,0.1856149910255087,25.913926926681825,0.2525179564467521,0.0009821418230103645,2.5100486662809918e-05,True,200,119,120
BBOB_F5,10,2,3,125,3,3,True,127,127,12,12,3,0.01784939332913099,0.017849421804027377,3.271681545000127e-06,3.2709520527002267e-06,0.006892146609201656,0.006892141296460659,0.6409823886728798,0.6389645393879655,0.03165623922644889,0.031656064846153235,14.0,14,25.0,25,8.0,8,22.0,22,376,376,376.0,0.675,0.9993896628694221,1.0,398,0.002362780015474666,0.18383732736688801,5.285343698781389,0.06409847551522674,0.00024698363197303655,2.450123435169188e-05,True,200,124,125
BBOB_F5,10,2,4,128,4,3,True,131,131,13,13,4,0.01950731452378196,0.019507268466714134,0.0019813153629832207,0.0019813085982263896,0.007050804868925009,0.007050787615376072,0.8297088307176335,0.826435232333361,0.027406246422764114,0.027405509489084705,16.0,16,26.0,26,4.0,4,22.0,22,386,386,386.0,0.46,0.9992505223689072,1.0,398,0.0026170958770904817,0.18533193572158063,4.140104822242506,0.07442072886214701,0.0002945223058762482,1.5352559427517126e-05,True,200,127,128
BBOB_F5,10,2,5,132,3,3,True,134,136,16,16,3,0.013884236171540075,0.013884241685923532,0.0,0.0,0.00654681216425787,0.00654682701407909,0.9173354676413972,0.9161926278441258,0.01682541277378631,0.016824882103234972,18.0,18,34.0,33,4.0,4,30.0,30,372,370,372.0,0.6,0.9990035433779981,1.0,398,0.0027349648072736888,0.1856400587568618,4.610456591909042,0.06420476773780681,0.00027244838589725995,1.1120830807367447e-05,True,200,131,132
BBOB_F5,10,2,6,135,2,3,True,136,138,18,18,2,0.014867007412070143,0.014867047812647916,0.00036178364505462524,0.000361774073063037,0.008967640897708814,0.008967635326915867,0.8243846115084548,0.8197951818201191,0.024243830773427916,0.02424367105187487,20.0,20,34.0,34,4.0,4,34.0,34,392,392,392.0,0.635,0.9993141406315651,1.0,398,0.0024242531636943605,0.18548281349136295,3.7128945573824694,0.07965372102118184,0.0003736362915114876,6.616284516693663e-06,True,200,134,135
BBOB_F5,10,2,7,137,7,3,True,135,136,27,27,7,0.01520244893615258,0.015202457017216786,0.0,0.0,0.0059552446912106705,0.005955251226385586,0.898109947890962,0.897853454814148,0.016440942411877872,0.016440933217762885,32.0,32,55.0,55,4.0,4,52.0,52,380,380,380.0,0.725,0.9996439855522169,1.0,398,0.0025678491908472083,0.1854964485741632,2.950493366734918,0.0737343196751894,0.00034520288458548,3.9025390191790286e-06,True,200,136,137
BBOB_F5,10,2,8,144,6,3,True,141,144,13,12,6,0.019481619495911217,0.01884313194692342,0.001076677564971873,0.0010766623958065047,0.008432682923587842,0.008649037348861993,0.906060051919086,0.9369156006602816,0.01947668178454581,0.019574402153745826,15.0,14,27.0,25,4.0,2,24.0,22,390,390,390.0,0.73,0.9996250462623446,1.0,398,0.0017197518614856973,0.1848648718605743,3.3016641904266635,0.0624038257266486,0.0003045704504826583,1.745622261691752e-07,True,200,143,144
BBOB_F5,10,2,9,150,4,3,True,131,132,26,25,4,0.01397304562504395,0.013973039781813745,0.0,0.0,0.0056119849558318065,0.005174014154910436,1.0167703805856334,1.036917792244138,0.017391653475047193,0.01751558081954359,31.0,30,53.0,51,10.0,10,50.0,48,382,382,382.0,0.78,0.9997551013075817,1.0,398,0.0011951544522667908,0.18428549541967615,3.580350987610018,0.04554671016236256,0.0002354282430561202,1.2884217864190385e-07,True,200,149,150
BBOB_F5,10,2,10,154,4,3,True,127,127,5,5,4,0.015699515021185106,0.015699509622531235,0.0024000041981109277,0.002399986036214885,0.010148124266375902,0.010148165018875277,-1.9052947451014965,-1.904896549347462,0.018610538063622884,0.018610303225995172,7.0,7,11.0,11,2.0,2,8.0,8,392,392,392.0,0.805,0.9998129546939136,1.0,398,0.001581138865570545,0.18439204003393128,3.0519931536591685,0.05130501328165904,0.00026798486872277907,1.0613784195015312e-07,True,200,153,154
BBOB_F5,10,2,11,158,2,3,True,144,145,8,8,2,0.012971818362876263,0.01297181404471014,0.0,0.0,5.022521680180317e-05,5.022318585586223e-05,0.2767205327298399,0.27440929851941287,0.024960258965666563,0.024960062884068056,12.0,12,17.0,17,6.0,6,14.0,14,386,386,386.0,0.85,0.9999026086087394,1.0,398,0.001278787170871527,0.18437737950487104,2.7402765454335167,0.038578163565968104,0.0002034103023045857,8.407271491023263e-08,True,200,157,158
BBOB_F5,10,2,12,160,2,3,True,130,130,22,22,2,0.01873947574717305,0.01873947583983826,0.0008313010701243087,0.0008313152853580072,0.008164439423717113,0.008164448068692513,0.8562943207866027,0.8551079775326718,0.015340720455650589,0.015340523315101818,24.0,24,43.0,43,0.0,0,42.0,42,366,366,366.0,0.84,0.9998733602941565,1.0,398,0.0018734325372771238,0.184994384953899,4.730037538522083,0.04944320845667205,0.0002956877810692122,8.135692573904903e-08,True,200,159,160
BBOB_F5,10,2,13,162,3,3,True,133,136,8,8,3,0.016480602199938937,0.016480589860945305,0.0032949303490459603,0.003294923865830801,0.009097763688940011,0.009097763714347173,0.5799847865210843,0.5808773412753033,0.011440983164841998,0.011441077759321211,11.0,11,17.0,17,4.0,4,14.0,14,390,390,390.0,0.84,0.9997406118498495,1.0,398,0.0009916571020881833,0.183979277710624,2.367383905369479,0.031181793319319695,0.0001879696246075828,7.723180294187902e-08,True,200,161,162
BBOB_F5,10,2,14,165,2,3,True,134,139,16,16,2,0.013863510666702938,0.013863500111696625,4.624777421347037e-05,4.625844062722262e-05,0.0046688910027158775,0.004668892766511168,0.7517000573946007,0.7498897948366903,0.011101921884808482,0.011101753836608538,19.0,19,32.0,32,2.0,2,30.0,30,394,394,394.0,0.83,0.9997822822302653,1.0,398,0.0007606311628232552,0.1840471853325758,3.5924327926720707,0.030839847353561822,0.00018552958205882513,7.643432170879309e-08,True,200,164,165
BBOB_F5,10,2,15,167,5,3,True,142,144,21,25,6,0.01609135002741649,0.016091349717238662,0.0005814455029986426,0.0005814447433170611,0.007583690565812429,0.007532827263245445,0.91397728543064,0.95954370731848,0.00801358902613644,0.008027115785193774,24.0,28,42.0,49,8.0,8,40.0,48,382,382,382.0,0.815,0.9997581176630017,1.0,398,0.0007186478462394314,0.18384437173380447,1.4470401386797676,0.025220936871649613,0.00015388473092683698,7.398067175965781e-08,True,200,166,167
BBOB_F5,10,2,16,172,4,3,True,138,142,17,17,4,0.011841948417243148,0.011841927678692743,0.003693620738704828,0.0036936225800706657,0.005688294442458275,0.005688332554933284,0.7932074566058631,0.790695713484049,0.008777625948646074,0.008777218039631298,20.0,20,33.0,33,8.0,8,32.0,32,374,374,374.0,0.815,0.9998386035059381,1.0,398,0.0007494595937442128,0.18397836954959246,3.103541225674917,0.029373270987235856,0.00018346377959085737,7.225474448059496e-08,True,200,171,172
BBOB_F5,10,2,17,176,3,3,True,140,145,8,9,3,0.014907530508356803,0.01172315687275649,0.001494954858875297,0.00149498143640181,0.0073342216441112315,0.008539879027360149,0.7647374441210406,0.7994238092840742,0.008782164782821605,0.008166718549316115,10.0,11,17.0,19,2.0,4,14.0,16,394,394,394.0,0.87,0.9998195402644303,1.0,398,0.0008791546107366558,0.18406843190981925,2.4012610549327746,0.02575668761977301,0.0001621952990957328,7.11738446796427e-08,True,200,175,176
BBOB_F5,10,2,18,179,3,3,True,142,142,17,17,3,0.015490053538942228,0.015490018187615251,0.0001748142629056093,0.00017483331769507782,0.004801223797418153,0.004801222168144659,0.7651780586209185,0.7635205721544605,0.006777006293523281,0.006777085781382417,20.0,20,33.0,33,6.0,6,32.0,32,384,384,384.0,0.86,0.999908526670141,1.0,398,0.0007177903032645633,0.183809936040836,3.968530063069238,0.020649179981903742,0.00013075693597704762,7.042841212337395e-08,True,200,178,179
BBOB_F5,10,2,19,182,3,3,True,143,146,11,11,3,0.01138314828292411,0.011383150912436968,0.0019414038832090696,0.0019414116583155172,0.009565231005332436,0.0095652415091909,0.7257818026188687,0.7262576117225943,0.00811421016939836,0.00811416592171432,14.0,14,23.0,23,6.0,6,20.0,20,388,388,388.0,0.83,0.9996209698297428,1.0,398,0.0005331191137296441,0.18367105382188206,1.9848837039114642,0.013774173596673212,8.69448216081928e-05,6.969901097933885e-08,True,200,181,182
BBOB_F5,10,2,20,185,2,3,True,150,152,15,14,2,0.013909300812865677,0.01390930596718458,0.0,0.0,0.005364394685110518,0.0062298539454304705,0.8525861730069835,0.8529643390775388,0.006074192091384139,0.005863519364821944,19.0,18,30.0,28,8.0,6,26.0,24,388,388,388.0,0.84,0.999620331540815,1.0,398,0.00045956817094055245,0.18381359690420918,2.4526007959127583,0.012273362787652786,7.631295241408553e-05,6.909279242187399e-08,True,200,184,185
BBOB_F5,10,2,21,187,3,3,True,141,144,13,14,3,0.01405949229446879,0.014059501133707686,0.0007916295704939909,0.0007916283013016875,0.006208543423175561,0.006327639304449989,0.8876432431599266,0.8928969936250218,0.007512237045101996,0.007467578594716284,16.0,17,27.0,29,2.0,2,24.0,26,388,388,388.0,0.86,0.9998129974747214,1.0,398,0.00038033866365855056,0.18364990502346834,4.044644179613442,0.0166592113662265,0.00010417575159996559,6.74583646995764e-08,True,200,186,187
BBOB_F5,10,2,22,190,3,3,True,142,146,10,11,3,0.013400272472781694,0.013400297389254245,0.0010097712329560915,0.00041283670431918607,0.002569194009444345,0.002533087583008027,0.6523183908280252,0.7357881880530656,0.005681396638733332,0.006429406130958982,12.0,13,21.0,23,2.0,4,18.0,18,378,378,378.0,0.89,0.9998911477354708,1.0,398,0.0003888630459221048,0.1836617840787528,2.373788895140933,0.01371707002596878,8.771200977556013e-05,6.384106679691009e-08,True,200,189,190
BBOB_F5,10,2,23,193,5,3,True,142,142,18,18,5,0.014150185154521544,0.014150184403538046,0.0012172800369890779,0.0012172834393527725,0.0059111089179909905,0.005911122846202658,0.7343216775730141,0.7347798398773924,0.0061475296043002805,0.006147522096205515,22.0,22,35.0,35,6.0,6,34.0,34,392,392,392.0,0.855,0.9996122988483322,1.0,398,0.00041282722048622227,0.1836086299654045,1.8247539543958737,0.012410265088551586,7.838001228949171e-05,6.29755309785528e-08,True,200,192,193
BBOB_F5,10,2,24,198,3,3,True,146,149,9,10,4,0.014204036555854838,0.01420403266709136,0.0014522032537505059,0.001452240275581329,0.007909688872603127,0.006789111647013589,0.9079022669709165,0.8489281208977146,0.0053905142734765035,0.0053644416777709585,13.0,14,19.0,20,4.0,2,16.0,18,390,390,390.0,0.815,0.9995734614891574,1.0,398,0.00038650974513192025,0.18365879619337389,3.401700586420702,0.011319002438312964,7.182341867517486e-05,5.934188590679494e-08,True,200,197,198
BBOB_F5,10,2,25,201,3,3,True,150,153,5,5,3,0.013633336826122097,0.013633325182372855,0.00603496564660122,0.006034928262808714,0.008869500986977252,0.008869496546300287,-0.19199696417177137,-0.19114116647048507,0.007696205536062544,0.007696211426210965,8.0,8,11.0,11,2.0,2,8.0,8,366,366,366.0,0.84,0.9996102288227617,1.0,398,0.00042285744772407267,0.18373800741036617,2.6592252018724594,0.015409418735032432,0.00010030991420516034,8.44360392141905e-09,True,200,200,201
BBOB_F5,10,2,26,204,6,3,True,136,137,16,16,6,0.014907993364139338,0.014908011952918021,0.0,0.0,0.007557450786683517,0.007557444573116166,0.9852304456386438,0.9847121839523123,0.00976796751447698,0.009767871992001752,20.0,20,33.0,33,4.0,4,28.0,28,376,376,376.0,0.815,0.9995631405875838,1.0,398,0.0004338192113901063,0.183736467166015,3.0852401887966607,0.014703617492752397,0.0001016622596977972,8.365214541660589e-09,True,200,203,204
BBOB_F5,10,2,27,210,3,3,True,138,140,11,11,3,0.013707346346613969,0.0137073688648508,0.0003040842970412072,0.00030408837377426945,0.008904767700511518,0.008904744697377953,0.8886468674606949,0.8891818108038657,0.0100778756544188,0.010077895867498413,14.0,14,23.0,23,10.0,10,20.0,20,386,386,386.0,0.9,0.999636469195943,1.0,398,0.00028195535375151313,0.1836107478455636,4.071343128432545,0.010830694236917182,7.719175894244513e-05,8.215587191886058e-09,True,200,209,210
BBOB_F5,10,2,28,213,4,3,True,144,148,14,13,3,0.012031876803439756,0.011749604792098745,0.0006391393603365214,0.0006391306679058503,0.0072081946618830495,0.005518453612919139,0.6232045724942541,0.3057259000429689,0.009259963245637657,0.011019273912005953,16.0,15,29.0,26,4.0,4,26.0,24,364,364,364.0,0.87,0.9995935385543031,1.0,398,0.0003490275393964837,0.18360674554782,2.9302722372267453,0.011313921197910304,8.09540440440258e-05,8.149147434976642e-09,True,200,212,213
BBOB_F5,10,2,29,217,4,3,True,144,153,8,8,3,0.012639889330253028,0.012639887037322176,0.002447750114313256,0.0011775107085884307,0.009316250874758012,0.008924696020459812,0.7659910434373849,0.7277549911113246,0.009010430393215588,0.009010488011928892,10.0,11,17.0,16,2.0,2,14.0,14,378,378,378.0,0.845,0.999068982246841,1.0,398,0.00023042290771502073,0.18360355473175083,2.790290980754662,0.0092175273473174,6.680029997925636e-05,7.397711108924086e-09,True,200,216,217
BBOB_F5,10,2,30,221,3,3,True,153,155,13,13,3,0.01118259650465847,0.011182599052680542,0.000355085515985596,0.0003550754078651532,0.006540640963068407,0.006540647687947793,0.7530025586538027,0.7530058380571482,0.007139834569806086,0.007139774795593237,17.0,17,27.0,27,10.0,10,24.0,24,384,384,384.0,0.865,0.9998128760204527,1.0,398,0.0003613692663121924,0.18365766026329794,3.96338665131384,0.011050493047170207,8.364484425076023e-05,7.308998094111186e-09,True,200,220,221
BBOB_F5,10,2,31,223,6,3,True,151,155,18,17,4,0.015920949564828257,0.011945802322602228,0.0006183607570724884,0.0006183679680614898,0.006667171853520448,0.006678739725603899,0.9132588283703491,0.9033415712585346,0.005031541847293431,0.005003520061726512,22.0,21,34.0,32,4.0,12,34.0,32,390,390,390.0,0.295,0.9792722502916851,1.0,398,0.0014595603013169449,0.1835092213621891,2.319761511012075,0.00787200787512532,6.0492285001989276e-05,7.27042850288221e-09,True,200,222,224
BBOB_F5,10,2,32,229,4,3,True,148,149,16,16,2,0.011065364523508314,0.011065383152674135,0.0,0.00029171886424594895,0.006444332298339461,0.00571638858460756,1.0618667882720558,-2388.1045207677516,0.005763986348217888,-0.9240457604893104,20.0,19,34.0,32,6.0,6,28.0,30,392,384,392.0,0.0,0.06626240446025751,1.0,398,1195.635606284137,976.0488811473747,20539.544039973116,3.1025402197187093,0.026804829692471038,1.4453128817505693e-22,True,200,228,228
BBOB_F5,10,2,33,233,4,3,True,143,152,16,19,4,0.016105004167706133,0.013610637473188338,0.00045399707579748226,0.0009852231867436556,0.003411878851155828,0.005769476444207944,0.9255072819353174,481.8426845569448,0.007119118345512988,-0.2528486487693685,18.0,24,33.0,36,8.0,12,30.0,36,378,394,378.0,0.01,0.21444006096707122,1.0,398,667.0423828465778,544.4543215090421,13276.981190379776,64.35177145782342,0.5478837407022509,5.328807681032774e-22,True,200,232,232
BBOB_F5,10,2,34,237,3,3,True,141,145,12,20,3,0.011910570978704307,0.011910565678362586,0.0,0.0,0.0047147493983223186,0.00630740565868769,0.7128026645736742,-514.6034113053638,0.0043256548877388815,0.10240168313389436,14.0,24,25.0,40,4.0,10,22.0,38,386,392,386.0,0.01,0.16288981853179835,1.0,398,286.26551830773747,233.55131351669897,1833.4602021122455,20.114561401283826,0.1704939779333217,4.545173750388129e-23,True,200,236,236
BBOB_F5,10,2,35,240,4,3,True,146,147,13,11,2,0.012572005500298161,0.012572026862836955,0.0016860765005015307,0.002298464559327707,0.007513004209736766,0.00612548389784294,0.7861366229314903,50.071582247826015,0.005105720896629635,0.014939867525362896,16.0,16,25.0,21,4.0,4,24.0,20,376,394,376.0,0.005,0.11675074502457837,1.0,398,89.52713585052236,72.9150969031316,838.941362116152,13.171054827510297,0.11166382406498289,1.2185457622037898e-22,True,200,239,239
BBOB_F5,10,2,36,244,4,3,True,136,146,26,27,4,0.013554462777695564,0.013554481344485725,0.0009298271164160377,0.0,0.007559023404098204,0.005767207566721028,1.0011938864387453,5.628620380661103,0.003936979717644804,-0.0677874696874747,31.0,31,53.0,55,8.0,2,50.0,50,390,384,390.0,0.015,0.25436699518529554,1.0,398,4.8544874824980795,3.7801690125441043,33.483736861596526,1.4308793383580642,0.012246225362220678,3.222693443386289e-23,True,200,243,243
BBOB_F5,10,2,37,248,3,3,True,136,142,20,23,9,0.014413941152692455,0.014413946804365418,0.00043951773656361603,0.00026737805497767386,0.0071559752589860914,0.005578387669832596,0.9848421818945496,71.34750038102703,0.004115505634078045,0.47353336118922706,24.0,29,40.0,42,4.0,6,38.0,44,388,396,388.0,0.01,0.0536156501293567,1.0,398,116.86061057799976,95.23278556299124,2505.9404218629625,4.227012961832612,0.036126547916712826,8.132458410728364e-23,True,200,247,247
BBOB_F5,10,2,38,251,2,3,True,149,154,6,17,3,0.01453090639650495,0.014530896120173858,0.002281535522848613,0.0009397536874906215,0.006677921365113804,0.006161581016805075,0.6193577133371653,-254.01191692853857,0.005282294026166568,0.8985550454858485,8.0,20,12.0,32,4.0,4,10.0,32,396,376,396.0,0.015,0.02885753394390947,1.0,398,138.4615342016514,112.86986584658376,6702.730251870615,49.984011674421296,0.4335850369410493,6.654978389894689e-23,True,200,250,250
BBOB_F5,10,2,39,252,3,3,True,149,150,17,19,4,0.012259211346882848,0.012259193357354148,0.0,0.0012679211374372334,0.00442886538066517,0.007337393711769197,0.9999999999867475,-114.04360875976374,0.008427182955162758,-3.559763921392862,21.0,22,34.0,37,6.0,4,30.0,32,390,388,390.0,0.02,0.20373309330121267,1.0,398,86.91436337021103,70.7817771062153,993.1257921057486,1.9054692028513145,0.01765262284312937,9.171471850284059e-23,True,200,251,252
BBOB_F5,10,2,40,255,5,3,True,152,157,13,30,3,0.012139067344673793,0.012139080350211107,0.0006394532746133857,0.0,0.006657901617051043,0.005370235947966475,0.7199115484083132,1537.0714432225366,0.00418115170786587,20.09958277783131,17.0,38,26.0,59,4.0,8,24.0,56,382,390,382.0,0.015,0.1436393159058067,1.0,398,1397.8337256828897,1141.1429543064723,259.7179381851521,14.797320603881268,0.13667733119123066,1.3466289212131742e-22,True,200,254,254
BBOB_F5,10,2,41,260,3,3,True,151,159,11,27,5,0.013622228666467347,0.013622225700298626,0.0032173660833029194,0.000454321461783605,0.0074218925635275435,0.0062428501153631855,0.852560694402678,17.4795879539155,0.005351855622418009,0.011149585607084738,13.0,31,21.0,54,4.0,0,18.0,52,368,398,368.0,0.015,0.13809626915926523,1.0,398,23.220240424195538,18.77574349560343,15286.55151042605,401.3875095083597,3.7462741044101575,1.9020386110584525e-23,True,200,259,259
BBOB_F5,10,2,42,263,4,3,True,138,144,15,9,3,0.010850050826766044,0.010850069440580923,0.0035765190966162708,0.0015316126548025055,0.007692407084373631,0.007141726751958455,0.8314159399089691,-509.0975722855285,0.0042745110838813705,-0.17601814769028526,19.0,11,28.0,18,8.0,4,26.0,16,384,386,384.0,0.005,0.13555706312018098,1.0,398,183.5473678047364,149.68229483177907,321752.6156892026,1329.5711483838957,12.369316475211413,3.253903431342162e-23,True,200,262,262
BBOB_F5,10,2,43,266,3,3,True,150,155,22,10,2,0.013854706197689866,0.013854707328091648,0.0,0.003814089743832766,0.005183474266978596,0.006572035006228452,1.000000000011437,157.78711405189966,0.004655380672030109,3.6022075854070397,27.0,13,44.0,20,10.0,8,42.0,18,376,398,376.0,0.02,0.26755367080995035,1.0,398,249.37305151204234,203.42874051602422,1716293.9573126775,23384.45705004088,219.5341110399864,2.39196697382326e-24,True,200,265,266
BBOB_F5,10,2,44,269,4,3,True,157,161,15,24,4,0.01240258908051639,0.012402595744223865,0.0,9.192252010542523e-05,0.004062566631896941,0.0057673507172012195,0.8556152996498527,7486.220527735368,0.005066252728562912,67.31291803157674,19.0,33,32.0,49,4.0,8,26.0,46,398,382,398.0,0.005,0.09959187131274307,1.0,398,17534.557350479525,14316.722621328587,79285.38333348256,3940.3372417027463,38.452379234949404,2.0192960628236524e-22,True,200,268,268
BBOB_F5,10,2,45,273,3,3,True,163,164,23,13,4,0.012819476519907197,0.012819483322833003,0.0,0.0001836326618387396,0.004979961113803277,0.006201321154931466,0.9882079905514463,-32758.776503085723,0.003837094656218033,25.47338797668551,26.0,16,47.0,26,6.0,8,44.0,22,396,392,396.0,0.01,0.17210628057078073,1.0,398,24222.599092565688,19777.48583684385,18170.026354377616,5688.721560591312,55.351078745753526,2.686390001535795e-22,True,200,272,272
BBOB_F5,10,2,46,276,3,3,True,145,151,16,15,5,0.013406683045061915,0.01157061921177932,0.0,0.002995151662594453,0.004045362447929128,0.007592249689264419,0.561783120213672,1552.8498149788738,0.006739180858223853,73.60721682993142,20.0,18,31.0,31,8.0,6,28.0,28,394,388,394.0,0.005,0.09734448463651899,1.0,398,1526.41675201321,1246.1305556705188,9247.276042549553,3367.462559369207,33.0173418882312,2.599520726062871e-22,True,200,275,275
BBOB_F5,10,2,47,278,4,3,True,139,156,14,11,3,0.012529029756476504,0.012529021428989665,0.0,0.0,0.005528090919539007,0.006958353713847135,0.9287985463392783,-2753.5270057704984,0.004763277736817043,43.91962495346208,17.0,14,27.0,23,8.0,6,26.0,20,390,382,390.0,0.02,0.20551351783156854,1.0,398,2009.1809470537892,1640.3058703154773,7195.442804809099,66.7862043645404,0.6708007375809929,1.4435688291492548e-22,True,200,277,278
BBOB_F5,10,2,48,281,4,3,True,141,153,15,14,4,0.015395589078545435,0.015395580697576211,0.0015781688231217596,0.003789791392288591,0.005048991094060651,0.00612890113811794,0.9103918509505977,-2100.0120743312445,0.004332426656576391,-0.826100806306129,19.0,17,29.0,28,10.0,4,28.0,26,384,392,384.0,0.01,0.1382005286828836,1.0,398,791.2458137362287,645.8659981699352,126165.75871460958,11029.877498797374,109.27855720779054,5.727626955802709e-23,True,200,280,281
BBOB_F5,10,2,49,285,3,3,True,153,158,13,10,5,0.009976882812628055,0.009976879195172608,0.002899121563298246,0.0037798308652802204,0.007025800402427618,0.007827541224501872,0.943979400888181,-34.5416233646222,0.0033572661757526167,1.7495283542689508,17.0,12,25.0,20,4.0,6,24.0,18,392,378,392.0,0.01,0.2699168191784908,1.0,398,22.53316839323432,18.214751531472444,404.75580540405326,128.19443732396337,1.2723500084791797,3.015646379021436e-22,True,200,284,284
BBOB_F5,10,2,50,288,2,3,True,151,152,12,16,3,0.015985752172901657,0.01598574095327049,1.888190024446068e-06,0.00019774118409640606,0.006209949569863565,0.0057652331981931475,0.8895537466592556,43.43874838523749,0.0038377021826231867,-0.4778764799106372,15.0,18,24.0,33,0.0,2,22.0,30,378,394,378.0,0.005,0.059934526941843966,1.0,398,43.997103349498175,35.739981036517065,243.3957443835302,53.517066323453555,0.5343392844353106,2.2415387300138576e-22,True,200,287,287
BBOB_F5,10,2,51,290,3,3,True,153,166,8,27,4,0.011274912267123072,0.009934663475306665,0.0023094693805114433,0.0,0.007568155771708246,0.0034709037104998074,0.6272480525050801,124.52595400971391,0.0027190279650482706,-1.0086844468628313,10.0,32,16.0,48,6.0,8,14.0,50,390,392,390.0,0.01,0.0838687468760269,1.0,398,180.71365470662448,147.36857777584052,120.06433285835396,2.428223490592284,0.023470267714942948,1.6375646284569799e-21,True,200,289,289
BBOB_F5,10,2,52,293,2,3,True,154,155,22,15,4,0.014739110621719509,0.01473910987401833,0.0,0.00021831976302513767,0.007458679654296113,0.004576226591485599,1.002473417538991,-20.678491781477845,0.0037139514183861418,0.14771057225245984,28.0,19,41.0,30,8.0,8,42.0,28,382,384,382.0,0.005,0.24822697190978799,1.0,398,7.820772270989872,6.202130400405753,393.4033787072441,3.7890439442684567,0.038111707575253145,1.4343963886233674e-21,True,200,292,292
BBOB_F5,10,2,53,295,3,3,True,143,149,10,19,6,0.010751202834969803,0.01075121073547558,0.0016639233898584072,0.002138770824838432,0.006664227185846305,0.006625620571869634,0.8702130493458915,-9.311680541126842,0.0034748957052631157,-0.0755150618398569,13.0,22,21.0,37,8.0,4,18.0,34,386,394,386.0,0.0,0.19281115082970995,1.0,398,6.326938640384997,4.982420348541831,1997.988772581376,5.145843666704332,0.051779043487863906,1.7599395237705323e-21,True,200,294,294
BBOB_F5,10,2,54,298,4,3,True,148,149,15,18,3,0.013327214031889967,0.013327201675796041,0.001211293551498016,0.0,0.007773608373146168,0.005874433064475189,0.8724595411449965,-270.4880519560212,0.002640547836527625,0.4663011351734152,19.0,23,29.0,35,6.0,6,28.0,34,386,392,386.0,0.02,0.14611823562408457,1.0,398,116.38984666855414,94.8484084405047,255426.67961082052,63.70681257533733,0.6356703222539162,2.1309182781802628e-21,True,200,297,297
BBOB_F5,10,2,55,302,2,3,True,142,161,14,12,4,0.01560721130291437,0.013109952412791726,0.002582396702009271,0.0,0.007251560409418295,0.006554173960785125,0.9155078771152008,-3.0391763939991896,0.002391507316413833,0.1125834499291614,17.0,14,26.0,25,8.0,4,24.0,22,396,378,396.0,0.005,0.1063629859521442,1.0,398,26.110738336794803,21.135825158419458,280.83438822190624,1.5197890430438337,0.015384968059667449,1.5296835374647076e-21,True,200,301,301
BBOB_F5,10,2,56,304,3,3,True,155,155,19,23,2,0.011159658989200905,0.011159646216978292,0.0007963459641392723,0.0007963378711922098,0.006677744642135289,0.005778654427978119,0.9880801882300991,-11.890252599306518,0.0035555656419106792,0.020038500274899552,21.0,29,35.0,46,10.0,8,36.0,44,398,394,398.0,0.0,0.12527857777381218,1.0,398,2.9859632605152697,2.2545253739145856,66.8895422379087,9.002516635184065,0.09295051343178504,3.9438213368523703e-22,True,200,303,303
BBOB_F55,10,2,1,109,7,3,True,100,100,43,45,8,0.017689202942309912,0.0176890286990814,0.0,0.0,0.005200043484584471,0.005035778034024663,-0.7135836221505976,-0.8941026870105375,0.25856551123003324,0.24375122477009983,45.0,47,86.0,89,12.0,8,84.0,88,384,386,384.0,0.585,0.9995998551208969,1.0,398,0.09388621447878762,0.11352356867414133,1.6071589168404472,0.8131081750537916,0.012192628245184986,0.0016634500116052646,True,200,108,109
BBOB_F55,10,2,2,116,3,3,True,131,131,21,21,3,0.02044020442917016,0.020440280860208215,0.00044083997613977854,0.000440767368763334,0.0026695125993518587,0.002669580367953228,-0.4256716654336845,-0.4338098990487548,0.20500236416402473,0.20500200262067605,25.0,25,41.0,41,6.0,6,40.0,40,372,376,372.0,0.585,0.9984090269669195,1.0,398,0.02130016631335277,0.18596834789503344,1.4256583661879745,0.09199162725988685,0.0013844932241457969,5.9494270656251836e-05,True,200,115,116
BBOB_F55,10,2,3,119,2,3,True,107,107,14,16,4,0.018049133663521677,0.01804923172788031,0.0001509078913368711,0.0001510089365238665,0.005092374584618723,0.0046245411248207816,0.7817124979961125,0.6947607253442203,0.0887810446785754,0.08734910577250102,17.0,19,28.0,32,6.0,8,26.0,30,382,382,382.0,0.525,0.9929163341656229,1.0,398,0.017775698098774356,0.19801721579321435,1.291176674175702,0.18025074789046514,0.0027387975247351068,1.584905907746153e-05,True,200,118,119
BBOB_F55,10,2,4,121,7,3,True,131,131,24,28,5,0.03449555485221913,0.034495484342685796,0.0,0.0,0.000865780537086025,0.00061584643993573,0.7373581701751917,0.6359776288596817,0.31103542849292315,0.24493749874939755,26.0,30,49.0,57,6.0,8,46.0,54,366,366,366.0,0.535,0.9981676405503644,1.0,398,0.019997222919600776,0.19983108321402307,1.6427331378113763,0.30190189054643923,0.004604539692781819,1.3965473858330993e-05,True,200,120,121
BBOB_F55,10,2,5,128,2,3,True,123,123,10,11,2,0.020958632483143558,0.020958579854799098,0.0,0.0,0.0042887887859516804,0.0037036036623119273,1.0132047234792765,1.0115832821523725,0.43054699788376694,0.4160277186613763,12.0,13,21.0,23,0.0,2,18.0,20,388,388,388.0,0.605,0.9995596850359523,1.0,398,0.02052899594384409,0.20026527407015213,0.74879834664317,0.26464334976020254,0.004419132075707844,4.889974652936399e-06,True,200,127,128
BBOB_F55,10,2,6,130,4,3,True,126,126,20,20,4,0.010725795238538116,0.010725689763430801,0.0,0.0,0.00034551038407110157,0.0003455397491635148,0.9433141257143038,0.9368297039866655,0.10045166032716207,0.10045154138755533,23.0,23,41.0,41,2.0,2,38.0,38,380,384,380.0,0.745,0.9996831546997571,1.0,398,0.0031405456026248604,0.1854365738471188,0.24328553387299223,0.030009813882326597,0.0004612193023860849,4.83401000027869e-06,True,200,129,130
BBOB_F55,10,2,7,134,2,3,True,108,108,7,7,2,0.005360838805559043,0.005360855104383777,0.0003986339839701092,0.00039862209346896993,0.004291953481428413,0.004291931757486988,0.1073843306975526,0.10989985434959265,0.15851105693165315,0.15851135071832861,9.0,9,14.0,14,6.0,6,12.0,12,376,376,376.0,0.82,0.9998991753111997,1.0,398,0.004661321916581352,0.1861549087502907,0.3583593892924455,0.02416239034565848,0.00037473570145767684,4.450480782422535e-06,True,200,133,134
BBOB_F55,10,2,8,136,5,3,True,108,111,27,26,5,0.018352144327066666,0.01444438357372918,0.0,0.0,0.002206974820307628,0.0021293923510789514,0.1677857363916626,0.16404308226379133,0.06276368322888647,0.06555434117884856,30.0,28,55.0,53,8.0,8,52.0,50,392,392,392.0,0.775,0.9999136874672496,1.0,398,0.006384904120897454,0.1840582948210479,0.20854092515229183,0.01935835761714877,0.0003072683081684628,4.211546876754886e-06,True,200,135,136
BBOB_F55,10,2,9,141,1,2,False,101,105,1,1,1,0.015580824364106112,0.015568619010403063,0.015580824364106112,0.015568619010403063,0.015580824364106112,0.015568619010403063,0.21765503478128778,0.22587800292508928,0.0711278673161722,0.07112871377132086,,3,,3,,0,,0,382,382,382.0,0.625,0.9997931632463106,1.0,398,0.002355979779185389,0.18384349236191977,0.12986338397839603,0.01641507338876025,0.00026473581719860305,3.4645687667124524e-06,True,200,140,141
BBOB_F55,10,2,10,142,4,3,True,110,110,17,16,4,0.008040244519406992,0.008040199189876751,0.0,0.0,0.002142033775196839,0.001948004976415063,0.9601840836590778,0.9525188210956075,0.08139598756829199,0.08185931515965324,19.0,18,34.0,32,8.0,10,30.0,28,394,392,394.0,0.71,0.9997784605017035,1.0,398,0.001969750629029139,0.18413341484925166,0.25313919592001355,0.014527175297754269,0.00023193376328349476,3.3263307172060227e-06,True,200,141,142
BBOB_F55,10,2,11,146,2,3,True,116,118,16,16,2,0.006546939739113217,0.0065469319840490425,0.0006041850014655292,0.0006041692488238937,0.0026669364706464194,0.0026669231628609347,0.8630370602024122,0.8627726657273601,0.10586464534172842,0.10586440417036372,19.0,19,31.0,31,8.0,8,30.0,30,378,378,378.0,0.805,0.9998555520276694,1.0,398,0.0023109073490978943,0.18505781220746964,0.172279612291927,0.013147027896636132,0.0002307854296106039,1.5049702065862752e-06,True,200,145,146
BBOB_F55,10,2,12,148,5,3,True,115,115,27,27,5,0.012318111364820195,0.012318098826945678,0.0,0.0,0.0006832721908709427,0.0006832336376698667,0.8682821077284242,0.8671079308517993,0.15812033183395585,0.15812027976278437,31.0,31,54.0,54,4.0,4,52.0,52,370,370,370.0,0.88,0.9999008663374002,1.0,398,0.0016778280058407525,0.18436269964841598,0.16435240399632356,0.010615724456570774,0.00021438161187722104,1.4822398130382648e-06,True,200,147,148
BBOB_F55,10,2,13,153,3,3,True,115,115,15,15,3,0.009465006939467502,0.009465000593451123,0.0,0.0,0.0020666435028477426,0.002066649137757795,0.28081631937956963,0.2790064658732429,0.073845382590946,0.07384519161303346,19.0,19,28.0,27,8.0,8,28.0,28,376,376,376.0,0.805,0.9998745190634752,1.0,398,0.0030847995891594908,0.18570867866001628,0.2401619570593816,0.012631546096017132,0.0002762674125770604,1.1073414310978463e-06,True,200,152,153
BBOB_F55,10,2,14,156,3,3,True,120,120,10,10,3,0.01196199084557703,0.011962004660270309,0.0,0.0,0.004059815217996143,0.0040598222702213915,0.4782105615172334,0.47759413582492827,0.05521922587797084,0.05521916956808019,14.0,14,20.0,20,4.0,4,16.0,16,396,396,396.0,0.8,0.9998901591706438,1.0,398,0.0010068641763091328,0.18402009804360336,0.1027499047087801,0.005469411884654107,0.00011386568755487592,9.77501497170516e-07,True,200,155,156
BBOB_F55,10,2,15,159,3,3,True,110,110,5,5,3,0.011225942391345722,0.011225983772892023,0.0,0.0,0.0009392547471736012,0.0009392964382692881,-0.32187167941912875,-0.32748289576858597,0.1442863165231161,0.1442859179251882,7.0,7,11.0,11,4.0,4,8.0,8,354,354,354.0,0.935,0.9999665818865733,1.0,398,0.0029245039011476003,0.18481757165931612,0.21593871207923243,0.013265748682443679,0.00030054397003929386,9.499378041468114e-07,True,200,158,159
BBOB_F55,10,2,16,162,7,3,True,123,127,26,27,6,0.016175415924796877,0.01617533500407231,0.0002879185979951515,0.00028789251616556655,0.006259375731846983,0.0061569725708742196,0.8515840432198178,0.8733324391427723,0.05517975585859761,0.060506226442448324,31.0,32,51.0,53,8.0,6,50.0,52,362,362,362.0,0.74,0.999695370281717,1.0,398,0.0014678094131883642,0.18385934009434782,0.11472226330933744,0.00838440986778366,0.00020666185789995544,7.918054767727872e-07,True,200,161,162
BBOB_F55,10,2,17,169,5,3,True,134,134,10,10,5,0.015142166144267888,0.015142121522237928,0.004373647522027291,0.004373652813673301,0.010206394022131166,0.010206364377317562,-0.2825977280909484,-0.28335623384042197,0.05614120090152493,0.056141109300797395,12.0,12,21.0,21,6.0,6,18.0,18,372,372,372.0,0.91,0.9999585737469955,1.0,398,0.001675951100236882,0.18348007997814772,0.14191066230175053,0.006985695756256405,0.00017947978082522907,1.5573419149101387e-07,True,200,168,169
BBOB_F55,10,2,18,174,3,3,True,142,142,11,11,3,0.015655738135103764,0.01565574548288759,0.00028388457755501584,0.00028389796897598796,0.006556502809366593,0.006556511279570465,1.1790778791836694,1.1786357214723404,0.07175465633215125,0.07175461250932201,13.0,13,22.0,22,4.0,4,20.0,20,384,384,384.0,0.895,0.9998762506714602,1.0,398,0.0010778463941308416,0.18374069772972068,0.1280711633677729,0.006686766496496688,0.00017221487313307137,1.4216994288139462e-07,True,200,173,174
BBOB_F55,10,2,19,177,2,3,True,147,147,11,11,2,0.010964621430387844,0.01096461806127827,0.0,0.0,0.005443458214940355,0.00544345791590789,0.7296508630326528,0.7270868824715541,0.0381494306729398,0.038149294120817245,14.0,14,24.0,24,4.0,4,20.0,20,384,384,384.0,0.835,0.9999072157568075,1.0,398,0.000867970525910401,0.1837055822010424,0.17183617940210638,0.004993063169299816,0.0001289328068643608,1.1511705167690703e-07,True,200,176,177
BBOB_F55,10,2,20,179,2,3,True,130,133,18,17,2,0.020495393258813333,0.013420082088524243,0.0007597882101074704,0.0007598118646635621,0.005457396767238665,0.005379066094359897,0.737773449049401,0.6849962771106988,0.046621136082628536,0.04782748856090187,21.0,20,36.0,32,10.0,8,34.0,32,376,374,376.0,0.82,0.9998493039077228,1.0,398,0.0007597545393598045,0.18383859123667823,0.14170089578891698,0.004874440157550453,0.0001261975898374788,1.0288257784772036e-07,True,200,178,179
BBOB_F55,10,2,21,181,4,3,True,131,132,19,22,3,0.017699291924492922,0.014292619936728285,2.6491910954273834e-05,2.647746782641347e-05,0.007259756446032939,0.006921529095459317,0.8899469523557109,0.9441873402734964,0.050207941196229,0.051138450817186945,21.0,25,38.0,43,4.0,8,36.0,42,386,386,386.0,0.83,0.9997065745488225,1.0,398,0.0008890700066464818,0.18395354988455503,0.250032227069525,0.005758459596837184,0.0001481771747450559,1.016300172326499e-07,True,200,180,181
BBOB_F55,10,2,22,185,5,3,True,128,128,27,27,5,0.01681775099674193,0.016817756244484665,0.0,0.0,0.005042856381079153,0.005042851922719971,1.1416510564785298,1.1396095550153829,0.18131169716863704,0.18131119334883108,31.0,31,55.0,55,4.0,4,52.0,52,392,392,392.0,0.9,0.9999229543333759,1.0,398,0.0013522695895655465,0.18427756014658353,0.15355672433079803,0.00807235136377571,0.00020826327609273562,9.558851683152208e-08,True,200,184,185
BBOB_F55,10,2,23,190,3,3,True,117,117,11,11,3,0.018127572558118116,0.018127584398128935,0.0,0.0,0.0,0.0,-2.001472220272799,-2.023275117566591,0.17205936331838298,0.17205830591212454,15.0,15,23.0,23,6.0,6,18.0,18,348,348,348.0,0.9,0.9999451843816295,1.0,398,0.0013894456313183646,0.1839624580519128,0.18903882859148524,0.007257978098113682,0.00019359360269319265,9.358107686284383e-08,True,200,189,190
BBOB_F55,10,2,24,193,4,3,True,114,115,17,17,4,0.012533788663566464,0.012533787656033947,0.0,0.0,0.005929251896614196,0.005929246943993327,0.7874048329492584,0.7858944472187558,0.06414513144368254,0.06414504758243815,20.0,20,36.0,36,8.0,8,32.0,32,394,394,394.0,0.865,0.999950675568423,1.0,398,0.0008671896592369424,0.18387033574852102,0.1736751947328905,0.003714174355923916,0.00012603309658335894,9.248115304450359e-08,True,200,192,193
BBOB_F55,10,2,25,197,3,3,True,125,126,4,4,3,0.01465086510372271,0.014650848631574565,0.0,0.0,0.0019847543131011336,0.0019847498644812167,0.03594683482686811,0.032784739120357134,0.04182143173052583,0.04182103025873558,6.0,6,9.0,9,4.0,4,6.0,6,394,394,394.0,0.945,0.9999550621230155,1.0,398,0.0004797673153907231,0.18358656460421457,0.042927299309783784,0.002820772052960052,0.00011433641067910472,8.918472057717245e-08,True,200,196,197
BBOB_F55,10,2,26,200,5,3,True,126,127,19,19,5,0.008622540474159113,0.008622614942796814,0.0,0.0,0.0005870298732712819,0.0005870281139606914,1.1070853627979158,1.1086055867783435,0.0682491198508696,0.06824924466226434,21.0,21,39.0,39,8.0,8,36.0,36,394,394,394.0,0.88,0.9999186113818094,1.0,398,0.0006115096727651319,0.18358856518966518,0.02856318006590719,0.0035382750093964077,0.00016839485697785827,8.810069446573551e-08,True,200,199,200
BBOB_F55,10,2,27,205,5,3,True,128,129,12,12,5,0.022266402063871427,0.022266387744687144,0.0013293560185143605,0.001329317030400845,0.004213729964056553,0.004213736457745358,0.5251076346675845,0.5249550727790686,0.027230274128787958,0.02723025588925749,15.0,15,25.0,25,2.0,2,22.0,22,390,390,390.0,0.875,0.9998306582561137,1.0,398,0.0003013401068227874,0.183475321435107,0.03052542756131782,0.0013520902437633708,7.094312355460376e-05,8.640219085758701e-08,True,200,204,205
BBOB_F55,10,2,28,210,3,3,True,111,111,13,13,3,0.01619148478804122,0.01619147873755089,0.0,0.0,0.0037487467790471296,0.0037487559002249426,0.8342678294595931,0.834020048340262,0.026932948991479293,0.02693288711017931,17.0,17,24.0,24,2.0,2,24.0,24,382,382,382.0,0.86,0.9999269314270663,1.0,398,0.0007088621901990466,0.18391508662857603,0.03632435584270155,0.0037599529469591886,0.00020288677385089726,8.455189912994279e-08,True,200,209,210
BBOB_F55,10,2,29,213,5,3,True,109,109,11,11,5,0.017139096291426507,0.017139095321399962,0.0,0.0,0.0006544895910306908,0.0006544888786296638,0.47991985347630006,0.4956388218103771,0.03401945137636166,0.03401951300411043,13.0,13,24.0,24,2.0,2,18.0,18,382,382,382.0,0.885,0.9999573079267058,1.0,398,0.0007034601314129895,0.1834036612568907,0.06569648790084592,0.003688335119516495,0.0002419120029634848,8.356905563622373e-08,True,200,212,213
BBOB_F55,10,2,30,218,4,3,True,105,105,25,25,4,0.01675805331202369,0.016758077285082964,0.0,0.0,0.0014158058762680642,0.0014158039281230925,0.8548696580513049,0.856282268624242,0.03984885210208075,0.039848989972691796,31.0,31,49.0,49,4.0,4,48.0,48,396,396,396.0,0.83,0.999932422527746,1.0,398,0.0020359703914918413,0.18207690968747892,0.037089760996180665,0.0075511168682314,0.0006285447475098346,8.199196185087115e-08,True,200,217,218
BBOB_F55,10,2,31,222,2,3,True,120,120,3,3,2,0.010300002135659847,0.010299995432337616,0.0013464283971132418,0.001346425371904686,0.005700826283659408,0.0057008221795799285,0.06474066594342354,0.07052913177271387,0.04173238770817665,0.04173259455131554,5.0,5,7.0,7,0.0,0,4.0,4,364,364,364.0,0.915,0.9999550734620524,1.0,398,0.0007658646439494554,0.18290885489970377,0.028865634193142142,0.004242993205807011,0.0003582261166984633,8.044966055136459e-08,True,200,221,222
BBOB_F55,10,2,32,224,5,3,True,101,103,23,23,5,0.007005087964871218,0.0070050920734086725,0.0,0.0,0.0013150416861572728,0.0013150421191996664,0.9595950856730404,0.9600998341829243,0.01581856218488186,0.015818597182975784,27.0,27,46.0,46,2.0,2,44.0,44,380,380,380.0,0.845,0.9999166845149888,1.0,398,0.0004706743081575013,0.1834966363048483,0.025251612920123456,0.002159290582006257,0.00023871524085652333,6.354850250163777e-08,True,200,223,224
BBOB_F55,10,2,33,229,3,3,True,122,122,8,8,3,0.0051717748391451185,0.005171771326986416,0.0,0.0,0.001501042108468971,0.0015010433060052807,-0.2135207559285437,-0.21348258883660132,0.037571172221218835,0.037571168224171975,11.0,11,17.0,17,4.0,4,14.0,14,388,388,388.0,0.875,0.9999237297931468,1.0,398,0.001508122470086468,0.1832178457372438,0.018182144448266158,0.0022503193947991385,0.00026120391773298287,4.5257403448424416e-08,True,200,228,229
BBOB_F55,10,2,34,232,4,3,True,111,111,12,12,4,0.02805113244551504,0.02805113968603511,0.0,0.0,0.00900472792061591,0.009004722308879798,0.5202641135483805,0.5209995733860724,0.016593287408705398,0.016593290324328915,14.0,14,24.0,24,4.0,4,22.0,22,394,394,394.0,0.925,0.9999613987319985,1.0,398,0.0005095712541840524,0.18337262721150438,0.01788032339542056,0.0012692433986853935,0.00014603690858013086,3.933310138551712e-08,True,200,231,232
BBOB_F55,10,2,35,236,2,3,True,119,119,29,29,2,0.017831711642294707,0.017831711578148057,0.0,0.0,0.0039010171802675297,0.003900971068843073,0.8778175743169818,0.8781182725102387,0.012315353328127714,0.012315345911886452,35.0,35,57.0,57,4.0,4,56.0,56,392,392,392.0,0.96,0.9999791809639315,1.0,398,0.00018491960129411356,0.18343502657013305,0.014979525738457511,0.0007038931316154518,8.657705895845229e-05,2.7388796139716396e-08,True,200,235,236
BBOB_F55,10,2,36,238,4,3,True,116,116,13,13,4,0.015121853609142089,0.01512186436141516,8.934604987927142e-05,8.935889922417894e-05,0.0053111018158837064,0.0053111101461700005,0.9630233265003394,0.9630202627479548,0.01634110599280275,0.016341143985943916,16.0,16,26.0,26,2.0,2,24.0,24,378,378,378.0,0.96,0.9999871607467082,1.0,398,0.00011856775726199796,0.18341800309712694,0.016802134085006415,0.00048517516236668,5.9281906081695103e-05,2.4744086829092165e-08,True,200,237,238
BBOB_F55,10,2,37,242,2,3,True,117,117,13,13,2,0.013494386070926095,0.013494409890209835,0.0015713870783073403,0.0015713758146028711,0.00778486304705539,0.0077848573429820656,0.9734567425693736,0.9731636998045458,0.025797504900542563,0.02579754717761406,16.0,16,25.0,25,2.0,2,24.0,24,374,374,374.0,0.935,0.999979310833674,1.0,398,0.0001839715254783875,0.18345235489126727,0.023185488118139475,0.0008227800785278738,0.000102520946582458,2.1887175545023666e-08,True,200,241,242
BBOB_F55,10,2,38,244,5,3,True,116,116,21,21,5,0.0224056575820061,0.022405631174467866,0.0,0.0,0.004539000125789894,0.004539008646638906,0.9085217010339477,0.9084512235731654,0.008877239565872837,0.008877244214658369,23.0,23,43.0,43,4.0,4,40.0,40,372,372,372.0,0.885,0.9999560695031902,1.0,398,0.00014934682840501105,0.18349615566240757,0.011989369466949285,0.0005993092789386978,7.398604808380653e-05,2.0978949422074608e-08,True,200,243,244
BBOB_F55,10,2,39,249,5,3,True,131,131,19,19,5,0.014192859631836828,0.014192851011807048,0.0007556846601799033,0.0007556815905569864,0.004338347321770089,0.004338349823470131,1.0491671484997447,1.0511491975427594,0.010051420714342185,0.010051394255539177,24.0,24,37.0,37,4.0,4,36.0,36,380,380,380.0,0.885,0.9999286323748632,1.0,398,0.00010604642950798063,0.18345741145702055,0.017025698506111908,0.0003763083744603435,4.663687497118557e-05,1.7460801549334605e-08,True,200,248,249
BBOB_F55,10,2,40,254,4,3,True,131,135,13,13,4,0.01742864286135115,0.017428641134112577,0.0051626133099880595,0.005162616557908631,0.008216152089360607,0.008216168092144205,0.5028501889306991,0.502748614817472,0.01508745531270276,0.01508740813136087,16.0,16,25.0,25,8.0,8,24.0,24,390,390,390.0,0.89,0.999590440420623,1.0,398,0.0001370792229965326,0.18350341405174625,0.024842067764836884,0.0004686038514876145,5.769313210101706e-05,5.786150329713623e-09,True,200,253,254
BBOB_F55,10,2,41,258,3,3,True,136,142,16,16,3,0.018471698036805113,0.018471700774551618,0.0006284375724734115,0.0006284538505939019,0.005503827542179041,0.005503838714238908,0.8034595216931706,0.8048188745965704,0.005495763763118296,0.005495782465189085,18.0,18,30.0,30,4.0,4,30.0,30,394,394,394.0,0.865,0.999495571655503,1.0,398,0.00010840394029179432,0.1834867057418968,0.0332451593596339,0.00034050644205985137,4.1587781063062745e-05,5.263770053323814e-09,True,200,257,258
BBOB_F55,10,2,42,261,5,3,True,146,146,13,13,5,0.01762939722998988,0.017629396264014316,0.0005973201725224808,0.0005973307492463664,0.0074622349244811426,0.0074622475871301275,0.31086374195821165,0.3131442042606072,0.025961700279913905,0.025961709100885542,15.0,15,26.0,26,0.0,0,24.0,24,360,360,360.0,0.935,0.9999441493144462,1.0,398,9.467480426999749e-05,0.18346754403659293,0.013715441639671866,0.00035283571054867124,4.3313748309463185e-05,5.200456659947479e-09,True,200,260,261
BBOB_F55,10,2,43,266,3,3,True,130,132,5,5,3,0.015277712386891434,0.0152777082414004,0.0035407076493739207,0.0035407099490971845,0.014546277587680762,0.014546282519648353,-3.3740226386222023,-3.372964024509373,0.01994755946190598,0.01994760941850104,7.0,7,11.0,11,2.0,2,8.0,8,394,394,394.0,0.96,0.9998927255514931,1.0,398,0.0001943747912684412,0.18358393462482292,0.02077002320049459,0.0005582874699467943,6.916164835149128e-05,4.5900070375543925e-09,True,200,265,266
BBOB_F55,10,2,44,269,2,3,True,136,138,10,11,2,0.017416050157664897,0.016600908080743104,0.00029080728847685755,0.0002907947846478298,0.008479296058028715,0.008121473830275248,0.035984655755394,0.10102177306538891,0.00910870138672394,0.010111085723664408,12.0,13,20.0,22,6.0,8,18.0,20,390,390,390.0,0.935,0.999885910283657,1.0,398,8.246602128947122e-05,0.18351475966605119,0.015241355884121788,0.0002676495990094896,3.324782941284397e-05,4.543918028634872e-09,True,200,268,269
BBOB_F55,10,2,45,271,5,3,True,130,131,19,19,5,0.015664437079129345,0.01566443663399736,0.00030456104358700387,0.0003045534356851398,0.005074045348445022,0.005074043976982901,0.8563636615181167,0.8566334276408583,0.00957239381619899,0.009572385078248447,24.0,24,39.0,39,0.0,0,36.0,36,396,396,396.0,0.96,0.9999038752815993,1.0,398,0.00010506366471388882,0.18351298008660905,0.008563925367717218,0.0003870715960667681,4.873313329342295e-05,4.09602589388068e-09,True,200,270,271
BBOB_F55,10,2,46,276,5,3,True,127,127,22,22,5,0.016569122890323945,0.016569113982974698,0.0,0.0,0.0038005781475955814,0.0038005764644368665,0.8787423262405145,0.8791759303871836,0.008609535297641304,0.008609532772710354,28.0,28,42.0,42,4.0,4,40.0,40,394,394,394.0,0.865,0.999742062641095,1.0,398,7.712691134663544e-05,0.18349320354584225,0.0069020037620894925,0.0003229592344160537,4.0396139664160714e-05,3.7889289428232955e-09,True,200,275,276
BBOB_F55,10,2,47,281,3,3,True,134,134,7,7,3,0.01184187299978462,0.01184187471561518,0.0002738216301237939,0.00027380543810495706,0.007344340563781276,0.0073443388778887675,0.2754966548726703,0.2750438766975791,0.01971533053432929,0.019715510698853012,10.0,10,14.0,14,2.0,2,12.0,12,384,384,384.0,0.93,0.9999657715616866,1.0,398,6.153633009140378e-05,0.1835183015603113,0.004121092120438874,0.00022827920561963033,2.8509577685409262e-05,2.9819348342919925e-09,True,200,280,281
BBOB_F55,10,2,48,284,2,3,True,138,139,12,12,2,0.01290903896142858,0.01290903045128624,0.0,0.0,0.005315768968720484,0.00531578540063591,0.5484974223932433,0.5484356641329555,0.014468646354568022,0.014468821167096127,14.0,14,23.0,23,2.0,2,20.0,20,398,398,398.0,0.965,0.9997638972572334,1.0,398,5.4390593923114844e-05,0.1835178791013481,0.0060349116011089166,0.00019549556495879195,2.465532399355477e-05,2.7826515342148075e-09,True,200,283,284
BBOB_F55,10,2,49,286,4,3,True,135,135,7,7,4,0.013485198457881736,0.013485185959279805,0.006261381654183568,0.006261383561926766,0.007489906840832172,0.00748994171990619,-0.15272418164554047,-0.1527710492126819,0.012010767808818247,0.012010826830840622,9.0,9,15.0,15,0.0,0,12.0,12,384,384,384.0,0.96,0.9994967988678252,1.0,398,5.671998740078868e-05,0.18351546176944178,0.006400888600332166,0.00018944223446570874,2.3789911143436126e-05,2.4834750568133964e-09,True,200,285,286
BBOB_F55,10,2,50,290,2,3,True,140,142,5,5,2,0.01667969812222364,0.016679722067906966,0.0024444416596365315,0.0024444259152510694,0.003152341394838498,0.0031523356468205477,-0.705713944031169,-0.7054308482276492,0.02278951052278236,0.022789195163398744,8.0,8,11.0,11,2.0,2,8.0,8,388,388,388.0,0.955,0.9994859307377628,1.0,398,6.582528979792429e-05,0.18350342113131074,0.002399548961363962,0.0003273507705898737,4.113150057817456e-05,2.1651034816841253e-09,True,200,289,290
BBOB_F55,10,2,51,292,3,3,True,143,143,12,12,3,0.01467653464441332,0.014676540061191068,0.002134435984640415,0.00213447375945669,0.008050415755435927,0.008050424961578151,0.5813518814777545,0.581295672677089,0.002408826213708302,0.0024088209828690144,15.0,15,23.0,23,4.0,4,22.0,22,388,388,388.0,0.94,0.9992383052539529,1.0,398,4.2208162025938225e-05,0.18351024326789744,0.00197173642953552,0.00016449515495065015,2.0735302645162173e-05,2.053557679593107e-09,True,200,291,292
BBOB_F55,10,2,52,295,4,3,True,142,144,6,6,4,0.013744678965711396,0.013744670110189525,0.003537718131630785,0.003537713963898903,0.006990983708593947,0.006990989585348186,0.4064428070935122,0.4064037768054905,0.010645432750384362,0.010645426148537553,8.0,8,13.0,13,2.0,2,10.0,10,380,380,380.0,0.945,0.9991937989216434,1.0,398,3.492849493634887e-05,0.18350728658069024,0.001963932994089035,0.0001501217358823581,1.8837718305457906e-05,1.944312609291363e-09,True,200,294,295
BBOB_F55,10,2,53,299,5,3,True,147,147,9,9,5,0.010826977285514794,0.01082698754226874,0.0007370941688804658,0.0007370908704639884,0.006974896299586662,0.006974898268397336,0.3648198897238135,0.36428968941511447,0.007621417587940957,0.007621571106111803,12.0,12,19.0,19,4.0,4,16.0,16,372,372,372.0,0.785,0.9956953645456422,1.0,398,4.054421934572794e-05,0.18351714412630554,0.004341513219770832,0.0001732191845751352,2.1904057133609895e-05,1.4763949472185866e-09,True,200,298,299
BBOB_F55,10,2,54,304,4,3,True,148,148,5,5,4,0.011177261688860796,0.011177249003824385,0.001422449011164617,0.0014224497583893991,0.004947260667316641,0.004947269727347756,-1.235871985110478,-1.2360005126287186,0.011054354742850873,0.011054382494299513,7.0,7,11.0,11,2.0,2,8.0,8,372,372,372.0,0.965,0.9997494718665348,1.0,398,4.002742865220618e-05,0.18351998187492724,0.0019138266105827029,0.0001483894319942447,1.859711211943303e-05,1.4037962904524956e-09,True,200,303,304
DTLZ1,7,3,1,76,2,3,True,111,111,6,6,2,0.0949950709683761,0.09499506016281907,0.024518613754361415,0.0245186199831574,0.039108708406420764,0.03910871385523268,-2.215059976746032,-2.1685864802916583,0.18683120081498417,0.1870324605577728,8.0,8,12.0,12,4.0,4,10.0,10,296,296,296.0,0.7697368421052632,0.9996530010512996,1.0,302,0.029065375023671965,0.20447044910502443,4.828547352267407,1.2443271537908114,0.02173392508397645,3.302750859449147e-05,True,152,75,76
DTLZ1,7,3,2,78,4,3,True,101,101,9,9,4,0.10378932749468313,0.10378933598053511,0.001220359845387653,0.001220361061786579,0.026243104649211837,0.02624310344563767,-0.5580273882886204,-0.5461605697109352,0.09780616436670354,0.09778304246550823,12.0,12,19.0,19,2.0,2,16.0,16,296,296,296.0,0.7236842105263158,0.9995126492217555,1.0,302,0.019029238112839852,0.1879976803050719,2.4525663418209263,0.28196417778245175,0.007537603513187076,2.981793604840737e-05,True,152,77,78
DTLZ1,7,3,3,82,5,3,True,105,105,20,18,4,0.08210381984807075,0.08210382381291988,0.004322178116339601,0.004322191322090482,0.029129184510843974,0.027355590293168405,-0.2499104015433402,-0.24666117585404712,0.04046836413367602,0.03749323939470145,24.0,22,40.0,36,2.0,4,38.0,34,298,298,298.0,0.7631578947368421,0.9997884420251659,1.0,302,0.01003460154540799,0.18311154417273973,2.579562713481181,0.2063654091547562,0.005574388284357772,2.465374004761998e-05,True,152,81,82
DTLZ1,7,3,4,87,4,3,True,115,115,18,18,4,0.12388898686036498,0.1238889927224126,0.00031779126253150825,0.00031778997508286055,0.030026673321150672,0.03002667408179923,-0.5680143327777305,-0.5628199318046702,0.08460981204784646,0.08461263519636186,23.0,23,35.0,35,6.0,6,34.0,34,280,280,280.0,0.7302631578947368,0.9997521723557607,1.0,302,0.012773896568729102,0.1834417009606211,2.4212561371672336,0.20452564016250818,0.005787320493624445,1.5274437805116985e-05,True,152,86,87
DTLZ1,7,3,5,91,5,3,True,84,84,10,10,5,0.2155292194680165,0.21552923694514312,0.0,0.0,0.012577421129940074,0.012577406718855513,-3.2844288232644048,-3.2373473715784677,0.20539341511217646,0.20555099030390608,11.0,11,21.0,21,2.0,2,18.0,18,250,250,250.0,0.9078947368421053,0.999914181800583,1.0,302,0.011598641048363507,0.19210876028933885,3.0503846834757695,0.5707652075616672,0.013909609751040566,5.465251969201605e-06,True,152,90,91
DTLZ1,7,3,6,96,5,3,True,105,105,14,14,5,0.07640828462183367,0.07640827120134684,0.004981300343535777,0.004981330744134316,0.030740980997440666,0.030740967247419072,12.719123375912506,12.738626783547879,-0.5498425469578417,-0.5497959183264183,18.0,18,27.0,27,4.0,4,26.0,26,276,276,276.0,0.9342105263157895,0.9999552685376797,1.0,302,0.0014218217085827174,0.18243628475264712,5.499824163624794,0.8165488185304,0.013856650082849196,2.639797322109601e-11,True,152,95,96
DTLZ1,7,3,7,101,3,3,True,62,62,6,6,3,0.1277959201270045,0.12779600592701706,0.028292155070684333,0.0282922088440149,0.06949983370038507,0.06949979509892434,34.162565382547896,34.20547681207246,-1.9279386282497242,-1.927913670801163,8.0,8,13.0,13,2.0,2,10.0,10,300,300,300.0,0.9802631578947368,0.9999901325651829,1.0,302,0.0007395686961682329,0.18307395029066453,2.056687188393198,0.41123141386291895,0.010145442758466452,2.4772917635746607e-11,True,152,100,101
DTLZ1,7,3,8,104,5,3,True,91,91,15,15,5,0.3774524535712945,0.37745246402612564,0.002935369564095285,0.002935382030779296,0.011024779843052921,0.011024780180255331,-20.91200057703715,-20.871338553788167,-0.29227698393021523,-0.2922540898365277,17.0,17,29.0,29,4.0,4,28.0,28,302,302,302.0,0.9868421052631579,0.999994909249774,1.0,302,0.0013054296441136022,0.1835752412515392,1.9878204221845408,0.3312369055849853,0.009722658211981865,2.3367826965326794e-11,True,152,103,104
DTLZ1,7,3,9,109,3,3,True,120,120,5,5,3,0.08490927153607873,0.08490927595133514,0.008535078707609889,0.008535071543241193,0.015197857218678302,0.015197860435990343,1.4613648642093766,1.5451177939885343,0.10938380746035375,0.10944141898326008,7.0,7,11.0,11,2.0,2,8.0,8,302,302,302.0,0.9802631578947368,0.9999913381804078,1.0,302,0.0036155312091820232,0.18329860635261247,2.806621988324139,0.30672284230378644,0.008763050856121076,2.175041999215804e-11,True,152,108,109
DTLZ1,7,3,10,112,7,3,True,98,98,34,34,7,0.04077053697148367,0.04077050445376321,0.0009179750272995113,0.0009179788118276466,0.00808925320337264,0.008089245082243205,-27.078567322343588,-27.072302167961876,-0.24118947957175543,-0.2411626713610738,39.0,39,68.0,68,4.0,4,66.0,66,302,302,302.0,0.9539473684210527,0.9999806165768409,1.0,302,0.0014838639334682955,0.18449696842370605,1.960242850214172,0.27181696108713815,0.010796854903856673,1.939198986900101e-11,True,152,111,112
DTLZ1,7,3,11,119,6,3,True,102,102,36,36,6,0.042381840767430644,0.04238186378915663,0.0,0.0,0.01121529241843941,0.011215291996940921,1.3707944867396806,1.3927601935785843,0.023525350755913374,0.023549605862152642,41.0,41,74.0,74,10.0,10,68.0,68,298,298,298.0,0.9407894736842105,0.9999726268512306,1.0,302,0.0011298376457313279,0.1839391715320683,1.4084068903150637,0.13957262380708357,0.0028673587730181876,1.8132371750855363e-11,True,152,118,119
DTLZ1,7,3,12,125,5,3,True,66,66,29,29,5,0.18175409175285057,0.18175407112029587,1.568793607984462e-05,1.568724879611122e-05,0.0026717272324479186,0.0026717258348483617,-8.52379031610489,-8.535968225835045,-0.09132602716757796,-0.09132587529644261,31.0,31,58.0,58,10.0,10,56.0,56,300,300,300.0,0.9473684210526315,0.9999758750936267,1.0,302,0.0012487206845337132,0.18333143087465778,4.098012574894653,0.20794344428928557,0.0030772419911940917,1.7150201343104227e-11,True,152,124,125
DTLZ1,7,3,13,130,3,3,True,126,126,31,31,3,0.0678822126001593,0.06788221818311142,0.0,0.0,0.0154384344184113,0.015438443200436868,-160.44098135530948,-160.41563283432976,-0.017813474837417017,-0.01780409470820049,35.0,35,62.0,62,14.0,14,60.0,60,300,300,300.0,0.9342105263157895,0.9999611089177872,1.0,302,0.0009769054937121178,0.18365821818851497,2.285254243960935,0.3010276528366411,0.007143433597938256,1.6271420379746824e-11,True,152,129,130
DTLZ1,7,3,14,133,5,3,True,121,121,34,34,5,0.04010133722134479,0.040101339745628906,0.0,0.0,0.012678470858430244,0.012678475217559125,-63.66347714003764,-63.55846054918613,0.0013823262431651808,0.0014299562276671703,37.0,37,69.0,69,6.0,6,66.0,66,286,286,286.0,0.9539473684210527,0.9999783088454217,1.0,302,0.0007471773432805953,0.1835561293501089,2.3752467746903676,0.2238248771203466,0.006161384662831691,1.4964805676129944e-11,True,152,132,133
DTLZ1,7,3,15,138,2,3,True,77,77,10,10,2,0.07648257291221972,0.07648257896269609,0.001883171764959946,0.001883171180606682,0.01884831202432162,0.01884831140012415,-233.22800821800163,-233.25420353167402,0.0107386323314626,0.010727171020334048,13.0,13,21.0,21,2.0,2,18.0,18,284,284,284.0,1.0,1.0,1.0,302,0.00021326313957319157,0.18339725360529097,1.0366792322611218,0.12643248818434394,0.0044097312707892305,1.4297768895670788e-11,True,152,137,138
DTLZ1,7,3,16,140,3,3,True,87,87,8,8,3,0.12573605637036572,0.12573610548983244,0.005368129960030776,0.005368136002071311,0.03712609067851908,0.037126095984188215,-286.8416530949729,-286.84059351220185,0.021017457714227285,0.0210209100459609,11.0,11,17.0,17,2.0,2,14.0,14,290,290,290.0,0.9802631578947368,0.9999908380636268,1.0,302,0.00013694218719791725,0.18345019176643568,0.9035396124836552,0.09226448651496888,0.002289867424349673,1.3806213730394935e-11,True,152,139,140
DTLZ1,7,3,17,143,4,3,True,130,130,30,30,4,0.06690764688567537,0.06690765763989175,0.0020489849492745793,0.0020489885649327966,0.015076684451559803,0.015076689341496998,-65.8860201588669,-65.90364399909582,0.01873235212681799,0.01872770868466322,33.0,33,57.0,57,6.0,6,56.0,56,288,288,288.0,0.993421052631579,0.9999967302534181,1.0,302,0.00019418166550346617,0.18336622987933593,0.799162646788659,0.12315398105669217,0.0033265674067369773,1.3263007725156804e-11,True,152,142,143
DTLZ1,7,3,18,147,4,3,True,126,126,19,19,4,0.046189465148844575,0.046189468397792664,0.004292720758518193,0.004292717324150375,0.014030206438578621,0.01403021479336164,-67.90135820057927,-67.90140821724926,0.004934016920443529,0.004933930714236897,21.0,21,38.0,38,8.0,8,36.0,36,296,296,296.0,0.9736842105263158,0.9999828233274201,1.0,302,0.0004409878010017094,0.18341364762770063,2.512940847890775,0.12089194400272163,0.0015899929026584796,1.2089144412319606e-11,True,152,146,147
DTLZ1,7,3,19,151,3,3,True,102,102,17,17,3,0.07319180039377118,0.0731918011240408,0.0,0.0,0.0173156088212153,0.017315609598273107,-55.13402406644347,-55.13699531046653,0.008143914991821379,0.008145734999754633,19.0,19,34.0,34,2.0,2,32.0,32,296,296,296.0,1.0,1.0,1.0,302,0.0003904059950496269,0.18349058080512953,1.5888585835457434,0.1022803737439073,0.0022158438839842264,1.1663751419928725e-11,True,152,150,151
DTLZ1,7,3,20,154,7,3,True,67,67,22,22,7,0.20378232928325585,0.20378231902525712,7.943637356289113e-06,7.949354033531808e-06,0.007959107129236488,0.007959103117543276,-74.57600135830316,-74.59841936376804,0.005249696401499842,0.005244461120548364,25.0,25,44.0,44,6.0,6,42.0,42,284,284,284.0,0.9342105263157895,0.9999694086127325,1.0,302,0.0003939167530251015,0.18354315752403083,2.4819532356582386,0.16408428845710077,0.0038750918825449566,1.1314944836579315e-11,True,152,153,154
DTLZ1,7,3,21,161,6,3,True,97,97,32,32,6,0.06809315869360498,0.06809314112492797,0.0,0.0,0.009465032968123812,0.009465031639465743,-3.8369627282115992,-3.8311702724157506,0.05952505346524127,0.05951813613070618,34.0,34,66.0,66,4.0,4,62.0,62,298,298,298.0,0.9342105263157895,0.9999589579835204,1.0,302,0.0018015274889483033,0.1835831394476701,2.0421789449057997,0.1259221167739213,0.0011591080637044352,1.0460343466337001e-11,True,152,160,161
DTLZ1,7,3,22,167,4,3,True,108,108,19,19,4,0.1537218620082637,0.15372187588267672,0.0,0.0,0.011314462333588658,0.011314444592176804,-6.891516580910025,-6.89067564171418,0.09977839367401434,0.09977768031983816,22.0,22,39.0,39,8.0,8,36.0,36,290,290,290.0,0.9539473684210527,0.999957104642437,1.0,302,0.00033534840779997333,0.1836415430576474,3.1800242517713286,0.043027483180388515,0.0005931631840746733,9.925297113638069e-12,True,152,166,167
DTLZ1,7,3,23,171,4,3,True,131,131,21,21,4,0.13137004529879504,0.13137006172966367,0.0009182885522495932,0.0009183019850207946,0.015221450812240273,0.015221450899923633,-66.58793213144381,-66.587475159435,0.14795548775624373,0.14795875868527142,27.0,27,41.0,41,14.0,14,40.0,40,284,284,284.0,0.9605263157894737,0.9999807223766528,1.0,302,0.0004145758569211928,0.18368106061364053,2.537367173071061,0.11545339743640426,0.0005800814034332797,9.656815815748825e-12,True,152,170,171
DTLZ1,7,3,24,175,7,3,True,122,122,26,26,7,0.07334414083624972,0.07334413781409213,0.0,0.0,0.017596995512172944,0.017596996342063537,-49.99748862130301,-49.899291099771304,0.12886405754741204,0.12888600278425455,28.0,28,53.0,53,8.0,8,48.0,48,282,282,282.0,1.0,1.0,1.0,302,0.00022892389378855165,0.18367349545797734,2.479974234145857,0.0905988681658414,0.00027946414615045913,9.39125384297374e-12,True,152,174,175
DTLZ1,7,3,25,182,2,3,True,106,106,15,15,2,0.09199353651840299,0.09199355887731037,0.0021596359661063516,0.002159636784246681,0.03762578536442113,0.037625770692291324,-39.768107571444666,-39.681636198955324,0.0221707476398473,0.02218764001123533,19.0,19,30.0,30,6.0,6,28.0,28,300,300,300.0,0.9868421052631579,0.9999900259272414,1.0,302,0.0003250107877853659,0.1836352857582269,2.428258467500882,0.09481817366883849,0.0005098750970527011,8.814745233450865e-12,True,152,181,182
DTLZ1,7,3,26,184,6,3,True,110,110,15,15,6,0.18060503405000802,0.18060503703146502,0.0,0.0,0.013117677461671676,0.013117664838009874,-20.74326891225317,-20.746749913286816,0.16017708457739235,0.16017665117519345,17.0,17,32.0,32,8.0,8,26.0,26,284,284,284.0,0.993421052631579,0.9999980168929576,1.0,302,0.000975904469056727,0.18428379078624524,2.426154726750724,0.18711952715094782,0.001243632447302528,8.682726104685572e-12,True,152,183,184
DTLZ1,7,3,27,190,5,3,True,67,67,21,21,5,0.1944999403921946,0.1944999423831627,0.0,0.0,0.016776400240734346,0.016776403123367256,-12.339583659485767,-12.342775478430559,0.057981826267500494,0.05798211911263127,24.0,24,42.0,42,6.0,6,40.0,40,298,298,298.0,0.9868421052631579,0.9999958958472029,1.0,302,0.00043817554651673086,0.18364439129494825,1.3434699670706323,0.03973800214095213,0.00029121263055512976,8.383030964585578e-12,True,152,189,190
DTLZ1,7,3,28,195,3,3,True,98,98,17,17,3,0.09442726882865264,0.09442722788134753,0.0,0.0,0.03293249415576769,0.032932496298802495,-16.286016601553328,-16.294930783207484,0.0569860406380491,0.05698522068534079,20.0,20,33.0,33,4.0,4,32.0,32,298,298,298.0,0.9736842105263158,0.9999904143264083,1.0,302,0.0014973992796071707,0.1834871360257994,1.467038004926053,0.07188029545608288,0.0006733450487288077,8.093885872572527e-12,True,152,194,195
DTLZ1,7,3,29,198,4,3,True,79,79,23,23,4,0.0881263398354688,0.08812633878422538,0.0008783425056307914,0.0008783414823680391,0.01818464150197966,0.018184619669319006,2.9430121394118878,2.9856636137708494,0.15409594551386085,0.15410066841564207,26.0,26,47.0,47,8.0,8,44.0,44,300,300,300.0,0.993421052631579,0.9999979906776716,1.0,302,0.0012236024176161887,0.1831102299476483,1.4829223841716157,0.21315067867392656,0.0013493240845567742,7.966643767009967e-12,True,152,197,198
DTLZ1,7,3,30,202,5,3,True,103,103,22,22,5,0.06075216288056274,0.06075216107330651,0.0,0.0,0.0032767446829513446,0.003276748025576667,-16.511086176380072,-16.364013743636164,0.058779621444595836,0.05879699066295385,27.0,27,42.0,42,6.0,6,42.0,42,302,302,302.0,0.9407894736842105,0.9999465764723264,1.0,302,0.0015822670788684522,0.1842374867556174,2.1716600116687914,0.10003744906389045,0.0009041964188892551,7.789351052602215e-12,True,152,201,202
DTLZ1,7,3,31,207,8,3,True,115,115,24,24,8,0.06478616566815276,0.06478616547206328,0.0010835277276584343,0.0010834979514169618,0.01367633214604606,0.013676332112646423,3.2370998009247476,3.2534441904417672,0.09274593865872101,0.09274763615335954,26.0,26,49.0,49,4.0,4,46.0,46,300,300,300.0,0.9868421052631579,0.9999951439516692,1.0,302,0.0010798805969294751,0.18331639034344538,1.049500745731848,0.04586596732861459,0.0003883039492455134,7.02584848294852e-12,True,152,206,207
DTLZ2,12,3,1,131,4,3,True,166,166,13,13,4,0.08485897685169723,0.08485894396853393,0.019657394667483702,0.019657400793658696,0.03885704216306364,0.0388570333064844,-0.5196995934800048,-0.5252751797650832,0.12107919041307894,0.12103114840425563,16.0,16,27.0,27,6.0,6,24.0,24,394,394,394.0,0.64,0.9997112198189175,1.0,398,0.024903635271504205,0.18453460500172836,0.009483427631029662,0.003171887088820269,0.007319734082777659,8.952328124253373e-05,True,200,130,131
DTLZ2,12,3,2,135,4,3,True,156,156,26,26,4,0.08125659938170082,0.08125659072302954,0.008803337791245813,0.008803336405568352,0.02836531185200617,0.028365309227856496,0.5794187818158689,0.5737643556651759,0.1463134081941572,0.14629706659868502,30.0,30,52.0,52,4.0,4,50.0,50,388,388,388.0,0.65,0.9997245489624037,1.0,398,0.010953354302401748,0.18894369034883726,0.008693569979122628,0.001750585383437378,0.003983531467027506,4.1601377211982465e-05,True,200,134,135
DTLZ2,12,3,3,139,5,3,True,157,157,20,20,5,0.07028793635123631,0.0702879447274603,0.008558972491575223,0.008558953186635798,0.029298362826825845,0.029298362142559656,0.2897665888537473,0.28596413766643397,0.12849707603397714,0.12848151639557132,23.0,23,41.0,41,8.0,8,38.0,38,396,396,396.0,0.76,0.9997677852372123,1.0,398,0.00431532588972207,0.1845969679527117,0.011159895525732377,0.0011023344162939819,0.002451616678239149,2.1817370241382035e-05,True,200,138,139
DTLZ2,12,3,4,144,3,3,True,155,155,20,20,3,0.07838930066698568,0.07838929960119169,0.0034668082303987574,0.00346680883756768,0.03506675738346114,0.035066753167458595,0.8389246562708794,0.8393618834490661,0.11167454316103972,0.11167182054893363,25.0,25,39.0,39,8.0,8,36.0,36,390,390,390.0,0.66,0.9997352585275955,1.0,398,0.0035573267502347237,0.18419460435100593,0.0122858291144341,0.0011054874751195015,0.002519395386653317,1.8445103073848034e-06,True,200,143,144
DTLZ2,12,3,5,147,4,3,True,173,173,19,18,4,0.06847022833771932,0.06847022561409474,0.0024100194139166364,0.002410018827411202,0.03113772962058936,0.030917105233441735,0.8736102234354997,0.873972724947105,0.10415887493622931,0.11008467127662566,22.0,21,37.0,35,4.0,4,36.0,34,384,384,384.0,0.65,0.9995608066549874,1.0,398,0.003977364128471529,0.1850606694670308,0.008885442689429146,0.0011028041708376346,0.0028614886821768846,1.647187972185242e-06,True,200,146,147
DTLZ2,12,3,6,151,3,3,True,168,168,15,15,3,0.066795331604949,0.0667953064264698,0.012351504462593255,0.012351503691731214,0.04510403432069586,0.04510403225897067,0.9390854884916022,0.9350794594610944,0.04738563850376896,0.04737936228176172,18.0,18,30.0,30,6.0,6,28.0,28,382,382,382.0,0.735,0.999740074059753,1.0,398,0.0027480132145250393,0.18404681846610627,0.00823661817226995,0.000837389657389595,0.0018756836063259146,1.5509497710540446e-06,True,200,150,151
DTLZ2,12,3,7,154,4,3,True,167,167,20,20,4,0.08190165955760612,0.08190166755667251,0.0009276079142412075,0.000927607472063191,0.026635964087693413,0.0266359558405573,0.8784960043565335,0.8793523199093389,0.0686878339399829,0.06868751857759539,24.0,24,39.0,39,4.0,4,36.0,36,386,386,386.0,0.73,0.9997652488644165,1.0,398,0.0029266347064051015,0.18425023238574134,0.01640776012985734,0.0008886790051214587,0.0020897550549794927,9.91817187302322e-07,True,200,153,154
DTLZ2,12,3,8,158,5,3,True,156,156,22,22,5,0.0707391018627362,0.07073910694946307,0.007943280295945265,0.007943267677566701,0.029465953718002307,0.029465934586329907,0.7755373469817122,0.7793218846604263,0.03625950675239052,0.03626237929559475,27.0,27,43.0,43,12.0,12,42.0,42,396,396,396.0,0.86,0.9999397150871715,1.0,398,0.00276652016623168,0.18283778263809586,0.02799758841729938,0.0008873974428993125,0.0020108709347647223,5.555128489399435e-07,True,200,157,158
DTLZ2,12,3,9,163,3,3,True,177,177,11,11,3,0.10624348671354679,0.10624348419993282,0.004383775605738317,0.004383778516472427,0.03245012100723699,0.03245008618256362,0.6776434851724011,0.6792645031635997,0.033202384427768517,0.03319510129788897,13.0,13,21.0,21,4.0,4,20.0,20,382,382,382.0,0.71,0.9998234790062316,1.0,398,0.0023252421075010614,0.18378444548650708,0.007696775525230848,0.0006191010951439972,0.0013843372515191736,4.798559436107266e-07,True,200,162,163
DTLZ2,12,3,10,166,6,3,True,164,164,21,21,6,0.11183793009428548,0.11183793383340745,0.0021331271231239124,0.0021331314121054157,0.02591521885449642,0.025915244683672074,0.9460983777855225,0.947500970699644,0.04570012412330915,0.045693963509345285,26.0,26,41.0,41,4.0,6,40.0,40,358,358,358.0,0.84,0.999904175665486,1.0,398,0.0017692863249502107,0.18413368837064686,0.01587829056083212,0.000560237975282589,0.0013045525828495597,4.6799029865748325e-07,True,200,165,166
DTLZ2,12,3,11,172,4,3,True,167,167,11,11,4,0.06751731270032992,0.06751731192587308,0.001116915514348944,0.001116916754949621,0.024007063278067748,0.024007069302172418,0.7437707657150132,0.7427108225766514,0.061405332391677565,0.06140182806216046,13.0,13,23.0,23,2.0,2,20.0,20,372,372,372.0,0.81,0.9999235491194101,1.0,398,0.0016712631440124323,0.18430232957797366,0.0057657598003779675,0.00048411799302544947,0.0010727232003290832,4.2695899017660377e-07,True,200,171,172
DTLZ2,12,3,12,176,2,3,True,162,162,25,26,2,0.075182675144103,0.07518267277107477,0.007899765621842865,0.007899765487095943,0.028564378046960767,0.02922914457601392,1.0011442258790093,0.9954026310776953,0.03643079992494047,0.035376242977444766,30.0,31,51.0,53,0.0,2,48.0,50,364,364,364.0,0.835,0.9998975337174482,1.0,398,0.0012288960037510248,0.1839878049894966,0.012400865243774373,0.0003602676943976757,0.000791768428854743,4.157990683918392e-07,True,200,175,176
DTLZ2,12,3,13,178,3,3,True,158,158,13,13,3,0.07416620329310251,0.07416619908609676,0.010120199679637731,0.010120199332505742,0.031388954596662244,0.03138891228777063,0.9074479259959389,0.9077979344448399,0.02229000291609039,0.022290888281248127,17.0,17,25.0,25,6.0,6,24.0,24,398,398,398.0,0.865,0.9999151188798693,1.0,398,0.0013857214919552265,0.1836940369773984,0.013827004508019991,0.00042273153863749136,0.0009541191397699026,4.053123839554202e-07,True,200,177,178
DTLZ2,12,3,14,181,4,3,True,158,158,20,20,4,0.07043725974097557,0.0704372487024873,0.005480433260136808,0.005480409143503895,0.03074028917744849,0.03074027946937094,0.951127208998475,0.9514443700664668,0.03927484309460838,0.039275770521368505,23.0,23,40.0,40,4.0,4,36.0,36,358,358,358.0,0.905,0.9999099534724805,1.0,398,0.0010777031609273723,0.1838263934664532,0.01421691375668166,0.0003489242632768227,0.0007889424102023399,3.8542693749689614e-07,True,200,180,181
DTLZ2,12,3,15,185,2,3,True,161,161,26,26,2,0.10929922732711872,0.10929920989396003,0.0028806960766066814,0.0028806954211260116,0.03833912326304992,0.03833913044120603,1.011816299588156,1.010010442001522,0.05328067162564573,0.05327461182198777,32.0,32,50.0,50,12.0,12,50.0,50,394,394,394.0,0.835,0.999940088914893,1.0,398,0.0012360911184513923,0.18375987408386527,0.02150360887563396,0.0003706802014864785,0.0008288685963538759,3.534410470688392e-07,True,200,184,185
DTLZ2,12,3,16,187,5,3,True,165,165,23,23,5,0.07180932643793325,0.07180931449185884,0.0009087259410608395,0.0009087260353162208,0.02246575438340791,0.022465751624163116,0.9209192183169894,0.9220756244101547,0.048323059044281004,0.04832707534440979,27.0,27,45.0,45,8.0,8,44.0,44,390,390,390.0,0.915,0.999978752853089,1.0,398,0.0011156096462845721,0.18360932372647076,0.021914381014635165,0.0003336655046810126,0.0007748404861221606,3.4801815956869173e-07,True,200,186,187
DTLZ2,12,3,17,192,4,3,True,164,164,25,25,4,0.09131100930288234,0.09131099637161207,0.004348199456425811,0.004348209206382098,0.02735253833598461,0.027352535411830057,0.9860457096100013,0.9861613116146317,0.05580891706913749,0.05580535530308524,29.0,29,51.0,51,12.0,12,48.0,48,388,388,388.0,0.865,0.9999624317429571,1.0,398,0.000924712191551249,0.18361575804213348,0.005363687735578493,0.00026173166709339557,0.0005627589467984169,3.365251193995281e-07,True,200,191,192
DTLZ2,12,3,18,196,2,3,True,172,172,14,14,2,0.08169898993752461,0.08169897452007223,0.0021076546224361725,0.0021076460762968763,0.03703108322293386,0.03703106954754659,0.8812882720791646,0.8813673899509846,0.04101171176169836,0.04101604884893731,17.0,17,28.0,28,8.0,8,26.0,26,368,368,368.0,0.82,0.9999252337666263,1.0,398,0.0010583972728547414,0.1835795307447514,0.021809435811436018,0.0002793469247451552,0.0006547388898661171,2.946341437761244e-07,True,200,195,196
DTLZ2,12,3,19,198,3,3,True,162,162,18,19,3,0.06834720438338351,0.06834720494123361,0.008307961987728318,0.008307944232349596,0.028602377105526773,0.02717433500570137,0.8525164204357871,0.8640581517316058,0.03985209095437596,0.04175228469981977,21.0,22,34.0,38,4.0,6,34.0,36,378,380,378.0,0.87,0.9999669299525817,1.0,398,0.0010027356776029328,0.18358043491382792,0.007990727246095064,0.00028225393922573505,0.0006038891162858097,2.831808987652587e-07,True,200,197,198
DTLZ2,12,3,20,201,5,3,True,172,172,23,24,5,0.06929250906096451,0.06929249795218795,0.0013696679352371705,0.0013696675873112827,0.022475168948157973,0.022403824166934795,0.9560913353730016,0.950989958789359,0.051071441060793886,0.050089574045596275,25.0,26,46.0,48,10.0,10,44.0,46,374,374,374.0,0.835,0.9999164572442326,1.0,398,0.0009412795138414995,0.18357175138181506,0.004851628896236582,0.00023660988069618138,0.0005409817643207116,2.704473418531544e-07,True,200,200,201
DTLZ2,12,3,21,206,2,3,True,171,171,7,7,2,0.07586114782228039,0.07586115607906967,0.015501672435791394,0.015501663633997432,0.0483135582598998,0.04831354796111342,0.8109651753704297,0.8082459281792514,0.05079184264895106,0.0507863919041905,10.0,10,14.0,14,4.0,4,12.0,12,390,390,390.0,0.885,0.9999530277706938,1.0,398,0.0008485542294167504,0.1838143069322672,0.00953371333498687,0.00025671949534941674,0.0005751982234157087,2.3955508684271035e-07,True,200,205,206
DTLZ2,12,3,22,208,4,3,True,167,167,22,22,4,0.08348182337048264,0.08348184107717822,0.0005440588815562863,0.0005440678377094388,0.02423648766855363,0.024236498903852433,0.9136463224057954,0.9133409408777431,0.045981493586711955,0.0459817940718399,28.0,28,42.0,42,8.0,8,40.0,40,398,398,398.0,0.915,0.999978333310516,1.0,398,0.0007106958199153894,0.1836752352589745,0.006921873601634099,0.00018322857833014128,0.0004058072682918556,2.26409629840946e-07,True,200,207,208
DTLZ2,12,3,23,212,5,3,True,167,167,19,19,5,0.10743681777982386,0.10743681729159564,0.01313171981732264,0.013131742767477195,0.027989523993280918,0.027989512784123982,1.0333322723032872,1.0330409517443486,0.04915703180325214,0.04915576644763509,22.0,22,39.0,39,4.0,4,36.0,36,386,386,386.0,0.87,0.9999487308959315,1.0,398,0.0009017187463223016,0.18365802678428267,0.006887235283151716,0.00024634014738279553,0.0005380923888167174,2.111315783263923e-07,True,200,211,212
DTLZ2,12,3,24,217,3,3,True,157,157,22,22,3,0.07053950188855984,0.07053951230849313,0.0017294940172970959,0.0017295012232413226,0.026360381184747504,0.026360370857343593,1.1031131057409627,1.1018378915420108,0.04783600019528122,0.047834623137819735,25.0,25,45.0,45,4.0,4,42.0,42,388,388,388.0,0.89,0.9999704645630952,1.0,398,0.0008332873499229793,0.18359150014265857,0.023233226852068967,0.00020744325184351986,0.00046871183462395346,1.6537618363992483e-07,True,200,216,217
DTLZ2,12,3,25,220,4,3,True,160,160,14,14,4,0.11838058061012163,0.11838058140355204,0.009242804198526633,0.009242817992215602,0.045289320740750816,0.0452893084774231,0.9381469137297946,0.9364376095709304,0.03184958715745714,0.03184700586219823,17.0,17,29.0,29,6.0,6,26.0,26,384,384,384.0,0.935,0.9999848413493293,1.0,398,0.000867120527603463,0.18394944657390727,0.004517993061827319,0.00025796646581689286,0.0005527205451803641,1.408779578083995e-07,True,200,219,220
DTLZ2,12,3,26,224,5,3,True,154,154,21,21,5,0.07205574426633596,0.07205573234911622,0.004939223475614207,0.00493922373747438,0.028561831890513447,0.028561827474742243,0.9980974838486611,0.9974979562195283,0.04612555570508505,0.0461230382067957,25.0,25,42.0,42,2.0,2,38.0,38,392,392,392.0,0.91,0.9999799318454315,1.0,398,0.0008106925159153674,0.18368359327167966,0.024479644926248323,0.00023182917935832964,0.0004956788535818351,1.2526466786707183e-07,True,200,223,224
DTLZ2,12,3,27,229,4,3,True,168,168,33,33,4,0.06909786456454786,0.06909786801392055,0.002192621520484295,0.0021926085277432614,0.021689791054588906,0.021689785273925084,0.9236537913131828,0.923288511072266,0.03728263370106868,0.037283147558624545,37.0,37,66.0,66,0.0,0,64.0,64,392,392,392.0,0.83,0.9999300629869294,1.0,398,0.0008124430727227797,0.18383043210305305,0.01625099952207476,0.00020147954753449437,0.000460262397496037,1.1069547289192944e-07,True,200,228,229
DTLZ2,12,3,28,233,7,3,True,165,165,26,26,7,0.0736236294394144,0.07362362910532409,0.0008632494577463247,0.0008632480150624349,0.014997046154077442,0.014997046410184806,1.219146587397789,1.2175609092878887,0.057112632219241365,0.057112064069432575,31.0,31,53.0,53,2.0,2,50.0,50,396,396,396.0,0.92,0.9999823885291977,1.0,398,0.0005911743267546837,0.18363550581976434,0.020824931211552045,0.0001629146413666821,0.00036434971891696326,1.0490155915124504e-07,True,200,232,233
DTLZ2,12,3,29,240,4,3,True,164,164,18,18,4,0.06049005008415215,0.060490063241568526,0.0009008694930125044,0.0009008726694903768,0.0209949539618289,0.020994935492046292,0.9538700168853818,0.9537992416656591,0.032922664929908904,0.032922137775752765,21.0,21,36.0,36,8.0,8,34.0,34,392,392,392.0,0.92,0.999960927273652,1.0,398,0.0005079427264691016,0.18353645135735214,0.004799576293645247,0.00013124954425685828,0.0002930519408011589,9.038726466870879e-08,True,200,239,240
DTLZ2,12,3,30,244,4,3,True,171,171,21,21,4,0.054613832005229755,0.054613843720265315,0.0015025496467644794,0.001502549704045085,0.022221160866339948,0.02222117018728741,0.8971874179449695,0.8976993044579176,0.03073407345787762,0.030731599786998687,24.0,24,43.0,43,8.0,8,40.0,40,380,380,380.0,0.94,0.9999842737038895,1.0,398,0.0005062799382279582,0.1836340139674107,0.018585768872080077,0.00011129714707270102,0.0002497078623903055,8.15846479075151e-08,True,200,243,244
DTLZ2,12,3,31,248,4,3,True,151,151,18,18,4,0.06531989275199912,0.06531990694329787,0.0017096676911441593,0.0017096637141706692,0.029852037560224375,0.029852040540429534,0.9337555647767042,0.9336387896447532,0.034011521105594814,0.03401180512236768,21.0,21,35.0,35,0.0,0,34.0,34,394,394,394.0,0.93,0.9999832054297298,1.0,398,0.00045767609849670126,0.18350049370106236,0.004836444433187426,9.929881602988022e-05,0.0002291185094807369,7.532912448524528e-08,True,200,247,248
DTLZ2,12,3,32,252,3,3,True,171,171,15,15,3,0.0672151349660638,0.06721511187153373,0.0,0.0,0.027654940288102323,0.027654908454796002,0.9124492714509538,0.9125561162547581,0.03632687794621934,0.0363256800372248,20.0,20,30.0,30,6.0,6,26.0,26,392,392,392.0,0.95,0.9999751462716566,1.0,398,0.0004352099029293811,0.18356850517904327,0.006147341276883989,0.00011423438499803817,0.0002482675608024318,6.443846890373311e-08,True,200,251,252
DTLZ2,12,3,33,255,3,3,True,168,168,11,11,3,0.06851085728538853,0.06851086400167145,0.0013149284230725617,0.0013149303672724173,0.03290946128127892,0.032909415314432255,0.9720270834548752,0.971278222612824,0.048736893516711885,0.048735111746963634,13.0,13,23.0,23,4.0,4,20.0,20,388,388,388.0,0.935,0.9999743442219938,1.0,398,0.00044700948024480665,0.18365213830341798,0.0036524246801530325,9.956972641128603e-05,0.00021182089961972752,5.847529371132649e-08,True,200,254,255
DTLZ2,12,3,34,258,4,3,True,165,165,17,17,4,0.06135178425155939,0.06135175058469373,0.0,0.0,0.016947812852361594,0.016947808169120792,1.0637582745721024,1.0638044403164244,0.03619245003892222,0.036192662589940965,20.0,20,35.0,35,4.0,4,32.0,32,398,398,398.0,0.94,0.9999640600119934,1.0,398,0.00041407847973399137,0.18357477038575523,0.006918634535387547,9.908331653603504e-05,0.00020834265029022835,5.731272032078844e-08,True,200,257,258
DTLZ2,12,3,35,262,3,3,True,164,164,12,12,3,0.0809495472378908,0.08094953993642835,0.0005102273829727944,0.0005102334927615804,0.02035335027387848,0.02035335001407929,0.7298292365700481,0.7281837717445752,0.02362716819554165,0.02362537199414003,15.0,15,25.0,25,4.0,4,22.0,22,376,376,376.0,0.96,0.9999854608304678,1.0,398,0.0004978489345046858,0.18360673048127732,0.0022034106379376084,0.00010723013766494871,0.00023422915255554358,3.7741191128827985e-08,True,200,261,262
DTLZ2,12,3,36,265,4,3,True,168,168,21,21,4,0.100069542701831,0.10006954244930194,0.0,0.0,0.02757609350295753,0.02757605737610483,0.8982918601327152,0.898506432405825,0.024196576517055115,0.024200881246667298,23.0,23,41.0,41,8.0,8,40.0,40,390,390,390.0,0.93,0.9999840059962924,1.0,398,0.0005136707892444954,0.18362256204720473,0.0018955980312300724,0.00011453261639554624,0.00024840950567937614,3.6096304751021596e-08,True,200,264,265
DTLZ2,12,3,37,269,3,3,True,166,166,19,19,3,0.05844025379980741,0.05844026190842569,0.0035508730427481483,0.0035508980794751732,0.027149137182724697,0.027149147242509997,0.8544785891441267,0.8539428729344286,0.02110063308869417,0.021100319671813583,23.0,23,37.0,37,8.0,8,34.0,34,392,392,392.0,0.915,0.9999769488771927,1.0,398,0.0004259267305431716,0.183634449902219,0.006147050209500904,9.383966389520104e-05,0.00020967187742094426,2.0287697279118604e-08,True,200,268,269
DTLZ2,12,3,38,272,3,3,True,161,161,15,15,3,0.08711574828178725,0.08711573835569875,0.00378286749864791,0.0037828665676078455,0.037584460933179076,0.037584458253442476,0.8916483731356277,0.891199022776105,0.030815094273594027,0.030814756218054677,19.0,19,28.0,28,6.0,6,28.0,28,382,382,382.0,0.955,0.9999882807825875,1.0,398,0.0004976943866775909,0.183670728766626,0.003770897358794212,0.00010829531467217027,0.00025304415109383044,1.8464880420816594e-08,True,200,271,272
DTLZ2,12,3,39,275,3,3,True,167,167,13,13,3,0.06932357166658192,0.06932357525431365,0.008905502501697941,0.008905502244797876,0.05077378851402294,0.05077379503735344,1.0539233392017957,1.0541442455638508,0.02607198630106254,0.02607032038893154,17.0,17,27.0,27,4.0,4,24.0,24,390,390,390.0,0.925,0.9999790035418934,1.0,398,0.00034528170529081557,0.18361020652134236,0.0029780412968787306,8.576198608969965e-05,0.00020367751445348516,1.7975173889460367e-08,True,200,274,275
DTLZ2,12,3,40,278,4,3,True,152,152,10,10,4,0.07026198009759498,0.07026196102310213,0.008534544348379886,0.008534544815037848,0.03180882719767231,0.03180881507653743,0.6028702162939488,0.6023258185356065,0.02168646964161025,0.021687182907444667,12.0,12,21.0,21,6.0,6,18.0,18,374,374,374.0,0.98,0.9999949992377348,1.0,398,0.0005368827232262671,0.18370913858553467,0.016282962305770088,0.00015483575532384067,0.0003486121290417242,1.7431412702653082e-08,True,200,277,278
DTLZ2,12,3,41,282,3,3,True,167,167,22,22,3,0.07819537579657476,0.07819539364772406,0.0015189625266474605,0.0015189622176700196,0.022299241884889312,0.02229924970602957,0.7948753712467118,0.7959107810739342,0.019937103794617512,0.019937092977449195,27.0,27,41.0,41,6.0,6,42.0,42,382,382,382.0,0.96,0.9999904886359267,1.0,398,0.0003196565252935915,0.18358885762201732,0.006670853808616428,7.365031324738092e-05,0.00017158599071360228,1.634384439584116e-08,True,200,281,282
DTLZ2,12,3,42,285,4,3,True,167,167,11,11,4,0.08113528047494889,0.08113527121523675,0.003898998929625863,0.0038990279229806912,0.03997108567317742,0.039971093160767635,1.099029523690568,1.0994921005880371,0.03188987689448284,0.03189046449617333,14.0,14,23.0,23,0.0,0,20.0,20,384,384,384.0,0.955,0.9999884350532622,1.0,398,0.00036264754402371704,0.18361784625509547,0.005224497069959755,7.72333571543507e-05,0.0001669305184605026,1.3643894170967242e-08,True,200,284,285
DTLZ2,12,3,43,289,3,3,True,171,171,11,11,3,0.08826673771302496,0.08826674513836175,0.0037548396306053573,0.0037548531349493952,0.03998954499935631,0.03998953961348761,1.0744012930211007,1.0736754310668997,0.041122789528751875,0.04112050232751824,13.0,13,22.0,22,6.0,6,20.0,20,384,384,384.0,0.95,0.9999802871266553,1.0,398,0.00034926216571904795,0.1835842648250383,0.003043947700984928,7.22294583548333e-05,0.0001609287508092897,1.2148775414630466e-08,True,200,288,289
DTLZ2,12,3,44,292,2,3,True,165,165,10,10,2,0.06326860247711186,0.06326859218316438,0.0007258630953378802,0.0007258607791226362,0.01406380476628763,0.01406380539205998,0.7202301865172309,0.719798620072978,0.03975603757655921,0.0397555218354614,12.0,12,21.0,21,6.0,6,18.0,18,394,394,394.0,0.945,0.9999880503603564,1.0,398,0.000446234157933072,0.1836132391249245,0.03668063114956421,9.420222269557188e-05,0.00020807908880788754,1.1950429481528518e-08,True,200,291,292
DTLZ2,12,3,45,294,3,3,True,176,176,20,20,3,0.06022228419088622,0.06022227434774396,0.006484176536338404,0.006484199946702001,0.030070030512784982,0.030070027020236343,0.944851345870374,0.9446652899134496,0.020528512256325515,0.020528488109189946,24.0,24,40.0,40,10.0,10,38.0,38,376,376,376.0,0.96,0.9999876269391498,1.0,398,0.0003104571847661945,0.18362438543227083,0.007689363973814922,6.700153552730015e-05,0.00015330915797749834,1.15593875412152e-08,True,200,293,294
DTLZ2,12,3,46,297,4,3,True,165,165,16,16,4,0.05859973664897285,0.05859974253862911,0.0026996274155435263,0.0026996303101527452,0.01797696591249081,0.01797696340865885,1.1837166472428438,1.1834772909336346,0.03927828675703022,0.03927747689474838,19.0,19,32.0,32,6.0,6,30.0,30,388,388,388.0,0.965,0.9999917074363655,1.0,398,0.0003782179439857104,0.18355904439254989,0.008770470172189793,8.350892021726734e-05,0.00019017347857636538,1.1050290751353056e-08,True,200,296,297
DTLZ2,12,3,47,301,3,3,True,164,164,20,20,3,0.0657534389267091,0.06575343852981658,0.0011349394761051039,0.0011349393693148527,0.02161691035514742,0.021616908636618574,0.8819254991460754,0.881888108616022,0.03148133617186418,0.03148058435350656,23.0,23,41.0,41,10.0,10,38.0,38,382,382,382.0,0.98,0.999995046994712,1.0,398,0.0003259051338645238,0.18367633497943225,0.002931455248585735,7.562403856422846e-05,0.00017802705746571812,1.0513891929610718e-08,True,200,300,301
DTLZ2,12,3,48,304,3,3,True,159,159,23,23,3,0.07394743351553018,0.07394743896962068,0.0017156805019346022,0.0017156699617248972,0.029149065139407737,0.029149067425199515,0.8619455113952617,0.8621306299901145,0.02528442917868565,0.025284206121316904,28.0,28,47.0,47,6.0,6,44.0,44,398,398,398.0,0.95,0.9999859193704523,1.0,398,0.0002972984505832338,0.1836295591978701,0.0027615350835252794,6.657279280326053e-05,0.00014739089421581992,1.0102056503124226e-08,True,200,303,304
DTLZ2,12,3,49,307,4,3,True,160,160,14,15,4,0.07812997598221677,0.07812996874120187,0.00943125372214837,0.0023890665097598407,0.026113382201169294,0.019866297887019768,0.9283804936092133,0.9121987631250049,0.024617936622702133,0.024132120667584637,17.0,18,28.0,31,8.0,6,26.0,28,388,388,388.0,0.955,0.9999891717492364,1.0,398,0.00026008374692341,0.18359655959045657,0.002309194316016505,4.9933675559249435e-05,0.00010715539195824273,9.735072332710618e-09,True,200,306,307
DTLZ2,12,3,50,311,4,3,True,161,161,19,19,4,0.06682211958218301,0.0668221318704632,0.0009013748454589354,0.0009013600404018662,0.024297076061610776,0.024297091284621965,0.9500222709271822,0.9493175834889263,0.021310755910130035,0.021309875874989573,23.0,23,38.0,38,4.0,4,36.0,36,384,384,384.0,0.915,0.9999677644229289,1.0,398,0.00030574770689534487,0.18364435947990448,0.0035907341730965214,7.976155167710441e-05,0.00017472633248085133,9.084467384316962e-09,True,200,310,311
DTLZ2,12,3,51,315,3,3,True,170,170,23,23,3,0.08649701978076195,0.08649702998526987,0.009980416456194796,0.009980425609790344,0.03017777080176189,0.030177763967028443,0.9371966874232238,0.9379723666499509,0.023962948632558385,0.023963068774440033,30.0,30,45.0,45,10.0,10,42.0,42,392,392,392.0,0.945,0.999975750949015,1.0,398,0.00022126565519181796,0.1835791954905615,0.0026103794615235376,5.8529526461278524e-05,0.00013235243778255982,8.892618127647585e-09,True,200,314,315
DTLZ2,12,3,52,318,4,3,True,170,170,17,17,4,0.08931034595454901,0.08931035935862985,0.0002812334157356322,0.0002812343476786966,0.025823434113273258,0.025823403026928204,0.8235043652464857,0.8237095045443452,0.01689622599251083,0.016895632865417287,20.0,20,33.0,33,6.0,6,32.0,32,390,390,390.0,0.97,0.9999929060609009,1.0,398,0.00021794432644131351,0.1836070793324718,0.0027849706698619414,4.3863993272497126e-05,9.238717646549705e-05,8.485613026570262e-09,True,200,317,318
DTLZ2,12,3,53,322,4,3,True,160,160,15,15,4,0.06906201512956123,0.06906201799603612,0.0030977672353830754,0.003097795551249616,0.029152383434137695,0.02915240669421799,0.8663060652216696,0.866223113349406,0.014013110653544335,0.01401310098697195,17.0,17,29.0,29,8.0,8,28.0,28,390,390,390.0,0.955,0.9999694347092242,1.0,398,0.00022192049509716006,0.18360389373839509,0.009709730740141254,5.2944909407770524e-05,0.00011649240021269756,7.927851870265629e-09,True,200,321,322
DTLZ2,12,3,54,326,3,3,True,161,161,30,30,3,0.11152523636172264,0.11152522489071347,0.0002483025059460964,0.0002482625716615505,0.030064981316864192,0.030065000501025674,1.3502968083732436,1.3503648665646324,0.028096001405804545,0.028096088513080986,36.0,36,59.0,59,10.0,10,58.0,58,392,392,392.0,0.955,0.9999870517661917,1.0,398,0.00030890805022243406,0.18358619895633982,0.004875459355716316,6.824051418874433e-05,0.0001502746670016932,7.388691445158653e-09,True,200,325,326
DTLZ2,12,3,55,329,4,3,True,166,166,15,15,4,0.09341775254648203,0.09341774022623972,0.0,0.0,0.005185007108055806,0.0051850070853649705,3.085381942412776,3.084137119425577,0.039001150540737585,0.03899982254392853,17.0,17,32.0,32,2.0,2,28.0,28,392,392,392.0,0.955,0.9999872525647995,1.0,398,0.00015218310240216424,0.1835538546200289,0.006440066157537672,3.253369358091618e-05,6.994722408879982e-05,7.2910211226568855e-09,True,200,328,329
DTLZ2,12,3,56,333,3,3,True,162,162,12,12,3,0.08934048111276885,0.08934047251094361,0.0,0.0,0.0028270504441077716,0.002827051501943054,2.6673505772460167,2.6673538277682383,0.04129628030661387,0.04129599950198326,15.0,15,26.0,26,4.0,4,22.0,22,396,396,396.0,0.945,0.9999848210828305,1.0,398,0.00017150576931540155,0.18349917995591175,0.004563328361882668,4.299195087043017e-05,9.613160289971822e-05,6.214360536101113e-09,True,200,332,333
DTLZ2,12,3,57,336,3,3,True,167,167,20,20,4,0.10164568052498359,0.1016456610563348,0.0,0.0,0.006215791164002369,0.006215791016151745,1.3672094508100208,1.367028516739083,0.03652726501409212,0.03652499169828616,23.0,23,40.0,40,6.0,6,38.0,38,394,394,394.0,0.96,0.9999919362346009,1.0,398,0.00021558410999713895,0.18355780649729297,0.00460631780427434,3.877030362531286e-05,8.639838502311357e-05,6.150202936882433e-09,True,200,335,336
DTLZ2,12,3,58,339,4,3,True,170,170,21,21,4,0.0815035566724348,0.0815035459652919,0.0008702992714544415,0.0008703021454450793,0.026452264959630656,0.026452250405689826,0.84382201137768,0.8436501291580498,0.015139366562963916,0.015139463003436049,25.0,25,41.0,41,4.0,4,40.0,40,398,398,398.0,0.97,0.999993467068571,1.0,398,0.00019226666405327772,0.18356594705764498,0.0021384721342059265,4.2059256657012156e-05,9.375284815816902e-05,5.6656855033542884e-09,True,200,338,339
DTLZ2,12,3,59,343,3,3,True,168,168,11,11,3,0.05309896783472107,0.05309896364306084,0.008376291810702458,0.008376289946571108,0.02589308464012524,0.025893089429183835,0.9128574541704246,0.9128024083765922,0.022534863728974796,0.02253509839906087,14.0,14,22.0,22,4.0,4,20.0,20,388,388,388.0,0.93,0.9999812894054064,1.0,398,0.0002575866682117138,0.18359453805749976,0.006537357274197575,5.795888842818897e-05,0.00013087272417292185,5.563029997099706e-09,True,200,342,343
DTLZ2,12,3,60,346,5,3,True,170,170,13,13,5,0.08050848438264886,0.08050846801748383,0.0013559053429303969,0.0013559059780112737,0.020878273486115907,0.020878252976187447,0.7987960296207932,0.7981202598894015,0.018778476210846426,0.018778092617054654,16.0,16,26.0,26,8.0,8,24.0,24,384,384,384.0,0.98,0.9999950895314247,1.0,398,0.00021899082088580043,0.18357886511853794,0.006401988320590135,4.405082290404039e-05,9.822240100017706e-05,5.5004178519836375e-09,True,200,345,346
DTLZ2,12,3,61,351,2,3,True,159,159,21,21,2,0.11473209523930061,0.11473212461564863,0.000105722330645458,0.00010572213388830576,0.022292971715603405,0.022292978922172413,1.016427084536475,1.0160473744326737,0.009495182724500803,0.009494546375833579,23.0,23,43.0,43,2.0,2,40.0,40,376,376,376.0,0.985,0.9999883021294804,1.0,398,0.00017896032453512995,0.1835285381874293,0.0024420203410642216,4.516650650998599e-05,0.00010007094739673392,5.322745102514594e-09,True,200,350,351
DTLZ2,12,3,62,353,2,3,True,148,148,7,7,2,0.06272223049149124,0.06272221847277243,0.0037419240240125218,0.0037419254714332606,0.032640966990575046,0.03264096743780406,0.8108441246143414,0.8105331571714487,0.01895784081268003,0.01895803830825571,10.0,10,14.0,14,6.0,6,12.0,12,390,390,390.0,0.995,0.9999952231821125,1.0,398,0.00016317868775690052,0.18355774023498045,0.00417678444721048,3.371646306415954e-05,7.276236109014396e-05,5.258195259722067e-09,True,200,352,353
DTLZ2,12,3,63,355,4,3,True,153,153,18,18,4,0.05460069408962257,0.05460068213061832,0.000162437637769762,0.00016243466837084775,0.013327140707948468,0.013327147785587492,1.3620456449501792,1.3619309768218955,0.028742348101195227,0.028742315556769427,20.0,20,36.0,36,2.0,2,34.0,34,384,384,384.0,0.99,0.9999979122872961,1.0,398,0.0001659146207217505,0.18351656723064513,0.014179068317929477,3.592889524384191e-05,7.971346643105688e-05,5.209281445539276e-09,True,200,354,355
DTLZ2,12,3,64,359,5,3,True,164,164,16,16,5,0.07596085998920056,0.07596085291573211,0.018645372197050317,0.018645372778763727,0.0337872082013845,0.03378722400239251,0.9414969822254355,0.941417726684449,0.01346045238891955,0.013460554808297331,18.0,18,33.0,33,4.0,4,30.0,30,392,392,392.0,0.99,0.9999980243659655,1.0,398,0.00014400307955162968,0.18354609512439102,0.002085532879306129,3.1550449486772436e-05,7.41144819636552e-05,4.823960269204669e-09,True,200,358,359
DTLZ2,12,3,65,364,5,3,True,171,171,25,25,5,0.07873927058978102,0.07873928340526068,0.00011529483620179026,0.0001153025386806672,0.02335330766328969,0.02335330977692964,0.9356250188477016,0.9356855585501762,0.019459095620685075,0.019459155529432337,28.0,28,47.0,47,4.0,4,48.0,48,380,380,380.0,0.96,0.9999917052639751,1.0,398,0.00014363563847592152,0.1835404581177526,0.001328361501435893,2.9362239100549914e-05,6.36269539959784e-05,4.61932528207344e-09,True,200,363,364
DTLZ3,12,3,1,131,3,3,True,157,157,20,20,3,0.08359395642035365,0.08359395448456647,0.00025120755870823575,0.0002512073061318454,0.021120757733533897,0.021120760735520223,-0.6373428892783788,-0.5508334336178353,0.14534192497786386,0.14545700684515517,24.0,24,38.0,38,10.0,10,38.0,38,370,372,370.0,0.615,0.9992356380597682,1.0,398,0.030191731706012255,0.18321230462623814,24.616199296770894,3.6102753939181866,0.01877710896479853,8.529463771295997e-05,True,200,130,131
DTLZ3,12,3,2,134,3,3,True,141,141,19,18,3,0.09229837701552367,0.09229837336918124,0.0017864382554148106,0.0017864392115783253,0.019022664007151593,0.020784644860607347,-0.3796908973338424,-0.3197496711002472,0.12464120420247778,0.12125717206039559,22.0,21,38.0,36,6.0,4,36.0,34,392,392,392.0,0.56,0.998847491819133,1.0,398,0.054911365054666185,0.1854680856124016,27.337517985023766,3.990535973228347,0.020914232412578282,6.000710865822949e-05,True,200,133,134
DTLZ3,12,3,3,137,4,3,True,140,140,27,27,4,0.08365806288664576,0.0836580527852901,0.006793104569779718,0.006793102933340567,0.024882686846066388,0.02488268454464577,0.6093871562243973,0.6427750719607077,0.11559936188626005,0.11560135707546898,30.0,30,52.0,52,4.0,6,52.0,52,394,394,394.0,0.455,0.9990012567759387,1.0,398,0.023822876154043604,0.16988054549875142,16.224632268802225,2.795742100383137,0.01335053742398873,3.9725500624095635e-05,True,200,136,137
DTLZ3,12,3,4,141,4,3,True,144,144,14,15,4,0.07497931513513495,0.07497930626886314,0.0003913427155559368,0.0003913432682386142,0.031110760801162235,0.03574932887539523,0.5012383085372916,0.5018429193954178,0.10092342714837665,0.09561696661218204,16.0,17,28.0,30,2.0,4,26.0,28,374,376,374.0,0.515,0.9986943783157043,1.0,398,0.007696540605347019,0.18462310430468098,18.322498135737646,1.154350282816381,0.005214403014537488,2.7242713705141093e-05,True,200,140,141
DTLZ3,12,3,5,145,5,3,True,145,145,20,21,5,0.09785082930807307,0.09785083896815228,0.0,0.0,0.006308788728968747,0.006157284401339502,0.7586355102167501,0.747262370295431,0.10801940249285619,0.10767608569357794,25.0,26,40.0,43,6.0,6,38.0,40,394,394,394.0,0.615,0.9989361181395027,1.0,398,0.010146445016534385,0.183194340370942,23.785481886645904,1.40039116287398,0.008918653974327838,2.4814838380022337e-05,True,200,144,145
DTLZ3,12,3,6,150,4,3,True,168,168,14,13,5,0.07920288901296921,0.07920287634260119,0.0,0.0,0.024580292557510278,0.02584455661939261,0.03472652488740646,0.3176771274203266,0.19160134818353985,0.1942218889222514,16.0,15,29.0,27,6.0,4,26.0,24,364,364,364.0,0.665,0.9994190795735304,1.0,398,0.011486161658662621,0.17600748880405068,15.009956710988831,1.3826693436138129,0.006293130635294228,1.1472478322792019e-05,True,200,149,150
DTLZ3,12,3,7,154,4,3,True,152,152,8,8,4,0.1149795143325437,0.11497951622853349,0.0033427709301192265,0.0033427682826447647,0.025942812186241455,0.02594281027831386,-1.9000086990174152,-1.8974761684769474,0.2573565078735348,0.25735777757046246,10.0,10,17.0,17,4.0,4,14.0,14,372,372,372.0,0.73,0.9997839386151005,1.0,398,0.021163812703893475,0.18114902386418646,14.924871792188924,1.791662891352317,0.011688920919748354,1.0285038478356288e-05,True,200,153,154
DTLZ3,12,3,8,158,2,3,True,130,130,4,5,3,0.08633247334152634,0.0863324860997431,0.021476173399229005,0.021476177131193663,0.04833397583976884,0.04112471581918283,-10.716862308387007,-10.61042489083165,0.5265267316069363,0.5262979636489062,6.0,7,9.0,11,2.0,2,6.0,8,388,388,388.0,0.915,0.9999597982438736,1.0,398,0.003114766166761852,0.18487089062112477,15.734920240726524,1.4869219809845617,0.007954987546789884,3.416653128727021e-07,True,200,157,158
DTLZ3,12,3,9,160,4,3,True,139,139,7,7,4,0.09215855935179099,0.09215855119809103,0.0031059273537644705,0.0031059279593741995,0.034941516410478775,0.034941512201583494,-6.115567114499572,-6.089921356675026,0.37416010540771305,0.37418773063502075,9.0,9,15.0,15,2.0,2,12.0,12,392,392,392.0,0.835,0.9998452585641827,1.0,398,0.005851664693574065,0.18269210041215014,12.095308124204394,1.1531784546529025,0.008316454948365927,2.1946000575885713e-07,True,200,159,160
DTLZ3,12,3,10,164,5,3,True,131,131,21,21,5,0.04891077833769018,0.048910765847617346,0.00886670513453558,0.008866701917596226,0.0245763253217747,0.024576313697703023,-1.1748288189847678,-1.1498335906420596,0.32240117479886904,0.32241389573945534,26.0,26,43.0,43,6.0,6,40.0,40,388,388,388.0,0.695,0.9998508811336021,1.0,398,0.016876986821900232,0.18225220736521175,8.348753515754197,1.8358086100580024,0.008190563869831196,1.2312831923060772e-07,True,200,163,164
DTLZ3,12,3,11,169,4,3,True,160,160,14,14,4,0.05354165269889999,0.05354165125058702,0.0003512796756089953,0.0003512799589177329,0.01575992187608412,0.015759919836276694,-1.9459901473567172,-1.9503644342417072,0.1357699826845336,0.13576896376442635,16.0,16,29.0,29,4.0,4,26.0,26,372,372,372.0,0.845,0.9999066605740544,1.0,398,0.006100264660101354,0.18209682342615752,12.854464373825522,0.9708759516562644,0.006687822329976757,6.542385263554434e-08,True,200,168,169
DTLZ3,12,3,12,173,5,3,True,140,140,12,12,5,0.07511521122415071,0.07511519747276302,0.0,0.0,0.013072235408958438,0.013072236714884333,-3.867937492811964,-3.8801569468185653,0.2173472050043998,0.2173417885185569,14.0,14,24.0,24,2.0,2,22.0,22,394,394,394.0,0.845,0.999907250845814,1.0,398,0.005834953271181057,0.18125837903090766,11.54691211754448,1.1522657180183487,0.006765308361639005,3.8857258049565296e-08,True,200,172,173
DTLZ3,12,3,13,178,3,3,True,165,165,7,6,3,0.051788546460258655,0.05178853954379742,0.009556583372290012,0.009556581402686809,0.02214319185709198,0.022890252964377814,-4.138506964538444,-3.953855059961876,0.09938674265263878,0.10321854224774307,9.0,8,14.0,13,4.0,4,12.0,10,388,388,388.0,0.82,0.9999107791400488,1.0,398,0.012888096914519063,0.17902294149586695,10.948207624268662,1.6667449873152913,0.011755258272823843,3.55879993288145e-08,True,200,177,178
DTLZ3,12,3,14,181,6,3,True,159,159,17,17,6,0.08693746962447892,0.08693746588913437,0.0018532245779235013,0.0018532233660206593,0.014277754198365676,0.014277754309972563,-0.5881101889691953,-0.5918504759124417,0.05105355007580419,0.051052248730396606,21.0,21,34.0,34,2.0,2,32.0,32,384,384,384.0,0.905,0.9999583006345116,1.0,398,0.005504621724972513,0.18217432545127274,9.005500502971131,0.8015660653639562,0.0063806447712379385,3.44617968214991e-08,True,200,180,181
DTLZ3,12,3,15,187,3,3,True,173,173,5,5,3,0.06472764441371606,0.06472764900856973,0.049404271305228516,0.0494042763442254,0.05805740313870642,0.05805739836535847,1.376894731213544,1.4311168523605882,0.09724414768431247,0.09724728184353751,7.0,7,11.0,11,2.0,2,8.0,8,386,386,386.0,0.79,0.9998910666668777,1.0,398,0.010363164320918845,0.18259000735483416,11.649618237719551,0.8457767581892535,0.006101694676165813,3.063258112538896e-08,True,200,186,187
DTLZ3,12,3,16,190,2,3,True,161,161,4,5,3,0.05314650879487637,0.053146508113453554,0.007257092638547526,0.00725709322886908,0.03408386625705052,0.01914374396741932,-2.015906750760534,-1.761544023299486,0.24697462406262127,0.22766452579064086,6.0,7,9.0,11,2.0,2,6.0,8,394,394,394.0,0.78,0.9996804062888165,1.0,398,0.0070618057333204,0.18391916898142704,11.402729562645163,0.7787739520883143,0.0056232229744062456,2.59925893411659e-08,True,200,189,190
DTLZ3,12,3,17,192,3,3,True,164,164,7,7,3,0.05604680635969367,0.056046805544683886,0.019623490424530717,0.019623491631768266,0.03866896647591907,0.03866896498897422,-4.3952776878468285,-4.326910976903142,0.1812146731215013,0.1812374616670118,9.0,9,15.0,15,2.0,2,12.0,12,390,390,390.0,0.805,0.9998713800223884,1.0,398,0.010445234062787835,0.18432946823677263,12.269404722525337,1.828306285988278,0.012198075768280206,2.5653619792333697e-08,True,200,191,192
DTLZ3,12,3,18,195,3,3,True,170,170,6,6,3,0.0632988523602477,0.06329885021580386,0.001298880442231365,0.0012988813268346444,0.02357978870707168,0.02357978187948369,0.2217493418660066,0.2477833499175862,0.07029131355625694,0.07029900598923722,8.0,8,13.0,13,4.0,4,10.0,10,364,364,364.0,0.835,0.9998966660431361,1.0,398,0.0033800015296673504,0.1832768841188054,7.95985015350675,0.43112407248947626,0.004024002924866914,2.5102393298029838e-08,True,200,194,195
DTLZ3,12,3,19,198,4,3,True,141,141,30,30,3,0.03835582730203837,0.03835582656596604,0.0,0.0,0.013542300991686167,0.013542301832358068,1.1828639855552083,1.2334746230038944,0.04649491178424585,0.04649524972417435,35.0,36,56.0,56,6.0,6,56.0,54,394,394,394.0,0.615,0.9991238963455801,1.0,398,0.005898233502215139,0.18046203620853862,15.315407370449293,1.0950541618299923,0.007919352087211493,2.458087768318134e-08,True,200,197,198
DTLZ3,12,3,20,202,3,3,True,170,170,16,16,3,0.09593533149904138,0.09593530399260651,0.001172341664040344,0.0011723423556013746,0.035044993394884934,0.03504499778240402,0.5809013856786542,0.640497417127402,0.035369231335039594,0.035367488124421545,19.0,19,33.0,33,6.0,6,30.0,30,390,390,390.0,0.81,0.9998246373729586,1.0,398,0.00847272444411715,0.18252636772515987,13.202666213639532,1.216426762367206,0.007528114182792276,2.3462815877281814e-08,True,200,201,202
DTLZ3,12,3,21,205,5,3,True,131,131,9,9,5,0.06384211060423502,0.06384211168206459,0.0009515219882520465,0.0009515308033052894,0.015912002787730327,0.015912004932762725,0.42044043073649995,0.4174678786427561,0.04835211698909961,0.048351441225595364,11.0,11,18.0,18,4.0,4,16.0,16,390,390,390.0,0.775,0.999821916018037,1.0,398,0.005905661400084387,0.1822491729430617,7.93310729176369,0.9440056967304997,0.005873710293956268,2.296485059552978e-08,True,200,204,205
DTLZ3,12,3,22,210,5,3,True,191,191,14,14,5,0.07097900360711801,0.07097901126367509,0.0005765703224024331,0.0005765773866765259,0.027170732220061337,0.027170742345897444,-4.118787033481134,-4.082629868193021,0.055348995545425786,0.05535511377124715,16.0,16,28.0,28,4.0,4,26.0,26,384,384,384.0,0.92,0.999982559253361,1.0,398,0.005254701066828995,0.18740609786061574,8.347199114675732,3.8325442694106506,0.027740067022684566,2.205055644259608e-08,True,200,209,210
DTLZ3,12,3,23,215,7,3,True,172,172,21,21,7,0.04561000156398058,0.04561000911262148,0.0,0.0,0.01885822822834905,0.018858237655412398,-12.906560256331346,-12.898785858401636,0.050228897987687655,0.05023435278370322,23.0,23,42.0,42,6.0,6,40.0,40,392,392,392.0,0.9,0.999971878455291,1.0,398,0.002846677455974685,0.18376099300871537,11.559414970926241,0.8490177934245917,0.004842151872065041,2.1426501664726222e-08,True,200,214,215
DTLZ3,12,3,24,222,3,3,True,111,111,4,4,3,0.0779943683014181,0.07799436346845678,0.0006806032010738816,0.0006805899903232493,0.015255737022717921,0.015255737710087734,-8.546164820838925,-8.535517008634013,0.04063243296632849,0.04063205605621287,6.0,6,9.0,9,2.0,2,6.0,6,386,386,386.0,0.84,0.9998446536456295,1.0,398,0.010672699617878626,0.18935281233960927,9.778268185407683,2.226445803481681,0.01254284501170986,2.0284689645320855e-08,True,200,221,222
DTLZ3,12,3,25,225,2,3,True,99,99,3,3,2,0.09179869654679067,0.09179869941999763,0.03986510496566646,0.03986510358896855,0.07810287733439808,0.0781028757394987,-6.475161122588518,-6.438236540896486,-0.013127840479655376,-0.013122579994303704,5.0,5,7.0,7,2.0,2,4.0,4,390,390,390.0,0.755,0.9998676222808447,1.0,398,0.009109108885637745,0.1851214810655117,15.771411026445548,1.8770012246802992,0.005348808407036104,1.9720091401039243e-08,True,200,224,225
DTLZ3,12,3,26,227,4,3,True,133,133,12,12,3,0.07175005544378388,0.07175005769140508,0.0028443579782517214,0.002844362550833257,0.04289870728478737,0.02943350859660654,-2.045542703495804,-1.955620499722328,0.030384801667413135,0.035699321743591014,16.0,16,24.0,23,2.0,4,22.0,22,386,386,386.0,0.77,0.9998315769505174,1.0,398,0.00805620234543597,0.18534415167070867,13.672155690975615,0.9137760392916476,0.0040864915274980845,1.9527221382681337e-08,True,200,226,227
DTLZ3,12,3,27,231,4,3,True,124,124,19,18,4,0.11212390825660794,0.11212389800120495,1.88871425734205e-05,1.888704506691763e-05,0.01792670496735838,0.02375446971784437,-1.721215495982399,-1.5002147079865509,0.013865989624840917,0.013591019048639633,25.0,24,38.0,36,6.0,6,36.0,34,374,374,374.0,0.815,0.9999022013415814,1.0,398,0.004881830404993942,0.18393298218921605,9.234480484166625,1.1096679519302128,0.005286765815895976,1.8965988414315153e-08,True,200,230,231
DTLZ3,12,3,28,235,2,3,True,106,106,12,12,2,0.12576405783823214,0.12576408009316709,0.003605464904100214,0.003605464239484435,0.03615990612827973,0.03615990381879561,-4.833924451442293,-4.82789632091394,0.01400216948280656,0.014006621155012347,14.0,14,23.0,23,4.0,4,22.0,22,376,376,376.0,0.85,0.9999221945910797,1.0,398,0.006104491247321425,0.18480617220189438,11.287354353865567,1.18278597059561,0.0052953320347116075,1.855071172161664e-08,True,200,234,235
DTLZ3,12,3,29,237,6,3,True,102,102,17,17,6,0.1029104840349814,0.10291048507897425,0.0008707489956532033,0.0008707495813337074,0.010952605473652106,0.010952603982696651,-3.7081750743875803,-3.6376132858287025,-0.013975863791212996,-0.013972968725310538,20.0,20,34.0,34,6.0,6,32.0,32,392,392,392.0,0.87,0.9999331710422362,1.0,398,0.007058964096247471,0.18260783913662107,9.93363175819286,1.8059380143874177,0.009937570356625375,1.8346404071318785e-08,True,200,236,237
DTLZ3,12,3,30,243,3,3,True,107,107,9,9,3,0.09178468303474632,0.09178469010343505,0.006463865185360351,0.006463870102273894,0.016321281222049393,0.0163212771784454,-6.097024930100119,-6.073545622725045,0.04067826390180972,0.04068053780496918,11.0,11,19.0,19,2.0,2,16.0,16,396,396,396.0,0.8,0.9998083029947655,1.0,398,0.012700837528135297,0.1865238336358435,8.264078681465207,2.2721954840578675,0.00845775033971812,1.779386595806125e-08,True,200,242,243
DTLZ3,12,3,31,246,5,3,True,107,107,11,11,5,0.09453242147194801,0.0945324077775021,0.0007661866243189874,0.0007661897001863816,0.0254438793407107,0.02544388324180616,-1.0515628892139128,-1.0459620006993813,0.011960949307422575,0.011963788039318739,13.0,13,23.0,23,2.0,2,20.0,20,394,394,394.0,0.86,0.9999394473763544,1.0,398,0.0021870363893309996,0.1828389260235091,7.934745230258841,0.557387895866249,0.002565578114356666,1.7490737707405333e-08,True,200,245,246
DTLZ3,12,3,32,251,4,3,True,109,109,12,12,4,0.05145101579782513,0.05145101642543351,0.007391115808779904,0.007391112588223822,0.023048101173827787,0.02304809128672594,1.9847475773864982,1.9982391316641015,0.00251261184712787,0.002513152302910922,15.0,15,25.0,25,4.0,4,22.0,22,390,390,390.0,0.845,0.9998797986145281,1.0,398,0.006880979487776332,0.18484831399294388,6.605661074410079,1.3883059082618203,0.0064911905671315925,1.7106450247014328e-08,True,200,250,251
DTLZ3,12,3,33,255,4,3,True,101,101,12,12,4,0.10079039821529677,0.1007904001386002,0.0,0.0,0.019365668915475504,0.01936568088031256,-2.419925982846382,-2.4220154157421083,0.0074909996711376315,0.007492710160691416,15.0,15,25.0,25,0.0,0,22.0,22,382,382,382.0,0.735,0.9996831937181647,1.0,398,0.009836271273358918,0.1833850003071978,9.429947399337749,1.1170986149974738,0.00479295510165179,1.6794410350145252e-08,True,200,254,255
DTLZ3,12,3,34,259,7,3,True,72,72,18,18,7,0.14041757046090989,0.1404175728511319,0.00016413707819550039,0.00016414158842890936,0.008619307209245685,0.008619300188703364,5.08333611875905,5.060442237943313,0.014052266478695698,0.014049948196805592,20.0,20,36.0,36,2.0,2,34.0,34,394,394,394.0,0.855,0.9999119359163242,1.0,398,0.0029591559761222557,0.1848203759639674,4.5503815379793195,0.7494366071783247,0.0038955967047371526,1.6518750003431996e-08,True,200,258,259
DTLZ3,12,3,35,266,3,3,True,100,100,11,11,4,0.05503606806819619,0.0550360615962412,0.0060540698897381204,0.006054067370763263,0.013537380641681307,0.013537376879351859,-11.29156336659689,-11.22562735380626,-0.010385055248344481,-0.010384917745593553,15.0,14,22.0,22,2.0,2,20.0,20,386,386,386.0,0.83,0.9997584050836242,1.0,398,0.007809308961073701,0.18824139605878995,6.751667468752203,1.9331544070138165,0.011997692648356434,1.5998239575674265e-08,True,200,265,266
DTLZ3,12,3,36,269,2,3,True,81,81,7,7,2,0.09522524189711166,0.0952252282132192,0.0025687567826030815,0.0025687600840647606,0.007217588533447999,0.007217586787418908,-7.7741710824725745,-7.8127556999111265,0.009453834253500047,0.009451113072310773,10.0,10,14.0,14,4.0,4,12.0,12,390,390,390.0,0.885,0.9998228740043716,1.0,398,0.007012456490494873,0.18330495798861896,5.344997894902349,0.8492092972852099,0.006386989158852004,1.5771038201935495e-08,True,200,268,269
DTLZ3,12,3,37,271,3,3,True,146,146,17,17,3,0.0772507704399816,0.0772507696285725,0.005811741853313696,0.0058117393598422695,0.01903814302756403,0.01903813934576641,-2.020953281783319,-1.9798550563400057,0.018666635190976576,0.018673289236270756,22.0,21,33.0,33,6.0,6,32.0,32,378,378,378.0,0.835,0.9998344849772169,1.0,398,0.006345622913254055,0.18377337211493872,7.360817348407181,0.8595576537136367,0.0060200255180924405,1.5653428567388364e-08,True,200,270,271
DTLZ3,12,3,38,274,3,3,True,143,143,12,12,3,0.06867821130980523,0.06867821338036274,0.0029969726442442,0.0029969743061812326,0.022781126899052012,0.02278112313855775,-3.8578826156642947,-3.858703322005203,0.005319438603586538,0.005321764591842388,16.0,16,23.0,23,8.0,8,22.0,22,390,390,390.0,0.895,0.9998870402923349,1.0,398,0.004423531513900983,0.1836930218218617,4.605152790711273,0.8636855079150294,0.006049618521739188,1.5430730390085368e-08,True,200,273,274
DTLZ3,12,3,39,277,3,3,True,161,161,16,16,4,0.09941814860839435,0.09941814982612694,3.2532755524228296e-05,3.2531316015660394e-05,0.015525353139003053,0.01552535518528592,-2.375041062481703,-2.397119879864311,0.02508053857679584,0.025079706095052966,20.0,20,33.0,33,6.0,6,30.0,30,368,368,368.0,0.885,0.9999628679373327,1.0,398,0.006129292722429929,0.18247789538055215,4.413878586935084,0.7651541258331349,0.00484189402066632,1.5185599076517332e-08,True,200,276,277
DTLZ3,12,3,40,280,4,3,True,143,143,16,15,5,0.08121936313673443,0.08121935945685348,0.004867717502557479,0.004867715175624313,0.027991942441799762,0.021972923367942526,0.25223420678428,0.38146697684218844,0.01874320584130975,0.022036375827473326,18.0,17,32.0,31,2.0,2,30.0,28,390,390,390.0,0.87,0.9999290256436536,1.0,398,0.0035425791808695126,0.18305021217493,7.461438318550222,0.5108028697622267,0.0032899493846831277,1.499729281985212e-08,True,200,279,280
DTLZ3,12,3,41,284,2,3,True,118,118,2,2,2,0.11673416707902559,0.11673416957300445,0.09325613824682862,0.09325614738349541,0.10499515266292711,0.10499515847824993,-4.605695303089664,-4.550804461094355,0.05328485396583184,0.0532882723342543,4.0,4,5.0,5,2.0,2,2.0,2,348,348,348.0,0.9,0.9999448576012117,1.0,398,0.0026841796033815297,0.18377305765429933,6.717716961611359,0.632173523992563,0.003665365603055574,1.4591074546328112e-08,True,200,283,284
DTLZ3,12,3,42,286,6,3,True,122,122,14,14,6,0.09793492373960921,0.0979349204300001,0.0,0.0,0.008967699841970142,0.008967700253924155,-6.4439341727589206,-6.4408055500786645,0.05377989173334559,0.05378002510814925,16.0,16,28.0,28,2.0,2,24.0,24,372,372,372.0,0.9,0.9999400701323842,1.0,398,0.0019160876867638616,0.18392991734801778,7.069136669069636,0.4261955939870745,0.0028190121590017346,1.4457377496789306e-08,True,200,285,286
DTLZ3,12,3,43,292,4,3,True,127,127,16,16,4,0.09862998490601216,0.09862998526520722,0.00263309016429987,0.0026330926524649675,0.02134033295370242,0.02134033832270165,17.09307314335127,17.10421727157879,0.02046560934736451,0.020464293856215593,19.0,19,32.0,32,2.0,4,30.0,30,386,386,386.0,0.975,0.9999930684389946,1.0,398,0.0003009177558174471,0.18353432638080544,8.39346275092157,0.3638239534039549,0.0017580688828598937,2.407576894747544e-10,True,200,291,292
DTLZ3,12,3,44,296,4,3,True,155,155,22,22,4,0.07445589206296177,0.07445589323278606,0.0049396826169123,0.004939681706811472,0.011561137744777478,0.011561136504758773,2.134225778707627,2.1288593473760042,0.009079758145193843,0.009078874453472736,24.0,24,44.0,44,8.0,8,42.0,42,398,398,398.0,0.94,0.9999813222853086,1.0,398,0.0006178655487545404,0.18349729432879114,2.552908955580506,0.3564944641298453,0.0025321602826365473,2.2780031865916042e-10,True,200,295,296
DTLZ3,12,3,45,300,4,3,True,133,133,14,14,4,0.05923328421453814,0.05923327520706101,0.0006378190742527545,0.0006378135398977802,0.011745412460367184,0.011745410538708975,-7.3792767096504885,-7.396470407367588,0.0172367260220887,0.01723644077620905,17.0,17,29.0,29,6.0,6,26.0,26,376,376,376.0,0.99,0.9999973180728491,1.0,398,0.0007830505368674346,0.18348081554818563,5.145766180909618,0.49741771507308385,0.002834345653960386,2.098303426913823e-10,True,200,299,300
DTLZ3,12,3,46,304,3,3,True,105,105,9,9,3,0.043055399708390896,0.04305539945348669,0.0008653016234494437,0.0008652981588541664,0.017615743429502007,0.017615741512987927,-16.68313686026101,-16.635859873889185,0.010122962590506455,0.010124357930601183,11.0,11,19.0,19,0.0,0,16.0,16,380,380,380.0,0.96,0.9999889239099271,1.0,398,0.0005243741844280628,0.18336679927060778,3.4934146045366106,0.4458224255441756,0.002811218240670675,2.0606798702028257e-10,True,200,303,304
DTLZ3,12,3,47,307,3,3,True,128,128,16,16,3,0.08923138291747976,0.08923138583381583,0.00033443409912192745,0.00033443365987406715,0.005831521962760267,0.00583152249469171,-11.537451185850442,-11.385895952579755,0.017524961481874424,0.01752661099668212,19.0,19,33.0,33,6.0,6,26.0,26,390,390,390.0,0.99,0.9999973335322916,1.0,398,0.0006215505510122765,0.18334175264906183,8.161837204472363,0.3663519283828123,0.002195953681242417,2.0373307078339198e-10,True,200,306,307
DTLZ3,12,3,48,310,2,3,True,127,127,14,14,2,0.05876174170490652,0.05876173713411072,8.163951300797152e-06,8.182025571279363e-06,0.009175752278767046,0.009175753220375421,-4.5159564776382695,-4.422906335404955,0.007421036053485545,0.007422540056169928,19.0,19,26.0,26,10.0,10,26.0,26,390,390,390.0,0.945,0.9999859070386509,1.0,398,0.0011912124159448984,0.18333623363075677,4.762581143759007,0.5728652494778195,0.003287416171991035,2.0134460384700526e-10,True,200,309,310
DTLZ3,12,3,49,312,3,3,True,139,139,9,9,3,0.11275176142899303,0.1127517623839278,0.0024167304200541917,0.002416732074388306,0.012192653854665392,0.012192653754313887,-4.57382227542052,-4.47416388110192,0.018960099745352954,0.018962278936924298,12.0,12,18.0,18,2.0,2,16.0,16,390,390,390.0,0.945,0.9999843209284585,1.0,398,0.0003212261615254747,0.18350901536324593,5.035596036328116,0.28619384103731127,0.0016742547500794567,1.859521792496056e-10,True,200,311,312
DTLZ3,12,3,50,315,3,3,True,103,103,3,3,3,0.06478886537973395,0.0647888675997512,0.002365950359224711,0.0023659508188325074,0.008200935594787271,0.00820093489542681,4.651770365691286,4.655057068280517,0.0010469087257939116,0.00104671531735675,5.0,5,7.0,7,2.0,2,4.0,4,394,394,394.0,0.96,0.9999850060631024,1.0,398,0.00035395950737932924,0.18348034142751515,4.363931354163697,0.2542424035150077,0.0015200460991104795,1.8284084523145124e-10,True,200,314,315
DTLZ3,12,3,51,318,5,3,True,113,113,13,13,5,0.04847138145857605,0.048471383425151685,0.0001975458394157803,0.00019754584514075635,0.02051944682989415,0.020519435016810972,-0.7952136989344645,-0.7807474530700989,0.010451389833846528,0.01045269909958405,18.0,18,27.0,27,6.0,6,24.0,24,388,388,388.0,0.965,0.9999858358427053,1.0,398,0.0004864705385032435,0.1834406632963691,5.634869238416059,0.37714924968406294,0.0018764414199056358,1.8073585287363373e-10,True,200,317,318
DTLZ3,12,3,52,323,5,3,True,113,113,15,15,5,0.06572912106681675,0.06572911598225202,6.564796268915263e-05,6.564753698801162e-05,0.014265893113977827,0.014265880859049965,6.673011297116419,6.692550769686932,0.0010585604059276726,0.0010575663707754757,17.0,17,30.0,30,4.0,4,28.0,28,398,398,398.0,0.98,0.999995012913176,1.0,398,0.0001721154192599896,0.18345497220365425,2.3242183576803654,0.16924686427228153,0.000977444190169503,1.776535567642939e-10,True,200,322,323
DTLZ3,12,3,53,328,4,3,True,122,122,7,7,4,0.04847159519294605,0.04847159668496125,0.005197035757221288,0.005197045291863278,0.008491779775710251,0.008491744737950224,-7.538341846385199,-7.530859483900713,0.02149632900340705,0.021496750408005028,9.0,9,15.0,15,4.0,4,12.0,12,370,370,370.0,0.955,0.9999857903995819,1.0,398,0.0003311622069809767,0.1835773988388664,3.3438862747862004,0.25791718845721334,0.002077376025328858,1.7428543201399928e-10,True,200,327,328
DTLZ3,12,3,54,332,4,3,True,127,127,10,10,4,0.06545881867364421,0.06545879764697306,6.141706434248384e-05,6.141780575941169e-05,0.005932183686678607,0.005932183791114326,-6.545580315090161,-6.557360059290659,0.0041889732589436065,0.004188360708894834,12.0,12,21.0,21,2.0,2,18.0,18,372,372,372.0,0.975,0.9999921796205773,1.0,398,0.00028122935268011366,0.18350175564428006,4.96971344697522,0.2716021446103696,0.0021662928260507215,1.7201666538777276e-10,True,200,331,332
DTLZ3,12,3,55,336,4,3,True,117,117,14,14,4,0.13423617101608776,0.13423615070905173,0.002039333369854679,0.002039323149307548,0.007551181649739171,0.007551184147527855,4.956535899521052,4.9561451485569705,0.010130462107595353,0.010130407477021208,17.0,17,28.0,28,6.0,6,26.0,26,396,396,396.0,0.96,0.9999910136419772,1.0,398,0.00022523069268391233,0.18353376673344368,4.80452904215781,0.24047897942364216,0.0014673754370119337,1.6412945248118557e-10,True,200,335,336
DTLZ3,12,3,56,340,5,3,True,109,109,13,13,5,0.09275538449509681,0.09275538095396987,0.003766117213018552,0.003766119074338459,0.022650065690094597,0.022650072735488906,-10.592456430438496,-10.580085978668649,0.01755008313533128,0.01755045205271699,17.0,17,26.0,26,4.0,4,24.0,24,396,396,396.0,0.96,0.9999752345477717,1.0,398,0.0011404489497430278,0.18385540571283693,2.9364727172942366,0.40619354468071833,0.002974768796658168,1.5748119331386525e-10,True,200,339,340
DTLZ3,12,3,57,345,3,3,True,130,130,17,17,3,0.0580336696200448,0.058033664361101606,0.0006999201240066311,0.0006999201665893462,0.01237316458884482,0.01237316745769566,6.375272922640695,6.356951467110775,0.008544027714072979,0.008544091924932218,20.0,20,33.0,33,2.0,2,32.0,32,394,394,394.0,0.99,0.9999973410694131,1.0,398,0.000298267969455822,0.18352636241663484,3.0583074931928422,0.17220379222999327,0.0012378938516225887,1.5481067307232653e-10,True,200,344,345
DTLZ3,12,3,58,348,2,3,True,77,77,9,9,2,0.06126137069573904,0.06126137290187264,0.0020021499251506904,0.002002158331319965,0.019205003684159287,0.019205001110494273,7.3163210755246215,7.287592948152451,0.005633194765357282,0.005633619791751698,12.0,12,19.0,19,8.0,8,16.0,16,372,372,372.0,0.96,0.9999856189590911,1.0,398,0.0003567552713606889,0.1834967559327898,3.3658487675129436,0.24117927569022868,0.0015019816360953508,1.5325383535527923e-10,True,200,347,348
DTLZ3,12,3,59,350,4,3,True,123,123,11,11,4,0.2285959796800329,0.22859598207074242,0.0011266999109712517,0.001126701117895812,0.035278099845684086,0.035278102430142344,-5.6845122085255575,-5.65144482019241,0.0033226645627959833,0.0033230460203412804,14.0,14,22.0,22,4.0,4,20.0,20,388,388,388.0,0.945,0.9999814691604648,1.0,398,0.0004300453177932392,0.18348660061948618,3.197354133677436,0.265553638106212,0.0023421397426437625,1.379546544165735e-10,True,200,349,350
DTLZ3,12,3,60,354,5,3,True,131,131,18,18,5,0.053931933829013054,0.05393193116847947,0.0007157779789919161,0.0007157774299720865,0.012165750128826605,0.01216575014762962,10.229300486420728,10.23577263833431,0.014450676466323649,0.014450502582860736,22.0,22,36.0,36,2.0,2,34.0,34,394,394,394.0,0.965,0.9999904174643122,1.0,398,0.00018919297762683132,0.18345350849572878,1.6618577562912833,0.16987065720604733,0.0013502445437124206,1.360251563165149e-10,True,200,353,354
DTLZ3,12,3,61,359,4,3,True,114,114,6,6,4,0.028182724841726903,0.02818272482563676,0.010346786302267902,0.010346787657611961,0.02226908854910961,0.02226909019442823,-7.174480005457005,-7.050993409349758,0.021494497850407863,0.021496549493832617,8.0,8,13.0,13,2.0,2,10.0,10,388,388,388.0,0.95,0.9999839125909818,1.0,398,0.0008363105299247642,0.18347769138289005,5.3075227813387755,0.33704864399624057,0.0021639141266114608,8.337075397134322e-11,True,200,358,359
DTLZ3,12,3,62,363,3,3,True,118,118,8,8,3,0.04112165722675587,0.041121657312678694,0.0016772918883059679,0.001677287574472372,0.015750288176141623,0.015750290069204156,-9.299660545077558,-9.308829155474086,0.007795961530067565,0.007795790957487725,10.0,10,17.0,17,2.0,2,14.0,14,394,394,394.0,0.93,0.9999838801242085,1.0,398,0.0023156788593381257,0.183740738471676,4.6538172019063495,0.5335266680922359,0.002522900881137218,8.208255156606585e-11,True,200,362,363
DTLZ3,12,3,63,366,2,3,True,130,130,13,13,2,0.045747191435325386,0.04574719164764416,0.00036843069779501914,0.00036843183315649064,0.012152171948852404,0.012152172571602735,-5.2522209701115585,-5.2242102774907835,0.002333906575236428,0.0023336272113283485,17.0,17,26.0,26,4.0,4,24.0,24,374,374,374.0,0.99,0.9999971910035019,1.0,398,0.0003043497399546131,0.18339391152118123,5.286865753878374,0.21603608470468316,0.001852518325912931,7.650695195175673e-11,True,200,365,366
DTLZ3,12,3,64,368,3,3,True,135,135,12,12,3,0.04906298967033727,0.04906298667752067,1.784662523554581e-06,1.7842500039944031e-06,0.014515541299343494,0.014515539587994425,0.7483066112744492,0.7402539687172975,-0.0005466337959942071,-0.0005471990317573727,15.0,15,24.0,24,6.0,6,22.0,22,394,394,394.0,0.97,0.999990169224217,1.0,398,0.00048791873809098725,0.18344820372549647,2.7608923329389654,0.2873493121005595,0.0020763912469017832,7.500894552741042e-11,True,200,367,368
DTLZ4,12,3,1,131,5,3,True,159,159,19,42,4,0.07064904920052793,0.07064904927419734,0.0004496308369308197,0.0,0.019309195458198928,0.008998166795148449,0.7432167997869676,-0.10441138228092905,0.37530812142624426,0.3755980986576215,22.0,46,39.0,86,2.0,14,36.0,82,384,384,384.0,0.31,0.8312699961782983,1.0,398,0.707164496054326,0.637670660918318,0.02316420563910307,0.00012138659931754114,0.00023299711177556486,8.011099254448898e-05,True,200,130,131
DTLZ4,12,3,2,136,2,3,True,158,158,24,22,2,0.06409762373508288,0.06409762622081605,0.0,0.0,0.012374095589793733,0.01237410187224671,0.4796032153786882,0.8029561546567388,0.20281180510853553,0.1126205173007491,31.0,26,49.0,45,2.0,6,44.0,40,388,388,388.0,0.41,0.9831421708146477,1.0,398,1.6202091641806469,1.1393918238690406,0.056039164290550225,0.00013097714071491628,0.00010602421416536962,4.161138622354052e-06,True,200,135,136
DTLZ4,12,3,3,138,3,3,True,158,158,26,41,4,0.07115261546897411,0.07115260995418443,0.002737689249368253,0.001587985212975318,0.015309157525788843,0.013628004883736874,0.6289593436730803,-2.052540993696014,0.006809799259408382,0.06770762179648228,29.0,48,53.0,83,6.0,4,50.0,80,398,398,398.0,0.29,0.8988716754738718,1.0,398,1.697797867027361,1.2027427344620953,0.06301936294587507,0.0001736264541292165,0.0002347011469368748,4.02739399019431e-06,True,200,137,138
DTLZ4,12,3,4,141,3,3,True,177,177,11,10,3,0.050558836741709086,0.050558836293309074,0.0014916408711838625,0.005034482284881958,0.021996897281655953,0.022561059839758167,0.6191291655484452,-0.5750035027673335,0.20047213085841545,0.21330299595761665,13.0,12,23.0,20,2.0,4,20.0,18,382,382,382.0,0.295,0.9053552954153665,1.0,398,1.1564427557938264,0.8617960522161532,0.04503692016968741,0.00017486287013038226,0.0002860141299922916,3.508349996474451e-06,True,200,140,141
DTLZ4,12,3,5,144,4,3,True,166,166,22,27,4,0.04024722601567133,0.040247225414719624,0.00044408461259324433,0.00044407975407260297,0.014234708948132477,0.013532596820406917,1.3227117680724203,-3.4846826803403146,0.02224346731398163,0.012784336744139119,24.0,30,43.0,51,6.0,8,40.0,52,384,384,384.0,0.285,0.863757287057927,1.0,398,1.014992073787594,0.8814812113165362,0.08781781946600198,0.0002345351899430137,0.0003663133684441922,2.5637831957475778e-06,True,200,143,144
DTLZ4,12,3,6,148,2,3,True,175,175,12,26,4,0.058007083265996205,0.058007082134702584,0.0028321500648926267,0.0028321477120149445,0.014668071576782214,0.018184476215119996,2.439298418105154,0.4457447566730808,0.08815393990732344,0.03838088622886618,15.0,33,23.0,51,4.0,4,22.0,48,392,386,392.0,0.32,0.8254241843928172,1.0,398,1.4393938029075544,0.9917566996104399,0.03250447921355604,0.00021913436450282653,0.0002491458340068585,1.9860442085889886e-06,True,200,147,148
DTLZ4,12,3,7,150,3,3,True,167,167,19,24,4,0.04507385335909134,0.04507385297652739,0.002230894532903205,0.0022308944980755085,0.015094958129801689,0.023425439872636733,1.7514161906107377,0.775258167891478,0.024548235688750072,0.0020515811894875014,21.0,26,37.0,46,6.0,8,36.0,46,372,372,372.0,0.35,0.9339937579586511,1.0,398,0.855765593314822,0.7331453810701711,0.03695199122658211,0.00023540895296630948,0.0003175678352098203,1.811615785974591e-06,True,200,149,150
DTLZ4,12,3,8,153,2,3,True,177,177,6,9,2,0.05534581944782202,0.05534581832571432,0.00042757542064297827,0.0,0.02158377059245488,0.0026099298672192166,-1.4989108623103884,-10.761829202836848,0.178713205274164,0.16182857979102255,9.0,12,13.0,19,4.0,4,10.0,16,396,388,396.0,0.32,0.9218734126951224,1.0,398,1.2253655148939817,0.9348897800362967,0.034709395825335054,0.0003250956179650516,0.00041693076054870456,1.4984559171632002e-06,True,200,152,153
DTLZ4,12,3,9,155,4,3,True,177,177,17,7,2,0.037036303269803825,0.037036302385016595,0.000122693977945329,0.007794418878929591,0.008911871564482532,0.014330138322504831,1.509413043083092,-4.865097502099003,0.028835323977713344,0.0740956413055767,21.0,9,35.0,15,6.0,4,32.0,12,392,390,392.0,0.285,0.8038440179536778,1.0,398,1.1541017787354768,0.7939122673745023,0.05765287934759744,0.00035534816681845674,0.0003694320397612029,1.3834169274320246e-06,True,200,154,155
DTLZ4,12,3,10,159,2,3,True,168,168,11,23,5,0.05156873274128838,0.05156872475631834,0.013330815387861628,0.005596423886587654,0.028285701968085997,0.01996348331374559,2.7090751675715805,-1.3865357059551116,0.014192878741255422,0.014202000091808616,13.0,28,22.0,42,4.0,10,20.0,44,394,394,394.0,0.33,0.9023586554138309,1.0,398,1.6549191825402545,1.167732435183681,0.03242527345133217,0.0003018908121048547,0.00029719040348168065,1.328446860669117e-06,True,200,158,159
DTLZ4,12,3,11,161,5,3,True,179,179,19,30,4,0.04974131970328734,0.049741325557117674,0.00483264940114842,0.0040671419362485195,0.02065694159382335,0.021053192525362238,1.4739726476647736,-1.1351125402402586,0.024750962822198363,0.023415594764282593,22.0,34,38.0,59,4.0,8,36.0,58,368,394,368.0,0.27,0.900952796541221,1.0,398,2.1578307419998453,1.5783580039913871,0.0263621856985079,0.00040688987409086275,0.00040358963254392754,1.306842395549515e-06,True,200,160,161
DTLZ4,12,3,12,166,3,3,True,175,175,22,16,5,0.04860914828356081,0.04860914687212101,0.000858006290110902,0.006381032163706146,0.017852157673324962,0.01831511115330753,0.01944407695549666,-0.08206404640844084,0.08539995932793998,0.11120083520467869,26.0,19,44.0,33,4.0,4,42.0,30,376,376,376.0,0.3,0.9260014836003773,1.0,398,1.7000592582998637,1.204589152704166,0.04128850076396362,0.00036040772154244394,0.00034082543267774764,1.2018791238158573e-06,True,200,165,166
DTLZ4,12,3,13,169,4,3,True,167,167,19,15,3,0.06343667550963639,0.06343667234605777,0.0022816715151157685,0.0029550916425729046,0.012248792448625487,0.024159366908798392,-0.1500685517581295,-0.2567211411154368,0.07641415877623502,0.11261654246504306,22.0,17,39.0,31,8.0,4,36.0,28,372,374,372.0,0.305,0.8934530991259793,1.0,398,2.322063270648209,1.7124533021100805,0.03582853262399954,0.0004320662382438778,0.0003368936985291596,1.1802177064688158e-06,True,200,168,169
DTLZ4,12,3,14,173,3,3,True,179,179,15,20,5,0.049438174744396934,0.0494381751224649,0.0040001327435409606,0.00013078256325260718,0.016239944861113593,0.025802904114563627,0.33451656971792376,-2.169184758910623,0.07578712104469355,0.09849585357878965,17.0,25,29.0,37,4.0,6,26.0,36,358,360,358.0,0.415,0.9138362396553423,1.0,398,1.9427961302219117,1.4027829786940127,0.02349996653816744,0.00036327805433289395,0.0003841774677133488,1.1391641860538784e-06,True,200,172,173
DTLZ4,12,3,15,176,3,3,True,166,166,17,18,3,0.06369845904989292,0.06369845790390526,0.0005686670746290298,0.0,0.02099972486360309,0.02569245996997683,0.4099255862445883,-0.21861252290637798,0.13755900303419505,0.11636357997395198,19.0,21,35.0,38,12.0,8,32.0,34,392,392,392.0,0.35,0.9343322847274019,1.0,398,1.6111565755285089,1.13200041618607,0.04613163377435914,0.0004524692016051497,0.00045646202983378007,1.1134037832285766e-06,True,200,175,176
DTLZ4,12,3,16,179,6,3,True,174,174,13,17,4,0.059385468038985534,0.059385468089981075,0.0,0.0,0.016024749337739563,0.011520406960931928,0.556509457319438,-0.19283819772843402,0.0827857695795036,0.05686781167747872,16.0,20,25.0,32,6.0,2,24.0,32,386,386,386.0,0.34,0.919771623217261,1.0,398,1.4941757150234303,1.0364859435496303,0.01739470350116834,0.0002715372227339863,0.00028083312820451176,1.0948695052673493e-06,True,200,178,179
DTLZ4,12,3,17,185,2,3,True,173,173,15,14,2,0.06210188943386144,0.06210189018889656,0.0014050929174781457,0.0014050928127795625,0.029990147842621478,0.02621929562789851,0.5057074594758593,1.0906996022798474,0.10094725740766956,0.10284372487874407,18.0,17,31.0,29,10.0,10,28.0,26,392,392,392.0,0.27,0.8677950857604741,1.0,398,1.155598259646708,0.8410833171656131,0.027301981478311976,0.00044599164597365095,0.000346461082823442,1.0250225148589783e-06,True,200,184,185
DTLZ4,12,3,18,187,4,3,True,182,182,19,13,4,0.06274662740852503,0.06274662775038022,0.0002873888696673932,0.0002873888560590565,0.027495217245884846,0.02788456700444708,2.810046507423237,0.8357034347966694,0.03704798247243947,0.05628827774767408,21.0,17,38.0,27,2.0,8,36.0,24,388,386,388.0,0.33,0.9305440010028174,1.0,398,1.67151758002649,1.1812849699799841,0.02469458186073048,0.0004138313067569288,0.00030627140466379807,8.720880100782392e-07,True,200,186,187
DTLZ4,12,3,19,191,5,3,True,178,178,21,21,5,0.061756643124351036,0.0617566454466319,0.007503965418733161,0.003725423731508304,0.026123530373872043,0.018635208487222582,2.5908170760167994,0.46564764426253297,0.03222579763858676,0.037995513009542015,25.0,25,42.0,42,6.0,4,40.0,40,390,390,390.0,0.29,0.9278644617283506,1.0,398,1.7257448204553438,1.2255613263832772,0.03839527112721086,0.0005358179789174897,0.00041886733932646657,6.868698661373843e-07,True,200,190,191
DTLZ4,12,3,20,196,3,3,True,170,170,20,22,2,0.06305834247133991,0.06305833998676881,0.002413911220624232,0.002413920268946934,0.02818892558169551,0.028188923083726714,3.5089307627076045,3.3824013347654853,0.02207983256836716,0.017852281516134626,22.0,25,40.0,44,8.0,8,38.0,42,376,376,376.0,0.3,0.9431520393574893,1.0,398,1.3326206757868597,0.9224154147737007,0.011557845991916338,0.00036830372302545933,0.0002952002710690138,6.412216548226263e-07,True,200,195,196
DTLZ4,12,3,21,199,4,3,True,178,178,27,22,6,0.06643110911100415,0.0664311251164619,0.0019124497003050356,0.004828592180191067,0.02537627506407434,0.02552435144613463,1.4077571251874867,5.375223948812284,0.012378043712554776,0.04750463816573301,32.0,24,51.0,41,12.0,4,52.0,42,398,386,398.0,0.25,0.8890748090599576,1.0,398,1.8442646936553224,1.3223323976233397,0.0379150955919183,0.0005266397503607412,0.0003664230389998813,5.808684762949832e-07,True,200,198,199
DTLZ4,12,3,22,203,3,3,True,173,173,11,9,4,0.07121827192701938,0.07121826833437114,0.007878052842795746,0.007878056138470035,0.03278866143022811,0.02406574436432864,1.0370195264423527,-4.9178532571132045,0.031486266205239394,0.03692022336612531,14.0,12,22.0,19,4.0,2,20.0,16,386,396,386.0,0.32,0.9000449456968006,1.0,398,1.309816433250567,0.9094537872218055,0.018162097402099953,0.00027789627649887905,0.0002209993095279885,5.557548451280101e-07,True,200,202,203
DTLZ4,12,3,23,206,6,3,True,178,178,25,21,4,0.06800676025864678,0.06800674129161084,0.00265351722834814,0.0026535154801108907,0.022300280274256373,0.02509895869184314,2.1059318450531763,-2.029360371766998,0.020577286676200714,0.03245822590865206,29.0,24,50.0,42,2.0,0,48.0,40,388,388,388.0,0.235,0.9279918128033535,1.0,398,1.5419050818223652,1.075456808350821,0.010184053641485558,0.00025751328449283295,0.00019882167353200115,5.472257706526796e-07,True,200,205,206
DTLZ4,12,3,24,212,8,3,True,175,175,28,23,5,0.08308660986310527,0.0830866075185808,0.0,0.0,0.011516979640538643,0.012146616586827953,0.8639022562575938,-0.2347546903196751,0.0146891710918955,0.015059984985870578,34.0,29,56.0,46,6.0,6,52.0,42,392,396,392.0,0.285,0.9271008209491982,1.0,398,1.5874043753890201,1.1126068259825974,0.010012464068132942,0.00028807892574633787,0.0002539285019725169,5.259529269161244e-07,True,200,211,212
DTLZ4,12,3,25,220,5,3,True,174,174,14,12,2,0.06467163716958989,0.06467163621494208,0.015457540098090795,0.015457541404591095,0.04386755120814129,0.04072195338676884,0.7638469826285967,-3.71687254366799,0.005595351036434442,0.009673904563182947,18.0,15,28.0,25,4.0,8,26.0,22,380,382,380.0,0.235,0.8486474013580392,1.0,398,1.1887088857090695,0.8752946893497049,0.012093100933015855,0.0003374762810803428,0.0002737237066261611,4.792658986058764e-07,True,200,219,220
DTLZ4,12,3,26,225,3,3,True,175,175,12,13,4,0.0772687463036271,0.07726874766664588,0.012367329393168659,0.017106915546862726,0.03557978699610283,0.03993258184618843,1.034139608426277,7.984615729009604,0.01082741246790643,0.010069084132321977,14.0,15,24.0,26,6.0,4,20.0,24,396,370,396.0,0.28,0.826402386263632,1.0,398,1.280272925715799,0.9851926103994109,0.017903110697212732,0.0004979476328768953,0.00034332098078176807,4.662343956828086e-07,True,200,224,225
DTLZ4,12,3,27,228,4,3,True,170,170,22,14,5,0.05336182022788705,0.05336181220617575,0.0021036721519380013,0.011730113569676237,0.029975615547404064,0.038133435276120384,-0.8596842547184469,2.413986960303085,0.0030672660052262638,0.0029656412682114107,26.0,16,44.0,27,8.0,2,40.0,26,384,384,384.0,0.275,0.7394032968490252,1.0,398,1.828786660679944,1.3096946366191888,0.01318835840473831,0.0005186943686495138,0.00038158577226344605,4.5932485710105495e-07,True,200,227,228
DTLZ4,12,3,28,232,6,3,True,167,167,25,16,4,0.06467547143243615,0.0646754625371418,0.0007993332188614977,0.008588268653552389,0.024191615788962294,0.03240624443777647,0.24953910282859182,-0.7408881867096514,0.011529549058391013,0.01343012533692536,30.0,20,48.0,31,6.0,6,46.0,30,386,386,386.0,0.25,0.8652252629882585,1.0,398,2.7935608400334067,2.097429455428631,0.027883805873049283,0.0004122643575773244,0.0003268916990177921,4.4922845354567197e-07,True,200,231,232
DTLZ4,12,3,29,238,6,3,True,177,177,21,19,7,0.051901791775354034,0.051901791800460395,0.004092472595993143,0.004092475056209343,0.03082984650951823,0.03082984579289167,1.6111132438859577,4.4501423639829145,0.004649566663717434,0.008292381192988117,23.0,21,40.0,39,4.0,6,40.0,36,392,392,392.0,0.28,0.8259750655760556,1.0,398,1.9727618420988526,1.4272498799861637,0.02705086664492118,0.0005946491327277204,0.0004231275559533762,4.3164477172209994e-07,True,200,237,238
DTLZ4,12,3,30,244,2,3,True,188,188,16,14,2,0.0845877981750795,0.08458779392816723,0.0007558369540729804,0.000755835436699032,0.023640372818338237,0.026272473325376123,-0.05188286585705315,-1.0595771312431912,0.0053988490198700325,0.0064757718635414345,18.0,16,33.0,28,8.0,4,30.0,26,392,392,392.0,0.185,0.7491051743144834,1.0,398,1.3701485893731258,0.9467318133357379,0.025066904640789645,0.0006122837487721466,0.0004168665812176127,1.5119072169395208e-07,True,200,243,244
DTLZ4,12,3,31,246,3,3,True,179,179,11,14,3,0.06128817595638336,0.06128817677673459,0.004311813510609657,0.004311813606806761,0.036052011227379055,0.02762424607846791,0.3026098886483872,-2.5392981498534435,0.011552839577260405,0.014352217157151678,14.0,18,22.0,29,8.0,6,20.0,26,384,398,384.0,0.24,0.8170610696423746,1.0,398,0.8763942125723205,0.5922743924700196,0.020497579826753487,0.0004348811187628865,0.0003314179746954132,1.4964305477150177e-07,True,200,245,246
DTLZ4,12,3,32,249,4,3,True,182,182,17,18,5,0.04950988130663485,0.04950987533065517,0.0009261777786184755,0.008615406053942062,0.016231186311114212,0.026228651849401936,0.6719408512401688,3.9992844108996755,0.00418157798028594,0.0028630671488384775,20.0,23,34.0,36,6.0,6,32.0,34,390,394,390.0,0.22,0.7229684155218324,1.0,398,2.0388081210474702,1.4811764409307444,0.015042690401074532,0.0005560410583476255,0.00040443499471458176,1.473771462092973e-07,True,200,248,249
DTLZ4,12,3,33,253,5,3,True,165,165,16,17,3,0.07854339641261339,0.07854339799285834,0.003918894516757754,0.003918894388759253,0.03066601301098748,0.03478815242627442,0.6253327235837451,0.06257824027270528,0.008822860654038787,0.008349633834732554,19.0,21,32.0,32,4.0,8,30.0,30,380,380,380.0,0.335,0.8920861537281899,1.0,398,1.0596051599778176,0.7392015611131981,0.010009934724413583,0.00027156312332800303,0.00021904364358656524,1.425028254096291e-07,True,200,252,253
DTLZ4,12,3,34,258,6,3,True,184,184,25,19,4,0.06073072601366247,0.060730718816456086,0.0006878920186897023,0.0029953562027589076,0.024831325184244468,0.027171890143521175,1.4461555741947043,5.323915634084665,0.0039475426825669145,0.003362582647111896,27.0,21,49.0,37,6.0,4,46.0,34,392,394,392.0,0.29,0.877255758450494,1.0,398,1.109781499866863,0.7317814614062879,0.03503758226741294,0.0003060066020623142,0.00019367420450399524,1.3951370919401064e-07,True,200,257,258
DTLZ4,12,3,35,264,4,3,True,174,174,14,18,3,0.0637885539641661,0.06378855508228409,0.018767360687936302,0.008167285889536264,0.03618572886400319,0.030274946844731865,2.7413096403430575,3.8611077841444326,0.0011183021546000067,0.001593683089834912,16.0,21,27.0,35,6.0,6,26.0,32,374,392,374.0,0.205,0.881762668733246,1.0,398,1.553773521105998,1.0851473484468617,0.02432963586611847,0.0002670441618447539,0.00019133861531956726,7.131213439617622e-08,True,200,263,264
DTLZ4,12,3,36,268,3,3,True,178,178,18,17,2,0.086413984766995,0.08641400137180286,0.0029176462777615597,0.0029176460721423714,0.024336277749500996,0.02974338940480306,0.2432207864187501,-0.2299779017021434,0.006582412021943666,0.006317563556539107,20.0,20,33.0,34,10.0,8,34.0,32,394,394,394.0,0.27,0.8775984823250275,1.0,398,1.887465402226451,1.357605628465059,0.02309128568432417,0.00039351060468528765,0.000316965065353895,7.033076277784725e-08,True,200,267,268
DTLZ4,12,3,37,271,4,3,True,181,181,19,13,3,0.08674455916432434,0.08674455029386294,0.0032520195113486406,0.025889128807568884,0.03296343484321462,0.041237273341200656,-0.2206665919344042,4.210565164036984,0.006753309461434155,0.006753224501480645,24.0,15,38.0,26,2.0,4,36.0,24,388,384,388.0,0.18,0.8191101122597276,1.0,398,2.672592687691363,1.9986593726402078,0.01713665441740808,0.0005515917698273864,0.0003644177270886407,6.954624208486873e-08,True,200,270,271
DTLZ4,12,3,38,275,4,3,True,181,181,21,18,2,0.08303479297487792,0.08303478788673546,0.0012723546169988165,0.002721520976415648,0.017055688262321733,0.01867834902067657,0.2234815517641633,3.4903056160982566,0.012021944018671366,0.010235070671286088,24.0,21,38.0,34,10.0,10,38.0,34,366,360,366.0,0.325,0.876548784306087,1.0,398,1.2596679052369586,0.8768367280414091,0.015755150758361758,0.00037858761854819845,0.0002688681494141959,6.852120046199679e-08,True,200,274,275
DTLZ4,12,3,39,279,4,3,True,180,180,18,18,5,0.07604236202744545,0.07604236000761858,0.0016016715956781585,0.007916455047021709,0.019186310866714275,0.031102173553911382,1.3211241035408365,2.0574278849799073,0.0036251467714895577,0.003018116260237081,21.0,23,35.0,36,6.0,6,34.0,32,392,390,392.0,0.275,0.8721698316159422,1.0,398,0.8991750121744576,0.5954434283169094,0.047109333497917794,0.0004794738201774895,0.00030619126730569454,6.736289678036558e-08,True,200,278,279
DTLZ4,12,3,40,283,2,3,True,179,179,12,16,3,0.08336660294807277,0.08336660000552883,0.012366280591996792,0.012366279747606207,0.036956658469936815,0.030283257454824263,1.485825155849322,4.355755369559025,0.0009396357270421047,0.003673909882711764,14.0,19,24.0,32,2.0,2,22.0,30,396,388,396.0,0.23,0.8580252282057157,1.0,398,1.10001981026814,0.7832494319043284,0.010472801217880023,0.00030655085577971364,0.00022874016992798657,6.51543577428867e-08,True,200,282,283
DTLZ4,12,3,41,285,4,3,True,179,179,38,30,4,0.07143563961067595,0.07143565385014375,0.0008105867561875035,0.0,0.020638377113484704,0.020350120266989177,1.3921858105187361,3.3856111374344184,0.0014703345437863226,0.0029873527027552216,45.0,37,74.0,57,2.0,10,72.0,56,384,384,384.0,0.23,0.8847726418975115,1.0,398,0.9855247182738023,0.6633012045236196,0.0432219996927925,0.00031618853363499233,0.00020384790267901953,6.461189183502167e-08,True,200,284,285
DTLZ4,12,3,42,289,4,3,True,176,176,19,19,4,0.0783386954732962,0.07833869761488221,0.002158894951686848,0.0021588939494623987,0.020611719486143043,0.021730496172467428,1.2958793731951626,3.539624380904211,0.002963691476495634,0.0015586149189541097,22.0,23,37.0,39,8.0,2,36.0,36,376,386,376.0,0.25,0.8773873840015387,1.0,398,1.375149112932314,0.9445441369031915,0.02605290732517518,0.0003669816157819694,0.000247726352968608,6.379515716057369e-08,True,200,288,289
DTLZ4,12,3,43,293,4,3,True,174,174,9,13,3,0.08382875498130793,0.08382872634480672,0.01681683517588711,0.007457504971926002,0.026570105965982964,0.017061063762637076,2.0537446725470097,3.4391551325449914,0.006549692568476552,0.009707199668215255,11.0,17,19.0,27,2.0,4,16.0,24,386,386,386.0,0.34,0.9182281773930506,1.0,398,0.8440355094033756,0.5165226084200752,0.015364511634774258,0.0002686024830915734,0.0001932311527971974,6.222915435325693e-08,True,200,292,293
DTLZ4,12,3,44,297,6,3,True,180,180,17,13,5,0.05579478602116439,0.05579478508141153,0.0037267497273861944,0.003726751769867198,0.020372299184030496,0.01640064025712784,1.458189899531686,1.9399123453370208,0.0076606846148367025,0.009800503185192388,20.0,16,33.0,26,8.0,10,30.0,22,392,392,392.0,0.34,0.8924156121718644,1.0,398,0.9340063742623363,0.6217446376432932,0.02880847326547009,0.00032861546959177257,0.00020893313295212564,6.133285396762638e-08,True,200,296,297
DTLZ4,12,3,45,303,2,3,True,181,181,24,30,4,0.07712887071049583,0.07712887799554043,0.011628348818700528,0.006636993831495241,0.03569901760009597,0.035699021567860534,2.4787181723558005,7.697149526579446,0.005768300938262661,0.0030412611048595884,29.0,35,45.0,55,8.0,6,44.0,54,384,384,384.0,0.3,0.8857017600094477,1.0,398,2.5975447389239523,1.9373829790659678,0.0399005390688445,0.0005603102407162885,0.00037987336978420394,5.972074865140714e-08,True,200,302,303
DTLZ4,12,3,46,305,3,3,True,179,179,13,11,3,0.05990044306771988,0.05990044343850705,0.0026286978243980075,0.002628710828519676,0.025545786241829592,0.016578042150820205,1.7486369760475142,17.290056581171562,0.012112290316790807,0.022966958680195243,15.0,13,27.0,21,4.0,6,24.0,20,396,396,396.0,0.24,0.9019023522730016,1.0,398,1.1906435594137408,0.808154953071319,0.043568466921108495,0.0005442094785138574,0.00035064081184937233,5.9235507995040315e-08,True,200,304,305
DTLZ4,12,3,47,308,3,3,True,183,183,16,19,3,0.057021284965003784,0.0570212883854814,0.0033338300955493283,0.003333830108390945,0.018250616591292467,0.019759060527498623,0.36972629277083957,1.0893552075167037,0.007901683783235457,0.006254996253230507,18.0,21,30.0,39,6.0,4,30.0,36,384,384,384.0,0.315,0.9189304686656021,1.0,398,1.4927268005260763,1.0353029098164952,0.02180811037236685,0.0004356656722140917,0.0003168347825850641,5.8278012496362324e-08,True,200,307,308
DTLZ4,12,3,48,311,3,3,True,190,190,20,15,4,0.060972791215730224,0.06097279426244931,0.002468553592659739,0.0028491018047274593,0.020825919593392042,0.01929458373482018,1.557528762451871,2.3318444865359376,0.010059767232787136,0.011179722684765006,24.0,17,38.0,30,2.0,4,38.0,26,388,388,388.0,0.4,0.870869421111922,1.0,398,0.9940681421816283,0.6530720105164864,0.026634831914174484,0.0003510729114957478,0.00024514228440170423,5.7681325361069234e-08,True,200,310,311
DTLZ4,12,3,49,314,4,3,True,180,180,22,23,3,0.07054249563869582,0.07054246837069823,2.49020940919914e-05,0.0027545783279038644,0.01704817569121559,0.03269993775388674,0.4267387947029708,5.469960644578483,0.011466030432778586,0.01133963780099539,28.0,29,42.0,43,8.0,4,40.0,44,386,386,386.0,0.27,0.8698225647529239,1.0,398,2.017405947879867,1.4637016397149227,0.034364196281033266,0.00035236133488392163,0.0002372111678085248,5.7066267424818144e-08,True,200,313,314
DTLZ4,12,3,50,318,4,3,True,167,167,15,16,3,0.07210407277086006,0.07210407348327863,0.015599434655168526,0.015599432341601965,0.03403533719886852,0.030764498857741476,3.9198388041675214,7.602009925931932,0.000869163602645817,0.0022085169654550447,18.0,19,31.0,32,8.0,2,28.0,30,388,388,388.0,0.33,0.8662351969283204,1.0,398,1.1732792811932948,0.7817197968083626,0.030298412371431382,0.00041810231195199554,0.00025515990552656164,5.610563273955268e-08,True,200,317,318
DTLZ4,12,3,51,322,5,3,True,175,175,25,13,2,0.08854373026013974,0.08854373037949435,0.000806155976402767,0.006847960488645055,0.02488679571826875,0.028564879360801532,-0.4997108317621377,4.5094757270708214,-0.0027600077382947618,0.004624198331114826,29.0,16,48.0,27,6.0,2,48.0,24,392,392,392.0,0.29,0.8380011648296901,1.0,398,1.084329575292322,0.8237139496558793,0.05268845621867513,0.00036311558051238535,0.0003038045873885204,5.5160370954663264e-08,True,200,321,322
DTLZ4,12,3,52,327,5,3,True,181,181,16,11,5,0.09239668396146566,0.09239668278920227,0.0033094558380504235,0.003309458579084823,0.03147514161058344,0.028364796420256917,1.138328773653801,1.1081086857093396,0.003377013965074903,0.00860962932381426,20.0,14,30.0,23,8.0,4,30.0,20,392,368,392.0,0.26,0.8447766002393196,1.0,398,0.9822892763484445,0.6447947945789716,0.015384430878839339,0.00023008298546756123,0.0001904585006824136,5.418452314698379e-08,True,200,326,327
DTLZ4,12,3,53,332,2,3,True,177,177,25,14,4,0.05015978412579231,0.05015978835521913,0.0022777790439957313,0.00486356595391757,0.02187665467519989,0.021443606707560035,1.854481841726102,6.375768053873799,0.006838369181910658,0.01124455495474308,31.0,16,51.0,29,12.0,4,46.0,26,392,366,392.0,0.29,0.8012840229823706,1.0,398,1.1654535107971813,0.7680853877238685,0.01440486827505083,0.0003056666371321626,0.00023396673431936966,5.322442107548877e-08,True,200,331,332
DTLZ4,12,3,54,334,3,3,True,171,171,11,15,3,0.0963656213415272,0.09636561521962653,0.007771737070274512,0.003921527063668551,0.02729906236875157,0.024129289564399702,0.6931171081569065,4.977112444022168,0.00437109997735418,0.001115550724456682,14.0,17,22.0,31,4.0,6,20.0,28,394,394,394.0,0.29,0.8628250785744465,1.0,398,0.8635457590448201,0.5511530147907886,0.023420879906552727,0.000299056784797358,0.00024920323327370193,5.2879032570722326e-08,True,200,333,334
DTLZ4,12,3,55,337,6,3,True,176,176,27,18,4,0.05735813416123146,0.05735813532797544,0.002942155572001226,0.0029421565630092794,0.025231771339512727,0.030244329128273666,2.547229556434142,7.497539826679031,0.0043420574947076376,0.004059585007794908,29.0,21,53.0,35,8.0,4,52.0,34,392,388,392.0,0.285,0.8272195691151688,1.0,398,0.7820553030393964,0.5092710621445498,0.04620942925066629,0.0002965225411344363,0.0002197087746498904,5.219798963491294e-08,True,200,336,337
DTLZ4,12,3,56,343,3,3,True,173,173,15,21,6,0.04416225762776426,0.04416224860598892,0.0018693459678937319,0.005403528703703337,0.02751363387921097,0.02362583449342257,-0.12512447321468478,5.795613946786261,-0.0007544607325769318,0.0011722317239701852,20.0,27,31.0,43,10.0,6,28.0,40,388,388,388.0,0.255,0.8092458758324648,1.0,398,1.4551501043896025,1.0046216658985205,0.014045834951502911,0.00041573254156901385,0.0002930054823834168,5.113780548117541e-08,True,200,342,343
DTLZ4,12,3,57,346,4,3,True,174,174,15,17,3,0.11328524344484577,0.11328524765395322,0.004143786221210449,0.0070420801831609925,0.033973619147745236,0.033973619597529446,1.9307168264015413,9.042618568336138,0.001738998642379181,0.0016536382063208066,17.0,21,31.0,34,4.0,2,28.0,32,398,388,398.0,0.185,0.7500785918154953,1.0,398,1.3172158563183631,0.8919988239555314,0.012619949049621937,0.00019562777831083622,0.00018702998343489926,5.061043123199661e-08,True,200,345,346
DTLZ4,12,3,58,350,2,3,True,167,167,12,8,4,0.06655985423541246,0.0665598436705147,0.0012182717893515216,0.021171455597159272,0.0489264815989848,0.05518127626394953,2.124263740932963,8.066919769406525,0.0026289438788199664,0.002129930368450772,16.0,10,25.0,17,6.0,0,22.0,14,390,378,390.0,0.28,0.8057039006600256,1.0,398,1.4304029052544411,0.9844156624170844,0.01967162768869457,0.00032752227525634225,0.0002531161402418946,5.0009302747549766e-08,True,200,349,350
DTLZ4,12,3,59,352,2,3,True,162,162,7,9,4,0.0837221361593543,0.08372212669170431,0.019218769968545883,0.02284691050038462,0.024140642258680678,0.0361467999672071,-0.2423841438119947,4.1222973625463055,0.006603875317368356,0.006559129697500055,9.0,11,15.0,19,2.0,6,12.0,16,384,384,384.0,0.27,0.8146516077473575,1.0,398,1.2471985827778427,0.8348299595037554,0.011792113598858123,0.00018542308947644415,0.00016128701100520183,4.973409704980635e-08,True,200,351,352
DTLZ4,12,3,60,354,6,3,True,152,152,26,19,5,0.07828893843527894,0.07828895332249428,0.0034333040222987027,0.0034333030829983846,0.02969016780656002,0.031165066884275634,3.9029272096576264,12.688735370637914,0.001331606628737028,0.0011439934938479723,31.0,24,51.0,38,4.0,8,50.0,36,392,392,392.0,0.25,0.8324044352697495,1.0,398,1.316314674021959,0.8912630116916658,0.018876920234106365,0.00035230444075295964,0.00028224673107097453,4.9194335007191304e-08,True,200,353,354
DTLZ4,12,3,61,360,3,3,True,174,174,22,16,3,0.07031743049323308,0.07031742936529403,0.0006733509866381215,0.002302235563751087,0.021249351493974885,0.02822079300111578,2.8432457220514156,10.394540630063716,0.008497455684781312,0.007278102023570376,26.0,18,44.0,32,4.0,6,42.0,30,398,390,398.0,0.255,0.6386175654199742,1.0,398,1.7481263621708432,1.2438357786698726,0.00958213892454296,0.00024999174354434217,0.00020856708872849433,4.841088405406675e-08,True,200,359,360
DTLZ4,12,3,62,363,4,3,True,165,165,15,12,2,0.06151693100107858,0.06151693166610861,0.0,0.006535923995236004,0.013415530472140995,0.04464224015710806,0.29194544103449527,5.758194879420444,0.002634282767999718,0.001747580471693766,17.0,14,31.0,25,4.0,6,28.0,22,382,380,382.0,0.19,0.7612729733017339,1.0,398,1.5392487920927425,1.0732879568686007,0.027735633355632672,0.0003029373443723671,0.00022506407192553126,4.799793026267829e-08,True,200,362,363
DTLZ4,12,3,63,367,3,3,True,179,179,21,16,4,0.06560516583513974,0.06560515168762608,0.0006384097936938948,0.000638410115792909,0.024153383452972722,0.024722572496602764,1.9721458184908105,3.1782560778251536,0.003879573951822427,0.0020228532254247256,24.0,20,41.0,31,6.0,4,40.0,30,384,392,384.0,0.295,0.8248968757997654,1.0,398,0.8678838793032466,0.6033780365430126,0.010050548954495753,0.00025215217192453565,0.00026962013187364784,4.7412644287136785e-08,True,200,366,367
DTLZ7,22,3,1,241,3,3,True,129,129,8,8,3,0.062386986351880544,0.06238700058274251,0.0009646510948296411,0.0009646471230554954,0.027817131768175574,0.027817115405749254,-2.5690235426547643,-2.466066350487802,0.09763007896233239,0.09773474540346619,10.0,10,17.0,17,4.0,4,14.0,14,372,372,372.0,0.635,0.9988950732996977,1.0,398,0.06702854949548899,0.215019621242038,0.9575633564621366,0.009106501320286703,0.03827099980667281,0.00017837361277497554,True,200,240,241
DTLZ7,22,3,2,244,3,3,True,139,139,8,7,3,0.04403080588222606,0.044030806819687116,0.0048099413546220104,0.009130117781447095,0.015524065749721608,0.017553554735238175,-0.2693422459990984,-0.05447185002476996,0.32699176730241336,0.32745428346760547,11.0,10,17.0,15,4.0,2,14.0,12,320,336,320.0,0.435,0.9879145339679959,1.0,398,0.09055620830440718,0.19310284448079246,1.156353179369983,0.019305541292300082,0.036578312171777774,7.329743684417414e-05,True,200,243,244
DTLZ7,22,3,3,247,3,3,True,154,154,11,11,5,0.020726246380741473,0.020726251670170493,0.00018784792203707656,0.0001878527756027093,0.007359674754364682,0.007359674388345217,0.7425607546730966,0.7689165891585796,0.08641223966683383,0.08641518696242477,15.0,15,20.0,21,4.0,4,18.0,18,392,392,392.0,0.32,0.972200020564241,1.0,398,0.02474779454821384,0.17190810576297239,0.5242390275596271,0.004156473742508264,0.0164057833728872,5.2466713723831937e-05,True,200,246,247
DTLZ7,22,3,4,250,6,3,True,161,161,28,29,4,0.0221388114781821,0.02213881146101728,0.0,0.0,0.0027308102085207703,0.0029674044013993928,0.8894429321672028,0.9100777608935864,0.038744209734265685,0.040069140257785185,30.0,31,57.0,59,4.0,2,54.0,56,388,388,388.0,0.44,0.9971983831855188,1.0,398,0.010470102667990252,0.17870207081837952,0.1770011929494686,0.0012852007493827564,0.012244838860675079,2.5181550981682213e-05,True,200,249,250
DTLZ7,22,3,5,256,4,3,True,186,186,11,15,5,0.03944439630134715,0.03944442370746558,0.005136653549638679,0.0013349744731971924,0.016259648037423677,0.01042640151618594,0.6377783818209224,0.7236632663663324,0.06477118652788283,0.06477505455271357,13.0,17,22.0,30,4.0,6,20.0,28,380,380,380.0,0.645,0.9984825553844618,1.0,398,0.019689444954142175,0.18196168132800583,0.43872980314279175,0.004134871402276648,0.008094420313411623,1.5302096113236673e-08,True,200,255,256
DTLZ7,22,3,6,260,3,3,True,131,131,15,13,3,0.05005879541255482,0.050058797167968,0.00021737567356872045,0.00021735778105846926,0.016608168245149768,0.017009104430536104,0.7934251546336739,0.8261535903396808,0.31696200054765206,0.314629849230548,17.0,15,29.0,26,10.0,6,26.0,22,344,344,344.0,0.45,0.972818957835737,1.0,398,0.011540269227506006,0.18267799528686662,0.28059532638519613,0.0023573984368193083,0.0035813977942101925,1.4643365358211624e-08,True,200,259,260
DTLZ7,22,3,7,263,4,3,True,170,170,17,17,5,0.04478710514134426,0.04478710366812429,0.0005654418194346034,0.0005654364117533006,0.014649882529276497,0.014649882789525951,0.1629442881263845,0.1502149038277723,0.11172397623195555,0.11172662200597637,20.0,20,34.0,34,8.0,6,32.0,32,378,378,378.0,0.6,0.9984191123021887,1.0,398,0.009782979748327496,0.1831997235782526,0.18409473696114098,0.001338042151997154,0.0017394055719200329,1.2048441356738489e-08,True,200,262,263
DTLZ7,22,3,8,267,4,3,True,173,173,18,19,3,0.028485636186306496,0.028485652381957886,0.0002447154729170453,0.00024477341240680683,0.00650563611701227,0.0068857004980049374,0.9472580812281661,0.9708811944212811,0.05110681947671551,0.046456298647366195,21.0,23,36.0,38,8.0,10,32.0,34,382,380,382.0,0.515,0.9969405045648049,1.0,398,0.007546585336650555,0.1842944503426157,0.3383229065363098,0.0017402373127650707,0.0024890973057748924,1.1220600467927872e-08,True,200,266,267
DTLZ7,22,3,9,271,4,3,True,164,164,31,30,3,0.0375136938240309,0.03751369165580771,0.0018475308158316522,0.0018475303264800375,0.011903620970579044,0.011151168887612677,1.0550641240205838,1.0570135265355998,0.15674793889094313,0.15497772333429036,36.0,36,60.0,60,12.0,12,58.0,58,372,368,372.0,0.475,0.9930712164165943,1.0,398,0.005715427978390052,0.18301530799282495,0.32139035265957716,0.0016420677794422023,0.002065710224849065,1.0550365755466084e-08,True,200,270,271
DTLZ7,22,3,10,275,7,3,True,151,151,18,20,7,0.0349305397521348,0.034930538597536843,0.0005533464431982469,0.000553346396010285,0.008038252440827818,0.008038253606068444,1.046100172167395,1.0474440633362159,0.08908922087070857,0.08220512109216302,20.0,22,37.0,41,2.0,4,34.0,38,388,394,388.0,0.535,0.9956230003491322,1.0,398,0.0028069926981788163,0.18383496497656032,0.31693155738045675,0.0008550462215109328,0.0010692442051160123,1.0282398458598413e-08,True,200,274,275
DTLZ7,22,3,11,282,3,3,True,135,135,14,15,3,0.05113062297399275,0.05113062945663569,0.003386629537394506,0.0033866320020872753,0.02019763988118632,0.01864954003114547,-2.873643340192979,-3.0243527470484057,0.3908356718881093,0.38716207116113405,17.0,18,29.0,31,6.0,4,26.0,28,352,350,352.0,0.67,0.9995045744329389,1.0,398,0.02060314367553158,0.18926799999467786,0.38636776807186024,0.004367817726086104,0.005988797002707259,4.555791987815859e-09,True,200,281,282
DTLZ7,22,3,12,285,3,3,True,157,157,11,13,3,0.04560925988954645,0.04560926338942006,0.0011419496767437476,0.0011419446054417026,0.017783731283759686,0.017963983034094775,-0.07887017726624723,0.38477032406182143,0.19657899722359704,0.1889329413100179,14.0,16,22.0,26,6.0,2,20.0,24,382,382,382.0,0.61,0.9984494519999667,1.0,398,0.004078323712765848,0.18530290018844137,0.2566286683339376,0.0005607095360033558,0.0006985287496566244,4.489765949454032e-09,True,200,284,285
DTLZ7,22,3,13,288,3,3,True,169,169,5,5,3,0.031131282596096335,0.03113126369045255,0.015194695761413635,0.01519469011316211,0.019790360325199097,0.019790383133409417,1.0619973779665388,1.0573174414635653,0.058667951397759203,0.058667876059991665,7.0,7,11.0,11,2.0,2,8.0,8,356,356,356.0,0.81,0.999904311974492,1.0,398,0.0017709887134433901,0.18461459528523605,0.10039062169897761,0.0003366218754273509,0.0004255206963602015,4.409497982584303e-09,True,200,287,288
DTLZ7,22,3,14,291,2,3,True,150,150,14,14,2,0.030777121267558938,0.030777138899676593,0.003712781904487854,0.003712767532818407,0.016712907410111714,0.016712901276361332,0.6517786624207398,0.6486800611600162,0.07168312222120782,0.07168686967892769,17.0,17,28.0,28,6.0,6,26.0,26,396,396,396.0,0.865,0.9999222536438405,1.0,398,0.001808113203646727,0.18416446072079037,0.11988293703487685,0.00034186830903396373,0.00043291366456467927,4.343399766622537e-09,True,200,290,291
DTLZ7,22,3,15,293,6,3,True,125,125,23,23,6,0.024348730184304706,0.024348730900315755,6.704649223587822e-07,6.818473304304185e-07,0.004381894898064267,0.0043819012229420135,1.036636584179008,1.036327113645198,0.041796761578040145,0.04179374202359517,25.0,25,45.0,45,4.0,4,44.0,44,382,382,382.0,0.865,0.9999483456981194,1.0,398,0.0023862963739643478,0.18400478967016906,0.062317909726054665,0.00048602373291495304,0.0006571677919891518,1.940106601383438e-09,True,200,292,293
DTLZ7,22,3,16,299,3,3,True,114,114,10,10,3,0.03277835611789212,0.032778355231388064,0.00017812478592702484,0.00017812471152830849,0.005593428951804572,0.005593426223186473,0.5140601282706774,0.5152958800172622,-0.03006695199211353,-0.030067504107867498,12.0,12,20.0,20,2.0,2,18.0,18,392,392,392.0,0.89,0.9999580205094866,1.0,398,0.002487992202055505,0.18243011422849267,0.08557323731795563,0.00038946930258295775,0.0005286875447118402,1.8598650113156357e-09,True,200,298,299
DTLZ7,22,3,17,302,3,3,True,145,145,8,8,3,0.03541294052248777,0.03541294810609716,0.0006177875499674135,0.0006177886533813987,0.01421112111131671,0.014211107764208026,-1.4627352809483947,-1.4536078937025243,0.14458923709676835,0.14459443666721172,10.0,10,17.0,17,4.0,4,14.0,14,376,376,376.0,0.84,0.9999249308538416,1.0,398,0.004392920794385236,0.1857243634432073,0.08313203921439705,0.0008590632342189153,0.001314709366904247,1.7497522277290045e-09,True,200,301,302
DTLZ7,22,3,18,305,4,3,True,158,157,24,24,4,0.031009180782135614,0.031009177171986847,4.489877738364512e-06,4.491626467650889e-06,0.01445935081276226,0.014459350768496703,0.4731523114762419,0.46880140501059075,0.051575189745521555,0.05157452742011616,29.0,29,48.0,48,4.0,4,44.0,44,386,386,386.0,0.785,0.9997130664044797,1.0,398,0.0038014122400048113,0.18571943856613407,0.09996900159989863,0.000490416610403277,0.0006735264517993373,1.7204215860418223e-09,True,200,304,305
DTLZ7,22,3,19,309,4,3,True,172,172,21,21,4,0.02806288147413541,0.028062886113622093,0.0,0.0,0.004240168323869586,0.004240178412792658,0.35828176236846687,0.35682217501358554,0.05773591790934852,0.0577351678519165,23.0,23,41.0,41,6.0,6,40.0,40,384,384,384.0,0.885,0.9999636866266828,1.0,398,0.0012602909348082155,0.1841585291270846,0.11207157298242976,0.00022049861526743375,0.00029448880406781616,1.65779270231041e-09,True,200,308,309
DTLZ7,22,3,20,313,6,3,True,163,162,33,33,6,0.06064795390399702,0.06064798076452582,0.001120016127664476,0.0011200044399836291,0.008954462568681404,0.008954461863416169,1.3155423380154536,1.3166971887450618,0.03782645387148423,0.037826656609083076,37.0,37,66.0,66,2.0,2,62.0,62,396,396,396.0,0.9,0.999972623593376,1.0,398,0.0009335206925835584,0.18373749358237293,0.13681059634156156,0.00024186806605985941,0.0003218208292240184,1.535461156009735e-09,True,200,312,313
DTLZ7,22,3,21,319,4,3,True,167,167,18,18,4,0.07017358213293501,0.07017354589305691,0.0009085903365835968,0.0009085901702252583,0.017504247526330233,0.01750423115214883,0.6250181280224396,0.6201791995430287,0.11668771351061005,0.11668759060709846,22.0,22,36.0,36,8.0,8,32.0,32,396,396,396.0,0.945,0.9999799533405304,1.0,398,0.000814896562377408,0.18396031411433375,0.050528823306944304,0.0001969431912112185,0.0002500225651702217,1.395836090692508e-09,True,200,318,319
DTLZ7,22,3,22,323,5,3,True,167,167,12,12,5,0.0358285452289481,0.035828526665130034,0.0022986625786031306,0.0022986703531518854,0.012054129260018928,0.012054127278624767,0.4043365464277926,0.40701050742589295,0.08099425519430055,0.08099488856465353,16.0,16,24.0,24,6.0,6,22.0,22,398,398,398.0,0.95,0.9999677661049368,1.0,398,0.0006444895314751086,0.18382482736924538,0.11861627208080705,0.00010603175565587764,0.00013207016743513173,1.3023409359610377e-09,True,200,322,323
DTLZ7,22,3,23,328,5,3,True,165,165,14,14,5,0.06072717034267542,0.06072720315865102,0.0004617271022873044,0.0004617271130402988,0.015373876430263195,0.015373857732041196,-0.4667357743182947,-0.477385001173817,0.03832109665913614,0.03832080655847725,17.0,17,28.0,28,4.0,4,26.0,26,360,360,360.0,0.955,0.9999807350961397,1.0,398,0.0009043088437635379,0.1837900913118715,0.04215534370892726,0.00015071049456405472,0.00019002475999222495,1.2716003814388077e-09,True,200,327,328
DTLZ7,22,3,24,333,3,3,True,144,144,5,5,3,0.03686299755121822,0.03686301783927212,0.00045602625494328827,0.00045603158242888634,0.013773488718422766,0.013773493990154262,-0.6678294750355169,-0.6674327766130332,0.10134866197607753,0.10134878193228758,8.0,8,10.0,10,2.0,2,8.0,8,372,374,372.0,0.95,0.9999870820692925,1.0,398,0.0007360743154250437,0.18354980554511138,0.05748542865248396,0.0001655573092198548,0.0002097121557544364,1.2336342656578837e-09,True,200,332,333
DTLZ7,22,3,25,336,3,3,True,175,175,19,19,3,0.05499449712165759,0.05499449144816475,0.0,0.0,0.02176057280509247,0.021760586953696093,0.5359423722312346,0.5350581126116526,0.021717727230156567,0.021717751298543586,21.0,21,40.0,40,8.0,8,34.0,34,388,388,388.0,0.97,0.9999936472969322,1.0,398,0.0006395925570032235,0.18366849014178094,0.029829762029237372,9.394336440521345e-05,0.00012103460257036109,1.1061790150223598e-09,True,200,335,336
DTLZ7,22,3,26,339,4,3,True,140,140,22,22,4,0.036807646321155144,0.03680763644962447,0.0005064795784402894,0.0005064796196361655,0.014046547480699896,0.014046539932547737,0.9413999438346874,0.9405897949805251,0.034675775891378685,0.03467559759172234,24.0,24,43.0,43,2.0,2,42.0,42,398,398,398.0,0.945,0.9999836311830336,1.0,398,0.0007414368333813596,0.1839149370999228,0.06607059650988845,0.00021325092470270146,0.0002634238270111519,1.092554429557719e-09,True,200,338,339
DTLZ7,22,3,27,343,3,3,True,156,156,24,24,3,0.04346811663974082,0.04346811175057608,8.986300315144462e-05,8.986168011222903e-05,0.009794844715593568,0.0097948499704823,1.0674274003920345,1.0669043838080086,0.03226618881653613,0.03226626648644515,28.0,28,46.0,46,4.0,4,44.0,44,390,390,390.0,0.94,0.9999652859906738,1.0,398,0.0005476314845725878,0.1837075690926799,0.07561926806639718,0.0001103447048009798,0.00013573411727916886,1.0488539072922385e-09,True,200,342,343
DTLZ7,22,3,28,346,6,3,True,154,154,38,38,6,0.038596861481383415,0.03859687967709283,0.0,0.0,0.017049628054500332,0.017049629507967345,3.3698296553734632,3.369724362110034,0.07530706759229144,0.07530718728430968,40.0,40,77.0,77,8.0,8,72.0,72,396,396,396.0,0.945,0.9999862405810587,1.0,398,0.00028547512233310403,0.1835630447414497,0.05787799207213595,9.452897512346459e-05,0.0001178159225213208,9.774021387589476e-10,True,200,345,346
DTLZ7,22,3,29,352,4,3,True,133,133,8,8,4,0.0258792128928592,0.025879204528290362,0.0007950798704968424,0.0007950798956779158,0.012086842283262287,0.012086851849546557,-0.07709770342229305,-0.08147505154578027,0.11602621196124943,0.11602598466143416,11.0,11,17.0,17,4.0,4,14.0,14,376,376,376.0,0.9,0.9999607934881077,1.0,398,0.001491613381330588,0.18382588386554677,0.06352412658105777,0.00022744771566823863,0.0002848164490429348,7.837345554405585e-10,True,200,351,352
DTLZ7,22,3,30,356,3,3,True,152,152,28,28,3,0.04051337789937763,0.040513376465935315,0.00029291745146192705,0.0002929175067614975,0.011562943055852056,0.011562926303580006,1.2833912449815639,1.2828265734337165,0.03010115343873851,0.03010112497701528,35.0,35,54.0,54,10.0,10,54.0,54,398,398,398.0,0.985,0.9999959385610231,1.0,398,0.0003276007396234426,0.18357625171307507,0.0652809420118956,8.823375261068911e-05,0.00011250817322689962,7.718797587347455e-10,True,200,355,356
DTLZ7,22,3,31,359,6,3,True,165,165,13,13,6,0.03535690943486822,0.03535690199002814,0.001211652257134821,0.0012116388886002916,0.01688629264904254,0.016886271397696218,0.854715381335156,0.8548569494136018,0.03217955215321425,0.032179543002029964,15.0,15,27.0,27,6.0,6,24.0,24,396,396,396.0,0.97,0.9999895512842616,1.0,398,0.00025592286992135707,0.18352701227607604,0.04864649575518598,4.596186332736507e-05,5.810236765161036e-05,6.586476941300991e-10,True,200,358,359
DTLZ7,22,3,32,365,5,3,True,160,160,27,27,5,0.03724514993617131,0.03724515727522233,0.0,0.0,0.006335652081805856,0.006335649671547121,2.0953802263242203,2.1011222349406324,0.051931252472072115,0.051932188802526785,31.0,31,53.0,53,8.0,8,50.0,50,390,390,390.0,0.955,0.9999894288595389,1.0,398,0.00033654337293626647,0.18356268847111737,0.05544402194963993,7.489300951823985e-05,9.64180044747565e-05,6.254137489482929e-10,True,200,364,365
DTLZ7,22,3,33,370,4,3,True,155,155,23,23,3,0.04126234797858374,0.04126234913960848,3.7410043676189275e-05,3.7390706325135525e-05,0.020092643361202884,0.020092651124657992,-0.41243494077360676,-0.4125820800609725,0.022215167536258726,0.022215126107320883,29.0,30,42.0,42,2.0,2,44.0,44,392,392,392.0,0.97,0.9999936157874518,1.0,398,0.0003390279098487125,0.18362184219890937,0.06029549711830384,6.826977143759017e-05,8.591564918005401e-05,5.86354818078771e-10,True,200,369,370
DTLZ7,22,3,34,374,4,3,True,174,174,10,10,4,0.05858648030682426,0.058586484163524674,3.30170704541527e-05,3.3018144230928526e-05,0.001570589495820971,0.0015705893431067056,3.3472618598651334,3.3456644665618454,0.07496145031762358,0.07496128889248499,12.0,12,20.0,20,6.0,6,18.0,18,392,392,392.0,0.985,0.9999967300900889,1.0,398,0.0002805969300434651,0.18358873392842084,0.08184782749333408,7.183609714633832e-05,9.630497510186361e-05,5.523917568036083e-10,True,200,373,374
DTLZ7,22,3,35,378,5,3,True,161,161,25,25,5,0.048021819095868945,0.04802179996243067,0.0,0.0,0.016286350162378033,0.01628635680342383,1.0038297324256282,1.0011895645571762,0.0168120906132577,0.016812041207229886,29.0,29,51.0,51,10.0,10,48.0,48,386,386,386.0,0.985,0.9999968804413655,1.0,398,0.0002627790752345102,0.1835959519951407,0.055322451940341466,5.805835327576947e-05,7.664480911873048e-05,5.326465594408709e-10,True,200,377,378
DTLZ7,22,3,36,383,7,3,True,149,149,43,43,7,0.0360894460782755,0.03608944578360867,0.0,0.0,0.0009462744583770438,0.0009462744102032039,4.931719645115093,4.931547325519595,0.12167179495166881,0.12167156850717975,46.0,46,86.0,86,4.0,4,84.0,84,396,396,396.0,0.935,0.9999832576985663,1.0,398,0.0005659071914760998,0.1835329209457845,0.03086672691794945,0.00017709661966114343,0.0002753584313070792,4.605023764831099e-10,True,200,382,383
DTLZ7,22,3,37,390,4,3,True,153,153,17,17,4,0.051126899173812274,0.05112690114770906,0.00031388840125496677,0.0003138883750234203,0.023537191591000123,0.02353719340828891,0.8108249188227674,0.8140271953175784,0.030772240361016848,0.030772046953928767,20.0,20,32.0,32,2.0,2,32.0,32,392,392,392.0,0.955,0.9999833407652572,1.0,398,0.00041302251571418477,0.18358501266221577,0.04886879217203699,0.00014114823479971506,0.0001838119556644013,4.50517144546067e-10,True,200,389,390
DTLZ7,22,3,38,394,5,3,True,171,171,22,22,5,0.05659171872417934,0.05659173383060194,4.6236437906336907e-05,4.623649702298945e-05,0.00990362104142642,0.009903617230679743,0.9489373239043859,0.9490604878297715,0.030820734820140146,0.03082056308178066,26.0,26,45.0,45,8.0,8,42.0,42,394,394,394.0,0.98,0.9999952157279355,1.0,398,0.00023163334407978113,0.1835484564398745,0.05469021377886207,4.4660194580714574e-05,5.809616023733212e-05,4.4607414117426325e-10,True,200,393,394
DTLZ7,22,3,39,399,3,3,True,165,165,16,16,3,0.03428634680038374,0.034286346768010054,0.0005464554581258579,0.0005464559524057389,0.015917273358817305,0.015917282142340006,0.8993155511690887,0.8995451424146133,0.016628557914452814,0.01662851843552221,21.0,21,30.0,30,6.0,6,30.0,30,380,380,380.0,0.97,0.9999862537331984,1.0,398,0.00024379078320157138,0.18354610456291204,0.01929589531647835,5.324484386964867e-05,6.936775394187475e-05,3.913542894413857e-10,True,200,398,399
DTLZ7,22,3,40,402,5,3,True,164,164,19,19,5,0.053230459099387874,0.05323045826425829,0.0002875570803277938,0.0002875760006839645,0.010453519801555605,0.010453525382873483,1.9309899808899198,1.9307668919967114,0.03452428041601569,0.03452431284698809,21.0,21,37.0,37,4.0,4,36.0,36,392,392,392.0,0.98,0.9999945191241162,1.0,398,0.00029235563931091584,0.1834847371676154,0.07925246024849741,8.261544336202187e-05,0.0001087041484623023,3.8350472198856345e-10,True,200,401,402
DTLZ7,22,3,41,407,4,3,True,111,111,28,28,4,0.045209355487404776,0.045209354896711046,0.0,0.0,0.00882389400295347,0.008823891292913676,1.202536228372809,1.2024355000189928,0.007030935357761092,0.007030937299108531,32.0,32,54.0,54,8.0,8,50.0,50,388,388,388.0,0.885,0.999969849959431,1.0,398,0.0003730123042588111,0.18342198528364273,0.10539283238195196,0.00018200770599885452,0.00025751607373817437,3.048942433688493e-10,True,200,406,407
DTLZ7,22,3,42,411,6,3,True,164,164,11,11,6,0.0943084368828988,0.09430846358522971,0.0,0.0,0.020990868009872068,0.02099084856488047,1.202829775901952,1.2025012804576818,0.03536314585938566,0.03536323949783826,13.0,13,24.0,24,2.0,2,18.0,18,390,390,390.0,0.995,0.9999989089805182,1.0,398,0.0001763191322406748,0.18348296571849687,0.005900939612104139,3.760050627921174e-05,4.837446755628205e-05,2.941391747628012e-11,True,200,410,411
DTLZ7,22,3,43,417,7,3,True,147,147,49,49,7,0.14907493619067141,0.14907490796110012,8.651718921775554e-06,8.651722977637537e-06,0.01576023239012958,0.01576014318209273,2.174299375408685,2.1745183857357233,0.025746445448370014,0.025746479430212243,54.0,54,97.0,97,6.0,6,96.0,96,398,398,398.0,0.985,0.9999939459617819,1.0,398,0.00022616364902643577,0.18347053393761475,0.02689291448159281,4.8838705203446686e-05,6.014336934235964e-05,1.0286481239346195e-11,True,200,416,417
DTLZ7,22,3,44,424,4,3,True,145,145,20,20,4,0.026931930745111257,0.026931923074454064,0.00033078739070773605,0.000330787570757482,0.009743950000925067,0.009743970619164766,1.8089472076324036,1.8090032193846923,0.025247170378316135,0.02524718047846397,22.0,22,40.0,40,6.0,6,38.0,38,396,396,396.0,0.98,0.9999937575077672,1.0,398,0.0001767660858333062,0.18352463213091966,0.14540433500579297,4.709708068884044e-05,6.139916793439611e-05,9.921328078545942e-12,True,200,423,424
DTLZ7,22,3,45,428,4,3,True,165,165,25,25,4,0.03292390850621717,0.032923900092724334,0.0003787243940827016,0.00037871433316320643,0.008549267571108014,0.008549267287095041,1.5546233120013166,1.5547872251032118,0.04268163387841587,0.042678396650784434,28.0,28,51.0,51,4.0,4,48.0,48,396,396,396.0,0.995,0.9999991268461107,1.0,398,0.0001682132772676991,0.18350941825002073,0.132440806501549,3.724889788214725e-05,4.799541755990341e-05,9.799349981403641e-12,True,200,427,428
DTLZ7,22,3,46,432,5,3,True,120,120,24,24,5,0.034643604550276694,0.034643604781347065,0.00031593506841274405,0.00031593499907487353,0.008121269780722836,0.008121267467011832,1.4001189415554371,1.3999095763069818,0.01752381373288669,0.01752381695101579,28.0,28,48.0,48,10.0,10,46.0,46,396,396,396.0,1.0,1.0,1.0,398,0.00017989994485786645,0.18354647749032338,0.07908137410463212,5.857925807895015e-05,7.63951588657094e-05,9.530236318479904e-12,True,200,431,432
DTLZ7,22,3,47,437,4,3,True,150,150,12,12,4,0.025324099697002403,0.02532409376577717,0.0024493571722711462,0.002449357393052129,0.013740710426041969,0.013740711751925469,1.262496433367854,1.261617664664783,0.05740368600318339,0.05740382498664487,14.0,14,25.0,25,4.0,4,22.0,22,378,378,378.0,0.99,0.999997887063639,1.0,398,0.00019516491949666154,0.18351070741901782,0.037198610816325584,5.8651799397013704e-05,7.525533930777126e-05,9.405653736437618e-12,True,200,436,437
DTLZ7,22,3,48,441,4,3,True,146,146,29,29,4,0.06484074712892393,0.06484075373937205,0.0003791214618005523,0.0003791270400967245,0.008469703794449779,0.008469701252359463,0.640259887011565,0.6397577188390642,0.012314048530391837,0.012314085982739975,32.0,32,59.0,59,10.0,10,56.0,56,398,398,398.0,0.955,0.9999836184098889,1.0,398,0.00015618695132015503,0.18351169551257585,0.03906720129796781,3.1490143389545366e-05,4.014954160973307e-05,9.32325091790048e-12,True,200,440,441
DTLZ7,22,3,49,445,4,3,True,106,107,15,15,4,0.04305753855149343,0.043057521394944516,0.0001167051874130208,0.00011670519534215905,0.008202862026865803,0.008202871529011484,1.6725215178032755,1.6726512694586404,0.019796224992161323,0.019796219501567514,18.0,18,31.0,31,6.0,6,28.0,28,394,394,394.0,0.975,0.999994392637272,1.0,398,0.00020833074049957724,0.18351212772045,0.05142975078812384,4.985557283621045e-05,6.420403514419529e-05,9.213848759835178e-12,True,200,444,445
DTLZ7,22,3,50,449,5,3,True,145,145,20,21,5,0.09922467026593762,0.0992246938358075,0.0005410215759293208,0.0005410329960278924,0.012828533677571502,0.011794730975958123,0.5154187888184332,0.5767366582635418,0.006218491100532147,0.006389139722166259,24.0,25,39.0,41,6.0,6,38.0,40,398,398,398.0,0.985,0.9999967376018604,1.0,398,0.0001797304837747398,0.18353774858770405,0.019440985544513012,3.105990171103912e-05,4.047157307051472e-05,9.044451292752295e-12,True,200,448,449
DTLZ7,22,3,51,454,4,3,True,135,135,21,21,4,0.0601829600981445,0.06018295366640079,4.3232066304479955e-05,4.324489056758973e-05,0.010958707158344072,0.01095870877429761,0.8925618455130646,0.8925809306093129,0.01677215374079101,0.016772115833161294,25.0,25,41.0,41,10.0,10,40.0,40,394,394,394.0,0.965,0.9999928975497359,1.0,398,0.0001752399546240255,0.1835569045896937,0.09634980450178432,5.02694576984819e-05,6.430558079729722e-05,8.930817182818761e-12,True,200,453,454
DTLZ7,22,3,52,458,4,3,True,142,142,20,20,4,0.06306345525474513,0.06306345231060803,1.1523909867531407e-05,1.1523865361637645e-05,0.011024089483736038,0.0110240788430888,-0.07621032653598192,-0.07614361003461312,-0.004739011139836097,-0.004738964272825497,23.0,23,41.0,41,4.0,4,38.0,38,384,384,384.0,0.97,0.999993504024411,1.0,398,0.00018295374509828867,0.18357511391640258,0.03593869849974851,4.6887711761978146e-05,6.228597252119424e-05,8.835334816227271e-12,True,200,457,458
DTLZ7,22,3,53,462,6,3,True,147,147,22,22,6,0.022625523927138083,0.02262552393929062,0.00011760611221392839,0.00011760600956443705,0.00937095846576576,0.009370975806771304,2.692366306714863,2.69212620488679,0.034363655780764384,0.03436354382154061,24.0,24,44.0,44,6.0,6,42.0,42,396,396,396.0,0.97,0.9999902570735628,1.0,398,0.00021346180684195536,0.1835473462532051,0.0557076476319196,0.00010676601628811788,0.00014176291448882844,8.707063779292139e-12,True,200,461,462
DTLZ7,22,3,54,468,4,3,True,171,171,23,23,4,0.10115737040008488,0.10115737339665602,3.680132710832105e-05,3.68015298614641e-05,0.013454286651898614,0.01345428337005855,0.357482558946149,0.35740616758840815,0.013385702735252806,0.013385707123758195,27.0,27,47.0,47,8.0,8,44.0,44,392,392,392.0,0.975,0.9999948918835274,1.0,398,0.00018303349777607013,0.18353408606481927,0.030670724682380524,4.1690354797119245e-05,5.664805909482685e-05,8.376814597583606e-12,True,200,467,468
DTLZ7,22,3,55,472,3,3,True,127,127,23,23,3,0.019819006115270116,0.019819004128062683,2.5645228103729836e-05,2.5645227358931516e-05,0.006404325331794883,0.006404326681971283,1.023706478696175,1.0236113286849786,0.015778576121771727,0.015778638884624385,27.0,27,45.0,45,8.0,8,44.0,44,390,390,390.0,0.96,0.9999900257154115,1.0,398,0.00010923615605905813,0.18353526248810062,0.07688949474837159,2.9600341884483683e-05,3.809499671061816e-05,8.127902376021087e-12,True,200,471,472
DTLZ7,22,3,56,475,7,3,True,126,126,23,23,7,0.016801720536223745,0.01680170842746224,0.0006473047408617379,0.0006473046974686415,0.005410139333196256,0.005410156769847151,-20.990083777402575,-20.990062716821967,0.012163955971990948,0.012163705841180317,25.0,25,46.0,46,12.0,12,44.0,44,384,384,384.0,1.0,1.0,1.0,398,7.359513841656699e-05,0.18350877200271162,0.08649450281392035,3.920453002231872e-05,5.144037291191079e-05,1.4079565519088439e-12,True,200,474,475
DTLZ7,22,3,57,482,5,3,True,160,160,15,15,5,0.04768769333657387,0.047687691053195404,0.003288434167989145,0.003288434196298299,0.023550604840564024,0.0235506226502481,0.7435213720650093,0.743529107687209,0.009013760425604611,0.009013739199303927,17.0,17,31.0,31,4.0,4,28.0,28,392,392,392.0,0.995,0.9999988910931218,1.0,398,4.6777316685933095e-05,0.1835037274430438,0.01984570182958123,3.721805749790086e-05,5.1572768774254116e-05,1.2502682166495637e-12,True,200,481,482
DTLZ7,22,3,58,487,5,3,True,157,157,25,25,5,0.03866597400479818,0.03866597559129609,0.005518673840774468,0.005518656814968275,0.015558533911245651,0.01555853121898011,0.5357286423383556,0.5357394216953253,0.01264191744215208,0.012641903142707633,29.0,29,50.0,50,4.0,4,48.0,48,394,394,394.0,1.0,0.9999999999999999,1.0,398,4.493814675978763e-05,0.1835070786070989,0.03285383200091019,2.055791351476821e-05,2.7037861171638126e-05,1.23442465804561e-12,True,200,486,487
DTLZ7,22,3,59,492,4,3,True,156,156,20,20,4,0.04055949057861845,0.04055950282573305,0.00043663796168448045,0.00043663797473011295,0.01266572157549338,0.012665724075237451,-3.2430437544012456,-3.243076633008968,0.017079236591034195,0.01707922255639005,23.0,23,40.0,40,2.0,2,38.0,38,396,396,396.0,1.0,1.0,1.0,398,4.214776799055436e-05,0.18350644116249826,0.0566506413551906,1.719750100093176e-05,2.2506227376076884e-05,1.1701098162677474e-12,True,200,491,492
DTLZ7,22,3,60,496,4,3,True,175,175,21,21,4,0.03525316338287883,0.0352531507007435,0.000111402984074839,0.00011140301089365527,0.010628619036380155,0.01062862555413839,-5.123531862612694,-5.1234285944992735,0.011892575035974982,0.011892576167724656,24.0,24,43.0,43,8.0,8,40.0,40,392,392,392.0,1.0,0.9999999999999999,1.0,398,4.1715634113127176e-05,0.18350239135358998,0.057695080557095935,3.919950657266247e-05,5.3324451218946924e-05,1.1536747036948407e-12,True,200,495,496
DTLZ7,22,3,61,500,3,3,True,164,164,15,15,3,0.056544256489549166,0.05654424276335566,0.0004707477921294112,0.0004707236967945727,0.015627691638340387,0.01562767962207581,-2.2405143451690677,-2.2406767942011356,0.011210059493575543,0.011209984542801976,18.0,18,30.0,30,6.0,6,28.0,28,394,394,394.0,0.985,0.999992625277155,1.0,398,4.21838198973199e-05,0.18350914277792912,0.021867503877729177,1.932505571744514e-05,2.557466136599543e-05,1.142001095669615e-12,True,200,499,500
DTLZ7,22,3,62,503,4,3,True,167,167,21,21,4,0.04494582329397756,0.04494586515791699,2.0190836851513225e-05,2.0190889798595707e-05,0.010671262545722149,0.010671261392041387,-1.5005171321495396,-1.5005850254092366,0.013629885111255239,0.013629907625727355,24.0,24,40.0,40,12.0,12,40.0,40,382,382,382.0,1.0,0.9999999999999999,1.0,398,4.356892817289355e-05,0.18351210659324624,0.004670929163694382,1.7098630237910584e-05,2.24211936476162e-05,1.0223374570182882e-12,True,200,502,503
DTLZ7,22,3,63,507,4,3,True,145,145,24,24,4,0.04606649029743507,0.04606649379105974,0.0,0.0,0.010535630611907548,0.010535620081875731,-0.7731814992851049,-0.7732130871154368,0.012954283946274674,0.012954278092365712,28.0,28,49.0,49,4.0,4,46.0,46,398,398,398.0,0.99,0.9999977526695611,1.0,398,4.919087040007082e-05,0.18351587456050605,0.08691237750463188,4.993543950604362e-05,6.895751609411761e-05,1.0065679826256576e-12,True,200,506,507
DTLZ7,22,3,64,511,4,3,True,155,154,23,23,4,0.049403116287217864,0.049403113284403256,0.0,0.0,0.017580309211769778,0.017580305606667318,-1.5778466979818102,-1.577856557443738,0.01718715827977864,0.017187110031954944,31.0,31,44.0,44,10.0,10,42.0,42,370,370,370.0,0.925,0.9999753121484561,1.0,398,6.214043723811949e-05,0.18351046185550807,0.06160411820746958,3.812002400138681e-05,5.147884565745555e-05,9.962145070673742e-13,True,200,510,511
DTLZ7,22,3,65,515,3,3,True,173,173,26,26,3,0.037688973006411775,0.03768896660306706,9.22708526219021e-05,9.22708336074489e-05,0.013389236672058736,0.013389236233170348,-0.09804478912677617,-0.09804661374073476,0.007946896125074598,0.007946886122226715,33.0,33,52.0,52,8.0,8,50.0,50,398,398,398.0,0.98,0.9999922970451772,1.0,398,3.7628971459741615e-05,0.1835164541146328,0.0714399442076683,2.2508291294798255e-05,3.0639399688616143e-05,9.720108357935443e-13,True,200,514,515
DTLZ7,22,3,66,518,3,3,True,138,137,14,14,3,0.04436709408129183,0.04436709600386948,0.0001476741531906689,0.00014767407223096815,0.0026262706997085238,0.0026262707638942855,-5.966444050253129,-5.970713992130186,0.0480727167620384,0.048072646488435566,17.0,17,28.0,28,12.0,12,26.0,26,394,394,394.0,0.845,0.9973088904523832,1.0,398,4.159490031988713e-05,0.1835118886261209,0.021943205501884222,1.7332350381593642e-05,2.281524104893627e-05,9.598604079800585e-13,True,200,517,518
DTLZ7,22,3,67,521,5,3,True,152,152,29,29,5,0.037383820685247926,0.0373838197758215,0.00019905537805328986,0.00019905536542576705,0.008333061017091702,0.008333079460999706,-0.835125607286443,-0.8350912392488681,0.005500574028216489,0.0055005516624078155,34.0,34,55.0,55,12.0,12,56.0,56,398,398,398.0,0.995,0.999998812614799,1.0,398,5.7038390452765394e-05,0.18352004258313337,0.018133511766791344,3.63809522241354e-05,4.8750561438674684e-05,9.531850208632613e-13,True,200,520,521
DTLZ7,22,3,68,526,5,3,True,161,162,26,26,5,0.04960087051333044,0.049600867647970615,0.0009126879558119347,0.0009126877675673755,0.018589400513330676,0.018589396447579322,0.6596841046112125,0.6578882640169468,0.019790846945286423,0.0197908591653686,28.0,28,51.0,51,4.0,4,50.0,50,392,392,392.0,0.985,0.9999961267249959,1.0,398,4.9366849325266775e-05,0.18350994162421363,0.014794000890105963,3.4109999518250333e-05,4.723630459524949e-05,9.286263604237496e-13,True,200,525,526
DTLZ7,22,3,69,531,4,3,True,148,148,35,35,4,0.08566389903297275,0.08566388186807321,0.00019310307970984986,0.00019310308771033555,0.009496621024976157,0.009496618841713003,-0.24817522479091458,-0.24825587589293718,0.009259287550524176,0.00925928307697177,39.0,39,66.0,66,4.0,4,66.0,66,390,390,390.0,0.995,0.9999989215566093,1.0,398,5.258722431717176e-05,0.18352180394551282,0.0238319868221879,3.049074439331889e-05,4.11388476395042e-05,9.081473892717054e-13,True,200,530,531
DTLZ7,22,3,70,535,5,3,True,158,158,16,16,5,0.05791115007964018,0.057911145819885435,4.68769849017725e-05,4.6876916184927786e-05,0.010945959289609404,0.010945964526969627,-1.7684534201555167,-1.7684874021215364,0.013852695917090284,0.013852666306775063,20.0,20,30.0,30,2.0,2,30.0,30,380,380,380.0,0.995,0.9999990242878377,1.0,398,4.333888239902552e-05,0.1835070765796492,0.05912882694974542,2.0166041963420867e-05,2.8168937831013154e-05,8.937368114514827e-13,True,200,534,535
DTLZ7,22,3,71,540,4,3,True,165,165,33,33,4,0.050418297482670474,0.050418295013165665,4.5137466878788016e-05,4.513749249271913e-05,0.0037202046489220736,0.003720211107076127,-1.224158195213036,-1.2241064185509458,0.012686963495977852,0.012686997710261494,40.0,40,62.0,62,8.0,8,64.0,64,398,398,398.0,0.98,0.9999957170000568,1.0,398,7.12221782253481e-05,0.18351500270700147,0.05149977398104966,3.796555500912291e-05,5.286214333321162e-05,8.769563523808634e-13,True,200,539,540
DTLZ7,22,3,72,544,4,3,True,160,160,35,35,4,0.03307021821935094,0.033070213997422014,6.624216050519095e-05,6.624214636515068e-05,0.004112927153788193,0.00411294036589388,-0.69065151495092,-0.6903140167705715,0.011910207475274848,0.011910250585060567,40.0,40,68.0,68,6.0,6,68.0,68,386,386,386.0,0.965,0.9999926916330109,1.0,398,4.654021639805667e-05,0.18351216408298535,0.04650649719405919,1.716467490098239e-05,2.245174789147518e-05,8.694686248718406e-13,True,200,543,544
DTLZ7,22,3,73,548,6,3,True,152,152,29,29,6,0.06059431973839051,0.06059432687480042,0.00016167326482949794,0.00016167324087406221,0.005359673074772031,0.0053596465064961185,0.8370175840210745,0.8370267595164478,0.01587916598075807,0.01587914419360459,34.0,34,55.0,55,14.0,14,54.0,54,396,396,396.0,1.0,1.0,1.0,398,4.397208863401054e-05,0.18351137928134154,0.008935739286243916,1.811102055171432e-05,2.4095640130765336e-05,8.621139701641702e-13,True,200,547,548
DTLZ7,22,3,74,554,7,3,True,157,157,21,21,7,0.05294924936959722,0.05294925096145336,3.6912355813800354e-05,3.6912343472705195e-05,0.007657200039343448,0.007657198205599014,-1.502183612718479,-1.5022346582263708,0.01071810849626331,0.010718076722696424,24.0,24,43.0,43,8.0,8,40.0,40,392,392,392.0,1.0,0.9999999999999999,1.0,398,6.063158152391e-05,0.18350679734580577,0.029763462604023516,2.7744307956822922e-05,3.810198929712271e-05,8.51443762435968e-13,True,200,553,554
DTLZ7,22,3,75,561,4,3,True,143,143,14,14,4,0.058334778681309006,0.05833479459605013,0.00035667976354885776,0.00035667978658295496,0.013915710933052591,0.013915708428832347,-1.4103133830900916,-1.4102799606043845,0.008830108882884043,0.008830181264784187,16.0,16,28.0,28,2.0,2,26.0,26,388,388,388.0,0.995,0.9999991407577061,1.0,398,5.525839052460134e-05,0.18351439260775787,0.01003502169623971,1.5204935735368963e-05,2.0158062490226307e-05,8.399311297928612e-13,True,200,560,561
DTLZ7,22,3,76,565,3,3,True,148,148,19,19,3,0.06661010554935648,0.06661010564895753,0.0,0.0,0.0025708275392224943,0.0025708244714214533,-3.8793717869615136,-3.8761521278356668,0.08254849663776408,0.0825487911934033,21.0,21,39.0,39,6.0,6,36.0,36,380,380,380.0,0.99,0.9999973668348686,1.0,398,5.748943564815689e-05,0.1835241360974595,0.024006757885217667,1.890537673432391e-05,2.5429567593582757e-05,8.094182829240048e-13,True,200,564,565
DTLZ7,22,3,77,568,4,3,True,145,145,20,20,4,0.06109795019394781,0.06109794409655096,9.453686138806688e-05,9.453687182254178e-05,0.011912512188766582,0.011912537453098712,-1.401762314245735,-1.401680105482228,0.01579658464947424,0.015796518127899617,24.0,24,40.0,40,2.0,2,38.0,38,380,380,380.0,0.995,0.9999988201193308,1.0,398,4.2567885264607755e-05,0.18351806418595018,0.02186391595751047,1.5159785348828336e-05,2.0655023906216516e-05,8.056386951941953e-13,True,200,567,568
DTLZ7,22,3,78,572,3,3,True,147,147,20,20,3,0.09864667559850576,0.09864668131065576,0.00018521580833357962,0.00018521581169180998,0.0105554750711345,0.010555505438815279,-0.5325059778206835,-0.5332794352434576,0.02273016050756789,0.022730149183189496,24.0,24,40.0,40,6.0,6,38.0,38,388,388,388.0,0.985,0.9999968727912047,1.0,398,3.4934302636175724e-05,0.1835099656968519,0.026891776593402028,2.5274306331368734e-05,3.4595788095576466e-05,7.817603043889116e-13,True,200,571,572
DTLZ7,22,3,79,575,4,3,True,160,159,28,28,4,0.051260577978516464,0.05126055008923225,8.673109274026647e-05,8.672605227832975e-05,0.005857200995332112,0.005857192759558117,1.896599592540575,1.8965550350258127,0.02775946370374653,0.027759575692471117,34.0,34,55.0,55,2.0,2,52.0,52,396,396,396.0,0.975,0.9999952606330024,1.0,398,6.314708337836107e-05,0.18351767819869436,0.03541041864082217,4.680705122694917e-05,6.490026524061234e-05,7.756049018962597e-13,True,200,574,575
DTLZ7,22,3,80,579,5,3,True,153,153,29,29,5,0.05365706478212327,0.05365705656114443,4.870908282537771e-05,4.870908016061694e-05,0.0098287787002752,0.009828778563946766,0.02022976094988671,0.020210392773151398,0.009980259407547185,0.009980265167541802,33.0,33,59.0,59,2.0,2,56.0,56,386,386,386.0,1.0,1.0,1.0,398,3.396747367834859e-05,0.18351120796555664,0.0237068017013371,1.0014940144742468e-05,1.3537466238794869e-05,7.681939593499635e-13,True,200,578,579
DTLZ7,22,3,81,584,4,3,True,156,156,21,21,4,0.0644045798829622,0.06440458116065934,0.00028131730348264993,0.0002813172346055376,0.0052992184403766185,0.005299215268449092,-2.7280676560859156,-2.730876339133829,0.006976767470414289,0.006976776174269617,27.0,27,41.0,41,8.0,8,40.0,40,386,386,386.0,1.0,0.9999999999999999,1.0,398,8.423946012031281e-05,0.18350955930648027,0.07847071019932628,3.9267547663257574e-05,5.419915470033054e-05,7.513997421388113e-13,True,200,583,584
DTLZ7,22,3,82,588,2,3,True,151,152,8,8,2,0.05476948591502264,0.0547694840924529,0.0002635582512050226,0.0002635582676608875,0.01690769135321911,0.01690768546386951,2.4760645591482824,2.4759168055607006,0.08508367100529879,0.08508337775128894,10.0,10,17.0,17,2.0,2,14.0,14,384,384,384.0,0.99,0.9999978475308854,1.0,398,4.070918432992927e-05,0.1835040544106364,0.03191851498559117,1.596683790694442e-05,2.2460607726466768e-05,7.454224295162427e-13,True,200,587,588
DTLZ7,22,3,83,590,8,3,True,136,136,23,23,8,0.03822669097669543,0.03822670123233354,7.803557144151971e-05,7.80355805142562e-05,0.007363799109137897,0.007363805939162062,1.6230175123376362,1.623021464329213,0.031723136490981386,0.03172324050683528,27.0,27,43.0,43,6.0,6,44.0,44,390,390,390.0,0.985,0.9999936854850157,1.0,398,4.6337174657984785e-05,0.18350919334163868,0.018763037398457527,2.174085565798123e-05,2.9764892402423458e-05,7.431286389399535e-13,True,200,589,590
DTLZ7,22,3,84,598,3,3,True,146,146,22,22,3,0.041138955629484185,0.0411389584344228,3.649258853804724e-05,3.649260008915453e-05,0.009853496996648042,0.009853484711497279,1.279821810315683,1.2797263230895624,0.0196808835497752,0.019680873723700643,26.0,26,44.0,44,6.0,6,42.0,42,394,394,394.0,1.0,1.0,1.0,398,4.1699608913880555e-05,0.1835082166865735,0.03763167327269912,1.5778012240730277e-05,2.1491264631724677e-05,7.262017457696577e-13,True,200,597,598
DTLZ7,22,3,85,601,3,3,True,152,152,29,29,3,0.043964053701885365,0.04396404830720388,0.00014173748207193387,0.00014173746293002012,0.014551475100031408,0.01455149315147497,0.8886996724839609,0.8886758436565287,0.008280547621291096,0.008280522772110999,34.0,34,59.0,59,4.0,4,56.0,56,392,392,392.0,0.99,0.9999977748786466,1.0,398,3.4097183388175186e-05,0.1835125016591415,0.0547563040163368,1.50238811897907e-05,2.0394896130217312e-05,7.20952491830961e-13,True,200,600,601
DTLZ7,22,3,86,604,8,3,True,168,168,35,35,8,0.04547027325686801,0.045470282547996246,0.00011716668994603621,0.00011716669717855115,0.004758492120950778,0.004758492781083052,1.8745326687958066,1.8744830512441695,0.015607390904255338,0.015607372974045575,42.0,42,71.0,71,14.0,14,68.0,68,380,380,380.0,1.0,1.0,1.0,398,4.5687680809198335e-05,0.18351131760733605,0.04774488741531968,2.311829180712266e-05,3.201314919198944e-05,7.021382843315634e-13,True,200,603,604
DTLZ7,22,3,87,612,4,3,True,153,153,24,24,4,0.08170900687592116,0.0817089914694703,1.9588791402399414e-05,1.9588828395593078e-05,0.012021440341223589,0.012021426571123092,1.5419501572652585,1.5418793987482786,0.013834878445338334,0.013834862678777426,27.0,27,49.0,49,8.0,8,46.0,46,394,394,394.0,0.99,0.9999981753196711,1.0,398,2.969119481252811e-05,0.18351008307447475,0.02611838956363499,1.061030415883124e-05,1.4347264298315818e-05,6.874930073647921e-13,True,200,611,612
DTLZ7,22,3,88,616,3,3,True,138,138,23,23,3,0.054676817289060604,0.054676814441415277,0.000824814478752902,0.000824814685953558,0.01770522265055561,0.01770522167771966,0.5210495335715155,0.521023960551247,0.007534281823418702,0.007534277392551303,25.0,25,46.0,46,2.0,2,44.0,44,390,390,390.0,0.975,0.9999948576626998,1.0,398,4.441192008184254e-05,0.18351078316565828,0.07886990997940302,2.7624075300991535e-05,3.8072704977054046e-05,6.831940304595142e-13,True,200,615,616
DTLZ7,22,3,89,619,5,3,True,152,151,29,29,5,0.05470346515947366,0.05470346621545994,6.446851308095428e-06,6.44684488112883e-06,0.015792395280034777,0.015792391775797554,0.8957717447558196,0.8957577769178897,0.013010678030499928,0.01301063783466816,34.0,34,58.0,58,2.0,2,56.0,56,398,398,398.0,0.92,0.9995927041247569,1.0,398,2.7019663654470436e-05,0.18350911372006617,0.01782125048339367,1.3641596979141468e-05,1.8358988767180538e-05,6.792252101692095e-13,True,200,618,619
DTLZ7,22,3,90,624,6,3,True,148,148,14,14,6,0.047992316927249236,0.047992319791994476,0.0001755069555534755,0.00017550696871009713,0.019554259069620036,0.01955426046624873,0.44275331955689623,0.44269758253358305,0.006673883051849483,0.006673891155514866,16.0,16,27.0,27,4.0,4,26.0,26,394,394,394.0,0.965,0.9999786242776929,1.0,398,4.3107339475449575e-05,0.18351418800624641,0.06418093061074615,3.867873738272465e-05,5.336088247339843e-05,6.73606441101291e-13,True,200,623,624
DTLZ7,22,3,91,630,4,3,True,149,149,22,22,4,0.06781136960693615,0.06781136038921595,1.5180549769677754e-05,1.5196718359256067e-05,0.009981458930987994,0.00998145360677101,0.6534168090139119,0.652300154324621,0.011287620930725897,0.011287623376119882,25.0,25,44.0,44,6.0,6,40.0,40,386,386,386.0,1.0,1.0,1.0,398,2.586602801047614e-05,0.18350345760706874,0.008732287446036935,9.172397980705682e-06,1.2213250324001898e-05,6.587067446420361e-13,True,200,629,630
DTLZ7,22,3,92,634,4,3,True,161,160,14,14,4,0.07812867632105644,0.07812867453106805,1.3548419590558858e-05,1.3501113897418371e-05,0.014413212905412365,0.014413236094622138,-0.7789704955714729,-0.7789828688837588,0.023019240180378004,0.023019276675768197,16.0,16,27.0,27,4.0,4,26.0,26,388,388,388.0,0.925,0.9997695187068277,1.0,398,3.2302412409524245e-05,0.18350963766069128,0.03261155798099935,1.98515941498556e-05,2.7272956653820413e-05,6.507924467464122e-13,True,200,633,634
DTLZ7,22,3,93,638,3,3,True,157,157,28,28,3,0.07145520114394477,0.07145519442392628,0.0,0.0,0.008726647923690828,0.008726653275160149,1.1080236242482648,1.1045917361043394,0.043197422351865244,0.04319729341659695,34.0,34,52.0,52,8.0,8,54.0,54,392,392,392.0,0.985,0.9999936567014458,1.0,398,3.3453232803217926e-05,0.18350111251136106,0.017511660931631923,2.073215534181827e-05,2.8470019272181985e-05,6.457135902856687e-13,True,200,637,638
DTLZ7,22,3,94,641,6,3,True,146,146,30,30,6,0.059666035219098815,0.059666081809051065,0.00011132652279872285,0.00011132655204974806,0.007839757007169807,0.007839746781270168,0.4089486688235997,0.4089592695236206,0.006592860807900971,0.006592883481062017,33.0,33,59.0,59,6.0,6,58.0,58,392,392,392.0,0.99,0.9999952504891199,1.0,398,3.409699127327523e-05,0.1835059002419958,0.03806516481563449,8.679315214976668e-06,1.14663713293803e-05,5.999679955674173e-13,True,200,640,641
DTLZ7,22,3,95,647,4,3,True,142,142,21,21,4,0.04095562197151012,0.04095563538177632,0.00042155533650502317,0.00042155519031690687,0.016029127145871735,0.016029143356354802,-1.9544769131234485,-1.9542602077126503,0.01831060200506992,0.01831061000120826,25.0,25,42.0,42,6.0,6,40.0,40,394,394,394.0,0.995,0.9999988803740355,1.0,398,4.102401139952001e-05,0.18350524836028675,0.025185769656673074,1.4744446453107685e-05,2.027537882157532e-05,5.925794381041984e-13,True,200,646,647
DTLZ7,22,3,96,651,8,3,True,149,149,39,39,8,0.07284796591501429,0.07284797253301004,4.078587347799978e-05,4.079065034812146e-05,0.009005555924748835,0.009005537699825894,3.0733946997632255,3.073476605117321,0.01967294333664754,0.01967309950850904,42.0,42,78.0,78,8.0,8,74.0,74,386,386,386.0,0.98,0.9999956812614518,1.0,398,3.621326971206625e-05,0.18350646253697928,0.0453368981834501,3.300156816976596e-05,4.7846731773207726e-05,5.893443258333172e-13,True,200,650,651
DTLZ7,22,3,97,659,4,3,True,151,150,26,26,4,0.05286613751249859,0.05286613256009359,5.944569292879072e-05,5.9445504263193685e-05,0.008512635420956871,0.00851264309116773,1.3424519553712724,1.3424165844917297,0.013616094818051882,0.013616104173706844,29.0,29,51.0,51,4.0,4,50.0,50,386,384,386.0,0.88,0.9990517480437933,1.0,398,4.7755874499283486e-05,0.18350327251814189,0.02992635197006166,2.318248152732849e-05,3.262454007939293e-05,5.727456612205857e-13,True,200,658,659
DTLZ7,22,3,98,663,3,3,True,137,137,18,18,3,0.07206562299214939,0.07206566419333284,5.80232054771361e-05,5.80232841315316e-05,0.00463114822392362,0.004631148043306446,22.97536860017575,22.982165694236755,0.06225624474529046,0.062257188837975264,20.0,20,36.0,36,8.0,8,34.0,34,392,392,392.0,1.0,1.0,1.0,398,5.174072766177315e-05,0.183501389807685,0.06868408573791385,3.314728382974863e-05,4.686749219418602e-05,5.667112850661348e-13,True,200,662,663
DTLZ7,22,3,99,666,3,3,True,120,120,20,20,3,0.03794995130230069,0.03794993831789069,6.885209000501602e-05,6.885210863663983e-05,0.008799669535551141,0.008799680859614939,-0.6412624220948313,-0.6412509828805923,0.004341976087173934,0.004341976062278263,23.0,23,40.0,40,10.0,10,38.0,38,394,394,394.0,1.0,1.0,1.0,398,2.737345886283925e-05,0.18350746346048669,0.0074205645360052586,7.183314323810919e-06,9.503171311704963e-06,5.643839403638819e-13,True,200,665,666
DTLZ7,22,3,100,669,4,3,True,147,148,14,14,4,0.04058067417570732,0.04058067400521652,5.577484213691378e-06,5.577526510886638e-06,0.007526216208025571,0.007526225532030029,-2.7848148453752373,-2.784793186932802,0.004067752141072604,0.004067719433805905,16.0,16,29.0,29,6.0,6,26.0,26,388,388,388.0,1.0,0.9999999999999999,1.0,398,2.708035299518131e-05,0.18350589726878502,0.047052144538611174,8.46879960736402e-06,1.1355669929245959e-05,5.565765434032512e-13,True,200,668,669
DTLZ7,22,3,101,673,4,3,True,143,143,16,16,4,0.042782459479307235,0.042782458389775326,1.3695414021192096e-05,1.3695353361395032e-05,0.0014582615138297584,0.0014582603906909495,-1.4309027580237146,-1.430702269077301,0.009594149855064099,0.009594137678504921,19.0,19,30.0,30,6.0,6,30.0,30,390,390,390.0,0.99,0.9999977967784421,1.0,398,2.5146103632759485e-05,0.18350378391209726,0.01206880621612072,6.768794488465346e-06,9.0029717249716e-06,5.498152234032342e-13,True,200,672,673
DTLZ7,22,3,102,677,2,3,True,148,148,14,14,2,0.056092105241387934,0.05609209371371475,0.00011294809398034508,0.00011294809502532602,0.020546779690880014,0.020546784591830534,0.6261297837670128,0.6261414512991905,0.010217367085382753,0.010217307222774252,17.0,17,28.0,28,4.0,4,26.0,26,396,396,396.0,1.0,1.0,1.0,398,2.782666192712437e-05,0.18351295395333572,0.08074906677938998,1.2250876590513826e-05,1.6866972286055088e-05,5.436057482445256e-13,True,200,676,677
MMF1,2,2,1,21,3,3,True,32,32,8,8,3,0.046989398748080224,0.04698935211444338,0.0,0.0,0.004480459516799651,0.004480455710455689,-5.5816280436864485,-5.5825502427927205,0.10599733201264072,0.10599810228464325,11.0,11,16.0,16,6.0,6,14.0,14,78,78,78.0,1.0,1.0,1.0,82,0.0012216332777637046,0.18361959442633619,0.003012320827252557,0.0003228468784135935,0.0004974346431453581,4.1089809996110065e-06,True,42,20,21
MMF1,2,2,2,24,3,3,True,34,34,8,8,3,0.039462154291771245,0.03946210030637143,0.0,0.0,0.007280721579176461,0.007280715686357599,-7.413662005137828,-7.41614931782822,0.13692651707014614,0.13691564497145275,10.0,10,17.0,17,2.0,2,14.0,14,70,70,70.0,1.0,1.0,1.0,82,0.0006333217189458612,0.18311514390036637,0.0024157381839859937,0.0004537965001027433,0.0005044199378054636,1.2577231299440866e-06,True,42,23,24
MMF1,2,2,3,27,2,3,True,39,39,5,5,2,0.05588364229591236,0.05588363618280723,0.0,0.0,0.0017960958205990307,0.0017960818299175285,-5.28280618733767,-5.246788177494851,0.1329917312887703,0.1331037650159895,7.0,7,11.0,11,2.0,2,8.0,8,80,80,80.0,0.9523809523809523,0.9996547727906173,1.0,82,0.00027995683606533864,0.1836703982684477,0.026240799579772656,0.0003151857411868991,0.0004637797298131851,2.811512568914032e-08,True,42,26,27
MMF1,2,2,4,29,3,3,True,32,32,7,7,3,0.031130201491573167,0.031130206431391163,6.613351455101932e-05,6.613332765484717e-05,0.005506830574750725,0.0055068304909672156,0.6803824469746766,0.6807849598543119,0.11226640265671081,0.11226834315435348,9.0,9,15.0,15,4.0,4,12.0,12,80,80,80.0,1.0,1.0,1.0,82,0.000561536154718132,0.18337184306982635,0.005112921897528544,0.00012128777712448746,0.0003300311481491417,2.522636908051887e-08,True,42,28,29
MMF1,2,2,5,32,4,3,True,37,37,8,8,4,0.025144664410187256,0.025144661907386002,0.0,0.0,0.01727532235133422,0.017275320952001738,-6.839659829360244,-6.841575458591825,0.3011003959381469,0.3010957926678089,9.0,9,17.0,17,2.0,2,14.0,14,80,80,80.0,1.0,0.9999999999999999,1.0,82,0.00021883427604010405,0.18339802038467873,0.0020364510241890343,0.00021193342985048602,0.00042790766187316846,2.1699251988039526e-08,True,42,31,32
MMF1,2,2,6,36,3,3,True,34,34,6,6,3,0.04660942910650148,0.046609429029992905,0.0,0.0,0.00015159742375835908,0.00015157478402113173,-6.811786669506343,-6.818133573194051,0.5014897983889982,0.5014763975494894,7.0,7,13.0,13,2.0,2,10.0,10,80,80,80.0,1.0,0.9999999999999998,1.0,82,0.0008195583030214313,0.18284045322242698,0.003901650109099819,0.000681788426429214,0.001367458495654343,1.681340891910308e-08,True,42,35,36
MMF1,2,2,7,39,5,3,True,21,21,21,21,5,0.03296063817745846,0.03296064186970468,0.0,0.0,0.012876766800941103,0.012876771131141884,1.6468184940381083,1.6523180333988927,0.3625007263354315,0.3625109546093766,23.0,23,44.0,44,10.0,10,40.0,40,82,82,82.0,1.0,1.0,1.0,82,0.0010573131802761111,0.18353350183880598,0.003533774981340443,0.0005981579185558444,0.0021954781302788804,4.5494933794602815e-09,True,42,38,39
MMF1,2,2,8,44,2,3,True,36,36,6,6,2,0.039907043652010976,0.03990703050215744,0.0,0.0,0.011396120541876137,0.011396116220140529,2.0721568569480784,2.065882269429725,56.353987036363485,52.48907841311738,8.0,8,14.0,14,6.0,6,8.0,8,78,78,78.0,0.9761904761904762,0.9998610162307294,1.0,82,0.06513285263664725,0.23668417055614702,1.6763282301650335,0.023843040185184447,0.0250088916445091,9.238689443745213e-17,True,42,43,44
MMF1,2,2,9,46,4,3,True,34,34,19,19,4,0.04503379867891666,0.04503380265705248,0.0006595082174130299,0.0006594957654198756,0.012311286360102636,0.01231133386822139,-3.8147808158730343,-3.7910791806097905,18.03581582496787,16.84852498319787,24.0,24,38.0,38,4.0,4,36.0,36,80,80,80.0,0.9285714285714286,0.9996739487153397,1.0,82,0.058858486793457065,0.23156117229769482,1.332677874676925,0.13520861804718853,0.03080010446097143,7.663503780970104e-17,True,42,45,46
MMF1,2,2,10,50,2,3,True,33,33,8,8,2,0.049809616840007176,0.04980961543289997,0.0,0.0,0.03397990320688654,0.03397992455159993,-5.163701175112511,-4.951590995132228,43.53835899404773,40.584388139230505,11.0,11,16.0,16,8.0,8,14.0,14,76,76,76.0,0.8809523809523809,0.9994351467110246,1.0,82,0.04710078666387668,0.22196105034225172,2.86565146075165,0.009443714941236359,0.01816687153736735,6.460349513365543e-17,True,42,49,50
MMF1,2,2,11,52,4,3,True,30,30,7,7,4,0.04939110363050925,0.04939110466059349,0.00034881791215571334,0.00034881791943056073,0.022102330895612227,0.022102331356570998,0.5846114525428185,0.6214821983542717,3.6900470340607487,3.221808451302801,10.0,10,14.0,14,2.0,2,12.0,12,80,80,80.0,0.7142857142857143,0.9893502281263842,1.0,82,0.07748335099456913,0.24676831023809528,4.642570646028034,0.0380135966179318,0.07571734148219113,6.242273137625723e-17,True,42,51,52
MMF1,2,2,12,56,3,3,True,34,34,5,5,3,0.1873109799666552,0.1873109799666552,0.0,0.0,0.02682774499166385,0.02682774499166385,-24.8981443132673,-24.03622816341436,30.506236475824267,27.42448327661254,6.0,6,11.0,11,0.0,0,8.0,8,82,82,82.0,0.6666666666666666,0.9981831522087206,1.0,82,0.04035477200795047,0.21645295244085416,5.5922184572741,0.03614058546101495,0.08023108590845547,5.184974090963287e-17,True,42,55,56
MMF11_L,2,2,1,21,3,3,True,37,37,15,15,3,0.03578176535290678,0.03578177015271011,0.0032010087523529213,0.003201005885613154,0.019701613956714836,0.019701615886076128,0.45645979094496436,0.45619792683298765,0.12040685879858316,0.12040231836797693,20.0,20,30.0,30,2.0,2,28.0,28,82,82,82.0,1.0,0.9999999999999998,1.0,82,0.0001178986604063899,0.18358634300301802,0.0014221227182877882,0.00012739079860665803,0.0001476781194544074,9.15924807479177e-09,True,42,20,21
MMF11_L,2,2,2,24,3,3,True,40,40,12,12,3,0.04470970509017014,0.04470976922483816,0.0,0.0,0.020895066443514743,0.02089506240119232,0.8445528031297727,0.8445243900842334,0.09889078629938468,0.09889506569660433,15.0,15,24.0,24,10.0,10,22.0,22,78,78,78.0,1.0,0.9999999999999998,1.0,82,4.5213832185200676e-05,0.18351905670964008,0.0033807829518037735,4.2163034520162346e-05,4.767939922382922e-05,1.7233933396920326e-09,True,42,23,24
MMF11_L,2,2,3,27,4,3,True,39,39,11,11,4,0.035588592231730276,0.035588585637873066,0.0,0.0,9.700788536086227e-06,9.704538686032891e-06,1.31363860427195,1.3136317496363847,0.08983041693698185,0.0898303920279247,13.0,13,24.0,24,4.0,4,20.0,20,76,76,76.0,1.0,1.0,1.0,82,1.681524447895151e-06,0.18350413412432476,0.0008119385281067926,1.6351858203311753e-06,1.5194232359801352e-06,1.655117978248264e-10,True,42,26,27
MMF11_L,2,2,4,31,3,3,True,32,32,12,12,3,0.05395982863288873,0.053959805016286444,0.00041721513958709044,0.00041722441918901065,0.01783564587202477,0.017835655346474896,0.8506527873349465,0.8506562417431873,0.09424916254202881,0.09424910093706311,16.0,16,24.0,24,4.0,4,22.0,22,80,80,80.0,1.0,1.0,1.0,82,2.756694758997278e-06,0.1835034086559909,4.3981757167355084e-05,1.7039374964056275e-06,2.1970671773750843e-06,4.052848742306365e-12,True,42,30,31
MMF11_L,2,2,5,34,5,3,True,22,22,22,22,5,0.05046004016771333,0.050463810444476453,0.0,0.0,0.02441907587413439,0.0244194656410045,44.6333449133124,44.63378584385789,1.0876807461224773,1.0876443980959976,24.0,24,46.0,46,6.0,6,42.0,42,82,82,82.0,1.0,1.0,1.0,82,1.2367697096602612e-05,0.1834944271104763,0.0041806234836059275,0.00019350751526812232,0.00019152974524045365,1.1762978382346153e-13,True,42,33,34
MMF11_L,2,2,6,39,2,3,True,30,30,4,4,2,0.10088699183377758,0.10088699222321401,0.025438313403307378,0.025438238825188475,0.037691923244732584,0.037691927970772005,-4110.097334961288,-4015.62809838276,0.5954345244994289,0.5877724207466832,7.0,7,8.0,8,2.0,2,6.0,6,82,82,82.0,0.9523809523809523,0.9997787952612589,1.0,82,0.024032183222128023,0.20213935376749342,0.004923051097560194,2.2115807317146796e-06,2.4564552920651514e-06,1.235705102818846e-16,True,42,38,39
MMF11_L,2,2,7,41,4,3,True,35,35,9,9,4,0.056954504625179314,0.056954501257841794,0.0,0.0,0.022659476128739864,0.0226594614389809,-252.92299950704341,-242.7720845767509,0.7819739511310867,0.7812680054682052,11.0,11,19.0,19,0.0,0,16.0,16,78,78,78.0,1.0,1.0,1.0,82,0.04085665274782961,0.2154452329675079,0.0026276736771450038,3.192148493980085e-06,3.1268075012232223e-06,9.385578844734154e-17,True,42,40,41
MMF11_L,2,2,8,45,5,3,True,32,31,23,22,6,0.03229849408347203,0.03229848485623803,0.0,0.0,0.007032239315371114,0.007602668899292064,2771.2669604092835,2499.700846363507,45.33662927915043,46.44264787763451,26.0,24,50.0,48,8.0,6,42.0,40,78,78,78.0,0.9047619047619048,0.9981730892197941,1.0,82,0.10146435957499703,0.2663487217512793,0.22030893794021367,0.00043456632221722247,0.00039995171788945974,7.385688767954512e-17,True,42,44,45
MMF11_L,2,2,9,50,2,3,True,38,38,7,7,2,0.050972795211345456,0.05097277685396362,0.0,0.0,0.012949410334108569,0.012949354686409564,-1782.3194543457032,-1695.3095353427989,2.03136308578834,1.961783515719863,10.0,10,15.0,15,4.0,4,12.0,12,74,74,74.0,0.8809523809523809,0.9986754574062976,1.0,82,0.04880089572595386,0.22323012659106597,0.14237328702667362,2.2923817164122173e-05,6.234299997405428e-05,6.347549384455183e-17,True,42,49,50
MMF11_L,2,2,10,52,2,3,True,33,31,7,7,2,0.041883896472585946,0.045800027375107244,0.0,0.0,0.01918918560379934,0.021440510511931077,-11.985576923076923,-6.936764546591353,1.937058487030033,1.935067429236041,10.0,10,16.0,16,2.0,2,10.0,10,80,80,80.0,0.8095238095238095,0.9964610594047482,1.0,82,0.08793481775004229,0.25151365604691023,0.28306764279489904,3.643894273686055e-05,3.3165304260530655e-05,4.262544986591456e-17,True,42,51,52
MMF11_L,2,2,11,54,2,3,True,31,29,5,5,2,0.09646747685913985,0.09646747685913985,0.006922018224832904,0.006922018224832904,0.022632615794255462,0.022632615794255517,-46.53587962962963,-43.6578829198575,0.3228038334960782,0.3174811955947831,7.0,7,10.0,10,2.0,2,8.0,8,82,82,82.0,0.8333333333333334,0.9961918737613049,1.0,82,0.06376285682630745,0.2327284156724173,0.5028729219507007,2.945176510815717e-05,3.479241622921828e-05,4.047011619673116e-17,True,42,53,54
MMF11_L,2,2,12,56,4,3,True,26,24,9,9,3,0.14286910293440497,0.14419949268887275,0.00019255724391975537,0.00019435032709314015,0.01674410816693872,0.016900028442879855,0.4375,0.611923475832992,0.0360899488525241,0.03611797730304352,11.0,11,18.0,18,4.0,4,16.0,16,80,80,80.0,0.6666666666666666,0.9963891873270926,1.0,82,0.05378142365079139,0.18831142320369998,0.15693335628746885,3.6855110916445e-06,4.4435578057831305e-06,3.906240348249952e-17,True,42,55,56
MMF16_20,20,3,1,219,5,3,True,155,155,15,15,4,0.067760672645178,0.06776067388254488,0.004278397324218197,0.004278402287032357,0.041749066555716585,0.041749048694959656,-0.847612003181879,-0.815276804993524,0.09613287241521185,0.09622296732039064,20.0,20,29.0,29,2.0,4,28.0,28,374,374,374.0,0.45,0.9975665032913325,1.0,398,0.041432405896914264,0.18338750481160498,0.12935007820846067,0.010904220234870615,0.014987271410459392,0.00016705205579043385,True,200,218,219
MMF16_20,20,3,2,224,4,3,True,154,154,28,23,6,0.08343763850163999,0.08343764107751253,0.0,0.006558863559880779,0.026376212964499143,0.027134781468473694,-0.09529088218139181,-0.26891929291241323,0.08329010305561263,0.08563777602369127,30.0,25,56.0,46,2.0,4,54.0,44,364,360,364.0,0.445,0.9966393602332067,1.0,398,0.03507096963367328,0.17897717187942308,0.10287524942980619,0.009295628388990174,0.013121379428165127,0.00010960428208563983,True,200,223,224
MMF16_20,20,3,3,228,3,3,True,126,126,15,15,4,0.12757025579129821,0.12757024045193147,0.0,0.0,0.04702531479246865,0.04702532466778868,-0.11697172296324565,-0.031221562635746974,0.09387324254098078,0.09393787153592759,19.0,19,29.0,29,2.0,2,28.0,28,374,374,374.0,0.53,0.9989120817972761,1.0,398,0.05058592655102018,0.16317801740030302,0.07690344011093186,0.012419891554985185,0.015308735587388832,0.00010662186606948548,True,200,227,228
MMF16_20,20,3,4,231,2,3,True,149,149,16,16,2,0.08563484585405078,0.08563485610577867,0.006984357611275638,0.0069843583246613425,0.03470969267905069,0.034709700816686104,0.25877179282662643,0.2758710282376105,0.08809747957343819,0.08814175468445565,18.0,18,31.0,31,0.0,0,30.0,30,364,366,364.0,0.425,0.9970384745785088,1.0,398,0.023652814013131192,0.171795118499675,0.10503863238487376,0.008834322713157775,0.010516171774045163,8.86991944338271e-05,True,200,230,231
MMF16_20,20,3,5,233,4,3,True,162,162,18,17,4,0.0953961749088491,0.0953961531425854,0.007022695459859951,0.007022689387065462,0.04063581943145318,0.040044852464310554,1.0309716525157082,0.9310600503978703,0.037384326773839134,0.03865607147562572,22.0,21,36.0,34,8.0,6,32.0,30,370,378,370.0,0.39,0.9974498707472217,1.0,398,0.01727124002192578,0.17179801294170627,0.11393219493492035,0.0078001117762139804,0.009218637207615971,2.1474261526748796e-05,True,200,232,233
MMF16_20,20,3,6,237,5,3,True,152,152,16,16,4,0.09583668139124679,0.0958366793353923,0.010138461924319553,0.01013846012572106,0.03547088000039745,0.03547087105719282,0.7423047185374751,0.7413473225307566,0.037025353000340495,0.03709269235944865,19.0,19,32.0,31,4.0,4,30.0,30,388,388,388.0,0.455,0.9981816758200024,1.0,398,0.01413152559535747,0.17332562989945433,0.06362666785952076,0.008006847811213413,0.009547265664442034,1.9276504079794077e-05,True,200,236,237
MMF16_20,20,3,7,242,3,3,True,150,150,16,15,2,0.12351770315178254,0.12351768065247049,0.0074415590454243175,0.007441538133887149,0.02564977210687775,0.025473691942175636,0.6130032971759158,0.6694792549393047,0.03867762309612221,0.03941178504822419,21.0,20,32.0,30,12.0,12,30.0,28,380,380,380.0,0.465,0.9991573538415074,1.0,398,0.014400263046009318,0.17593888377238565,0.08609553246316848,0.007812620257812541,0.008766644591287513,1.8802726277905486e-05,True,200,241,242
MMF16_20,20,3,8,245,5,3,True,156,156,25,26,5,0.11550301605491081,0.11550301761516257,0.0,0.0,0.018682321421024675,0.018915995699110094,0.5795720327863951,0.5956231759800326,0.039009160115956086,0.03816915242787816,28.0,30,49.0,51,8.0,8,48.0,50,388,388,388.0,0.53,0.9994004942141564,1.0,398,0.010208317969773603,0.17796377864970744,0.06374422734848717,0.0060679057790511415,0.0074231761411616805,1.8491875909129986e-05,True,200,244,245
MMF16_20,20,3,9,250,5,3,True,144,145,23,22,3,0.08277863681855144,0.08277863335049866,0.0013545961085060787,0.0013545953944963385,0.02637542392642305,0.024623145751273806,0.8924259989264689,0.9332650044102534,0.03339635747447748,0.03548784592686925,26.0,25,44.0,42,10.0,10,42.0,40,388,388,388.0,0.465,0.99857104714836,1.0,398,0.01295364898413416,0.17418836557831185,0.07373787711814783,0.006793339149021443,0.00794123685530015,1.8021070316499913e-05,True,200,249,250
MMF16_20,20,3,10,255,2,3,True,150,150,14,14,2,0.07027126317496568,0.07027127336794525,0.0022548237318388785,0.002254819744381363,0.03853433377185749,0.03853433043885536,0.2722589595228766,0.26495771351145203,0.053513463008164806,0.05354157113686045,18.0,18,29.0,28,4.0,4,26.0,26,376,376,376.0,0.59,0.9995384027118079,1.0,398,0.006611728815403594,0.18193587128480027,0.0541936971515391,0.0036525153452712233,0.003989693362116021,1.6896595618174128e-05,True,200,254,255
MMF16_20,20,3,11,257,4,3,True,166,166,15,15,4,0.09521332267314274,0.0952133427363977,0.0,0.0,0.0210126426519065,0.0210126441301402,0.7780942541672933,0.8107880073468442,0.066632424193354,0.06658468621585562,17.0,17,29.0,29,4.0,4,28.0,28,380,380,380.0,0.5,0.9989300627943385,1.0,398,0.007068168905256675,0.18216231654712828,0.059106990614510746,0.004111674791886878,0.004781071629911448,1.672016783870383e-05,True,200,256,257
MMF16_20,20,3,12,261,2,3,True,151,151,16,16,3,0.09619488574434057,0.09619489842843285,0.002350190538459279,0.0023501909592806014,0.04802921724477821,0.04802921324522305,0.5375461046867027,0.5352020360696523,0.021798852976235385,0.021823430119366022,21.0,21,29.0,28,6.0,8,30.0,30,370,372,370.0,0.64,0.9994953459217193,1.0,398,0.006775554396011142,0.18197343333034904,0.07299063024180086,0.0037576994302926034,0.004516346177557123,1.6432180234834355e-05,True,200,260,261
MMF16_20,20,3,13,263,4,3,True,145,145,21,21,4,0.07543433327499137,0.07543434623905791,0.0023925454913003713,0.002392545849984218,0.01958927450529241,0.019589274042219385,0.7651101893504508,0.7551871768875342,0.039445533843017494,0.039432606445773885,25.0,25,43.0,43,10.0,10,40.0,40,386,386,386.0,0.57,0.9996079069612509,1.0,398,0.006398265971481899,0.18294308916023888,0.04443923281381368,0.003602062213314855,0.004060170178454663,1.629402150229965e-05,True,200,262,263
MMF16_20,20,3,14,267,3,3,True,148,148,9,9,3,0.10079979974271641,0.10079980755710173,0.006293421960799184,0.0062934195430416895,0.025750168398261275,0.025750157119877715,0.2582319369482424,0.25222772925707243,0.029700735926255765,0.029706969058914373,11.0,11,19.0,19,4.0,4,16.0,16,378,378,378.0,0.625,0.9997376702182704,1.0,398,0.007589009843457469,0.18184202504821195,0.046992464077086904,0.0033015906181727422,0.004213977775127639,1.601375395218177e-05,True,200,266,267
MMF16_20,20,3,15,270,3,3,True,154,154,15,15,3,0.07446681114163523,0.07446681289721933,0.0,0.0,0.04146577544763559,0.041465765608274814,0.6689120803858448,0.7032803361200208,0.05809042612984012,0.058114244662038766,17.0,17,30.0,30,4.0,4,28.0,28,384,384,384.0,0.565,0.998927618798592,1.0,398,0.008015196150638594,0.17978705388190855,0.06355469415430079,0.0038812353206160513,0.005024879521535352,1.5794737783294695e-05,True,200,269,270
MMF16_20,20,3,16,273,3,3,True,155,155,9,9,3,0.1110817995754349,0.11108182847330178,0.01017274119517332,0.010172744337004802,0.042184291163943906,0.04218428172682312,0.3919071864292012,0.39706277837459153,0.07225564542518094,0.07227315809867828,13.0,13,18.0,18,8.0,8,16.0,16,396,396,396.0,0.53,0.9994485898260795,1.0,398,0.011647561181260334,0.17611731917664344,0.05602565049552233,0.005270269168062447,0.006640926325001603,1.5585991650342114e-05,True,200,272,273
MMF16_20,20,3,17,276,2,3,True,155,156,14,14,2,0.09876096827378356,0.0987609804672156,0.01543663052325528,0.01543661484579828,0.04027562410477804,0.040275627366957306,0.3886017770401313,0.37904370184980374,0.06015990200624924,0.060139609973014346,18.0,18,25.0,26,4.0,4,26.0,26,390,392,390.0,0.61,0.999607049261871,1.0,398,0.006681848647679322,0.18431690799203265,0.04357409360441,0.0029590825151305403,0.0033988961869614153,1.53776422581978e-05,True,200,275,276
MMF16_20,20,3,18,278,4,3,True,137,137,10,10,4,0.09266095300593401,0.09266095416830651,0.0,0.0,0.04126800846817631,0.04126800365139229,0.7740993160142553,0.8156892182368916,0.06603098628251976,0.06608311797204748,12.0,12,21.0,21,0.0,0,18.0,18,372,372,372.0,0.43,0.9968694529245355,1.0,398,0.006640242583984775,0.18214220380897422,0.07331678796460295,0.002516668677607914,0.0033298370963880173,1.5266176811109403e-05,True,200,277,278
MMF16_20,20,3,19,282,3,3,True,169,169,12,12,3,0.10467166588130342,0.10467167214965065,0.027578287507256927,0.027578292875420646,0.0456106969100471,0.04561070652743604,0.7270872679106,0.7339794646865854,0.047858286332112004,0.04785427882687329,15.0,15,24.0,24,4.0,4,22.0,22,384,384,384.0,0.59,0.9993454417878833,1.0,398,0.005140458365800207,0.18190359620620009,0.06979363418982265,0.0025624852971273815,0.003112942435329434,1.5019542486101992e-05,True,200,281,282
MMF16_20,20,3,20,285,3,3,True,152,152,8,8,3,0.08220559848553963,0.0822056142024649,0.0004336182286167458,0.0004336121313091114,0.049743523172382,0.0497435253264749,0.665363430152853,0.6717008314945259,0.04835740375239296,0.048363448729629444,10.0,10,17.0,16,4.0,4,14.0,14,394,394,394.0,0.545,0.9993632936429324,1.0,398,0.00388422926139993,0.18345683749647768,0.03440625676397291,0.0018904291496384396,0.00211913403298293,1.484488499149003e-05,True,200,284,285
MMF16_20,20,3,21,288,3,3,True,146,146,15,14,3,0.09212364543705295,0.09212365007173008,0.016347053020396404,0.005223615068943399,0.026705960396492562,0.027561955999948796,0.8638962337042875,0.8560691307563781,0.06565603023975602,0.07456035395119556,18.0,17,29.0,28,4.0,2,28.0,26,378,378,378.0,0.695,0.9995683711357283,1.0,398,0.0044135714826443965,0.18265334263592686,0.029258972565240744,0.0024215927281143745,0.0027577812858825016,1.441711127989959e-05,True,200,287,288
MMF16_20,20,3,22,291,2,3,True,150,150,5,5,2,0.09656474192974579,0.09656472041191444,0.015124073751393777,0.015124063306227021,0.07948562284951695,0.07948559861209976,0.24045817916786705,0.2402950963565592,0.07711272055510021,0.07712050828429279,7.0,7,11.0,11,2.0,2,8.0,8,346,348,346.0,0.725,0.999785079175631,1.0,398,0.005750008177191605,0.1814794016298482,0.019751286701389148,0.0021919276096808438,0.0026251863777736585,1.3775855466129805e-05,True,200,290,291
MMF16_20,20,3,23,293,4,3,True,141,142,9,10,4,0.10138234230038051,0.10138234595033503,0.002575454096358898,0.0025754537803213684,0.053889284241616084,0.044521148294945294,0.2900725270635607,0.06574901508530086,0.050650600642302035,0.049401784508216584,11.0,12,18.0,20,6.0,4,16.0,18,382,382,382.0,0.665,0.9997695063021598,1.0,398,0.00466153564194848,0.1835277829930682,0.04817800534706995,0.002133888644201054,0.0023651503405496877,1.3670724651607374e-05,True,200,292,293
MMF16_20,20,3,24,297,2,3,True,143,143,8,8,2,0.07318219000560396,0.0731822259754186,0.010929507407660218,0.010929507063837468,0.041232912085668746,0.0412329263606374,0.339732834648625,0.33881799049768807,0.03797679237424742,0.03797163019564641,11.0,11,16.0,16,4.0,4,14.0,14,384,384,384.0,0.55,0.9990865466878092,1.0,398,0.004704849010868435,0.18333443856967635,0.05373105574191983,0.002147482393653727,0.002532624978497481,1.3434366327819613e-05,True,200,296,297
MMF16_20,20,3,25,299,5,3,True,155,155,8,8,5,0.07728678384553782,0.0772868050334177,0.010112348691732956,0.01011234641558008,0.037950233046023525,0.037950250195247996,0.5843171502876343,0.5738481664231818,0.045870841109238905,0.04585631026635509,10.0,10,17.0,17,6.0,6,14.0,14,392,392,392.0,0.695,0.999781278230043,1.0,398,0.00427867025754765,0.1835023500222157,0.05256756611590285,0.0020649737844651295,0.002419259182029447,1.3255475035028894e-05,True,200,298,299
MMF16_20,20,3,26,304,7,3,True,152,152,18,18,7,0.08643391314216826,0.08643387885880402,0.015210237649775249,0.015210248963252515,0.04799991849964401,0.047999929894158924,0.7750961972877715,0.7788381403784284,0.03664967804343055,0.03664255210933959,21.0,21,35.0,35,6.0,6,34.0,34,390,390,390.0,0.755,0.9998125595370648,1.0,398,0.003766941040592298,0.18295240530662035,0.028795527332444504,0.001866230097764432,0.0021095290173841026,1.2784848346352448e-05,True,200,303,304
MMF16_20,20,3,27,311,3,3,True,143,144,9,9,3,0.09141572627067897,0.09141572776689932,0.016342249570071854,0.016342249889008093,0.03149071526972424,0.03149070582512973,0.3352554348627028,0.3411255363846759,0.048262191610405125,0.04827675005027951,12.0,12,18.0,18,8.0,8,16.0,16,354,354,354.0,0.74,0.9996955712157319,1.0,398,0.004070055816725109,0.18217588210362706,0.02868172987713269,0.0014431963494714872,0.0017172881030189026,1.1458929446088352e-05,True,200,310,311
MMF16_20,20,3,28,314,4,3,True,140,140,21,21,4,0.11256645565126586,0.11256643980291157,3.3404946556236936e-05,3.340067091939236e-05,0.01921529521912698,0.019215296403509455,0.3797605074676662,0.42482675857858987,0.03005041712273905,0.030035431386306814,25.0,25,43.0,43,6.0,6,40.0,40,384,384,384.0,0.675,0.9996413502402401,1.0,398,0.0044394019399509686,0.18316675197422344,0.036918673728834506,0.0018606859931163816,0.002249073068318438,1.1341113989530365e-05,True,200,313,314
MMF16_20,20,3,29,318,6,3,True,154,154,11,11,6,0.07607102291594081,0.07607102922990507,0.0028262451971291986,0.002826227083924523,0.03380616459057245,0.03380616768099862,0.5482356531414676,0.5608211386611082,0.037280940623919456,0.03727390337940745,13.0,13,23.0,23,2.0,2,20.0,20,362,362,362.0,0.705,0.999772696260795,1.0,398,0.006312580013869529,0.18261790757540997,0.035107132439429645,0.002401966327265137,0.002986174572145194,1.1069349365169476e-05,True,200,317,318
MMF16_20,20,3,30,324,3,3,True,149,149,17,17,3,0.08317771184453161,0.08317771792720269,0.0003912258583980144,0.0003912365141162111,0.049249282120024385,0.04924924350303686,0.4965170029689925,0.49681547507123014,0.01987133984587479,0.019864417156886915,20.0,20,33.0,33,10.0,10,32.0,32,374,374,374.0,0.64,0.99965270245626,1.0,398,0.005618869586339751,0.18147554058102588,0.035112194513686745,0.0022700994172311084,0.0027033381376799274,1.0843780982760461e-05,True,200,323,324
MMF16_20,20,3,31,327,2,3,True,139,140,17,18,2,0.08888771982187274,0.08888771696414496,0.018903276985329676,0.018903278483306418,0.06054288134963165,0.05672718140475258,0.3695100139137639,0.3491221507283626,0.015438372028645935,0.014985930516435708,21.0,22,32.0,34,6.0,8,32.0,34,376,376,376.0,0.7,0.999810220422909,1.0,398,0.0038843027516262197,0.182561769218969,0.021280099346341785,0.0016155637920931554,0.0017934874983132453,1.0726457059214066e-05,True,200,326,327
MMF16_20,20,3,32,329,4,3,True,145,146,10,10,3,0.11723333130581604,0.11723332455987837,0.0014590457503889257,0.0014590525314547307,0.055634405403180466,0.05563440157761932,0.31060339843243234,0.31342906162166173,0.034439639704761084,0.03444042526065072,12.0,12,21.0,21,4.0,4,18.0,18,352,352,352.0,0.68,0.9997114268699533,1.0,398,0.003834428144930707,0.1826421672200732,0.04012304638115438,0.0019301659410899674,0.00243362107461188,1.065743564833173e-05,True,200,328,329
MMF16_20,20,3,33,333,4,3,True,150,150,17,16,4,0.1063066146068321,0.10630662192519547,0.007019324707190577,0.007019330877967245,0.03377518879155328,0.03371349075406378,0.21333285212156028,0.22558157613821095,0.02270303111557534,0.023379449691407928,19.0,18,33.0,31,6.0,6,30.0,28,386,388,386.0,0.59,0.9992571062556462,1.0,398,0.005032123685530155,0.18343899222650117,0.04751067518324703,0.0019771382934408166,0.002573339196509039,1.052604747129231e-05,True,200,332,333
MMF16_20,20,3,34,337,4,3,True,133,133,19,19,4,0.11568415672216535,0.11568416874350733,0.004243877691915587,0.004243895850858603,0.02530225485061921,0.02530225131280639,0.5259797311462289,0.5424377040958461,0.028258770760090483,0.028260008599719555,21.0,21,38.0,38,6.0,6,36.0,36,374,372,374.0,0.695,0.9991483683691624,1.0,398,0.003999049113892328,0.18399626495610216,0.04625475275025792,0.0015403778752158814,0.0018029951301598407,1.0380685112405639e-05,True,200,336,337
MMF16_20,20,3,35,341,3,3,True,151,151,11,11,3,0.09323501863920562,0.09323501714554709,0.0014932893782537704,0.0014932895533663615,0.051407019880135685,0.051407011492345944,0.3102181278905731,0.3078565878132622,0.05024522636404956,0.05024467354129669,14.0,14,22.0,22,6.0,6,20.0,20,378,378,378.0,0.695,0.9997190399384088,1.0,398,0.004328022106703189,0.18345654191944566,0.057636525935834015,0.0015733495854988178,0.0019330495641988023,1.0232071836376462e-05,True,200,340,341
MMF16_20,20,3,36,343,3,3,True,133,133,8,12,3,0.08470230858291161,0.0847022950754368,0.007607185330277488,0.005103882851803689,0.023081542478323558,0.0230815413907645,-0.049241792626598446,0.2244334640175225,0.03214605274156955,0.037615007269028666,10.0,14,17.0,25,6.0,8,14.0,20,360,356,360.0,0.135,0.9886878546737526,1.0,398,0.036186095090922465,0.18348597229585717,0.03930344410235875,0.002959999348298936,0.00366761660478529,9.880198398237477e-06,True,200,342,344
MMF16_20,20,3,37,346,2,3,True,141,141,8,8,2,0.11061765995690509,0.1106176603129131,0.00877105364890196,0.008771050670303593,0.03047761023249786,0.03047759720187431,0.10647832653962253,0.11029894976860533,0.046766124129867484,0.04676411425448279,10.0,10,15.0,15,6.0,6,14.0,14,380,380,380.0,0.76,0.9995421107835679,1.0,398,0.003284474374162197,0.18251152300405687,0.0398116219383553,0.001432658509550322,0.001709498355842204,9.797416904380089e-06,True,200,345,346
MMF16_20,20,3,38,348,4,3,True,154,157,17,16,4,0.08382479937578732,0.08382478508955778,0.01204806315751028,0.012048086233896527,0.04049923507337478,0.04211539507470107,0.8187128957809544,0.8662779263110565,0.029809856528521445,0.029160911245428522,20.0,19,33.0,31,6.0,6,32.0,30,384,384,384.0,0.59,0.9993684341311639,1.0,398,0.004409673109165988,0.1839682828547447,0.05707704484552778,0.001963155926290483,0.002310201584070296,9.715692567991816e-06,True,200,347,348
MMF16_20,20,3,39,351,4,3,True,140,140,10,10,4,0.12649824708628227,0.12649823433124896,0.005847162708734199,0.005847157380140966,0.036709955227456924,0.036709962813950454,0.34972322735491845,0.3992215599639053,0.043366271998508746,0.04324560179550829,12.0,12,20.0,20,4.0,4,18.0,18,368,366,368.0,0.125,0.9692999323415883,1.0,398,0.03788829980403585,0.17749598876023134,0.2413392712833513,0.0037522036657264835,0.004294252146950233,9.631180794914658e-06,True,200,350,352
MMF16_20,20,3,40,355,3,3,True,152,152,9,9,3,0.09779662871703951,0.09779663770200453,0.00740751813063778,0.007407498068674245,0.02989554328226506,0.02989557685920443,0.3184113250142402,0.3126561897811371,0.03534048127579231,0.03533333652189086,12.0,12,19.0,19,4.0,4,16.0,16,370,370,370.0,0.805,0.9999251150064209,1.0,398,0.0037483903311823705,0.18331652554422342,0.022865991745703695,0.0016335525630211123,0.0019228229839142617,9.507429708347801e-06,True,200,354,355
MMF16_20,20,3,41,358,4,3,True,152,152,9,9,4,0.10583799721422818,0.1058379745870977,0.0015354513110553206,0.0015354518208512968,0.038718393109856364,0.038718382758936354,-0.07128774803073012,-0.0686325375800152,0.028633947922900582,0.028624642226564134,12.0,12,18.0,18,4.0,4,16.0,16,342,342,342.0,0.73,0.9997817920788857,1.0,398,0.002956849294992494,0.18315739185648333,0.03307131776722372,0.0011964399021167083,0.0014305366625411559,9.374139855302542e-06,True,200,357,358
MMF16_20,20,3,42,362,2,3,True,152,153,12,12,2,0.10448693734479662,0.10448695454240607,0.0020006434623723868,0.0020006428879899563,0.03597681627383958,0.035976818079803914,0.5451656252059043,0.5522023704679668,0.029696749316784406,0.02969695392245164,14.0,14,24.0,24,4.0,4,22.0,22,364,368,364.0,0.68,0.999662220471706,1.0,398,0.0040307835745477145,0.18230321875810301,0.06043451446964809,0.0016302059205557384,0.001972908625028055,9.268695592743119e-06,True,200,361,362
MMF16_20,20,3,43,364,4,3,True,139,140,15,16,5,0.09924612348331519,0.09924613379357017,0.014974775406507712,0.014974752128295687,0.04168240377987398,0.04026786090841794,0.8472694398441036,0.8678230361161923,0.02946680961313487,0.030351294449718402,18.0,19,28.0,30,8.0,6,28.0,30,382,382,382.0,0.725,0.9994703146226351,1.0,398,0.002997773384095255,0.18321908339347187,0.04148242113916467,0.0013498463130048322,0.0015252946203930342,9.073858671078266e-06,True,200,363,364
MMF16_20,20,3,44,368,2,3,True,145,145,10,10,2,0.1593184185353044,0.15931841359068633,0.009098175880370932,0.009098165435491102,0.03284334229027161,0.032843352636485114,0.4044387382243282,0.40210986254112413,0.037886687279012586,0.037886608676698685,14.0,14,20.0,20,6.0,6,18.0,18,340,338,340.0,0.645,0.9995944904537201,1.0,398,0.0031008052922260965,0.1825313014514004,0.05155249634375991,0.0016110215702127562,0.0018335849561257913,8.898155123752348e-06,True,200,367,368
MMF16_20,20,3,45,370,4,3,True,139,140,15,14,4,0.09346778087454262,0.09346778428090183,0.009445770616960641,0.009445762386347922,0.03728398419764238,0.038876687959724605,0.570617866911661,0.6221272151284438,0.02555378948586469,0.027863300590100337,19.0,18,30.0,28,8.0,6,28.0,26,384,384,384.0,0.71,0.9997278498333064,1.0,398,0.0039127423767237116,0.18350338923612847,0.03960927169296724,0.0017135117678250822,0.0020884473482485864,8.827327267024241e-06,True,200,369,370
MMF16_20,20,3,46,374,2,3,True,153,154,6,6,2,0.1071594156150772,0.10715941395509229,0.012228696782975557,0.012228684062034256,0.05129968916851368,0.051299702056019844,0.2144299748913454,0.2201201652809459,0.05128029167991866,0.051279963352866886,8.0,8,13.0,13,6.0,6,10.0,10,368,368,368.0,0.82,0.9999065280288099,1.0,398,0.0035419823957236816,0.18401876651830418,0.018468705992347623,0.0012715696856204772,0.001443959361875896,7.667446456570746e-06,True,200,373,374
MMF16_20,20,3,47,376,2,3,True,154,155,12,12,2,0.11036342587009036,0.11036342755338165,0.002056083135396569,0.0020560746288827425,0.0491075211487423,0.04910751565113392,0.5461217089400883,0.540702823746301,0.02777083672665904,0.02777666111921384,14.0,14,24.0,24,4.0,4,22.0,22,374,374,374.0,0.765,0.9997295230179418,1.0,398,0.0031014685459705765,0.18350343518785453,0.03686802642641851,0.0013478468922443199,0.0015346136561702937,6.991037215019596e-06,True,200,375,376
MMF16_20,20,3,48,378,4,3,True,139,139,20,20,4,0.0771155148798403,0.07711551393009153,0.006283204610209703,0.006283215846015877,0.02780380484131503,0.027803818356764994,0.785971177053995,0.7942247529712176,0.03188162402370425,0.03188496323704548,24.0,24,40.0,40,4.0,4,38.0,38,382,382,382.0,0.785,0.9998946136125759,1.0,398,0.0022376075451893645,0.18320019391726922,0.019080958950439708,0.0012726706375758567,0.0014516529349116129,6.426853238148588e-06,True,200,377,378
MMF16_20,20,3,49,382,4,3,True,145,145,14,15,5,0.07420410038940928,0.0742041001111643,0.01813946828378965,0.018139459758678034,0.03933919243147027,0.037335643389307456,1.0175636762755578,1.1099759670132698,0.028029010160297498,0.02648574874199383,17.0,18,29.0,31,6.0,2,24.0,26,388,388,388.0,0.595,0.9988789755827441,1.0,398,0.003571740972948879,0.18179401283195495,0.04749209242325492,0.001834145675502441,0.002138968026120003,6.320124974930944e-06,True,200,381,382
MMF16_20,20,3,50,386,3,3,True,133,134,7,7,3,0.09056630103899285,0.09056631522077545,0.0010414933528778425,0.0010414978400491992,0.06632959109261351,0.0663296262307246,0.8039565457860447,0.9168484018255185,0.03359889058958123,0.03359991986493327,9.0,9,15.0,15,4.0,4,12.0,12,372,376,372.0,0.385,0.9901761448109108,1.0,398,0.037970635052102485,0.1669135892129671,0.037927670259165325,0.001362483069165421,0.0014918391138683067,5.732912407053941e-06,True,200,385,386
MMF16_20,20,3,51,389,2,3,True,127,127,20,20,2,0.0875735820770861,0.08757361522662233,0.0049917201607346355,0.0049917083199229415,0.042911504196876164,0.04221494315801209,0.941192187928507,0.933134413303037,0.019843732359755964,0.019850116351907587,24.0,25,38.0,38,4.0,6,38.0,38,370,370,370.0,0.345,0.9783194040372225,1.0,398,0.033311890669992406,0.1729493656987757,0.04612071632331549,0.0013085231135860909,0.0015069334998508467,5.672974972441266e-06,True,200,388,389
MMF16_20,20,3,52,391,2,3,True,127,127,9,8,2,0.0754712041540896,0.0754711981084342,0.0012139420488460617,0.013914483720669099,0.0499185735044273,0.05929354163706452,0.2139627228797374,0.5018101361094978,0.020152413631040107,0.024278471484405983,12.0,11,19.0,16,4.0,2,14.0,14,360,360,360.0,0.38,0.9837193953404845,1.0,398,0.04623797740804668,0.16875724432214373,0.035163443845874554,0.0013154151214749277,0.0015856484520907594,5.644895272000897e-06,True,200,390,391
MMF16_20,20,3,53,393,3,3,True,152,152,12,13,3,0.09817338449723599,0.09817332274324564,0.0050977711326017075,0.00509779268941252,0.0386780133596569,0.040861993143149755,0.28624105111667664,0.2870174223621689,0.021440371623639442,0.021946437141657782,15.0,16,24.0,26,6.0,6,22.0,24,352,352,352.0,0.45,0.9916600763488908,1.0,398,0.047531641331453545,0.18731579203093765,0.061044409201628014,0.001396693548258554,0.0015579100953322725,5.5899736210980786e-06,True,200,392,393
MMF16_20,20,3,54,396,2,3,True,138,139,19,18,2,0.0949241788708405,0.09492417828860605,0.00308528311787315,0.0030852812971566834,0.026265030444631243,0.02579720711540691,0.7176446605653517,0.7874188005929454,0.01721001953080715,0.02152911497163501,23.0,22,35.0,33,10.0,6,36.0,34,372,372,372.0,0.425,0.9805218229126684,1.0,398,0.05147107767688831,0.18350340817955949,0.025674929976673866,0.001405598940920072,0.0016510771589012651,5.539962958921479e-06,True,200,395,396
MMF16_20,20,3,55,397,4,3,True,139,140,16,19,3,0.09301561901264488,0.09301561924898524,0.012719697582385114,0.012719669617274887,0.04257653867597545,0.038970814660228496,0.7116973859755165,0.6596638359476401,0.01995136813845636,0.017518216942143283,20.0,24,32.0,38,8.0,6,30.0,36,374,372,374.0,0.17,0.9907523841290332,1.0,398,0.0332375369326596,0.18703485915028736,0.029789036172758188,0.001746485208329318,0.0019454628393897962,5.5263253492871834e-06,True,200,396,398
MMF16_20,20,3,56,401,2,3,True,142,143,12,10,2,0.0723542711516502,0.07235428593562365,0.0037449873048378546,0.015383342543610647,0.04375224023462901,0.048414669360052634,0.2760030546616621,0.5758959111974491,0.016520311797467883,0.024157587920425883,16.0,14,23.0,19,6.0,2,22.0,18,370,370,370.0,0.43,0.9874555139373794,1.0,398,0.060872634208070334,0.18650936564245874,0.016538588718617575,0.0009860395947924872,0.0011026226073748235,5.342423530467593e-06,True,200,400,401
MMF16_20,20,3,57,403,3,3,True,135,135,7,6,4,0.11138439052960426,0.11138440373991705,0.019862273748937405,0.021620370836050458,0.032078508755258306,0.051065105924975096,0.20986936331560813,0.16099745212011385,0.027244869027368997,0.025318733746752642,9.0,9,14.0,13,0.0,2,12.0,10,360,364,360.0,0.455,0.988501780631247,1.0,398,0.04295591780957459,0.19148057059185625,0.019688937646435534,0.0008735550906777689,0.0009948477816722411,5.296380302854311e-06,True,200,402,403
MMF16_20,20,3,58,406,4,3,True,125,125,7,7,4,0.09284167415334806,0.09284165778349207,0.010316094972539491,0.010316099465453421,0.044924480026446806,0.04492447903906314,1.3276851270154397,1.338196846871142,0.02949332506131024,0.029505105925618835,9.0,9,15.0,15,4.0,4,12.0,12,382,382,382.0,0.405,0.9923586606424731,1.0,398,0.04913460477344557,0.18871216595871831,0.015300941634507126,0.0011022215612541686,0.001313191883909554,5.184038792056527e-06,True,200,405,406
MMF16_20,20,3,59,410,3,3,True,145,145,8,8,3,0.11300577404614542,0.11300577276981104,0.015392314579117716,0.015392328945455613,0.02779465663835312,0.027794654190306523,1.000000000000413,1.0000000000001137,0.031159639188936494,0.031158645780145378,10.0,10,17.0,16,4.0,2,14.0,14,384,384,384.0,0.5,0.9967295814889892,1.0,398,0.022372722527486337,0.18607386731200853,0.02832132231284845,0.0013725800198471916,0.00152693539158,5.134150013878074e-06,True,200,409,410
MMF16_20,20,3,60,413,3,3,True,144,144,14,14,4,0.09057329006764993,0.09057331241099967,0.012077671095823361,0.012077687812668159,0.03235685111597199,0.03235685205900144,0.25134928234554543,0.14174984558076176,0.02333512488523388,0.02333311869039889,18.0,18,27.0,27,6.0,6,26.0,26,378,378,378.0,0.44,0.9916570863094003,1.0,398,0.033292875341001574,0.19558102410978823,0.02247040939477074,0.0015094769942436415,0.0017114292129088435,4.3258768133566305e-06,True,200,412,413
MMF16_20,20,3,61,416,4,3,True,154,154,11,12,5,0.06991200120355136,0.06991199341666712,0.011153493122358804,0.011153497804662238,0.027179465724741458,0.027352336497417182,0.16324255962698642,0.06975388409387051,0.024079963436068663,0.024006094504848363,13.0,15,21.0,23,0.0,4,20.0,22,374,374,374.0,0.46,0.9967536129070494,1.0,398,0.03315892009062485,0.19426526465583072,0.017688949896296435,0.001216040019897946,0.0014803328021367845,4.2887212923535e-06,True,200,415,416
MMF16_20,20,3,62,420,5,3,True,152,152,17,17,5,0.08493294324965983,0.08493295722779892,0.013375890679631249,0.013375888771949588,0.04370953190600918,0.04370954438274017,0.6670299254510828,0.7060665882409012,0.013946690109240673,0.013945245776461945,20.0,20,35.0,35,4.0,4,32.0,32,388,388,388.0,0.45,0.997373202012316,1.0,398,0.026417890741186056,0.1896478952152405,0.01944164869735232,0.0011515306861440422,0.0012841549256409886,4.240635869694869e-06,True,200,419,420
MMF16_20,20,3,63,425,3,3,True,153,154,7,6,2,0.12834269978251114,0.10320869511043991,0.012853198973829166,0.012853198922573444,0.05367508391851662,0.05666678494981241,0.08479287908614097,-0.04459705037584172,0.023408013099539274,0.017793716303103224,10.0,9,15.0,13,2.0,4,12.0,10,362,362,362.0,0.475,0.9921155512251894,1.0,398,0.02978091138666035,0.18644991007050707,0.013092962703410649,0.0011790404605562799,0.001505812111669408,4.086777788834323e-06,True,200,424,425
MMF16_20,20,3,64,428,2,3,True,138,137,4,4,2,0.09650956314519588,0.09650957294053489,0.03053103225002355,0.03053103557195708,0.04338008082454107,0.043380086886966165,-0.7359970043541515,-0.8096592556871656,0.03058221372798861,0.030578944326169477,6.0,6,9.0,9,4.0,4,6.0,6,394,394,394.0,0.52,0.994477667754786,1.0,398,0.03137891090627041,0.18264437365912195,0.013125981860866887,0.0011847160851061744,0.0013530269827479872,4.036425511540261e-06,True,200,427,428
MMF16_20,20,3,65,429,3,3,True,129,129,4,2,2,0.11466520920440808,0.11466520332998238,0.007391341624909842,0.04074927252714056,0.04832572939496327,0.07770723792856148,0.736718617242651,-1.178251103098546,0.03639945255315164,0.04082829702633184,6.0,4,9.0,5,2.0,2,6.0,2,368,368,368.0,0.125,0.9833123850168815,1.0,398,0.03842160607100702,0.1896451944940003,0.16812971679081556,0.0033083689735917687,0.003906947851592451,4.0263105771579425e-06,True,200,428,430
MMF16_20,20,3,66,432,3,3,True,134,135,9,9,3,0.07495619690520307,0.07495622368032259,0.00495920329277183,0.0049591938328574225,0.03909287638099667,0.03909287557946079,1.125940625660018,1.1810135612968224,0.04595145866376624,0.045950642957642174,12.0,12,19.0,19,2.0,2,16.0,16,366,366,366.0,0.555,0.9970355857749097,1.0,398,0.027373212407971484,0.18084617299075678,0.02665636900718482,0.001036111992448241,0.0012991769060561697,3.524483756433868e-06,True,200,431,432
MMF16_20,20,3,67,435,6,3,True,134,134,17,16,6,0.08981943851248346,0.08981942807483684,0.0020064079625375995,0.002006426551974855,0.039287346002307474,0.03929160357708217,0.23862414885991745,0.230841727697225,0.02363572829343932,0.021197637828656468,21.0,20,33.0,31,8.0,8,32.0,30,376,376,376.0,0.55,0.9977840688864447,1.0,398,0.012358252321112734,0.18564690921579657,0.012154854265702397,0.0009833046247536004,0.0010754836078885762,2.8955117199969822e-06,True,200,434,435
MMF16_20,20,3,68,441,3,3,True,137,138,14,13,4,0.1072370269051333,0.1072370406158813,0.0027249737163363985,0.0027249714714440154,0.04833359886349156,0.04527895350935663,0.6103202688842289,0.6550607350991413,0.015562134791573614,0.016970383955630552,17.0,15,28.0,27,4.0,6,26.0,24,382,382,382.0,0.625,0.9989331848599965,1.0,398,0.009728619027472709,0.1835034430918128,0.027381474077742496,0.0013016062222845903,0.0014718745228629246,2.7533528289637064e-06,True,200,440,441
MMF16_20,20,3,69,444,4,3,True,131,131,5,5,4,0.1023050509702373,0.10230507008794977,0.026314273664790066,0.026314279691181795,0.04886658767848707,0.04886657931111764,-0.465547792595681,-0.46441274059361604,0.02501065868523826,0.02501064384346563,7.0,7,11.0,11,2.0,2,8.0,8,380,380,380.0,0.62,0.9989584130005669,1.0,398,0.010390257516821414,0.18583518995856424,0.028254707473934104,0.001005695238120552,0.0011852674851398743,2.6666744402323833e-06,True,200,443,444
MMF16_20,20,3,70,448,3,3,True,152,152,13,13,3,0.08721574160664017,0.08721574444246197,0.017019789700033705,0.017019807792824193,0.03543133567430157,0.03543133671439935,0.43059649342891193,0.45356827173418424,0.03453324217028101,0.03453332242153806,15.0,15,27.0,27,2.0,2,24.0,24,372,372,372.0,0.55,0.9971904674084087,1.0,398,0.012007874137608308,0.1868913491962521,0.01817781585185685,0.0010318270618654424,0.0012079847903108268,2.5064700476276734e-06,True,200,447,448
MMF16_20,20,3,71,451,3,3,True,148,148,12,16,2,0.07136497771829918,0.07136496903368071,0.006876206159386444,0.006876210876091915,0.04590384167712409,0.03810635194022095,0.16263527160406666,0.20032548385142945,0.017032549459678005,0.017225457758966556,15.0,20,24.0,32,4.0,8,22.0,30,388,388,388.0,0.49,0.9984585302753493,1.0,398,0.012402576326480206,0.1848382706584141,0.019432759630376495,0.0009754193039839265,0.0010643740251701783,2.3564173144180153e-06,True,200,450,451
MMF16_20,20,3,72,454,3,3,True,126,126,9,9,3,0.09760209801775245,0.09760210677387499,0.01496359757259158,0.014963605178019868,0.03901473419339188,0.039014733396677465,0.053322528629731636,0.07731035836059164,0.021872018627227777,0.02187276746198208,12.0,12,18.0,18,4.0,4,16.0,16,364,364,364.0,0.425,0.9986938184651135,1.0,398,0.01692449531534992,0.1886674573890054,0.02865255423830604,0.0012826589363612584,0.0015011652837130954,2.3379733594253875e-06,True,200,453,454
MMF16_20,20,3,73,457,3,3,True,154,155,17,17,4,0.07765437038602194,0.07765434834695789,0.0022720282300572325,0.0022720266035265446,0.039539137013865466,0.03929218798462581,0.22933093427316864,0.1491752312740573,0.01669104111199299,0.016688740590577567,19.0,19,35.0,35,6.0,6,32.0,32,386,386,386.0,0.56,0.998974843676042,1.0,398,0.014220184293058751,0.18399773632713098,0.023612791995333282,0.0008616984681282247,0.0009319450087864447,2.3148235475116535e-06,True,200,456,457
MMF16_20,20,3,74,460,3,3,True,149,149,7,7,3,0.08960148439098121,0.0896014894216534,0.004801201980082492,0.004801193519115454,0.06511798717496986,0.0651180065302096,0.7051237711794389,0.7093010482449245,0.032301443131442155,0.032297964935551704,9.0,9,15.0,15,4.0,4,12.0,12,376,376,376.0,0.545,0.9986345727143747,1.0,398,0.01148218733873849,0.1828299381684378,0.018293543294134906,0.0014452653544481109,0.0016359091067026095,2.295706577170111e-06,True,200,459,460
MMF16_20,20,3,75,463,4,3,True,151,150,13,14,4,0.07933372022392426,0.07933371715510842,0.013865798468570001,0.005899387858603888,0.06262501745704885,0.05906395002863918,0.48954813637001715,0.49740942475727934,0.0213973921639846,0.02144600649615036,15.0,16,27.0,29,6.0,8,22.0,24,380,378,380.0,0.545,0.9983733855344348,1.0,398,0.010564391056803533,0.18350838638962302,0.017996472916024686,0.000891035861201317,0.001000349514838366,2.2789012031128207e-06,True,200,462,463
MMF16_20,20,3,76,467,3,3,True,147,148,12,13,3,0.08243447794566204,0.08243447272550315,0.0025071962199531006,0.0025071919745751625,0.032874779973802226,0.035866140160970894,0.3084876876886842,0.3262207367197334,0.021446826538162427,0.021586098257223796,15.0,17,23.0,25,4.0,4,22.0,24,382,382,382.0,0.58,0.9988215094031844,1.0,398,0.011937675781067265,0.18497652419291502,0.03917514035902059,0.0014447884137211986,0.0017122816461033468,2.258319627258698e-06,True,200,466,467
MMF16_20,20,3,77,470,3,3,True,143,145,11,10,3,0.07100850480796012,0.07100851037840725,0.00643860162104215,0.01767458475167311,0.045945064233323174,0.04681659289764126,0.7153494934971856,0.8702671157425357,0.020508147834524718,0.021184620529719922,13.0,12,23.0,20,6.0,6,20.0,18,386,386,386.0,0.54,0.998782030968958,1.0,398,0.01006757214319355,0.1835034048045544,0.013875885248125996,0.0007819005415967695,0.0008822924497476637,2.2416256020041845e-06,True,200,469,470
MMF16_20,20,3,78,472,3,3,True,146,148,11,12,4,0.11974453180935936,0.11974453938641522,0.01219237377293765,0.0078057576358211735,0.04212523847694827,0.038573953933191935,0.04616866105366224,0.19302503256812997,0.017518970964812513,0.01789706749181974,13.0,15,21.0,24,4.0,4,20.0,22,380,378,380.0,0.12,0.9550230731772187,1.0,398,0.015756205155715776,0.18310921842551722,0.1015741971349371,0.0016132870413230194,0.0017766727495568185,1.5389895541733457e-06,True,200,471,473
MMF16_20,20,3,79,475,3,3,True,148,149,11,12,3,0.08588970343475144,0.08588968639050709,0.015174365285173274,0.015174394316359708,0.0540638891983929,0.055997291035035986,0.7755492904599506,0.9460163487515274,0.011372983411902536,0.011373502601966123,13.0,14,23.0,25,6.0,8,20.0,22,368,368,368.0,0.61,0.9985184057069503,1.0,398,0.009312912624365146,0.18326391849061308,0.019738099945698195,0.0008989870123059518,0.0009852678386407256,1.4499492594777814e-06,True,200,474,475
MMF16_20,20,3,80,477,6,3,True,132,132,9,9,5,0.10744736455796433,0.10744735267661498,0.006267015912432286,0.006267021059244491,0.02883141586756427,0.030033236709778966,0.09254014222302942,0.05656160282342171,0.023514846602244656,0.023222527079568067,11.0,11,18.0,18,0.0,6,16.0,16,374,376,374.0,0.24,0.9953997712043055,1.0,398,0.015537948658512647,0.18484623636209963,0.03548361718310389,0.001447507104444412,0.001636304317758234,1.4251777746339182e-06,True,200,476,478
MMF16_20,20,3,81,483,2,3,True,135,137,8,8,2,0.14531228852741554,0.14531229589877814,0.0026587320511324286,0.0026587151418839827,0.027604665254845534,0.027604671730827493,0.1235597490503011,0.092388184855281,0.02123469188719504,0.021243065737230893,11.0,11,16.0,16,2.0,2,14.0,14,380,380,380.0,0.61,0.9977673252284652,1.0,398,0.012775702440717684,0.1836878426193373,0.03292337186496752,0.0009693429210528848,0.0010761079455465985,1.407609338490544e-06,True,200,482,483
MMF16_20,20,3,82,485,3,3,True,141,141,15,14,3,0.12559761152378623,0.12559760919338403,0.0002919691828616733,0.0002919829622537451,0.02240911806458726,0.034655488004914664,0.4543601188034603,0.44604339536454063,0.017619931201641847,0.016260981361693183,18.0,17,31.0,29,6.0,8,28.0,26,380,380,380.0,0.575,0.9987824924466255,1.0,398,0.011225421360160998,0.1855784487852261,0.024731663975103402,0.0009488276807019247,0.0010917253863272274,1.1644301898341055e-06,True,200,484,485
MMF16_20,20,3,83,488,9,3,True,136,137,26,27,6,0.1105888259318203,0.11058882518612921,0.001623797720057829,0.0016238079004929212,0.03401177199498654,0.031157675510044707,0.39840081032413055,0.47790730588894803,0.01244558311697134,0.012489152805379433,30.0,31,52.0,54,6.0,6,50.0,52,376,376,376.0,0.6,0.9992736514046622,1.0,398,0.018929378970188628,0.1868854366956852,0.03112144327860733,0.0009541774735168929,0.0011674716691370665,9.847884818792502e-07,True,200,487,488
MMF16_20,20,3,84,496,3,3,True,132,132,7,7,3,0.07647951419535363,0.0764795047113042,0.033813746915162333,0.03381374841177652,0.06517440479965941,0.06517439652077162,1.0000000000043094,0.9652629977654215,0.01607521941086641,0.016135705313391924,9.0,9,15.0,15,2.0,4,12.0,12,386,386,386.0,0.405,0.9940900523098789,1.0,398,0.0156844597189757,0.18415962302549088,0.16143940660009548,0.002705879998444516,0.003264832947145024,9.66484044202613e-07,True,200,495,497
MMF16_20,20,3,85,499,4,3,True,128,129,7,7,4,0.09068461926640783,0.09068462222010844,0.01220563586147494,0.012205609219903324,0.041667322991230105,0.04166732061334211,-0.24069363966218038,-0.23113209748589725,0.014084787055952515,0.01408489454630768,9.0,9,14.0,14,6.0,6,12.0,12,368,372,368.0,0.61,0.9952845178518784,1.0,398,0.01665824252050571,0.1830449067273195,0.03670318520278215,0.0009367320484443553,0.0011520021725982825,9.592561277419139e-07,True,200,498,499
MMF16_20,20,3,86,503,2,3,True,160,160,14,12,2,0.09990806514276176,0.09990805400402211,0.009677577518653802,0.009677573060779888,0.044133530819150224,0.04944958655691081,0.017014066398052474,0.24692649880762474,0.016172494064386457,0.01935996639534565,18.0,16,27.0,24,4.0,2,26.0,22,376,376,376.0,0.53,0.9987959288843501,1.0,398,0.011707675275242023,0.18370134886012435,0.010886370817388524,0.000929258668776356,0.001043745541863244,3.5248909156208904e-07,True,200,502,503
MMF16_20,20,3,87,505,3,3,True,141,141,20,21,3,0.07445179130110877,0.07445180265505377,0.0014416182966481284,0.001441603273323766,0.039853870521729236,0.03896936613213087,-0.030509937116604213,-0.10371616630618519,0.024744794172989616,0.020969402984711394,26.0,27,39.0,39,10.0,10,36.0,38,356,356,356.0,0.6,0.9994774242357729,1.0,398,0.012127717207950476,0.18350344053883585,0.02224363016443931,0.000852286820588688,0.0009542234083936128,3.511604531446896e-07,True,200,504,505
MMF16_20,20,3,88,508,6,3,True,147,149,12,11,5,0.09051330173205907,0.09051327733132164,0.002766030486642354,0.0027660238213373795,0.03409937044491419,0.033004962889332724,0.2796195829569439,0.2593035376667103,0.047419616399802494,0.04775035954737206,15.0,14,25.0,23,4.0,4,22.0,20,398,398,398.0,0.595,0.9989518281312655,1.0,398,0.00953061941330731,0.1817258041018161,0.03505112862285387,0.0009127870791303394,0.001055563895044916,3.3965736249545077e-07,True,200,507,508
MMF16_20,20,3,89,514,5,3,True,113,113,9,9,5,0.11591868946463314,0.11591867074340785,0.009149202763936548,0.009149204828554552,0.02123061063473687,0.02123061760747599,-2.899004922472534,-2.8254881485790975,0.021329204209337732,0.02132742267971821,11.0,11,19.0,19,0.0,0,16.0,16,362,362,362.0,0.655,0.9994507574622306,1.0,398,0.01637415000653574,0.18909591541987247,0.03695840204716205,0.0010922763445933015,0.0013870591647317774,3.3318816717622706e-07,True,200,513,514
MMF16_20,20,3,90,519,3,3,True,144,144,9,9,3,0.0663471357527659,0.06634713602871631,0.0007776918451096182,0.0007776932995872121,0.04105286697503529,0.04105287186650779,-0.18358443038666428,-0.18474647847870074,0.034706868408233914,0.034722669306617604,11.0,11,19.0,19,2.0,2,16.0,16,388,388,388.0,0.615,0.9987091908810936,1.0,398,0.015543257997191265,0.18378610063981565,0.021484837375396637,0.0012893744762436654,0.0016893377317003077,2.829056681103173e-07,True,200,518,519
MMF16_20,20,3,91,522,3,3,True,132,133,14,14,3,0.10848450597348763,0.10848452064700734,0.006879855157988639,0.0068798552534920935,0.044905262169767646,0.04490526339610368,0.6199706935248175,0.6329464285872746,0.026272227678605344,0.02626743575575574,18.0,18,29.0,29,2.0,2,26.0,26,380,380,380.0,0.595,0.9993495331615908,1.0,398,0.009867898071724413,0.18201109728920045,0.03248835141403106,0.0010886760355788283,0.001277629544670493,2.81149152285106e-07,True,200,521,522
MMF16_20,20,3,92,525,2,3,True,142,143,11,12,2,0.09702686891690032,0.09702687803081132,0.0,0.0,0.03311143778232961,0.03775657007544814,0.3615979733005936,0.35719628295100847,0.061762337354413256,0.05983220817741497,14.0,15,23.0,25,2.0,4,20.0,22,374,374,374.0,0.57,0.9993578396796001,1.0,398,0.010582477563842672,0.18355213795542286,0.024784203326476018,0.001257640901258128,0.0014778574061707123,2.7326424386902217e-07,True,200,524,525
MMF16_20,20,3,93,527,3,3,True,139,140,11,11,3,0.08451605723360898,0.08451608539715876,0.0017934232638446845,0.0017934036321913815,0.05874170044687456,0.05874169899541454,0.4512251980203863,0.43351926521063433,0.020628357288777974,0.02063741834300714,13.0,13,22.0,22,4.0,4,20.0,20,392,392,392.0,0.595,0.9992371822394649,1.0,398,0.009608226618972388,0.18298152833972567,0.020538566318577978,0.0010065675006671881,0.0012057077221048695,2.5588819100109024e-07,True,200,526,527
MMF16_20,20,3,94,530,3,3,True,124,125,13,13,3,0.1247081137878222,0.12470809165878238,0.0,0.0,0.027309926137249918,0.024185366758669002,0.11766833515009223,0.1176776507836621,0.02589734855232091,0.025892277569440125,15.0,15,26.0,27,4.0,4,24.0,24,360,360,360.0,0.66,0.9991106931437281,1.0,398,0.009053861527769025,0.18446203216062484,0.010949100928314692,0.000992877477813181,0.0010757307628064775,2.5415324581220756e-07,True,200,529,530
MMF16_20,20,3,95,533,2,3,True,132,132,13,14,2,0.08764821333005712,0.08764820634871417,0.0063154055077978555,0.006315404273945502,0.032111879086492316,0.03100765145137642,0.3106979935454297,0.259667617499872,0.019341885093325625,0.018157432695307563,17.0,18,25.0,26,6.0,6,22.0,24,378,378,378.0,0.61,0.9978350123476043,1.0,398,0.009290740825899705,0.18457922578726838,0.029921108089752124,0.000999896679786616,0.0010339795395940545,2.5259437904706233e-07,True,200,532,533
MMF16_20,20,3,96,535,4,3,True,139,141,18,17,3,0.08938030833741173,0.08938028446671242,0.0,0.0,0.014199429897861734,0.012809997004085577,0.6574851257762031,0.4388547396247304,0.03019840292912429,0.03143863945791736,22.0,21,37.0,35,6.0,8,32.0,30,350,350,350.0,0.565,0.9988174535332052,1.0,398,0.012866589054904445,0.18307864243890548,0.017606027934562007,0.001160303740789459,0.0012853126748025771,2.4811156241837034e-07,True,200,534,535
MMF16_20,20,3,97,539,3,3,True,123,122,13,13,3,0.09691539797291049,0.09691541249765678,0.0009166893930000475,0.000916690701469991,0.02679525236193164,0.026795263005215238,0.49904186287532815,0.476750249561519,0.03133287824999288,0.031332613826364764,15.0,15,25.0,25,4.0,4,24.0,24,352,352,352.0,0.68,0.9996427567533115,1.0,398,0.01028639378085733,0.18269647788670096,0.026705499889658313,0.001113408192679799,0.00131833032653227,2.4585017977453774e-07,True,200,538,539
MMF16_20,20,3,98,542,2,3,True,148,148,15,16,3,0.06623529987409818,0.06623530963232817,0.0,0.0,0.0358880053102868,0.03467670186243814,-0.03763108341255883,-0.07137899365443445,0.03697836846675821,0.03531017008144133,17.0,18,28.0,29,8.0,6,26.0,28,376,376,376.0,0.6,0.9992921508792084,1.0,398,0.009221733371486683,0.1825188835837836,0.01622553747938582,0.0008216613467197931,0.0009705383120443326,2.3753061388085189e-07,True,200,541,542
MMF16_20,20,3,99,544,2,3,True,146,146,9,10,2,0.11464063523602022,0.114640628047214,0.012063810879747838,0.012063796407388416,0.05430187137707626,0.04660033149906418,0.4549614069394865,0.3188910978351487,0.02338478813628514,0.021983327201585467,11.0,12,19.0,21,2.0,0,16.0,18,386,386,386.0,0.615,0.9978641561230427,1.0,398,0.009478145353724435,0.18377916021197077,0.01660832298830428,0.0008779310149975572,0.0009658545400099248,2.3191182844167808e-07,True,200,543,544
MMF16_20,20,3,100,546,3,3,True,134,134,13,13,3,0.0880386160656559,0.08803861831877306,0.0009621569451741807,0.0009621463814465103,0.041296617276939604,0.04129659911288908,-0.32354248846277933,-0.29918439536231745,0.02980879099952089,0.029809392244793287,17.0,17,26.0,26,2.0,0,24.0,24,380,380,380.0,0.635,0.99920501886438,1.0,398,0.011385480127785215,0.18480726062449568,0.017264846355828922,0.0008209505549530149,0.0010562378750854113,2.293307762845709e-07,True,200,545,546
MMF16_20,20,3,101,549,3,3,True,146,150,12,12,3,0.07654845296120019,0.07654846215705756,0.00584695688421677,0.005846946476313397,0.05053894346811466,0.050229658040091205,0.7846632311146982,0.7805969488454139,0.020225970046102174,0.020225359476359728,14.0,14,25.0,25,2.0,4,22.0,22,374,374,374.0,0.655,0.9990882335096272,1.0,398,0.00901642315102448,0.18354030321734138,0.013416081700938776,0.0009138790935026009,0.0010436321162660884,2.14459839459595e-07,True,200,548,549
MMF16_20,20,3,102,552,3,3,True,132,132,19,18,3,0.07954538370276454,0.07954537923005311,0.0,0.0,0.028739079168587534,0.03093434399740966,0.16567294979275804,0.04049218939326238,0.02014262579017081,0.0201384914479803,21.0,20,39.0,37,4.0,4,36.0,34,356,356,356.0,0.655,0.9992322327783127,1.0,398,0.011345261345449865,0.1832346890098711,0.01754967251611106,0.0007147415933559387,0.0008016013676000576,2.1263499986733918e-07,True,200,551,552
MMF16_20,20,3,103,555,3,3,True,138,138,9,9,3,0.10469580637672837,0.1046958185466269,0.021013817676963337,0.02101381621085825,0.05933032825503237,0.05933034180908543,0.9999999999923217,1.000000000005457,0.020686955458944112,0.020692528087430162,11.0,11,18.0,18,6.0,6,16.0,16,360,360,360.0,0.5,0.9986072154850605,1.0,398,0.010544765897985692,0.18355937460688426,0.011847253679320602,0.0008168895395783693,0.0009331136086093723,2.10349684930802e-07,True,200,554,555
MMF16_20,20,3,104,558,5,3,True,148,148,14,14,5,0.0695352808937883,0.0695352825977494,0.010872171515846758,0.010872157531921604,0.0426802342790998,0.042680238373711335,0.315567423936713,0.31326044939578424,0.016254594589080757,0.016251503340715345,18.0,18,27.0,27,4.0,4,26.0,26,362,362,362.0,0.65,0.9995974727941969,1.0,398,0.008627650105166996,0.18350341123443364,0.014333626740835825,0.0008453782788251374,0.0009076118607914709,2.0914737918691017e-07,True,200,557,558
MMF16_20,20,3,105,563,4,3,True,131,133,10,10,4,0.09120079890331019,0.09120078996389781,0.0008559844506206837,0.0008559867134824151,0.027242918916823188,0.027242926652320996,-0.04139501168752968,-0.030997716175079404,0.029002040210306754,0.029011257329763396,14.0,14,19.0,19,8.0,8,18.0,18,368,368,368.0,0.64,0.9991780872950563,1.0,398,0.008639462059414517,0.18307937326889773,0.014837726226915038,0.0008951939901180594,0.0010478285481846789,2.0721575159724774e-07,True,200,562,563
MMF16_20,20,3,106,567,3,3,True,161,161,9,9,3,0.07658567324087669,0.0765856603429702,0.009099853269528335,0.00909987238686849,0.04062648681274485,0.0406264769552962,0.8704869802256621,0.8550283361710171,0.0170549921509079,0.01705848541284638,11.0,11,18.0,18,8.0,8,16.0,16,388,388,388.0,0.605,0.9993611799499502,1.0,398,0.010209122463056983,0.1839405190137875,0.01679662371066115,0.0007397085462912401,0.0007860334897458389,7.900852936297121e-08,True,200,566,567
MMF16_20,20,3,107,570,5,3,True,145,146,15,15,4,0.07382422879874108,0.07382423390030558,0.010978352434334336,0.010978346959103578,0.03596144701907107,0.03408239581866683,0.584892992523165,0.567907399195974,0.01873173412057074,0.025775413970919203,19.0,20,30.0,30,6.0,2,28.0,28,376,376,376.0,0.605,0.9994018591766176,1.0,398,0.009572054371914041,0.1836646806081647,0.02040011619510551,0.0009473418144807511,0.0010869647795798826,7.859755427793648e-08,True,200,569,570
MMF16_20,20,3,108,575,6,3,True,144,144,14,14,6,0.08382891694656014,0.08382891126217129,0.0037027419451987897,0.0037027415147095205,0.04582106455865204,0.04582107238707754,0.461921221429499,0.45854972064080357,0.024491224499561585,0.024492331741079454,18.0,17,28.0,28,2.0,2,26.0,26,368,368,368.0,0.59,0.9988553287325976,1.0,398,0.009858982925917432,0.18269979122751964,0.01220671436988141,0.0007140581350881803,0.0008235045951235754,7.788222982277001e-08,True,200,574,575
MMF16_20,20,3,109,581,3,3,True,129,130,20,19,3,0.08070497935907185,0.08070498278509491,0.0024168208757404663,0.0024168454389179583,0.021529211064541476,0.023875050037048262,0.7395913079919394,0.7430911668670888,0.021607787641857865,0.02132320993143111,24.0,23,39.0,38,4.0,4,38.0,36,366,366,366.0,0.575,0.9987247870734941,1.0,398,0.011783089081399165,0.18360167185184578,0.015092816138690068,0.000843899851417973,0.0009490522032763628,7.042053667114889e-08,True,200,580,581
MMF16_20,20,3,110,584,2,3,True,125,126,8,9,2,0.09753492307240255,0.0975349330877696,0.04060546975864376,0.039894218183317176,0.051832800371567636,0.047613669103530334,0.34323319840447386,0.3194960543060006,0.01791965085231278,0.017273172147170612,10.0,11,16.0,18,2.0,2,14.0,16,358,358,358.0,0.56,0.9986907008336681,1.0,398,0.013200818861775585,0.1807898813925083,0.020223343208726874,0.0007191956593146642,0.0007910624797812331,6.995137169569227e-08,True,200,583,584
MMF16_20,20,3,111,586,3,3,True,151,152,11,12,3,0.08218777399679958,0.08218776425878144,0.011955795880181799,0.011955822417058273,0.04109369714487554,0.0375521212029287,0.39386685823705214,0.29660713062366995,0.01991342950695048,0.01915979588167005,13.0,14,22.0,24,8.0,10,20.0,22,370,370,370.0,0.57,0.9975693821937914,1.0,398,0.012234228311865832,0.18463405060251525,0.01960123844401096,0.0006121231812699079,0.0006949478251139769,6.968430985125079e-08,True,200,585,586
MMF16_20,20,3,112,589,5,3,True,138,139,11,11,5,0.09473208679793288,0.09473208819518415,0.0009335544884636615,0.000933545192982832,0.0453647747527823,0.04536477675308925,-0.08968183897332693,-0.10132930738473078,0.01638597536866667,0.016384517415218625,14.0,13,23.0,23,6.0,6,20.0,20,378,380,378.0,0.505,0.9986675428596816,1.0,398,0.015909772563862317,0.1841493622337853,0.01263588627352874,0.0007281960939735654,0.0008209819881040958,6.777798006843815e-08,True,200,588,589
MMF16_20,20,3,113,593,3,3,True,136,137,10,10,3,0.06473693846648068,0.06473693796039717,0.019165291190929107,0.019165287645823398,0.05273879877073011,0.04988752594836236,0.04119706757570896,0.08246410695392115,0.015190786860026461,0.015191097515426577,12.0,12,20.0,20,2.0,2,18.0,18,356,348,356.0,0.36,0.9864581163125572,1.0,398,0.022291112907732058,0.18350343037937528,0.09868458158052817,0.002386369114731224,0.0026095062455016686,6.730026423750152e-08,True,200,592,594
MMF16_20,20,3,114,596,2,3,True,125,125,6,6,2,0.07280952479826042,0.07280955935264644,0.01182213992851866,0.011822143068712765,0.04374733874602309,0.043747335559749814,0.631322500532284,0.6261771252466133,0.027300539443272903,0.02729693671700062,9.0,9,13.0,13,4.0,4,10.0,10,366,366,366.0,0.56,0.9982005453642551,1.0,398,0.011517902016152657,0.18150883508274213,0.018731183438603694,0.0009585922064161423,0.0011038078108399866,6.693916703647206e-08,True,200,595,596
MMF16_20,20,3,115,598,3,3,True,143,145,7,7,3,0.11067459797281848,0.11067458985178377,0.041956408717701316,0.04195640859223787,0.06797149847139655,0.06797150199095443,0.4529877771383175,0.43007139308247133,0.011323794127629001,0.011322371012184362,9.0,9,15.0,15,4.0,4,12.0,12,362,360,362.0,0.635,0.9989149006948554,1.0,398,0.011004937201735763,0.18351746454332157,0.01468849522484561,0.0008819244272331161,0.0010167324655089172,6.671581344344385e-08,True,200,597,598
MMF16_20,20,3,116,601,5,3,True,140,142,18,17,4,0.0836035415579633,0.08360356623530316,0.0,0.0,0.024290855966125346,0.024090840615718645,0.3477804155765032,0.33900301674293587,0.028517932324209423,0.02949540677182938,22.0,21,36.0,34,10.0,12,32.0,30,370,370,370.0,0.53,0.9993623491173287,1.0,398,0.014123836441321551,0.18218771652824825,0.009330799811095858,0.0007911571693739461,0.0008828288189688776,6.637276239674252e-08,True,200,600,601
MMF16_20,20,3,117,606,2,3,True,138,138,8,8,2,0.08668046586718706,0.08668047667797797,0.04465116895397797,0.044651165771067355,0.06915765383926041,0.0691576566598748,-2.036765331028035,-2.0374263734647684,0.022550311613899764,0.022553999614167708,10.0,10,17.0,17,2.0,2,14.0,14,384,384,384.0,0.62,0.9974570209307153,1.0,398,0.01904718362668339,0.18085502896252562,0.016324975024645028,0.000578479716352831,0.000669163021305762,6.444095588573551e-08,True,200,605,606
MMF16_20,20,3,118,608,7,3,True,142,143,19,21,6,0.12083124725060393,0.12083125123118423,0.0016781091306800056,0.0,0.04591896955037577,0.042082291419066054,-0.26255598111090794,-0.40123508911710815,0.02723039921707359,0.025793459201963742,23.0,25,39.0,43,4.0,4,36.0,40,352,352,352.0,0.475,0.9942837727906036,1.0,398,0.019751674218531023,0.1835034366850593,0.02972689392254324,0.0008149767637632976,0.0009213316163645711,6.38675301912003e-08,True,200,607,608
MMF16_20,20,3,119,615,3,3,True,144,144,8,11,4,0.13985636494460113,0.1398563626977007,0.002573613688649279,0.0025736457136869006,0.021332766376875645,0.019740461754364724,-0.006066592543309213,0.002705306284042308,0.03150508718159459,0.031101140614225642,10.0,13,16.0,22,6.0,6,14.0,20,392,392,392.0,0.57,0.9979935384356879,1.0,398,0.01566214220689036,0.1836388491965465,0.017978725299371945,0.0006962284650740003,0.0008186411377768643,5.989687579262771e-08,True,200,614,615
MMF4,2,2,1,21,2,3,True,32,32,2,2,2,0.07101395617269768,0.07101393668752576,0.023389475399352766,0.023389469980956812,0.04720171578602522,0.047201703334241285,-4.231927981668935,-4.1869801663949655,0.27200907112027783,0.2724958679977219,4.0,4,5.0,5,2.0,2,2.0,2,66,66,66.0,1.0,1.0,1.0,82,0.0028797225533248078,0.18559330121370657,0.02428579746037407,0.0007287224143318477,0.0009595738160868417,1.2162561147627313e-05,True,42,20,21
MMF4,2,2,2,23,2,3,True,35,35,4,4,2,0.05994078438185568,0.05994079158391643,0.0022158345668814583,0.0022158346501711668,0.005391056926473792,0.005391057016382095,-1.1571324062381136,-1.165384365023706,0.06553728629791569,0.0654670842227457,6.0,6,9.0,9,2.0,2,6.0,6,80,80,80.0,1.0,1.0,1.0,82,0.002668772583281738,0.18355790983687498,0.005266030801546778,0.0006584270952672,0.000962536866361427,5.04637212227555e-06,True,42,22,23
MMF4,2,2,3,25,4,3,True,40,40,8,8,4,0.010854734074136951,0.010854764085814206,0.0,0.0,0.0070230272892687,0.0070230366985449474,-0.22235875090046653,-0.22073469289704925,0.043023385060830394,0.04304273279571474,9.0,9,16.0,16,2.0,2,14.0,14,76,76,76.0,1.0,1.0,1.0,82,0.00605998566579615,0.18350802442642167,0.0020399886210795692,0.00040340919109081025,0.001545557125404074,4.469320354439406e-06,True,42,24,25
MMF4,2,2,4,29,3,3,True,36,36,7,7,3,0.03860825122388767,0.03860825260529738,0.008241347770206908,0.008241340277066356,0.012701126524247102,0.01270111975183243,-0.5244784943717038,-0.5240551684280895,0.04198466977508362,0.04198770135000262,10.0,10,15.0,15,4.0,4,12.0,12,80,80,80.0,1.0,1.0,1.0,82,0.0006336918061630802,0.18328701314165596,0.004333252399763232,0.00018865411179636027,0.0002629803378100558,1.224908658680255e-09,True,42,28,29
MMF4,2,2,5,32,2,3,True,33,33,8,8,2,0.011537475108827189,0.011537474596841069,0.0013008975384439792,0.0013009130745956776,0.004718433080313739,0.00471844749171528,-3.883244924259998,-3.8837552335541603,0.08882665153382412,0.08882452111279682,12.0,12,17.0,17,4.0,4,14.0,14,74,74,74.0,1.0,1.0,1.0,82,0.00020600890380097556,0.18340367683472936,0.012721321669257435,0.00011380596319771757,0.00014085724089627898,1.0318586924395355e-09,True,42,31,32
MMF4,2,2,6,34,3,3,True,36,36,5,5,3,0.0679368025939589,0.06793679488649153,0.029757792283366356,0.029757795034829657,0.06108629204622856,0.06108629090875117,13.489268117247988,13.497292328169406,-0.061005602246987325,-0.06097111316844232,7.0,7,11.0,11,0.0,0,8.0,8,78,78,78.0,0.9523809523809523,0.999830757696214,1.0,82,0.0003351255836389178,0.18336541131969436,0.023407230400525947,0.00024066477439373124,0.00039734190229814804,7.973510490779357e-10,True,42,33,34
MMF4,2,2,7,37,4,3,True,40,40,16,16,4,0.06819347750852045,0.06819348253397706,0.0,0.0,0.0134979592302754,0.013497952154350484,1.3811890365229398,1.3816781187765221,0.04322768169942362,0.04323419941755312,18.0,18,31.0,31,6.0,6,30.0,30,78,78,78.0,1.0,1.0,1.0,82,0.00034049635284069056,0.18322540496419387,0.004551381343127936,0.0002387159552501572,0.0004663005559581422,5.101004603920626e-10,True,42,36,37
MMF4,2,2,8,41,6,3,True,38,38,20,20,6,0.030543573700350823,0.03054358272461488,0.0,0.0,0.009261905059233133,0.009261899752877278,-17.6313790169499,-17.622063750233313,0.01962256824612489,0.019653131305652723,24.0,24,42.0,42,6.0,6,38.0,38,82,82,82.0,1.0,1.0,1.0,82,0.0005287028805824656,0.18393510316657768,0.006950651756188364,0.0009956458237113108,0.0011027773913514615,4.286750814002708e-10,True,42,40,41
MMF4,2,2,9,46,8,3,True,26,26,14,15,7,0.06277940495997053,0.06277941497404316,0.0,0.0,0.019718116527770224,0.02211828643585556,19.275031632132016,12.395472780767825,0.04510570936771344,0.03915463257783734,17.0,18,30.0,32,4.0,6,26.0,28,82,80,82.0,0.07142857142857142,0.9045048002091495,1.0,82,0.3733438404977184,0.48699726576438035,0.19329148064425283,0.0016282548179294976,0.0012269457528098742,1.3575262966640703e-10,True,42,45,47
MMF4,2,2,10,54,1,2,False,37,37,1,1,1,0.08059055526801345,0.08059054965465126,0.08059055526801345,0.08059054965465126,0.08059055526801345,0.08059054965465126,-21.04550133369587,-21.044692085239806,0.15589923391417254,0.15590231315827532,,3,,3,,0,,0,78,78,78.0,1.0,1.0,1.0,82,1.4217827541379941e-05,0.18351062236556437,0.00029198302585431435,3.6623622759746066e-05,7.603009610591067e-05,4.587009075670743e-12,True,42,53,54
MMF4,2,2,11,55,3,3,True,32,32,15,15,3,0.04270911888388093,0.04270911707407232,0.0,0.0,0.01487520486281417,0.014875212524944989,-0.00289100191809899,-0.00291005640526392,-0.014220011906645184,-0.01422018317843659,18.0,18,32.0,32,6.0,6,28.0,28,82,82,82.0,1.0,0.9999999999999999,1.0,82,2.258289283845792e-05,0.1835104548190214,0.0007736146136476663,1.5253598244502342e-05,3.2676474948669576e-05,4.496348659942893e-12,True,42,54,55
WFG1,22,2,1,241,4,3,True,136,138,26,27,4,0.015828418527992494,0.01582801986753629,0.0,0.0,0.008092758572955003,0.008052710120659029,0.3872548551061108,0.36210417698146546,0.05320749250775453,0.05487309209962435,32.0,33,54.0,57,4.0,2,48.0,50,354,356,354.0,0.515,0.9992049862524285,1.0,398,0.01954635677320398,0.1878917010426752,0.05290018527370188,0.004965240033785623,0.0025015015854891157,0.001000376798365414,True,200,240,241
WFG1,22,2,2,245,6,3,True,139,146,27,27,5,0.014658473661483706,0.014658077535425001,0.0,0.0,0.0047307388518967874,0.004550845854350449,0.6857550393250555,0.7390520344321557,0.041007961379403615,0.040999740705452765,30.0,30,56.0,56,4.0,6,52.0,52,352,352,352.0,0.58,0.9984300441462755,1.0,398,0.015968838434273623,0.18811319841478755,0.043797893836588386,0.004049701210264489,0.0020401129512075,0.00019611007596988866,True,200,244,245
WFG1,22,2,3,251,4,3,True,135,134,22,22,4,0.026010207457203283,0.026010816651923063,0.0,0.0,0.003863647477415023,0.003863414837269637,0.7311799621815149,0.7119238393849747,0.05273121312652752,0.05272991270713801,26.0,26,44.0,44,2.0,2,42.0,42,352,352,352.0,0.555,0.9987073818983362,1.0,398,0.007974075111914301,0.1835034697667241,0.03871115566029282,0.0017853930209650315,0.0008995015809817057,9.159116573003392e-05,True,200,250,251
WFG1,22,2,4,255,3,3,True,125,133,27,25,5,0.015931302138342877,0.01593134935690338,0.0,0.0,0.006394993974082157,0.006161813965937228,0.7049559318595575,0.6381183248291293,0.039753318669857686,0.044024339418865015,29.0,27,55.0,51,10.0,8,52.0,48,392,392,392.0,0.61,0.9983950505004334,1.0,398,0.0041597044340342905,0.1837214362907243,0.03943864611256043,0.0009361161519438888,0.0004658779164638758,2.372825888970605e-05,True,200,254,255
WFG1,22,2,5,258,7,3,True,147,147,31,31,7,0.014243793962391865,0.01424357049861924,0.000629610399026842,0.000629604677897383,0.007403220488387485,0.007403815330519925,0.6403922262733408,0.6381776265699833,0.019429215872072084,0.019427748276843168,35.0,35,62.0,62,2.0,2,58.0,58,396,396,396.0,0.695,0.9995760063305922,1.0,398,0.01032774025379165,0.1878243789455799,0.02338491367903739,0.0017128359755278488,0.0008530693130596921,2.350602056266357e-05,True,200,257,258
WFG1,22,2,6,265,5,3,True,143,143,20,21,3,0.015252264271683413,0.01525212145984034,0.0,0.0,0.006590557913034464,0.006879852714322454,0.8191410057883708,0.815143764983245,0.1903272502705801,0.18264977208941968,23.0,24,40.0,42,6.0,6,38.0,40,394,394,394.0,0.58,0.9993939893422431,1.0,398,0.003732391655017396,0.18651947000211616,0.008220879778239265,0.0007974070300916791,0.000379844340323105,1.8735029715890643e-05,True,200,264,265
WFG1,22,2,7,270,4,3,True,166,166,14,14,4,0.018112234967221252,0.018112247549584293,0.0,0.0,0.006107841662750302,0.00610784651171925,0.2671466660021533,0.262805042148078,1.2241849353046084,1.2241824736874607,16.0,16,29.0,29,6.0,6,24.0,24,390,390,390.0,0.665,0.9998208776335918,1.0,398,0.0037640828684654152,0.1846852860063128,0.013715588514544574,0.001623829350527517,0.0007752546192126705,2.906917970966494e-06,True,200,269,270
WFG1,22,2,8,274,2,3,True,161,161,5,5,2,0.016454309648705423,0.01645433967994614,0.00015240023594401478,0.0001524035179525686,0.006344086681952479,0.006344097118153855,-1.9786881689122868,-1.9790014240509564,0.05953435445749729,0.0595344888045933,7.0,7,10.0,10,2.0,2,8.0,8,388,388,388.0,0.86,0.9999343052228824,1.0,398,0.005734574802920206,0.18447151971770603,0.011677065226710859,0.0006932349191908216,0.0003296817210961918,2.547844529400403e-06,True,200,273,274
WFG1,22,2,9,276,2,3,True,151,151,5,5,2,0.02377649597474779,0.023776493400102627,0.0,0.0,0.010186042460842822,0.010186042830422458,-0.10677291485847107,-0.10696783848105114,0.02717116627578177,0.027171074550077588,7.0,7,11.0,11,4.0,4,8.0,8,392,392,392.0,0.815,0.9999109493908043,1.0,398,0.002114793258484235,0.1836957222733094,0.011050360885684007,0.000506925990190199,0.00024200223032473737,2.217260624375605e-06,True,200,275,276
WFG1,22,2,10,278,4,3,True,149,149,8,8,4,0.030418572152731374,0.030418581075925124,0.0013039470638189776,0.0013038385377975859,0.014916987594394582,0.014917021846236056,-0.22859905890367216,-0.22475706985894364,0.015051435560694233,0.015051163442854943,11.0,11,17.0,17,2.0,2,14.0,14,398,398,398.0,0.81,0.9999188524080945,1.0,398,0.0047737315008100824,0.18567894470047747,0.012510989894916946,0.0008284734755801271,0.00039447673394133934,2.055920432719164e-06,True,200,277,278
WFG1,22,2,11,282,2,3,True,152,152,14,14,4,0.013881317015986827,0.013881318413996549,0.00018323698081609135,0.00018323751306541583,0.006542784273843583,0.006542778784669412,-0.10698127831356352,-0.05787555845348134,0.002342669602784196,0.004357385168409412,16.0,16,29.0,29,6.0,6,26.0,26,382,382,382.0,0.81,0.9999317435092762,1.0,398,0.003628671077372429,0.18523956301165145,0.01781042099691188,0.0014169593056040375,0.0006708927855747351,1.9510814714759576e-06,True,200,281,282
WFG1,22,2,12,284,3,3,True,140,140,19,19,3,0.01967561537795104,0.019675653895914635,1.5986108012622235e-05,1.595095447859407e-05,0.0074714240274045,0.007471425634708234,0.3910146527538858,0.38433714601399915,0.0011579410547485304,0.0011578570557973875,22.0,22,39.0,39,8.0,8,36.0,36,398,398,398.0,0.875,0.9999601717289045,1.0,398,0.0025252063213173684,0.18490130389533327,0.009725633215920793,0.000796457528317418,0.00037645316853547785,1.9377808565469575e-06,True,200,283,284
WFG1,22,2,13,287,2,3,True,164,164,4,4,2,0.015584185193084243,0.01558418448448562,0.0029747595403005755,0.0029747942308544495,0.013132339767424636,0.013132336769287599,-1.6917438132413327,-1.6911997951192559,0.03391267034018418,0.03391267681925413,6.0,6,9.0,9,2.0,2,6.0,6,370,370,370.0,0.86,0.9999349477522862,1.0,398,0.004265351079281305,0.1862177999153577,0.007823496541340624,0.0008771602480655005,0.00041619456742238235,1.8411689329985104e-06,True,200,286,287
WFG1,22,2,14,289,5,3,True,143,143,14,14,5,0.023421908376427776,0.02342190931245877,0.0015100003669246131,0.001509983232637846,0.006298057634687049,0.006298038118562381,0.3861706771003721,0.38277852546995306,0.0015747303843120105,0.0015746432059719527,16.0,16,27.0,27,6.0,6,26.0,26,390,390,390.0,0.91,0.9999608310742742,1.0,398,0.00358531353359374,0.18610160030612927,0.008436459180741762,0.0010167500050926037,0.00048115701449565404,1.6454567354642029e-06,True,200,288,289
WFG1,22,2,15,294,4,3,True,154,154,13,13,4,0.014411362708251052,0.014411358839265455,0.0,0.0,0.0074472745251576156,0.0074472907824192774,0.6746328131389312,0.6743914278807432,0.00403462354645528,0.0040345286171806745,15.0,15,27.0,27,6.0,6,24.0,24,390,390,390.0,0.945,0.9999730839950846,1.0,398,0.0012417678136951182,0.184348505254861,0.010924759572971787,0.0005052757227096416,0.0002391467892367624,1.624261338730935e-06,True,200,293,294
WFG1,22,2,16,298,5,3,True,167,167,9,9,5,0.020458504010377444,0.020458502100153098,0.0035662554292965193,0.0035662558668043687,0.00873858916119423,0.008738590654721476,-0.12995801846850963,-0.1302194248395858,0.00960880595106974,0.009608947547537725,11.0,11,18.0,18,2.0,2,16.0,16,382,382,382.0,0.91,0.9999580309684,1.0,398,0.0023659237261840597,0.18503898672561842,0.012247676113400496,0.0006909105685510841,0.00032458255564174487,1.4381268040656676e-06,True,200,297,298
WFG1,22,2,17,303,2,3,True,161,161,4,4,2,0.07658859886103557,0.07658859959091795,0.0,0.0,0.0016074782643504815,0.0016074871456836504,-1.3933332354101982,-1.3929381862171402,0.015106907046760262,0.0151069155921531,6.0,6,10.0,10,2.0,2,6.0,6,384,384,384.0,0.86,0.9999485234568243,1.0,398,0.0025016595662033236,0.185341817799338,0.01919215094426452,0.0009369749911219971,0.00044117150284054695,1.4214524682305645e-06,True,200,302,303
WFG1,22,2,18,305,4,3,True,164,164,6,6,4,0.012799278842879097,0.012799273811009981,0.0008103968449885146,0.0008104116004972184,0.007896783394552076,0.007896791804659978,0.46550753073610807,0.4649722062821875,0.007440801911225563,0.0074407479572126825,8.0,8,13.0,13,2.0,2,10.0,10,388,388,388.0,0.94,0.9999838492219008,1.0,398,0.0007321272306840106,0.1835770239457456,0.005855139401042209,0.00031196782669007384,0.00014736636397889768,1.3030898544243566e-06,True,200,304,305
WFG1,22,2,19,309,3,3,True,158,158,14,14,3,0.020395139747042566,0.020395141429952707,0.0023561998670260653,0.0023562088994220076,0.006487001749559906,0.006487043394868053,0.7558332998280743,0.7558676841714045,0.0034985599542339983,0.0034985946868255403,17.0,17,26.0,26,10.0,10,24.0,24,394,394,394.0,0.855,0.9999313844449745,1.0,398,0.0010805147210721654,0.18413887581867394,0.013965609974806448,0.0005034547056750327,0.0002377067057407699,1.2893199666560322e-06,True,200,308,309
WFG1,22,2,20,312,3,3,True,158,158,18,18,3,0.04652444196954161,0.04652442560839927,0.0015609824648620263,0.00156099119845865,0.007876289260129218,0.007876312939562966,0.5766281317761655,0.5774806887903574,0.0022059140796501526,0.0022059289360114895,21.0,21,37.0,37,8.0,8,32.0,32,394,394,394.0,0.82,0.999900259660087,1.0,398,0.0025952293579536386,0.18469821389242355,0.009407378687619206,0.0006838607031842692,0.00032304497024834443,1.2816095150685079e-06,True,200,311,312
WFG1,22,2,21,315,2,3,True,158,158,14,14,2,0.014252222412202975,0.014252219578248515,0.00021948461916032613,0.00021950371943357805,0.007625165379731916,0.007625167684968334,0.6355619989408048,0.6350920719572813,0.002776034519676788,0.002776230953644276,16.0,16,28.0,28,2.0,2,24.0,24,378,378,378.0,0.895,0.9999382978621498,1.0,398,0.0017912351090615566,0.18378180893977272,0.013215928013509348,0.0006454088187707319,0.00030454235917930255,1.2740383135970407e-06,True,200,314,315
WFG1,22,2,22,317,4,3,True,155,155,12,12,4,0.02329820265590446,0.023298203630538486,0.0010547615749664785,0.0010547812909509346,0.005373257725633851,0.005373296163560193,0.7394515916330056,0.7388543219715102,0.0020354595828600873,0.0020355226532344428,15.0,15,24.0,24,2.0,2,22.0,22,392,392,392.0,0.885,0.9999638274272601,1.0,398,0.0007381187584743623,0.1835459127998503,0.008589498671234708,0.0003526926967175603,0.00016678692714786034,1.269004199198332e-06,True,200,316,317
WFG1,22,2,23,321,3,3,True,170,170,12,12,3,0.02509613048861656,0.025096139548354386,0.0,0.0,0.006326600947939081,0.006326589418723976,-1.107779437504087,-1.1018859428186154,0.013763514504955483,0.013763811983580516,14.0,14,25.0,25,2.0,2,22.0,22,388,388,388.0,0.81,0.9999357809307261,1.0,398,0.004388183038872264,0.18617718188241084,0.02289599309622181,0.0011676511050870975,0.00054049626724354,1.0601029808128328e-06,True,200,320,321
WFG1,22,2,24,324,2,3,True,165,165,3,3,2,0.031168944555094044,0.03116894611674914,0.005406094102028441,0.005406095245202497,0.012189747913606268,0.012189746624305053,-0.07126564765794008,-0.07172324607704894,0.01042387098985661,0.010423836157043204,5.0,5,7.0,7,0.0,0,4.0,4,392,392,392.0,0.84,0.9999414005760523,1.0,398,0.0022595915844969283,0.18473813189430563,0.010262362741453535,0.0005598622276228316,0.0002644931246214049,1.0157377217352716e-06,True,200,323,324
WFG1,22,2,25,326,3,3,True,167,168,12,12,3,0.08141501417727996,0.08141501092139439,0.0,0.0,0.007533715798672205,0.007533713497814693,0.3842536743602665,0.38502565493800134,0.011379610145967237,0.011379626796085313,13.0,13,25.0,25,2.0,2,22.0,22,398,398,398.0,0.865,0.9999338337339185,1.0,398,0.0020210716579175166,0.18389807373524103,0.015178036386880756,0.0005396913508146639,0.0002538885674681074,9.869896422625696e-07,True,200,325,326
WFG1,22,2,26,329,2,3,True,166,166,5,5,2,0.06859466430614898,0.06859465867871545,0.0018353307340126523,0.001835323010903056,0.007527259233651204,0.0075272582758397905,0.5184719860644904,0.5176728734644342,0.005288073178746871,0.005288046010799464,7.0,7,11.0,11,2.0,2,8.0,8,372,372,372.0,0.915,0.9999468196993877,1.0,398,0.0015777535426866373,0.18439184517572482,0.02074688909480127,0.0005795275176789794,0.00027417289104423903,9.407513027497377e-07,True,200,328,329
WFG1,22,2,27,331,3,3,True,165,165,5,5,3,0.023762486578943212,0.023762484376063417,0.000836240993707299,0.0008362244663001894,0.012313759645664613,0.012313720088337643,-0.026721282324920992,-0.034321379405490404,0.004806096634887725,0.004805677191874659,7.0,7,11.0,11,2.0,2,8.0,8,362,362,362.0,0.875,0.9999111983067049,1.0,398,0.0011142652189283803,0.18352586324922787,0.011684122042751266,0.00043219061151833493,0.00020351464302962615,8.93435459848187e-07,True,200,330,331
WFG1,22,2,28,334,3,3,True,159,159,5,5,3,0.03037822843506155,0.030378218074647467,0.004070764371346458,0.004070777469420195,0.011125216281436923,0.011125202766106068,-0.9843974360594627,-0.9808988152060181,0.005594047303111855,0.005594010110335395,7.0,7,10.0,10,2.0,2,8.0,8,384,384,384.0,0.885,0.9999642735506623,1.0,398,0.0020052348875661224,0.18431799344061683,0.01183195999074882,0.0006319081286618733,0.0002989154947219228,8.783209065653766e-07,True,200,333,334
WFG1,22,2,29,336,4,3,True,163,163,13,13,4,0.013785999061707799,0.013785974431521075,0.0006126110287184572,0.003391280952176945,0.006049537459875798,0.006090921119410425,1.0000000000031255,1.0520188870646905,0.003468220560709736,0.0035018131874512554,15.0,15,27.0,27,4.0,6,24.0,24,368,372,368.0,0.3,0.9984131914357782,1.0,398,0.008116789771999958,0.18136355798166415,0.09096405469116675,0.013184295843109206,0.0062180578196982085,8.735435802646881e-07,True,200,335,337
WFG1,22,2,30,340,3,3,True,164,164,16,16,3,0.01587185902390373,0.01587185983478985,0.0005460115305919722,0.0005459919773659616,0.0052473167812198684,0.005247264188578793,0.8328409436335233,0.8344381723523995,0.0015970065148437048,0.0015970602095964192,21.0,21,31.0,31,6.0,6,28.0,28,376,376,376.0,0.93,0.9999748947136265,1.0,398,0.001004787877145048,0.18342102634905222,0.005901320308908664,0.00036759347625325844,0.00017323192600415948,8.623316988368181e-07,True,200,339,340
WFG1,22,2,31,343,4,3,True,170,170,22,22,4,0.01440881757876658,0.01440882868820903,0.00021234191846125627,0.00021234893923466336,0.0063826568818975415,0.006382688191628849,1.0108408110266645,1.012387241830858,0.00243019038758226,0.0024301421916778036,27.0,27,43.0,43,2.0,2,42.0,42,384,384,384.0,0.915,0.9999789872014725,1.0,398,0.0010219846950343336,0.18380677139481155,0.011746691681455923,0.00039123516077221865,0.00018446259149707323,8.482833762413407e-07,True,200,342,343
WFG1,22,2,32,347,2,3,True,160,160,11,11,2,0.030418575395096726,0.03041859924105746,0.0006736792743738257,0.0006736790747724486,0.007817128452498844,0.007817128753224635,1.0031259246098188,1.003544854840186,0.0021768480875624294,0.002176930956079591,15.0,15,23.0,23,6.0,6,20.0,20,394,394,394.0,0.895,0.9999655671494379,1.0,398,0.0009638381732348558,0.18363733286263395,0.011360392050101531,0.000554737576630604,0.00026072039616156144,8.157080516538282e-07,True,200,346,347
WFG1,22,2,33,349,3,3,True,182,182,18,18,3,0.01857514301632394,0.01857513332511495,5.750679617777532e-06,5.7522199031767585e-06,0.006097547348371007,0.006097550460175183,1.2390701208326576,1.2412483373829843,0.002765369726336773,0.002765544778090344,23.0,23,36.0,36,8.0,8,32.0,32,360,360,360.0,0.905,0.9999590551281917,1.0,398,0.0013508869113167316,0.18403991483499138,0.012580303660449488,0.0010351159119639242,0.00047340468439069697,8.005423347386902e-07,True,200,348,349
WFG1,22,2,34,352,4,3,True,169,169,14,14,4,0.011564292032706813,0.011564294687456345,0.0009541501523493423,0.000954147083094492,0.009583295654783552,0.009583282865382736,1.415039175842744,1.4147135383845963,0.002543388054492288,0.0025434081911764606,17.0,17,26.0,26,6.0,6,24.0,24,366,366,366.0,0.975,0.9999901386127795,1.0,398,0.001126772035039852,0.18415189459368259,0.0125282861466951,0.0006763843614017162,0.0002993531249784974,7.947104613505127e-07,True,200,351,352
WFG1,22,2,35,356,4,3,True,160,160,10,10,4,0.02045581283175613,0.020455815817776363,0.0009866084147616208,0.0009866003806603477,0.009805869935916263,0.009805851845020815,-0.07610200983234972,-0.0762859389069348,0.005670375473319339,0.005670363638240093,13.0,13,20.0,20,4.0,4,18.0,18,386,386,386.0,0.955,0.9999817971393249,1.0,398,0.0005286573828205765,0.18360038793360967,0.008602841149572882,0.00027386418488251074,0.0001292504380457668,7.718864834954282e-07,True,200,355,356
WFG1,22,2,36,360,5,3,True,169,169,11,11,5,0.02021085091510181,0.020210836705255676,0.0,0.0,0.00779882408528576,0.007798794278242038,-1.4618944244775003,-1.4622889624480706,0.0009690521793280439,0.000969019503963723,13.0,13,23.0,23,6.0,6,18.0,18,386,386,386.0,0.96,0.999987591228387,1.0,398,0.000511795082492377,0.18362190655492416,0.007897505940370309,0.00022929735542454033,0.00010834637358526847,7.499728163927371e-07,True,200,359,360
WFG1,22,2,37,365,3,3,True,154,154,9,9,3,0.07757087943286543,0.07757087551554478,0.0006935875734122021,0.0006935854900746441,0.005908539752984221,0.00590854440998867,-0.25676371066397774,-0.25639360524050403,0.0018596483364827442,0.0018596687734156493,11.0,11,19.0,19,2.0,2,16.0,16,376,376,376.0,0.94,0.9999866858747002,1.0,398,0.0005004225109601346,0.18351999526325882,0.009594394457724587,0.0001823049197864357,8.6158689121626e-05,7.425745199220108e-07,True,200,364,365
WFG1,22,2,38,368,2,3,True,162,162,6,6,2,0.01790135648898128,0.017901331483841876,0.0020793232871127118,0.002079328537554897,0.007728995054813503,0.007729036001190681,0.3184689750916938,0.3093525431395463,0.0019555948809751615,0.001955609084078415,8.0,8,13.0,13,2.0,2,10.0,10,386,386,386.0,0.915,0.9999729034137693,1.0,398,0.0005715552542181822,0.1834062952918917,0.008158117735538983,0.0002815645286939894,0.00013327967715840694,7.295988658460514e-07,True,200,367,368
WFG1,22,2,39,370,2,3,True,163,163,8,8,2,0.0147822660063468,0.014782229926006973,0.0,0.0,0.00782877954797112,0.007828783006938678,0.12848440858883237,0.12943590391095938,0.00511030673845451,0.005110409267548403,10.0,10,17.0,17,6.0,6,14.0,14,376,376,376.0,0.99,0.9999976609248545,1.0,398,0.0006275141004316721,0.1836465048363069,0.007514595129030965,0.00024993429063835393,0.00011763375630387504,7.125806193838164e-07,True,200,369,370
WFG1,22,2,40,372,5,3,True,166,166,22,22,5,0.041192530036762424,0.041192518969759236,0.0017041990157147247,0.0017041970508844262,0.005430433985815469,0.005430431764018917,1.2467441035826434,1.247453370065685,0.0010751320015430091,0.0010751615161673205,27.0,27,42.0,42,12.0,12,40.0,40,390,390,390.0,0.94,0.9999786336847291,1.0,398,0.0004426325958813668,0.18334369712410603,0.008537464644300385,0.00026649085685381824,0.00012535779935896648,7.099892929747899e-07,True,200,371,372
WFG1,22,2,41,377,5,3,True,178,178,14,14,5,0.049131256878439375,0.04913127023493549,0.0,0.0,0.0029986562321711596,0.0029986392831384823,1.5312606804095026,1.534088491450138,0.005032598278724461,0.005032734928452588,15.0,15,28.0,28,10.0,10,26.0,26,382,382,382.0,0.905,0.9999695986768335,1.0,398,0.0005846466675934604,0.1836164512381407,0.01123309036131559,0.0005414320067325118,0.00024791631542549723,6.995657845524882e-07,True,200,376,377
WFG1,22,2,42,382,3,3,True,170,170,7,7,3,0.022983457503639827,0.02298345778193336,0.007094195189670693,0.00709419988321508,0.008365279804551637,0.008365280267142845,1.980516449970298,1.9815579475659035,0.0010204608436560644,0.0010204829275784096,9.0,9,14.0,14,4.0,4,12.0,12,372,372,372.0,0.965,0.9999815728989265,1.0,398,0.0003538500180211712,0.18352097963463165,0.0053029557634125535,0.0002123287703277299,9.977568356270679e-05,6.883406921393062e-07,True,200,381,382
WFG1,22,2,43,385,3,3,True,177,177,18,18,3,0.051446984607182486,0.05144699012976596,0.0005804563283751119,0.0005804366701617214,0.005035066041916376,0.005035066447087535,0.1631748579377641,0.15938812375515354,0.002339026083099611,0.002338873975014132,21.0,21,37.0,37,8.0,8,34.0,34,392,392,392.0,0.96,0.9999905738129974,1.0,398,0.00028317964148153634,0.18355772174756374,0.009256795090520686,0.0001608491089792885,7.581653055181119e-05,6.700853667340557e-07,True,200,384,385
WFG1,22,2,44,388,3,3,True,172,172,13,13,3,0.02729859876799269,0.027298611259730887,0.0006279912402619159,0.0006279853697395144,0.004474124073829494,0.004474123350028697,0.571018609763291,0.5713910170170564,0.004494134619540176,0.004494021379219029,18.0,18,27.0,27,6.0,6,24.0,24,378,378,378.0,0.98,0.9999951363536478,1.0,398,0.00021087905363104795,0.18346923183698557,0.003263963720351093,0.0001408149096127076,6.645862277653808e-05,6.637542445163939e-07,True,200,387,388
WFG1,22,2,45,391,3,3,True,167,167,16,16,3,0.012049033393601211,0.012049029190285929,0.0,0.0,0.003921008148155242,0.003920975410439981,0.4841154844187461,0.48352160025871527,0.001758756953580166,0.0017587131076687715,19.0,19,33.0,33,4.0,4,28.0,28,380,380,380.0,0.96,0.9999864854285031,1.0,398,0.0002318435346644662,0.18349215296248242,0.0051207297261472995,0.00015961516669427134,7.53205316702407e-05,6.574753764062809e-07,True,200,390,391
WFG1,22,2,46,394,3,3,True,172,172,16,16,3,0.03050724154003981,0.03050721470214024,0.0011572149011742638,0.001157230989467961,0.007301281343372462,0.007301272556081095,0.6173336500470281,0.6178894252448615,0.0005616970119353922,0.0005617366642526054,18.0,18,31.0,31,8.0,8,30.0,30,378,378,378.0,0.965,0.9999919930222246,1.0,398,0.00015531542259326924,0.18347400322193355,0.0028388213249019856,9.37194810268771e-05,4.422602090002299e-05,6.544134336749464e-07,True,200,393,394
WFG1,22,2,47,397,2,3,True,170,170,18,18,2,0.053428372648789434,0.053428372466251914,0.00015794352461551142,0.00015794760503179406,0.0055169118284999485,0.005516921455651202,0.918050002038207,0.9179077523032717,0.002002051449374948,0.0020020648707217872,23.0,23,35.0,35,12.0,12,34.0,34,386,386,386.0,0.995,0.9999988798148671,1.0,398,0.00018981135814103648,0.18347846374694393,0.004063112718120987,0.00010876459393149851,5.127904536355721e-05,6.125033313749365e-07,True,200,396,397
WFG1,22,2,48,399,4,3,True,165,165,14,14,4,0.022190214528760688,0.022190210095163865,0.0,0.0,0.005602705209897134,0.0056027179363731805,-0.33227128916580195,-0.3323279253704641,0.0016311269799314156,0.0016311051551618303,15.0,15,29.0,29,2.0,2,26.0,26,386,386,386.0,0.975,0.9999943713736592,1.0,398,0.00012047061567471012,0.18349915327188576,0.004422778460354326,7.174375033508484e-05,3.384932295249214e-05,6.107995004260471e-07,True,200,398,399
WFG1,22,2,49,403,3,3,True,166,166,10,10,3,0.03255094529136371,0.03255096659511847,0.00024179788586853324,0.00024181542334933415,0.005699384673246325,0.005699395006907915,0.33256238545239913,0.3312111358721026,0.001467938430538209,0.0014679261373072162,12.0,12,21.0,21,4.0,4,18.0,18,378,378,378.0,0.95,0.9999883323960803,1.0,398,0.00030808798601431313,0.18354598783543585,0.008265583976182267,0.0001342789982172743,6.33017004073132e-05,5.751586462418711e-07,True,200,402,403
WFG1,22,2,50,406,3,3,True,155,155,14,14,3,0.03582057850665665,0.03582058177505984,0.0013117880998454456,0.0013118194463177524,0.007924512499668367,0.007924532442506786,1.976034496338679,1.9768032270480163,0.0005387863281189531,0.0005387053785799328,17.0,17,28.0,28,2.0,2,26.0,26,396,396,396.0,0.95,0.9999817424500759,1.0,398,0.00023613511628000982,0.18350096014028147,0.004731967990586394,0.00020183921781580239,9.530787808149598e-05,5.689766624452357e-07,True,200,405,406
WFG1,22,2,51,409,2,3,True,163,163,17,17,2,0.02118275356129029,0.021182757545388564,0.0,0.0,0.006187791166888723,0.006187847674660074,0.9841727188014229,0.9840151769773371,0.0005500845920348076,0.0005500226246221264,19.0,19,32.0,32,10.0,10,32.0,32,384,384,384.0,0.995,0.9999945051256273,1.0,398,0.000133776861334994,0.18351500961186487,0.0022206883923114873,7.677533025374217e-05,3.6185455745049236e-05,5.658220635528036e-07,True,200,408,409
WFG1,22,2,52,411,4,3,True,172,172,24,24,4,0.019026928928108935,0.01902692461337321,0.00019701180895947967,0.00019700673160238935,0.005512713926894869,0.005512696324221217,0.6372390827443866,0.6371020729280943,0.0007503017760813362,0.000750222979122802,29.0,29,49.0,49,8.0,8,46.0,46,396,396,396.0,0.96,0.9999891206890478,1.0,398,0.00031542515363520827,0.18352205178375264,0.006268764170973995,0.00019618114623387584,9.281377649909851e-05,5.111419513423218e-07,True,200,410,411
WFG1,22,2,53,415,6,3,True,166,166,20,20,6,0.10279616196155922,0.10279616094739069,0.002238646058770888,0.002238633820192737,0.006109707796127864,0.006109722360134587,1.4501352079457597,1.4496125858261095,0.000671304473679064,0.0006712982008301779,24.0,24,40.0,40,10.0,10,38.0,38,386,386,386.0,0.99,0.9999971936920296,1.0,398,0.00022248201601851564,0.1834947956779914,0.0037025381405042523,0.0001093595211166809,5.155034435381536e-05,5.036141140389503e-07,True,200,414,415
WFG1,22,2,54,421,4,3,True,159,159,14,14,4,0.01635893857443796,0.01635893637668554,0.002146423428711741,0.0021464565972005856,0.00731659503018546,0.007316586444192738,1.4040821334616824,1.4037971627186465,0.0013761749819353986,0.0013761297995690462,17.0,17,27.0,27,4.0,4,26.0,26,376,376,376.0,0.995,0.999998748214195,1.0,398,0.00025885013106958675,0.18350142854775292,0.004983289466619301,0.0001406694616137294,6.641247860687028e-05,4.994524248417711e-07,True,200,420,421
WFG1,22,2,55,425,3,3,True,170,170,8,8,3,0.021558237993349876,0.021558238121812,0.0,0.0,0.006854671602413848,0.006854669520273596,0.49815156646045455,0.49815134785347226,0.002283136828593091,0.002283129073598253,10.0,10,17.0,17,8.0,8,14.0,14,384,384,384.0,0.995,0.9999989001403836,1.0,398,0.00013407416902729133,0.18347710134440848,0.004410088306280979,7.941961279178678e-05,3.7505910393839655e-05,4.929959191595661e-07,True,200,424,425
WFG1,22,2,56,428,3,3,True,174,174,6,6,3,0.03881276172924459,0.03881276103520925,0.0020932635983642867,0.0020932608857324453,0.010734052116328201,0.010734048690538595,1.071641381812496,1.068041263145684,0.002127689431223922,0.0021276975897993365,9.0,9,13.0,13,4.0,4,10.0,10,388,388,388.0,0.985,0.9999969031388994,1.0,398,0.00011820760570580574,0.18347150856810474,0.003354500668544702,9.644842212258586e-05,4.545550596908833e-05,4.1463055087526073e-07,True,200,427,428
WFG1,22,2,57,431,4,3,True,152,152,23,23,4,0.01735119077701973,0.01735118214925053,0.0003186031998160255,0.00031861806768648804,0.006742351244296008,0.00674234310845645,1.7120378901857443,1.7120902038973966,0.004996066884071244,0.0049960634873381475,29.0,29,47.0,47,4.0,4,44.0,44,392,392,392.0,0.895,0.9999329745589296,1.0,398,0.0002954340980293575,0.1833321970359518,0.009948817015547284,0.00018189940789464787,8.628032063118518e-05,4.1183994234201265e-07,True,200,430,431
WFG1,22,2,58,435,3,3,True,174,174,21,21,3,0.03030096506380517,0.030300964345522666,0.00041879982178361086,0.00041882801603532194,0.007626045637676576,0.0076260459043584194,1.3432109002479828,1.343483184863409,0.0006100864367761372,0.0006100983747306817,23.0,23,42.0,42,4.0,4,40.0,40,388,388,388.0,0.985,0.999996517404558,1.0,398,0.0001262423343898426,0.1834772750372059,0.001503993725409991,7.960922745986476e-05,3.7651009121419666e-05,4.0886549497362207e-07,True,200,434,435
WFG1,22,2,59,438,6,3,True,165,165,12,12,6,0.0557406621362478,0.055740662833186176,0.0012069226726319493,0.0012069093202816683,0.007966329341286923,0.007966339536959723,1.63613131089103,1.636295843360637,0.0006345527050973011,0.0006345555487055822,14.0,14,25.0,25,2.0,2,22.0,22,394,394,394.0,1.0,1.0,1.0,398,0.00014351526886421633,0.18344648013108128,0.0053799811508534745,0.0001404079278829462,6.638460903879396e-05,4.060375789207973e-07,True,200,437,438
WFG1,22,2,60,444,5,3,True,170,170,14,14,5,0.016886843009033675,0.016886852695957563,0.001905941758142654,0.0019059400439888907,0.008641239733284851,0.008641237340057,0.9729424430696954,0.9732510224358819,0.0005282529327658202,0.0005282547532985139,17.0,17,29.0,29,6.0,6,26.0,26,388,388,388.0,0.995,0.999998747487654,1.0,398,0.000119579953243083,0.18346463381245198,0.0020816647269192856,5.778383920085339e-05,2.727796818506806e-05,3.917062887556305e-07,True,200,443,444
WFG1,22,2,61,449,4,3,True,168,170,21,21,4,0.026167342034535773,0.02616734060792288,0.0,0.0,0.004374648879993365,0.004374630888262787,2.2985254203179117,2.298587409049876,0.0012118534905800871,0.0012118637974015652,23.0,23,42.0,42,10.0,10,40.0,40,388,388,388.0,0.98,0.9999906548466797,1.0,398,0.00016298112479168976,0.18355630452427923,0.0038334025442390285,0.00015057404913321193,7.139316621907869e-05,3.734300811045602e-07,True,200,448,449
WFG1,22,2,62,453,3,3,True,164,166,17,17,3,0.015037063033898457,0.015037021275015439,0.0,0.0,0.0070987151505622625,0.0070987041467288625,1.0494847735929236,1.0494778799339386,0.0012699713952188543,0.0012700282680881841,20.0,20,35.0,35,6.0,6,32.0,32,384,384,384.0,0.96,0.9999862360181432,1.0,398,9.695621204031246e-05,0.18350194650672907,0.004504943671303607,5.9067672560919604e-05,2.7882207760927574e-05,3.691892356402304e-07,True,200,452,453
WFG1,22,2,63,456,3,3,True,159,161,8,8,3,0.0216709302583552,0.021670933277866726,0.0020637990756198488,0.0020637715285117264,0.005414816331859642,0.0054148148359466335,0.8135120514460761,0.8133308442446001,0.003233128351882451,0.003233141432308729,10.0,10,17.0,17,8.0,8,14.0,14,368,368,368.0,0.975,0.9999810190222523,1.0,398,5.6980852014296375e-05,0.1834899136125671,0.005392860464666693,3.0813875196766816e-05,1.4544290322462316e-05,3.675724161331912e-07,True,200,455,456
WFG1,22,2,64,459,4,3,True,150,150,10,10,4,0.014098119635166051,0.014098119480642657,0.0,0.0,0.0030997879402809084,0.0030997892204492825,0.2372597705452426,0.2367650313709646,0.003863225515080577,0.003863216664222082,13.0,13,20.0,20,6.0,6,18.0,18,394,394,394.0,0.99,0.9999975122085227,1.0,398,0.00010934583551152461,0.183514676866243,0.005246937973644172,5.471313558602642e-05,2.5735946540852215e-05,3.3741774495217476e-07,True,200,458,459
WFG1,22,2,65,463,6,3,True,168,169,19,19,6,0.01778129579337023,0.017781303359090266,0.0004219419647102929,0.00042194907787784786,0.006035571673249085,0.00603557791101883,0.959703107537571,0.9591388026525607,0.0019502569244273147,0.0019502905013158284,23.0,23,39.0,39,8.0,8,36.0,36,386,386,386.0,0.98,0.9999902686914894,1.0,398,0.00018502975595063783,0.18350620306974919,0.004309873087573468,7.636102307051473e-05,3.60929352566366e-05,3.3556875513810403e-07,True,200,462,463
WFG1,22,2,66,469,3,3,True,174,175,9,9,3,0.013056797097080797,0.013056798665310454,0.0,0.0,0.0030479320588064074,0.003047931657078312,-11.040166764813176,-11.040783844949118,0.0028645647820500723,0.0028644894789670956,10.0,10,19.0,19,4.0,4,16.0,16,396,396,396.0,0.995,0.9999989510588497,1.0,398,0.00017710032762864494,0.18359294140233728,0.006595400969094056,0.00034617310069007257,0.00016353590176145967,3.247728313826534e-07,True,200,468,469
WFG1,22,2,67,472,4,3,True,163,163,20,20,4,0.032223794880608086,0.032223788935473154,0.0,0.0,0.006170613131547542,0.006170629915916659,1.579378013524778,1.5800072010583999,0.0018546267534860891,0.001854600287737848,23.0,23,41.0,41,2.0,2,38.0,38,398,398,398.0,0.97,0.99999351692905,1.0,398,0.00035421239202022153,0.18369245403638207,0.008598645435835328,0.0006161735933377654,0.00029138195257589523,3.232698332381959e-07,True,200,471,472
WFG1,22,2,68,476,2,3,True,168,168,13,13,2,0.03758909332652774,0.03758909495930666,0.0008292863342642398,0.0008292869807040582,0.005059574273015177,0.0050596210875056835,-3.9726627579353444,-3.9724970631188974,0.0028880950876412764,0.0028881097712018123,16.0,16,26.0,26,8.0,8,24.0,24,396,396,396.0,0.98,0.9999951102218474,1.0,398,0.00014771780521392137,0.18355902959824005,0.011064649965527806,0.00011600834685299155,5.457537649311796e-05,3.2168391679028706e-07,True,200,475,476
WFG1,22,2,69,478,3,3,True,160,160,13,13,3,0.011312872171232224,0.011312859726648417,0.0009753052022911657,0.0009753122606953601,0.006324786443106856,0.006324804569987852,1.8148428962109797,1.8154285588607806,0.0014196111894184216,0.00141962931006087,15.0,15,27.0,27,6.0,6,24.0,24,384,384,384.0,0.985,0.9999963937487816,1.0,398,9.871975373178565e-05,0.18349969208044403,0.0032134258354892253,4.801393316689051e-05,2.2727915005446663e-05,3.199059470630152e-07,True,200,477,478
WFG1,22,2,70,481,3,3,True,175,175,10,10,3,0.08646927358737161,0.08646926708735458,0.0,0.0,0.0060304313188238035,0.006030448785171283,-6.045132879905208,-6.045060029918493,0.0028439733468331556,0.002844011907590028,14.0,14,21.0,21,6.0,6,18.0,18,398,398,398.0,1.0,1.0,1.0,398,6.548053184486389e-05,0.18351715272963415,0.0029680415189652365,0.00010077426642451925,4.759448737187928e-05,3.1828630516075263e-07,True,200,480,481
WFG1,22,2,71,484,4,3,True,168,168,18,18,4,0.038826409708863766,0.03882640796068109,0.00039048517851603126,0.00039050264056572637,0.007158777357193186,0.007158780694750951,1.0727344242180203,1.0727371690095708,0.0008529602259713933,0.0008529480875907607,21.0,21,36.0,36,10.0,10,34.0,34,386,386,386.0,0.985,0.9999956236292907,1.0,398,7.034020038549426e-05,0.1835105815673972,0.0029331513102111018,4.149561843180827e-05,1.9664983171988643e-05,3.1693027647205476e-07,True,200,483,484
WFG1,22,2,72,488,3,3,True,170,170,15,15,3,0.03187389195822215,0.031873894103360445,0.0,0.0,0.008965522696345762,0.008965517689824065,14.888968712684532,14.882172460160799,0.002094469225383672,0.0020943795606410296,17.0,17,31.0,31,4.0,4,28.0,28,398,398,398.0,0.98,0.9999957625996188,1.0,398,0.00031049431399230603,0.18358533271367522,0.0074943592564080674,0.0005184737333848721,0.0002448433097011681,3.12338161973401e-07,True,200,487,488
WFG1,22,2,73,491,4,3,True,167,167,27,27,4,0.1762915219346057,0.17629152496994163,0.00029114779466132834,0.00029115819062852655,0.005661717846382919,0.005661739848704328,-1.5341230661343443,-1.5341492947096853,0.0010536065067640124,0.00105345534451903,34.0,34,52.0,52,8.0,8,52.0,52,398,398,398.0,0.975,0.9999935122592863,1.0,398,0.00023634020723097018,0.18349117191200554,0.010973820093739484,0.00023533224314598034,0.00011112064544954965,3.112652404720167e-07,True,200,490,491
WFG1,22,2,74,495,4,3,True,166,169,19,19,4,0.02941737532078023,0.029417380086250527,0.0010749706178188045,0.0010749706034100803,0.005041652334233038,0.005041624863381999,2.480214476521665,2.48016399954966,0.0013565222263758714,0.0013565282267116647,22.0,22,39.0,39,6.0,6,36.0,36,392,392,392.0,0.965,0.9999818546599977,1.0,398,0.00010239852790720611,0.18350472148644908,0.013112915673702652,8.66541223847328e-05,4.0733214099409145e-05,3.096118374884664e-07,True,200,494,495
WFG1,22,2,75,499,6,3,True,159,159,12,12,6,0.02854669452769909,0.02854665402418477,0.00046833925539957466,0.0004683437824162251,0.007363870158585958,0.007363900874893206,0.8762109656063313,0.8762724581318317,0.000609171060865676,0.0006091749586441499,16.0,16,25.0,25,2.0,2,22.0,22,396,396,396.0,0.97,0.9999932240280578,1.0,398,8.726149798747656e-05,0.18351518072543385,0.004296527732254862,8.525725368369041e-05,4.033729505818685e-05,3.068551257484864e-07,True,200,498,499
WFG1,22,2,76,505,3,3,True,163,163,10,10,3,0.012386948259910602,0.012386933725407001,0.0007365088529032171,0.0007364328334276138,0.004178891186337533,0.004178908880442075,-8.565947081330364,-8.566120674670856,0.0019348319503947518,0.0019348591060123527,15.0,15,21.0,21,4.0,4,18.0,18,394,394,394.0,0.98,0.9999952148241237,1.0,398,7.540640011649034e-05,0.18349718581117552,0.007021794781825186,7.425437309382943e-05,3.5038402923355575e-05,3.010822892196746e-07,True,200,504,505
WFG1,22,2,77,508,2,3,True,159,159,9,9,2,0.014865455224150961,0.0148654616448528,0.001869814903714264,0.0018698195165244916,0.005443547033250798,0.005443547502167807,-4.358628415037004,-4.3618506448195316,0.0018980658248573337,0.0018979640832594894,12.0,12,19.0,19,4.0,4,16.0,16,382,382,382.0,0.995,0.9999987086545834,1.0,398,0.00013478484662731268,0.18348540627713755,0.015293162407688854,0.00010592041346224601,4.974089985196197e-05,2.781757019509714e-07,True,200,507,508
WFG1,22,2,78,510,5,3,True,169,169,25,25,5,0.020001137436418077,0.020001148955567108,0.0002702061082882068,0.0002701758475177618,0.005717605920659591,0.005717606106946493,1.3814684788141927,1.3805989372332963,0.0017138619792938096,0.0017137377637076608,28.0,28,51.0,51,4.0,4,48.0,48,388,388,388.0,0.975,0.9999933680711881,1.0,398,0.00011742480076742908,0.18354882584213567,0.004883425469770053,0.00013288318718363001,6.272984217403938e-05,2.768150223580045e-07,True,200,509,510
WFG1,22,2,79,515,5,3,True,160,160,15,15,5,0.02851196310343772,0.028511962437706907,0.0006587924095837056,0.000658792463879676,0.0070856924557470835,0.007085697309091643,1.7957336545447866,1.7954664504400855,0.0012522247529964219,0.001252133063520157,18.0,18,30.0,30,6.0,6,28.0,28,388,388,388.0,0.975,0.9999943189428383,1.0,398,0.00014445404001820037,0.18353464700454442,0.006609773056594381,0.00012963964477408219,6.123273681280144e-05,2.752508443646445e-07,True,200,514,515
WFG1,22,2,80,520,3,3,True,164,164,23,24,3,0.012928059896339161,0.012928005547984567,0.0003652389668857281,0.0003652378758799424,0.004648881990223508,0.004280134228904442,1.0905010583625394,1.0668115763399881,0.0008583270846376387,0.0010597767752368466,26.0,27,45.0,47,8.0,10,42.0,44,394,394,394.0,0.965,0.9999881102906902,1.0,398,0.0001947817409105556,0.1835843512088809,0.013340310272551559,0.00020475604491898558,9.717096083473286e-05,2.7368292280939336e-07,True,200,519,520
WFG1,22,2,81,522,4,3,True,165,165,17,18,4,0.021900106362149032,0.021900105655367336,0.0,0.0,0.006267092602669901,0.006250193902518601,1.0000000000099059,0.7386688147546469,0.0006040760650203402,0.0007047089582518035,20.0,22,33.0,35,6.0,4,32.0,34,396,396,396.0,0.265,0.9953198479953383,1.0,398,0.010283630421840089,0.18350510897430744,0.10708539975712661,0.005181032854972845,0.002454663378288456,2.727827824749686e-07,True,200,521,523
WFG1,22,2,82,526,5,3,True,166,166,23,23,5,0.05559342755706549,0.055593417898112986,0.0012334118063670463,0.0012334050881191438,0.005836420388609986,0.005836421318293705,1.6726705105049486,1.6719054379127352,0.0008729033061569761,0.0008729138433841632,25.0,25,47.0,47,12.0,12,44.0,44,394,394,394.0,0.99,0.9999979821656098,1.0,398,6.406395594932037e-05,0.18351808386927543,0.0048095717534497595,8.674689019272375e-05,4.0979256104870006e-05,2.6481382963868573e-07,True,200,525,526
WFG1,22,2,83,531,2,3,True,159,159,11,11,2,0.025022260067612018,0.02502225983733138,0.0011210096454491447,0.0011210319973409821,0.005076076787502045,0.005076070222602695,-1.6384239979989,-1.6398140431464299,0.0013435941996785038,0.0013432203008076835,14.0,14,23.0,23,8.0,8,20.0,20,396,396,396.0,0.99,0.9999980457261822,1.0,398,0.00021342360616709757,0.18347666063628543,0.011869431259583507,0.00025909343813879104,0.00012213993760346067,2.2779955376422945e-07,True,200,530,531
WFG1,22,2,84,533,4,3,True,155,156,16,15,4,0.06258125784854779,0.06258125469565054,0.00020462973187507227,0.0002046795210208785,0.006092917793070168,0.006070749377671547,-0.61804160621453,-0.6937251572302756,0.001439035716712624,0.001454466433034908,18.0,17,33.0,31,2.0,4,30.0,28,394,394,394.0,1.0,1.0,1.0,398,8.638320692010833e-05,0.18350311721999907,0.01167534374474144,7.776501825063065e-05,3.67419279178941e-05,2.263013556642968e-07,True,200,532,533
WFG1,22,2,85,537,5,3,True,160,160,32,32,5,0.02292285014891521,0.02292286228449521,0.0,0.0,0.006151962576442932,0.0061519302082241045,1.025789298882951,1.0257235330003027,0.0006081446505004963,0.0006081504392371033,36.0,36,64.0,64,10.0,10,62.0,62,398,398,398.0,0.97,0.9999926767955402,1.0,398,6.87167570729541e-05,0.1835043835668494,0.005191996317648773,4.477455692253329e-05,2.1157920369291722e-05,2.1577461505532384e-07,True,200,536,537
WFG1,22,2,86,542,4,3,True,168,169,17,17,4,0.06666301375779118,0.06666303096262226,0.0011611203128836234,0.0011611210329314225,0.004225381578868023,0.0042253521668443594,1.4728631069055629,1.4728210362366099,0.0014417787401807608,0.0014417463313657133,19.0,19,35.0,35,4.0,4,32.0,32,382,382,382.0,0.945,0.9999846134388921,1.0,398,0.0001254504247994129,0.1835203199081531,0.005907929379276311,7.198107105921281e-05,3.4007808713096755e-05,2.1290284363857822e-07,True,200,541,542
WFG1,22,2,87,546,2,3,True,165,167,14,14,2,0.014306670024194723,0.014306656324209133,0.0,0.0,0.004614805927647209,0.0046148244489826185,0.9869424916771958,0.9870690527432373,0.0009735678098473333,0.0009735383021981802,18.0,18,27.0,27,4.0,4,26.0,26,372,372,372.0,0.975,0.9999907607370334,1.0,398,8.040804203148198e-05,0.1835105532232592,0.00740760080407199,8.088555225782557e-05,3.82394598997195e-05,2.1173315717661065e-07,True,200,545,546
WFG1,22,2,88,548,4,3,True,172,172,18,18,4,0.08729436996902108,0.08729437290744274,0.0010000385160333636,0.00100003623893119,0.004091840615458045,0.004091841321194348,1.210259145399946,1.2103955398979735,0.001190326125811385,0.0011903253467617186,21.0,21,37.0,37,4.0,4,34.0,34,398,398,398.0,0.985,0.9999965800446503,1.0,398,5.8065587184890467e-05,0.18349822255972675,0.002408797310749833,4.8732987202981803e-05,2.295854672604625e-05,2.111724410801797e-07,True,200,547,548
WFG1,22,2,89,551,5,3,True,163,164,25,26,4,0.06396829132604845,0.06396828957448307,0.0,0.0,0.0055967647071146764,0.005280452341917149,0.7581001451873055,0.7835625660866867,4.0083098555333927e-05,4.430270836535679e-05,28.0,29,49.0,51,4.0,4,48.0,50,398,398,398.0,0.39,0.9963378661689598,1.0,398,0.03672794776977985,0.20852715910959319,0.029499160393967827,0.0008222756871276715,0.0003865301277120964,1.771207018352736e-07,True,200,550,552
WFG1,22,2,90,556,2,3,True,152,152,15,15,2,0.0217433686882915,0.02174337242206869,0.0003202646596144332,0.0003202653793771826,0.005221172808675151,0.005221172633255833,0.4535088011196535,0.4535468400956688,0.001082584790585615,0.0010825475347387113,19.0,19,30.0,30,4.0,4,28.0,28,388,388,388.0,0.975,0.9999938667945978,1.0,398,8.082710093316183e-05,0.18350183635291475,0.010873878124641578,6.809474211877387e-05,3.240805493920705e-05,1.748246266065178e-07,True,200,555,556
WFG1,22,2,91,558,2,3,True,163,164,6,7,3,0.020298769123085432,0.020298769452411422,0.0015469059677723773,0.0015469067027202577,0.00674732746376451,0.006373802763588898,-0.8432445388858048,-0.4985054235572761,0.003133097801289133,0.0032345211051187095,8.0,9,13.0,15,4.0,4,10.0,12,392,392,392.0,0.985,0.9999965460547442,1.0,398,7.070123919428627e-05,0.18349626694103913,0.0036009170812576485,5.3687178308337025e-05,2.5354629484655378e-05,1.7450593166315343e-07,True,200,557,558
WFG1,22,2,92,560,3,3,True,160,160,18,18,3,0.021723099369465274,0.021723104949449887,0.0017669065072242196,0.001766912237978202,0.005822777528397605,0.005822750761698026,1.9963701256711444,1.996546612588162,0.0012697832769806134,0.0012697640475236788,20.0,20,35.0,35,8.0,8,34.0,34,386,386,386.0,0.97,0.9999929922856292,1.0,398,7.255765661246895e-05,0.18351162865361356,0.004535577360485377,5.3382870074614175e-05,2.5269705912845503e-05,1.741823731881988e-07,True,200,559,560
WFG1,22,2,93,563,3,3,True,172,173,4,5,3,0.016012739919062068,0.01601273446555141,0.00450370933744304,0.0018590034808749767,0.006782984085046323,0.005040300007585319,0.9818494566535296,0.999999999974932,0.0020579998373461274,0.0024070309571157626,6.0,7,9.0,10,2.0,2,6.0,8,392,392,392.0,0.985,0.9999961035767014,1.0,398,3.297911722296678e-05,0.18350325136853174,0.002327207831740452,3.176159867379624e-05,1.4949538064196495e-05,1.7096578905298824e-07,True,200,562,563
WFG1,22,2,94,566,2,3,True,158,158,13,13,2,0.020857910338381844,0.020857907681778393,0.0010775670242793023,0.0010776013775634086,0.004920412632125615,0.0049204527673119,0.8735587454405414,0.8736089727410103,0.002316151995615229,0.0023161278596880927,17.0,17,26.0,26,6.0,6,24.0,24,376,376,376.0,1.0,1.0,1.0,398,6.53220126408372e-05,0.18348464531030095,0.0019357337339442893,4.9504334846517395e-05,2.329669602151422e-05,1.6998369282039674e-07,True,200,565,566
WFG1,22,2,95,568,5,3,True,165,165,20,20,5,0.012813702756346024,0.012813694443672086,0.0,0.0,0.005440965573218812,0.00544094814078315,0.3173864469768555,0.3175011543151811,0.0015925273998028027,0.0015925455043571853,24.0,24,38.0,38,8.0,8,38.0,38,374,374,374.0,0.97,0.9999869257969252,1.0,398,4.627939294470634e-05,0.18350372443505136,0.0032946302239196257,3.069389579124504e-05,1.4516370739894062e-05,1.6967481663107984e-07,True,200,567,568
WFG1,22,2,96,573,4,3,True,166,166,15,15,4,0.057697705119475945,0.05769770237165771,0.0,0.0,0.005210430190233817,0.005210453037274965,-0.20737301018310372,-0.20732517936798445,0.0018896639711971914,0.0018896621206171693,18.0,18,31.0,31,8.0,8,28.0,28,398,398,398.0,0.975,0.9999938018675517,1.0,398,8.225294261457164e-05,0.1834887834051419,0.006218154623553573,3.881834181385102e-05,1.836017566117801e-05,1.6887578685469698e-07,True,200,572,573
WFG1,22,2,97,577,2,3,True,155,156,14,14,2,0.014844922499478996,0.01484496031879412,0.0,0.0,0.005324503646531496,0.0046186522597328784,1.471943560928496,1.0899130848690675,0.0021646578591541198,0.002702361913363951,16.0,16,27.0,28,4.0,8,26.0,26,386,386,386.0,0.985,0.9999963921629996,1.0,398,7.054707935349186e-05,0.18351180319201393,0.007300403592807925,4.490636497678224e-05,2.1344453121536997e-05,1.6403120765227893e-07,True,200,576,577
WFG1,22,2,98,579,4,3,True,166,166,10,10,4,0.011244968591541893,0.011244972631658356,0.000386736710249469,0.00038673488014054347,0.006166805750086046,0.00616681116231657,0.4831998773685173,0.48341113132330804,0.0017166299185726753,0.0017166428847820991,13.0,13,21.0,21,4.0,4,18.0,18,382,382,382.0,0.98,0.9999950231199928,1.0,398,4.1739747307998335e-05,0.18349473558057533,0.003721112062720522,3.0825197683270744e-05,1.456492372819331e-05,1.6250077984345902e-07,True,200,578,579
WFG1,22,2,99,583,1,3,True,174,174,2,2,1,0.02077699161868594,0.02077699153110118,0.008539352399414515,0.00853935359236721,0.014658172009050228,0.014658172561734194,0.43852335354578287,0.4384797017327742,0.0035431407805688,0.003543078147067896,4.0,4,5.0,5,2.0,2,2.0,2,356,356,356.0,0.995,0.9999988940823389,1.0,398,3.521123428791478e-05,0.18348959447929003,0.007054902864211954,2.4743351715983408e-05,1.1696898245620558e-05,1.6143859996319967e-07,True,200,582,583
WFG1,22,2,100,584,3,3,True,154,156,10,8,3,0.018073285676989983,0.01807328787756307,7.442783735678304e-05,7.4402423160147e-05,0.006587790110959668,0.006612715910755518,2.340176453798623,0.9999999999744631,0.00038545692305068575,0.0022283480126252114,14.0,12,20.0,16,4.0,2,18.0,14,398,398,398.0,0.99,0.9999971402455035,1.0,398,4.682437194665868e-05,0.18350559419119655,0.004151224488197158,5.6411943639034234e-05,2.6768304078932497e-05,1.612952451600115e-07,True,200,583,584
WFG1,22,2,101,587,6,3,True,167,167,16,16,6,0.0175360586940314,0.01753605101925395,0.0,0.0,0.004892605029157927,0.0048926163957477425,-2.4750289318975236,-2.474740216149229,0.001579320631406061,0.0015793329599664476,20.0,20,33.0,33,4.0,4,30.0,30,366,366,366.0,0.99,0.9999976050973909,1.0,398,6.815599824842332e-05,0.18350925974882276,0.004505370010178922,6.34924701508055e-05,3.0096727119849012e-05,1.462428335560093e-07,True,200,586,587
WFG1,22,2,102,593,5,3,True,150,152,17,19,3,0.03466825536150362,0.034668250385198975,4.164254131278078e-05,0.0,0.007599873351871067,0.0066915130353526475,1.0487252408517849,1.0046402095956353,0.00019943084228477972,0.0002644084951149289,20.0,22,33.0,37,6.0,10,32.0,36,396,396,396.0,0.995,0.9999988250380571,1.0,398,3.44809491121535e-05,0.18349303675996892,0.0016995842837559394,3.236018037711119e-05,1.535229142027692e-05,1.4421566460185272e-07,True,200,592,593
WFG1,22,2,103,598,2,3,True,158,158,15,15,2,0.02153136133183868,0.021531365284832224,0.0,0.0,0.00790976814314348,0.007909763042747597,1.636381745898178,1.6363029304521888,0.0008516619337988132,0.0008516992246662934,19.0,19,29.0,29,6.0,6,28.0,28,382,382,382.0,1.0,1.0,1.0,398,4.898610670712146e-05,0.18352635416008728,0.004707024651281699,3.974461626654602e-05,1.887945106827489e-05,9.944952549255406e-08,True,200,597,598
WFG1,22,2,104,600,2,3,True,159,159,13,13,2,0.03499912379448223,0.034999110308107144,0.0009412701274736923,0.0009412264093535683,0.00810862050354455,0.008108608105121706,0.4175676550598535,0.4175408554591513,0.0007576776990763061,0.0007577155012227499,18.0,18,25.0,25,4.0,4,24.0,24,360,360,360.0,0.99,0.9999973011930281,1.0,398,4.435618572272625e-05,0.18351994861500986,0.006395903219242882,2.7757987076881818e-05,1.3096771842429498e-05,9.736592306926976e-08,True,200,599,600
WFG1,22,2,105,602,5,3,True,159,159,15,15,5,0.03621898640704299,0.036218995539401284,0.0008833751356005504,0.0008833743872991295,0.005145536155081953,0.005145532796629437,-6.251127655852914,-6.250670336528174,0.0007257273202799137,0.0007257661375571628,17.0,17,30.0,30,6.0,6,28.0,28,390,390,390.0,0.995,0.999998925252184,1.0,398,3.996174317844895e-05,0.183508950448183,0.004176322557469803,4.240605981564727e-05,2.011556711867163e-05,9.419778052478465e-08,True,200,601,602
WFG1,22,2,106,607,8,3,True,162,162,30,30,8,0.017185512187941954,0.01718546676995636,0.0,0.0,0.003905711851326349,0.0039056969809563302,2.641956642349884,2.642050053173108,0.001363222932845264,0.0013632019251924189,33.0,33,57.0,57,6.0,6,58.0,58,390,390,390.0,0.965,0.9999909665282128,1.0,398,5.943817267179996e-05,0.18352864261270146,0.0020959376573159716,5.265368356432987e-05,2.480253656816494e-05,9.373746477772821e-08,True,200,606,607
WFG1,22,2,107,614,4,3,True,164,164,9,9,4,0.013639368901217891,0.013639359125153627,0.0,0.0,0.003864062161230447,0.0038640605435008024,0.7333918767225036,0.7336963477906124,0.0009744068928567113,0.001025663176206038,11.0,11,19.0,19,8.0,8,16.0,16,394,394,394.0,0.595,0.9987265848275833,1.0,398,0.0006595631498353871,0.18353553703486233,0.03286391611109707,0.0022093589826113202,0.0010447022609058312,9.312884572382644e-08,True,200,613,615
WFG1,22,2,108,618,3,3,True,165,165,20,20,3,0.014757455779344918,0.014757457930858218,0.0,0.0,0.0062219368968320365,0.006221933061101005,-1.2033001429840287,-1.2033383078218662,0.0011543989502699338,0.001154420902464585,22.0,22,42.0,42,6.0,6,38.0,38,366,366,366.0,0.995,0.9999986440876119,1.0,398,5.65461088520718e-05,0.18351665224879624,0.001752942784634115,4.718279049242824e-05,2.2298368362006177e-05,9.270477812909556e-08,True,200,617,618
WFG1,22,2,109,621,3,3,True,163,163,15,15,3,0.01222623660382488,0.012226245076912057,0.0,0.0,0.008724701185856443,0.008724677196169317,1.8492413907195608,1.8492657175008844,0.0011534117729673633,0.0011534709053774399,20.0,20,31.0,31,6.0,6,28.0,28,360,360,360.0,0.985,0.9999959831639476,1.0,398,0.0002308793354782503,0.18355724590242592,0.009181873618729242,0.00022426817712073444,0.00010621503036950084,9.025114486512516e-08,True,200,620,621
WFG1,22,2,110,624,5,3,True,162,162,17,17,5,0.04108115744061525,0.04108115839499576,0.0003607134225710462,0.0003607137924839243,0.006180260476525867,0.006180263685982457,0.9704382607253415,0.9702851617993247,0.000963723052589707,0.0009637262412180549,20.0,20,32.0,32,10.0,10,32.0,32,386,386,386.0,0.985,0.9999962980508526,1.0,398,7.806592998777839e-05,0.1835147475679866,0.005655940071392251,9.544212304035682e-05,4.5329678215987066e-05,8.958891368597864e-08,True,200,623,624
WFG1,22,2,111,629,4,3,True,147,148,11,12,3,0.016291279131268738,0.016291308135089805,6.7487231395158e-05,6.751333224341849e-05,0.0067214009266800545,0.006626051042273956,0.03015793726776206,0.51510744645363,0.0014770391879602217,0.0014868101310996874,14.0,15,23.0,25,4.0,6,20.0,22,378,378,378.0,0.995,0.9999985813518902,1.0,398,7.374972182107076e-05,0.18350342086568064,0.0030753402525434126,6.513265008178948e-05,3.083025854193809e-05,8.82133659990668e-08,True,200,628,629
WFG1,22,2,112,632,3,3,True,153,153,15,16,3,0.01879246800056704,0.018792481059770782,0.0,0.0,0.006964308816523407,0.008107365263529127,-0.2902831146897613,0.2636893975994994,0.00044236318278389775,0.0004839057171937486,17.0,18,30.0,32,6.0,8,28.0,30,398,398,398.0,0.32,0.9975978999173949,1.0,398,0.04732571207288064,0.19402353161929298,0.22229811276268618,0.021596443300849533,0.010248553309627264,8.776272523323596e-08,True,200,631,633
WFG1,22,2,113,635,3,3,True,154,154,18,18,3,0.031497863310310334,0.03149786768812174,0.0013398823164635365,0.0013398669014137443,0.006455615198178083,0.006455648344839707,1.285311852051806,1.2853151931948688,0.0005871268713017507,0.000587111689239991,23.0,23,33.0,33,12.0,12,32.0,32,376,376,376.0,0.985,0.9999961048087357,1.0,398,6.178676396100366e-05,0.18350305626526112,0.003322613894727766,4.874191136794437e-05,2.3125046278804522e-05,8.661741073126353e-08,True,200,634,635
WFG1,22,2,114,638,3,3,True,160,160,11,11,3,0.011837260031873319,0.011837261447449253,0.0006705863342332252,0.0006705918382100551,0.005490680753835034,0.005490683107055791,-2.602758317802544,-2.6028282393080673,0.0014199753070164756,0.0014199924613243868,14.0,14,23.0,23,6.0,6,20.0,20,384,384,384.0,1.0,1.0,1.0,398,5.934295316126457e-05,0.18349941168012013,0.003195749186029495,6.663898727543582e-05,3.082216097784965e-05,8.304148935928114e-08,True,200,637,638
WFG1,22,2,115,641,5,3,True,166,166,19,19,5,0.015937751157209967,0.015937728521624228,0.0,0.0,0.00802077304758364,0.008020758743800482,0.790737218018359,0.7907558891889721,0.0002377491583631106,0.00023773412933096334,24.0,24,36.0,36,6.0,6,36.0,36,392,392,392.0,1.0,1.0,1.0,398,4.8504795299601066e-05,0.1835181530563242,0.002760545961621119,7.02100185492327e-05,3.3371586813762224e-05,8.283527903007186e-08,True,200,640,641
WFG1,22,2,116,646,5,3,True,155,155,21,21,5,0.014105330320428058,0.014105335095965052,0.0,0.0,0.003971735200851811,0.003971756322757702,-3.0146649614774343,-3.0144142692761022,0.0008391992169235787,0.0008392088569562171,26.0,26,43.0,43,6.0,6,40.0,40,392,392,392.0,1.0,1.0,1.0,398,6.264338189384557e-05,0.18352981624173179,0.0032923118278063157,8.548587939571917e-05,4.064296090895681e-05,7.652668111667171e-08,True,200,645,646
WFG1,22,2,117,651,3,3,True,155,156,18,21,3,0.027029954560191423,0.027029948078586295,0.0,0.0,0.0032099341698897665,0.003858925259529994,-1.017664588702905,-0.3224816074671253,0.00044751701016268225,0.0004650475775874927,21.0,24,37.0,41,6.0,8,34.0,40,378,378,378.0,0.985,0.9999959623594684,1.0,398,6.866430683630427e-05,0.18348916241747742,0.0024665618743426876,9.749334878250693e-05,4.6060402187117285e-05,7.621656050959603e-08,True,200,650,651
WFG1,22,2,118,654,2,3,True,156,156,10,10,2,0.04543678562347353,0.04543679456661192,0.0,0.0,0.008323363718343163,0.008323359367206684,-2.436651574576243,-2.43663807147459,0.0013962853909913712,0.0013962954791676518,12.0,12,21.0,21,4.0,4,18.0,18,398,398,398.0,0.98,0.9999955722691998,1.0,398,8.560336320375674e-05,0.1835202695216792,0.005225825884679125,6.731744738885936e-05,3.195511352025171e-05,7.603208109668503e-08,True,200,653,654
WFG1,22,2,119,656,5,3,True,150,150,15,15,5,0.01308515833783419,0.013085181770469467,0.0,0.0,0.007129009881728668,0.0071290080107565545,0.6064981907021298,0.6064884908100794,0.0006292989216927227,0.0006293264761460153,18.0,18,31.0,31,4.0,4,28.0,28,362,362,362.0,0.995,0.9999989436982286,1.0,398,5.894185221027632e-05,0.18351239013431356,0.003067947136088378,7.287963532576214e-05,3.46022116422225e-05,7.414886232548386e-08,True,200,655,656
WFG1,22,2,120,661,4,3,True,158,158,17,17,4,0.012263007755701064,0.012263009784925588,0.0003291226125982788,0.000329106447890512,0.0066027781878342795,0.006602816342995865,1.0551388892055247,1.0551717136702337,0.0007467537097217697,0.0007467833109986754,20.0,20,33.0,33,4.0,4,30.0,30,356,356,356.0,0.99,0.9999974994715914,1.0,398,0.00010877120066765787,0.1835020374233033,0.005660731082230086,8.072834704364595e-05,3.83349819245384e-05,6.427518476468539e-08,True,200,660,661
WFG1,22,2,121,665,3,3,True,147,147,13,13,3,0.06553953614284617,0.06553953665437705,0.003915425654828039,0.00391542970045114,0.008981355066049496,0.008981353677656984,2.141172843561,2.140733693510697,0.001949620941442139,0.0019496554136814856,15.0,15,27.0,27,6.0,6,24.0,24,364,364,364.0,0.99,0.9999970431141515,1.0,398,6.800744583152026e-05,0.1835064271968448,0.003213432250106507,7.812549054619922e-05,3.705519960861258e-05,6.398662555162767e-08,True,200,664,665
WFG1,22,2,122,668,3,3,True,164,164,10,10,3,0.03250397628776255,0.03250399216936391,0.0013285236184601423,0.0013284687748607027,0.009517497362544591,0.00951748982737044,-6.529807194523382,-6.530056015662936,0.0007651737326538634,0.0007651773493525457,12.0,12,21.0,21,0.0,0,18.0,18,396,396,396.0,0.98,0.9999950898983571,1.0,398,6.0915490386052236e-05,0.18349473060585633,0.004128192216825255,0.0001017083932879359,4.791734962190162e-05,6.358670509663791e-08,True,200,667,668
WFG1,22,2,123,671,4,3,True,162,162,20,20,4,0.03142414019805976,0.0314241447487363,0.00012940465645464028,0.0001294065946365608,0.007763057653702138,0.007763053489482405,1.8942585082050263,1.8940918796739652,0.0001568612392718732,0.00015689393748353347,25.0,25,39.0,39,4.0,4,38.0,38,382,382,382.0,0.99,0.9999977334801096,1.0,398,6.376032836125142e-05,0.18350285197204713,0.004428320451381751,6.796931708663578e-05,3.2212320219486557e-05,6.341071021898783e-08,True,200,670,671
WFG1,22,2,124,675,6,3,True,159,159,20,20,6,0.02070393079367749,0.02070393521582247,0.0,0.0,0.0036016465356574767,0.003601636534802777,0.8348262607032471,0.8349122928965471,0.0013585744546481327,0.0013586187608254537,24.0,24,41.0,41,6.0,6,38.0,38,398,398,398.0,0.99,0.9999977950639847,1.0,398,3.129208053025291e-05,0.18350381040632635,0.005330370076762847,2.8353550575843656e-05,1.3414085185729285e-05,6.311283440939877e-08,True,200,674,675
WFG2,22,2,1,241,3,3,True,82,85,17,17,4,0.04800002245432877,0.047845151276958875,0.0,0.0,0.004242519186844929,0.004228822468976379,0.5990847168995579,0.5963636560408816,0.06993629243298027,0.06993593165802145,20.0,20,34.0,34,4.0,4,32.0,32,386,386,386.0,0.41,0.9967127810478996,1.0,398,0.014594239178191979,0.18685652179240486,0.08525872607878915,0.0026513784637485216,0.0015333892870018951,0.001018293569783176,True,200,240,241
WFG2,22,2,2,244,4,3,True,85,91,6,6,4,0.044090731838477684,0.04400907784413584,0.007156178770931165,0.007142942303164174,0.01359338693900021,0.013550774204741184,0.87644986888853,0.8760266778056567,0.02822217297028689,0.028219071688240664,9.0,9,13.0,13,4.0,4,10.0,10,388,388,388.0,0.475,0.9969777215972598,1.0,398,0.0042989776947029955,0.18505433069979993,0.06084287396013499,0.0017099134209009326,0.000991874478348633,0.00010620636260159435,True,200,243,244
WFG2,22,2,3,248,4,3,True,98,104,15,16,4,0.022727184273878764,0.02272715737972819,0.0,0.0,0.005446218836808611,0.005294882946289298,0.7793781551996659,0.7738140732578884,0.054275704513590435,0.0544378733443457,18.0,19,31.0,33,6.0,6,28.0,30,390,390,390.0,0.515,0.9964945901402873,1.0,398,0.008563043442269973,0.18672608130369725,0.06968726750199483,0.002956123787531628,0.0018021239621410102,9.831294269888743e-07,True,200,247,248
WFG2,22,2,4,252,3,3,True,87,94,21,22,3,0.024504761460620084,0.024504760228828193,0.0,0.0,0.0023645429128473228,0.0015141667652541768,0.9628997137827238,0.9720813754663011,0.0236589682801919,0.025355365571102705,23.0,24,43.0,45,10.0,12,40.0,42,370,370,370.0,0.675,0.9985618054391314,1.0,398,0.0030128148893814764,0.18424596200815435,0.05580364886501066,0.0009321460141781812,0.0005543240453649047,9.69643158953876e-07,True,200,251,252
WFG2,22,2,5,255,5,3,True,83,83,24,23,4,0.029878906738390998,0.029878926633324365,0.0,0.0,0.003181520304970431,0.003417390393860964,0.8880971123787109,0.8824304007514211,0.022519062734929145,0.0233851576892627,30.0,29,48.0,46,10.0,10,46.0,44,348,348,348.0,0.66,0.999380527647094,1.0,398,0.004687833612451313,0.1852459851465069,0.02661699003554796,0.0013910075296694746,0.0008202271962245332,9.603641059262024e-07,True,200,254,255
WFG2,22,2,6,260,3,3,True,97,100,10,11,4,0.08846700646435514,0.08846699242085301,0.002627236616042916,0.00034398948064033597,0.009073470829924823,0.009022591759000664,0.7457835631774419,0.881367752583775,0.015996391100196124,0.016026548819634,12.0,13,21.0,22,2.0,4,18.0,20,374,374,374.0,0.61,0.9991233197534866,1.0,398,0.0031201255542963836,0.18449224339521608,0.043502525937543446,0.0009354682840148065,0.0005512617390411266,9.453663676208391e-07,True,200,259,260
WFG2,22,2,7,263,3,3,True,109,109,6,6,3,0.018417665908148168,0.018417638609092707,0.0033858817108163297,0.003385835507412782,0.011188992238781956,0.011188990924060718,0.9718342568106877,0.9739576066339737,0.019606798450921028,0.019606933643918377,8.0,8,13.0,13,4.0,4,10.0,10,330,332,330.0,0.71,0.9986053692353059,1.0,398,0.002812003865569936,0.18387401643138115,0.06424691161251905,0.0007555855470375294,0.000465842322356221,9.366806580831561e-07,True,200,262,263
WFG2,22,2,8,266,3,3,True,107,107,9,9,3,0.01944114615571979,0.01944113548016657,0.0,0.0,0.00985961994759299,0.009859585114886493,0.659448384477459,0.6540007852751533,0.003785617343364156,0.0037856036972864116,11.0,11,17.0,17,4.0,4,14.0,14,382,382,382.0,0.665,0.9988067246343323,1.0,398,0.0031662267065398833,0.1838478629517968,0.04967684213846635,0.000743127467431437,0.00043822754529829774,9.278472906542541e-07,True,200,265,266
WFG2,22,2,9,269,4,3,True,104,104,10,10,4,0.08444422818595505,0.08444424442533487,0.0,0.0,0.0002801894163197427,0.0002801873538141597,0.47346845367295387,0.46961387812109107,0.02298378266140882,0.02298361191021368,12.0,12,21.0,21,2.0,2,18.0,18,376,376,376.0,0.76,0.9993374196173993,1.0,398,0.0023043632496143676,0.18490391380495125,0.025202328930034046,0.0006105552674160464,0.00037132022543980844,9.189402442360252e-07,True,200,268,269
WFG2,22,2,10,273,3,3,True,90,90,7,7,3,0.027787510388053688,0.02778750305601574,0.0,0.0,0.003857808787240846,0.003857850001743768,0.8942890973663129,0.8929071553704339,0.021350371482562986,0.02135055806334513,9.0,9,15.0,15,6.0,6,12.0,12,386,386,386.0,0.755,0.9995116644255213,1.0,398,0.0012710893398599145,0.1835034607836002,0.015672036685295154,0.0003549154244246733,0.00020771759948770956,9.073346798344124e-07,True,200,272,273
WFG2,22,2,11,276,4,3,True,94,95,12,12,4,0.07984393209838023,0.07984392876604847,0.0,0.0,0.0029324510318093563,0.0029324456556254056,0.5307254093795564,0.5305484702310894,0.01957449422075485,0.019574261098445685,14.0,14,24.0,24,8.0,8,22.0,22,370,370,370.0,0.74,0.9970451899124594,1.0,398,0.0017575650263162317,0.18432533691141725,0.03751667650763979,0.0005164606214882461,0.00030121783522909715,8.993362105908058e-07,True,200,275,276
WFG2,22,2,12,280,4,3,True,95,96,17,17,4,0.04600834826086875,0.046008387978525134,0.0,0.0,0.0035743777294510726,0.0035743790684808208,0.6108748971299072,0.6119874056432257,0.018421780146686096,0.018421806157904626,19.0,19,34.0,34,2.0,2,30.0,30,374,374,374.0,0.85,0.9987103468171751,1.0,398,0.0014087028512824698,0.18373473816737235,0.03242388421797937,0.0003118009198561922,0.00018798480804086226,8.883513634629422e-07,True,200,279,280
WFG2,22,2,13,284,4,3,True,100,100,28,28,4,0.13792253831383988,0.13792252943361863,0.0,0.0,0.0018044952545232251,0.001804501350517046,0.43020765112113324,0.42474689123104786,0.027662275715419234,0.027662023621000155,30.0,30,57.0,57,4.0,4,54.0,54,364,364,364.0,0.79,0.9990956657539196,1.0,398,0.0025250994376258195,0.18492370052360818,0.03298596630198514,0.000597770752897242,0.00035322289342327106,5.687772354842437e-07,True,200,283,284
WFG2,22,2,14,288,4,3,True,100,100,22,21,4,0.06614229249367445,0.06614232701550771,0.0,0.0,0.0018616197879782713,0.0018916723102676558,1.0724240915541383,1.067939599265836,0.03612187458550937,0.035938859264995404,24.0,23,44.0,42,4.0,4,42.0,40,366,366,366.0,0.78,0.9994425156689112,1.0,398,0.005050930214751606,0.18712772996983515,0.03166653109862683,0.0011423503706595728,0.0007283172036839729,5.344020710356557e-07,True,200,287,288
WFG2,22,2,15,292,5,3,True,90,90,32,32,5,0.07461837935061416,0.07461838168782964,0.0,0.0,3.869971930767213e-05,3.87058743335153e-05,1.0936151707400104,1.0900300608704836,0.05962025755998487,0.059620102881932646,36.0,36,66.0,66,8.0,8,62.0,62,362,362,362.0,0.75,0.9990752249767376,1.0,398,0.0036516516963609456,0.18648257125038636,0.02556883082072048,0.0010367267465061225,0.000615444809463709,5.003632526234608e-07,True,200,291,292
WFG2,22,2,16,297,6,3,True,88,88,30,30,6,0.1122396657266271,0.11223964395926082,0.0,0.0,0.002380825896833489,0.002380834284013679,0.8056170962008711,0.8028247944043974,0.02571690162626924,0.02571691756606028,32.0,32,62.0,62,8.0,8,58.0,58,380,380,380.0,0.815,0.9994316762365908,1.0,398,0.0017708035280624883,0.1848007393404421,0.021494507652887407,0.000350199709077903,0.00020734713423964499,4.946113680551097e-07,True,200,296,297
WFG2,22,2,17,303,5,3,True,68,68,10,11,5,0.13631772381327853,0.13631774170467792,0.0,0.0,0.0018698969213957195,0.003396507376808258,0.8209777494723962,0.8171607202591947,0.04870014662751882,0.04732159747655016,12.0,13,23.0,25,4.0,2,18.0,20,390,390,390.0,0.915,0.9998655119356431,1.0,398,0.001023526038978003,0.18408924810959684,0.009622470648807724,0.00026042039103413295,0.00015482242177637954,3.6872469923569415e-07,True,200,302,303
WFG2,22,2,18,308,2,3,True,58,58,10,10,2,0.04770275995723375,0.047702753065928416,0.0015019630242288362,0.0015019820918344418,0.02419286833114366,0.024192867699727644,-2.9347797253070826,-2.933947654753846,0.006359677852346406,0.0063595923667556726,14.0,14,20.0,20,8.0,8,18.0,18,386,386,386.0,0.975,0.9999855218881378,1.0,398,0.0005018286915629304,0.18359072572603083,0.006229290337100846,0.00010067207447617132,6.176395366378348e-05,3.235924181321428e-07,True,200,307,308
WFG2,22,2,19,310,3,3,True,97,97,10,10,3,0.09638215827922178,0.09638216462638392,0.0,0.0,0.0036916001337019243,0.0036916180836657903,-0.26204121355056564,-0.26119619184944,0.005478088965960868,0.005477850567128971,12.0,12,21.0,21,6.0,6,18.0,18,384,384,384.0,0.91,0.9999625019176643,1.0,398,0.0012145008643770921,0.18350341132822945,0.01523244380686184,0.00018768535449459334,0.00011265384830889141,3.077028497344475e-07,True,200,309,310
WFG2,22,2,20,313,2,3,True,84,84,4,4,2,0.05139534430761006,0.05139533829012255,0.0,0.0,0.0006483659262978558,0.0006483691863811702,-7.34003881613433,-7.340422468792301,0.007896578105807349,0.007896642264245916,6.0,6,9.0,9,4.0,4,6.0,6,380,380,380.0,0.96,0.9999684305953711,1.0,398,0.0005776581653848195,0.183719446459427,0.023431939423271597,0.0001383776647414514,8.694548080580702e-05,3.057432263791935e-07,True,200,312,313
WFG2,22,2,21,315,2,3,True,92,92,7,7,2,0.03377240146982485,0.03377238502311569,0.0,0.0,0.0,0.0,-0.826983915194063,-0.8265600096274405,0.011681410273569197,0.011681459776889051,10.0,10,15.0,15,2.0,2,12.0,12,386,386,386.0,0.95,0.9999713675191737,1.0,398,0.000914413903730591,0.1838886200784591,0.004522979845012376,0.00022530330903014484,0.00013763945259118981,2.854034061017526e-07,True,200,314,315
WFG2,22,2,22,317,2,3,True,82,82,16,16,2,0.04360215205014407,0.043602155061861006,0.0,0.0,0.0,0.0,-6.525251375047532,-6.527896645942884,0.02233264064222131,0.022332400178248654,16.0,16,33.0,33,6.0,6,30.0,30,374,374,374.0,0.97,0.9999777852435997,1.0,398,0.0007039389339816061,0.1839717939436497,0.0046376554123961355,0.00024964855905168504,0.0001541920281094109,2.77194870256088e-07,True,200,316,317
WFG2,22,2,23,319,2,3,True,96,96,12,12,2,0.02152544745537187,0.021525438387029958,0.0,0.0,0.004317749729400189,0.004317698728989128,0.2843962985622106,0.28593458987596787,0.004329617337290365,0.004329606244152779,14.0,14,24.0,24,8.0,8,20.0,20,380,380,380.0,0.94,0.999945541142667,1.0,398,0.0007266919994049225,0.18392763317796826,0.0026925193846925044,0.00016303945810003384,0.00010504114516084264,2.743035857586066e-07,True,200,318,319
WFG2,22,2,24,321,2,3,True,57,57,12,12,2,0.023774959663136808,0.02377496695968337,0.0,0.0,0.0036025348197059673,0.00360251074696099,0.8643248122171823,0.8602766586263897,0.00446178896548254,0.004461851455390242,14.0,14,23.0,23,2.0,2,22.0,22,380,380,380.0,0.92,0.9999789252471106,1.0,398,0.0005548667642641185,0.18355490477014488,0.015481718404998901,0.00010529965692351873,6.393758868986196e-05,1.6896038519137e-07,True,200,320,321
WFG2,22,2,25,323,3,3,True,73,73,11,11,3,0.14618172062752452,0.14618170683304574,0.0,0.0,0.0,0.0,-5.466759402463083,-5.465020259482117,0.03092477331269109,0.030924792164446213,13.0,13,23.0,23,6.0,6,20.0,20,394,394,394.0,0.945,0.9999745740302316,1.0,398,0.0007236553866102765,0.18376825248187847,0.005315771643921607,0.00018392136304279383,0.00011620680010161475,1.6777418634957483e-07,True,200,322,323
WFG2,22,2,26,326,3,3,True,86,86,8,8,3,0.026606668249437415,0.026606647418232543,0.0,0.0,0.006261250684808428,0.006261252736119438,-14.845003325161512,-14.851086297483562,0.00953581814296262,0.009535832914522535,10.0,10,18.0,18,2.0,2,14.0,14,360,360,360.0,0.965,0.9999811510439987,1.0,398,0.0005173886781662757,0.1835689665403724,0.0036373159268805466,0.00022672560725167656,0.00015325333839326253,1.5760761112562812e-07,True,200,325,326
WFG2,22,2,27,329,3,3,True,91,91,18,18,3,0.04893614759861642,0.04893613679742337,0.0,0.0,0.0055985261663516125,0.005598553612116634,-8.254150491197429,-8.253237909844298,0.003682135877305302,0.0036821477837218897,20.0,20,40.0,40,12.0,12,34.0,34,386,386,386.0,0.955,0.9999473399952765,1.0,398,0.0004910179852351383,0.18368318465911815,0.0035490451443820348,0.00016732223611426456,0.00010782421560877742,1.5609243392872104e-07,True,200,328,329
WFG2,22,2,28,332,4,3,True,97,97,15,15,4,0.03980556699047533,0.03980558490233868,0.0,0.0,0.0,0.0,-6.240983221653101,-6.242264308953963,0.007653054160952194,0.007653052431656482,17.0,17,31.0,31,4.0,4,28.0,28,280,280,280.0,0.96,0.9996102607081245,1.0,398,0.00040918592744279347,0.18350342013958054,0.004603224359698288,9.748752513605297e-05,7.351909644572165e-05,1.4834255228373916e-07,True,200,331,332
WFG2,22,2,29,336,2,3,True,89,89,23,21,2,0.02477354961019862,0.024773547626836367,0.0,0.0,0.0,0.0,-8.542084823893166,-8.543944177561059,0.009839875407611956,0.009837639358365902,14.0,12,58.0,54,12.0,12,44.0,40,362,362,362.0,0.855,0.9988087735753531,1.0,398,0.0015963367834519989,0.18350341983763574,0.009751755234901793,0.0002939303331004339,0.0001775498160830757,1.562931861785618e-08,True,200,335,336
WFG2,22,2,30,338,4,3,True,66,66,7,7,4,0.06803501259227851,0.06803503758030627,0.0,0.0,0.013731582559598055,0.013731585509894173,-5.76938237007945,-5.77242282345469,0.015265625923048962,0.015265578927348145,9.0,9,15.0,15,2.0,2,12.0,12,356,356,356.0,0.865,0.9997925037231091,1.0,398,0.0016114099444553098,0.1838751809828827,0.02558061311765414,0.00029820984489359326,0.00017792228840633975,1.5470331258431104e-08,True,200,337,338
WFG2,22,2,31,342,2,3,True,101,101,7,7,2,0.02911417794573256,0.02911418309028279,0.0011026454433781252,0.001102707417436788,0.013085518290244735,0.013085528698607019,-5.077123608630059,-5.079355892223248,0.008398282702802143,0.00839903366691619,10.0,10,13.0,13,2.0,2,12.0,12,394,394,394.0,0.85,0.9992855388468701,1.0,398,0.0007700939017114176,0.18351395917061897,0.0038475457542972435,0.00012536338035384897,7.464441482589529e-05,1.534378846011661e-08,True,200,341,342
WFG2,22,2,32,344,2,3,True,35,35,3,3,2,0.10467130650109764,0.10467131539470609,0.00019740277846441723,0.00019742231893027373,0.011482799337843186,0.011482797117257804,-5.705061058196385,-5.704873901066321,0.008963237647356096,0.008963721755355536,5.0,5,7.0,7,2.0,2,4.0,4,380,380,380.0,0.82,0.9998513421155293,1.0,398,0.0007529839181270147,0.1836384028001253,0.023063346748813274,0.00017055320666092832,0.00011889485466193918,1.526706264342646e-08,True,200,343,344
WFG2,22,2,33,346,4,3,True,55,55,8,8,4,0.11284050608864525,0.1128405131161053,7.378074332503592e-05,7.377155106635946e-05,0.01811940755402107,0.01811942289346831,-5.542453905131259,-5.543057855720917,0.0061344326010361674,0.0061343897754384535,11.0,11,16.0,16,4.0,4,14.0,14,378,378,378.0,0.91,0.999480061357878,1.0,398,0.0004329095321062442,0.18345686309332326,0.0035661473805248534,8.181848579447148e-05,4.930907020593242e-05,1.519461266417023e-08,True,200,345,346
WFG2,22,2,34,350,2,3,True,57,57,7,7,2,0.046907852139183026,0.046907887524508696,0.009039809297005208,0.009039796521748189,0.01368307675322511,0.013683056113331094,-2.4559103537909497,-2.455939954240307,0.006139494470028588,0.006139479898064515,9.0,9,15.0,15,6.0,6,12.0,12,376,376,376.0,0.895,0.999610094885126,1.0,398,0.0006244414653179785,0.18350343189648177,0.004888305690201378,0.0001224121347952467,7.46705898807384e-05,1.4012880981672071e-08,True,200,349,350
WFG2,22,2,35,352,4,3,True,66,66,23,22,5,0.053946216459686835,0.05394620900226871,0.0,0.0,0.005377282692222485,0.005603809499613033,0.13556665175313043,0.10203932577348951,0.008322716150759942,0.00788881795329699,26.0,25,45.0,44,8.0,6,44.0,42,392,392,392.0,0.86,0.9995664528428689,1.0,398,0.0006405612971566544,0.18356288110356264,0.008874757646253784,0.00012284582038268876,7.336042932448077e-05,1.3698503715071859e-08,True,200,351,352
WFG2,22,2,36,356,2,3,True,50,50,3,3,2,0.1719891853463829,0.17198915858649333,0.024372714708996553,0.02437271710105803,0.03934794886159643,0.03934796676157559,-7.223507156353989,-7.223796898984119,0.015392317231549333,0.015392315123444522,5.0,5,7.0,7,2.0,2,4.0,4,354,354,354.0,0.925,0.9999209342863535,1.0,398,0.0007386934624247249,0.1834341240488035,0.014692796042254486,0.0003430600542912998,0.00028621395539043084,1.3466087732248185e-08,True,200,355,356
WFG2,22,2,37,358,3,3,True,63,63,4,4,3,0.04983967899279418,0.04983966480550983,0.00018881704917599745,0.00018882254884778488,0.019566998397631874,0.01956698700165649,-14.120997883459454,-14.124952076595946,0.0478587153457922,0.04785862865365642,6.0,6,9.0,9,2.0,2,6.0,6,368,368,368.0,0.835,0.9997398957092803,1.0,398,0.0005043464188926397,0.18349311135532995,0.018939078410994625,0.00015194650768535212,0.0001281964706727526,1.3351911153099398e-08,True,200,357,358
WFG2,22,2,38,361,2,3,True,106,106,11,11,2,0.09031417252108609,0.09031418793768298,0.00012553976836615632,0.00012554124407404554,0.011040063877463702,0.011040002428452711,-5.358410159043974,-5.366081234420562,0.021060451821168526,0.021060262185759626,13.0,13,22.0,22,2.0,2,20.0,20,392,392,392.0,0.85,0.9984688608940214,1.0,398,0.0008541033955593057,0.1834908965557734,0.01571098603608334,0.00022370481276823284,0.00016172749381078818,1.3234577970141116e-08,True,200,360,361
WFG2,22,2,39,363,2,3,True,108,108,11,11,2,0.03449835059995987,0.034498374285484856,0.0,0.0,0.0,0.0,-4.796788273602337,-4.796516164849891,0.023430466130113254,0.023430469011088917,13.0,13,23.0,23,6.0,6,20.0,20,376,376,376.0,0.83,0.9992006364658842,1.0,398,0.00046901523189837516,0.18347818579194455,0.01490666683002928,0.0001065631708396797,7.750906913859138e-05,1.317643577807e-08,True,200,362,363
WFG2,22,2,40,365,3,3,True,56,56,4,4,3,0.05765625458062451,0.05765627222756309,0.0034813080495740834,0.003481307444214876,0.034417832488253836,0.03441783284156394,-2.9571875879975202,-2.964680427157873,0.016842646327118457,0.016842335795294927,6.0,6,9.0,9,2.0,2,6.0,6,396,396,396.0,0.93,0.9997271037616908,1.0,398,0.0005071935669095534,0.18350924274680164,0.00815316500074914,0.00010854394304260495,7.031004492331772e-05,1.3123848748566853e-08,True,200,364,365
WFG2,22,2,41,368,4,3,True,47,47,20,20,4,0.1388697758855221,0.13886977353891602,0.0,0.0,0.0,0.0,-0.08658476175657093,-0.08455977438825357,0.017077017495669884,0.017077110722151012,23.0,23,41.0,41,8.0,8,38.0,38,392,392,392.0,0.87,0.9993868677703371,1.0,398,0.000541780959454208,0.18350340456062858,0.003430452563407016,0.00012807971158146358,7.586847196248626e-05,1.26880326305961e-08,True,200,367,368
WFG2,22,2,42,372,3,3,True,76,76,11,11,3,0.08310224052594262,0.08310227832035999,0.0,0.0,0.02449895707203177,0.024498985962976345,-1.2050726240192873,-1.2050013924781524,0.004137498772958192,0.004137509139704676,14.0,14,23.0,23,8.0,8,18.0,18,386,386,386.0,0.87,0.9990181888367387,1.0,398,0.0006212846236597078,0.18350343080085063,0.024098186322135007,9.044085398679513e-05,5.4005564564477527e-05,1.257916031337663e-08,True,200,371,372
WFG2,22,2,43,375,3,3,True,52,52,9,9,3,0.11602073549987069,0.11602072451965112,0.00029049214646548194,0.0002904437845872021,0.015108283473735329,0.015108271991999711,-1.554692517481957,-1.554930240039539,0.006021433369388487,0.006021407332283957,11.0,11,18.0,18,4.0,4,16.0,16,378,378,378.0,0.67,0.9920550167048804,1.0,398,0.0003279947959349797,0.18350343075916647,0.03215960606985391,6.244295263968525e-05,3.7288279259297286e-05,1.2506522080294739e-08,True,200,374,375
WFG2,22,2,44,378,3,3,True,57,57,17,17,3,0.08787884919571681,0.08787882254061685,0.0,0.0,0.00854137227552959,0.008541397479824908,-1.9045447168379663,-1.9081037681828263,0.010044627763756508,0.010045265187681007,19.0,19,34.0,34,6.0,6,32.0,32,380,380,380.0,0.795,0.9988385057399707,1.0,398,0.00021271237284298835,0.18350340437839374,0.04159532979042524,6.506106087211805e-05,3.941845705727898e-05,1.2291746920953194e-08,True,200,377,378
WFG2,22,2,45,381,3,3,True,71,71,15,15,3,0.09367770613197243,0.09367770090035335,0.0,0.0,0.0011782213652844487,0.00117819284581977,-0.3141682332325768,-0.3132735181970929,0.010270441381424742,0.010270514208753134,17.0,17,30.0,30,4.0,4,26.0,26,390,390,390.0,0.59,0.980480930145239,1.0,398,0.00034654521855582185,0.1835034044732073,0.022057890498217603,5.367392752342326e-05,3.243886189111636e-05,1.2146801304833205e-08,True,200,380,381
WFG2,22,2,46,384,5,3,True,105,105,19,19,4,0.07034535475072212,0.07034534137952364,0.0,0.0,0.00029396904015832614,0.0002939604067595525,-1.3921673200044697,-1.3922498403808277,0.008583402534146668,0.008583438062713888,23.0,23,39.0,39,4.0,4,36.0,36,394,394,394.0,0.79,0.9982982455573424,1.0,398,0.00018684266889193785,0.18350340435574697,0.010756283616046858,2.3549816518197986e-05,1.49513326611329e-05,1.2074283075223832e-08,True,200,383,384
WFG2,22,2,47,389,4,3,True,40,40,12,12,4,0.08038574766743257,0.0803857500697572,0.0,0.0,0.0024568504300178096,0.0024568761618407042,-23.889836371418795,-23.896737967646914,0.010282778519612424,0.010282722965230029,15.0,15,24.0,24,8.0,8,22.0,22,344,344,344.0,0.675,0.9884614852811124,1.0,398,0.00038175704312759116,0.18347049060306314,0.023839384739403613,0.00018543387113822973,0.0001755741744007237,3.3803133070571176e-09,True,200,388,389
WFG2,22,2,48,393,3,3,True,42,42,19,19,3,0.43971269990710465,0.4397127181039135,0.0,0.0,0.0015022681507262936,0.0015022190366604793,-5.156994845911727,-5.157461543834529,0.006467940442353605,0.006467322696473321,21.0,21,45.0,45,10.0,10,36.0,36,398,398,398.0,0.79,0.9963992617976564,1.0,398,0.00016923484478060323,0.18350340425924971,0.01126245003842996,3.865662875845999e-05,2.3424837315266663e-05,3.2843246819607926e-09,True,200,392,393
WFG2,22,2,49,396,3,3,True,38,38,6,6,3,0.43309077933767776,0.43309073069450765,0.0031173070214915444,0.003117314301395502,0.013447362304192384,0.013447394975800775,-2.419488417842505,-2.4216538284934757,0.015675356784884426,0.015676120482598366,8.0,8,13.0,13,4.0,4,10.0,10,384,384,384.0,0.64,0.9810997966451894,1.0,398,0.00015642849809652067,0.1835034043543841,0.025056709122964094,1.7026734568048596e-05,1.193909721991973e-05,3.254373836110295e-09,True,200,395,396
WFG2,22,2,50,399,2,3,True,31,31,2,2,2,0.07164314935423433,0.07164315481519323,0.04708899551552807,0.047088990765581665,0.0593660724348812,0.05936607279038745,-18.520585582891847,-18.521163772416912,0.00518391179433033,0.005183904968153463,4.0,4,5.0,5,2.0,2,2.0,2,390,390,390.0,0.64,0.9879550292647498,1.0,398,3.188360176036611e-05,0.18350340437111895,0.036054255054750683,2.1390286378597523e-05,1.608107230113959e-05,3.233051639754898e-09,True,200,398,399
WFG2,22,2,51,401,2,3,True,37,37,13,13,2,0.09818180575662494,0.09818179543773614,0.0,0.0,0.007804663883726359,0.007804773897526873,-23.38784421280679,-23.387498553463956,0.06608205889133308,0.06608202734602209,15.0,15,28.0,28,8.0,8,24.0,24,380,380,380.0,0.625,0.9572609765053939,1.0,398,4.207263148829307e-05,0.1835034043340542,0.034630230116363236,2.556496285954779e-05,2.2605909381765282e-05,3.173613768249857e-09,True,200,400,401
WFG2,22,2,52,403,5,3,True,56,56,23,23,5,0.06006291660234105,0.060062925117537955,0.0,0.0,0.0020050771956870578,0.0020050790784227196,-8.046237130093779,-8.046639110616525,0.03092120216240531,0.030921175474057705,25.0,25,52.0,52,2.0,2,44.0,44,390,390,390.0,0.64,0.9697728252772917,1.0,398,2.464223306954938e-05,0.18350340443601415,0.01640654918810469,1.613210782802632e-05,1.2655227471576133e-05,3.15833323811511e-09,True,200,402,403
WFG2,22,2,53,408,4,3,True,36,36,11,11,4,0.1079369568464007,0.10793701537522238,0.0,0.0,0.003981190704045998,0.003981177144546308,-18.81212791425188,-18.81551756562112,0.013067354275063878,0.013067276361351965,14.0,14,23.0,23,6.0,6,20.0,20,372,372,372.0,0.905,0.9990269298837537,1.0,398,0.00025822833188974935,0.18340148355600533,0.006781365164897579,0.00013322968106876942,0.00013281925056418046,3.028001011381994e-09,True,200,407,408
WFG2,22,2,54,412,3,3,True,55,55,17,17,3,0.029613936271080055,0.02961394484947287,0.0,0.0,0.0027049080498798006,0.0027049074522572936,-7.245096115273361,-7.244446968539705,0.030739371587212,0.0307393045171851,19.0,19,34.0,34,6.0,6,32.0,32,394,394,394.0,0.935,0.9994381043208869,1.0,398,0.00013239962400677654,0.18350339053550857,0.00538293447129945,6.702194082208734e-05,4.080030584985565e-05,2.9474679952279964e-09,True,200,411,412
WFG2,22,2,55,415,3,3,True,84,84,14,14,3,0.05232032230528144,0.05232031798470166,0.0,0.0,0.008373876264976432,0.008373874843847174,-1.7710139297445426,-1.770428772771993,0.02093552022450414,0.020935543039800365,18.0,18,28.0,28,8.0,8,26.0,26,390,390,390.0,0.89,0.9989384933323008,1.0,398,0.00011594268189346348,0.18350703009813915,0.0019878218381563784,6.44905979452215e-05,4.014421306917318e-05,2.863475225119013e-09,True,200,414,415
WFG2,22,2,56,418,3,3,True,55,55,25,25,3,0.05187846597845548,0.05187847015418598,0.0,0.0,0.0016987027708389446,0.0016986969836403076,-4.405292668893686,-4.407758398305305,0.032520851001772634,0.032520685137901684,26.0,26,52.0,52,16.0,16,46.0,46,354,354,354.0,0.925,0.9998014148530024,1.0,398,0.0002743724227079458,0.18346761335857195,0.0014843339031358482,0.00014429838869922662,9.913954113139199e-05,2.8073426048510155e-09,True,200,417,418
WFG2,22,2,57,421,4,3,True,86,86,25,25,4,0.06954878702812722,0.0695487646123174,0.0,0.0,3.4519248368614086e-06,3.4288125884129883e-06,-1.8138442465395102,-1.8137882931623608,0.010293541619981496,0.010293507380699132,28.0,28,51.0,51,8.0,8,46.0,46,386,386,386.0,0.805,0.9980301464789423,1.0,398,5.4494898282670575e-05,0.18350340447937558,0.002542571859066811,1.941617142620089e-05,1.3014874821614209e-05,2.7402595527107967e-09,True,200,420,421
WFG2,22,2,58,425,4,3,True,106,106,22,22,4,0.033703500839662504,0.03370348946898358,0.0,0.0,0.0007829050077227118,0.0007829070012443998,-6.688512001830315,-6.691349288435958,0.01363056397948517,0.013630543241198596,24.0,24,48.0,48,10.0,10,42.0,42,382,382,382.0,0.95,0.9999310704465592,1.0,398,7.912648271178775e-05,0.18349600673557587,0.0009778222406566783,4.1041920536777354e-05,2.877847642614443e-05,2.6971985913654327e-09,True,200,424,425
WFG2,22,2,59,429,2,3,True,90,90,27,27,2,0.06945113869817249,0.06945116178055766,0.0,0.0,0.0015552616950165188,0.0015552317325793208,0.05458717383913836,0.0549530743228388,0.009879060123620302,0.009879284204501099,32.0,32,55.0,55,6.0,6,52.0,52,384,384,384.0,0.98,0.999941506868695,1.0,398,9.499882358334147e-05,0.18348854855102198,0.0010490678382666374,3.94424439309482e-05,2.4665363228706487e-05,2.661728109932412e-09,True,200,428,429
WFG2,22,2,60,431,4,3,True,53,53,20,20,4,0.051019365445195336,0.05101938236716613,0.0,0.0,0.0004902777630732408,0.0004902867360715192,-2.693480329987988,-2.696042250663595,0.008887985274734778,0.008887716527029403,22.0,22,42.0,42,10.0,10,38.0,38,388,388,388.0,0.875,0.9993057299658794,1.0,398,0.00010553141965477923,0.18350340407066068,0.020323673100847373,4.428537706013813e-05,2.9958797436544047e-05,2.645924798157815e-09,True,200,430,431
WFG2,22,2,61,435,3,3,True,103,103,8,8,3,0.04816375857448596,0.04816375900654057,0.0,0.0,0.003703522794080781,0.0037035322646050833,-5.054473467262618,-5.055969163677219,0.009482410534556226,0.009482329089820538,10.0,10,17.0,17,6.0,6,14.0,14,360,360,360.0,0.975,0.9999259004644924,1.0,398,8.265026607220578e-05,0.18353158427868538,0.0031648541071263026,4.990705019736197e-05,4.283521937849618e-05,2.4763212359120603e-09,True,200,434,435
WFG2,22,2,62,438,3,3,True,83,83,18,18,3,0.06234975788322021,0.06234975863369716,0.0,0.0,0.0011989737804321832,0.0011990031611927576,-0.5010986349833271,-0.5020874580404779,0.010894861399801944,0.010894867246889074,20.0,20,39.0,39,10.0,10,34.0,34,368,368,368.0,0.985,0.9999830426972042,1.0,398,0.00013774005037623147,0.1835043228648184,0.009998995881232986,3.138193023244362e-05,1.90757735506479e-05,2.4598489322875183e-09,True,200,437,438
WFG2,22,2,63,441,5,3,True,93,93,21,21,5,0.03862032301912893,0.038620325844012815,0.0,0.0,0.0005577339090462319,0.0005576981334840525,-1.3489172296310024,-1.3490044371064869,0.017536928508086604,0.017536959749284278,24.0,24,43.0,43,12.0,12,40.0,40,364,364,364.0,0.94,0.9990199220876123,1.0,398,9.132911673629568e-05,0.18350340535131565,0.0024314229663104925,2.1228188653577007e-05,1.2978799248100147e-05,2.447461840158076e-09,True,200,440,441
WFG2,22,2,64,446,4,3,True,99,99,12,12,4,0.03405810725609776,0.034058098912151225,0.0,0.0,0.005158198347015766,0.005158200489350437,-1.3062164773623586,-1.306381096768746,0.008743569906697998,0.008743712485406327,14.0,14,25.0,25,2.0,2,20.0,20,368,368,368.0,0.975,0.9999529480411085,1.0,398,8.170822424833466e-05,0.18350339035052632,0.0029761340360892063,2.480481538080781e-05,1.57221182946477e-05,2.4234179162596867e-09,True,200,445,446
WFG2,22,2,65,450,5,3,True,108,108,12,12,5,0.08217184864547797,0.0821718436924065,0.0,0.0,0.010128432849195087,0.01012844637913364,-2.417311999435446,-2.417403449620906,0.008738027530332874,0.008737949169232914,15.0,15,26.0,26,6.0,6,22.0,22,398,398,398.0,0.925,0.9992961100416075,1.0,398,5.4048509134199354e-05,0.18349573487495358,0.0019207995305805525,1.497495533864246e-05,9.510850657088035e-06,2.3928289702327038e-09,True,200,449,450
WFG2,22,2,66,455,3,3,True,39,39,6,6,3,0.04823864762795388,0.04823865256398685,0.00015236898512299701,0.0001523399591411012,0.016922900985406192,0.016922909786246637,-1.9202646812928261,-1.9200785452303535,0.007578556743802247,0.0075785362455940974,8.0,8,13.0,13,2.0,2,10.0,10,392,392,392.0,0.945,0.99984125303554,1.0,398,8.491141871655612e-05,0.18349946493620437,0.0009642060740588931,2.328553724179061e-05,1.8884529395600122e-05,2.142827051524963e-09,True,200,454,455
WFG2,22,2,67,458,4,3,True,92,92,9,9,4,0.045480570657759345,0.04548055789335659,0.0,0.0,0.013871107083769416,0.013871124073295688,-5.17995658246752,-5.180478541573393,0.008919386963218853,0.008919236151049462,10.0,10,19.0,19,2.0,2,16.0,16,372,372,372.0,0.93,0.9998132830960547,1.0,398,7.636564459766922e-05,0.1835034054146087,0.0014025482023498625,4.63653907540329e-05,3.979315961469809e-05,2.122017462320521e-09,True,200,457,458
WFG2,22,2,68,462,3,3,True,64,64,6,6,3,0.08932819822397542,0.08932819527710345,0.0019331220850508368,0.0019331303273950606,0.024387881789057812,0.024387874554055344,-4.715985193804766,-4.714964931748909,0.010011167512201673,0.010011217824787918,8.0,8,13.0,13,0.0,0,10.0,10,388,388,388.0,0.865,0.9986079625140601,1.0,398,0.0001315266107493306,0.1835034456378502,0.016244602849383227,2.8972946438443614e-05,2.1860370343792543e-05,2.0676554270645812e-09,True,200,461,462
WFG2,22,2,69,465,4,3,True,90,90,6,6,4,0.0593474222668533,0.05934742248779035,0.004083789161444917,0.004083745340403233,0.01831571291452111,0.018315704857899157,-1.3118370058032287,-1.311682121229751,0.004533064009986627,0.004533005483650774,9.0,9,13.0,13,2.0,2,10.0,10,386,386,386.0,0.88,0.9978750052721572,1.0,398,7.100216269776181e-05,0.18350339397783783,0.0008343920158040419,2.3771421381657554e-05,1.6081226924741226e-05,2.0198290500152033e-09,True,200,464,465
WFG2,22,2,70,469,3,3,True,88,88,16,16,3,0.03250870120411757,0.032508710895592804,0.0,0.0,0.009077186901179687,0.009077186357508565,1.2164837132792652,1.2166331814860314,0.006736804160914223,0.006736908861885227,20.0,20,31.0,31,6.0,6,28.0,28,380,380,380.0,0.94,0.9997817439081315,1.0,398,6.11542389530869e-05,0.18348578601578241,0.00027822806805488653,2.245277317264316e-05,1.6069872631509453e-05,1.999300625055037e-09,True,200,468,469
WFG2,22,2,71,472,1,2,False,83,83,1,1,1,0.02541395930634233,0.025413958850023677,0.02541395930634233,0.025413958850023677,0.02541395930634233,0.025413958850023677,-9.938910703608862,-9.939038649132272,0.018013151768208342,0.01801303869582002,,3,,3,,0,,0,392,392,392.0,0.905,0.9988248342264603,1.0,398,3.886144181997615e-05,0.18349737984492115,0.000597814044340339,1.2793793287557698e-05,8.646578998563519e-06,1.9804438465453036e-09,True,200,471,472
WFG2,22,2,72,473,2,3,True,112,112,3,3,2,0.04104435857520028,0.04104432674877123,0.005210081217769336,0.005210085548697306,0.024858005783767723,0.0248580035437227,-9.225448157970575,-9.234580450458452,0.011244559871771524,0.01124446964001427,5.0,5,7.0,7,2.0,2,4.0,4,376,376,376.0,0.87,0.9990333218837858,1.0,398,5.286947461999042e-05,0.18348671751041212,0.005568822544773866,1.7696879585527014e-05,1.3131546496231088e-05,1.9772404962603957e-09,True,200,472,473
WFG2,22,2,73,475,2,3,True,93,93,23,23,2,0.02715368349062247,0.027153670229560556,0.0,0.0,0.0,0.0,-7.392705456031193,-7.393941976621136,0.016558503943603326,0.016558513573592424,22.0,22,48.0,48,10.0,10,44.0,44,352,352,352.0,0.92,0.9992338347283374,1.0,398,5.4288131859994805e-05,0.18350250886855968,0.0006783665060083877,1.851713767925256e-05,1.2520146201747081e-05,1.970198442107259e-09,True,200,474,475
WFG2,22,2,74,477,2,3,True,97,97,19,19,2,0.03400763798048534,0.03400765956161933,0.0,0.0,5.29185092359441e-05,5.291330354684903e-05,-1.1539457131416242,-1.1536859427906165,0.007877396674018421,0.007877565608328141,23.0,23,37.0,37,12.0,12,36.0,36,378,388,378.0,0.63,0.9972587109000641,1.0,398,5.9053945648026924e-05,0.18350342844471895,0.16458679766719797,1.7447243358503783e-05,1.1792712346432199e-05,1.907160767222127e-09,True,200,476,477
WFG2,22,2,75,479,3,3,True,124,124,9,10,4,0.03303129595906343,0.033031297047869446,0.0013633295825863923,0.0013633284558237785,0.016926288050055787,0.011270398715314732,-3.765890921307591,-3.3515668796389946,0.008931200970069728,0.009024859362568331,11.0,12,18.0,21,4.0,2,16.0,18,396,396,396.0,0.8,0.9993736854217155,1.0,398,6.938225653673174e-05,0.1835154176698402,0.1283091299642365,1.3496047333583228e-05,9.51660469797048e-06,1.8982321499717065e-09,True,200,478,479
WFG2,22,2,76,482,4,3,True,76,76,9,9,4,0.1283875950463525,0.1283876096787817,0.0,0.0,0.008773249359955604,0.00877324815461289,-5.3693778629068625,-5.369464919785969,0.008305596434814667,0.008305594330501022,11.0,11,18.0,18,2.0,2,16.0,16,384,384,384.0,0.94,0.9996232754347827,1.0,398,0.00010452322072862955,0.18351240409794675,0.004217393468707087,1.6961964320216794e-05,1.2208591996211544e-05,1.87751302350708e-09,True,200,481,482
WFG2,22,2,77,486,2,3,True,78,78,17,17,2,0.04113929958872864,0.041139305442283336,0.0,0.0,0.0002980215614770687,0.00029800925612244455,-2.346096331465878,-2.344850907469663,0.0063579346301501465,0.006357866140242363,19.0,19,34.0,34,4.0,4,32.0,32,376,376,376.0,0.905,0.9986925340099034,1.0,398,8.88392978356657e-05,0.18351645347542897,0.021095750197673624,1.6756662716943538e-05,1.0935580345961586e-05,1.8654913537629264e-09,True,200,485,486
WFG2,22,2,78,488,2,3,True,106,106,8,8,2,0.04543365155497511,0.045433638525939124,0.0022208759773146014,0.0022208745620293513,0.01394785299413829,0.013947855803694328,-1.3986536158615213,-1.4580405449341924,0.0064395346192736925,0.006439487095986407,10.0,10,16.0,16,6.0,6,14.0,14,350,350,350.0,0.78,0.9990982356311872,1.0,398,5.1133363061905694e-05,0.18350340445011712,0.02337960093973379,1.0714961717894766e-05,6.3703116845495984e-06,1.8491837413593273e-09,True,200,487,488
WFG2,22,2,79,490,3,3,True,95,95,11,11,3,0.02330327534405685,0.023303325870715486,0.0,0.0,0.0,0.0,-4.349192236258876,-4.34911516873035,0.010165185472847074,0.01016525696327222,12.0,12,23.0,23,2.0,2,20.0,20,388,388,388.0,0.87,0.9985640967374569,1.0,398,2.802962384162097e-05,0.1835034043402076,0.008765353158196376,8.445606083817836e-06,5.031529675456354e-06,1.8433659094170155e-09,True,200,489,490
WFG2,22,2,80,493,2,3,True,114,114,5,5,2,0.040758967855685634,0.04075897060002865,0.0006970044937668896,0.0006970027783719454,0.01088538033748368,0.010885374415220833,-5.596126763530275,-5.668662806318025,0.03177263269449741,0.03177147705232919,7.0,7,11.0,11,4.0,4,8.0,8,354,354,354.0,0.895,0.9984188393630357,1.0,398,0.00010936833209608573,0.18350340522109865,0.02551963524410894,1.7227845809486553e-05,1.0585197297913453e-05,1.8348373818112531e-09,True,200,492,493
WFG2,22,2,81,495,2,3,True,98,98,4,4,2,0.052174341902123444,0.05217433260142529,0.0081271578711561,0.008127153049372567,0.03513113746206619,0.03513113124183123,-2.6322105598442835,-2.632161350635215,0.005837550423488417,0.005837510324402981,6.0,6,9.0,9,4.0,4,6.0,6,368,368,368.0,0.87,0.9992624599987648,1.0,398,8.466619998419001e-05,0.1835055431325217,0.0102750863802612,1.5157589791314763e-05,9.546237651255156e-06,1.8273225455683638e-09,True,200,494,495
WFG2,22,2,82,497,3,3,True,99,104,18,18,3,0.024916391302576724,0.02491637099271793,0.0,0.0,0.002348803604619712,0.0023487788071629434,0.022281622016288694,0.022347253125190036,0.007206962077952188,0.007206680895323669,21.0,21,37.0,37,4.0,4,34.0,34,392,392,392.0,0.75,0.9964319903830445,1.0,398,4.0953959304961205e-05,0.18350467473072202,0.017084944359794463,7.073152861636345e-06,4.2097373036006395e-06,1.8201960518759273e-09,True,200,496,497
WFG2,22,2,83,500,3,3,True,89,89,18,18,3,0.043217565788578716,0.04321757056813186,0.0,0.0,0.001535980687402537,0.0015359846094077027,-0.9294612648887561,-0.9770154280267889,0.016620955140812587,0.01661982265163453,22.0,22,37.0,37,6.0,6,32.0,32,390,390,390.0,0.9,0.9993365576143237,1.0,398,7.122674459704559e-05,0.18350340375576674,0.014887645925227844,2.1553846409005928e-05,1.2831938095686107e-05,1.7224443498916098e-09,True,200,499,500
WFG2,22,2,84,503,3,3,True,101,101,17,17,3,0.022877325944913762,0.022877349087689458,0.0,0.0,0.0,0.0,-0.851993509503643,-0.8520337788395409,0.006597089327925686,0.006597099017878,20.0,20,34.0,34,2.0,2,32.0,32,378,378,378.0,0.77,0.9964583054621821,1.0,398,5.352278418247309e-05,0.18350340830985207,0.03403728745843182,1.2454347835699764e-05,7.441773532914676e-06,1.7136047171734148e-09,True,200,502,503
WFG2,22,2,85,506,3,3,True,100,100,16,16,3,0.0617761823806805,0.061776171850592476,0.0,0.0,0.003168179394404419,0.0031681849256240124,0.38895483046131396,0.4473082574077125,0.009043065758725809,0.009043340640432933,19.0,19,31.0,31,6.0,6,30.0,30,386,386,386.0,0.715,0.9969501460983559,1.0,398,4.66815043207058e-05,0.18350338679078357,0.07848091118285083,1.2954666090081446e-05,7.720495340563213e-06,1.699269133862462e-09,True,200,505,506
WFG2,22,2,86,509,4,3,True,102,104,21,21,4,0.021890639526066902,0.02189063679588288,0.0,0.0,0.002931024561645401,0.0029310137354660593,-0.21160470650802132,-0.2210720548100653,0.007622889460974066,0.0076229199253191465,28.0,28,41.0,41,4.0,4,40.0,40,370,370,370.0,0.77,0.994010680682119,1.0,398,5.456531822875302e-05,0.18350340951930155,0.0694038386682223,1.3200877560848312e-05,7.856782936161704e-06,1.6791406161906508e-09,True,200,508,509
WFG2,22,2,87,513,3,3,True,88,88,13,13,3,0.028680759196549506,0.0286807532205519,0.0,0.0,0.00390184958933025,0.0039018556609587973,0.7447866489622861,0.7549783042486524,0.02704100004669515,0.02704309067005045,15.0,15,27.0,27,6.0,6,22.0,22,358,358,358.0,0.735,0.9933856320091174,1.0,398,7.440010268805555e-05,0.1835033838269212,0.09949388757422639,2.7538276724747845e-05,1.638999086727338e-05,1.6659593050991308e-09,True,200,512,513
WFG2,22,2,88,516,4,3,True,97,104,25,24,4,0.08537619856820597,0.08534218949382055,0.0,0.0,0.001680839411498547,0.001349090949224696,0.5260090562334465,0.5266592143016169,0.010988086857284075,0.011003370535156487,29.0,28,50.0,49,10.0,12,48.0,46,378,378,378.0,0.815,0.9929771300295928,1.0,398,4.053267356187457e-05,0.18350338120680315,0.031144885151661583,1.4684352238170106e-05,9.242437449675954e-06,1.6568231288015106e-09,True,200,515,516
WFG2,22,2,89,520,2,3,True,106,106,7,7,2,0.023806224943462018,0.023806197587452282,0.000187623360543121,0.00018763065350058117,0.005070066906412735,0.0050700697318384474,-1.2873577044900646,-1.2875621557468548,0.009147393839763174,0.009147438765300872,9.0,9,14.0,14,6.0,6,12.0,12,354,354,354.0,0.87,0.9985134324864272,1.0,398,5.321256840950622e-05,0.18350341354819588,0.04034278673316294,1.1040000572393183e-05,7.072134180479524e-06,1.646889180755817e-09,True,200,519,520
WFG2,22,2,90,522,3,3,True,88,88,8,8,3,0.06240955796562209,0.06240962645469761,0.0,0.0,0.0004434691268500046,0.0004434680184441375,-9.292487739956888,-9.292500464027398,0.003944622631599147,0.003944725340872354,10.0,10,17.0,17,0.0,0,14.0,14,382,382,382.0,0.935,0.9994052110024109,1.0,398,3.0481354035460154e-05,0.18350344437979688,0.012691762639406079,7.5251828519640185e-06,4.761541230112154e-06,1.6346477341222427e-09,True,200,521,522
WFG2,22,2,91,525,4,3,True,92,92,11,11,4,0.038446906863711355,0.03844690564718212,0.0,0.0,0.006334234174043732,0.006334234463517215,-1.2015464322339913,-1.2028165215306217,0.007379926289452971,0.0073799085035374246,13.0,13,20.0,20,6.0,6,20.0,20,388,388,388.0,0.915,0.9997371799852524,1.0,398,6.714928104642711e-05,0.18350204426985406,0.01273940211012814,1.9314346900500823e-05,1.225475557135801e-05,1.6275970865614068e-09,True,200,524,525
WFG2,22,2,92,529,3,3,True,83,85,9,9,3,0.06616489173068771,0.06616488836252685,0.0,0.0,0.005266928222261796,0.005266926323912104,-0.734635662910593,-0.7344571233115857,0.007280398280812044,0.007280049430543039,11.0,11,19.0,19,6.0,6,16.0,16,376,376,376.0,0.91,0.998460326794138,1.0,398,3.821844028833828e-05,0.18349130945855818,0.024730537412324338,1.0615373193800792e-05,7.497321326637554e-06,1.6136863812108715e-09,True,200,528,529
WFG2,22,2,93,532,2,3,True,88,88,11,11,2,0.28609680410641336,0.28609680172403273,0.0,0.0,0.0016777635066235197,0.001677765812333365,0.3079009835693203,0.30800897904555313,0.006364766363471395,0.006364763673031404,13.0,13,23.0,23,6.0,6,20.0,20,388,388,388.0,0.86,0.9988737789484163,1.0,398,2.3100968295193456e-05,0.18350208063722848,0.030911847192328423,8.025137503864244e-06,5.133642245252386e-06,1.6056645882010648e-09,True,200,531,532
WFG2,22,2,94,534,3,3,True,101,101,10,10,3,0.09036093674534093,0.09036093275632062,0.0,0.0,0.0002031150247838176,0.0002031301116550699,0.3744063986220656,0.3744102635100717,0.005741387100716209,0.005741392376200898,12.0,12,22.0,22,4.0,4,18.0,18,382,382,382.0,0.95,0.9991055549561231,1.0,398,3.439623210021612e-05,0.18349233385353214,0.0012099110281269532,7.4731327828203575e-06,4.71251561314542e-06,1.5998639510951438e-09,True,200,533,534
WFG2,22,2,95,537,3,3,True,110,112,4,4,3,0.027056488740797247,0.027056469803867333,0.0034154123099823202,0.0034154124287320785,0.019354234187285643,0.01935425396179708,-3.9087684139616066,-3.9042089124850463,0.013963068027494134,0.013963279962612587,6.0,6,9.0,9,2.0,2,6.0,6,374,374,374.0,0.91,0.9994446784264627,1.0,398,5.8052274173157504e-05,0.1834845402927055,0.005289729240757879,1.3252938700247796e-05,8.005981681362192e-06,1.593153579393766e-09,True,200,536,537
WFG2,22,2,96,540,4,3,True,102,102,9,9,4,0.028738067861801886,0.028738084538329434,0.0,0.0,0.0025448066277424797,0.0025448189302690327,-7.05374848704561,-7.0656321832793765,0.0214104922128342,0.02141003865678262,10.0,10,19.0,19,2.0,2,16.0,16,356,356,356.0,0.955,0.9999315863360918,1.0,398,8.018751258401615e-05,0.18349960840294488,0.009920382972268271,1.7996827846644692e-05,1.1824520368044292e-05,1.5863089684197275e-09,True,200,539,540
WFG2,22,2,97,544,2,3,True,96,101,5,5,2,0.03474462483519158,0.03474462617166815,0.0,0.0,0.0018105571381357155,0.0018105547959067492,-5.346203358926099,-5.346286066895118,0.025173999354531306,0.02517397652203232,7.0,7,12.0,12,2.0,2,8.0,8,358,358,358.0,0.945,0.9997671690161682,1.0,398,5.607139028670618e-05,0.1834895153724304,0.0033936098880076315,1.377926735912638e-05,8.366904419134261e-06,1.5657998536397403e-09,True,200,543,544
WFG2,22,2,98,546,2,3,True,86,86,3,3,2,0.07852635435464977,0.0785263575042556,0.00015535350514872537,0.0001553565139930102,0.05535176298757072,0.0553517621042105,-5.840982995089826,-5.840581401396776,0.005747991588563617,0.005747944138785023,5.0,5,7.0,7,2.0,2,4.0,4,388,388,388.0,0.895,0.9981346515590753,1.0,398,4.317875800716037e-05,0.18349749827925957,0.002770455976133235,1.1732051170554314e-05,7.4500235392304495e-06,1.5612583489436709e-09,True,200,545,546
WFG2,22,2,99,548,5,3,True,101,101,15,15,5,0.05493195098618259,0.054931950481684366,0.0,0.0,0.0015353914699525878,0.0015353915265097565,-1.4970397493894634,-1.497588364931289,0.005294118730897272,0.00529421381242462,17.0,17,30.0,30,6.0,6,28.0,28,384,384,384.0,0.93,0.9995727634078937,1.0,398,4.430758155401962e-05,0.1834908346579439,0.0025543393621774158,1.4476183636702444e-05,8.898190855337814e-06,1.5568421021674628e-09,True,200,547,548
WFG2,22,2,100,553,3,3,True,96,96,13,13,3,0.02274859016372327,0.0227485889653537,0.0,0.0,0.0017991287688561286,0.0017991348391356299,-4.429602139055557,-4.429826125793625,0.007821372994421217,0.007821324703211632,17.0,17,26.0,26,4.0,4,24.0,24,374,374,374.0,0.91,0.9986437940220616,1.0,398,5.080784977665271e-05,0.18348542147533725,0.006174986323458143,1.3792677236779127e-05,8.434799122542811e-06,1.5400033150097422e-09,True,200,552,553
WFG2,22,2,101,556,4,3,True,89,89,10,10,4,0.02279313518492021,0.02279316425869371,0.00012390344549492033,0.00012389651744268426,0.006001363714261805,0.006001353434035857,-3.6645897743279594,-3.6645771806070115,0.005046214134234995,0.0050460478284974075,12.0,12,20.0,20,6.0,6,18.0,18,366,366,366.0,0.965,0.9995087961788338,1.0,398,3.6586614228815174e-05,0.18350064704025676,0.004243272733219783,1.0916646715486422e-05,6.5262484594461306e-06,2.687599110940859e-10,True,200,555,556
WFG2,22,2,102,560,2,3,True,110,110,7,7,2,0.11097892969972,0.11097892890797967,0.003551000613398414,0.0035509972030309846,0.026905469235807535,0.026905472148501246,-2.836046026321128,-2.847803975309944,0.006455159696942708,0.0064551168213065335,9.0,9,15.0,15,4.0,4,12.0,12,398,398,398.0,0.97,0.9999522792798065,1.0,398,3.814320724520382e-05,0.18350344591386414,0.0029801288092130562,8.050747055676766e-06,4.850484811544557e-06,2.6732505225652097e-10,True,200,559,560
WFG2,22,2,103,562,4,3,True,99,99,12,12,4,0.03293035693259133,0.0329303809648398,0.0,0.0,0.012000245646108826,0.012000253892517354,-0.5359133013958708,-0.5359839406592073,0.0026344468165949222,0.0026344143288133948,15.0,15,24.0,24,4.0,4,22.0,22,394,394,394.0,0.95,0.9995979237486753,1.0,398,4.630666573774807e-05,0.18349982291647235,0.0024070061517704744,9.060238717495395e-06,5.394436353378987e-06,2.3238005631679224e-10,True,200,561,562
WFG2,22,2,104,566,3,3,True,78,78,13,13,3,0.055703007325319576,0.05570301228913327,0.0,0.0,0.008942453109536735,0.00894245291710735,-0.8874915069653628,-0.8872136018035235,0.005606061073437707,0.005605989131428624,15.0,15,27.0,27,6.0,6,24.0,24,388,388,388.0,0.93,0.9986862235927918,1.0,398,6.19873969110073e-05,0.1835018967086708,0.0018848168838303536,1.3102161140920998e-05,7.923994763373627e-06,2.3061302423378294e-10,True,200,565,566
WFG2,22,2,105,569,3,3,True,96,96,12,12,3,0.0637180267680036,0.06371802249266609,0.0,0.0,0.00563026532994243,0.005630269835277979,0.031124420332329095,0.033375422324752435,0.003503575294158379,0.0035035004941799397,14.0,14,25.0,25,2.0,2,22.0,22,398,398,398.0,0.935,0.9993325823641478,1.0,398,5.467719237571288e-05,0.1834993037071226,0.0028802367487514857,8.459761531298682e-06,5.1834457877249784e-06,2.2971260893417842e-10,True,200,568,569
WFG2,22,2,106,572,4,3,True,91,91,16,16,4,0.052596445021396265,0.052596454457426445,0.0,0.0,0.005014032486387765,0.005014029080723265,-1.4035921242139775,-1.4034747950354358,0.002284073210982608,0.0022840810068059172,18.0,18,32.0,32,4.0,4,30.0,30,392,392,392.0,0.95,0.9986309881260207,1.0,398,8.023100765392102e-05,0.18350341149721439,0.006214721128344536,1.2904232619348477e-05,7.798079196370128e-06,2.284264576973882e-10,True,200,571,572
WFG2,22,2,107,576,3,3,True,102,104,22,22,3,0.07309344816400082,0.07309345443957731,0.0,0.0,0.0027089337748913422,0.0027089515495409278,0.7509887306821632,0.7505918503302382,0.006467489516667599,0.006467442503068674,28.0,28,45.0,45,8.0,8,42.0,42,378,378,378.0,0.875,0.9954279472731059,1.0,398,4.059567006883599e-05,0.18350340542756072,0.0008969080517999828,9.93590330722327e-06,5.9087252047313395e-06,2.2708700896114558e-10,True,200,575,576
WFG2,22,2,108,579,5,3,True,101,101,16,16,5,0.06326169937391482,0.063261695814468,0.0,0.0,0.0002015256063541103,0.0002015274277567189,0.31676183219257936,0.3163795720465714,0.0060941373451549085,0.006094058882065045,18.0,18,32.0,32,8.0,8,28.0,28,394,394,394.0,0.865,0.9950798402825713,1.0,398,3.542212414578389e-05,0.18350339531486443,0.0034066551797877764,7.974816981004551e-06,5.224215353848713e-06,1.5722575595648266e-10,True,200,578,579
WFG2,22,2,109,584,3,3,True,112,112,6,6,3,0.02646868768818844,0.02646869005326563,0.0,0.0,0.0013104097898619985,0.0013104230290922323,-2.029834460580725,-2.0289679562556557,0.007622860592049864,0.0076226418338812135,9.0,9,12.0,12,4.0,4,10.0,10,392,392,392.0,0.93,0.9989781691777655,1.0,398,6.551255535743305e-05,0.1834990768334529,0.0012510001088230638,1.5312125412947353e-05,9.20919017047964e-06,1.5630913176517952e-10,True,200,583,584
WFG2,22,2,110,587,3,3,True,89,89,7,7,3,0.043558655916949185,0.043558662001368376,0.0006136620384347702,0.0006136744911373615,0.017226771709262623,0.01722677933330971,-2.237068768427271,-2.2370652852696367,0.0030849122701715284,0.0030849692190071387,9.0,9,14.0,14,4.0,4,12.0,12,396,396,396.0,0.895,0.9985777629044523,1.0,398,3.41791357959089e-05,0.18350340248031105,0.005185755038837669,7.786100468365476e-06,5.0966757665397694e-06,1.3182112187695616e-10,True,200,586,587
WFG2,22,2,111,590,1,3,True,102,102,2,2,1,0.02991689158653849,0.02991689040653468,0.009539481653154658,0.009539490307552967,0.01972818661984657,0.019728190357043825,-6.107105393788453,-6.107026642988785,0.009345854958289653,0.00934619527284919,4.0,4,5.0,5,2.0,2,2.0,2,380,380,380.0,0.955,0.9998401208153221,1.0,398,5.566893350649279e-05,0.18348502762822627,0.003051740675800829,2.1921739680408336e-05,1.3523701635359558e-05,1.3126551899423094e-10,True,200,589,590
WFG2,22,2,112,591,1,2,False,90,90,1,1,1,0.05765726619070667,0.05765726884193807,0.05765726619070667,0.05765726884193807,0.05765726619070667,0.05765726884193807,-17.885388051439392,-17.885250425286358,0.02263059899708794,0.022631253437755044,,3,,3,,0,,0,390,390,390.0,0.925,0.9987249425903058,1.0,398,5.8568287225797914e-05,0.18350341080873833,0.0014454263728111982,1.3409675787556807e-05,7.998607004440373e-06,1.2960794406508615e-10,True,200,590,591
WFG2,22,2,113,592,2,3,True,78,78,7,7,2,0.0524256293261105,0.0524256304803708,6.753573248219347e-05,6.752188773584411e-05,0.023260933874281884,0.023260934329297527,-3.5037382006538227,-3.5020447466667974,0.008486406536969306,0.008486506626008028,9.0,9,15.0,15,4.0,4,12.0,12,380,380,380.0,0.91,0.9986548974571338,1.0,398,5.442714847626466e-05,0.18350338364751867,0.0019635533935797866,9.26427856029477e-06,5.517468853115591e-06,1.1453594785942871e-10,True,200,591,592
WFG2,22,2,114,594,6,3,True,104,104,20,20,6,0.03198210008060043,0.03198212240723014,0.0,0.0,0.0011795247179448333,0.0011794902245638554,0.9269683955146917,0.928650300254958,0.00450653985920537,0.004506653795997906,24.0,24,41.0,41,6.0,6,38.0,38,378,378,378.0,0.935,0.9997312254397588,1.0,398,7.370965362892793e-05,0.18349999931345937,0.0023460824550056714,1.7787812602421127e-05,1.07061655148349e-05,1.1420865841579574e-10,True,200,593,594
WFG2,22,2,115,600,3,3,True,90,90,6,6,3,0.030615109072940294,0.03061512594510063,0.00806027136799492,0.008060275005174339,0.011189393456186112,0.011189380521295943,-0.8519112082446618,-0.8520029782666825,0.0012003740218039186,0.0012003262798743475,8.0,8,13.0,13,4.0,4,10.0,10,374,374,374.0,0.925,0.9987655843677543,1.0,398,5.0609676976970985e-05,0.18350344452944745,0.0020898298407701077,9.139240319200326e-06,5.521377829508917e-06,1.1324281714574503e-10,True,200,599,600
WFG2,22,2,116,603,1,2,False,92,92,1,1,1,0.035678832419486856,0.0356788381786865,0.035678832419486856,0.0356788381786865,0.035678832419486856,0.0356788381786865,-16.899014234373148,-16.899413279352302,0.007963164277854111,0.007963333513130666,,3,,3,,0,,0,372,372,372.0,0.93,0.9988865339276339,1.0,398,4.776505424207715e-05,0.183503406781801,0.011290950241345854,1.4097607618168695e-05,8.393129817774146e-06,1.1266983277181022e-10,True,200,602,603
WFG2,22,2,117,604,3,3,True,98,98,8,8,3,0.05039175244280514,0.050391788897899414,0.0,0.0,0.0046660998680030236,0.004666098714404071,-4.172567388894336,-4.173048376302177,0.005807533972668939,0.005807642766404497,9.0,9,17.0,17,4.0,4,14.0,14,374,374,374.0,0.94,0.9994769559383414,1.0,398,5.6693810941673385e-05,0.18350341627755026,0.007868907408919767,1.5286951200899068e-05,9.34297222102949e-06,1.1220918896014799e-10,True,200,603,604
WFG2,22,2,118,607,3,3,True,100,100,14,14,3,0.020075837769785332,0.020075838385163775,0.0,0.0,0.008371478426220227,0.008371472464003257,-0.04931300492877533,-0.05801674093527254,0.005790179936019852,0.005790284373336424,19.0,19,28.0,28,4.0,4,24.0,24,372,372,372.0,0.92,0.9995485153467029,1.0,398,7.879622027279863e-05,0.18350341225133826,0.006295917608440504,1.2304596185952477e-05,7.559684124784067e-06,1.1105951564215654e-10,True,200,606,607
WFG2,22,2,119,610,5,3,True,87,90,13,13,5,0.05412794524086291,0.05412795687487673,0.0,0.0,0.008327438462514214,0.00832744115811701,0.5321736850806307,0.5353296052635415,0.005009352537535144,0.0050095676670309786,16.0,16,26.0,26,6.0,6,24.0,24,368,368,368.0,0.86,0.9921958876043341,1.0,398,6.53361679907612e-05,0.18350343996458823,0.03562579745630501,8.268517500908956e-06,4.9610565053552404e-06,1.1064604017950609e-10,True,200,609,610
WFG2,22,2,120,615,4,3,True,103,103,11,11,4,0.02780252093894875,0.027802519154938032,0.0,0.0,0.004249136340626181,0.004249131106867865,-2.1014324412454,-2.1030609604204074,0.008222414650109311,0.008222552205364164,14.0,14,23.0,23,2.0,2,20.0,20,352,352,352.0,0.89,0.9981637062083526,1.0,398,5.209361302580368e-05,0.18350342006149445,0.006143039999187749,1.52001144613223e-05,9.056212003468989e-06,1.0946904985776878e-10,True,200,614,615
WFG2,22,2,121,619,4,3,True,114,117,11,11,4,0.021584190033571038,0.021584181529213542,0.0006249185499777668,0.0006249195201577448,0.0017682559357914407,0.001768257537468787,-2.3860019749453247,-2.39186927791161,0.006286142332122922,0.006286556827177492,13.0,13,22.0,22,6.0,6,20.0,20,364,364,364.0,0.87,0.9956281241351018,1.0,398,4.177439440144123e-05,0.1835034071113369,0.009104566110181622,8.854740236152736e-06,5.270238532615653e-06,1.0890023651878579e-10,True,200,618,619
WFG2,22,2,122,623,5,3,True,99,101,17,17,5,0.02610055711814152,0.026100523641325535,0.0,0.0,0.0019269313255781961,0.0019269743883973955,-0.0161932388000654,-0.016141565909492783,0.0036909650950453948,0.003691018529076162,19.0,19,36.0,36,2.0,2,32.0,32,382,382,382.0,0.85,0.9949227560939591,1.0,398,4.507609448281589e-05,0.18350434309475233,0.009439348159503425,6.9181275286211985e-06,4.121813011714537e-06,1.083557192229351e-10,True,200,622,623
WFG2,22,2,123,628,2,3,True,110,110,6,6,2,0.021629754608703713,0.02162975396323687,0.0009185268408656855,0.0009185610786704435,0.007788552852022179,0.007788557332794904,-1.1511737311490258,-1.1512372985307593,0.0030953384979627713,0.0030953993850100225,9.0,9,12.0,12,4.0,4,10.0,10,388,388,388.0,0.89,0.9987482879604085,1.0,398,9.005529667270434e-05,0.18350343728663315,0.0080531352809885,1.731565521190248e-05,1.0316648928992335e-05,1.0665523618858975e-10,True,200,627,628
WFG2,22,2,124,630,3,3,True,110,110,17,17,3,0.025844932300994106,0.025844913857680674,0.0,0.0,0.002064824571148538,0.0020648225172782975,-0.25622582554864337,-0.2502611108320707,0.006280596120786685,0.006280835128276152,19.0,19,34.0,34,8.0,8,32.0,32,390,390,390.0,0.825,0.9950038010579123,1.0,398,4.7203654231567326e-05,0.183503390133242,0.004970302277342853,1.1112006744085079e-05,6.624998959276066e-06,1.0642094861622925e-10,True,200,629,630
WFG2,22,2,125,633,6,3,True,106,109,16,16,6,0.030395321866364483,0.030395327085043777,0.0,0.0,0.004607414057332494,0.004607420162829157,0.023959937730531067,0.02400112948816968,0.004678565107472874,0.004678444692625572,17.0,17,32.0,32,4.0,4,30.0,30,374,374,374.0,0.835,0.9939003055466901,1.0,398,2.3221287917024993e-05,0.18350343910854303,0.0033390322910236137,5.3192582427641355e-06,3.2071869755469028e-06,1.06048791251394e-10,True,200,632,633
WFG2,22,2,126,639,1,2,False,118,118,1,1,1,0.025531802988077626,0.025531798367003797,0.025531802988077626,0.025531798367003797,0.025531802988077626,0.025531798367003797,-44.98887198906121,-44.98891103762071,0.07355845393403634,0.07356020352823545,,3,,3,,0,,0,378,378,378.0,0.865,0.9956071910233922,1.0,398,3.383162436740016e-05,0.18350338705224845,0.0015706419949310657,6.832151397517805e-06,4.0681113259214104e-06,6.800364852041193e-11,True,200,638,639
WFG2,22,2,127,640,1,2,False,100,101,1,1,1,0.05921817248601685,0.05921816622633011,0.05921817248601685,0.05921816622633011,0.05921817248601685,0.05921816622633011,-9.46325757384766,-9.462988682495052,0.016624107001813077,0.01662455407176522,,3,,3,,0,,0,390,390,390.0,0.89,0.9976034528970782,1.0,398,4.302532447323271e-05,0.18350342702644712,0.0074039880328200525,9.647365459386492e-06,5.857604737641156e-06,6.364849617983547e-11,True,200,639,640
WFG2,22,2,128,641,4,3,True,102,103,19,19,4,0.030009979929339015,0.0300099758642412,0.0,0.0,0.0018250967376333416,0.0018251166346312797,-0.3314453198308591,-0.33134589553810656,0.008200116254653078,0.008200528891251224,21.0,21,38.0,38,12.0,12,32.0,32,394,394,394.0,0.9,0.9987194508588927,1.0,398,5.0213797375006845e-05,0.18350481605520094,0.013724134594667703,8.266149961855263e-06,5.026360584697742e-06,5.846120530923045e-11,True,200,640,641
WFG2,22,2,129,645,3,3,True,110,110,18,18,3,0.02651059068091932,0.026510581575371395,0.0,0.0,0.004307393371463235,0.004307388732610648,-0.8152805529643103,-0.8175945281109307,0.012432474545594673,0.01243252028501729,22.0,22,37.0,37,4.0,4,34.0,34,372,372,372.0,0.84,0.9944455825638648,1.0,398,4.214109024413294e-05,0.18350339693265488,0.0035931337406509556,7.970404947599263e-06,4.744052157894977e-06,5.743413570725502e-11,True,200,644,645
WFG2,22,2,130,648,3,3,True,108,108,9,9,3,0.023061227601893997,0.023061216784070693,0.0,0.0,0.0023242148676630714,0.002324211803056843,-1.1597817849689793,-1.1597472435096279,0.003471032251634724,0.0034710243782853922,11.0,11,19.0,19,4.0,4,16.0,16,386,386,386.0,0.77,0.9902282633932602,1.0,398,2.99194884619479e-05,0.18350342832296457,0.10597135646094102,9.061808668775484e-06,5.422318920862242e-06,5.723001760048397e-11,True,200,647,648
WFG2,22,2,131,651,3,3,True,112,112,14,14,3,0.026773556664324127,0.026773559488199816,0.0,0.0,0.0032434809277911017,0.003243484396894059,0.2742584360543123,0.274281230464112,0.003205513469505236,0.0032055370926684645,17.0,17,29.0,29,6.0,6,26.0,26,384,384,384.0,0.855,0.9991023943550642,1.0,398,4.1444777848224306e-05,0.18350344287077686,0.004691285710578086,9.718012734083459e-06,5.960501756582807e-06,5.700075045787333e-11,True,200,650,651
WFG2,22,2,132,654,3,3,True,96,96,11,11,3,0.030603183603444217,0.030603193241018734,0.0,0.0,0.0,0.0,-7.063218087286884,-7.065127213660162,0.005515787566235204,0.005515915243677227,13.0,13,23.0,23,10.0,10,20.0,20,380,380,380.0,0.915,0.9990269069094833,1.0,398,6.662626494211775e-05,0.1835034334352699,0.0046839162896503694,1.6084318401610176e-05,9.876218973783504e-06,5.6815202867212374e-11,True,200,653,654
WFG2,22,2,133,657,3,3,True,113,113,11,11,3,0.05946592588900432,0.05946593603095504,0.00042391701073052346,0.0004239238357761632,0.004682068356734223,0.004682065554733113,-0.7173981229516659,-0.7240563698578626,0.007468208426856658,0.0074683631118546145,14.0,14,23.0,23,2.0,2,20.0,20,372,372,372.0,0.875,0.9977015800889697,1.0,398,3.6850830998682126e-05,0.18350341728209857,0.01081922809680691,5.470690666697919e-06,3.2657928438360238e-06,5.658891487630143e-11,True,200,656,657
WFG2,22,2,134,660,5,3,True,93,93,25,25,5,0.020848669623169558,0.020848661844682037,0.0,0.0,0.0008903819205779984,0.0008904086120118393,-1.2075519113603868,-1.2135122847394086,0.002571530823621657,0.0025715254890599226,30.0,30,50.0,50,10.0,10,48.0,48,384,384,384.0,0.865,0.9955169706595745,1.0,398,2.1580492804554258e-05,0.18350336478694568,0.00375821072520921,4.279238055460155e-06,2.5495654747976327e-06,5.635925882059171e-11,True,200,659,660
WFG2,22,2,135,665,1,3,True,96,96,2,2,1,0.03452570081847292,0.034525701385734915,0.0028152603939672893,0.0028152770582843267,0.018670480606220105,0.01867048922200962,-21.489776593454174,-21.489477231472847,0.028914466950204575,0.02891506180183967,4.0,4,5.0,5,2.0,2,2.0,2,386,386,386.0,0.855,0.9942464895471259,1.0,398,3.302543744594328e-05,0.18350344273565328,0.0016103623347589746,5.526198854965969e-06,3.292141431861038e-06,5.6046247842215494e-11,True,200,664,665
WFG2,22,2,136,666,4,3,True,120,120,5,5,4,0.0482407977307616,0.04824079747386744,0.006753561585953527,0.006753555221136076,0.029137808026247602,0.029137787833828588,-1.519932140694097,-1.519918282981962,0.003507195220402393,0.0035072565390237287,7.0,7,11.0,11,0.0,0,8.0,8,390,390,390.0,0.855,0.9934815799804242,1.0,398,2.7133024432913577e-05,0.1835038755235084,0.004290068143745884,3.39535596793894e-06,2.029773335929017e-06,5.3122297093504834e-11,True,200,665,666
WFG2,22,2,137,670,1,2,False,99,101,1,1,1,0.05974239289811922,0.059742389379589866,0.05974239289811922,0.059742389379589866,0.05974239289811922,0.059742389379589866,-14.952869604413273,-14.952768604707671,0.018938869382924738,0.01893952715118985,,3,,3,,0,,0,360,360,360.0,0.81,0.9917987127207579,1.0,398,2.7094767635656905e-05,0.1835034256241572,0.011200406363059301,5.085960811612722e-06,3.030593496401895e-06,5.02719952275463e-11,True,200,669,670
WFG2,22,2,138,671,1,2,False,99,102,1,1,1,0.04733159228567504,0.04733159620972131,0.04733159228567504,0.04733159620972131,0.04733159228567504,0.04733159620972131,-17.869217875079098,-17.868517127499217,0.027463331789926,0.02746382657002755,,3,,3,,0,,0,356,356,356.0,0.9,0.9949243256297371,1.0,398,2.4655167821223817e-05,0.1835018041887253,0.0017191167971759569,6.570804544026032e-06,3.975364206919207e-06,3.8954854937713284e-11,True,200,670,671
WFG2,22,2,139,672,3,3,True,92,92,8,8,3,0.025879648904549888,0.025879645017196168,0.0,0.0,0.004946402395615057,0.004946358739245038,-6.576166596679416,-6.573609367420431,0.010264662248614193,0.010265241209665987,8.0,8,17.0,17,2.0,2,14.0,14,366,366,366.0,0.91,0.9974565143202754,1.0,398,4.27053564671599e-05,0.18350342761727767,0.0011949877043662127,5.954014341114089e-06,3.545918312997621e-06,3.661291306136529e-11,True,200,671,672
WFG2,22,2,140,675,3,3,True,105,105,4,4,3,0.024359298912479465,0.024359299573715337,0.0,0.0,0.00433708524272558,0.004337078702874642,-54.518161467267205,-54.51672496566607,0.058193820847507044,0.05819481412649452,5.0,5,9.0,9,2.0,2,6.0,6,376,376,376.0,0.89,0.9958312502702421,1.0,398,2.9353289336218275e-05,0.1835034637304122,0.017712470435071737,8.357496300348544e-06,5.024381882209063e-06,1.0203143161409025e-11,True,200,674,675
WFG2,22,2,141,678,2,3,True,85,87,3,3,2,0.03277432498576066,0.032774294201547316,0.0012829554903584853,0.0012829582772235573,0.021952670634424853,0.021952646038565282,-21.248211062876273,-21.248991533822846,0.020192757150510582,0.02019352477418579,5.0,5,7.0,7,2.0,2,4.0,4,378,378,378.0,0.855,0.9932023476211046,1.0,398,2.7350225004655794e-05,0.18350697729706517,0.0012302024078962859,5.421096091140498e-06,3.2384451614090072e-06,9.986066869640027e-12,True,200,677,678
WFG4,22,2,1,241,5,3,True,125,127,26,27,6,0.024011787507333904,0.024011796599709423,0.0,0.0,0.009111188677406887,0.00816654887375412,-0.5340182899033348,-0.57544850107019,0.034105166449267914,0.03460120907690499,30.0,31,53.0,55,8.0,6,50.0,52,364,364,364.0,0.645,0.999571979920907,1.0,398,0.04272051808555464,0.187511002208182,0.05674862734827846,0.015387627814068994,0.008013543588175031,0.0010542783374336963,True,200,240,241
WFG4,22,2,2,246,3,3,True,116,116,16,18,3,0.01719170980506024,0.017191686657350158,0.0,0.0,0.004988580639960827,0.0051703357367055,0.8852945521698441,0.8879385469969852,0.025018500841961874,0.023165953722983034,19.0,21,32.0,34,6.0,8,30.0,34,386,386,386.0,0.68,0.9994999139462463,1.0,398,0.009705467903127894,0.1882443589698678,0.057764419646183285,0.00731717098383089,0.0038173053768724824,1.110195952290687e-06,True,200,245,246
WFG4,22,2,3,249,3,3,True,127,127,19,19,3,0.019154971363623652,0.0191549420861441,0.0,0.0,0.008147589895302676,0.008147593227301212,0.9731738222669097,0.9645746142802475,0.0085284545089799,0.008524118873862096,23.0,23,36.0,36,4.0,4,36.0,36,376,378,376.0,0.575,0.9994379179669531,1.0,398,0.0067896475193176715,0.18864131580827903,0.04577937388440789,0.005094652567278368,0.0026562871178297475,1.0985433171934323e-06,True,200,248,249
WFG4,22,2,4,252,2,3,True,144,144,14,14,2,0.012048536739319327,0.012048513642501035,0.0032325555210173107,0.0032325570716321833,0.009217149949956815,0.009217181004462519,0.9263054647640878,0.9196689373611129,0.028250165234684533,0.028247915630031352,17.0,17,29.0,29,10.0,10,26.0,26,362,360,362.0,0.61,0.9994950724918881,1.0,398,0.00440407946382624,0.1869038069359033,0.03616820992477621,0.0027856159209124765,0.00145787080995321,1.0530686960974993e-06,True,200,251,252
WFG4,22,2,5,254,2,3,True,135,135,11,11,2,0.015337005980157498,0.015337015312642102,0.0006579073066936836,0.0006578718027420161,0.006468137609769609,0.006468116914879474,0.6416708399704918,0.6331492546911649,0.003999037790170058,0.003997402126037415,14.0,14,22.0,22,4.0,4,20.0,20,374,374,374.0,0.625,0.9994204034981573,1.0,398,0.0071545672318294885,0.18934509875488242,0.031983393122321235,0.004549439962677371,0.0023571186723571652,1.0464734309021104e-06,True,200,253,254
WFG4,22,2,6,256,3,3,True,146,146,4,4,3,0.02190218309401626,0.021902140918613644,0.013762393527098515,0.013762452372704015,0.015033164208945848,0.015033154388037429,0.21722404869524325,0.22020439221783206,0.015238616845075718,0.015239657234114724,6.0,6,9.0,9,2.0,2,6.0,6,380,380,380.0,0.665,0.9995903265704404,1.0,398,0.006369247344782362,0.18782097722698915,0.029549374316495847,0.004033648913702004,0.002093419127343548,1.0409631294612878e-06,True,200,255,256
WFG4,22,2,7,258,3,3,True,141,141,13,5,2,0.018516148330356058,0.018516177983170096,0.0,0.0,0.0032654533614820958,0.01089703964453781,0.8852318055097843,0.9999999999998933,0.07735869525286063,0.09015755422203417,16.0,7,25.0,11,10.0,4,22.0,8,390,388,390.0,0.12,0.8989907853114861,1.0,398,0.06816213541142149,0.20735309801686763,0.05508137143985614,0.0035550641649382264,0.0018735524471949513,1.0318882626541305e-06,True,200,257,259
WFG4,22,2,8,259,5,3,True,131,131,17,16,5,0.014965875770362513,0.014965902590094837,0.0020404438163665883,0.0023285190587331583,0.007597424022421199,0.008553891997967394,0.9999999999994724,0.9999999999995175,0.013319712166657045,0.013238193454624295,21.0,20,33.0,30,6.0,6,32.0,30,378,378,378.0,0.07,0.8976179150648419,1.0,398,0.011543857929367145,0.18484802095743558,0.1114529744586934,0.009297202736868293,0.004843940867106975,1.0282248607963138e-06,True,200,258,261
WFG4,22,2,9,264,4,3,True,135,140,14,13,4,0.020797393254865227,0.014128931764675445,0.0002471942947455119,0.00024170189917893659,0.007971694996301532,0.006006724302951683,0.7986237639941409,0.7703663722696767,0.03840022352678046,0.03843307411593716,16.0,15,29.0,27,6.0,6,26.0,24,392,392,392.0,0.65,0.9998116284945815,1.0,398,0.006887217586274886,0.18912680868334417,0.026546931185891687,0.0032112658720901965,0.0017800616085135834,1.0131914194577302e-06,True,200,263,264
WFG4,22,2,10,268,3,3,True,117,119,9,9,3,0.022973432620037038,0.022745131936973473,0.0007067432991229028,0.0006884101508166651,0.007729201106532302,0.007528603015284019,0.6734385607523423,0.6699546422017734,0.17209702824924106,0.17209662368240758,13.0,13,17.0,17,8.0,8,16.0,16,394,394,394.0,0.68,0.9997105585932045,1.0,398,0.006814511878584678,0.18906744472166725,0.0389071407539352,0.004296585534441011,0.0025302507434842724,1.0024657429750482e-06,True,200,267,268
WFG4,22,2,11,271,3,3,True,124,124,24,24,3,0.017768825094017227,0.01776884696754677,0.0020278633765434817,0.0020278483851396967,0.006324842446770562,0.006324858552616858,1.2124141986694212,1.1955688092426418,0.007836965475382568,0.007833575503337497,32.0,32,48.0,48,12.0,12,46.0,46,372,372,372.0,0.65,0.9994852638774854,1.0,398,0.007365254693072751,0.1895171243466417,0.033492985122145935,0.0060167340751429155,0.0034259807967857293,9.94998098071988e-07,True,200,270,271
WFG4,22,2,12,274,2,3,True,129,132,20,20,2,0.021844988643489247,0.019096876670553153,0.0007458443213472776,0.0007458613473061426,0.007251686415281178,0.007251718926268913,1.2771297042133734,1.362603406942955,0.009765003959655277,0.0097643413137835,26.0,25,37.0,37,2.0,2,38.0,38,390,390,390.0,0.61,0.999415223145783,1.0,398,0.001858668637817296,0.18487748401685794,0.037110594194430746,0.0016228964296174375,0.0008976429525788754,9.879898327027882e-07,True,200,273,274
WFG4,22,2,13,276,2,3,True,123,123,8,8,2,0.025706553554272066,0.025706561011178825,0.0016786287608743233,0.0016786257160377183,0.009107066789007329,0.00910706750427992,-0.72797984281544,-0.7270187281092495,0.014517885753575674,0.014518332648121256,10.0,10,16.0,16,4.0,4,14.0,14,384,384,384.0,0.755,0.9998443003164487,1.0,398,0.0055858159977401544,0.18685796721438153,0.038577606759100824,0.002752253476482447,0.001537748310960802,9.832345608619858e-07,True,200,275,276
WFG4,22,2,14,278,3,3,True,109,109,10,10,3,0.04111419312990904,0.04111418983578856,0.0012523529843557757,0.0012523521264228288,0.007498799583050053,0.007498781938672039,-0.1805105741987738,-0.179520088557093,0.008495449267863574,0.00849575745703325,12.0,12,20.0,20,8.0,8,18.0,18,390,390,390.0,0.77,0.9998274400986361,1.0,398,0.0038786489341642288,0.18646834314235317,0.032484584229523605,0.002699375247399882,0.001484225486729831,9.78631331147846e-07,True,200,277,278
WFG4,22,2,15,281,4,3,True,113,118,20,19,5,0.040030668921829854,0.017430787516495405,0.00024161843532333194,0.0002413904258221633,0.00638464871189523,0.006141314650157492,1.2520186427444484,1.2610529193743798,0.009027443102827111,0.009093216783450625,26.0,25,38.0,36,4.0,4,38.0,36,390,390,390.0,0.705,0.9995959296680809,1.0,398,0.005521442476457039,0.18801165797591485,0.03332452609566694,0.00438063570402536,0.0023887837581436137,9.718075612600088e-07,True,200,280,281
WFG4,22,2,16,285,5,3,True,127,127,13,13,5,0.020422841103095335,0.020422837043668096,0.0007380481460965704,0.0007380340905321914,0.009009566473607511,0.009009606807674264,1.8015162510044922,1.7747994119119879,0.011185797104777188,0.011182823566467999,15.0,15,27.0,27,2.0,2,24.0,24,378,378,378.0,0.755,0.9998468567013822,1.0,398,0.000798749956610553,0.18380242508192807,0.018732389785794723,0.0008812911418686897,0.0004703877879342829,9.632131434598214e-07,True,200,284,285
WFG4,22,2,17,290,3,3,True,123,126,12,12,3,0.02126298751456526,0.021262993240495666,0.0003933230731408832,0.00039330012955984817,0.008671163569555537,0.008671145557518405,1.130098128345054,1.1292782205382375,0.008757059205182171,0.00875698490075395,15.0,15,25.0,25,6.0,6,22.0,22,360,360,360.0,0.735,0.9998211573811048,1.0,398,0.0013435768057412155,0.18454815776489378,0.012031243838504402,0.0009267304142347443,0.0005312560507383368,9.519703856531252e-07,True,200,289,290
WFG4,22,2,18,293,4,3,True,126,128,20,19,4,0.025891583964144788,0.025891590621648697,0.0,0.0,0.005649410574230684,0.006013289505955699,0.9171439202037028,0.9176078851927043,0.007818088651049951,0.007817140756426371,22.0,21,39.0,38,4.0,4,38.0,36,378,378,378.0,0.635,0.999609531628503,1.0,398,0.0038624307609735537,0.18665708058238573,0.011404315730252801,0.0018479946352899512,0.0010499994111685047,8.174467697364913e-07,True,200,292,293
WFG4,22,2,19,297,3,3,True,125,125,18,18,3,0.03348786544546345,0.033487914773021044,0.0,0.0,0.0029593887827232823,0.002959409239042532,0.9679584364606075,0.9676507800200262,0.04627493279838106,0.04627496479652632,21.0,21,36.0,36,4.0,4,34.0,34,372,372,372.0,0.865,0.9998933614008292,1.0,398,0.0011052123235587483,0.18400430749538105,0.017318266756492395,0.0006282795169924027,0.00035113882187102677,6.138180745687287e-07,True,200,296,297
WFG4,22,2,20,300,1,3,True,109,109,2,2,1,0.021931347559236147,0.021931356446624084,0.019457030266265406,0.019457030090279336,0.020694188912750777,0.020694193268451712,0.1315912710035958,0.12364567990096365,0.0992555613396045,0.09925370521630038,4.0,4,5.0,5,2.0,2,2.0,2,340,340,340.0,0.72,0.9997068518011624,1.0,398,0.0031819363922598086,0.18491404707029996,0.012472844647697823,0.001248007792581593,0.000689424154548475,5.903262149534669e-07,True,200,299,300
WFG4,22,2,21,301,6,3,True,111,111,15,15,5,0.0675500342743877,0.06755002894478825,0.0,0.0,0.008797338523186982,0.008797320181833213,0.8244140115996341,0.8153422225748829,0.028647695452323492,0.028645355811384637,17.0,17,29.0,29,4.0,4,28.0,28,390,390,390.0,0.705,0.9997743667371936,1.0,398,0.0016505206263197898,0.18422563736977587,0.01592791179903319,0.0009455976724181969,0.0005221587785411231,5.890941224029768e-07,True,200,300,301
WFG4,22,2,22,307,2,3,True,131,131,5,5,2,0.024498278582551346,0.02449827807333305,0.0,0.0,0.0009877506379564194,0.0009877005626566238,0.592483104673863,0.5915211435532856,0.19189048978271925,0.19189042929499012,7.0,7,11.0,11,4.0,4,8.0,8,396,396,396.0,0.865,0.9998851204726651,1.0,398,0.0018580051202497843,0.18386041192930175,0.011707851076782738,0.0009418635914910656,0.0005383157592771557,2.7061867673645903e-07,True,200,306,307
WFG4,22,2,23,309,1,3,True,127,127,2,3,2,0.027605909386609007,0.027605919839595483,0.024612216888394885,0.0030620543684048984,0.026109063137501946,0.02461221814577791,1.6385445552384184,0.2957709746623804,0.09867978145432565,0.13758955286634497,4.0,5,5.0,7,2.0,2,2.0,4,390,390,390.0,0.865,0.9999562468862752,1.0,398,0.001821283191836481,0.18445078589106334,0.01893931261195414,0.001071288293019279,0.0006067712152096664,2.5282835367262344e-07,True,200,308,309
WFG4,22,2,24,310,4,3,True,111,111,18,18,4,0.02665312136388298,0.0266531747803751,0.0,0.0,0.007767479877070771,0.007767468325708626,0.9516685539444829,0.9522001043053967,0.007229879513735723,0.0072299445301003094,21.0,21,37.0,37,2.0,2,34.0,34,394,394,394.0,0.855,0.9999398559849921,1.0,398,0.001539959638615211,0.1846565322173368,0.013179813470914237,0.0008734652996078562,0.0005023017496758552,2.3066725605533882e-07,True,200,309,310
WFG4,22,2,25,314,2,3,True,112,114,12,12,2,0.04844846523143992,0.04836042255564637,0.0005090079314217233,0.000509093106674352,0.010809117107394564,0.010809125701376666,0.7513804527624108,0.7514733339427344,0.0060749989911916685,0.006075148637012525,15.0,15,24.0,24,6.0,6,20.0,20,384,384,384.0,0.765,0.9997712731554602,1.0,398,0.004467532123216304,0.18710118073996634,0.027964478764741063,0.0034740578639214093,0.0019112679803570845,2.2848111131264526e-07,True,200,313,314
WFG4,22,2,26,316,4,3,True,107,107,14,14,4,0.034547125371768565,0.0345471283582406,0.0,0.0,0.00367340008175443,0.0036734075222020213,0.9391586457282504,0.9304424200544974,0.0025823314349595707,0.00257998361137809,16.0,16,27.0,27,0.0,0,26.0,26,392,392,392.0,0.8,0.9998941179567005,1.0,398,0.002566425160615079,0.18552428868045912,0.016587146183625556,0.0021036147416720885,0.001183751288449059,2.1450150965109828e-07,True,200,315,316
WFG4,22,2,27,320,4,3,True,93,95,12,12,3,0.07500774524243473,0.058354086538073544,0.0009345675310963308,0.0009346059284389696,0.010739649322909328,0.010739628541010848,0.6479909926286833,0.6381263357510606,-0.001296933720601123,-0.0012986929300866446,15.0,15,24.0,24,6.0,6,22.0,22,394,394,394.0,0.795,0.9997564663087741,1.0,398,0.011150934678942626,0.1892582816914619,0.023514066073289985,0.00427570122220855,0.002383810764001165,1.002641331586643e-07,True,200,319,320
WFG4,22,2,28,324,3,3,True,111,114,12,12,3,0.029631941361406677,0.029631963045454124,0.0017945348112392012,0.0017945320704615408,0.013433972180884046,0.013433972601689603,0.9214432480835839,0.9218911981197948,0.001941172956860636,0.0019412300123550774,14.0,14,25.0,25,8.0,8,22.0,22,392,392,392.0,0.8,0.9998472026167438,1.0,398,0.0037866100360455,0.18640379495166154,0.02390949275186216,0.0026404318908319624,0.0014546039916051496,9.85988032270522e-08,True,200,323,324
WFG4,22,2,29,327,2,3,True,111,111,7,7,2,0.030401187378235828,0.030401265957441193,0.0011633446329166186,0.0011633535265813677,0.005198060047753583,0.005198055820060499,0.6675019689865467,0.6683060563664185,0.013624281319177775,0.013624232516660617,9.0,9,15.0,15,4.0,4,12.0,12,380,380,380.0,0.875,0.9999534557350249,1.0,398,0.0011999396534401012,0.1841946432591685,0.015765576980871998,0.0009657122384201244,0.0005368017975847349,9.732735552277522e-08,True,200,326,327
WFG4,22,2,30,329,4,3,True,108,108,6,6,4,0.021004327898108133,0.02100443278862818,0.002684400771657214,0.002684322597896971,0.006379846207892781,0.006379886372329002,1.0742428588249275,1.0720885413416,0.0060022348248029555,0.006001804900251165,9.0,9,13.0,13,2.0,2,10.0,10,392,392,392.0,0.86,0.999937971481453,1.0,398,0.001796115650452891,0.18459627709438647,0.011458769130621604,0.0018122561451576757,0.001018343369012165,9.657738672868743e-08,True,200,328,329
WFG4,22,2,31,333,4,3,True,121,122,12,12,4,0.03809825418064555,0.03809825460091904,0.0061746638120101505,0.0061747305894650495,0.010293233530314805,0.009593188188085966,1.6205472722154504,1.622494557737582,0.0030147706092897926,0.0030151838619826704,14.0,14,24.0,24,4.0,4,22.0,22,354,354,354.0,0.865,0.9999262253888554,1.0,398,0.0008906068913163228,0.1836639576897332,0.015064226204634323,0.000785390314542056,0.00043788006894777547,9.583090499786399e-08,True,200,332,333
WFG4,22,2,32,337,4,3,True,108,108,13,13,4,0.02736676620477485,0.027366781380535055,0.0023896764947641813,0.0023896996509911728,0.007238986529534253,0.0072389232806453485,3.0689306668239675,3.0641108989702843,0.0017534338728831087,0.0017531969479794296,17.0,17,25.0,25,6.0,6,24.0,24,380,380,380.0,0.915,0.9999571645786279,1.0,398,0.0007050707944480307,0.18384034465055704,0.00973199466550767,0.0008540955093980784,0.00047035936920886465,9.510644195844637e-08,True,200,336,337
WFG4,22,2,33,341,4,3,True,101,101,10,10,4,0.04208465184365364,0.04208465062669536,0.0011394891930784912,0.0011394835599410902,0.009159085572196857,0.009159121326904385,1.054047461311427,1.0545000107097167,0.003593729561233965,0.0035937650493896994,12.0,12,21.0,21,2.0,2,18.0,18,382,382,382.0,0.9,0.9999655646218318,1.0,398,0.0008468559661413981,0.18359772263402996,0.009763315731512456,0.0007526803722015529,0.000407098932882656,9.287053336967216e-08,True,200,340,341
WFG4,22,2,34,345,6,3,True,109,109,20,20,6,0.027622015534310873,0.027622054575288213,0.0,0.0,0.0077504890372501745,0.007750454498624881,1.9281148173480016,1.9286290693128194,0.0024315540914586122,0.0024315372793421164,23.0,23,39.0,39,4.0,4,38.0,38,378,378,378.0,0.955,0.9999842794419425,1.0,398,0.00040923940309612244,0.1835056781723692,0.0052452692522253486,0.0004495204470407188,0.00024894808954373763,9.047754164656645e-08,True,200,344,345
WFG4,22,2,35,351,4,3,True,115,115,19,18,4,0.01880689651453249,0.018806896646386684,0.0003669837188413627,0.00036700417951085473,0.010959573348689466,0.010743828417806633,1.1923245542634202,1.1559007913836012,0.0072508194563770815,0.007464664881212359,23.0,22,38.0,36,6.0,8,34.0,32,384,384,384.0,0.915,0.9999663994689223,1.0,398,0.0008767844895854761,0.18379946916697215,0.009191465599516668,0.000702678880110108,0.00039073230435830687,8.947439740282805e-08,True,200,350,351
WFG4,22,2,36,355,3,3,True,121,121,17,17,3,0.026186350833604204,0.026186350491703963,0.0013732211780077552,0.0013731666064257242,0.006606932663068221,0.006606911742305321,2.1681975351557154,2.1674120954182854,0.005193799082428422,0.005193980089758833,20.0,20,33.0,33,6.0,6,32.0,32,390,390,390.0,0.865,0.9999319899968349,1.0,398,0.0008456030797383764,0.18358779203599462,0.005699752520875734,0.0006727958939984902,0.0003755820171137294,8.885980460135283e-08,True,200,354,355
WFG4,22,2,37,358,2,3,True,122,124,17,16,4,0.016101683389980415,0.016101718648201424,0.0,0.0,0.005240504887572772,0.004684748435365316,1.5626144584417316,1.5821826678247817,0.003996747889223232,0.004024179724789802,21.0,19,33.0,31,8.0,6,30.0,28,380,380,380.0,0.885,0.9999368223425311,1.0,398,0.00045597813119997537,0.18370065404376418,0.006180470081784684,0.0004589924172340165,0.00025689324397007635,8.836384388969054e-08,True,200,357,358
WFG4,22,2,38,360,3,3,True,100,100,15,15,3,0.028521000572554467,0.028521074702010818,0.0,0.0,0.005486822144690207,0.005486805545045992,1.1584058814071287,1.1583346567501849,0.00264982559300314,0.0026497432873866696,20.0,20,28.0,28,0.0,0,28.0,28,374,374,374.0,0.95,0.9999307538838847,1.0,398,0.0007264746304707772,0.18336822637535594,0.007111897632176678,0.0005485219770788863,0.0003010071585279199,8.805716961081228e-08,True,200,359,360
WFG4,22,2,39,362,3,3,True,121,121,15,22,3,0.023832574429010656,0.023832536674433857,0.0,0.0,0.00791743089158814,0.006448577712621917,2.8106782469429357,2.9902512598682165,0.000908218728829986,0.0011506384931047851,16.0,25,30.0,43,6.0,8,26.0,42,394,394,394.0,0.31,0.9922247652246452,1.0,398,0.0011359915409294918,0.1836710053765279,0.29425648454320896,0.0035372057179863248,0.002020725016837521,8.776243676199187e-08,True,200,361,363
WFG4,22,2,40,365,3,3,True,124,126,7,7,3,0.032682399869005674,0.03268242166885221,0.005030814629661928,0.005030833899978937,0.007604935291990356,0.007604915313686789,-1.5090315765131965,-1.5052173370766013,0.005839552864078248,0.005839990000402445,10.0,10,15.0,15,4.0,4,12.0,12,362,362,362.0,0.95,0.9999859306089964,1.0,398,0.0003897087022957278,0.18342872850588007,0.00712254688957259,0.0004898463014921806,0.00028198431577146783,8.727595048193309e-08,True,200,364,365
WFG4,22,2,41,368,4,3,True,123,123,12,12,4,0.04939124347247533,0.04939123914227465,0.0009973987629748882,0.0009974281404061536,0.008648357175098015,0.008648346801553755,2.448068038152206,2.4462814934865946,0.005614684641053915,0.005613727283097919,15.0,15,24.0,24,4.0,4,22.0,22,388,388,388.0,0.86,0.9999106272062168,1.0,398,0.0009688336430345855,0.18408207209943878,0.033162875473244924,0.001436699213648751,0.0008325328996005433,8.68156333151857e-08,True,200,367,368
WFG4,22,2,42,372,4,3,True,124,126,16,16,4,0.03428372116490208,0.03428372495629062,0.0,0.0,0.008680604448440599,0.00868059781451025,1.9285680868904764,1.9144668361388995,0.003913280588341013,0.003910942057865269,18.0,18,33.0,33,2.0,2,30.0,30,388,388,388.0,0.9,0.9999617693518292,1.0,398,0.0006165990187303307,0.18374275496380496,0.02188794539344663,0.0008025159296622952,0.00046155231150025636,8.617838388833899e-08,True,200,371,372
WFG4,22,2,43,376,4,3,True,130,130,9,9,4,0.05891193761404716,0.05891193890153973,0.0011010496899974687,0.001101028249773428,0.014794037679808691,0.014794080719947145,2.489612812027448,2.4906312412379066,0.0033745348018101467,0.00337469941103985,12.0,12,19.0,19,0.0,0,16.0,16,374,374,374.0,0.825,0.9999001036426376,1.0,398,0.000723024795527388,0.1837030137682223,0.05348333625378032,0.0010379370981672409,0.00058757211213758,8.55850742168605e-08,True,200,375,376
WFG4,22,2,44,380,3,3,True,122,122,13,13,3,0.03995494337705018,0.039954944079804905,0.0,0.0,0.011724783399745697,0.01172474275926605,3.416514393235981,3.416016747841695,-0.00024048999005735617,-0.0002404736954649822,15.0,15,26.0,26,6.0,6,24.0,24,394,394,394.0,0.91,0.999964750131867,1.0,398,0.0003627228603520084,0.18349447388757567,0.021956058449550397,0.0005572304668506334,0.0003132302916709523,8.502092867589324e-08,True,200,379,380
WFG4,22,2,45,383,1,3,True,111,114,2,2,1,0.11000472742356562,0.11000472474698442,0.0008837430511977606,0.0008837473103724403,0.05544423523738169,0.05544423602867843,-0.4810089769513368,-0.48098552178072396,0.024345451217481877,0.024345466668652185,4.0,4,5.0,5,2.0,2,2.0,2,386,386,386.0,0.925,0.999972705039739,1.0,398,0.0005540900029997492,0.18353496346750509,0.008856132351335866,0.00046485651796768224,0.0002862533263219255,8.460583224551183e-08,True,200,382,383
WFG4,22,2,46,384,3,3,True,125,125,10,10,3,0.0325524983416654,0.032552481410368705,0.0,0.0,0.013091139508237759,0.013091136315075608,1.2008447530358053,1.2008527026242746,0.002911607146129382,0.0029114650575966794,11.0,11,19.0,19,4.0,4,16.0,16,394,394,394.0,0.925,0.9999817542832558,1.0,398,0.0008675193744129453,0.18362589552983238,0.08128217407452709,0.000905179523210009,0.0005273385059622327,8.446636439915539e-08,True,200,383,384
WFG4,22,2,47,387,5,3,True,112,115,10,10,5,0.1776226006469777,0.1776225968593876,0.0,0.0,0.0031851530913450943,0.0031851742377668746,0.893224002812687,0.8779579432775222,0.006008608575876884,0.006006549195458025,12.0,12,22.0,22,2.0,2,16.0,16,392,392,392.0,0.92,0.9999557487867171,1.0,398,0.0006476287321869369,0.18349371374441886,0.013434693895038485,0.0006366568633349168,0.0003708140449806068,8.404866102124338e-08,True,200,386,387
WFG4,22,2,48,392,3,3,True,128,128,18,18,3,0.03285967557232217,0.03285963991758889,0.0029894797344639165,0.0029894789750196556,0.009809076260757082,0.009809067894735513,4.607667127931786,4.608115155123414,0.0034520169077248883,0.003451855870771653,20.0,20,35.0,35,4.0,4,34.0,34,398,398,398.0,0.945,0.9999828784868133,1.0,398,0.0004799591553414391,0.18324771130439543,0.016889831208761308,0.0008236221755297812,0.0005092788240577889,8.334238111193391e-08,True,200,391,392
WFG4,22,2,49,395,3,3,True,110,110,17,17,3,0.03881370123285724,0.03881370416143211,0.0014268060091584545,0.0014268060638806812,0.006840949437601274,0.006841007975640578,2.1471655262466145,2.147304250988327,0.0018107610026966028,0.001810801157693387,20.0,20,34.0,34,4.0,4,32.0,32,392,392,392.0,0.96,0.9999395137220692,1.0,398,0.0005915010971038856,0.18310281787039517,0.008257630872212651,0.0010169965147417415,0.0006258113446424724,8.294465828159544e-08,True,200,394,395
WFG4,22,2,50,398,5,3,True,130,130,15,15,5,0.028845203449683776,0.028845189302500573,0.0,0.0,0.008877592803205991,0.008877585461956161,1.5831028965452347,1.584624660394411,0.0042918735339855275,0.004292172677805267,17.0,17,31.0,31,6.0,6,28.0,28,392,392,392.0,0.91,0.9999757353813136,1.0,398,0.0006144923955333011,0.183413030350523,0.014548402978434183,0.0005633564396752,0.00032324474952652,8.255771232574909e-08,True,200,397,398
WFG4,22,2,51,403,3,3,True,105,105,11,11,3,0.06667300716142044,0.06667300631719791,0.0016810473957723504,0.0016810482477758182,0.007557587807189403,0.007557568984839169,0.5139554595400391,0.5149916100592691,0.006293966861694797,0.006293868461687335,14.0,14,22.0,22,6.0,6,18.0,18,386,386,386.0,0.91,0.9999597032060406,1.0,398,0.0006420748227918843,0.18337485148975133,0.007889008148541876,0.000613098496161868,0.0003498945256549177,8.192716466630209e-08,True,200,402,403
WFG4,22,2,52,406,3,3,True,122,122,12,12,3,0.03780707997549859,0.03780708463744331,0.0012019843515277406,0.001201946671514409,0.006285816664023891,0.006285800433256716,1.106670653615331,1.1094402736410416,0.0045048603660169185,0.004504965307195852,15.0,15,22.0,22,6.0,6,22.0,22,370,370,370.0,0.945,0.9999825111811306,1.0,398,0.000606095934951124,0.18346923078692068,0.007094944138522408,0.0006827377488898279,0.00039550228452940454,8.046719789294056e-08,True,200,405,406
WFG4,22,2,53,409,4,3,True,125,125,16,16,4,0.03025402921205239,0.030254047473806722,0.0,0.0,0.00901771605982804,0.009017695489623057,1.7045627537448107,1.7025711012230431,0.0022093075387299163,0.0022095305928269,19.0,19,31.0,31,4.0,4,28.0,28,396,396,396.0,0.965,0.9999813014673196,1.0,398,0.0007610614563600685,0.18345489960142858,0.008675930318911895,0.0007445959082712506,0.000435852158799443,7.683885097543945e-08,True,200,408,409
WFG4,22,2,54,413,2,3,True,115,115,14,14,2,0.04078165511530796,0.04078167833281865,0.0002018839503405978,0.00020195641820486276,0.005517709888662792,0.005517711243711157,1.3974419628631525,1.398442167064161,0.004447702141033957,0.004447710553601741,18.0,18,26.0,26,0.0,0,26.0,26,392,392,392.0,0.94,0.9999615415733492,1.0,398,0.0007199850549863775,0.18364095713468293,0.01298011396939458,0.0006835720885964847,0.000387847542689687,7.636821500624778e-08,True,200,412,413
WFG4,22,2,55,415,2,3,True,121,121,14,14,2,0.02275662826594395,0.022756628145217075,0.0021269507186352232,0.0021268870287939334,0.005968843987915154,0.005968852466003469,1.0120160584154316,1.0117711574581563,0.003766944833502172,0.003766918562711573,19.0,19,28.0,28,2.0,2,26.0,26,394,394,394.0,0.94,0.9999751308093313,1.0,398,0.0006392751575471732,0.18385426566599783,0.014902924661839734,0.0008287238726341073,0.00047920109075668803,7.594451103191306e-08,True,200,414,415
WFG4,22,2,56,417,3,3,True,119,119,12,12,3,0.03450762494224824,0.03450763051904382,5.3402795124446456e-05,5.341673953251913e-05,0.011028529812913523,0.011028524645691318,1.2878850370870882,1.2872436543639196,0.0025320040123597625,0.0025318372912516707,15.0,15,25.0,25,4.0,4,22.0,22,384,384,384.0,0.92,0.9999706247192482,1.0,398,0.0006714415702012643,0.18400481623372186,0.009520816758634254,0.0009704070740363946,0.0005753991710956904,7.571109713047785e-08,True,200,416,417
WFG4,22,2,57,420,4,3,True,110,110,11,11,4,0.02633947208098375,0.02633952059684108,0.0,0.0,0.0056150616302615974,0.005615065146725939,2.4536518229414686,2.4538549910087113,0.003611204195765432,0.0036110651546117922,13.0,13,23.0,23,4.0,4,18.0,18,396,396,396.0,0.92,0.9999676878874006,1.0,398,0.000436848471733843,0.18371235811322248,0.013238616401942238,0.000681680136398688,0.00041648078843308596,6.616393020803375e-08,True,200,419,420
WFG4,22,2,58,424,3,3,True,115,115,8,8,3,0.038102663428234665,0.038102666198744674,0.0,0.0,0.002680039949477686,0.0026799923465154474,-1.5616226921225156,-1.56108154773068,0.0034425878893762116,0.0034426806567203344,10.0,10,18.0,18,6.0,6,12.0,12,386,386,386.0,0.87,0.9999461071846676,1.0,398,0.0005700457495576104,0.1835181539638777,0.012707920187025934,0.0006983764139980586,0.0004200019316364034,6.506355446490685e-08,True,200,423,424
WFG4,22,2,59,427,4,3,True,104,104,16,16,4,0.06496041083436833,0.06496040580632213,0.0,0.0,0.0053081156568399734,0.005308078142369055,1.9299525538907218,1.9297160400186613,0.0023979865966942036,0.0023982446574340524,20.0,20,32.0,32,6.0,6,30.0,30,392,392,392.0,0.96,0.9999840795037247,1.0,398,0.0005496515347837886,0.18355487728729492,0.01383351610309802,0.0006924542685742274,0.00041539489070289005,6.409826529479958e-08,True,200,426,427
WFG4,22,2,60,431,5,3,True,118,118,19,19,5,0.03012771904302458,0.0301277659236161,0.0,0.0,0.004303949353015202,0.0043039550330310275,3.10359210946016,3.103457089472613,0.0027770056602671425,0.0027770182857857484,21.0,21,38.0,38,4.0,4,34.0,34,352,352,352.0,0.91,0.9999446167810075,1.0,398,0.0004014059146229466,0.18353836031925852,0.012328006939156921,0.0006533336034770243,0.000405427460585658,6.362616389725174e-08,True,200,430,431
WFG4,22,2,61,436,3,3,True,108,108,10,10,3,0.044862019518114915,0.044862014033441255,0.0,0.0,0.010811382045764928,0.010811401759887596,0.5308382249268693,0.530736920076265,0.001989458165726013,0.001989394564143085,14.0,14,19.0,19,2.0,2,18.0,18,382,382,382.0,0.95,0.9999777690039473,1.0,398,0.0004306433751465753,0.18381061203916169,0.006591866267509516,0.000598892776213944,0.00037558416741472096,6.318761987267975e-08,True,200,435,436
WFG4,22,2,62,439,4,3,True,118,118,9,9,4,0.026705957269461567,0.026705956302143063,0.0011943121246291155,0.0011943073334821364,0.0064129680595650385,0.006412973733450733,2.2928274509834745,2.2928629076465086,0.00152271927236856,0.001521994508333513,11.0,11,17.0,17,4.0,4,16.0,16,386,386,386.0,0.96,0.9999800043045494,1.0,398,0.00024898122712490613,0.18350768133988193,0.006471256281738391,0.0004931791525395468,0.00030693171779668795,6.268090860326023e-08,True,200,438,439
WFG4,22,2,63,443,4,3,True,94,94,11,11,4,0.050019207372948404,0.050019207048989656,0.0,0.0,0.0049145639768395704,0.004914562944639882,-0.3898075907036356,-0.38973295004007014,0.0032970232397521258,0.0032970100328470475,13.0,13,23.0,23,4.0,4,20.0,20,384,386,384.0,0.905,0.9999567908985799,1.0,398,0.0004555676039640203,0.18338740339422516,0.007255140281863248,0.000883477991506787,0.0005267263635278611,6.208508134228123e-08,True,200,442,443
WFG4,22,2,64,447,5,3,True,115,115,9,9,5,0.060931354822108715,0.06093135483055613,0.0005469027554242389,0.0005468442527136741,0.01540018965309975,0.01540020050947577,0.8170287702779113,0.8158369627842603,0.001404498387381459,0.0014047004954287623,11.0,11,19.0,19,4.0,4,16.0,16,394,394,394.0,0.93,0.9999608391237546,1.0,398,0.0003129763824084638,0.18349698710332413,0.004366396537033523,0.0005126110851967347,0.0003090195973574668,6.16535478426247e-08,True,200,446,447
WFG4,22,2,65,452,3,3,True,121,121,10,10,3,0.023067175913379367,0.023067173036170563,7.595149487449326e-06,7.59138189831976e-06,0.008301863207334123,0.008301862249922815,2.4210366050387266,2.421126158945526,0.0030593691477491633,0.0030593943202093937,12.0,12,20.0,20,4.0,4,18.0,18,376,376,376.0,0.93,0.9999764370318117,1.0,398,0.0005451801541379577,0.18344248148104264,0.005994603824682088,0.0012216784438912054,0.0007286899866449876,2.7383454343610645e-08,True,200,451,452
WFG4,22,2,66,455,5,3,True,104,104,13,13,5,0.030927145074559625,0.030927160281679245,0.0035662550042169228,0.003566213968175136,0.011482352819267683,0.011482384978930615,3.7803643855047993,3.7780016040039754,0.0012818158841749504,0.0012819529261965945,15.0,15,27.0,27,4.0,4,24.0,24,382,382,382.0,0.945,0.9999860259776936,1.0,398,0.0005875262917037849,0.18350717891010326,0.008444946235336204,0.0008431166282250047,0.0004972768810433224,2.667269279324514e-08,True,200,454,455
WFG4,22,2,67,460,3,3,True,121,121,11,11,3,0.026646543531019473,0.026646539421643967,0.0,0.0,0.013271698742544302,0.013271694432687053,1.7213269192806724,1.7211452230221767,0.0008485195283169396,0.0008484636462248174,13.0,13,22.0,22,4.0,4,18.0,18,374,374,374.0,0.96,0.9999880604593159,1.0,398,0.00022708604714622907,0.18346818579713792,0.007388751584450404,0.0005116902436861359,0.0003096867693517303,2.3740572741752473e-08,True,200,459,460
WFG4,22,2,68,463,8,3,True,112,112,29,29,8,0.02480187128022676,0.024801866479443508,0.0,0.0,0.0047998466013287056,0.0047998733630127965,9.175698285973246,9.17261382337756,0.0014878049210138322,0.0014877869619661088,34.0,34,57.0,57,6.0,6,54.0,54,376,376,376.0,0.905,0.9999667797935963,1.0,398,0.0003204954348226619,0.18365226432439632,0.009546511743529607,0.0009284027105691539,0.0005673908207123218,2.3431047250193513e-08,True,200,462,463
WFG4,22,2,69,471,4,3,True,114,115,11,11,4,0.023695260090234954,0.023695252880237716,0.00015311260481343236,0.0001530601245405272,0.010365837359538443,0.010365852815631293,3.0567620485363687,3.056692068457778,0.006793701300199767,0.006793534147451347,13.0,13,23.0,23,2.0,2,20.0,20,356,356,356.0,0.945,0.9999761755523865,1.0,398,0.0002593059429117948,0.18370086413858294,0.006718208392513247,0.0008115436815845922,0.0004929368823260119,2.2627513556496973e-08,True,200,470,471
WFG4,22,2,70,475,4,3,True,121,121,13,13,4,0.03291708768150198,0.03291709446203425,0.0009971519655944672,0.0009970671897536754,0.01455173331965176,0.014551769635771539,6.627516538392152,6.628473380231753,0.0018931669050721925,0.0018929255708368675,15.0,15,27.0,27,4.0,4,24.0,24,364,364,364.0,0.955,0.9999791608555151,1.0,398,0.00042895835877203303,0.18375414038275767,0.009425359985762327,0.0012984807643698915,0.0007838636156079918,2.2118405582008918e-08,True,200,474,475
WFG4,22,2,71,479,4,3,True,111,112,17,16,3,0.026993436072150268,0.026993458649904822,0.0,0.0,0.0043367584084689215,0.005523059894620486,1.109829413481723,1.2628645573427093,0.002721603569783194,0.002112181335590324,21.0,20,35.0,33,6.0,8,32.0,30,384,384,384.0,0.945,0.9999783518370513,1.0,398,0.0004556208463487773,0.18386624627808684,0.008659996421734206,0.0013692501939250312,0.0008237999544464202,2.1914230424962674e-08,True,200,478,479
WFG4,22,2,72,483,4,3,True,102,102,15,15,4,0.03305190443639694,0.033051893044503955,0.0,0.0,0.007108345250116388,0.007108303916373626,1.7090582789791569,1.7087532890586346,0.002898237336334976,0.0028983065859404054,16.0,16,31.0,31,2.0,2,28.0,28,384,384,384.0,0.935,0.9999742689560657,1.0,398,0.000229171016742918,0.18349392572363818,0.004206801238015423,0.0004575578001175806,0.0002689268052662101,2.145090258458433e-08,True,200,482,483
WFG4,22,2,73,487,3,3,True,105,105,6,6,3,0.1324423028407981,0.13244230893789213,0.002759461565944421,0.002759479517906449,0.008513511462856588,0.008513511081917415,1.1940140354508166,1.1940111946250127,0.004978589112757229,0.0049784931210128305,8.0,8,13.0,13,2.0,2,10.0,10,388,388,388.0,0.98,0.9999918900069257,1.0,398,0.0002940977959237941,0.18356727986334914,0.004253659346717953,0.0006457324784920893,0.00037407024980781685,2.0795651492334947e-08,True,200,486,487
WFG4,22,2,74,490,4,3,True,89,89,11,11,4,0.02969853952898094,0.029698571158476073,0.0013785366346157346,0.0013785099837829717,0.008190573150667513,0.008190635091469889,3.680957096785842,3.6808560521694282,0.0024262939191833986,0.0024263953523097764,15.0,15,21.0,21,6.0,6,18.0,18,390,390,390.0,0.935,0.999974873421314,1.0,398,0.000213832173402485,0.18354960003898643,0.008990850069674039,0.0006535653097543559,0.0003796825319802919,2.0713522163253685e-08,True,200,489,490
WFG4,22,2,75,494,4,3,True,111,113,10,9,4,0.026560320925378522,0.026560344986587325,0.0,0.0,0.015447180991594957,0.01697687694224398,7.987564696223572,8.626566928225316,-4.700483041992153e-05,-0.000525698869901915,12.0,11,21.0,19,2.0,0,16.0,14,382,382,382.0,0.97,0.9999918412686315,1.0,398,0.00036408243838118633,0.1834418076602412,0.004109237697580426,0.0008702452139153216,0.000515682252232344,1.866002622049238e-08,True,200,493,494
WFG4,22,2,76,498,3,3,True,104,105,12,12,3,0.022770831533472535,0.022770851423334515,7.030592015966342e-05,7.027210826404673e-05,0.012072543389765988,0.01207260367843499,5.2714213474779195,5.266696943728618,0.002123229597606767,0.0021231117391703677,14.0,14,24.0,24,2.0,2,20.0,20,386,386,386.0,0.955,0.9999814572762363,1.0,398,0.0003206047712468967,0.18360018479172266,0.008527045048252191,0.0008647711060145724,0.0005095623606050464,1.7478600467040542e-08,True,200,497,498
WFG4,22,2,77,501,4,3,True,108,108,18,18,4,0.03258717289498814,0.03258713419401249,0.0,0.0,0.009613324381265583,0.009613329146803533,3.853120686310767,3.8494422723524906,0.0020499045751582318,0.0020497711854582656,20.0,20,36.0,36,6.0,6,34.0,34,366,366,366.0,0.955,0.9999893654018852,1.0,398,0.00031124743790387653,0.183696703183364,0.007542080354515424,0.0007563173424198766,0.0004412846740056863,1.728275449072518e-08,True,200,500,501
WFG4,22,2,78,505,4,3,True,105,106,10,10,4,0.09962032369709273,0.09962032624243812,0.00013501374601043725,0.00013501507596136442,0.004166119028322868,0.004166093241585539,2.7924613051548484,2.792234503606352,0.006378260671042066,0.006378315112884999,12.0,12,21.0,21,6.0,6,18.0,18,398,398,398.0,0.955,0.9999910321021893,1.0,398,0.00022053222046990674,0.18342609927045936,0.00689566587020396,0.0005496700594189718,0.00032456293724893366,1.7196790035624903e-08,True,200,504,505
WFG4,22,2,79,509,2,3,True,116,116,9,9,2,0.026710783520045134,0.026710776350404863,0.003797279771035389,0.0037972677234276997,0.011054594232448145,0.011054571320459394,2.423861355615644,2.423820148428149,0.0006722346038702602,0.0006723513187372882,12.0,12,18.0,18,4.0,4,16.0,16,390,390,390.0,0.975,0.9999908060316632,1.0,398,0.00016320727046749837,0.18350528766154472,0.0067419848745320365,0.0003975476175144266,0.00022904284308307408,1.710758277906508e-08,True,200,508,509
WFG4,22,2,80,511,5,3,True,114,116,11,11,5,0.01461293314075962,0.014612958847904256,4.776005587114884e-05,4.778592502907575e-05,0.009019279526786717,0.009019248739208341,2.4673378496660225,2.467252970732659,0.0008909980006682211,0.0008909287660650682,13.0,13,23.0,23,2.0,2,20.0,20,380,380,380.0,0.865,0.9999133686839222,1.0,398,0.00039772459382719685,0.1835837683084517,0.008178962241922605,0.001331684682203349,0.0007858802161017347,1.7067525078889428e-08,True,200,510,511
WFG4,22,2,81,516,3,3,True,114,114,9,9,3,0.019744116467239614,0.019744108732053012,0.0010984395638896638,0.001098481535543372,0.007401447974594522,0.007401465089205916,1.9797149078382175,1.9792437347533962,0.002375325592056563,0.0023753337641988503,12.0,12,19.0,19,2.0,2,16.0,16,390,390,390.0,0.935,0.9999768388803133,1.0,398,0.0002216143139402381,0.18365643596084194,0.01002392175320832,0.00044618638703264324,0.0002561163339531145,1.6965615466925742e-08,True,200,515,516
WFG4,22,2,82,519,4,3,True,114,114,15,15,4,0.02014766159385717,0.020147677971839806,0.0,0.0,0.011454785620386376,0.01145480555851841,2.413487655700921,2.4123059298107137,0.0016198117920796628,0.0016197691255341595,17.0,17,30.0,30,6.0,6,28.0,28,388,388,388.0,0.96,0.9999503148450627,1.0,398,0.00020283836930383399,0.18353925727771198,0.005546133163035982,0.0004630443480362345,0.00026786905573834244,1.524383940390226e-08,True,200,518,519
WFG4,22,2,83,523,2,3,True,109,111,17,17,2,0.05480582635612015,0.05480582524901162,0.0006197307186278644,0.0006197158286871396,0.004979034438118507,0.004972193047743212,3.8758979504877917,3.875899685468511,0.001491767563018402,0.0014918056440543712,21.0,21,32.0,32,4.0,4,32.0,32,396,396,396.0,0.94,0.9999785647430277,1.0,398,0.0002157983354817246,0.18351319510691388,0.009690271526973326,0.0006041599223784999,0.0003383594435897093,1.5170188546288824e-08,True,200,522,523
WFG4,22,2,84,525,3,3,True,118,118,16,16,3,0.03130671627973891,0.031306688273630034,0.000495252437366589,0.0004953247807223393,0.006554580941261712,0.006554641841816866,4.907238253177743,4.906161745976789,0.0029530120279365347,0.002953021070046472,18.0,18,32.0,32,6.0,6,30.0,30,378,378,378.0,0.935,0.9999683464451421,1.0,398,0.0003115093890148835,0.18369660533021526,0.015207846020239835,0.0005605920411326792,0.0003173473986871042,1.5135116923688814e-08,True,200,524,525
WFG4,22,2,85,528,7,3,True,114,114,15,15,7,0.02762091277074441,0.027620865488889534,0.0016463602339609196,0.001646356591093634,0.012564740363390059,0.012564765322764515,8.416658690774277,8.415799558521996,0.0017855695895102278,0.0017857736432926388,18.0,18,30.0,30,8.0,8,28.0,28,396,396,396.0,0.945,0.9999708705795591,1.0,398,0.00037570843019310216,0.18375862902841633,0.010972606253845996,0.0008739669238311265,0.000491241214935551,1.508381259115151e-08,True,200,527,528
WFG4,22,2,86,535,4,3,True,114,114,21,21,4,0.03606610648210926,0.036066103768746534,0.0,0.0,0.007751663132071762,0.007751721365502617,4.055407950888926,4.0545671312738705,0.000827394104392006,0.0008273850397978455,25.0,25,43.0,43,4.0,4,40.0,40,374,374,374.0,0.94,0.999985481293693,1.0,398,0.00020675499661004006,0.18355460567726317,0.010613543237354861,0.0005370448775607883,0.0003038161203642954,9.477218731277012e-09,True,200,534,535
WFG4,22,2,87,539,5,3,True,106,108,15,15,5,0.029244436472048663,0.029244471099469815,0.0016223650409692425,0.001622311793207487,0.010914300933090981,0.010914361966645303,6.415841150718935,6.413393999000618,0.0014499506233875534,0.0014499401653869093,18.0,18,30.0,30,4.0,4,28.0,28,386,386,386.0,0.905,0.9997209872754742,1.0,398,0.00031252362040101213,0.18354862418116055,0.019047817093223784,0.000640662650802426,0.0003645576235242438,9.413538066785936e-09,True,200,538,539
WFG4,22,2,88,544,3,3,True,128,128,7,7,3,0.03913426706960529,0.0391342647681546,0.0027109004521080893,0.002710916462716817,0.012030894411356519,0.012030908319821176,0.9801900856306442,0.9821702194913087,0.00415324429751891,0.0041533966523287225,10.0,10,15.0,15,0.0,0,12.0,12,398,398,398.0,0.95,0.9999129990160979,1.0,398,0.0002655889812758179,0.1835128553514155,0.007286073703653528,0.0006126696350925442,0.0003452796225143315,9.352467424063255e-09,True,200,543,544
WFG4,22,2,89,547,4,3,True,106,106,11,11,4,0.04761633422377365,0.04761634950843929,0.0,0.0,0.009479198941590328,0.009479166343376977,0.741515664055699,0.7414904637553263,0.0014809443473466836,0.0014809445911825314,13.0,13,22.0,22,2.0,2,18.0,18,374,374,374.0,0.94,0.9999177098661087,1.0,398,0.00020343245808702033,0.1835034313304175,0.01833486966847886,0.0003613513499090004,0.0002027309796863203,9.264121869769209e-09,True,200,546,547
WFG4,22,2,90,551,6,3,True,86,86,17,17,6,0.03320685019137665,0.033206878526038375,0.00039054357465118095,0.0003905389155324235,0.01748732798893815,0.01748731650490498,9.668516946862178,9.668598470312645,-0.0017344347736772178,-0.0017341483171159355,20.0,20,35.0,35,10.0,10,32.0,32,384,384,384.0,0.925,0.9999758670163676,1.0,398,0.0003865868951898071,0.18370481227615632,0.010230593280084577,0.0008242512439977645,0.00046635895053905073,8.266768632350026e-09,True,200,550,551
WFG4,22,2,91,557,4,3,True,91,91,23,23,4,0.040354678243634715,0.04035467770104845,0.0,0.0,0.010526818411820793,0.01052683968482171,1.1608962660356088,1.1607400516131747,0.0004008861874536464,0.00040023932535859785,28.0,28,44.0,44,8.0,8,44.0,44,398,398,398.0,0.995,0.9999986940866895,1.0,398,0.00023361548092406186,0.1835593573784427,0.0067787068030895625,0.000568323971130269,0.0003275360138738306,8.206580883400473e-09,True,200,556,557
WFG4,22,2,92,561,5,3,True,93,95,25,25,5,0.05118365053712359,0.05118362662718967,0.0,0.0,0.005699409878164752,0.0056994032705321995,4.577820052016195,4.577652757772967,0.0027020645351708,0.0027021080398894615,29.0,29,49.0,49,4.0,4,46.0,46,360,360,360.0,0.95,0.9999856034358735,1.0,398,0.0002921165992323027,0.1835440524275354,0.01182489682025789,0.0005800633770292052,0.00034426923667377104,8.132247716842875e-09,True,200,560,561
WFG4,22,2,93,566,3,3,True,99,100,12,12,3,0.027773616490627595,0.02777354858297354,0.0008210392464511607,0.0008210087685180945,0.015138574738881,0.015138620393314622,9.37232779981338,9.370847321360088,-0.00034218846301748383,-0.00034261058751594575,14.0,14,25.0,25,6.0,6,22.0,22,392,392,392.0,0.96,0.9999832201436194,1.0,398,0.0002007557918867877,0.1835206781242147,0.014338028175984618,0.0005730393280387602,0.00034102803632913165,7.957421948586141e-09,True,200,565,566
WFG4,22,2,94,569,4,3,True,107,107,11,11,4,0.02783206779912273,0.027832085584230948,0.0021237726723117856,0.002123867163192572,0.011088962058680263,0.011088906133251197,0.6280115701108873,0.6280601443158957,0.0013005298177726312,0.0013004970575218877,13.0,13,22.0,22,2.0,2,20.0,20,380,380,380.0,0.955,0.9999469926252633,1.0,398,0.00029100404399609673,0.18352287056015185,0.009334322130484907,0.000485303148046512,0.00029055557358588914,7.786161669863034e-09,True,200,568,569
WFG4,22,2,95,573,3,3,True,106,107,19,19,3,0.0630424471986966,0.06304244804658625,0.0016688693043995784,0.0016688972747864739,0.006321843660826887,0.006321864641465447,9.60017444157175,9.600113823488527,0.0006913449272641193,0.00069131538461642,23.0,23,38.0,38,4.0,4,34.0,34,394,394,394.0,0.97,0.9999920796605697,1.0,398,0.00026218195341033343,0.18349024330855013,0.005267571797162418,0.0005919194263697136,0.0003451853568074428,7.748077055373704e-09,True,200,572,573
WFG4,22,2,96,576,4,3,True,116,117,10,10,4,0.07661418441151985,0.07661417905339407,0.002386638424069387,0.0023865619447221986,0.01565695497747585,0.015656951061987084,9.379665521518795,9.381474211464024,0.0008155147157140488,0.0008155801095748316,13.0,13,21.0,21,2.0,2,18.0,18,370,370,370.0,0.955,0.9998600967328158,1.0,398,0.00016456142680681003,0.18350125450260166,0.008098425849198065,0.00032133175183446383,0.00018834044566423902,7.67594887639787e-09,True,200,575,576
WFG4,22,2,97,580,4,3,True,117,119,10,10,4,0.020946846829072996,0.02094686235167409,0.0,0.0,0.011378952311545815,0.011378954187163282,3.637926870308302,3.635700983125389,0.004218134968887979,0.0042176258250180565,12.0,12,21.0,21,4.0,4,18.0,18,382,382,382.0,0.92,0.9995042200731914,1.0,398,0.0002971327995874203,0.1835520909154646,0.009055798618105015,0.0006773713232064438,0.00039106394306395037,7.18984886210872e-09,True,200,579,580
WFG4,22,2,98,584,4,3,True,103,103,20,20,4,0.04211517415947574,0.042115153132265104,0.0,0.0,0.006464128336774538,0.006464118510226602,3.710268230136597,3.7111852832231307,0.0026514854016557957,0.002651487159005872,25.0,25,38.0,38,2.0,2,36.0,36,386,386,386.0,0.9,0.9998735518773292,1.0,398,0.0001915389450667164,0.18351934906617895,0.008966065369051535,0.0004536721664862853,0.0002626954080747971,7.139669048893791e-09,True,200,583,584
WFG4,22,2,99,588,4,3,True,108,109,14,14,4,0.04034658871747687,0.040346608875928336,0.0,0.0,0.007338965639074657,0.007338927222798192,3.952470589768957,3.953505848056011,0.0025483460264574555,0.00254804562810651,16.0,16,29.0,29,2.0,2,26.0,26,368,368,368.0,0.945,0.9995216983832494,1.0,398,0.0001500392530107749,0.18350342671154685,0.008522691706481567,0.0003845407192102357,0.00021841550601366913,7.109508981460617e-09,True,200,587,588
WFG4,22,2,100,592,2,3,True,106,106,13,13,2,0.034051459913483226,0.03405146082691699,0.0,0.0,0.01055843426051517,0.010558438292000316,1.6547094559587219,1.6546916597544623,0.0019134224412168089,0.0019134477790256899,18.0,18,25.0,25,6.0,6,24.0,24,382,382,382.0,0.955,0.9999334917183995,1.0,398,0.0005453901203807928,0.18391631639057826,0.012960137760359203,0.001271001087161494,0.0007392793911524347,7.078404710535702e-09,True,200,591,592
WFG4,22,2,101,594,3,3,True,124,124,18,18,3,0.023100512120118433,0.023100491668820333,0.0007627474541236356,0.0007627305742472501,0.00850484254028841,0.008504787233382244,5.777279137250247,5.7680129962059254,0.002014558427789922,0.0020139811335405933,21.0,21,36.0,36,4.0,4,34.0,34,394,394,394.0,0.935,0.9998725689708473,1.0,398,0.00029173773005155103,0.18353743468248157,0.026594371551368567,0.0006686764561436576,0.0003808299732392929,7.064304545050687e-09,True,200,593,594
WFG4,22,2,102,597,7,3,True,125,125,19,19,7,0.02251484849672908,0.022514853035565052,0.0,0.0,0.00503178939286697,0.005031791401630625,2.1554087522305405,2.1554475958037074,0.002605409184263289,0.0026054746988826427,24.0,24,38.0,38,10.0,10,36.0,36,366,366,366.0,0.955,0.9999293059710419,1.0,398,0.00017064591644322884,0.18353067248951693,0.008370812035593644,0.0005391095419895464,0.00030785427042313157,6.988674230004962e-09,True,200,596,597
WFG4,22,2,103,603,5,3,True,121,125,18,18,6,0.024412498001895655,0.024412496597848832,0.0,0.0,0.004218695798559824,0.004218718065720273,3.9049724684724634,3.907567740506238,0.0018526632327844918,0.001834047263166147,24.0,24,33.0,34,6.0,6,34.0,34,376,376,376.0,0.555,0.9988586306169964,1.0,398,0.00370170368963465,0.1849493075819023,0.21244689788193227,0.001523386460704046,0.0008772958510085335,6.833337436482699e-09,True,200,602,604
WFG4,22,2,104,607,2,3,True,119,119,15,16,2,0.02366430451553969,0.023664298888478208,0.0,0.0,0.003299777113382585,0.0038219696368630846,1.000000000055767,2.4340727933513335,0.0025647890814072026,0.002264942848554885,19.0,20,31.0,33,6.0,6,28.0,30,380,382,380.0,0.485,0.9923305791091551,1.0,398,0.0019155322004610034,0.18350340536752385,0.02462720991951528,0.0014659767937246215,0.0008410078672517477,6.799957114803376e-09,True,200,606,608
WFG4,22,2,105,609,3,3,True,110,113,7,7,3,0.031995512809597046,0.031995513764380396,0.0050755095230786695,0.005075545515827895,0.01280810790586906,0.012808145218974665,5.708812860611811,5.7088863665539975,0.004890728611436806,0.004890682927704976,9.0,9,15.0,15,6.0,6,12.0,12,382,382,382.0,0.895,0.999327475978446,1.0,398,0.0001200258448824102,0.18350345045415822,0.036813203380631876,0.00031437864976169294,0.00017866284900516544,6.78552531882302e-09,True,200,608,609
WFG4,22,2,106,612,4,3,True,111,111,16,16,4,0.024540839066792386,0.0245408458183064,0.00047818699245505414,0.00047817152173290633,0.007648753131122177,0.007648768942525086,9.31310273838791,9.316071282423763,0.0020410307378814726,0.002041094103528235,18.0,18,32.0,32,2.0,2,30.0,30,380,380,380.0,0.93,0.9999349599939408,1.0,398,0.000273594503475012,0.18350415746088133,0.012641995123289007,0.000568329357292896,0.0003234901597571972,6.744735608174315e-09,True,200,611,612
WFG4,22,2,107,616,5,3,True,110,110,22,22,5,0.02363147570990587,0.023631456593317668,0.0,0.0,0.005325860860209697,0.005325868905872333,4.677779076190697,4.67798461224902,0.0030479064915899193,0.0030480655340485996,26.0,26,42.0,42,12.0,12,42.0,42,384,384,384.0,0.9,0.9998435893624736,1.0,398,0.00022412084966060778,0.18350253022851823,0.03799762583918209,0.0005829353526323189,0.00032963687332649767,6.707235674784451e-09,True,200,615,616
WFG4,22,2,108,621,2,3,True,105,105,11,11,2,0.029184457425101673,0.02918448866161094,0.0038532295001575518,0.0038532345049130112,0.009818964203724523,0.009818955206467916,15.303067143906501,15.300135648063588,0.0010943059059637715,0.001093998749711611,13.0,13,22.0,22,2.0,2,20.0,20,390,390,390.0,0.885,0.9997508226885448,1.0,398,0.00021523876338224192,0.1834954614955629,0.026795135384077184,0.00047364556422735404,0.0002695001318759024,1.1757767152378047e-09,True,200,620,621
WFG4,22,2,109,623,5,3,True,96,96,24,24,5,0.15286765832300922,0.15286765168632335,0.0,0.0,0.005637392933790633,0.005637390401961637,19.1789607221269,19.183223381622156,0.004164035990320425,0.004164321855276154,29.0,29,48.0,48,10.0,10,46.0,46,380,380,380.0,0.91,0.9999297762168946,1.0,398,0.00017012020387824106,0.18349790895527623,0.03296315860160348,0.0004199886096483141,0.00023817511811780902,9.349062462145912e-10,True,200,622,623
WFG4,22,2,110,628,3,3,True,90,90,16,16,3,0.09220443587048435,0.0922044388190502,0.0,0.0,0.014180090822382068,0.014180080115784338,3.6360282994940754,3.6359694880929965,0.0016764985040158159,0.0016764291263985376,19.0,19,32.0,32,10.0,10,30.0,30,394,394,394.0,0.95,0.9998344491795463,1.0,398,0.00022435427129187217,0.18347674823475404,0.008510180670810996,0.0005266747461263321,0.0002951827516743057,6.475635297883302e-10,True,200,627,628
WFG4,22,2,111,631,3,3,True,110,111,7,7,3,0.049290528592835565,0.049290534350282654,0.0,0.0,0.009399165743794735,0.009399175022483997,9.678069535262528,9.667281491139875,0.0045870666216284,0.004587278767257251,9.0,9,15.0,15,4.0,4,12.0,12,384,384,384.0,0.915,0.9999055215659063,1.0,398,0.00024825694451355637,0.18350621092859293,0.009890721423460036,0.0004692640207366594,0.0002644100682122047,6.457104818520828e-10,True,200,630,631
WFG4,22,2,112,634,6,3,True,114,114,21,21,6,0.03857181932789339,0.03857181785677013,7.973017434481644e-05,7.963373094788118e-05,0.007991643848639596,0.007991662385756493,2.426988237953436,2.4324566811737895,0.0020770949728674366,0.0020772687111021426,26.0,26,39.0,39,2.0,2,40.0,40,394,394,394.0,0.845,0.9983996686743168,1.0,398,0.0007603864686834996,0.18352719668804826,0.021255088974101,0.000997240981078562,0.0005553686028592572,5.404310098216767e-10,True,200,633,634
WFG4,22,2,113,640,3,3,True,111,111,5,5,3,0.029110558048874413,0.029110532253660892,0.003994275731107222,0.003994286965706695,0.008392245984738977,0.008392245976225121,3.7114735440409277,3.711396076123492,0.0022345796139268104,0.0022345672317164444,7.0,7,11.0,11,0.0,0,8.0,8,362,360,362.0,0.885,0.9998828960045232,1.0,398,0.00015940741461076247,0.1835126457299343,0.02041491320960631,0.0003581231400460183,0.0001988900821470735,5.369926432401827e-10,True,200,639,640
WFG4,22,2,114,643,1,2,False,118,118,1,1,1,0.06783509491661122,0.0678351874915466,0.06783509491661122,0.0678351874915466,0.06783509491661122,0.0678351874915466,-4.012954995949796,-4.013025306465352,0.003011366097292612,0.0030113658330447324,,3,,3,,0,,0,380,380,380.0,0.87,0.9998309133375044,1.0,398,0.00019473207650529855,0.18350130746275056,0.04804050969096352,0.0004306094923549608,0.00024339141594448185,5.355439926408634e-10,True,200,642,643
WFG4,22,2,115,644,2,3,True,113,113,7,7,2,0.02326349290636498,0.023263484150814695,0.0,0.0,0.0,0.0,0.9277600222008484,0.9268016448040726,0.004739869091674181,0.004739816317616885,9.0,9,15.0,15,4.0,4,12.0,12,352,352,352.0,0.89,0.9991492703578561,1.0,398,0.00020124228913797086,0.18350835094887533,0.029585594634227164,0.00043462707924391,0.0002442333181131737,5.316966816354631e-10,True,200,643,644
WFG4,22,2,116,646,2,3,True,106,106,14,14,2,0.038225661772845254,0.0382256448168784,0.00011572461593400973,0.00011570881556222101,0.005671959273563676,0.005671945461237199,3.559459432001699,3.559317006773199,0.0014880513507315994,0.0014881608068925134,17.0,17,29.0,29,2.0,2,26.0,26,374,374,374.0,0.95,0.9998496896327129,1.0,398,0.00016291432716647564,0.183503418500567,0.01201478602968109,0.00037110435289378074,0.00020734132908217158,5.307230755542389e-10,True,200,645,646
WFG4,22,2,117,648,5,3,True,112,112,14,14,5,0.031669155103576485,0.03166917847624595,0.00030013442274567925,0.00030013131877948407,0.004440171299310347,0.0044401322076954575,0.4476250572910505,0.4476125707151368,0.0028062493764634895,0.0028061997850659104,17.0,17,29.0,29,4.0,4,26.0,26,370,370,370.0,0.88,0.999582093530539,1.0,398,0.00019659100226824956,0.18352682798960024,0.018627989574497406,0.0004898516861544522,0.00027561568210966427,5.079188223918831e-10,True,200,647,648
WFG4,22,2,118,653,2,3,True,106,106,8,8,2,0.03098868335409366,0.03098866573596404,0.009760572975540671,0.009760579494508814,0.015977118928044542,0.015977139053511447,9.61299502655673,9.608604313936667,0.0002075767696478408,0.00020772270234314938,10.0,10,17.0,17,4.0,4,14.0,14,362,362,362.0,0.89,0.999475769918794,1.0,398,0.00015933706462396277,0.18350512869771085,0.027532686294307496,0.0002476425024724449,0.00013915236026579948,4.538753216121217e-10,True,200,652,653
WFG4,22,2,119,655,3,3,True,98,98,9,9,3,0.04006383450214801,0.04006379825867479,0.007439092370499334,0.007439004307058461,0.014079985973260878,0.014080018338663569,7.291449416815107,7.2919875975640025,5.134769372889712e-05,5.125971425323783e-05,11.0,11,19.0,19,6.0,6,16.0,16,392,392,392.0,0.915,0.9999467672252257,1.0,398,0.00019678358686745206,0.18351127293103653,0.010722638753577485,0.0005062888433258195,0.00028175162583312627,4.5297884655822365e-10,True,200,654,655
WFG4,22,2,120,658,3,3,True,106,106,14,14,3,0.024278558517306537,0.02427853880750286,0.0,0.0,0.006255822059715033,0.006255790520788063,3.4546146453001736,3.4547343171325338,0.0014109289298528589,0.0014109305595872265,16.0,16,28.0,28,2.0,2,26.0,26,358,358,358.0,0.87,0.9997350874553319,1.0,398,0.00021053217710481354,0.18352002821033545,0.019878114542052572,0.00046257873498234403,0.00025982764498689166,4.5035700102311205e-10,True,200,657,658
WFG4,22,2,121,661,3,3,True,107,107,8,8,3,0.04065774457642579,0.04065779106614453,0.000703492397997052,0.0007034777797836345,0.015730101193202783,0.015730098927415864,8.721419995685036,8.72597195293929,0.0009966250313821808,0.000996825979198146,10.0,10,17.0,17,2.0,2,14.0,14,362,362,362.0,0.94,0.9996189124199836,1.0,398,0.00021943210161618152,0.18340741749413686,0.016668394196130976,0.00040172307512875705,0.000225325558661103,4.491535301046669e-10,True,200,660,661
WFG4,22,2,122,664,7,3,True,109,109,22,22,7,0.025050056929988573,0.025050026854330387,0.00031969660103636777,0.00031970134187797594,0.0077119512502561716,0.007711970168039872,4.33572368043775,4.3355731039337115,0.0005578039455469823,0.0005577985520996975,25.0,25,44.0,44,4.0,4,40.0,40,376,376,376.0,0.83,0.9982622806939522,1.0,398,0.00022379453788043153,0.1836050404520001,0.025357859899258983,0.0006710997892014348,0.0003772865812979197,4.4342334675279977e-10,True,200,663,664
WFG4,22,2,123,671,3,3,True,122,124,13,12,2,0.040694299650514465,0.01701787500229135,0.0005744732080297243,0.0005743895337815275,0.010759566152148178,0.007471954391053968,3.2337556954306876,2.53152050038625,0.0019320738734333635,0.0020485997110460397,16.0,15,27.0,25,4.0,6,24.0,22,372,372,372.0,0.87,0.9999100180955603,1.0,398,0.0002663545125694517,0.18369019256868932,0.0484032258964362,0.0007989161917976162,0.00044404612336354716,4.403337048148068e-10,True,200,670,671
WFG4,22,2,124,674,3,3,True,109,109,19,19,3,0.028414668182642266,0.028414678314100716,0.0,0.0,0.0015033478846268045,0.0015033533794699405,1.0000000004172982,1.0000000056024874,0.0010686275590045696,0.0010686656822045393,22.0,22,39.0,39,8.0,8,36.0,36,372,372,372.0,0.87,0.9994969091108784,1.0,398,0.0003170952630492123,0.18352197749333235,0.031918917935399804,0.000652121500593239,0.00036445848972388196,4.287994498600488e-10,True,200,673,674
WFG4,22,2,125,677,3,3,True,110,111,14,14,3,0.05630636831841257,0.056306367608715505,0.0,0.0,0.0039894896474473585,0.003989456251337051,0.9944778558097571,0.9948314642824698,0.001262056250101617,0.001262086646852012,17.0,17,28.0,28,4.0,4,26.0,26,388,388,388.0,0.92,0.9997516340416012,1.0,398,0.00025824882700666935,0.1835023438184249,0.012864207953498408,0.0002719652443090581,0.0001544136310175556,4.117745412181858e-10,True,200,676,677
WFG5,22,2,1,240,4,3,True,117,118,25,27,4,0.03125705723237543,0.031257082731367125,0.0,0.0,0.0075569831771748475,0.0075569815630567305,-1.7096672644631963,-1.5652856479659802,0.07315600973508138,0.06816270394140847,29.0,32,51.0,55,4.0,6,48.0,52,378,382,378.0,0.295,0.9915069399126721,1.0,398,0.1748257704890696,0.31669781905765026,0.6254132474016432,0.10425884853722356,0.05386536973772996,0.0010809404765207574,True,200,239,241
WFG5,22,2,2,244,5,3,True,121,121,25,24,5,0.03195415434836513,0.031954135209875556,0.0,0.0,0.007654383339152027,0.008609240623371678,-0.7037967665671823,-0.5696551102973185,0.03731316262811708,0.036945048365783384,29.0,28,52.0,50,10.0,10,48.0,46,374,376,374.0,0.435,0.9989046403553729,1.0,398,0.1543743127051938,0.25559156427805385,0.27263437321669004,0.071665782252607,0.03700746428857602,0.00026645703583384826,True,200,243,244
WFG5,22,2,3,249,4,3,True,128,128,14,14,4,0.02036657507340267,0.020366593939201927,0.001029557995790742,0.0010296024293049433,0.00676383832128085,0.006763857308008651,-0.6326814135124375,-0.4463383207073477,0.03829151732572211,0.03836664150355058,18.0,18,28.0,28,6.0,6,26.0,26,388,388,388.0,0.435,0.9965735052555436,1.0,398,0.07072952560648321,0.18653376214002795,0.3547055727525943,0.03818356279231849,0.018801669884814385,0.00011071548585566577,True,200,248,249
WFG5,22,2,4,253,3,3,True,113,113,18,16,2,0.034895292534513955,0.03489524610949363,0.0011545332475626502,0.0011545399827819214,0.010015358126179263,0.011166347993767478,0.5828972189660186,0.5768600970293606,0.01794782726803571,0.010207467023019962,22.0,20,35.0,31,10.0,10,34.0,30,346,346,346.0,0.515,0.9931354057300215,1.0,398,0.009996049631644292,0.18350510426805214,0.20716448238104235,0.007463717700889161,0.0038116976315856936,1.1918887386273593e-05,True,200,252,253
WFG5,22,2,5,256,3,3,True,118,118,22,22,3,0.016657372793682512,0.01665734503718741,0.00039420598868344925,0.00021880135938323608,0.007849775042428009,0.007849786924764124,1.0260017083812443,1.0351677737012852,0.008482062066035433,0.008522715223804678,25.0,26,45.0,45,10.0,10,42.0,42,386,384,386.0,0.39,0.9981812250953364,1.0,398,0.014584182983528215,0.1866258330593342,0.29441687617958623,0.015600607051634352,0.007859894976565212,1.169418540686093e-05,True,200,255,256
WFG5,22,2,6,259,2,3,True,134,134,13,12,2,0.01645534953442751,0.01645538976277483,0.0008062121654572874,0.0008062249473234084,0.005608329574003423,0.005562048032469263,0.8759034522048461,0.8975927665844621,0.04907193491555826,0.049359596041546036,17.0,16,27.0,25,6.0,4,24.0,22,346,346,346.0,0.48,0.9969816174182534,1.0,398,0.00817846485476764,0.17877887026757075,0.05733295284615547,0.004363879268369397,0.0026093710184780265,1.1443613230657323e-05,True,200,258,259
WFG5,22,2,7,260,3,3,True,137,137,9,8,3,0.01966561927877497,0.019665593555058702,9.605906425486956e-05,9.60559865695685e-05,0.0065678088948943735,0.008499459595927688,1.0080277546804446,1.021224595848416,0.06903800703451432,0.07425453413260127,11.0,10,19.0,17,6.0,6,16.0,14,390,386,390.0,0.165,0.9930871077447382,1.0,398,0.011856634520961062,0.17525681097640478,0.09252268125609309,0.009897168150256208,0.005875043832603133,1.1370432234139437e-05,True,200,259,261
WFG5,22,2,8,262,4,3,True,119,120,12,12,3,0.01899267937311333,0.01899268830958234,7.5705347903390994e-06,7.568025090560172e-06,0.009946553496321342,0.009946524490031583,1.0279676273211376,1.0016382937788353,0.037061997158913736,0.036070494620548336,14.0,15,25.0,25,4.0,4,22.0,22,386,384,386.0,0.135,0.9933529903909427,1.0,398,0.01218844047254974,0.18586540191416673,0.07478798344051096,0.007917076430048187,0.0046867947871274875,1.1238440065521714e-05,True,200,261,263
WFG5,22,2,9,266,3,3,True,118,120,11,10,4,0.015719787253984707,0.015719747706980702,0.0,0.0,0.008888290822080078,0.009031245318217355,1.0626220414605925,1.083305550632703,0.015825830876399223,0.017435978897313006,13.0,12,23.0,21,2.0,2,20.0,18,370,370,370.0,0.52,0.9986727552887559,1.0,398,0.00795908729234631,0.18382955606635937,0.08337409734389656,0.00723322955630834,0.0042128999331162076,1.1000178849843277e-05,True,200,265,266
WFG5,22,2,10,269,4,3,True,120,120,13,12,4,0.02305828717942166,0.02305828905910617,0.0,0.0,0.007983464820169317,0.007730883327426871,0.9912920185801051,0.9898766647891886,0.046090770011316125,0.04645747889063866,15.0,14,27.0,25,8.0,6,24.0,22,392,392,392.0,0.495,0.9988236054357423,1.0,398,0.006841642963713123,0.1843815088051985,0.036432648573029525,0.0036192771347017816,0.002055802873234034,1.0817077051367167e-05,True,200,268,269
WFG5,22,2,11,273,5,3,True,120,121,11,11,4,0.02133923504320767,0.021339244206617813,0.00170880917367644,0.0017088953104001936,0.008303651692577962,0.00652522495378037,1.017551505886014,1.0198317915437192,0.03214308693176087,0.03808718860055892,14.0,13,23.0,23,6.0,2,20.0,20,380,380,380.0,0.5,0.9949929191734883,1.0,398,0.01320012985247122,0.17272555817982055,0.06424232817835884,0.008972286384277162,0.005131477081910144,9.673843054014393e-06,True,200,272,273
WFG5,22,2,12,278,4,3,True,104,104,19,19,4,0.037488518290239914,0.03748846412544116,0.0,0.0,0.003414647433512219,0.003414672249588524,1.0113541532879307,1.0109180750084403,0.043901252632643765,0.043901261374229665,23.0,23,36.0,36,8.0,8,34.0,34,380,380,380.0,0.635,0.9984768631847389,1.0,398,0.006574124471786662,0.18395948744484156,0.08496772130164221,0.004554610901521483,0.0025029610354774284,3.4418014831671948e-06,True,200,277,278
WFG5,22,2,13,282,3,3,True,114,115,22,20,3,0.01607532928472094,0.01607535655563158,0.0001896034716157846,0.00024471903955441965,0.006474584765949268,0.006474574583771361,3.1144888581010717,3.1251606011266437,0.005150919264880309,0.0051520636319671645,28.0,25,43.0,39,10.0,10,38.0,36,386,386,386.0,0.685,0.9994434202565412,1.0,398,0.0038901386719257893,0.183832098970237,0.03684789390174448,0.004457054273527272,0.0025795649337900356,7.004729004384063e-07,True,200,281,282
WFG5,22,2,14,285,4,3,True,142,142,14,14,4,0.024496908445018943,0.02449690960272713,0.0004200704241085207,0.0004200791996556985,0.004697998103689038,0.00469799103375404,0.26738437386221037,0.28340314192092486,0.0060831008982236735,0.006084045680674653,18.0,18,29.0,29,6.0,6,26.0,26,398,398,398.0,0.725,0.9998853352667452,1.0,398,0.0037432444032577342,0.18165899915448314,0.020061591742916107,0.0024995273048892264,0.0015139601488171467,4.8464144155277996e-08,True,200,284,285
WFG5,22,2,15,289,3,3,True,128,130,7,7,3,0.021451979700369127,0.0214519809259369,0.006739253632003228,0.0020942676781554523,0.01630465009305471,0.016304653642014652,1.921578289323155,1.9175500236977818,0.00013446956537771005,0.00013437310954064917,10.0,10,13.0,13,6.0,6,12.0,12,398,398,398.0,0.83,0.9998663393952298,1.0,398,0.0026833609096417917,0.18398517000475462,0.015898825846990317,0.0026526040257406347,0.001563497305848157,3.7346748813666694e-08,True,200,288,289
WFG5,22,2,16,292,3,3,True,111,112,5,4,2,0.01880603663946956,0.01880605687427228,0.011294325204862593,0.011294331882124004,0.01322351186486411,0.012726485169743632,1.0489691599846012,0.9378428968848915,0.0015734905831922955,0.006029195050463219,7.0,6,11.0,9,2.0,2,8.0,6,380,380,380.0,0.805,0.9998659588384541,1.0,398,0.0023540308471580096,0.18197795277588474,0.05178463139891898,0.002921070350086652,0.0017118613350491265,3.685992400389396e-08,True,200,291,292
WFG5,22,2,17,295,2,3,True,123,123,10,10,2,0.014831788562572612,0.014831761105921326,0.0014844918141651078,0.001484485306382309,0.008421501224939475,0.008421534209221569,0.7846261440160669,0.7747231202520524,0.07568007366746227,0.07567948339885874,12.0,12,21.0,21,4.0,4,18.0,18,396,396,396.0,0.855,0.9998406031286587,1.0,398,0.0032937727635496392,0.1848581032086007,0.0258173274346154,0.003578432034571477,0.00211378394992592,3.618706369149222e-08,True,200,294,295
WFG5,22,2,18,297,5,3,True,115,115,15,15,5,0.01783375428344114,0.017833776607798946,0.0,0.0,0.005061602100998708,0.005061524935886408,3.510191581367744,3.509232499288647,0.01770326173356462,0.017703618985622997,16.0,16,31.0,31,6.0,6,28.0,28,384,384,384.0,0.865,0.9999301825088317,1.0,398,0.0013457492163648685,0.18376087582092573,0.014604938968647563,0.0021072679951532614,0.001242209125394896,3.584485448501128e-08,True,200,296,297
WFG5,22,2,19,302,4,3,True,111,111,16,16,4,0.017912323261171148,0.01791232727292877,0.0008543489072579957,0.0008543752167052832,0.011617938667383199,0.011617912154360699,3.4735524549586207,3.4697372081625844,0.012806571928426564,0.012807378812843662,18.0,18,33.0,33,6.0,6,30.0,30,376,376,376.0,0.69,0.999782715683434,1.0,398,0.002184550891807495,0.18477226013180725,0.024908032689748172,0.0023771948548263477,0.0014130237621094092,3.131324428884084e-08,True,200,301,302
WFG5,22,2,20,306,4,3,True,118,118,7,7,4,0.016801875221463036,0.016801864787046678,0.004591342710060564,0.004591355170339817,0.01038024364762724,0.010380292700582383,0.8162980533115771,0.8162856208764611,0.009043412771809495,0.009043724298413183,9.0,9,15.0,15,2.0,2,12.0,12,394,394,394.0,0.83,0.9999117614810066,1.0,398,0.001673566690516177,0.18358616567466135,0.024894162385186824,0.0014659360186544124,0.0008748503599214426,3.070802346204945e-08,True,200,305,306
WFG5,22,2,21,310,2,3,True,120,120,9,9,2,0.016240131542128,0.016240132541506025,0.00011276656373387928,0.00011276980659569169,0.004561177874607525,0.004561199072741773,1.6442061303112903,1.6380055454838744,0.09356434438661006,0.09356532762520435,11.0,11,19.0,19,4.0,4,16.0,16,390,390,390.0,0.78,0.9998692039853752,1.0,398,0.0035735702352393045,0.18281928677029366,0.08152864255241532,0.00207797209069005,0.0012582911338079059,3.0033095387028275e-08,True,200,309,310
WFG5,22,2,22,312,5,3,True,112,112,10,10,5,0.020140077602232798,0.02014012185955194,0.002146886517936486,0.002146888227228194,0.009823310160730014,0.009823362770129518,0.38867954055925047,0.38857150333624424,0.030775145022297338,0.030775063091347733,12.0,12,20.0,20,2.0,2,18.0,18,386,388,386.0,0.7,0.9989517125662214,1.0,398,0.0022588819826606698,0.18283561491591088,0.04858609779799128,0.0021666202569646797,0.001243183744996972,2.9685966101045966e-08,True,200,311,312
WFG5,22,2,23,317,3,3,True,122,122,10,10,3,0.01844659181811592,0.018446611868468632,0.004479599422409386,0.004479592507218189,0.013510910558900247,0.013510906266495454,1.266532521371266,1.2260245567946526,0.008103342302019282,0.008100640318855776,12.0,12,21.0,21,4.0,4,18.0,18,392,392,392.0,0.755,0.9997515051212073,1.0,398,0.004727383397716565,0.1850640565400759,0.021362200685931754,0.0026392651609175033,0.0015319651788290093,2.817619024085849e-08,True,200,316,317
WFG5,22,2,24,320,3,3,True,111,111,7,7,3,0.0219128050067946,0.021912696993104164,0.004547507383575122,0.0045475136190055165,0.011906189397056233,0.011906124639210591,1.9601967255637645,1.958318937835362,0.005960439080618536,0.0059603540649079976,9.0,9,15.0,15,2.0,2,12.0,12,386,386,386.0,0.86,0.999935412172071,1.0,398,0.001966856193787613,0.18373935631214508,0.01839017833537948,0.0017152306068752843,0.000996184285451573,2.7905737384198436e-08,True,200,319,320
WFG5,22,2,25,323,4,3,True,112,112,20,20,4,0.03259162635272406,0.0325916737034222,0.0,0.0,0.01019923514173146,0.010199236998811145,3.170349099821162,3.174656932161289,0.005068087131741247,0.005068099060610454,25.0,25,40.0,40,12.0,12,38.0,38,374,372,374.0,0.785,0.999828604306531,1.0,398,0.0010535936237186852,0.18372533310365996,0.01972118185363314,0.0012305451753302776,0.000737007169017165,2.7365677663682006e-08,True,200,322,323
WFG5,22,2,26,327,3,3,True,132,132,11,11,3,0.017923282993301926,0.017923291997361923,0.00013499401560956859,0.000134976783811247,0.010595781864648851,0.010595783643008838,1.33630233573418,1.3340102120989634,0.0016211606347030626,0.0016209288812085582,13.0,13,23.0,23,0.0,0,20.0,20,396,396,396.0,0.82,0.9998807222652139,1.0,398,0.0017815787775972078,0.1822548666956352,0.013333360994700172,0.002101504452436842,0.0012432262477742547,2.7013734869397682e-08,True,200,326,327
WFG5,22,2,27,330,5,3,True,128,128,21,21,5,0.018120271151101677,0.018120278052806887,0.0003651336702336083,0.0003651371555686289,0.005598342753732388,0.005598358805872006,2.147287903625992,2.1480307446942177,0.006787042264402807,0.006786925708270192,24.0,24,42.0,42,2.0,2,38.0,38,382,382,382.0,0.655,0.9994623755273124,1.0,398,0.0044633248675661555,0.17987427324364144,0.06020118958891629,0.0046015625912332325,0.0026388224097626503,2.673282833618894e-08,True,200,329,330
WFG5,22,2,28,335,5,3,True,125,125,16,16,5,0.018031936167669405,0.018031976102585223,0.0006093340595394459,0.0006093271063655203,0.005909191840897721,0.005909191923429757,1.8837922163246876,1.885786277975562,0.005938716334854316,0.005939965300397462,18.0,18,32.0,32,8.0,8,30.0,30,390,390,390.0,0.765,0.9996310168641995,1.0,398,0.004652973992061391,0.17970428171651043,0.06863061265012504,0.003966443297358069,0.0022642300006675913,2.489504560310075e-08,True,200,334,335
WFG5,22,2,29,340,3,3,True,126,126,11,11,3,0.024834316480233334,0.024834316525223714,0.0001645404622826474,0.00016455385723557203,0.010025683450511469,0.010025682947613856,1.0740057356875345,1.0778940923016371,0.00485379681986914,0.00485413472108881,14.0,14,23.0,23,6.0,6,20.0,20,384,384,384.0,0.63,0.9982186425144636,1.0,398,0.008171588392626699,0.17683134508882353,0.074268402946295,0.006695377663346491,0.004260987986536266,2.43914484984037e-08,True,200,339,340
WFG5,22,2,30,343,5,3,True,130,130,15,15,5,0.017705456953155497,0.01770545752908013,0.0018134221341991053,0.0018134418761586169,0.008401551080072567,0.008401554843412817,1.0242879490487402,1.034544015766535,0.006522198455069375,0.006522745747223571,17.0,17,31.0,31,6.0,6,28.0,28,398,398,398.0,0.735,0.9997970598926551,1.0,398,0.0061117948830347185,0.17851315944666943,0.017009979375369966,0.0026087790045412618,0.001613252394191585,2.4149475302547588e-08,True,200,342,343
WFG5,22,2,31,348,3,3,True,119,119,8,8,3,0.023479522957946974,0.02347951656467595,0.01041066009113456,0.010410653108626322,0.011236977306620821,0.011236963017154489,3.1864446672908686,3.1957785479482155,0.0014032175828244478,0.0014033516691271675,10.0,10,17.0,17,6.0,6,14.0,14,388,388,388.0,0.845,0.9999425111324936,1.0,398,0.0035393514782676473,0.1821414794548772,0.030522080207177282,0.0012607899432763858,0.0007152571076746195,2.3558699019913218e-08,True,200,347,348
WFG5,22,2,32,351,6,3,True,128,128,19,19,6,0.02245571835016098,0.02245571774912036,0.0,0.0,0.010598557000287223,0.010598567006448345,1.2598367056493833,1.2607713411654053,0.004530391789113699,0.004530604232885038,21.0,21,37.0,37,6.0,6,36.0,36,390,390,390.0,0.7,0.9994447487452682,1.0,398,0.0023316233919360684,0.1831559719518616,0.043026919633067706,0.001040087862583583,0.0005878446511887136,2.33657893158537e-08,True,200,350,351
WFG5,22,2,33,357,4,3,True,119,120,9,9,5,0.02398289038114928,0.023982890844024413,0.0008871054043839699,0.0008871054259875777,0.00732172270291076,0.00732171100053175,0.8978670003351121,0.8981110479345915,0.005318600379469706,0.005318596547630394,12.0,12,18.0,18,6.0,6,16.0,16,368,366,368.0,0.755,0.9998599718859382,1.0,398,0.002907975015713709,0.18183397529067324,0.05006324903060033,0.002282621999479595,0.0013095318029445106,2.297548147608344e-08,True,200,356,357
WFG5,22,2,34,361,6,3,True,119,119,20,21,8,0.020652163571096546,0.020652163195042848,0.0,0.0,0.006542792613584026,0.0069649697326161775,1.126288132010047,1.16579168787203,0.0023262557448338497,0.0023263011548273205,25.0,26,41.0,43,4.0,6,38.0,40,382,382,382.0,0.81,0.9998920980466016,1.0,398,0.0019159420266816971,0.182878665509021,0.03402381338726812,0.0012621766796954148,0.0007294026317975113,2.2674547688134977e-08,True,200,360,361
WFG5,22,2,35,367,4,3,True,119,120,13,13,4,0.03247278858040503,0.032472833633445664,0.00023508857516751913,0.00023505545388580185,0.008635191417698418,0.008635195095382353,1.0650058438106083,1.06515493233195,0.011286434945142912,0.01128898022875452,15.0,15,27.0,27,8.0,8,24.0,24,394,394,394.0,0.79,0.9999089048688494,1.0,398,0.003395405163766737,0.18077512723253442,0.06637507738922821,0.0019464535567106367,0.0011579238486219003,2.2297321406824764e-08,True,200,366,367
WFG5,22,2,36,371,6,3,True,120,120,16,16,6,0.015568210165046947,0.015568219118516358,0.00016146003832828715,0.00016148425494189045,0.003979731381378998,0.003979763110576712,1.2293311952899542,1.233418797589934,0.05207285907065918,0.052073375731951296,21.0,21,33.0,33,2.0,2,30.0,30,384,384,384.0,0.83,0.999914511269631,1.0,398,0.0014891567384241278,0.1830037856235548,0.021883058264879907,0.001025054406373016,0.0005885116282435055,2.208363792599896e-08,True,200,370,371
WFG5,22,2,37,377,4,3,True,130,130,11,11,4,0.015946464577753283,0.015946454867599935,0.00220071123480714,0.0022007915293139613,0.01041651676533395,0.010416527842167289,1.2898749306694732,1.289720199973445,0.012483018434063584,0.01248245743367532,13.0,13,22.0,22,6.0,6,20.0,20,384,384,384.0,0.79,0.9998622637948519,1.0,398,0.002374960451428455,0.1828263732746323,0.02539928076875242,0.0021066716355422344,0.0011955701320937177,2.176442729097132e-08,True,200,376,377
WFG5,22,2,38,381,3,3,True,116,116,8,8,3,0.023025444779340876,0.023025422770891035,0.0,0.0,0.005276709394326007,0.005276716896354172,0.42731089133378664,0.4274099174566999,0.03612259834502446,0.03612252236389056,10.0,10,17.0,17,4.0,4,14.0,14,370,370,370.0,0.875,0.9999507218859646,1.0,398,0.0017518881691764494,0.1848226323945943,0.007837250463250456,0.0010778904258597066,0.0006181068137684933,2.1519138694693857e-08,True,200,380,381
WFG5,22,2,39,384,3,3,True,116,116,11,11,3,0.01570551294552902,0.015705540515753125,0.004448464774759686,0.004448529832507986,0.011253846717294458,0.011253962521561967,1.08548401610589,1.0850037509948294,0.02618028576241211,0.026180264497791768,13.0,13,22.0,22,4.0,4,20.0,20,382,382,382.0,0.9,0.9999670806891381,1.0,398,0.0006653907204565621,0.18361403428163015,0.0036598353418675345,0.0005346262387160294,0.0003081614647649009,2.1371282409147616e-08,True,200,383,384
WFG5,22,2,40,387,4,3,True,123,123,18,18,4,0.023430596898535494,0.02343059763406502,0.0017717863378780008,0.0017717853731675226,0.00820017146885009,0.008200157121158944,2.5900526543323545,2.584854709965782,0.07177473667129938,0.07177702041674183,23.0,23,37.0,37,10.0,10,34.0,34,390,390,390.0,0.775,0.999847262417051,1.0,398,0.0030419858428937666,0.18395322243011783,0.03432845168024201,0.0025532845325564324,0.0016923523758720492,1.8598632716452378e-08,True,200,386,387
WFG5,22,2,41,391,3,3,True,114,117,20,19,3,0.02411485643045474,0.02411485702518728,0.0,0.0,0.003662158240636315,0.0033901180775431916,1.4914758351256534,1.4958347009497288,0.02810652771115789,0.02872821044818161,24.0,23,39.0,37,2.0,2,38.0,36,384,382,384.0,0.82,0.9999246443665805,1.0,398,0.0014059172741864338,0.18442504382840924,0.015701413102316764,0.0008619303564167957,0.0004995691457753528,1.7326600652657403e-08,True,200,390,391
WFG5,22,2,42,394,2,3,True,116,116,16,16,2,0.035336298242465314,0.03533626030513637,0.00011428465417229194,0.00011428714545114182,0.008243541289075007,0.008243582109768222,1.3648296336660124,1.3661697014909464,0.015766415401973273,0.0157663026984586,20.0,20,33.0,33,6.0,6,30.0,30,398,398,398.0,0.855,0.9999277040466441,1.0,398,0.0020350114231320283,0.1827237401615726,0.028361866731934526,0.001200318320186966,0.0006985967642918656,1.54269375401289e-08,True,200,393,394
WFG5,22,2,43,396,4,3,True,98,100,12,12,4,0.0492395497678354,0.049164969034298345,3.124910994134478e-05,3.121181529674999e-05,0.011141293355725279,0.011075276709175963,2.456680686440282,2.4567743924922922,0.010838104649094222,0.010836866957686712,14.0,14,24.0,25,4.0,4,22.0,22,370,370,370.0,0.755,0.9996957587694908,1.0,398,0.001044752339866764,0.18331511335313205,0.06965796628283982,0.001244123570627309,0.0007114412210521622,1.5346696483779404e-08,True,200,395,396
WFG5,22,2,44,400,4,3,True,125,125,12,13,4,0.026368647476976887,0.026368647768269207,0.0018478039528179169,0.0018477858374811307,0.0067635763484724665,0.0064418603975303634,1.2098960134176924,0.9650632234829004,0.015797463218168505,0.013616258096951567,16.0,17,24.0,26,6.0,8,22.0,24,392,392,392.0,0.66,0.9998120840467356,1.0,398,0.002802636687210274,0.1825557143192345,0.07053272999421267,0.0032580514553073314,0.001856226370738326,1.350481399406057e-08,True,200,399,400
WFG5,22,2,45,404,5,3,True,108,108,24,24,5,0.0313591112767343,0.03135907989602216,0.0018106675269425887,0.0018107028082081644,0.006462216768409652,0.006462212028121497,3.3435758294137994,3.34306135611817,0.011443371786861464,0.011443497748520319,27.0,27,45.0,45,8.0,8,46.0,46,390,390,390.0,0.87,0.9999506504281234,1.0,398,0.0009673764634890987,0.1837071301952551,0.011765832995074277,0.0008984804937002266,0.000516914434468659,1.1173146868379182e-08,True,200,403,404
WFG5,22,2,46,409,3,3,True,112,112,16,16,3,0.0253060928533545,0.025306104718265277,0.00271037399538665,0.0027103106690059553,0.009233796424401974,0.009233792299339127,2.7020259652057987,2.7065030698179555,0.012954983497200144,0.012955359356200853,20.0,20,32.0,32,4.0,4,30.0,30,394,394,394.0,0.865,0.9999602281511778,1.0,398,0.0009784391830365393,0.1836783549211763,0.015487844319451938,0.0008577909954770035,0.0005017096910434919,7.800316307534836e-09,True,200,408,409
WFG5,22,2,47,412,4,3,True,111,111,7,7,4,0.02854561526116517,0.028545643261300047,0.00011253325985749463,0.00011252110194315268,0.0070012808266209925,0.007001291491127493,0.29287868252600546,0.30008311547828725,0.01154217270502811,0.011543739324968699,9.0,9,14.0,14,2.0,2,12.0,12,388,388,388.0,0.815,0.9999377753174672,1.0,398,0.0023070932243569476,0.18388397638072962,0.01237719933320136,0.0014149638846960855,0.0008291937566029666,7.727944885584378e-09,True,200,411,412
WFG5,22,2,48,416,3,3,True,124,124,4,4,3,0.021101980863436065,0.021101993502456784,0.011692342578131287,0.011692344182550773,0.011961846807355903,0.011961883949615393,3.8520654021603358,3.8278113367150013,0.016557689265522764,0.01655455881831137,6.0,6,9.0,9,0.0,0,6.0,6,368,368,368.0,0.845,0.9999374974103085,1.0,398,0.0018680149132861213,0.1837649461097881,0.05685711848299846,0.001489698270840556,0.0008474150089898414,6.0588335818192e-09,True,200,415,416
WFG5,22,2,49,419,2,3,True,113,113,8,8,2,0.030218852443174415,0.03021885156724772,0.00014437108189191417,0.00014438483133116797,0.009141137821663148,0.009141142209844133,1.2922115059791839,1.2924549777285108,0.022187862714748176,0.022187209707216885,11.0,11,16.0,16,6.0,6,14.0,14,370,370,370.0,0.885,0.9999501462757189,1.0,398,0.000658240145228746,0.18358535165496048,0.013800704278740028,0.0006720001000299902,0.0003876134942750183,5.9493107198467825e-09,True,200,418,419
WFG5,22,2,50,421,5,3,True,110,110,15,15,5,0.04153958279569492,0.04153956950781956,0.0,0.0,0.006011173993021868,0.0060111736748074684,2.208601320575564,2.199043757103084,0.005941221547490688,0.005940703431130109,18.0,18,30.0,30,2.0,2,28.0,28,382,382,382.0,0.865,0.9999317012567053,1.0,398,0.0014672955518576995,0.18449076165554762,0.018692202073538056,0.0015714158317106097,0.0008788120241194725,5.896636279548474e-09,True,200,420,421
WFG5,22,2,51,426,2,3,True,108,107,10,10,2,0.029706881609944724,0.029706844360743112,0.0,0.0,0.006853890134024825,0.006853895877298699,3.0136472930062643,3.0121041297710747,0.02571522344274279,0.0257150634457967,13.0,13,19.0,19,2.0,2,18.0,18,378,378,378.0,0.795,0.999885921774621,1.0,398,0.0014556051206324543,0.18392846540544183,0.09173005862945516,0.0017453730823633329,0.0009873296172734902,4.897720318129388e-09,True,200,425,426
WFG5,22,2,52,428,2,3,True,102,102,13,13,2,0.02281690207289544,0.02281691755341364,0.0,0.0,0.012665521215652214,0.01266552108800266,1.8393272430512209,1.8390150633482563,0.013920851971260983,0.013920489224829101,17.0,17,26.0,26,6.0,6,24.0,24,390,390,390.0,0.91,0.9999639431445878,1.0,398,0.0013883646462282625,0.18455989433967457,0.014459250927423284,0.0013883829315406437,0.0007761423605099967,4.582878885359399e-09,True,200,427,428
WFG5,22,2,53,430,4,3,True,120,120,9,9,4,0.022067344569602576,0.022067336922240832,0.006316272060253647,0.006316325369990383,0.01034060805065029,0.010340626800244723,1.518576923870416,1.5176668952606178,0.007596016873180366,0.007594385958785605,11.0,11,18.0,18,4.0,4,16.0,16,386,386,386.0,0.835,0.9998855917797468,1.0,398,0.002016347096405755,0.1849321879582641,0.014892208235831816,0.0013429266616875601,0.0007485726123548484,4.527058577560938e-09,True,200,429,430
WFG5,22,2,54,434,5,3,True,111,111,18,18,5,0.02256370762526061,0.022563716047153792,0.0004604723914324628,0.0004604685577782198,0.010755867015560583,0.010755870730043693,2.7452040987303965,2.7463820391639615,0.004808551993493474,0.00480824706731989,21.0,21,36.0,36,4.0,4,34.0,34,376,376,376.0,0.835,0.9999054075320369,1.0,398,0.0010910180291940873,0.1843251026509485,0.01372217741278936,0.0009406047373177184,0.0005266116073250557,4.4003259881316905e-09,True,200,433,434
WFG5,22,2,55,439,3,3,True,126,126,11,11,3,0.021723174195041106,0.021723160990971713,0.0004397935691751176,0.0004398117787306477,0.011500617278352165,0.011500677722820152,2.6981113077354273,2.686539442931519,0.03870611661713894,0.03870361014214294,14.0,14,22.0,22,4.0,4,20.0,20,380,380,380.0,0.76,0.9998701757615539,1.0,398,0.004987238609190444,0.187516127735807,0.034963176023533826,0.004664231923521278,0.002677758005838261,2.620454952473358e-09,True,200,438,439
WFG5,22,2,56,442,3,3,True,109,109,7,7,3,0.031360236141911926,0.031360238070934326,0.0008640298223924203,0.0008639994649807248,0.006682723595445972,0.006682727119614429,-0.5284069946566134,-0.5264977369680537,0.03009078065964413,0.030090630200236414,9.0,9,15.0,15,2.0,2,12.0,12,378,378,378.0,0.845,0.9998803134611525,1.0,398,0.001995333676369405,0.184009379905492,0.015717415200136475,0.001857097353595627,0.0010474569541867363,2.590615074533075e-09,True,200,441,442
WFG5,22,2,57,445,4,3,True,118,118,17,17,4,0.015735624086949285,0.015735652009981838,0.0,0.0,0.009528226390716155,0.009528246328725731,1.5563093947813993,1.5731499931507074,0.012467179929050205,0.01247004682843183,20.0,20,33.0,33,4.0,4,32.0,32,384,384,384.0,0.885,0.9999251841085515,1.0,398,0.0012143671420635244,0.18348460215408618,0.019278068455224506,0.0009903611089229214,0.0005506081672718636,2.570583547549427e-09,True,200,444,445
WFG5,22,2,58,449,3,3,True,113,115,15,15,3,0.031233379148682627,0.031233415304669165,0.0,0.0,0.009165730594299627,0.009165729885870727,1.4497274533231312,1.4511324536180723,0.04094545585407269,0.04093995280238725,21.0,21,30.0,30,12.0,12,26.0,26,386,386,386.0,0.855,0.9997784591146887,1.0,398,0.0010655712100714537,0.18408118823994613,0.012585991852275047,0.0009421772101005921,0.0005293872173699594,2.43574372058035e-09,True,200,448,449
WFG5,22,2,59,452,3,3,True,123,123,18,18,3,0.024066416635651906,0.02406641669309137,0.0,0.0,0.005399157912879371,0.005399153254271483,3.2085109871744644,3.208522271407702,0.025198613226891684,0.025199033394838113,20.0,20,38.0,38,14.0,14,32.0,32,392,392,392.0,0.84,0.9999410911701592,1.0,398,0.0010327183883522156,0.18354642968065077,0.020077073274280544,0.0006673835617796442,0.000395824196609494,2.401663874577063e-09,True,200,451,452
WFG5,22,2,60,455,4,3,True,122,122,15,16,4,0.03134700056002848,0.031346998368105394,0.0,0.0,0.0006111613610617628,0.0027826643149835295,2.6558950850256364,2.655372513877154,0.040746087679653306,0.0358151654598108,18.0,19,31.0,33,6.0,8,26.0,28,378,378,378.0,0.835,0.9998861051579573,1.0,398,0.004113141361752266,0.18682796106992686,0.023764878547269053,0.004896660853896617,0.002807463986012525,2.32744586715921e-09,True,200,454,455
WFG5,22,2,61,459,4,3,True,119,119,18,19,4,0.048509879727322125,0.04850987095271686,0.0012458543221809393,0.0012458526853225127,0.00957672941492027,0.009184857742092323,0.5786648146537594,0.5161882864010465,0.034062513130066197,0.03337780916076362,22.0,23,36.0,38,8.0,10,34.0,36,380,380,380.0,0.855,0.9999357323282373,1.0,398,0.0004999363213618585,0.18368236288583722,0.012966040012267754,0.0003508027650312162,0.00020744357038352202,2.2662213572829478e-09,True,200,458,459
WFG5,22,2,62,463,3,3,True,128,128,3,3,3,0.023808242688617254,0.02380826693159044,0.01833352904590635,0.018333558274117867,0.018480809697505707,0.018480808663472126,1.9777314264396821,1.9699186193965375,0.016275429032329643,0.01627911268350635,5.0,5,7.0,7,2.0,2,4.0,4,372,372,372.0,0.87,0.9999448218653334,1.0,398,0.0012396035402319466,0.1844627082545262,0.021200661287486877,0.0016515991725027934,0.0009331132345265109,2.226759005912425e-09,True,200,462,463
WFG5,22,2,63,466,3,3,True,113,113,5,5,3,0.028155866626744852,0.028155878922245248,0.0012861190775695919,0.001286056322556406,0.009565535497958133,0.009565590254408174,0.8818056685823148,0.8819155450738094,0.019762427356472177,0.019763008475104066,7.0,7,11.0,11,0.0,0,8.0,8,368,368,368.0,0.87,0.9999542688058934,1.0,398,0.0021071840394980357,0.18522392763579004,0.02189435669455797,0.0034863286786732672,0.0019616556742304268,2.209019797181935e-09,True,200,465,466
WFG5,22,2,64,469,4,3,True,112,112,17,17,4,0.036053012944218005,0.03605300169448942,0.0,0.0,0.0064639719205479285,0.006463959250076146,2.5071715201446185,2.506849210045914,-0.004223540989026706,-0.004223502322648786,22.0,22,33.0,33,4.0,4,30.0,30,382,382,382.0,0.83,0.9998184783915254,1.0,398,0.0024039407225327466,0.1832532914035931,0.053335704254556804,0.0028919744412914117,0.002301834353328027,1.8604461308511927e-09,True,200,468,469
WFG5,22,2,65,473,2,3,True,97,97,9,9,2,0.04597184265874871,0.04597184589332587,0.0,0.0,0.0011397289116140685,0.0011397111213067301,-2.169872953752545,-2.168809861198497,0.0027492587913869387,0.002749666480535537,11.0,11,17.0,17,2.0,2,16.0,16,366,366,366.0,0.8,0.9998179506681286,1.0,398,0.0019104887019683122,0.1838717710395963,0.03343992908628879,0.004517363525698426,0.003241773482633377,1.8484319901843808e-09,True,200,472,473
WFG5,22,2,66,475,4,3,True,116,116,15,15,4,0.03587470222166972,0.03587473379514858,0.0,0.0,0.004725190368612964,0.004725197003222603,2.8804299675384506,2.8829171779144076,-0.0012005301590371606,-0.0012009007063978354,17.0,17,31.0,31,2.0,2,28.0,28,378,378,378.0,0.885,0.9999642156363359,1.0,398,0.001201396512524391,0.1835076275382898,0.0133952046806054,0.0018506287475097416,0.0011112217979909918,1.8426455617382617e-09,True,200,474,475
WFG5,22,2,67,479,3,3,True,122,122,12,12,3,0.09069820646277194,0.09069821884114526,0.0,0.0,0.0046251088217014735,0.004625107187980149,1.92717912654369,1.9281430131217547,0.0021953683201934335,0.0021953121024250073,14.0,14,25.0,25,2.0,2,22.0,22,388,388,388.0,0.865,0.999905899927183,1.0,398,0.0010542327554624916,0.18354326115798825,0.025870804572728723,0.0016986959632558918,0.0010640046923931707,1.8226537405371546e-09,True,200,478,479
WFG5,22,2,68,482,3,3,True,109,109,13,13,3,0.06170532358624716,0.06170531074866443,0.0,0.0,0.003594609411562366,0.0035946185192194946,1.575591973561293,1.5758311221396895,0.003728081154291029,0.0037280027703912033,16.0,16,26.0,26,8.0,8,24.0,24,368,368,368.0,0.93,0.9999625307228176,1.0,398,0.0007526153361870462,0.18399360250031266,0.011567436020710531,0.0010573546692977942,0.0005995489754251426,1.8137822696140068e-09,True,200,481,482
WFG5,22,2,69,485,5,3,True,134,134,18,18,8,0.029002151771263085,0.029002149967887525,0.0,0.0,0.005141735900495048,0.005141767940261999,2.0787046016260042,2.0951884119520967,0.0034868844384816507,0.0034900100239974585,21.0,21,34.0,34,8.0,8,34.0,34,394,394,394.0,0.875,0.9999596482191478,1.0,398,0.00154566762677067,0.18389540280307895,0.018746319646771425,0.0012759855928692332,0.0008372216005873339,1.7915510803886237e-09,True,200,484,485
WFG5,22,2,70,490,4,3,True,123,123,10,10,4,0.03880353011204541,0.03880352209944751,0.0,0.0,0.009320329423116419,0.00932033264688889,1.8834289654404994,1.885449983414027,0.005398890002794027,0.005398948579912355,12.0,12,21.0,21,4.0,4,18.0,18,372,372,372.0,0.89,0.9999549591352942,1.0,398,0.0005908333118901871,0.18356474362616843,0.018241729124370387,0.0005481522620396362,0.00034148096341148407,1.7778430179333121e-09,True,200,489,490
WFG5,22,2,71,494,3,3,True,124,124,11,11,3,0.03957185439926847,0.039571868971284396,1.513273572995022e-05,1.516599366535587e-05,0.0048251589846042275,0.004825147902623894,3.4662923905549103,3.46292033553776,0.005014067047965443,0.005013870397829856,14.0,14,20.0,20,6.0,6,20.0,20,380,378,380.0,0.945,0.9999768703383851,1.0,398,0.0008959631856404373,0.1842072551961294,0.01379544132640742,0.0009505710543324941,0.0006666680838592564,1.766876764875678e-09,True,200,493,494
WFG5,22,2,72,497,4,3,True,129,128,8,9,6,0.019877252229392628,0.019877250589177997,0.0025315098826989013,0.00253157944164617,0.007295079561648932,0.004876545515752784,2.3472671560852643,2.3758211218506915,0.005720308322944893,0.005678298181510666,10.0,11,17.0,19,4.0,0,14.0,16,364,366,364.0,0.8,0.998361752921891,1.0,398,0.00041447862028291533,0.18374311131820303,0.008190322146477413,0.0006961604586841474,0.00043122180465977736,1.7583435033506895e-09,True,200,496,497
WFG5,22,2,73,501,5,3,True,121,121,22,22,5,0.041518842488116325,0.041518845979297614,8.779454458907043e-05,8.780302040006793e-05,0.005356268022777694,0.005356244921290276,3.790888987630712,3.789494940412851,0.00141958330649714,0.0014195708588526923,28.0,28,41.0,41,6.0,6,42.0,42,388,388,388.0,0.985,0.9999960887399361,1.0,398,0.0003923540992186933,0.18365569948195395,0.011845897028059937,0.0004673686123890519,0.000306597398864162,1.7241604535002668e-09,True,200,500,501
WFG5,22,2,74,506,5,3,True,110,110,13,13,5,0.034813711664576696,0.034813741396996334,0.0,0.0,0.012182048723724248,0.012182049339783507,3.5905957984088506,3.59054685515531,0.00316276439565396,0.00316281989559708,16.0,16,26.0,26,10.0,10,24.0,24,374,374,374.0,0.98,0.9999921310640059,1.0,398,0.00027635805961290043,0.183475745792657,0.008313428860258654,0.0003331972937932193,0.00021525561826294336,1.7019651591560777e-09,True,200,505,506
WFG5,22,2,75,511,5,3,True,119,119,21,21,5,0.0424701199462888,0.04247009198876117,0.0016435446419559296,0.0016436285279632923,0.00801180197018625,0.008011802676202828,7.975685007598834,7.975633245398967,0.0028257611980274113,0.0028257141362294513,25.0,25,40.0,40,6.0,6,38.0,38,376,376,376.0,0.91,0.9999462268867605,1.0,398,0.0003907789757929863,0.18351054240470974,0.016631272390100094,0.000578817143711774,0.0003953951086400181,1.6674421357136473e-09,True,200,510,511
WFG5,22,2,76,516,3,3,True,103,101,15,15,3,0.041400589221483264,0.04140057448043366,0.00032242286502337514,0.0003224463802524724,0.007335349250947754,0.007335312400492733,4.176211467071296,4.1874577944793145,0.003116746234832795,0.00311637582092239,18.0,18,30.0,30,8.0,8,28.0,28,386,386,386.0,0.905,0.9999591390057561,1.0,398,0.0011102306375091484,0.18370945431784869,0.005941071878396542,0.0011197400560423176,0.0008677907925364886,1.6494303209232102e-09,True,200,515,516
WFG5,22,2,77,519,5,3,True,132,132,11,11,5,0.04744158509982721,0.04744164284612251,0.001063420491794198,0.0010634138479714839,0.0200835483485422,0.020083574609592203,0.6389254453805666,0.6358499633835208,0.0014281268794833297,0.0014280559352902733,13.0,13,23.0,23,2.0,2,20.0,20,378,376,378.0,0.625,0.9913038315844213,1.0,398,0.00114377373700172,0.18426392793959936,0.00973547100303307,0.0008963274907918262,0.0005965970180203044,1.642628310885021e-09,True,200,518,519
WFG5,22,2,78,524,4,3,True,113,113,16,16,4,0.03436641078534175,0.0343664071379608,0.0007529804639008209,0.0007530155115652026,0.00995989846340678,0.009959889891592244,1.1217688984008198,1.1194312330072904,0.0013734413851069032,0.0013734692202425902,20.0,20,30.0,30,4.0,4,30.0,30,398,398,398.0,0.96,0.9999880232090412,1.0,398,0.0007687824572354877,0.18407884389102847,0.008946033106020934,0.00047825148233826553,0.00032657670666947996,1.6313166231470987e-09,True,200,523,524
WFG5,22,2,79,528,6,3,True,115,115,18,18,6,0.024656353351205418,0.024656355967599075,0.0,0.0,0.002540944027458969,0.002540943219494163,2.115396849485119,2.1164969102861164,0.005203147907489481,0.005202972628681912,22.0,22,35.0,35,4.0,4,34.0,34,340,340,340.0,0.98,0.9999940320145754,1.0,398,0.0004417931112522515,0.1833166327672238,0.006773179109046623,0.0004437101481293837,0.00028984085766338836,1.6222612230391633e-09,True,200,527,528
WFG5,22,2,80,534,2,3,True,106,106,9,9,2,0.046039110287726476,0.046039105057923066,0.0001848838543195841,0.00018489075208383277,0.0098485660863451,0.009848562313495013,1.692589551895379,1.7037855694816244,0.02372396711496871,0.023724006177203272,12.0,12,18.0,18,6.0,6,16.0,16,386,386,386.0,0.93,0.9999696797777784,1.0,398,0.0006926487552836617,0.18388914508424897,0.011103785516922926,0.0006356841438868166,0.00039850639235992105,1.6097827838825622e-09,True,200,533,534
WFG5,22,2,81,536,4,3,True,117,117,12,12,4,0.02812350587182444,0.02812353708794446,0.0003285133110921268,0.0003285047887336412,0.011038786613264809,0.011038789002274688,0.7687122263623412,0.7693869041358425,0.006139460232938898,0.006139579067459766,14.0,14,24.0,24,4.0,4,22.0,22,378,378,378.0,0.94,0.9999753085159716,1.0,398,0.0007160881025106603,0.18340550679424394,0.003699191553138803,0.0003265940445689175,0.00021568035109923602,1.5946905625742808e-09,True,200,535,536
WFG5,22,2,82,540,3,3,True,103,103,13,13,3,0.03607128618021993,0.03607126797276339,0.0,0.0,0.008959114783040956,0.008959145866613893,1.6349544472562023,1.636156515905327,0.0035610695338977004,0.003561104972011675,16.0,16,26.0,26,6.0,6,24.0,24,366,366,366.0,0.985,0.9999958687397147,1.0,398,0.0004897311301163164,0.18339636678700832,0.004986990194311147,0.00041116877094804494,0.0002570981777948592,1.5866749508531698e-09,True,200,539,540
WFG5,22,2,83,543,2,3,True,114,114,14,14,2,0.05326124440131569,0.053261245902579316,0.00028010252041477113,0.00028006906656552477,0.009104021853158506,0.009104016430945105,4.0818940610292,4.081829016281631,0.0010784290938927739,0.0010784011321067488,16.0,16,28.0,28,8.0,8,26.0,26,388,388,388.0,0.995,0.9999986553099461,1.0,398,0.000281423896443132,0.18349771633381567,0.0083443995872301,0.000508464942003517,0.0003064129227228137,1.5808337294994344e-09,True,200,542,543
WFG5,22,2,84,545,3,3,True,116,116,17,17,3,0.05275400180143763,0.052753965597382546,0.0003941024531356474,0.00039414558094130747,0.010174115951051221,0.0101741095261898,2.6474170502368395,2.6482728310934363,0.0013427670043256227,0.001342629336041068,22.0,22,35.0,35,8.0,8,32.0,32,382,382,382.0,0.975,0.9999936104375713,1.0,398,0.000366299143166658,0.1836164559424972,0.006483523525858459,0.0005743475930564124,0.0003490244393181789,1.576728152105581e-09,True,200,544,545
WFG5,22,2,85,548,6,3,True,127,126,16,16,6,0.02163130921288081,0.021631302809058228,0.0004051301863099155,0.0004051230952394902,0.003379342646053274,0.0033793785267852705,1.0240554008769163,1.0244816560422123,0.00020432761305434722,0.00020426242602178402,19.0,19,33.0,33,8.0,8,30.0,30,370,370,370.0,0.935,0.9997269587664478,1.0,398,0.0002494915426879925,0.1834647657386153,0.0008791273338175642,0.00014060154916251122,9.862464406937721e-05,1.5707146475543564e-09,True,200,547,548
WFG5,22,2,86,554,4,3,True,91,91,21,21,4,0.0778863896917131,0.07788638633314218,0.0,0.0,0.006192902910801622,0.006192912797719156,0.725934154632009,0.7278610314110665,0.006648786407420474,0.006648942647781597,24.0,24,42.0,42,6.0,6,40.0,40,394,394,394.0,0.975,0.9999915220198345,1.0,398,0.0003148993058550208,0.18331942046878028,0.0016356963997878893,0.0001239100725172193,9.152389044987337e-05,1.5591852436903596e-09,True,200,553,554
WFG5,22,2,87,558,5,3,True,94,94,18,18,5,0.03774260936881535,0.03774260359999493,0.00100652316721064,0.0010065239567850215,0.006403418456566945,0.006403431768502849,2.9290739633858554,2.930251072669222,-0.0002222716386714171,-0.00022220535220382476,20.0,20,36.0,36,2.0,2,32.0,32,382,382,382.0,0.995,0.9999986254627159,1.0,398,0.00021773904984403216,0.18333251668887188,0.0009723442765476875,0.00019417773258112447,0.00015115939624346658,1.5514462483505006e-09,True,200,557,558
WFG5,22,2,88,563,4,3,True,108,108,18,18,4,0.03848478175101733,0.0384847750955965,0.0009743937302684191,0.0009743566417139693,0.005225974562552809,0.00522597983072506,3.235853032868544,3.2354087062869894,0.0006738421656198002,0.0006738237373609124,22.0,22,35.0,35,6.0,6,32.0,32,382,382,382.0,0.975,0.9999919858117158,1.0,398,0.000232239470892112,0.1836330585380154,0.00827664591692212,0.00027394329155328023,0.0001836555542863229,1.5421740491168188e-09,True,200,562,563
WFG5,22,2,89,567,3,3,True,105,105,15,15,3,0.034326251511828554,0.03432624703217868,0.0,0.0,0.0014625287342745624,0.001462528323574644,1.857399237246728,1.8556526988920723,0.005393705389263728,0.0053939490841563575,19.0,19,32.0,32,12.0,12,26.0,26,370,370,370.0,0.965,0.9999912782285554,1.0,398,0.000687939435441263,0.18406511926911096,0.008545947395269593,0.000407373519760057,0.00029794040679195197,1.5119784940745143e-09,True,200,566,567
WFG5,22,2,90,570,3,3,True,123,123,13,13,3,0.09920481641716028,0.09920490589136344,0.00418420827279653,0.004184210269726818,0.012734583215298967,0.012734578275025332,3.8477134753220277,3.843951951523195,8.192847497274125e-05,8.164211383654418e-05,16.0,16,25.0,25,2.0,2,22.0,22,394,394,394.0,0.94,0.9999762191437687,1.0,398,0.0010106753916034727,0.18430631296587768,0.017803332340818656,0.0014014024259338953,0.0009414181515650608,1.5048949504935285e-09,True,200,569,570
WFG5,22,2,91,573,2,3,True,123,123,9,9,2,0.04088055849378358,0.04088061496090245,0.0015209879327193754,0.0015210048336742332,0.006074933850408137,0.006074909602502343,0.25262678255338855,0.2525059019856144,0.0004793063364625337,0.00047930172095389523,12.0,12,18.0,18,4.0,4,16.0,16,398,398,398.0,0.98,0.9999946884662387,1.0,398,0.000325103404104752,0.18370424005543529,0.0010257273415774648,0.00015931891278420096,0.0001053113503117282,1.4980126003669755e-09,True,200,572,573
WFG5,22,2,92,575,4,3,True,105,105,22,22,4,0.03928114909850072,0.03928114032416924,0.0,0.0,0.007376659254894419,0.007376648820146756,1.72830267464734,1.7280645400426238,-0.00018364636649805975,-0.00018358654263406216,27.0,27,43.0,43,2.0,2,42.0,42,390,390,390.0,0.985,0.9999929876125294,1.0,398,0.0003435721085030187,0.18373231066893952,0.008233342543682909,0.0002604225168134633,0.00017162396560454828,1.4903853234947476e-09,True,200,574,575
WFG5,22,2,93,579,2,3,True,111,111,10,10,2,0.03839904523771221,0.03839904092615576,0.001142197562488012,0.001142221456284731,0.013341232365106537,0.013341240197585147,1.4090346090379704,1.408093278842216,0.00031488158547004867,0.0003148399479773606,13.0,13,20.0,20,6.0,6,18.0,18,382,382,382.0,0.94,0.9999856258422511,1.0,398,0.0005789643534810215,0.18378600232404774,0.008766625283669782,0.0003298833803029311,0.00022218769033700806,1.483627006567021e-09,True,200,578,579
WFG5,22,2,94,581,3,3,True,101,101,20,20,3,0.047237827037024505,0.04723778089690556,0.0,0.0,0.004457133112684086,0.0044571138635012,2.5869557993722267,2.5873878651423183,-4.622520494523125e-05,-4.620828329281179e-05,24.0,24,39.0,39,8.0,8,36.0,36,394,394,394.0,0.965,0.999992028001051,1.0,398,0.0006634170585476506,0.18396183344025735,0.015168042722393693,0.0005034817222764332,0.0003244110700847975,1.480268237130021e-09,True,200,580,581
WFG5,22,2,95,584,4,3,True,113,113,19,19,4,0.027437523612414916,0.027437560244925274,0.0,0.0,0.003410237116945658,0.003410228068331911,0.7886914513884431,0.789185344578982,-0.0014423540104909933,-0.001442440011823809,23.0,23,37.0,37,2.0,2,36.0,36,352,352,352.0,0.99,0.9999971605328833,1.0,398,0.00021551389849977962,0.18346141033631036,0.009768167735728639,0.0001340857904716941,8.713647218436588e-05,1.4744409806625286e-09,True,200,583,584
WFG5,22,2,96,588,5,3,True,125,125,11,11,5,0.04087587883369239,0.0408758839539463,0.00027687210504412363,0.0002768822448140362,0.009508234048047903,0.009508249701693838,-1.5189059863885959,-1.519129860310386,0.006666847640973264,0.006666740209467087,15.0,15,23.0,23,4.0,4,20.0,20,374,374,374.0,0.975,0.9999901561180746,1.0,398,0.000607467810689561,0.18311072095643555,0.006817649263666681,0.00034975360949829337,0.00022591728916004493,1.4679706926435537e-09,True,200,587,588
WFG5,22,2,97,593,4,3,True,106,106,18,18,4,0.02178283908992118,0.021782824717073157,0.0007567935475980558,0.0007568035158571629,0.006619150168269111,0.006619120113508223,0.7454519172416934,0.7453497806764062,0.0017488919709036724,0.0017488685097003936,22.0,22,37.0,37,4.0,4,34.0,34,382,382,382.0,0.985,0.999996565309734,1.0,398,0.0005419280215916728,0.18332382989426557,0.007186331165257798,0.0004324338247103654,0.0002679026172634062,1.4594259885759074e-09,True,200,592,593
WFG5,22,2,98,597,3,3,True,107,107,11,11,3,0.03706232636545448,0.03706232114769642,0.0,0.0,0.009947166048525857,0.009947170060590982,0.6641092117042877,0.6647957925988521,0.002126320803186906,0.002126384796414471,13.0,13,23.0,23,6.0,6,20.0,20,378,378,378.0,1.0,1.0,1.0,398,0.0004175012157613959,0.18348644283019006,0.007704663163963232,0.0002539039675921728,0.00015540264977311163,1.4528150056295549e-09,True,200,596,597
WFG5,22,2,99,600,3,3,True,116,116,9,9,3,0.06979554653792819,0.06979557000764147,0.0,0.0,0.011524017147916898,0.011524024832693602,2.612472194225381,2.612693218522054,0.0032633245426165846,0.003263565664957002,11.0,11,19.0,19,4.0,4,16.0,16,384,384,384.0,0.98,0.9999946131189715,1.0,398,0.0003292677933425653,0.18350375131015434,0.005261944938524721,0.000150643861354105,9.072816349844352e-05,1.4479904783565803e-09,True,200,599,600
WFG5,22,2,100,603,3,3,True,112,112,19,19,3,0.030698161616837694,0.030698107035132427,0.0,0.0,0.010540146346254664,0.010540137520494985,1.7409903060660987,1.7424210387257517,0.0017276077176171228,0.001727765529340064,25.0,25,37.0,37,8.0,8,34.0,34,370,370,370.0,0.965,0.9999850523447836,1.0,398,0.0005619945383312687,0.18327655241966395,0.007475769714915259,0.0003132274274388891,0.0001893879643899892,1.43734699773209e-09,True,200,602,603
WFG5,22,2,101,606,3,3,True,120,120,26,26,3,0.07910052153038778,0.07910051459771308,0.0,0.0,0.005389306056573336,0.00538932088396472,2.094842735027857,2.094538377667959,0.0008791920956078502,0.0008791644996031245,29.0,29,53.0,53,8.0,8,50.0,50,380,380,380.0,0.99,0.9999944032815131,1.0,398,0.00028123369125107047,0.18366357616933493,0.00762195512118069,0.00016286123378617123,0.00011097916969197164,1.4207621215260185e-09,True,200,605,606
WFG5,22,2,102,609,2,3,True,117,117,16,16,2,0.03714039922446999,0.037140403838525904,2.7453282293699033e-05,2.7413887457861108e-05,0.003640532300771465,0.0036405301731038953,1.8401063479118847,1.8410290633896693,0.0017010399612638573,0.0017012273661781152,19.0,19,33.0,33,6.0,6,30.0,30,386,386,386.0,0.9,0.9999485754185121,1.0,398,0.0005277915569771862,0.18321308561725422,0.009949813201842517,0.00030011062284529544,0.00019261561607618872,1.4161627608434228e-09,True,200,608,609
WFG5,22,2,103,610,4,3,True,112,112,20,23,4,0.06942743689935545,0.06942743751390412,0.0001348224036326201,0.0,0.005062645128251719,0.003375068162747019,2.218874864295726,1.9011008794213922,0.0005563512134731592,0.0008857077529533797,24.0,26,40.0,46,6.0,6,38.0,44,366,366,366.0,0.225,0.9860625707640316,1.0,398,0.05025612093894931,0.16201434924687613,0.3435203753207361,0.008893171586347393,0.005919110396942808,1.3959890746009438e-09,True,200,609,611
WFG5,22,2,104,614,6,3,True,112,112,21,21,6,0.04269274602017503,0.042692753888924684,0.00016235143394434381,0.00016235059503780236,0.005385869129882287,0.005385883284284354,1.8381910395425116,1.8382233193708544,0.0014132883222793277,0.0014132040557509606,23.0,23,42.0,42,10.0,10,40.0,40,372,372,372.0,0.905,0.9999446619314767,1.0,398,0.000689100236394983,0.18350102622470316,0.010927231115772429,0.0005858514898982037,0.0003741101614396778,1.3877253960097882e-09,True,200,613,614
WFG5,22,2,105,620,2,3,True,94,94,11,11,2,0.06729861980098195,0.06729862384777807,2.3854844371280424e-05,2.3859541350357648e-05,0.006288386086680253,0.006288428663569046,1.619843732650958,1.6198572440757744,2.3119038116127056e-05,2.309298416625083e-05,14.0,14,22.0,22,8.0,8,20.0,20,378,378,378.0,0.95,0.9999825384553023,1.0,398,0.0006142349614248244,0.18351470270854434,0.014553847694742217,0.0005343135169812996,0.00034745741648703986,1.378977124968659e-09,True,200,619,620
WFG5,22,2,106,622,3,3,True,103,103,15,15,3,0.026441770698391043,0.026441769348644617,6.52766212361211e-06,6.542933848385779e-06,0.005019506035241816,0.005019495557857523,4.4758721251856315,4.475885042612163,0.0009220283876928328,0.0009218647073913067,19.0,19,30.0,30,4.0,4,28.0,28,390,390,390.0,0.95,0.9999876144559149,1.0,398,0.00032024342003071377,0.18350297219454842,0.01103218864864175,0.00046128635723619027,0.0003026943968981581,1.3760019495209936e-09,True,200,621,622
WFG5,22,2,107,625,3,3,True,105,105,11,11,3,0.024010087289636495,0.02401008339195021,0.000246818305374763,0.00024681442694640676,0.010165725123614688,0.010165709697787295,2.8992017223115667,2.8991810612258178,0.0027133330580159307,0.002713486744613358,14.0,14,23.0,23,2.0,2,20.0,20,390,390,390.0,0.965,0.999990715854008,1.0,398,0.0005125427147304371,0.18340194254455783,0.01076697167832208,0.00034942822820127617,0.00022727304083748035,1.3716346780098296e-09,True,200,624,625
WFG5,22,2,108,628,3,3,True,118,118,14,14,3,0.02333293090315064,0.02333294450789028,0.0,0.0,0.010871181808529312,0.010871187507479667,3.1379466054930134,3.1384923933420623,0.00017979308866152314,0.00017983628164519594,18.0,18,29.0,29,4.0,4,26.0,26,394,394,394.0,0.955,0.9999886775533459,1.0,398,0.0004833648499879057,0.18322676666462961,0.013467941602243627,0.00031393568439241903,0.00020546516550235656,1.3672524877819133e-09,True,200,627,628
WFG5,22,2,109,631,4,3,True,118,118,23,23,4,0.029420353514020336,0.029420346994035618,0.0,0.0,0.004592457373066239,0.00459247262923923,2.295081433742279,2.294843069166973,0.00014351481966906067,0.00014352779031379104,28.0,28,47.0,47,8.0,8,44.0,44,392,392,392.0,1.0,1.0,1.0,398,0.00034732027325165636,0.1836455647743017,0.008311891109286762,0.0002164776577693317,0.00013640703530988177,1.3621794635499389e-09,True,200,630,631
WFG5,22,2,110,635,4,3,True,115,116,14,16,3,0.030344893869131417,0.030344822776453118,0.0005955557955014401,0.0005955324604253742,0.007832407344546488,0.006918986457343179,2.5930544821937502,2.0458233555399374,0.0013020178410910127,0.0010291034184691794,19.0,21,28.0,31,6.0,8,26.0,30,378,378,378.0,0.945,0.9999875809241066,1.0,398,0.0003262371464379339,0.18353360987687728,0.008789126505376998,0.00021283473117961194,0.00013344446026786793,1.356523916722656e-09,True,200,634,635
WFG5,22,2,111,639,4,3,True,125,125,17,17,4,0.03332406272800717,0.03332405502748133,0.0006579635683987561,0.0006580010504638745,0.005273348453139315,0.005273394839787504,4.540323002699903,4.539449880914617,-0.0012623547219442351,-0.0012626270801265882,20.0,20,33.0,33,4.0,4,32.0,32,378,378,378.0,0.965,0.9999762826005097,1.0,398,0.00020714011046551724,0.18352316853039294,0.003671858368335279,0.0002309759602336925,0.0001458707311280505,1.3265787254870295e-09,True,200,638,639
WFG5,22,2,112,643,5,3,True,112,112,7,7,5,0.02496182587913556,0.024961830172183917,0.0015392440880414027,0.0015392393929909431,0.007769467372835681,0.0077693555990338,1.3768688926713484,1.3768630205659065,-0.00010364720246088628,-0.00010397597304034889,10.0,10,15.0,15,4.0,4,12.0,12,392,392,392.0,0.995,0.9999984519790763,1.0,398,0.0002505500342760489,0.1835720934574853,0.0062411043618340045,0.0002648511129734743,0.00016824815255697814,1.317235583628289e-09,True,200,642,643
WFG5,22,2,113,648,4,3,True,97,97,8,8,4,0.02993944119425912,0.029939439446622917,0.0014927573886963533,0.0014927615850433033,0.022456608969758568,0.022456606579498356,1.593227910165325,1.5946172796370774,0.0005806772148546919,0.0005804326535852056,10.0,10,17.0,17,4.0,4,14.0,14,394,394,394.0,0.99,0.999997549772008,1.0,398,0.00036515554399901905,0.18353185163394192,0.003986447107308777,0.00024060087048383139,0.00014794855257626454,1.305432625355851e-09,True,200,647,648
WFG5,22,2,114,651,3,3,True,95,95,14,14,3,0.06884426003148889,0.06884426112006858,0.0,0.0,0.005014585428453601,0.005014596847613378,2.836902835864569,2.8526109752574484,0.0014616397168950288,0.001461790482906622,16.0,16,28.0,28,10.0,10,26.0,26,390,390,390.0,0.63,0.9989419750720675,1.0,398,0.003800980560437938,0.18333887675672833,0.14763082532590488,0.0012830709556510556,0.0008319431220354441,1.2988934927802728e-09,True,200,650,652
WFG5,22,2,115,654,3,3,True,98,98,16,16,3,0.08038100802595938,0.08038105341988999,0.0,0.0,0.003428931760449727,0.003428928000648812,5.1765110384986635,5.176474010401762,0.0013366350079983345,0.0013364717484201094,19.0,19,31.0,31,6.0,6,28.0,28,382,382,382.0,0.975,0.9999943848216403,1.0,398,0.00024167178088539877,0.18366822335672228,0.0043873363283637445,0.0004400150983201456,0.0002898425859414776,1.2909102692929149e-09,True,200,653,654
WFG5,22,2,116,657,4,3,True,118,118,11,11,4,0.05837940971659039,0.05837943726373407,0.0,0.0,0.003707954076272002,0.0037079379016683456,2.2882115232419764,2.286397780668267,-6.777276452010013e-06,-6.880199720171731e-06,13.0,13,23.0,23,4.0,4,20.0,20,370,370,370.0,0.96,0.9999780583387371,1.0,398,0.00026770133351604645,0.18354995225078746,0.0035548924752220046,0.0004550741740558806,0.0002848340972115107,1.2869917723740904e-09,True,200,656,657
WFG5,22,2,117,661,4,3,True,122,122,7,7,4,0.04602265414140683,0.04602264957367297,1.9595403902061825e-05,1.9624149924291068e-05,0.005340440292739779,0.005340448204126713,1.3700871846913305,1.3700772371048515,0.0004348982848731025,0.00043487096184691154,9.0,9,14.0,14,2.0,2,12.0,12,390,390,390.0,0.96,0.9999810063063561,1.0,398,0.00017317263957384053,0.18348011069704978,0.003953036335587967,0.0003737041952263098,0.00023285575698109827,1.2817955488916693e-09,True,200,660,661
WFG5,22,2,118,665,4,3,True,111,111,13,13,4,0.03529546313425441,0.03529545379815846,0.0011837616312272425,0.0011837282398838855,0.007240691128290511,0.007240705261033514,1.631468125701268,1.6314964934908858,2.612673797330661e-05,2.608810444115761e-05,15.0,15,25.0,25,4.0,4,24.0,24,394,394,394.0,0.96,0.9999855844257541,1.0,398,0.0002655754030510525,0.18362997756516242,0.006204511701071169,0.0003344768595070491,0.0002029650510760197,1.269602684415459e-09,True,200,664,665
WFG5,22,2,119,669,4,3,True,100,100,14,14,4,0.06605086229296031,0.06605085488448847,0.0002763912698069415,0.00027638402988827693,0.007898898289936396,0.007898912376615552,2.6346940689086242,2.6351052671579964,0.0006903892576093422,0.0006903996353075925,18.0,18,29.0,29,4.0,4,26.0,26,390,390,390.0,0.975,0.9999924513805352,1.0,398,0.0002858481861100744,0.1835186197007828,0.005197567807044834,0.000262862459067037,0.000158506439422343,1.2564702698751864e-09,True,200,668,669
WFG5,22,2,120,673,4,3,True,103,103,10,10,4,0.05211477299451395,0.0521147693061933,0.0,0.0,0.0046490903034341335,0.004649101656041932,1.2533058208872312,1.2534975712264895,0.00029818401124534954,0.00029819541892539547,13.0,13,21.0,21,4.0,4,18.0,18,388,388,388.0,0.995,0.999998652088767,1.0,398,0.0002333610277025748,0.18350436896587646,0.004996721530915238,0.00022975197441610362,0.00014239566902155842,1.2493657762957698e-09,True,200,672,673
WFG5,22,2,121,677,3,3,True,127,127,10,10,3,0.02727661328505388,0.027276633990810265,0.000385217728271936,0.00038522131448454067,0.014026970299466368,0.01402697622180274,-0.4147837559726817,-0.43204119270376395,-0.0010177810543329226,-0.001017211348728786,12.0,12,20.0,20,8.0,8,18.0,18,386,386,386.0,0.895,0.9999730076277078,1.0,398,0.003912460804201999,0.18435879902760466,0.016456354642286897,0.0015671325354560395,0.0010153420539618914,8.881870810404005e-11,True,200,676,677
WFG9,22,2,1,241,5,3,True,102,102,14,13,5,0.03519403685330347,0.03519402162163032,0.0013369732140435103,0.005371696059092157,0.009885026360383686,0.010532520244250554,1.070059830031144,1.0846654049683608,0.0548590985313,0.054469667960181885,18.0,17,29.0,27,6.0,6,26.0,24,386,384,386.0,0.445,0.9942167630874094,1.0,398,0.03637708214438544,0.15403966154320575,0.24676603815840004,0.026940922972912063,0.013285371412905029,0.0010320569465719829,True,200,240,241
WFG9,22,2,2,246,3,3,True,132,132,19,19,3,0.02414019430508097,0.02414020036558829,0.0,0.0,0.00591084696069033,0.00591082823858291,1.0036940527053897,1.002122519714649,0.058781164747793935,0.05877992438590729,21.0,21,38.0,38,8.0,8,36.0,36,386,386,386.0,0.54,0.9970815851727953,1.0,398,0.023070516374570818,0.16640208078938667,0.29244360916221623,0.021353100789304857,0.010149678342933535,3.1447329038760206e-05,True,200,245,246
WFG9,22,2,3,249,3,3,True,121,122,15,18,3,0.038024573958148844,0.03802457249535862,0.000476076207755291,0.0004760716395679626,0.009125125932674227,0.008993431657278117,0.9937834082785324,0.9743141244251654,0.0338010977494369,0.03374201375723008,17.0,21,28.0,33,8.0,12,28.0,34,390,390,390.0,0.36,0.9971956018346904,1.0,398,0.017326943545277678,0.1744581283906606,0.10243790841907607,0.011722779347016488,0.00562870540329283,1.0917926764709812e-05,True,200,248,249
WFG9,22,2,4,252,5,3,True,144,144,21,20,4,0.013206336489319459,0.013206269882220845,0.0014442504752317648,0.0014442630970979697,0.007930805721452133,0.008178464731400468,0.7159035841612873,0.7299892849251436,0.02982753980048252,0.03013577463622522,25.0,24,41.0,38,6.0,8,38.0,36,358,358,358.0,0.53,0.9988867710410758,1.0,398,0.011714708076107163,0.17630657547298562,0.040663515884895585,0.004735831612038444,0.002556718428518113,1.7566979619387498e-06,True,200,251,252
WFG9,22,2,5,257,3,3,True,119,119,15,15,3,0.02574131483734412,0.025741316625126902,0.0,0.0,0.008175534627689496,0.00817552636734864,1.246399731835778,1.243262056749299,0.03083813619752629,0.030836877260790405,19.0,19,31.0,31,4.0,4,28.0,28,384,384,384.0,0.635,0.9996484799325914,1.0,398,0.004386377731454959,0.18237970158563022,0.0415709646493827,0.003664731959476003,0.0019692690277353596,1.6739509415215087e-06,True,200,256,257
WFG9,22,2,6,260,4,3,True,127,127,15,15,4,0.022548792717501518,0.02254878888812837,4.0016403861621586e-05,3.9981674564801284e-05,0.009663838928381584,0.009663841294997422,1.1047823876238576,1.1036235693823389,0.0381626470119716,0.03816264158372803,18.0,18,29.0,29,2.0,2,26.0,26,382,382,382.0,0.68,0.999595239383465,1.0,398,0.004024214406732248,0.18444118544103355,0.030165142886264373,0.0029530341937822335,0.0015617311620114223,1.653119243469175e-06,True,200,259,260
WFG9,22,2,7,264,7,3,True,116,117,13,17,7,0.017407963793871883,0.017407948881724145,0.0,0.0,0.006957037079904249,0.006572748991082622,0.8153766138735943,0.896655001137801,0.00804706836005294,0.008293953501424034,17.0,21,27.0,35,6.0,6,24.0,32,388,388,388.0,0.78,0.9998227698382074,1.0,398,0.0034799331974175725,0.18258491370113228,0.03327644110677408,0.002240345909742314,0.001203021929735144,1.056940275131564e-06,True,200,263,264
WFG9,22,2,8,271,3,3,True,119,119,19,19,3,0.02388752081923573,0.023887529341683367,0.0,0.0,0.008724945072205115,0.008724949005357252,1.275763097704469,1.253437839016567,0.038125602788446795,0.038122862722865844,23.0,23,39.0,39,6.0,6,36.0,36,370,370,370.0,0.8,0.9998715417654409,1.0,398,0.004775187421947808,0.18439059974563332,0.039522226893492274,0.005818310582101249,0.0035587003089991623,2.6086707759425287e-07,True,200,270,271
WFG9,22,2,9,274,4,3,True,93,93,10,10,4,0.03557201282226835,0.03557199270798861,0.0015836147478754947,0.0015835574817348874,0.011489526107461345,0.011489528659989826,1.9842626437562139,2.0045784438130076,0.01027032160435854,0.01027240691099192,12.0,12,21.0,21,2.0,2,18.0,18,380,378,380.0,0.81,0.9999110618911626,1.0,398,0.004634282726427215,0.17980919679429938,0.04519304329102303,0.004278400863307219,0.002913960830553574,2.544036326504244e-07,True,200,273,274
WFG9,22,2,10,278,5,3,True,115,115,37,37,5,0.035315809433737244,0.03531580454443489,0.0,0.0,0.006077330740826614,0.0060773613204809784,2.380896497918581,2.3682054672198465,-0.00532812942644068,-0.005328700239905951,40.0,40,72.0,72,12.0,12,72.0,72,398,398,398.0,0.605,0.9996799901857069,1.0,398,0.005031579873152645,0.18569758232012917,0.020495380003533903,0.003257256240613883,0.0021984430952349137,2.5082906023051743e-07,True,200,277,278
WFG9,22,2,11,283,3,3,True,104,104,10,10,3,0.030874486635319165,0.030874483304165284,0.0022699972249639044,0.0022699857175629834,0.013545474610598351,0.013545455348845492,0.22711762512573763,0.22363379733022298,0.012799795530467577,0.012798791941687818,12.0,12,21.0,21,2.0,2,18.0,18,338,338,338.0,0.785,0.999854940453957,1.0,398,0.003821229373187926,0.1843289840437896,0.021460754106099156,0.0032327977942536723,0.002007390358832055,2.466568841775781e-07,True,200,282,283
WFG9,22,2,12,286,3,3,True,128,128,12,12,2,0.05084184727486599,0.050841844091487204,0.0010938313647266273,0.001093840402579871,0.005040242879594065,0.005040232000323441,0.7654212669974871,0.7699632842223494,0.028488209453836056,0.028489240095821447,16.0,15,23.0,23,8.0,8,22.0,22,392,392,392.0,0.825,0.9999052238082813,1.0,398,0.003824405144941047,0.1833504037093691,0.021119091027371972,0.002387542935581244,0.0014482923402165224,2.442115012398749e-07,True,200,285,286
WFG9,22,2,13,289,4,3,True,106,106,13,13,4,0.03887252748836617,0.038872529705815034,0.0011919266872568862,0.0011919256032276032,0.009895384891780823,0.009895385895939732,1.3507510929758322,1.3473399823202963,0.004173022448965914,0.004172655732385116,16.0,16,26.0,26,6.0,6,24.0,24,398,398,398.0,0.845,0.9998741720775094,1.0,398,0.0032706975194224898,0.18408496083961953,0.02328572207490054,0.003397528940725425,0.002021085942459343,2.4195362644400413e-07,True,200,288,289
WFG9,22,2,14,293,4,3,True,102,102,18,18,4,0.041116317610263464,0.04111635218273979,0.0,0.0,0.012622585353280008,0.012622592303994623,4.328524634555027,4.322715435188613,0.00534695300889804,0.005347140990050115,19.0,19,35.0,35,12.0,12,32.0,32,392,392,392.0,0.87,0.9999134813415794,1.0,398,0.002843561038341623,0.185509411518167,0.021532671664196146,0.00273729593100569,0.0016949285159737041,2.3894167114344044e-07,True,200,292,293
WFG9,22,2,15,297,3,3,True,98,98,23,23,3,0.03126458585801528,0.03126459458767372,0.0,0.0,0.011098874624661935,0.011098873923963234,4.196312131762136,4.204338652620752,-0.012510456871761468,-0.012511815689675994,28.0,28,44.0,44,6.0,6,44.0,44,384,384,384.0,0.765,0.9998950467202601,1.0,398,0.007165716439086244,0.17772118181950308,0.03951906962507201,0.007067424977515981,0.005837940075029162,1.4966994053513854e-07,True,200,296,297
WFG9,22,2,16,300,5,3,True,110,110,30,30,5,0.04733667612539483,0.04733666294910818,0.0,0.0,0.0020508833817400665,0.0020508805934950983,3.6107114620699114,3.618082347695255,-0.007141685452466747,-0.007141804632334284,32.0,32,59.0,59,4.0,4,58.0,58,388,388,388.0,0.775,0.9997609703601908,1.0,398,0.004724697038728966,0.17966857857207308,0.04243256413976848,0.0050220608863185134,0.004880086435454776,1.4826101726571976e-07,True,200,299,300
WFG9,22,2,17,305,6,3,True,78,78,24,24,5,0.05152994066375738,0.05152997757900146,0.0,0.0,0.009492177729833698,0.009492176748674572,1.927270997675672,1.92021825231753,-0.024290965103728013,-0.024291440478697364,27.0,27,46.0,46,6.0,8,46.0,46,396,396,396.0,0.71,0.9998488205078475,1.0,398,0.005339043640397848,0.18190492358636595,0.041407623635994706,0.0034178058137770972,0.0031934447047401756,1.4137382051129213e-07,True,200,304,305
WFG9,22,2,18,311,8,3,True,118,118,31,31,7,0.08792539837881438,0.08792539438927574,0.0,0.0,0.0013353478024584198,0.001335347492056993,3.837688928148957,3.833886155090804,0.020158424071348435,0.020157598860885084,33.0,33,63.0,63,6.0,6,60.0,60,392,392,392.0,0.845,0.9999255763545486,1.0,398,0.002028374649140667,0.1821155597582582,0.020137886856226528,0.0023847849679198892,0.0019310281903351636,1.3207316295592022e-07,True,200,310,311
WFG9,22,2,19,319,3,3,True,104,104,24,24,3,0.0231973161350294,0.023197307726964378,0.0,0.0,0.010818029131953066,0.010818043992145199,7.304629764535278,7.3049114274294915,-0.0005214048014335415,-0.0005220924918993285,28.0,28,50.0,50,4.0,4,46.0,46,390,390,390.0,0.895,0.9999580382209434,1.0,398,0.0018056326199978206,0.1822605854599834,0.02906970170281975,0.001998879093352593,0.0021452797997467883,1.1201668618170028e-07,True,200,318,319
WFG9,22,2,20,322,4,3,True,124,124,23,23,4,0.057521573407968506,0.05752156706569593,0.0,0.0,0.004726408902810952,0.0047264079218265476,7.034108057985639,7.026951386526463,0.007523679997495019,0.00752243088752851,27.0,27,43.0,43,10.0,10,44.0,44,392,392,392.0,0.94,0.9999770665930131,1.0,398,0.0010327632284768593,0.18337590785059,0.01746578112923025,0.0013845798565712553,0.001428974948175764,1.1065831734479321e-07,True,200,321,322
WFG9,22,2,21,326,5,3,True,121,121,22,22,5,0.08929530512440735,0.0892952953576786,0.00014919382674231235,0.00014919143764159648,0.002683157617461962,0.0026831573168149547,0.4183810311454792,0.40822893335033505,-0.0026377954807222503,-0.0026392003093172745,27.0,27,43.0,43,6.0,6,40.0,40,390,390,390.0,0.835,0.9999247567890772,1.0,398,0.002498385392881328,0.18431464711813772,0.028723863400908378,0.0025242830487055556,0.002134147211143963,1.0583040982497595e-07,True,200,325,326
WFG9,22,2,22,331,5,3,True,106,106,20,20,5,0.05062928290987023,0.05062936705433474,0.00012110218570782205,0.00012111881437903982,0.007681848267786276,0.007681846760636018,5.489402818434456,5.487232044689941,-0.02140619021823338,-0.02140570416834609,23.0,23,41.0,41,4.0,4,38.0,38,398,398,398.0,0.94,0.999987564600886,1.0,398,0.0004610028653942973,0.1833303623486423,0.01629999416914618,0.0006384502275813553,0.0005574064004253527,1.0450500357455538e-07,True,200,330,331
WFG9,22,2,23,336,7,3,True,51,51,23,23,7,0.0699549831027068,0.06995497971818687,0.0013541070399715471,0.001354106723966908,0.011012885067827438,0.011012879981084966,9.884569190242138,9.896333967858027,-0.015425746913760873,-0.015426284352566638,25.0,25,47.0,47,4.0,4,44.0,44,396,396,396.0,0.84,0.9998872028590085,1.0,398,0.0025835112600919993,0.1836306888613291,0.04035484242501308,0.00264471067176697,0.002066478661258854,9.365664765011746e-08,True,200,335,336
WFG9,22,2,24,343,6,3,True,55,55,15,15,6,0.06545281460824533,0.06545281359284098,0.0,0.0,0.009498254846290105,0.009498257579188846,16.64550170140306,16.642735698915125,-0.035744447190765694,-0.03574290468607378,19.0,19,29.0,29,6.0,6,26.0,26,396,396,396.0,0.91,0.999973423245985,1.0,398,0.0005066202288248017,0.18369021702688404,0.011043529245178263,0.001103714994456162,0.0010691142335660978,9.171595318568472e-08,True,200,342,343
WFG9,22,2,25,349,3,3,True,82,82,8,8,3,0.032555184041236765,0.032555183258500056,0.00019828896974837668,0.00019829386129761178,0.008942732884648492,0.008942734118168504,14.442459148064724,14.450094357865922,0.00014113345670376963,0.00014118572524313274,10.0,10,17.0,17,4.0,4,14.0,14,378,378,378.0,0.88,0.9999368225137446,1.0,398,0.0005495432877493245,0.18375827562792552,0.011929933877113608,0.0016207337571099156,0.0016505253211626602,8.81515550378652e-08,True,200,348,349
WFG9,22,2,26,352,3,3,True,60,60,5,5,3,0.061299344079418505,0.061299345935772166,0.0003815448615369643,0.0003815383188876531,0.020976180962420155,0.020976182588138548,3.010926664164394,3.0094067505792443,0.012235703671334891,0.01223673065716565,7.0,7,11.0,11,2.0,2,8.0,8,392,392,392.0,0.975,0.9999943811644995,1.0,398,0.00033740188462707486,0.18354665160035147,0.012196617784825059,0.0007368276679966534,0.0006327827019094597,8.753124160003521e-08,True,200,351,352
WFG9,22,2,27,355,4,3,True,99,99,15,15,4,0.051636830407194904,0.05163682797088959,3.696154854385125e-05,3.6960098320937274e-05,0.007883685564735954,0.007883708368307762,7.911684118138552,7.912884505130911,-0.0038180015554365398,-0.0038178378674499527,18.0,18,31.0,31,4.0,4,28.0,28,398,398,398.0,0.95,0.9999812962598207,1.0,398,0.0011026499748358072,0.18331733710109688,0.02806687135183683,0.0010877768765116258,0.0009678927552741327,7.771971193905555e-08,True,200,354,355
WFG9,22,2,28,359,3,3,True,83,83,8,8,3,0.033822577580184754,0.03382258071045907,0.0,0.0,0.0018872840437578267,0.0018872952199577991,11.846672608081196,11.844650238050487,0.006157940033922127,0.006157946132594034,10.0,10,18.0,18,6.0,6,14.0,14,368,368,368.0,0.965,0.9999781425480726,1.0,398,0.0004296631720777843,0.18358584089734137,0.006356470938720049,0.0008813114053352056,0.0008135911997691303,7.69955337578559e-08,True,200,358,359
WFG9,22,2,29,362,5,3,True,76,76,6,6,5,0.059423764643405125,0.05942376014198947,0.00047995176964232833,0.00047995464761549367,0.007271880593333502,0.007271854589718907,1.1659411903784793,1.1657981781629232,0.020591633702694144,0.02059171430429655,9.0,9,13.0,13,0.0,0,10.0,10,384,384,384.0,0.99,0.9999976052598317,1.0,398,0.0003005909977074953,0.18343829835324144,0.006919783822077363,0.0005049301657504834,0.00033727315126051406,7.544679519189837e-08,True,200,361,362
WFG9,22,2,30,367,3,3,True,66,66,14,14,3,0.045578224369594515,0.045578221330649954,0.0,0.0,0.017527673447017125,0.017527674414863692,4.062231035478607,4.074209474614694,0.012282625306422601,0.012282820568763946,19.0,19,26.0,26,10.0,10,26.0,26,390,390,390.0,0.955,0.9999697612679055,1.0,398,0.0013558532286172252,0.1824308905796468,0.01755764490139322,0.0021568109684086956,0.0016682461588286008,7.346816204284382e-08,True,200,366,367
WFG9,22,2,31,370,4,3,True,82,82,21,21,4,0.044603119488796056,0.04460311683789671,0.0,0.0,0.009734919323184932,0.009734930546564047,3.6788541717697036,3.6795032855770664,0.014326629572814905,0.014326363557173365,24.0,24,42.0,42,10.0,10,38.0,38,368,368,368.0,0.985,0.9999913218173847,1.0,398,0.00024046261899451625,0.18341009229079847,0.006889986171725759,0.0002527345873826192,0.00016414387996901235,7.113868852874633e-08,True,200,369,370
WFG9,22,2,32,374,5,3,True,68,68,28,28,5,0.03600846508564459,0.03600843682026034,0.0,0.0,0.007334382028467312,0.007334383049409768,3.2904206410145456,3.293157422388731,0.0014965382850104254,0.001496697963850175,31.0,31,57.0,57,6.0,6,54.0,54,382,382,382.0,0.94,0.9999704954679796,1.0,398,0.0005760695069321739,0.18335767413742937,0.047542774319559555,0.0004097427753722016,0.00030434219596923,5.620937924626275e-08,True,200,373,374
WFG9,22,2,33,379,4,3,True,79,79,10,10,4,0.03542670636753134,0.0354267041534926,0.0,0.0,0.010478154640567634,0.010478153566487958,5.263692389694555,5.262086981504204,0.012855305014084507,0.012855341884780956,12.0,12,21.0,21,6.0,6,18.0,18,382,382,382.0,0.975,0.999995150702654,1.0,398,0.00021820563617172436,0.18357774609040736,0.005932627374776622,0.0003073002662417057,0.00025725775297584844,5.537275732729369e-08,True,200,378,379
WFG9,22,2,34,383,4,3,True,57,57,16,16,4,0.10149429732459248,0.1014942667080726,0.0,0.0,0.007832780617006735,0.00783277632698419,5.779743682342346,5.778848750107617,0.004413219206411702,0.004413286092295151,20.0,20,32.0,32,6.0,6,30.0,30,396,396,396.0,0.94,0.9999858973177517,1.0,398,0.0001513788708612256,0.18350834347291878,0.01361063138416796,0.00023195859913460737,0.00015420664596307933,5.359412417038546e-08,True,200,382,383
WFG9,22,2,35,387,3,3,True,72,72,11,11,3,0.04960825838433891,0.049608220995775776,0.0,0.0,0.006449373884592324,0.0064494083895514365,-0.19088539096605572,-0.19170753944717944,0.009120618203701698,0.009120806386900856,13.0,13,23.0,23,4.0,4,20.0,20,370,370,370.0,1.0,1.0,1.0,398,0.00025567493893182596,0.18351397117090806,0.005707951953127122,0.00018364218903599294,0.00012466167403694527,5.230196274453659e-08,True,200,386,387
WFG9,22,2,36,390,4,3,True,87,87,15,15,4,0.07749800257315478,0.07749800101270929,0.0,0.0,0.005450330496885092,0.005450330287623539,15.168464054753812,15.158949424454306,0.005219330956171492,0.005218608841123322,17.0,17,29.0,29,6.0,6,26.0,26,362,362,362.0,0.995,0.9999986974915043,1.0,398,0.0005573227961107245,0.1839518616679217,0.005970374802728884,0.001129110642313691,0.0011011706589757785,4.382226387081231e-08,True,200,389,390
WFG9,22,2,37,394,2,3,True,82,82,7,7,2,0.0830564744193253,0.08305648333345286,0.000507328284084313,0.0005073285068816213,0.023317197296664705,0.023317168469468852,2.997905014995048,2.9974373029578487,0.0036723897570901647,0.0036725262234240923,9.0,9,15.0,15,4.0,4,12.0,12,392,392,392.0,1.0,0.9999999999999999,1.0,398,0.00012667506332697705,0.1835481585312808,0.00388697769767532,0.00016954555246684322,0.00013043867876542486,4.2316084183839184e-08,True,200,393,394
WFG9,22,2,38,396,3,3,True,93,93,10,10,3,0.049795032780136056,0.049795026348891776,0.0,0.0,0.0,0.0,-0.6019921786365074,-0.602286515638923,0.010682175087337254,0.010682068110600473,13.0,13,24.0,24,6.0,6,18.0,18,372,372,372.0,0.995,0.9999984892593823,1.0,398,0.00014630892693279804,0.1835496822029921,0.010753087558413199,0.0002802089112137196,0.00023485862615083553,3.867248116314374e-08,True,200,395,396
WFG9,22,2,39,399,4,3,True,72,72,12,12,4,0.04381552137070299,0.04381549825665654,0.0,0.0,0.006673790278063078,0.006673787076904546,10.862088207654793,10.865354274115447,0.010784164542919635,0.010784357943267204,15.0,15,24.0,24,8.0,8,22.0,22,392,392,392.0,0.97,0.9999929395793765,1.0,398,0.0002758053648239602,0.18357218768604397,0.008417238175411512,0.0005826247730524869,0.00046309071979798845,3.812678919881997e-08,True,200,398,399
WFG9,22,2,40,403,2,3,True,88,88,18,18,2,0.042258982449762034,0.04225898232502032,0.0,0.0,0.0012460643165059515,0.0012460703747688984,6.036546341192864,6.040076219525133,0.006646134542082446,0.006646336100462126,22.0,22,37.0,37,2.0,2,34.0,34,364,364,364.0,0.99,0.9999970652652548,1.0,398,0.00016031234642833038,0.1835035610790031,0.0031795958738882746,0.00021207856718419293,0.000166350699967882,3.784287016033275e-08,True,200,402,403
WFG9,22,2,41,405,3,3,True,101,101,7,7,3,0.05590767859393553,0.055907681177200026,0.004176333626380924,0.00417631469128199,0.026245082866808933,0.02624508077872767,5.134862289429723,5.134318235324713,0.008946088128636025,0.008946035528066222,9.0,9,14.0,14,4.0,4,12.0,12,332,332,332.0,0.98,0.9999743050901342,1.0,398,0.00020947855614665353,0.183646834712329,0.00906671518123403,0.0003166654555570858,0.000224559244298513,3.7701508456017086e-08,True,200,404,405
WFG9,22,2,42,408,2,3,True,99,99,18,18,2,0.036764114587284624,0.03676408270418591,0.0,0.0,0.006884122152204519,0.006884116815860181,6.652212843758008,6.6513904150046415,0.009085027431151868,0.009085113743714398,23.0,23,35.0,35,6.0,6,32.0,32,390,390,390.0,0.97,0.9999829426898964,1.0,398,0.0001054273502634162,0.18357249575246742,0.0027748037190917785,0.00015860059734862375,0.00012575161364838282,3.745134992385453e-08,True,200,407,408
WFG9,22,2,43,410,3,3,True,94,94,11,11,3,0.059435030544952375,0.05943503313443198,0.0,0.0,0.0,0.0,1.164659817554849,1.164756639324537,0.005157450569700492,0.0051574082952136665,13.0,13,25.0,25,4.0,4,20.0,20,386,386,386.0,0.965,0.9999842818229316,1.0,398,0.00015843606196600063,0.1835264515348938,0.009232607764289469,0.0002763569286656775,0.00018628875683410507,3.7286142088483596e-08,True,200,409,410
WFG9,22,2,44,413,4,3,True,101,101,12,12,4,0.03658160141016753,0.036581615634054265,0.005211689746951076,0.005211702290537246,0.017120883956441138,0.01712088372084502,5.115760646300661,5.11820257232398,0.004711887701903138,0.0047120344104723,14.0,14,25.0,25,6.0,6,22.0,22,388,388,388.0,0.99,0.9999979177421373,1.0,398,0.00010209313572548757,0.1834712848206865,0.005981632913659496,0.00017905795655792645,0.00014897667847491977,3.138187082083875e-08,True,200,412,413
WFG9,22,2,45,417,4,3,True,100,100,9,9,4,0.04786676527115008,0.04786675694230158,0.0,0.0,0.017088414380589608,0.017088408655564418,0.2041510211265667,0.20421773329724147,0.008360003121606906,0.008359928790664236,11.0,11,17.0,17,4.0,4,16.0,16,368,368,368.0,0.98,0.9999947346243913,1.0,398,8.935935013914451e-05,0.18354645244105217,0.0026456654072717356,8.91095445822998e-05,6.577944696611924e-05,3.111488706827979e-08,True,200,416,417
WFG9,22,2,46,421,3,3,True,99,99,16,16,3,0.041222853057359274,0.04122286358217539,0.0,0.0,0.0008117591145650332,0.0008117591718135586,-1.2400513415682504,-1.2393449921966635,0.015453369468907019,0.01545347814363484,18.0,18,35.0,35,2.0,2,30.0,30,392,392,392.0,0.97,0.9999919857096758,1.0,398,0.00018814123888210926,0.18347378199989944,0.004782350365815091,0.0001610193399557147,0.00012787681320860882,2.940634371826819e-08,True,200,420,421
WFG9,22,2,47,424,4,3,True,96,96,14,14,4,0.0342203806992496,0.034220377670598115,0.0,0.0,0.008955271830114075,0.008955247466141347,4.250426762614197,4.249398040259564,0.007956422657953214,0.007956468178129523,18.0,18,29.0,29,8.0,8,26.0,26,380,380,380.0,1.0,0.9999999999999999,1.0,398,0.000260095176088686,0.18349214413797482,0.015286069430317184,0.00016292852518517975,0.00012185332132184916,2.9261831102580895e-08,True,200,423,424
WFG9,22,2,48,428,3,3,True,82,82,11,11,3,0.03185623721493108,0.0318562325061032,0.0,0.0,0.0040190228317022805,0.004019025675484216,8.378897870021106,8.411977962994115,0.0077582085855584185,0.007758432699319435,12.0,12,23.0,23,2.0,2,20.0,20,384,384,384.0,0.99,0.9999974270546488,1.0,398,0.00015154092214868147,0.18348025629652415,0.006171603952196847,0.00019765422850426262,0.00013724393508049575,2.8977211481695663e-08,True,200,427,428
WFG9,22,2,49,431,2,3,True,77,77,14,14,2,0.03426321592786451,0.03426321639861429,0.0,0.0,0.0,0.0,0.279107297750695,0.27900950169600947,0.003568119470826553,0.003568127128281306,17.0,17,31.0,31,2.0,2,26.0,26,388,388,388.0,0.995,0.999998924592965,1.0,398,0.00011265013348535626,0.18353494946335575,0.0016981552742549866,0.00016190594234544164,0.00011042197789842369,2.8802563791391392e-08,True,200,430,431
WFG9,22,2,50,433,2,3,True,80,80,12,12,2,0.04833297663181232,0.04833297780585534,0.0,0.0,0.0037076361606230776,0.0037076351707729382,6.398715583222405,6.398497906761122,0.004277633442269736,0.004277439612995186,17.0,17,26.0,26,10.0,10,22.0,22,382,382,382.0,0.975,0.9999902123655117,1.0,398,0.00023057537337348334,0.18349854551504213,0.005583719007972832,0.00041060361900235876,0.0003629075168329051,2.8228307317877047e-08,True,200,432,433
WFG9,22,2,51,435,3,3,True,95,95,11,11,3,0.026088113668736007,0.026088114063475165,0.0,0.0,0.012182827694835814,0.01218283075149551,-0.8631857888283072,-0.8616608636966703,0.009282344029843593,0.009282326617435976,13.0,13,23.0,23,2.0,2,20.0,20,378,378,378.0,0.985,0.9999966291462022,1.0,398,0.00019778636174347717,0.18349997883278601,0.0059943901369479136,0.0001601025028605818,0.00010861946746030187,2.8141267986311183e-08,True,200,434,435
WFG9,22,2,52,438,3,3,True,88,88,8,8,3,0.05262473462484954,0.0526247337326054,0.0,0.0,0.0039805631090860105,0.003980573531615295,-1.3985792048610897,-1.3975407173820713,0.0017572571411901276,0.0017574044829952865,10.0,10,17.0,17,4.0,4,14.0,14,380,380,380.0,0.985,0.9999960324184517,1.0,398,0.00038065466058737063,0.18330410727681135,0.0057978217084837524,0.0004518646023896622,0.0003681597711425413,2.7997352878973576e-08,True,200,437,438
WFG9,22,2,53,441,4,3,True,114,114,9,9,4,0.038836498851251344,0.03883649179911436,0.002426503754799879,0.002426497346547783,0.01408065694344246,0.014080667980257755,0.17694416964140913,0.17735586594983488,0.004256514264703682,0.004256807249426418,13.0,13,18.0,18,8.0,8,16.0,16,364,364,364.0,0.975,0.999986639617713,1.0,398,0.00014760881945990553,0.18350870236984496,0.0029320042253289103,0.00012230426314374654,7.654570773781863e-05,2.722692607880843e-08,True,200,440,441
WFG9,22,2,54,445,3,3,True,75,75,20,20,3,0.03542854360823333,0.03542855699059955,0.0,0.0,0.0012117435764014972,0.001211743545627933,1.6942098298200357,1.6938709289098028,0.0023483777985580457,0.002348308705411007,23.0,23,40.0,40,10.0,10,38.0,38,366,366,366.0,0.945,0.9999572986704517,1.0,398,0.0001681941171878885,0.1834871073312382,0.022165742005626043,0.00020730585623596198,0.00013287187471212625,2.619959808174379e-08,True,200,444,445
WFG9,22,2,55,448,3,3,True,109,109,19,19,3,0.03597800069057078,0.0359779861720787,0.0,0.0,0.0009423936836251007,0.0009423930699803129,1.398118471065441,1.3981917936812351,0.0015579183777722286,0.0015580114353206142,22.0,22,39.0,39,10.0,10,36.0,36,378,378,378.0,0.995,0.9999988496917451,1.0,398,8.08487976495069e-05,0.1835406157691887,0.001737518479899336,8.846958770192259e-05,6.141912809198876e-05,2.5747009440681452e-08,True,200,447,448
WFG9,22,2,56,451,3,3,True,60,60,16,16,3,0.03434995340604868,0.03434995050115541,0.0,0.0,0.003766499657754288,0.0037665026971500093,-39.34491341729772,-39.34537522973426,0.021704361628230934,0.021704830570561762,19.0,19,33.0,33,8.0,8,30.0,30,382,382,382.0,1.0,1.0,1.0,398,3.887444442389285e-05,0.18350314078450264,0.0048429902911948375,9.780455033592261e-05,8.196875846960987e-05,1.730782474472541e-10,True,200,450,451
WFG9,22,2,57,454,2,3,True,62,62,4,4,2,0.06540547821304725,0.06540548671823398,0.0003468467131438058,0.00034684468455761785,0.04372140962966464,0.043721414804063496,-0.748814467465845,-0.7489266118736282,0.0067197171925432115,0.006719669317201655,6.0,6,9.0,9,2.0,2,6.0,6,388,388,388.0,0.965,0.9999888290052572,1.0,398,0.00015323232305297738,0.1835378977355837,0.027044427274176996,0.00024838308497976413,0.0001717495000001227,1.596364460541938e-10,True,200,453,454
WFG9,22,2,58,456,3,3,True,68,68,9,9,3,0.07023386947503846,0.07023386861906851,0.0005311118415702587,0.000531112871282019,0.004528072200895683,0.0045280728917957425,-2.1278239953267466,-2.121876920724958,0.006087738819430366,0.006087732184607207,13.0,13,18.0,18,4.0,4,16.0,16,396,396,396.0,0.955,0.9999861638959238,1.0,398,0.00028748766984790165,0.18356977654722562,0.023494379752236227,0.0003816825228000198,0.00029272277833391276,1.4873102269003817e-10,True,200,455,456
WFG9,22,2,59,459,3,3,True,75,75,6,6,3,0.05670496347608597,0.05670496308276149,0.0,0.0,0.026061832143398966,0.02606182341546239,0.25225140939379287,0.25172586878835546,0.006462925911999579,0.0064629021331120496,8.0,8,13.0,13,2.0,2,10.0,10,388,388,388.0,0.99,0.9999976822238504,1.0,398,0.00013932057654045032,0.18354967429932822,0.0038335657593790984,0.00010489164731097844,7.512321672707383e-05,1.4638604761045244e-10,True,200,458,459
WFG9,22,2,60,462,2,3,True,73,73,4,4,2,0.03934034552724462,0.039340352198084766,0.0005826242463348591,0.0005826266177473768,0.02163020200177895,0.02163019596087322,-28.203585560977658,-28.20359988095572,0.0059671020138149025,0.005967139680593311,6.0,6,8.0,8,4.0,4,6.0,6,344,344,344.0,1.0,0.9999999999999998,1.0,398,4.128943443848615e-05,0.18350474944970663,0.002864726048102284,6.229776051469571e-05,3.905238307374706e-05,1.381545882619699e-10,True,200,461,462
WFG9,22,2,61,464,3,3,True,82,82,26,26,3,0.034535770486772845,0.034535775698571365,0.0,0.0,0.006737803741780186,0.006737788627942472,2.94231356295219,2.942244870593072,0.004704521020735534,0.004704260519156027,32.0,32,53.0,53,10.0,10,48.0,48,366,366,366.0,0.985,0.9999915755192179,1.0,398,0.0001749092433805009,0.18352632757538645,0.004259199865401797,0.00022289810663167486,0.0001605269784063076,1.0803854883860942e-10,True,200,463,464
WFG9,22,2,62,467,2,3,True,53,53,3,3,2,0.06376158787898244,0.06376158901441192,0.01805483209337893,0.018054837897607045,0.026902133445902778,0.026902127969676892,-13.436182687208614,-13.436156376143913,0.0032512012565986586,0.003251203442473327,5.0,5,7.0,7,2.0,2,4.0,4,382,382,382.0,0.96,0.9999903266946382,1.0,398,8.6341536964077e-05,0.18350241413269633,0.02478795655267163,0.00012553344835453117,0.00010175926690615691,1.0752452044471695e-10,True,200,466,467
WFG9,22,2,63,469,4,3,True,98,98,6,6,4,0.035444507823714846,0.03544450526155102,0.0013152046916080073,0.0013152049959891388,0.013554525237821543,0.0135545288118961,-16.796680365224677,-16.79784189302177,0.004159735466278001,0.004159776480464658,9.0,9,12.0,12,4.0,4,10.0,10,374,374,374.0,0.98,0.9999740928562559,1.0,398,0.00024028804189532777,0.1833630256736389,0.0026941828047313265,0.0002884951701425109,0.0003006638995922532,8.859244672699139e-11,True,200,468,469
WFG9,22,2,64,473,5,3,True,92,92,9,9,5,0.03917020464749839,0.03917020657490872,0.001850708672055612,0.001850710911471154,0.015717104792356162,0.015717107197226743,-15.739824877901498,-15.73756447526091,0.005430289368318876,0.005430205845615458,12.0,12,19.0,19,4.0,4,16.0,16,378,378,378.0,0.99,0.9999974180635501,1.0,398,0.00013369316985904517,0.1835092372177886,0.006880864778196383,0.00021256411824310817,0.00015896117205313977,8.575724755653692e-11,True,200,472,473
WFG9,22,2,65,478,3,3,True,57,57,8,8,3,0.0424194331509638,0.042419435650442816,0.0,0.0,0.01844950914075181,0.01844952545122965,-11.329159152677974,-11.32899244738573,0.004527289761249964,0.004527254884844413,10.0,10,17.0,17,2.0,2,14.0,14,380,380,380.0,0.985,0.999996600026311,1.0,398,0.00015784345354562563,0.18351934546016088,0.004329879243243795,0.0001812126926381552,0.00013412535425457464,8.174613525954219e-11,True,200,477,478
WFG9,22,2,66,481,4,3,True,46,46,18,18,4,0.14056075495470863,0.1405607518447683,0.0,0.0,0.0,0.0,-8.548788502567817,-8.547668811884193,0.002718130585621992,0.0027181824393799504,19.0,19,41.0,41,12.0,12,32.0,32,370,370,370.0,0.995,0.9999987862766634,1.0,398,0.00015533404517515867,0.1835652492971233,0.011719901167793978,0.00018343109054086426,0.0001653063324079754,8.113913844352822e-11,True,200,480,481
WFG9,22,2,67,485,3,3,True,40,40,10,10,3,0.05441103887913196,0.05441103855697313,0.0,0.0,0.015565341938976157,0.015565342870381513,-7.6945738695721495,-7.694701522567101,0.004300739941502463,0.004300791606313733,12.0,12,20.0,20,6.0,6,16.0,16,380,380,380.0,1.0,1.0,1.0,398,7.659785017533433e-05,0.183484110788078,0.002669716595169902,0.00011132531949123448,8.704642864302748e-05,8.03053018159722e-11,True,200,484,485
WFG9,22,2,68,488,2,3,True,47,47,6,6,2,0.08394723655522092,0.08394723812026594,0.0,0.0,0.012450444063196684,0.012450445705662758,-12.250395984263886,-12.250922544502856,0.0014529919904790948,0.0014529957520463205,9.0,9,12.0,12,4.0,4,10.0,10,384,384,384.0,0.995,0.9999987651682927,1.0,398,5.809178804897359e-05,0.18351848012093147,0.0025406307816577822,7.544303343470782e-05,6.0555272613787466e-05,7.951405451722413e-11,True,200,487,488
WFG9,22,2,69,490,4,3,True,41,41,13,13,4,0.0410298374652996,0.04102983909493085,0.0,0.0,0.0008801445629640081,0.0008801437356204533,0.25015703081248475,0.25101383454490644,0.004504763768267589,0.00450480765969611,15.0,15,27.0,27,2.0,2,24.0,24,384,384,384.0,0.985,0.9999958706168062,1.0,398,9.270235690378462e-05,0.18347098395770345,0.0016427427461831456,0.00011310950988524526,9.255281601015931e-05,7.914944362292921e-11,True,200,489,490
WFG9,22,2,70,494,3,3,True,42,42,8,8,3,0.05521999887473039,0.05522000306032754,0.0,0.0,0.015703608113877443,0.015703609585951447,-6.419672984164681,-6.419727729783311,-0.000919187777008928,-0.0009192462962914817,10.0,10,17.0,17,4.0,4,14.0,14,362,362,362.0,0.97,0.999992819835007,1.0,398,6.52452163473427e-05,0.18354740936431746,0.015865688952825252,0.00014376795317172508,0.0001524145634107484,7.556189046673445e-11,True,200,493,494
WFG9,22,2,71,497,2,3,True,77,77,10,10,2,0.06659083441423493,0.06659084255721918,0.0,0.0,0.01304608143591771,0.013046044806986444,-13.079839054659764,-13.08034403935011,0.004206208001738124,0.004206228507044572,13.0,13,21.0,21,4.0,4,18.0,18,392,392,392.0,1.0,1.0,1.0,398,0.00010377039400328198,0.18348358340243878,0.006015202447130719,0.00015686662595015832,0.00011435216652924427,7.314513565249022e-11,True,200,496,497
WFG9,22,2,72,499,2,3,True,54,54,6,6,2,0.050098038370084384,0.050098036681881675,0.002152951105703682,0.002152962425636673,0.020824224240665892,0.02082422323242256,-9.070619378092989,-9.069932602625357,0.0009148004627050235,0.0009148176435722917,8.0,8,13.0,13,2.0,2,10.0,10,382,382,382.0,0.98,0.9999950019943702,1.0,398,0.00011193164480306895,0.18355562635442935,0.0059502891027989335,0.0001753075914479041,0.00014898141307602552,7.255538150446338e-11,True,200,498,499
WFG9,22,2,73,501,3,3,True,86,86,18,18,3,0.08192114844834561,0.08192115023061693,0.0,0.0,0.00013119021539864661,0.00013114039431277869,-13.465396594452049,-13.467446898372543,0.005805240531188346,0.005805208402316374,19.0,19,37.0,37,6.0,6,34.0,34,384,384,384.0,0.99,0.9999966332897613,1.0,398,9.273627424983156e-05,0.1834966451390206,0.012396440557182586,0.00015412319339108693,0.00012104921125409852,7.164281433929228e-11,True,200,500,501
WFG9,22,2,74,504,4,3,True,35,35,8,8,4,0.13833363516637254,0.13833363425822862,0.0,0.0,0.010979165183132692,0.010979167176685008,17.076735073772614,17.075569548015494,-0.0005773635666299178,-0.0005772096527516535,10.0,10,17.0,17,6.0,6,14.0,14,394,394,394.0,0.95,0.9999734826742422,1.0,398,0.00015579617002262004,0.18354693499604785,0.007349412868791205,0.0003130509966879913,0.0002698691715492471,7.065814832696392e-11,True,200,503,504
WFG9,22,2,75,508,2,3,True,58,58,15,15,2,0.08819811078071789,0.08819811195420571,0.0,0.0,0.0030547920871711876,0.0030547905247630402,-11.420238424142031,-11.41996590158709,0.0027456525593480344,0.0027456631202569595,18.0,18,36.0,36,10.0,10,28.0,28,378,378,378.0,0.99,0.999997681216484,1.0,398,0.00013465772333239436,0.18352292939233628,0.0072034815523167595,0.00020286306122813125,0.0001469988219994243,7.020154792290725e-11,True,200,507,508
WFG9,22,2,76,510,3,3,True,73,73,8,8,3,0.04621620783205152,0.046216205612254535,0.0,0.0,0.004354794584536681,0.004354798054736519,-14.274122988981851,-14.274962615798245,0.006837245912209888,0.006837184500630561,10.0,10,17.0,17,2.0,2,14.0,14,388,388,388.0,0.985,0.99999652479144,1.0,398,7.769699340422436e-05,0.18348138013595428,0.006658153210139517,0.00016216486462561353,0.00014969188241473465,6.662962146626442e-11,True,200,509,510
WFG9,22,2,77,513,4,3,True,49,49,7,7,4,0.07575025490992071,0.07575025077076414,0.000598278362295937,0.0005982739558735711,0.017779483267244878,0.01777941801238969,-8.754299605865945,-8.754612677887735,-0.000872483321558349,-0.0008725042649917834,9.0,9,15.0,15,6.0,6,12.0,12,392,392,392.0,0.99,0.9999973391877168,1.0,398,0.00016254882706834072,0.18349682393388345,0.007344270305274847,0.00020154820477813473,0.0001673818215986751,6.632433046508732e-11,True,200,512,513
WFG9,22,2,78,517,5,3,True,89,89,15,15,5,0.06320556248471679,0.06320555559367108,0.0,0.0,0.006962474723586479,0.006962473825242135,2.3672176041327297,2.3674199346774287,0.0028308607860927995,0.0028309077566475906,17.0,17,31.0,31,6.0,6,26.0,26,384,384,384.0,0.97,0.9999845431559339,1.0,398,6.98985158981744e-05,0.1835070661869893,0.006042266256130802,0.00012017675422271168,0.00011874653408696652,6.314864053500461e-11,True,200,516,517
WFG9,22,2,79,522,4,3,True,83,83,35,35,4,0.06587445051681431,0.0658744557065257,0.0,0.0,0.002127667552269563,0.0021276595744680327,7.11635247283963,7.120300776461335,0.0034115710093000156,0.0034116264051472552,39.0,39,71.0,71,10.0,10,66.0,66,386,386,386.0,0.93,0.9999740310198815,1.0,398,0.0003347454935419343,0.18341490531187377,0.01291736234821883,0.0005268091249899243,0.0005694001453276772,5.921740323592642e-11,True,200,521,522
WFG9,22,2,80,526,3,3,True,80,80,7,7,3,0.029955339027126326,0.02995531250100547,0.0,0.0,0.00435156499799498,0.00435156037725971,4.400568852411581,4.403546056398582,0.0026109986514509867,0.002610909240957986,9.0,9,17.0,17,6.0,6,12.0,12,388,388,388.0,0.98,0.9999885448685568,1.0,398,9.053687684933728e-05,0.18349496754718758,0.004618551279307326,0.0002691782616002225,0.0002252508219032406,5.891434752502491e-11,True,200,525,526
WFG9,22,2,81,529,3,3,True,93,93,12,12,3,0.049463254390245195,0.04946324102026187,0.0,0.0,0.004455388130432149,0.0044553776588314485,28.950659302243245,28.959534002939662,0.0027192864186977527,0.002719559908784247,15.0,15,25.0,25,6.0,6,22.0,22,394,394,394.0,0.905,0.999954097847839,1.0,398,0.0002111009083342213,0.18343072813338848,0.015460355131267534,0.0006776849213760983,0.0005310163173381686,5.79415246725222e-11,True,200,528,529
WFG9,22,2,82,532,4,3,True,84,84,12,12,4,0.043935898650909716,0.04393590103449088,0.0,0.0,0.007979896165320225,0.007979897728221228,-0.3312833157663384,-0.3305770776193828,0.004110845006880397,0.004110966335275265,14.0,14,25.0,25,8.0,8,22.0,22,366,366,366.0,0.99,0.9999971380611873,1.0,398,6.256741210803194e-05,0.18350116044298,0.004914505214368425,9.416641370929568e-05,6.971700697284888e-05,5.768214893114282e-11,True,200,531,532
WFG9,22,2,83,536,2,3,True,60,60,4,4,2,0.07679826893657805,0.0767982484077947,0.000538795900765443,0.0005388258902934151,0.04650935847316968,0.04650935700491588,9.613973591078672,9.616711868258722,-0.0011849942617491792,-0.0011850988943004144,6.0,6,9.0,9,4.0,4,6.0,6,368,368,368.0,0.995,0.9999985682479693,1.0,398,0.00012780536261517225,0.18358394558161978,0.008059734796674434,0.00037692050551152434,0.0003154225644302846,5.6182568109546976e-11,True,200,535,536
WFG9,22,2,84,538,3,3,True,95,95,13,13,3,0.05561626402665493,0.05561626435447664,0.0,0.0,0.010135724397448476,0.010135743094447536,12.368055442725119,12.369074768765957,0.002548540757507688,0.0025486039143036666,13.0,13,26.0,26,2.0,2,22.0,22,396,396,396.0,0.97,0.999988688934284,1.0,398,0.00010037592891284762,0.18352229006252369,0.011886981101108418,0.00042530661061546127,0.0003736249094544202,5.505547955252295e-11,True,200,537,538
WFG9,22,2,85,541,4,3,True,77,77,10,10,4,0.03678622077560377,0.03678622349034781,0.0,0.0,0.01601765823260598,0.01601765965256302,17.84499095402732,17.845075730446727,0.0010179574203214683,0.0010179681778605255,12.0,12,21.0,21,4.0,4,18.0,18,370,370,370.0,0.985,0.999995903287468,1.0,398,0.00012650127509031682,0.18357590262180545,0.005756511747607718,0.00047533429198898247,0.0004384677249902227,5.33524051017239e-11,True,200,540,541
WFG9,22,2,86,545,3,3,True,101,101,24,24,3,0.029463740124331797,0.02946373307612668,0.0,0.0,0.004039062152958614,0.004039056194400925,40.24283699692897,40.4957253971375,0.004523541106404535,0.004529648119128614,26.0,26,47.0,47,4.0,4,46.0,46,388,388,388.0,0.635,0.9997596714054579,1.0,398,0.002639197954868209,0.18134852296572648,0.08708741756253247,0.012340756550618837,0.009265269118844812,5.239783277220243e-11,True,200,544,545
WFG9,22,2,87,548,3,3,True,56,56,9,9,3,0.045085318469013105,0.04508531809984411,0.0017615935288224777,0.0017615959980735868,0.005630944449783175,0.005630944305108999,25.629132603348044,25.647188168655703,0.005281650255800352,0.005282415201342872,11.0,11,19.0,19,2.0,2,16.0,16,382,384,382.0,0.93,0.9999825795332782,1.0,398,0.00023932503596389314,0.18336283948332452,0.02270091166428756,0.0009664044621331414,0.0008737485224489219,5.2095355371382854e-11,True,200,547,548
WFG9,22,2,88,551,4,3,True,55,55,16,16,4,0.06690685355380117,0.0669068555409412,0.0,0.0,0.01277293651101975,0.01277293716925636,15.022172898552135,14.997974182885173,0.004108390819039358,0.004108338787525145,20.0,20,33.0,33,6.0,6,30.0,30,390,390,390.0,0.99,0.9999977396793265,1.0,398,8.872206038021242e-05,0.1835568184742036,0.030888337019860046,0.0001315805875492515,0.00013854807795966366,5.185610859526912e-11,True,200,550,551
WFG9,22,2,89,555,4,3,True,66,66,14,14,4,0.051746322395292116,0.05174632047364519,0.0,0.0,0.008748691899593375,0.00874869405795109,25.89232180592676,25.891008652689834,0.0023980719936456864,0.0023980922066009214,15.0,15,29.0,29,6.0,6,22.0,22,368,368,368.0,0.99,0.9999970557012253,1.0,398,3.1565318159585415e-05,0.18351098615228778,0.0043119703859701985,0.00020003638445587058,0.00020891409823441327,5.1477672690129697e-11,True,200,554,555
WFG9,22,2,90,559,4,3,True,68,68,15,15,4,0.09502179124735119,0.09502178670065428,0.0,0.0,0.0012748954981402231,0.001274888623098741,24.552052234865744,24.551743979545336,0.001617952385100721,0.0016179679032002348,17.0,17,30.0,30,10.0,10,26.0,26,386,386,386.0,0.96,0.9999866927671202,1.0,398,0.00010628559618750867,0.1834911361928277,0.010981821356836008,0.00030071460957969975,0.00030221090989838545,5.0388442736266185e-11,True,200,558,559
WFG9,22,2,91,563,5,3,True,79,79,13,13,5,0.05036159606788013,0.05036158931274793,0.0,0.0,0.005932954174192373,0.005932950961903161,17.715273435774808,17.738103519958713,0.002178679391615823,0.0021787146772469512,15.0,15,27.0,27,6.0,6,24.0,24,380,380,380.0,0.98,0.9999947708566972,1.0,398,0.00017425839101894584,0.18344579921258278,0.020752489552251063,0.0005922988204929425,0.0005003219424605766,4.973791951482184e-11,True,200,562,563
WFG9,22,2,92,568,2,3,True,80,80,11,11,2,0.060041109564899796,0.06004111332543324,0.0,0.0,0.009656268159913467,0.009656266172687777,25.00989071903621,25.009780674728063,-0.001931973105148878,-0.0019321341407856352,13.0,13,21.0,21,2.0,2,20.0,20,394,394,394.0,1.0,1.0,1.0,398,5.8416807454985786e-05,0.1835273461225764,0.053239750526699936,0.00015867690075310747,0.00012189214554107045,4.9440666372328213e-11,True,200,567,568
WFG9,22,2,93,570,5,3,True,78,78,11,11,5,0.040853620816594466,0.04085361967628154,0.0,0.0,0.014122093301670968,0.01412209300893641,21.611856169230585,21.612450455713997,0.003087250187395198,0.003087291381568491,13.0,13,23.0,23,8.0,8,18.0,18,378,378,378.0,0.96,0.9999799022336082,1.0,398,3.179556873752477e-05,0.18349079292346487,0.013508610987628344,0.00013056646321274457,0.00011071872574927865,4.904996713545986e-11,True,200,569,570
WFG9,22,2,94,575,4,3,True,67,67,11,11,4,0.05971706083117184,0.059717056445690364,0.0010399405594389566,0.0010399417749585305,0.010365480450940684,0.010365480841497354,41.23606043787944,41.23096662973592,0.00044675241481520944,0.00044619780065779935,13.0,13,23.0,23,6.0,6,20.0,20,372,372,372.0,0.98,0.9999956490830596,1.0,398,0.0002852188816614065,0.18352545850898988,0.052917823759344174,0.0009137307661148952,0.0007543913154409099,4.8604004471791345e-11,True,200,574,575
WFG9,22,2,95,579,4,3,True,92,92,6,6,4,0.051333868816401895,0.05133387546667967,0.01789623939277691,0.01789623611125736,0.02808823943533373,0.028088229948309035,26.011159838227965,26.011754495164155,-0.00028750584490174467,-0.0002874196683546604,8.0,8,12.0,12,6.0,6,10.0,10,370,370,370.0,0.97,0.9999907112105141,1.0,398,0.00035125110033882396,0.1836657747863436,0.09139294271881226,0.0006762270031686057,0.00047373265968276624,4.813753087171736e-11,True,200,578,579
WFG9,22,2,96,583,2,3,True,70,70,11,11,2,0.05239081328836825,0.052390811377940764,0.0,0.0,0.0,0.0,1.037546732966657,1.037583132127338,0.00020848206308471677,0.00020849752113094588,7.0,7,25.0,25,8.0,8,20.0,20,394,394,394.0,0.985,0.9999932250915753,1.0,398,0.00010813337639660928,0.18350192774221227,0.009112346426263684,0.0002665890742719057,0.00019584219392844606,4.790494241606417e-11,True,200,582,583
WFG9,22,2,97,585,3,3,True,46,46,12,12,3,0.09263392399812131,0.09263391347483252,0.0008732541332968635,0.0008732418941896913,0.030783133275692487,0.030783130723647925,44.11009549677725,44.10753634628645,0.0003697000640188184,0.00036961796258450086,14.0,14,25.0,25,4.0,4,22.0,22,372,372,372.0,0.99,0.9999973791381289,1.0,398,3.012342402904044e-05,0.18351728508624426,0.002289611960804905,0.00011195534779062655,8.573736164040245e-05,4.486283487330942e-11,True,200,584,585
WFG9,22,2,98,588,2,3,True,59,59,4,4,2,0.0906424759850544,0.09064247089228258,0.007112020968704388,0.007112019824734303,0.04904344006147264,0.04904343980304339,34.89808036846031,34.89823514475279,0.00024165863747218654,0.00024168080297182204,6.0,6,9.0,9,4.0,4,6.0,6,392,392,392.0,1.0,0.9999999999999999,1.0,398,1.6791804724859844e-05,0.18351060294612714,0.0017615527431189548,9.093554672290338e-05,8.712408705861292e-05,4.460503083873675e-11,True,200,587,588
WFG9,22,2,99,590,3,3,True,47,47,8,8,3,0.04655641156903556,0.046556415683037033,0.002728130628970666,0.0027281305905085297,0.015082227976547628,0.015082207538269415,4.051061366344047,4.052379329712153,0.004683900259900931,0.0046838853593687,10.0,10,17.0,17,2.0,2,14.0,14,380,380,380.0,0.99,0.9999973328682538,1.0,398,0.00010332372559714895,0.1835119843785728,0.006679648275166983,0.00021132147458047257,0.0001826469479139911,4.437332699339289e-11,True,200,589,590
WFG9,22,2,100,593,2,3,True,43,43,3,3,2,0.06329081694637306,0.06329081996041419,0.015146627978498119,0.015146638049664408,0.061394421936687336,0.06139442028477312,9.312052316210398,9.311510456082942,0.005197225836921552,0.005197220487898058,5.0,5,7.0,7,0.0,0,4.0,4,388,388,388.0,0.985,0.9999968626682991,1.0,398,0.0001327791576718069,0.18347613433173665,0.026217271511995932,0.0003403021845542753,0.00032337935203711874,4.326641752578617e-11,True,200,592,593
WFG9,22,2,101,595,6,3,True,47,47,11,11,6,0.16289519175395592,0.16289519053684332,0.0019351083776747435,0.0019350867388583382,0.03835667321836511,0.03835668704014494,45.46208666859668,45.46291364756598,0.0004454399793719215,0.00044544822899883485,14.0,14,22.0,22,0.0,0,20.0,20,390,390,390.0,0.985,0.9999962038386472,1.0,398,6.762383906355147e-05,0.18348440833306412,0.020673060898843687,0.0002076212613246753,0.00020736807085190286,4.316978774162704e-11,True,200,594,595
WFG9,22,2,102,601,4,3,True,61,61,18,18,4,0.08446729682209228,0.08446729873079795,0.0,0.0,0.012346191698563214,0.012346196810289978,29.586407695910196,29.58662623801183,-0.0015666263050544903,-0.0015667090851154697,20.0,20,35.0,35,8.0,8,34.0,34,394,394,394.0,0.975,0.999993297218597,1.0,398,3.457801719563317e-05,0.1835138938072201,0.00397739210529835,9.862527838322421e-05,9.035966978059558e-05,4.2346534096388136e-11,True,200,600,601
WFG9,22,2,103,605,3,3,True,90,90,10,10,3,0.04749906327068376,0.04749901085343122,0.0,0.0,0.013161776299129097,0.01316178219044195,22.32169436175221,22.32184952640364,0.001817917051290102,0.0018179437816385757,12.0,12,22.0,22,4.0,4,18.0,18,394,394,394.0,0.935,0.9999870290054863,1.0,398,5.396364962376133e-05,0.18349883959804345,0.024889138861908577,0.00019515202791353659,0.00018252830768936075,4.1845759180684884e-11,True,200,604,605
WFG9,22,2,104,608,2,3,True,59,59,9,9,2,0.046143869899758175,0.046143872485704986,0.0,0.0,0.01044731923200004,0.010447330449148362,3.21152440870949,3.2116948846987725,0.00048234924323742616,0.00048229901697949273,12.0,12,18.0,18,6.0,6,14.0,14,372,372,372.0,0.98,0.9999914452355876,1.0,398,3.47216253985662e-05,0.18351095576352938,0.005035829850385198,9.1363229671515e-05,7.605588080263576e-05,4.17009115008258e-11,True,200,607,608
WFG9,22,2,105,610,5,3,True,89,89,18,18,5,0.07455189729982743,0.07455188116484582,0.0,0.0,0.006734457478625035,0.006734478105873079,24.10269995739868,24.0897477469548,0.002727862247521153,0.002727757615838877,21.0,21,34.0,34,8.0,8,34.0,34,396,396,396.0,0.965,0.9999909573602009,1.0,398,0.00033142189352620353,0.18366568167053657,0.009734459054016043,0.000937608724598249,0.0009195379026405804,4.1475290287981674e-11,True,200,609,610
WFG9,22,2,106,615,2,3,True,74,74,5,5,2,0.03208727133639549,0.03208727087555707,0.0008344297551222679,0.0008344348257833811,0.021821936042172287,0.02182193089535378,27.375031571213107,27.37556211620722,0.0030758847881148673,0.0030759827195430134,7.0,7,11.0,11,2.0,2,8.0,8,372,372,372.0,1.0,1.0,1.0,398,8.040103233508263e-05,0.18352198633793113,0.002518387951568002,0.00024654540948176873,0.00023418833366672297,4.1183890963559906e-11,True,200,614,615
WFG9,22,2,107,617,2,3,True,58,58,5,5,2,0.09543475864319993,0.0954347544238917,0.0029253624921750654,0.002925362502075729,0.02222556976354384,0.022225563957032013,12.87982264957904,12.880568622085775,0.003783724151838186,0.0037837236166442523,7.0,7,11.0,11,4.0,4,8.0,8,392,392,392.0,0.96,0.999981748240485,1.0,398,8.764658371897534e-05,0.183505134197806,0.018105579671100713,0.00021205518589795247,0.00018869347536906898,4.109228081168924e-11,True,200,616,617
WFG9,22,2,108,619,3,3,True,85,85,12,12,3,0.04108269123984365,0.04108271245354356,0.0,0.0,0.0013705888263979976,0.00137058899619465,-3.307055791454978,-3.3070724441129187,0.001173423738584263,0.0011733664282606027,14.0,14,26.0,26,10.0,10,22.0,22,388,388,388.0,1.0,1.0,1.0,398,4.263416468778179e-05,0.1835037077996185,0.005992442242131801,9.790613967197714e-05,8.937743066409924e-05,4.100870108919441e-11,True,200,618,619
WFG9,22,2,109,622,5,3,True,60,60,10,10,5,0.05878606900779004,0.05878607173181999,0.0,0.0,0.004747876673247886,0.004747881455757996,-18.009757538025877,-18.00964048186188,0.004845087355600896,0.004845079312433498,13.0,13,20.0,20,6.0,6,18.0,18,372,372,372.0,0.995,0.9999984285099636,1.0,398,7.356925276363472e-05,0.18351588738551228,0.0075348407626734115,0.00021293141742262378,0.00018823666074877863,3.839058630905401e-11,True,200,621,622
WFG9,22,2,110,627,5,3,True,36,36,15,15,5,0.1019933654531234,0.10199337039948657,0.0,0.0,0.020313667751508724,0.02031366661328518,32.491090678663014,32.49128259945064,0.001516511614442362,0.0015162199252509723,20.0,20,29.0,29,10.0,10,28.0,28,392,392,392.0,1.0,0.9999999999999999,1.0,398,4.098574321163605e-05,0.18350168239252235,0.0031552679392916616,0.00011770744026762259,9.706885508261276e-05,3.710139284179755e-11,True,200,626,627
WFG9,22,2,111,632,2,3,True,51,51,6,6,2,0.1163485159276321,0.11634851984662134,0.006812062630714169,0.006812064328921993,0.01954469518273129,0.01954469509702776,-2.4812353511364478,-2.4808491029752986,0.003977710826801898,0.003977697102322431,8.0,8,13.0,13,4.0,4,10.0,10,388,388,388.0,0.955,0.9999876870355336,1.0,398,0.0002534580108045576,0.1836294883485962,0.07584673012024723,0.0006814848774183702,0.0005596967962006889,3.667548786951408e-11,True,200,631,632
WFG9,22,2,112,634,4,3,True,39,39,14,14,4,0.09113451219184604,0.09113450909729859,0.0,0.0,0.017863796581445573,0.017863808668304268,0.153979900287176,0.15272071028721257,0.0034277090986233,0.003427637017498819,17.0,17,29.0,29,2.0,2,26.0,26,390,390,390.0,0.995,0.9999988775659564,1.0,398,6.408326532074193e-05,0.18351643024108585,0.005204930293984944,0.00010915706400282943,9.147175165436727e-05,3.6593081580568514e-11,True,200,633,634
WFG9,22,2,113,638,4,3,True,86,86,9,9,4,0.06228810356156641,0.062288094840339245,0.003939245723287459,0.00393925890752396,0.0424734566558006,0.04247345450827039,16.390238123689706,16.38276960989242,0.00609778252169512,0.00609753288058279,11.0,11,17.0,17,4.0,4,16.0,16,372,372,372.0,0.98,0.9999897774513321,1.0,398,9.122276019131697e-05,0.18356658813075769,0.0037482295447262004,0.00014231728528102394,9.002777485030544e-05,3.6418261627581446e-11,True,200,637,638
WFG9,22,2,114,642,3,3,True,55,55,16,16,3,0.07389494902661908,0.07389494603894287,0.0,0.0,0.005896074153722057,0.005896073221415783,15.387513540257707,15.387456251299682,0.0024750323072412453,0.0024752743153293455,17.0,17,32.0,32,2.0,2,30.0,30,390,390,390.0,0.99,0.9999979616091762,1.0,398,3.0417543417998117e-05,0.18350413779749747,0.007453353253367823,0.00011655717435132829,9.584582023771892e-05,3.623506167939846e-11,True,200,641,642
WFG9,22,2,115,645,5,3,True,86,86,9,9,5,0.07226247486077092,0.07226246052231367,0.0,0.0,0.009312667963473076,0.0093126592107734,5.576383299801972,5.577676889536633,0.008960320698150129,0.008960446872724015,10.0,10,19.0,19,2.0,2,16.0,16,394,394,394.0,0.985,0.9999967755093304,1.0,398,0.00019631142217363653,0.18342420105398288,0.02680263288493734,0.00045622453308169497,0.0003330004364495178,3.4487639876456734e-11,True,200,644,645
WFG9,22,2,116,650,3,3,True,75,75,17,17,3,0.0649105416634983,0.06491054329368179,0.0,0.0,0.0021364114315578497,0.0021363865890456912,7.076706746990112,7.076806488144484,0.003616537807116092,0.0036164626670953104,21.0,21,34.0,34,8.0,8,32.0,32,372,372,372.0,0.99,0.9999970952525638,1.0,398,4.545124135877304e-05,0.18350377673150198,0.022213360243767966,0.00010264355069011799,8.64754044867989e-05,3.430141037774527e-11,True,200,649,650
WFG9,22,2,117,653,4,3,True,50,50,7,7,4,0.052895224487483405,0.0528952370474951,0.0,0.0,0.047614967316507356,0.04761496530175824,1.7429701496424386,1.7313904220045515,0.0007815430488682661,0.000781544796895739,9.0,9,15.0,15,2.0,2,12.0,12,372,372,372.0,0.985,0.9999966123493655,1.0,398,0.0001480129253878775,0.18357406203249121,0.009529609415039886,0.00020737868362630252,0.00016844904192194257,3.368813012164164e-11,True,200,652,653
WFG9,22,2,118,657,2,3,True,74,74,14,14,2,0.057980220860161226,0.0579802313858191,0.0,0.0,0.000990669923081713,0.0009906710893429456,33.871150813431015,33.86991971714542,0.004615212006826032,0.004615176089549949,17.0,17,31.0,31,8.0,8,24.0,24,384,384,384.0,0.995,0.9999987468008734,1.0,398,3.169010911886878e-05,0.18351880711613983,0.002771137915260624,9.151090034720255e-05,7.721720686311049e-05,3.352524420854942e-11,True,200,656,657
WFG9,22,2,119,659,4,3,True,42,42,14,14,4,0.045750313515269925,0.045750320855641735,0.0,0.0,0.014068063434775402,0.014068058165555328,22.552475575149725,22.554491072944074,0.0025528465555302417,0.0025528559231758896,16.0,16,31.0,31,6.0,6,26.0,26,398,398,398.0,0.98,0.9999950809941175,1.0,398,7.31770779238925e-05,0.18351360850015958,0.02967616335808998,0.00014552193681538483,0.00012657577782290236,3.324234882004038e-11,True,200,658,659
WFG9,22,2,120,663,5,3,True,50,50,7,7,5,0.05706286795871129,0.057062862148657745,0.0023108398318981704,0.0023108393717449216,0.026811426568558214,0.02681142526571638,19.60595800967645,19.60486312948342,0.0007533717191652869,0.0007533427793998682,9.0,9,14.0,14,2.0,2,12.0,12,396,396,396.0,0.985,0.9999868895920665,1.0,398,6.036607486824971e-05,0.18350885631157265,0.006853212042187806,0.00010762416059151292,0.00010636876287012115,3.31086689432473e-11,True,200,662,663
WFG9,22,2,121,668,4,3,True,53,53,10,10,4,0.06433749913111628,0.06433749769224303,0.0,0.0,0.0007553623431053036,0.0007553657670965053,3.9640734597836094,3.9640313391353743,0.003263822448391376,0.0032638379463419964,12.0,12,22.0,22,6.0,6,18.0,18,382,382,382.0,0.98,0.999993092646794,1.0,398,4.727195663515727e-05,0.18350871403402624,0.004694368879427202,0.00010296921527697123,9.319742171249692e-05,3.2829996867125735e-11,True,200,667,668
WFG9,22,2,122,672,2,3,True,103,103,10,10,2,0.08021039499858215,0.08021039948798818,0.0,0.0,0.0,0.0,-0.8025557343355878,-0.8025413232289793,0.006906245709126496,0.006906187347531123,12.0,12,23.0,23,4.0,4,18.0,18,374,374,374.0,0.97,0.999978785745588,1.0,398,8.439948821004791e-05,0.18350928822917,0.0075562700076261535,0.00012437833390777087,9.845039459657324e-05,3.2630060939697575e-11,True,200,671,672
WFG9,22,2,123,674,3,3,True,57,57,4,4,3,0.05805002189756925,0.058050023791493766,0.030898737546456945,0.030898740739340014,0.04376780265832513,0.043767813270766266,-21.29424391682958,-21.29434207955819,0.0015338614339839292,0.0015338092278963118,6.0,6,9.0,9,2.0,2,6.0,6,392,392,392.0,1.0,1.0,1.0,398,6.739709628024488e-05,0.18350091497003285,0.006437685813580174,0.00015206773491627246,0.00012109667545812279,3.2549104335924793e-11,True,200,673,674
WFG9,22,2,124,677,3,3,True,94,94,15,15,3,0.09347926664033146,0.09347926415350849,0.0,0.0,0.008453831694163583,0.008453823636867308,4.054166978860785,4.0534817650404875,0.0032009481403206847,0.003200718250917736,18.0,18,34.0,34,12.0,12,28.0,28,368,368,368.0,1.0,1.0,1.0,398,0.0001271857209555104,0.18354545927849994,0.0033265965612372383,0.00014387793294190487,0.00011709358588792182,3.026656412578832e-11,True,200,676,677
ZDT1,30,2,1,329,3,3,True,77,77,11,11,3,0.028003813387648818,0.02800382628183376,0.001022476595522584,0.0010224755739689367,0.008829789311598446,0.008829804678047226,-10.694546546731042,-10.489439094069851,0.044695967605953145,0.04473947369808423,14.0,14,22.0,22,4.0,4,20.0,20,384,384,384.0,0.59,0.9987468467854663,1.0,398,0.019205418959228428,0.19707815622011177,0.2838519954063061,0.016216463202280762,0.01740161324977571,0.00021524102150080983,True,200,328,329
ZDT1,30,2,2,332,2,3,True,115,115,32,34,2,0.014371686866445535,0.014371677233195448,0.0,0.0,0.0031962850639035666,0.003344618851741324,0.2395964524307317,0.12659633687751892,0.08910121970060234,0.08844138940061219,37.0,39,60.0,65,4.0,8,60.0,64,374,368,374.0,0.305,0.8949568856794012,1.0,398,0.21365108618367423,0.18729441443459383,0.24700660952538067,0.017697179565509646,0.027015542604034593,0.0001603970114210903,True,200,331,332
ZDT1,30,2,3,334,6,3,True,101,101,26,28,6,0.020702891801131662,0.020702895343059968,0.0,0.0,0.0050941738630737,0.004850530744160954,-1.4932833981005,-1.1157639795692376,0.11170669356234728,0.11172349491217462,29.0,31,52.0,56,4.0,6,50.0,54,392,392,392.0,0.435,0.9887703871072623,1.0,398,0.0728413998301212,0.22675587095508842,0.20577081062515667,0.015528924017016,0.03046296983550317,3.615678113123276e-05,True,200,333,334
ZDT1,30,2,4,340,3,3,True,156,156,10,10,3,0.006747738270791864,0.006747732763827369,0.0008860088066928798,0.0008860089732250741,0.0037471194140723772,0.0037471188127716597,0.8637138289939816,0.8996897785281703,0.11262631931196415,0.11262974110753637,12.0,12,20.0,21,4.0,4,18.0,18,376,374,376.0,0.505,0.9932242735518609,1.0,398,0.0165036278074691,0.19080872425698414,0.038440953599538474,0.001989021397821533,0.004622992992212105,5.087207073317213e-07,True,200,339,340
ZDT1,30,2,5,343,2,3,True,156,156,8,8,2,0.0051776239033652915,0.005177626480993208,7.58281497086899e-05,7.582820067938978e-05,0.0008293872631327422,0.001246012037229613,0.8537182084475106,0.8785903716491248,0.10104616212060347,0.09909825022863604,10.0,10,17.0,17,2.0,6,14.0,14,364,380,364.0,0.495,0.9877008838818897,1.0,398,0.013323652623789704,0.17936813478403582,0.03613512127976648,0.0010435952313332386,0.002854668747200716,2.3334682876575658e-07,True,200,342,343
ZDT1,30,2,6,345,6,3,True,148,148,26,26,7,0.006452178541136194,0.006452181578044211,0.0,0.0,0.002038629161320152,0.0020386335765239516,0.9159340573788253,0.9340264865982562,0.019635723849551028,0.01977815899494642,28.0,28,51.0,51,4.0,2,50.0,50,384,386,384.0,0.475,0.9938233315263444,1.0,398,0.007705585216206413,0.18223756184792733,0.01972456852365223,0.000750585908057988,0.0020885268615608546,2.1677337026604908e-07,True,200,344,345
ZDT1,30,2,7,351,5,3,True,135,135,22,22,5,0.008415054987214574,0.008415055679481918,0.000176058166679538,0.00017606243720247328,0.001879605450550808,0.0018796054776167017,2.563078403893112,2.583161427933092,0.039559428202187594,0.03955904744885935,25.0,25,43.0,43,10.0,10,42.0,42,376,376,376.0,0.695,0.9997113980513327,1.0,398,0.010393710247680439,0.18184842037284654,0.05420071949991123,0.0024376721723931016,0.00838550101681553,1.886070454381461e-08,True,200,350,351
ZDT1,30,2,8,356,2,3,True,133,133,16,16,3,0.008082037742497411,0.008082039088489784,6.467774703616119e-05,6.467773600468685e-05,0.0017679110395986998,0.0017679118248914733,-2.229637343576023,-2.2332213937160788,0.08602133428886503,0.08602231472526317,20.0,19,31.0,31,6.0,6,30.0,30,356,358,356.0,0.79,0.9998901389834911,1.0,398,0.009465091705815526,0.18486367297413997,0.04137271365878803,0.0010504220634943717,0.0032481856365526624,1.7638567685168562e-08,True,200,355,356
ZDT1,30,2,9,358,2,3,True,124,124,11,11,2,0.01653821657105497,0.01653821523546973,0.0005826963668370544,0.0005826885519092384,0.002491934812398261,0.0024919351982962135,-0.391895843731799,-0.3795728863752572,0.046691604413741296,0.046691562824785565,15.0,15,21.0,21,4.0,4,20.0,20,398,398,398.0,0.835,0.9999149435279996,1.0,398,0.0174379186405193,0.1912525722348133,0.02558248234479521,0.001139775203790716,0.003327769539695576,1.6444098737758434e-08,True,200,357,358
ZDT1,30,2,10,360,4,3,True,126,126,14,14,4,0.0075578801363842315,0.007557878578936937,7.70032891263088e-05,7.700328734261581e-05,0.002251612822769783,0.0022516168281905558,-0.319895480594802,-0.3457760462880657,0.03330015530303687,0.03329963605649079,16.0,16,29.0,29,6.0,6,26.0,26,394,394,394.0,0.835,0.999952551517933,1.0,398,0.02505744882797207,0.1900634869385438,0.020556143204443877,0.000795562549955442,0.002240807164880982,1.619189538447178e-08,True,200,359,360
ZDT1,30,2,11,364,3,3,True,139,139,9,9,3,0.00518321976430974,0.005183219823836874,8.244003209153736e-05,8.244007168031406e-05,0.003350456754857817,0.003350457230453144,0.6552329114909625,0.6512390138030923,0.025602247400075624,0.02560214034591845,12.0,12,19.0,19,0.0,0,16.0,16,372,372,372.0,0.7,0.9995575019879881,1.0,398,0.004417681102029044,0.18706601061319567,0.025746693954959987,0.00047470786133302356,0.001324171196802475,1.5925994877608373e-08,True,200,363,364
ZDT1,30,2,12,367,5,3,True,144,144,15,15,5,0.004168658158127808,0.004168660211774616,0.0,0.0,0.0017810491915519547,0.0017810495709224307,-0.10465045491858405,-0.08224455757664373,0.030862248934733896,0.030862252638256704,17.0,17,28.0,28,4.0,4,28.0,28,396,396,396.0,0.685,0.9997870863365182,1.0,398,0.004702640667388538,0.18526455840220973,0.022670990248006007,0.00022543303683122962,0.0006355868085189088,1.559120067309401e-08,True,200,366,367
ZDT1,30,2,13,371,3,3,True,150,150,7,7,3,0.00826455067166202,0.008264550216353663,0.0003361328814550507,0.00033613302193849504,0.0014856795251192018,0.0014856802252022766,1.000000000001716,1.0000000000007674,0.01385739065992372,0.013783216362179329,9.0,9,14.0,14,2.0,2,12.0,12,392,392,392.0,0.325,0.9935157530567517,1.0,398,0.01787464783391219,0.18172819735979612,0.031806824542732315,0.00016417307317739827,0.00045551503839788815,8.080555973122682e-09,True,200,370,372
ZDT1,30,2,14,374,3,3,True,144,144,14,14,3,0.004361667020037582,0.004361669203845023,0.0005049872398424984,0.000504986225370093,0.002942727353474936,0.002942728961064414,0.9517711135884781,0.9518189563977586,0.01618312933330728,0.016183054903692817,18.0,18,28.0,28,6.0,6,26.0,26,388,388,388.0,0.715,0.9998302010296576,1.0,398,0.0023736120887425764,0.1852739676141113,0.0246258088674276,0.00019157724488128025,0.0004947023048034215,7.691816210596984e-09,True,200,373,374
ZDT1,30,2,15,377,4,3,True,138,138,10,10,4,0.0071120906235981815,0.007112090433010209,0.0002041969214145161,0.00020419692785246264,0.00169180396041481,0.0016918040475041426,-0.2839936456743182,-0.28259927885014235,0.01683272332426991,0.01683248693444539,12.0,13,20.0,20,4.0,4,18.0,18,388,388,388.0,0.92,0.9999754420399153,1.0,398,0.0038181888048356926,0.18624284586454914,0.03704992355229475,0.00041728138769026035,0.0010723196372861372,2.166949443558489e-09,True,200,376,377
ZDT1,30,2,16,381,7,3,True,167,167,18,18,7,0.006683311453036831,0.0066833111339933355,8.179893834166924e-06,8.17990796744654e-06,0.0012409819426132717,0.0012409812737780059,1.0035857791720453,1.002816578216887,0.005406568664718151,0.005406566170788829,20.0,20,36.0,36,4.0,4,34.0,34,396,396,396.0,0.895,0.9999722290431949,1.0,398,0.0015477049378499845,0.18449825009855403,0.0061176731366039405,0.0001369402974725764,0.0003546886116982909,2.0933374938518293e-09,True,200,380,381
ZDT1,30,2,17,388,5,3,True,147,148,22,22,5,0.005987087724950622,0.0059870902080301144,4.990504665182763e-05,4.990507595418136e-05,0.0014786942635484565,0.0014786961881464236,1.036047890020857,1.0358577489362872,0.10383051333936223,0.10383062504697227,25.0,25,45.0,45,6.0,6,40.0,40,386,386,386.0,0.935,0.9999711874290514,1.0,398,0.0005050051695483273,0.18357259169595808,0.008340457065483697,6.476549498163342e-05,0.0001631001623596035,4.046291653276752e-12,True,200,387,388
ZDT1,30,2,18,393,2,3,True,63,63,13,13,2,0.04909996056961022,0.04910001098306968,0.00017422103061725744,0.00017425037272039354,0.013854428033317823,0.013854394771480205,21.65057731467364,21.796724933685823,4.761603029842117,4.761624046431626,15.0,15,26.0,26,8.0,8,24.0,24,370,370,370.0,0.61,0.9995972007404025,1.0,398,0.0013142965728604617,0.18343592378827897,0.048249391398295316,0.0015795555184892314,0.005016907172908588,4.663904985243107e-13,True,200,392,393
ZDT1,30,2,19,395,3,3,True,35,35,7,7,3,0.05478194642393375,0.05478196685758628,0.00022211621522669894,0.0002221523400325262,0.009682137310406971,0.00968212308899058,11.978227376937276,11.990701106720152,10.940617335551558,10.940643023791308,9.0,9,14.0,14,4.0,4,12.0,12,370,370,370.0,0.88,0.9998502205687584,1.0,398,0.0009023381545420203,0.18297818724115594,0.03358069404884745,0.0010678703517298105,0.0016879167989286323,4.3136108575980017e-13,True,200,394,395
ZDT1,30,2,20,398,7,3,True,62,62,26,26,7,0.06507010947223296,0.06507008350701772,4.086715884216857e-06,4.0867372094917365e-06,0.0005957083508467773,0.0005957082366766543,12.103925352377043,12.129126032484539,-2.36873462024324,-2.3687443688401233,30.0,31,51.0,50,4.0,4,48.0,48,386,386,386.0,0.845,0.9998749684151543,1.0,398,0.002236806121785803,0.18433819814368302,0.04189291236608739,0.0015760754029257446,0.005556511940906363,3.662988652913074e-13,True,200,397,398
ZDT1,30,2,21,405,3,3,True,54,54,9,9,3,0.02795783450126288,0.027957808835488818,0.0010920404260723882,0.0010920387078920124,0.006736645574752922,0.006736653231816492,-0.31192264473381925,-0.257461622552297,-2.2761834997898673,-2.2761780005851513,12.0,12,18.0,18,0.0,0,16.0,16,386,384,386.0,0.945,0.999984318758972,1.0,398,0.0007616526540065302,0.18394012406197666,0.025951026794352572,0.0005272789773469455,0.003460861600240386,3.3914121326228187e-13,True,200,404,405
ZDT1,30,2,22,408,3,3,True,60,60,9,9,3,0.03524009339624784,0.035240062859138166,0.0,0.0,0.005585057450038788,0.005585086738963685,2.2142995638891527,2.214159591213882,4.671307725502375,4.67129895039222,11.0,11,19.0,19,4.0,4,16.0,16,396,396,396.0,0.935,0.9999600433597847,1.0,398,0.0007632262224408575,0.18385568000762548,0.03292447970506629,0.0003412227949755875,0.0008719810440281056,3.2121036033089046e-13,True,200,407,408
ZDT1,30,2,23,411,2,3,True,56,56,10,10,2,0.02378609403552856,0.02378610793129149,9.723035922571538e-05,9.723035927876496e-05,0.003040233198386897,0.0030402129058416764,11.163767379874926,11.264547856467228,-0.039707241461709175,-0.03970450149215132,13.0,13,21.0,21,8.0,8,18.0,18,384,384,384.0,0.795,0.9998922923575675,1.0,398,0.0054941432028120935,0.1792128461492989,0.060089614802009805,0.002513310783967909,0.003688048941295269,2.9251870465614555e-13,True,200,410,411
ZDT1,30,2,24,413,3,3,True,67,67,7,7,3,0.021868051389718045,0.021868060194005497,0.0002709842369130744,0.00027098471789899214,0.0008974889455454771,0.000897501413067308,16.29050125151232,16.715824294179,8.61737010742462,8.617347713537594,10.0,10,13.0,13,4.0,4,12.0,12,386,386,386.0,0.82,0.9998103280986048,1.0,398,0.003163383322064688,0.18319736859202956,0.05601998541371245,0.002195911296728942,0.0033244694246057226,2.907774758264219e-13,True,200,412,413
ZDT1,30,2,25,416,3,3,True,39,39,15,15,3,0.034896955157836286,0.0348969728166557,2.929259122819161e-06,2.9299015848194276e-06,0.0031272291083931925,0.003127229833143924,17.12416875630599,17.107946707352838,1.8826602701125805,1.8826611991550983,17.0,17,30.0,30,4.0,4,28.0,28,396,396,396.0,0.66,0.9997294416047998,1.0,398,0.0010100296422425206,0.1836161398542155,0.01898121576771672,0.0007062446609452655,0.0033004847984388712,2.8519612014703027e-13,True,200,415,416
ZDT1,30,2,26,419,4,3,True,78,78,17,16,4,0.012451902160242256,0.01245188880305789,0.00016925074122259992,0.00016925053966371922,0.0024449857780807494,0.002162001047001101,18.59092083919309,18.650338049639892,-1.1610581709639807,-0.8918008569906952,22.0,21,32.0,30,6.0,4,32.0,30,368,368,368.0,0.85,0.9998244983941971,1.0,398,0.003237028522645869,0.1831439836063078,0.028988714948418703,0.0022514089919667413,0.005177005762292233,2.6761180380194236e-13,True,200,418,419
ZDT1,30,2,27,423,2,3,True,54,54,8,8,2,0.053439176606155964,0.05343917078289642,0.00011953676315858835,0.00011953680988657615,0.0008631542615881215,0.0008631529076602766,14.128708740202029,14.16801087965564,0.8650098191566603,0.8650114912004625,11.0,11,17.0,17,8.0,8,14.0,14,382,382,382.0,0.895,0.9999703662921307,1.0,398,0.001307167495443897,0.18360164124665315,0.026191455550574005,0.0008355698135162903,0.0017671787685464117,2.5806447779193886e-13,True,200,422,423
ZDT1,30,2,28,425,4,3,True,66,66,15,15,4,0.016911409370664994,0.016911410840115673,0.0,0.0,0.003181541481590198,0.0031815393948652244,17.32257088338518,17.375810898610098,3.190917100366543,3.190927533227047,17.0,17,31.0,31,4.0,4,28.0,28,392,392,392.0,0.875,0.9998610415715165,1.0,398,0.0006872187984089308,0.18357476903249326,0.020494875145850244,0.0005177875614883476,0.00115075272522759,2.541907842447211e-13,True,200,424,425
ZDT1,30,2,29,429,4,3,True,53,54,13,13,4,0.037391504662856116,0.03739151229754964,0.0,0.0,0.007032140219694158,0.007032128432834572,12.03294642464234,12.030465578784273,2.8109710155815923,2.8109827615074963,15.0,15,26.0,26,4.0,4,24.0,24,382,382,382.0,0.82,0.9982567414656874,1.0,398,0.0003168370869797162,0.18353595150143853,0.03248420438177391,0.0001934785056891264,0.0007692135224588906,2.5023798630092027e-13,True,200,428,429
ZDT1,30,2,30,433,4,3,True,64,64,8,8,4,0.04795426744049671,0.04795427979289425,0.0004593113886408387,0.0004593112434267896,0.003054746846186219,0.0030547403318378283,25.074921745537,25.154955176489146,7.115816868718305,7.115852865135768,11.0,11,16.0,16,6.0,6,14.0,14,390,390,390.0,0.83,0.999864054831819,1.0,398,0.0011339096116356612,0.18349220167129524,0.04243481942187799,0.001434994672239489,0.0051616820683000764,2.145678364195018e-13,True,200,432,433
ZDT1,30,2,31,437,2,3,True,70,70,2,2,2,0.03651405581635685,0.0365140546664621,0.0037434218151929932,0.003743437929016019,0.02012873881577492,0.02012874629773906,13.994208804109011,14.162038623251586,6.795861462126143,6.795902565279434,4.0,4,5.0,5,2.0,2,2.0,2,394,394,394.0,0.925,0.9999470104383448,1.0,398,0.0008606751210155896,0.18344599786674015,0.029948373974953313,0.0009026166448045103,0.0014361324097098016,2.0808934435128745e-13,True,200,436,437
ZDT1,30,2,32,439,4,3,True,27,27,9,9,4,0.0883692023078021,0.08836921924556185,7.577766641060808e-05,7.577768283433331e-05,0.009442380862728084,0.009442378938647855,8.863240246351275,8.864600957170687,0.044787673450748085,0.044788151949155974,11.0,11,19.0,19,4.0,4,16.0,16,384,384,384.0,0.715,0.9996501538756838,1.0,398,0.0005039770668440273,0.18338866188631897,0.04701879367104311,0.0004073562498554395,0.001873823654613017,2.0424280301524428e-13,True,200,438,439
ZDT1,30,2,33,443,4,3,True,56,56,21,21,4,0.100994980959748,0.10099498240359751,0.00011337890179050764,0.00011337858009350527,0.00038284661707617407,0.0003828467071951211,19.401218631992254,19.398751938564367,-0.48121944275540807,-0.48122875014951916,27.0,27,42.0,42,4.0,4,40.0,40,396,396,396.0,0.93,0.999977451797947,1.0,398,0.0007041512598162672,0.18345170036119643,0.017212789108402404,0.0005803122628269541,0.0018559384150352834,1.953381747395869e-13,True,200,442,443
ZDT1,30,2,34,447,4,3,True,63,63,10,10,4,0.0337551829659368,0.03375518442814658,0.0,0.0,0.0005672758081264467,0.0005672802320722675,5.477874158575332,5.477685940481386,1.5922824349747204,1.5923049507717408,12.0,12,20.0,20,6.0,6,18.0,18,370,370,370.0,0.97,0.999992240748739,1.0,398,0.0004645779108998795,0.18371809230587438,0.017645712699689398,0.00022147794850480018,0.0005664747356812772,1.9124594199558072e-13,True,200,446,447
ZDT1,30,2,35,451,3,3,True,73,73,8,8,3,0.02303916205251478,0.02303917016582153,0.00018937784649364353,0.00018938252839262315,0.0032273534441536406,0.0032273378500377774,12.154418281215488,12.424606233665498,2.637125313686042,2.637127053626326,11.0,11,17.0,17,2.0,2,14.0,14,392,392,392.0,0.885,0.9999577961576644,1.0,398,0.0005570827570689854,0.18370099847075172,0.03169504810751533,0.0005024520595645621,0.002934040273665879,1.774791590146908e-13,True,200,450,451
ZDT1,30,2,36,454,2,3,True,62,62,2,2,2,0.030901842034098848,0.03090184835888521,0.028961999348450153,0.028962001057363927,0.0299319206912745,0.029931924708124568,10.289119324538166,10.424665378322103,3.9796875404712053,3.9796965103478144,4.0,4,5.0,5,2.0,2,2.0,2,394,394,394.0,0.865,0.9998007416209764,1.0,398,0.0009852272815781143,0.18361564614618942,0.01701782937291796,0.0005628539921775921,0.0017923519127329215,1.759975890694089e-13,True,200,453,454
ZDT1,30,2,37,456,2,3,True,36,36,3,3,2,0.02973869080956401,0.0297386971656068,0.01246841234823131,0.012468420562650451,0.017437880291299127,0.017437874749712416,4.891194166060078,4.934857777847203,2.7580483523925663,2.7580544206293496,5.0,5,7.0,7,2.0,2,4.0,4,372,372,372.0,0.87,0.9999544958621619,1.0,398,0.0019286240214832816,0.1834099553224438,0.019170821914883618,0.0006911278774279772,0.0016885092693035694,1.7464457098152886e-13,True,200,455,456
ZDT1,30,2,38,458,2,3,True,53,53,7,7,2,0.021318280968780075,0.02131828074900841,0.00026037826419304105,0.0002603783709134687,0.008453627426252774,0.00845362587717613,16.22849044423778,16.28671075968784,0.27891657381821633,0.2789165403546292,10.0,10,15.0,15,4.0,4,12.0,12,366,366,366.0,0.905,0.9999464377493349,1.0,398,0.0006782066474293991,0.18367437201530318,0.017860444856559354,0.0003605775491166696,0.0007251566127892156,1.7169617874469155e-13,True,200,457,458
ZDT1,30,2,39,460,3,3,True,47,47,7,7,3,0.09026939665571249,0.0902693854219482,0.0001617088155756556,0.00016170880423641704,0.007276570607383178,0.007276570209031408,29.389527308114843,29.444152104966303,4.4282940532033335,4.428302004511412,9.0,9,15.0,15,2.0,2,12.0,12,388,388,388.0,0.88,0.999917445512819,1.0,398,0.000538570094265783,0.18335483691616655,0.02503888643821739,0.0002875714553000064,0.0011446086300250585,1.6827099445884175e-13,True,200,459,460
ZDT1,30,2,40,463,3,3,True,56,56,9,9,3,0.043802096092298654,0.043802096484437975,5.630885182039691e-05,5.6309741582993844e-05,0.008800962853213308,0.008800966933855181,6.501050944868517,6.472774441978281,2.3571919330849433,2.3571926413358,12.0,12,18.0,18,2.0,2,16.0,16,380,380,380.0,0.95,0.9999610808130774,1.0,398,0.00025292038838989036,0.18356956654266657,0.011756056192282927,0.00015938036217932883,0.0020013300086397594,1.649164224609964e-13,True,200,462,463
ZDT1,30,2,41,466,3,3,True,60,60,5,5,3,0.02632896871386349,0.0263289666628896,0.0007609729747141136,0.0007609815542320986,0.0015352760147296918,0.0015352750998451903,2.7253558968989253,2.729633814092267,2.3532113041801765,2.3531996126081234,8.0,8,10.0,10,2.0,2,8.0,8,364,364,364.0,0.95,0.9999741928563585,1.0,398,0.00033643401998665115,0.18338940274654986,0.013858671488186758,0.0001651146295835737,0.0006104640586348813,1.6095868213477364e-13,True,200,465,466
ZDT1,30,2,42,469,5,3,True,76,76,11,11,5,0.07599511448810857,0.07599511743284915,4.0532533857641495e-05,4.0532519622230034e-05,0.0003087449861212538,0.00030874496644930916,14.095075087099552,14.097411646245774,0.14899476793764493,0.14899533851214564,13.0,13,23.0,23,2.0,2,20.0,20,388,388,388.0,0.98,0.9999939575404163,1.0,398,0.00028596427883982,0.18343923463287287,0.016348036719982417,0.00018571112118390132,0.0006209245243670246,1.5796388929902836e-13,True,200,468,469
ZDT1,30,2,43,474,3,3,True,97,97,8,8,3,0.04158812999514972,0.04158812924163949,9.332803716621818e-05,9.333453982929285e-05,0.0034035492838097765,0.003403547114651205,7.214443346438337,7.221893299171754,0.8022992893732512,0.8022958778877671,10.0,10,16.0,16,0.0,0,14.0,14,384,384,384.0,0.965,0.9999888709008667,1.0,398,0.00032964712458427125,0.18349852524508145,0.01910810549507147,0.00011735345858682189,0.00045985571775349337,1.5262919347501595e-13,True,200,473,474
ZDT1,30,2,44,477,5,3,True,43,43,12,12,5,0.03313125646409672,0.033131260012629955,0.0004872333605438787,0.00048722881884538313,0.0034531670100467838,0.0034531792329390923,11.822062986077,11.907007010390174,-0.16969954514281432,-0.1696964107199126,14.0,14,24.0,24,2.0,2,22.0,22,374,374,374.0,0.93,0.9999297454317766,1.0,398,0.0004492801277176721,0.18351100419400646,0.016267661494978825,0.00023138861301907898,0.0009830580675189225,1.5070751822721875e-13,True,200,476,477
ZDT1,30,2,45,482,3,3,True,47,47,4,4,3,0.04093310351611628,0.04093310238924773,3.172701190384819e-05,3.17328911610959e-05,0.01593403838042292,0.01593404051283876,3.2684058977824293,3.2628806178632743,0.620137108994689,0.6201353457591733,6.0,6,9.0,9,2.0,2,6.0,6,376,376,376.0,0.95,0.999984685345208,1.0,398,0.0006401257516928204,0.18373160418319362,0.02562993238198885,0.00020915257518128172,0.0007357954707055113,1.4913280486424697e-13,True,200,481,482
ZDT1,30,2,46,485,3,3,True,37,37,5,5,3,0.017955810429889182,0.01795581360069559,0.002506195471567274,0.0025062111301490386,0.0071692861666306645,0.007169283922658837,7.595542763887913,7.592206887185029,0.484497703710293,0.4844957308238602,7.0,7,11.0,11,2.0,2,8.0,8,362,362,362.0,0.98,0.9999952553732272,1.0,398,0.00047311331698889845,0.18382704621909235,0.024035874716602734,0.00016584031902766583,0.0005019759021965561,1.4804905199415632e-13,True,200,484,485
ZDT1,30,2,47,488,2,3,True,52,52,5,5,2,0.025931526740109387,0.02593152721681624,0.0014070144809128424,0.0014070136009848438,0.018018230709155918,0.018018229297834157,11.480679145266045,11.480630487256747,0.9894535413425379,0.9894505626214438,8.0,8,10.0,10,2.0,2,8.0,8,374,374,374.0,0.96,0.9999913112068319,1.0,398,0.0002516347825904635,0.18343191610717763,0.021857253115030062,0.0001364364506244442,0.00039111810642591884,1.47075937812534e-13,True,200,487,488
ZDT1,30,2,48,490,3,3,True,54,54,11,11,3,0.01608069550131229,0.01608069507048973,0.0,0.0,0.001281691639358793,0.001281687971763975,3.9859869724709753,3.9994092979142124,0.5639177667695882,0.5639158946255947,13.0,13,23.0,23,4.0,4,20.0,20,388,388,388.0,0.955,0.9999881191838891,1.0,398,0.0004542134217904363,0.1837181637197835,0.02445815037381749,0.00016841307540710337,0.0005919518593712474,1.4519036359496034e-13,True,200,489,490
ZDT1,30,2,49,493,5,3,True,48,48,15,15,5,0.011359879744915771,0.011359879809266074,0.0,0.0,0.0006784880902954236,0.0006784873794856809,29.11578775903788,29.098686112647982,0.11245498823206046,0.1124557210399848,18.0,18,29.0,29,2.0,2,26.0,26,380,380,380.0,0.925,0.9999532593814314,1.0,398,0.0005357871425080072,0.18364449121531073,0.027232862159863203,0.00023967041391825816,0.0012601180323758272,1.4400873077445895e-13,True,200,492,493
ZDT1,30,2,50,498,2,3,True,64,64,13,13,2,0.02628922063728025,0.02628922865667348,0.0,0.0,0.0,0.0,-16.444464241554698,-16.219808763216108,3.3537716766643944,3.353769278900721,10.0,10,31.0,31,8.0,8,24.0,24,382,380,382.0,0.98,0.9999950055216458,1.0,398,0.0004039866343156885,0.18375417578865322,0.019465405048748607,0.00016097953642457696,0.00035369258631463423,1.4188923641635165e-13,True,200,497,498
ZDT1,30,2,51,500,2,3,True,76,76,6,6,2,0.02203590168522955,0.022035901324692922,5.142305432446863e-05,5.142303684247361e-05,0.012283084478988874,0.012283086544619484,6.5480816112011695,6.549810246730239,0.38542966809835333,0.38542945167884035,8.0,8,13.0,13,4.0,4,10.0,10,376,376,376.0,0.995,0.999998235210302,1.0,398,0.00031846102295060303,0.1835896506282504,0.00622590904064424,0.00010508530994818299,0.0007158963209368265,1.410783444807748e-13,True,200,499,500
ZDT1,30,2,52,502,5,3,True,52,52,16,16,5,0.032733603906019565,0.03273360194547384,0.0,0.0,0.003350883089653615,0.003350886696866625,7.541014788516492,7.563113916055855,-0.8866790551027702,-0.8866764167646419,19.0,19,31.0,31,4.0,4,28.0,28,386,386,386.0,0.93,0.9999372401583353,1.0,398,0.0007068479494333305,0.18375542377695453,0.00918554414570849,0.00031766097598606713,0.0008631236149669888,1.3986341237505236e-13,True,200,501,502
ZDT1,30,2,53,507,2,3,True,44,44,5,5,2,0.012608321655320625,0.012608321880034187,0.0005307783101555878,0.0005307783158629634,0.002337855074173807,0.002337861846561709,12.407955480337186,12.407808583948906,0.6654394541254334,0.6654407129878805,7.0,7,11.0,11,2.0,2,8.0,8,392,392,392.0,0.985,0.9999863287157446,1.0,398,0.0002921078484514034,0.18354917330923987,0.014344836143479256,0.00021976919117960847,0.0013958838577405833,1.2334358351097702e-13,True,200,506,507
ZDT1,30,2,54,509,2,3,True,38,38,4,4,2,0.06516309406966994,0.06516309346660877,0.004930721938806448,0.004930724040422288,0.019810744147528495,0.019810742120509706,17.979364344777906,17.969458926830807,0.10496055434478624,0.10496213351826889,6.0,6,9.0,9,4.0,4,6.0,6,394,394,394.0,0.975,0.9999939077635547,1.0,398,0.0007014895079375761,0.18381183868009393,0.017551397001888347,0.0004894383761282484,0.0012708112106140973,1.2074345001937932e-13,True,200,508,509
ZDT1,30,2,55,511,4,3,True,34,34,9,9,4,0.13421221317550258,0.13421221309700115,0.0007959591769731478,0.0007960178740952327,0.011312861728311141,0.011312863533586626,44.92516609914819,44.76087120512938,0.06753127304188827,0.06752896644117001,12.0,12,18.0,18,4.0,4,16.0,16,392,392,392.0,0.95,0.9999586077794864,1.0,398,0.0006155104328695094,0.18391173799543342,0.013166150879314387,0.0004396886839566072,0.001280193263005823,1.1938955984400866e-13,True,200,510,511
ZDT1,30,2,56,515,4,3,True,27,27,5,5,4,0.2198803608876764,0.2198803605418895,0.0021286757348047414,0.002128676296795917,0.004321422167209932,0.004321424328334378,38.10960280108582,38.092310016362674,-0.1784036676756694,-0.17840082782689848,8.0,8,10.0,10,4.0,4,8.0,8,394,394,394.0,0.955,0.9999884088738598,1.0,398,0.0004579632888995896,0.18365125281260172,0.013655208276688313,0.00025314370425533195,0.0010764116815906194,1.177078323238869e-13,True,200,514,515
ZDT1,30,2,57,519,5,3,True,26,26,10,10,5,0.05319980134950849,0.053199794708196274,8.308072366682365e-06,8.308073123760792e-06,0.0016205968162120356,0.0016205989583983659,14.508228953740236,14.507886484421945,-0.07087477866376649,-0.07087620356130131,12.0,12,21.0,21,2.0,2,18.0,18,390,390,390.0,0.975,0.9999949310073768,1.0,398,0.00035658344762564396,0.1837678108146526,0.01453653296830737,0.0001866766930898045,0.0006047252296329974,1.1585512672464246e-13,True,200,518,519
ZDT1,30,2,58,524,3,3,True,30,30,8,8,3,0.05864505988733202,0.05864503349665176,0.00038816503449951023,0.0003881627166030799,0.037256410978831755,0.03725641145263797,50.050546542677374,50.07104868347378,-0.6280106398075381,-0.6280007292588454,10.0,10,16.0,16,6.0,6,14.0,14,382,382,382.0,0.92,0.9999621995908017,1.0,398,0.000431908940450543,0.18348024009447816,0.010835515448860633,0.00031580798942698607,0.002138029797156475,1.1347322715441538e-13,True,200,523,524
ZDT1,30,2,59,527,4,3,True,27,27,17,17,4,0.017055145184245002,0.01705519927027066,2.1583743488928775e-05,2.1600183464309808e-05,0.0009048702074499152,0.0009048616354064946,40.25537908366356,40.2856792968158,0.4676773857101639,0.4676678800102039,19.0,19,34.0,34,2.0,2,32.0,32,392,392,392.0,0.94,0.999979018578665,1.0,398,0.0008060530288029153,0.1839365021275597,0.02113594234977967,0.00015397473674927387,0.0007987621911592253,1.1278284691220248e-13,True,200,526,527
ZDT1,30,2,60,531,3,3,True,78,75,13,13,3,0.15440112297210395,0.15440113227625274,0.0002976607511192553,0.00029766756159022023,0.006850897216385786,0.006850887036515596,28.703454621339638,28.68899233360149,-0.30539186349053904,-0.3053918171770036,15.0,15,27.0,27,0.0,0,24.0,24,396,396,396.0,0.885,0.9999388674018675,1.0,398,0.0009745414788546155,0.18359306851248142,0.015447826284969324,0.0006595536740301444,0.01164311255255957,1.1174051541096283e-13,True,200,530,531
ZDT1,30,2,61,534,4,3,True,35,35,8,8,4,0.030422299567755474,0.03042229118858237,6.895779079527792e-05,6.895782906312514e-05,0.0006618659831299605,0.0006618383658734892,19.064716276049978,19.067567620103752,0.020706516149448587,0.020705745653508245,11.0,11,17.0,17,4.0,4,14.0,14,384,384,384.0,0.885,0.9999021630745193,1.0,398,0.0008193307704754085,0.18357654224402667,0.02494112793811354,0.00037840530732685673,0.0019317937497548845,1.1033966697740791e-13,True,200,533,534
ZDT1,30,2,62,538,4,3,True,54,54,12,12,4,0.02585547612141204,0.02585547507687821,0.0,0.0,0.000877482018974779,0.000877481976981993,45.1128563637357,45.11846659716492,0.9028297393547153,0.9028192741582473,14.0,14,24.0,24,4.0,4,22.0,22,396,396,396.0,0.93,0.9998542482621867,1.0,398,0.0009599000522448398,0.1837652511002652,0.015966912779617815,0.0005196429178928597,0.002306196462600099,1.0945085667246055e-13,True,200,537,538
ZDT1,30,2,63,542,4,3,True,67,67,14,14,4,0.06601226027123194,0.06601226225566396,0.0,0.0,0.00011808032953720352,0.00011808032308143878,15.002699929602251,14.986726309444148,0.09501541366007324,0.09501420222926171,16.0,16,29.0,29,0.0,0,26.0,26,388,388,388.0,0.925,0.999966409584692,1.0,398,0.0007740422895602127,0.18404041343653435,0.012167751937482763,0.00028522580751100257,0.0009544986490977599,1.085495756168922e-13,True,200,541,542
ZDT1,30,2,64,546,6,3,True,44,44,18,18,6,0.02336548130109442,0.02336548227010371,0.0,0.0,0.0001769665038372334,0.00017696655216316174,12.138905197876632,12.214562397312417,0.4594496806581034,0.45944958780341594,21.0,21,37.0,37,4.0,4,32.0,32,378,378,378.0,0.92,0.9999447684510855,1.0,398,0.0006564436091900745,0.1838208329317061,0.016286996003152865,0.0001929408248608766,0.0008699941315606777,1.0768956271628806e-13,True,200,545,546
ZDT1,30,2,65,552,5,3,True,51,51,18,18,5,0.10647085585454669,0.10647085658819797,6.078831726830103e-05,6.078831844352761e-05,0.003733529307801825,0.0037335293014425786,21.918331430509582,21.911332227015844,-0.23829368609924417,-0.2382941003147856,21.0,21,37.0,37,4.0,4,34.0,34,368,368,368.0,0.955,0.9999830913221146,1.0,398,0.0008621497690822657,0.18376195274725,0.013144387235534793,0.00018801459482631344,0.0012027050015902807,1.0625309271790458e-13,True,200,551,552
ZDT1,30,2,66,557,2,3,True,101,101,5,5,2,0.047763616651499335,0.04776360219342346,0.0012252160811866697,0.0012252229112644508,0.0019015661752064608,0.0019015653073916755,0.4803870695440793,0.5199747095052114,1.4284833144505944,1.4284819460356744,7.0,7,11.0,11,2.0,2,8.0,8,384,384,384.0,0.975,0.9999945847668322,1.0,398,0.0012646476576298983,0.1835032548565704,0.009428009918806879,0.0002295263506831846,0.0010928344286749434,1.0428008591259644e-13,True,200,556,557
ZDT1,30,2,67,559,3,3,True,23,23,13,13,3,0.19375392019570942,0.1937539308973952,0.0014096512249848758,0.0014096511181929672,0.01908747687720086,0.019087476298200345,40.361606840489095,40.32925224443161,-0.20107943031559858,-0.20108115311096242,15.0,15,25.0,25,8.0,8,24.0,24,392,392,392.0,0.945,0.9999771165699668,1.0,398,0.000585343043897262,0.18367610864116268,0.016854729486020403,0.00020142520523680485,0.0009978807005207658,1.0336805157993185e-13,True,200,558,559
ZDT1,30,2,68,562,4,3,True,51,51,8,8,4,0.04169247762110526,0.04169247931891975,8.274341541655156e-06,8.274342093101197e-06,0.00010776940463489218,0.00010776940215086184,6.158821239018501,6.157181132449097,-0.383074545156093,-0.3830784607163622,10.0,10,17.0,17,2.0,2,14.0,14,392,392,392.0,0.965,0.9999732970953394,1.0,398,0.00035982364513790143,0.1835641756020675,0.01670196076339181,0.00011001388289666458,0.0003903454865777982,1.0215163446583441e-13,True,200,561,562
ZDT1,30,2,69,566,4,3,True,31,31,11,11,4,0.11899615652770101,0.1189961560612609,0.0,0.0,0.015871229341198723,0.015871230235125322,74.87955468023927,74.65606694929346,-0.25528636225454276,-0.2553028711124128,14.0,14,23.0,23,6.0,6,20.0,20,382,382,382.0,0.885,0.999910362337353,1.0,398,0.0005197415104723764,0.18375701746984893,0.02017795723698157,0.0009083128389377748,0.009253081178343682,7.055287765391831e-14,True,200,565,566
ZDT1,30,2,70,570,3,3,True,41,41,8,8,3,0.0638058780242354,0.06380586994903834,0.0019377663623347807,0.0019377560889236034,0.028444968895839723,0.02844496299134551,69.46797344883957,69.43951010793302,-0.08714938922740603,-0.08715086749535317,12.0,12,17.0,17,4.0,4,14.0,14,398,398,398.0,0.84,0.9998995969216269,1.0,398,0.00034128913861603493,0.18367299006199053,0.02118056119220313,0.0004054675954977549,0.023801757543631518,6.956519391125447e-14,True,200,569,570
ZDT1,30,2,71,573,4,3,True,69,69,23,23,4,0.14785964872229773,0.1478596423936402,0.0,0.0,0.000811382192907717,0.0008113824801256886,76.21774081738234,76.13487488844967,0.16972676295763217,0.16972900440391925,28.0,28,45.0,45,6.0,6,44.0,44,388,388,388.0,0.85,0.9998474669628429,1.0,398,0.0006716675584900911,0.18389111545497702,0.019143861385003902,0.000886345444278902,0.0039922661619822475,6.917683250538643e-14,True,200,572,573
ZDT1,30,2,72,577,5,3,True,48,48,17,17,5,0.07282037194428674,0.07282034569366605,0.0,0.0,0.0013854022741279642,0.0013854021671430919,95.76274399616653,95.74087762313557,-0.029140292347631425,-0.029141597278304232,20.0,20,37.0,37,2.0,2,32.0,32,388,388,388.0,0.805,0.9999187187293179,1.0,398,0.000495533825062519,0.18376699513870326,0.01707471717363518,0.000726923237479582,0.003785938613987781,6.826697145491748e-14,True,200,576,577
ZDT1,30,2,73,582,2,3,True,34,34,14,14,2,0.11224161803736332,0.11224161471816041,0.0007300281095119487,0.0007300162708639979,0.007957033597187746,0.007957036468173445,73.50938709813396,73.48079141142162,-0.18335735965140398,-0.18335527014273545,18.0,18,26.0,26,6.0,6,26.0,26,378,378,378.0,0.835,0.9999386298262297,1.0,398,0.0009329440171675807,0.18416543346459296,0.014063750668569241,0.0007643819290783505,0.006996566411593028,6.738574622963261e-14,True,200,581,582
ZDT1,30,2,74,584,3,3,True,42,42,15,15,3,0.0693966463001946,0.06939661878160175,5.730779691115462e-05,5.7322051253749784e-05,0.0030896850045281834,0.003089679714625022,51.26672800766202,51.308599917118016,-0.8798770385762876,-0.8798626679369868,19.0,19,30.0,30,8.0,8,28.0,28,384,384,384.0,0.935,0.9999676375358817,1.0,398,0.0005805135178750249,0.18361521428305277,0.019042498309985945,0.0005568916221794229,0.0011197949312515213,6.712381432920846e-14,True,200,583,584
ZDT1,30,2,75,587,4,3,True,25,25,8,8,4,0.19809429826655167,0.19809429952260635,0.0003002827235541142,0.0003002828453365507,0.0008644134676745441,0.0008644085216031557,47.94254097737193,47.93377794709039,-0.31543375618848934,-0.3154300148218603,11.0,11,17.0,17,2.0,2,14.0,14,384,384,384.0,0.985,0.9999939410117087,1.0,398,0.00035470750694370935,0.18371651948051104,0.012582223141833992,0.00029473342475871966,0.0007732086742218106,6.680589730253386e-14,True,200,586,587
ZDT1,30,2,76,591,2,3,True,40,40,11,11,2,0.02043650252342468,0.02043649019711117,0.0,0.0,0.0010086291232485525,0.0010086294293755469,48.221848959878145,48.2174093732761,-1.7282828835761457,-1.7282580359208755,15.0,15,23.0,23,6.0,6,20.0,20,376,376,376.0,0.87,0.9999458207988368,1.0,398,0.0003845904153019268,0.1836430342921469,0.03677905936535808,0.0002701230391721765,0.0012064415357050692,6.616892725592662e-14,True,200,590,591
ZDT1,30,2,77,593,1,2,False,38,38,1,1,1,0.0472594761126465,0.04725948456317968,0.0472594761126465,0.04725948456317968,0.0472594761126465,0.04725948456317968,34.87751543132351,35.06000641269728,0.18208178919727944,0.18208551777712145,,3,,3,,0,,0,388,388,388.0,0.865,0.9999423617228541,1.0,398,0.0008503369608600167,0.18409410952702102,0.01344195639499901,0.0008488106426021158,0.00412156651675411,6.596773339475202e-14,True,200,592,593
ZDT1,30,2,78,594,3,3,True,40,40,9,9,3,0.044608644569224885,0.044608649041350146,0.0002071755037114098,0.0002071672693383375,0.004461778680693386,0.004461777127026808,19.675443591518636,19.585576140425474,0.09182749385517952,0.09183118771307441,12.0,12,19.0,19,4.0,4,16.0,16,378,378,378.0,0.955,0.9999892040384718,1.0,398,0.0012344978070840196,0.18405281046481878,0.009163360959846045,0.0006010404242358103,0.0017276092843857883,6.58579352154343e-14,True,200,593,594
ZDT1,30,2,79,597,3,3,True,34,34,19,19,3,0.04372231600719779,0.04372230746426667,0.0,0.0,0.00017506886944190932,0.00017506522860092854,64.02966370400497,63.97853178855826,0.3831494806605397,0.3831516715232608,23.0,23,39.0,39,2.0,2,36.0,36,386,386,386.0,0.97,0.9999909544744672,1.0,398,0.0008087385693697014,0.18415984035160565,0.008234844515556006,0.0004291203467972071,0.0011569662692918503,6.550475055332878e-14,True,200,596,597
ZDT1,30,2,80,600,2,3,True,30,30,3,3,2,0.09525287173948577,0.09525288559690402,0.007448473939359178,0.00744847218974531,0.013346819593777814,0.013346811367315192,37.93558908182817,38.53330063864345,-0.17701515885260408,-0.17700671856242156,5.0,5,7.0,7,2.0,2,4.0,4,386,386,386.0,0.78,0.9997383926754133,1.0,398,0.0006692894739882807,0.18379554257707942,0.03839686603319592,0.0009306787236766922,0.004438342906150723,6.500591050813317e-14,True,200,599,600
ZDT1,30,2,81,602,3,3,True,21,21,6,6,3,0.09552060708394021,0.09552061370701112,0.0018699404159004396,0.0018699413176850865,0.017714919124212358,0.017714921338182324,25.60102316443062,25.571129429451588,-2.0166539081709995,-2.0166549431035117,8.0,8,13.0,13,0.0,0,10.0,10,394,394,394.0,0.97,0.9999878471387826,1.0,398,0.0009808726344171102,0.18417120238409856,0.016760079216425083,0.0004928761853506547,0.002346768587655944,6.477303740183658e-14,True,200,601,602
ZDT1,30,2,82,605,4,3,True,15,15,8,8,4,0.0952457958369699,0.09524580241288044,0.011405125720910986,0.011405131722690559,0.021943705251384497,0.02194370014660616,80.85093215658495,80.69512611833925,-2.7058624370827578,-2.7058645811996964,10.0,10,17.0,17,2.0,2,14.0,14,384,384,384.0,0.955,0.9999853879836426,1.0,398,0.0015569545642844834,0.18399165320749727,0.016338122407375977,0.0008165385989213902,0.0033338354308933937,6.413523162903203e-14,True,200,604,605
ZDT1,30,2,83,609,2,3,True,33,33,4,4,2,0.12460861548227156,0.1246086121496369,0.0023787495512594863,0.0023787496403191765,0.05947009783831619,0.05947009321677906,5.69210741276617,5.652152913288376,-0.9008966463320185,-0.90088654352473,6.0,6,9.0,9,0.0,0,6.0,6,380,380,380.0,0.945,0.9999760874962733,1.0,398,0.00040941088254593246,0.18363243774307147,0.011046052959144959,0.00016575472717050843,0.0004127061940153085,6.3004396182568e-14,True,200,608,609
ZDT1,30,2,84,611,4,3,True,39,39,24,24,4,0.10240133463901997,0.10240132003481982,0.0,0.0,0.0,0.0,66.12512951780609,66.05232715305007,0.1421453878020918,0.1421437304870138,26.0,26,49.0,49,10.0,10,44.0,44,392,392,392.0,0.93,0.9999847572121594,1.0,398,0.0009943376500163627,0.18363413204863502,0.012844822905918818,0.00046044698855740585,0.0012841914884584014,6.258492277607081e-14,True,200,610,611
ZDT1,30,2,85,615,3,3,True,23,23,5,5,3,0.12592443851567386,0.1259244350216598,0.0039006046122311844,0.003900611976825452,0.05125206173775254,0.051252067496932674,86.21361952763414,86.09764039309536,-1.056311320279107,-1.0562895409434434,8.0,8,11.0,11,4.0,4,8.0,8,380,380,380.0,0.95,0.9999787011669392,1.0,398,0.0008252240974904059,0.183879502077217,0.009363887911888469,0.000516573047407709,0.0046791580589845136,6.219138574981208e-14,True,200,614,615
ZDT1,30,2,86,618,5,3,True,45,45,22,22,5,0.10068096115819854,0.10068094395465603,0.0,0.0,2.8235406032335727e-05,2.8235405432635316e-05,24.395665337073893,24.39539387272587,0.34241732124741503,0.3424143420354263,24.0,24,46.0,46,6.0,6,42.0,42,394,394,394.0,0.93,0.9999437270057726,1.0,398,0.00037853183180386503,0.18345345462429685,0.008537030394464296,0.00015593059392471353,0.0005823047199380891,6.191380050749617e-14,True,200,617,618
ZDT1,30,2,87,623,2,3,True,55,55,12,12,2,0.06757289791833654,0.06757289535688915,0.001010678940831622,0.001010677481505573,0.0087600778169441,0.008760081284623994,65.58424252499849,65.58147130939278,0.011502046689326993,0.011508492874254372,15.0,15,24.0,24,10.0,10,20.0,20,382,382,382.0,0.845,0.9999090298867502,1.0,398,0.0005146536013943416,0.18379581865598418,0.01619766950828705,0.00044277729310504554,0.003979995354216777,6.088482562257682e-14,True,200,622,623
ZDT1,30,2,88,625,2,3,True,27,27,10,10,2,0.15282272106050898,0.15282272536187178,1.8459074209165038e-06,1.8800027166143707e-06,0.002019679270172688,0.0020196554999239343,21.172052216734173,21.172505368969933,-0.5056589033830566,-0.5056403020131572,13.0,13,20.0,20,6.0,6,18.0,18,398,398,398.0,0.945,0.9999261455020825,1.0,398,0.00045710186480006,0.18373715584896977,0.014153687612164845,0.0003733040669517962,0.0010969313853648078,6.071572746281901e-14,True,200,624,625
ZDT1,30,2,89,627,2,3,True,19,19,8,8,2,0.14331672977810977,0.14331672081002342,0.0,0.0,0.05289520978732214,0.05289520698196147,76.23463710117157,76.25466965192334,-0.46250954841815684,-0.4625002899720032,11.0,11,17.0,17,2.0,2,14.0,14,384,384,384.0,0.965,0.999991065176317,1.0,398,0.00039026569101766826,0.18346719090068325,0.006059092247767239,0.0003235315151417506,0.0009056447249667266,5.985954885303664e-14,True,200,626,627
ZDT1,30,2,90,629,3,3,True,57,57,5,5,3,0.02957943633204827,0.029579432768890822,0.0,0.0,0.00015831980423166615,0.00015831980314104897,45.97668604568885,45.93106961977137,0.18732985095879512,0.1873301593294876,7.0,7,11.0,11,4.0,4,8.0,8,388,388,388.0,0.93,0.9999808592989125,1.0,398,0.0008735534940646943,0.1840768602866647,0.011113370656076427,0.0003170386225139765,0.0021312013609427333,5.96649769553421e-14,True,200,628,629
ZDT1,30,2,91,632,3,3,True,12,12,5,5,3,0.08550293875775429,0.08550292432683479,0.0011345680179673853,0.0011345683593270194,0.010834111206483518,0.01083411232804604,70.97462668314671,71.01982192353834,-1.3452081466878016,-1.3451836529223433,7.0,7,10.0,10,4.0,4,8.0,8,380,380,380.0,0.915,0.9999555202610012,1.0,398,0.00048480902940714024,0.18353763844157456,0.011177466070890318,0.00032326763593659713,0.0019573348562761735,5.878184401023334e-14,True,200,631,632
ZDT1,30,2,92,635,3,3,True,28,28,10,10,3,0.05191330328942548,0.051913301036581094,0.0,0.0,0.009472599584119286,0.009472628486057198,12.446561999766772,12.426884816341122,-0.4880715266650747,-0.48806582561632483,14.0,14,22.0,22,10.0,10,18.0,18,396,396,396.0,0.95,0.9999807867074805,1.0,398,0.0004724109255346096,0.18383752068446685,0.00845466326708788,0.0002206199260115227,0.0007404642645352585,5.842504003993817e-14,True,200,634,635
ZDT1,30,2,93,638,4,3,True,43,43,19,19,4,0.0807712283781003,0.08077122841190254,0.0,0.0,0.00016195216326142167,0.000161952167700697,46.08505240372283,46.09535534223821,-0.08039082856122887,-0.0803895013581144,21.0,21,39.0,39,8.0,8,36.0,36,394,394,394.0,0.91,0.9999552319140412,1.0,398,0.000452592084340465,0.18355241163407982,0.009480321100795663,0.0004386239166653816,0.0016437590525410087,5.735882315489693e-14,True,200,637,638
ZDT1,30,2,94,642,2,3,True,41,41,11,11,2,0.07358712917516454,0.07358712357941694,5.5740128582079315e-06,5.574029732808607e-06,0.00036645570432910276,0.00036645568356018406,78.45050205357337,78.45842066558453,-0.11203280664183551,-0.11203099070553435,13.0,13,22.0,22,2.0,2,20.0,20,390,390,390.0,0.84,0.9997573826304618,1.0,398,0.00040609106401235436,0.1836485441314611,0.03461654670536518,0.0002892960836815561,0.0013395361571595498,5.697267524224852e-14,True,200,641,642
ZDT1,30,2,95,644,5,3,True,50,50,21,21,5,0.033245566915395555,0.033245583095261225,0.0,0.0,0.0015484045470905983,0.0015484400187831815,27.388260702361052,27.392663320644033,-0.5053775859320266,-0.5053670670677093,27.0,27,41.0,41,8.0,8,38.0,38,376,376,376.0,0.915,0.9999787579285105,1.0,398,0.0006583080192635322,0.18332857255960397,0.009104304510401562,0.00039101803710472893,0.0010713284518102757,5.6801932154432776e-14,True,200,643,644
ZDT1,30,2,96,649,4,3,True,29,29,13,13,4,0.14153881709416538,0.14153881126698786,0.0,0.0,0.00864327525700638,0.008643277026440452,104.01635751713681,104.03454045253966,0.23047321176522773,0.23047014832263812,17.0,17,26.0,26,6.0,6,24.0,24,392,392,392.0,0.91,0.9999556334786667,1.0,398,0.0004933880291861001,0.18374118135727963,0.008761579083511606,0.00032830418058438227,0.002772033553637127,5.4889885425108605e-14,True,200,648,649
ZDT1,30,2,97,653,3,3,True,16,16,7,7,3,0.012348764210657502,0.012348753075280055,0.0022600774099425097,0.002260077451379794,0.009437804359577166,0.009437817899966219,75.31884785229198,75.52324730370674,-3.687022886401905,-3.6869665795675246,9.0,9,15.0,15,4.0,4,12.0,12,398,398,398.0,0.94,0.9999836461181465,1.0,398,0.0007540221573616376,0.18348562129221685,0.029880992602556944,0.00025310880379425527,0.0008408594453858335,5.456117254645157e-14,True,200,652,653
ZDT1,30,2,98,656,4,3,True,27,27,18,18,4,0.04370955737914522,0.04370958072789108,0.0,0.0,0.0025408214322403047,0.0025408217959645776,93.05926385789076,93.05687452197162,-0.8874327077195657,-0.8874169806731516,21.0,21,36.0,36,4.0,4,34.0,34,392,392,392.0,0.91,0.999971559253515,1.0,398,0.00030656638072914686,0.18359931532364054,0.01276491250609979,0.0002934382887112008,0.0019340444664490673,5.4224134259776776e-14,True,200,655,656
ZDT1,30,2,99,660,5,3,True,56,56,15,15,5,0.02082719641666916,0.02082719482974102,3.3643576976775252e-06,3.3642665513110293e-06,0.00018307221167523924,0.00018306696870978856,20.92683668681279,21.397175750236784,0.02109033788635239,0.021095043746754527,17.0,17,30.0,30,6.0,6,28.0,28,374,374,374.0,0.98,0.9999947784326199,1.0,398,0.0005383774017363519,0.1834013176250548,0.016611378319794312,0.0001371089715513918,0.0007249538189174999,5.371329745784763e-14,True,200,659,660
ZDT1,30,2,100,665,4,3,True,28,28,10,10,4,0.0808669813579398,0.08086697794068576,0.0007455401683119367,0.0007455551999041021,0.019811256080473866,0.019811247990425388,71.21937070299899,71.17717341523485,-1.193699710456538,-1.1936767474362568,12.0,12,20.0,20,2.0,2,18.0,18,396,396,396.0,0.955,0.9999772794007885,1.0,398,0.0005133129561952323,0.1838386532566945,0.009041505487402901,0.00036546209594234824,0.005599522164300558,5.3214497320102475e-14,True,200,664,665
ZDT1,30,2,101,669,3,3,True,35,35,5,5,3,0.06810870225126417,0.06810870810322572,0.015566546902022617,0.015566557240573396,0.01850702785038809,0.01850703515695401,71.45871520515911,71.5071229468249,0.350412032594491,0.35041400061163586,8.0,8,11.0,11,2.0,2,8.0,8,384,384,384.0,0.965,0.9999912093434894,1.0,398,0.0005435666012285355,0.18348036219918473,0.011890555440913886,0.0003128826295064613,0.0012092696223949273,5.284657981390878e-14,True,200,668,669
ZDT1,30,2,102,672,4,3,True,59,59,13,13,4,0.09252168576251685,0.09252167241027631,5.1665545569790083e-05,5.166531765216087e-05,0.016753208528515133,0.0167532126257759,86.40065128503677,86.56589354358948,-0.2798115073753495,-0.279803484409058,17.0,17,26.0,26,8.0,8,24.0,24,390,390,390.0,0.89,0.9999264013732712,1.0,398,0.0005153829670370485,0.1838479373558136,0.01771391904912889,0.000899259939615149,0.024853506869314562,5.262373781922839e-14,True,200,671,672
ZDT1,30,2,103,676,3,3,True,30,30,9,9,3,0.07995043687074221,0.07995043663074296,5.169788133797121e-05,5.169787649994453e-05,0.004572064577233058,0.004572064442734683,20.909198743020482,20.905274559647296,-0.24930388189073413,-0.24929938820423558,12.0,12,19.0,19,6.0,6,16.0,16,394,394,394.0,0.965,0.9999934257944285,1.0,398,0.00031036861806180713,0.18354463600215717,0.008242478972533718,9.188076979338433e-05,0.0005389737236699889,5.230707127031655e-14,True,200,675,676
ZDT1,30,2,104,679,4,3,True,25,25,8,8,4,0.06964506513805543,0.06964506269202841,0.00022248654488959962,0.00022248654432838189,0.01037498079992882,0.010374977453181347,74.19134855329467,74.18346253677919,-0.2764054830552658,-0.2764032001105079,12.0,12,16.0,16,4.0,4,14.0,14,380,380,380.0,0.95,0.999983340712404,1.0,398,0.0004277945500810571,0.18354720878030834,0.012260018906090409,0.0003177655574173599,0.000777357596129618,5.187644972509647e-14,True,200,678,679
ZDT1,30,2,105,683,3,3,True,36,36,9,9,3,0.020244216482754547,0.020244207303513444,0.00022919577562715253,0.00022919573006656424,0.002686081682111402,0.002686086283086808,9.041069541339382,8.986155140306437,-1.9228449323903563,-1.922829228496994,13.0,13,19.0,19,4.0,4,16.0,16,398,398,398.0,0.955,0.9999862995757716,1.0,398,0.0004728643175563584,0.1835694563416023,0.010927654395345598,0.000279301778040697,0.0006367467081210946,5.1347365059002723e-14,True,200,682,683
ZDT1,30,2,106,686,4,3,True,26,26,14,14,4,0.03321858035066949,0.033218584507090844,0.00012022403244411548,0.00012022397929953299,0.002204220111965113,0.0022042198625704832,79.68389998608352,79.78048866332756,-0.3576545171488887,-0.3576465969235869,16.0,16,28.0,28,8.0,8,24.0,24,376,376,376.0,0.865,0.9998843161089528,1.0,398,0.0009945723966190314,0.18345542983615373,0.013104049663525075,0.0004476563917705789,0.001211248922587389,5.0224828549125737e-14,True,200,685,686
ZDT1,30,2,107,690,7,3,True,39,39,20,20,7,0.12987907482458946,0.1298790672985345,0.0,0.0,0.0006763774755056779,0.0006763773132219251,96.99753210819259,96.87885977589758,0.03652057914788564,0.036522577072901186,22.0,22,40.0,40,12.0,12,38.0,38,398,398,398.0,0.83,0.9999277930486654,1.0,398,0.0011667072888967458,0.18445172280029865,0.008162471582181752,0.0008566767873698922,0.007886097640222129,4.9951853445630244e-14,True,200,689,690
ZDT1,30,2,108,697,2,3,True,29,29,5,5,2,0.018207436885884824,0.018207440109168166,0.0,0.0,0.0008441616907183441,0.0008441722766447939,-0.6961132984710616,-0.7052241244819015,1.1639147665885745,1.1639005136094056,7.0,7,11.0,11,4.0,4,8.0,8,390,390,390.0,0.95,0.9999823182850752,1.0,398,0.0001720918414962052,0.1835340485796383,0.00764638785040006,9.689923292022229e-05,0.0004357644084728211,4.941560763773275e-14,True,200,696,697
ZDT1,30,2,109,699,6,3,True,50,50,16,16,6,0.02038828316654356,0.02038829421622173,3.324320274022963e-05,3.324175895635939e-05,0.005783207966090606,0.005783205241575388,126.44279794161307,126.30599515912763,-0.5951422788139168,-0.5951315068014082,19.0,19,32.0,32,2.0,2,30.0,30,390,390,390.0,0.94,0.999965198245033,1.0,398,0.0005880134679991576,0.18398353005839801,0.016281087999232113,0.0004443093327495262,0.003944967968674267,4.9192683655428535e-14,True,200,698,699
ZDT1,30,2,110,705,3,3,True,38,38,13,13,3,0.028699016050441756,0.028699016455724632,0.0,0.0,3.076514136010015e-05,3.076517997311213e-05,2.827139599671497,2.845854402781697,-0.2764004620640557,-0.2763960922602564,16.0,16,25.0,25,10.0,10,24.0,24,384,384,384.0,0.92,0.9999615247908936,1.0,398,0.0004920443663857072,0.1835633875848044,0.010175590927246958,0.00014540185657097027,0.00030402801870478075,4.859770262617159e-14,True,200,704,705
ZDT1,30,2,111,708,5,3,True,29,29,14,14,5,0.08978506078443838,0.08978507126899195,0.0,0.0,0.0,0.0,10.228734045805098,10.182255090716353,-0.18801157342399838,-0.18800794192793546,16.0,16,29.0,29,4.0,4,26.0,26,394,394,394.0,0.945,0.9999755718651347,1.0,398,0.0005904926007072261,0.18384067621048378,0.0077788800408598036,0.0002841418605452617,0.0005932032031491164,4.810813725317678e-14,True,200,707,708
ZDT1,30,2,112,713,2,3,True,36,36,2,2,2,0.029803117316284045,0.029803083320940393,0.010778287222670066,0.010778307318915993,0.020290702269477053,0.020290695319928193,-10.754019823308042,-10.584427952933765,-0.43533790670234307,-0.4353303089228575,4.0,4,5.0,5,2.0,2,2.0,2,394,394,394.0,0.895,0.9998487067615621,1.0,398,0.00048401607570626307,0.18363443629140677,0.023010117234662175,0.0002187710778116525,0.0007904124712773525,4.770969424325025e-14,True,200,712,713
ZDT1,30,2,113,715,3,3,True,17,17,13,13,3,0.07403133562961711,0.07403132654648267,0.0001439377033188305,0.0001439306937903173,0.027672252895397233,0.02767226723635321,107.22910739741047,107.279356917119,-1.6654371926954719,-1.6654197707102867,16.0,16,25.0,25,8.0,8,24.0,24,386,386,386.0,0.965,0.9999773634285448,1.0,398,0.00027380547896277917,0.18357929357372402,0.018432523065712303,0.00024730594304855913,0.001053795940624383,4.757496589762664e-14,True,200,714,715
ZDT1,30,2,114,718,4,3,True,77,77,28,28,3,0.04735461839230017,0.047354634752045606,0.000268986908216029,0.0002689869454313154,0.007590701879194833,0.0075907004773258235,71.84316068775186,71.81022640292213,-0.20616805314408956,-0.20616497869923478,31.0,31,50.0,50,8.0,10,54.0,54,390,390,390.0,0.88,0.9998688670053403,1.0,398,0.0006627691695103812,0.18356948504218237,0.03784356630058028,0.0003790170209887478,0.0018905577748670125,4.7190334466857327e-14,True,200,717,718
ZDT1,30,2,115,722,2,3,True,57,57,10,10,2,0.11135361978709864,0.11135360645125386,0.0006226957054437654,0.0006226973100950661,0.01670524808669041,0.01670524572697947,53.68671008878725,53.77985106231063,-0.26562163411408335,-0.26561915463389596,13.0,13,20.0,20,8.0,8,16.0,16,382,382,382.0,0.955,0.999969141057347,1.0,398,0.0003159443370017184,0.1836788538813575,0.007235854922328144,0.00015675309671348003,0.0005829546541475343,4.694446664913928e-14,True,200,721,722
ZDT1,30,2,116,724,5,3,True,28,28,19,19,5,0.01943743065964714,0.01943742767890716,0.0,0.0,0.0003025350828328244,0.0003025349745464694,86.2387994843283,86.21400250992156,-0.6494553092193431,-0.6494433006737381,22.0,22,39.0,39,6.0,6,36.0,36,390,390,390.0,0.945,0.9999821430885178,1.0,398,0.0006334473859467803,0.18374112405542364,0.010033743164967746,0.00022534908145921406,0.0006095836114678587,4.683337762990684e-14,True,200,723,724
ZDT1,30,2,117,729,3,3,True,34,34,14,14,3,0.13074214782629492,0.1307421454193828,2.3211795204591823e-05,2.3211813835077866e-05,0.012529183592177487,0.012529185122366546,90.01503110106202,90.0139947259886,-0.6641244182884045,-0.6641128925984958,21.0,21,25.0,25,4.0,4,26.0,26,390,390,390.0,0.865,0.9998946546907873,1.0,398,0.00027955603278143895,0.18357174164914075,0.015047472203150392,0.00023482672391583748,0.0012115884496710697,4.514050165439815e-14,True,200,728,729
ZDT1,30,2,118,732,5,3,True,29,29,18,18,5,0.25345324776455547,0.25345324160506233,0.0003380593667277054,0.0003380544672307306,0.013446895911606943,0.013446902919639653,79.07681223892612,79.07937195169507,-2.6584233516666576,-2.6583702019706834,20.0,20,35.0,35,6.0,6,34.0,34,394,394,394.0,0.945,0.999981597587524,1.0,398,0.00029290505860563753,0.183505302281658,0.006125957588665187,0.0001916282343081832,0.02711832806605951,4.2454183510577905e-14,True,200,731,732
ZDT1,30,2,119,737,5,3,True,61,61,30,30,5,0.03864014369086824,0.0386401467431758,0.0,0.0,0.00736940666793498,0.0073694101085478025,144.6908963365983,144.63184469297994,-0.08940789695734791,-0.08940542522759642,32.0,32,55.0,55,14.0,14,58.0,58,392,392,392.0,0.81,0.9997701899418935,1.0,398,0.00041562059652892777,0.18367724868722332,0.00886124954558909,0.000557788083884958,0.01642032164470882,4.193762629431251e-14,True,200,736,737
ZDT1,30,2,120,742,3,3,True,26,26,8,9,3,0.10462302283108091,0.10462302442144121,3.287460742108653e-05,3.2874570201709644e-05,0.0005966566342255944,0.000992001818917824,87.31100045106088,87.02461268065963,-0.1626471579056952,-0.19494614913128316,10.0,11,16.0,18,6.0,6,14.0,16,390,390,390.0,0.935,0.9999760844043194,1.0,398,0.0004559096118095336,0.1837791446990466,0.03642837447114289,0.00039536674739792943,0.0018228162362186405,4.1679273856988464e-14,True,200,741,742
ZDT1,30,2,121,745,3,3,True,40,40,9,9,3,0.026710936591670686,0.026710941828455206,3.319657580317043e-05,3.3196660930777215e-05,0.0008156514883373891,0.00081565166557481,132.9187797255458,132.9054191255418,-0.08743401433119095,-0.08743284491356462,11.0,11,18.0,18,6.0,6,16.0,16,390,392,390.0,0.965,0.9999920371470704,1.0,398,0.00046889488826560693,0.183664488882188,0.012221104581840336,0.0002992554218508303,0.0014838571188443084,4.151432398616014e-14,True,200,744,745
ZDT1,30,2,122,748,3,3,True,24,24,13,13,3,0.1443656241268878,0.14436562848238682,0.00033419825456337815,0.00033419818692881353,0.019715539020878636,0.01971553381404928,73.33727735962799,73.30295096721966,-1.4666703340933291,-1.4666454371035798,15.0,15,25.0,25,2.0,2,24.0,24,396,396,396.0,0.93,0.9999811992385194,1.0,398,0.0004564196426403153,0.18368644805935408,0.006758582661859691,0.00023051207479252156,0.0010649642560626436,4.135807706903624e-14,True,200,747,748
ZDT1,30,2,123,751,1,3,True,43,43,2,2,1,0.036789754666845066,0.03678976975853948,0.011901406676766962,0.01190139602852082,0.024345580671806012,0.02434558289353015,26.496638320810533,26.759858852019534,0.43290862888175485,0.432903702276235,4.0,4,5.0,5,2.0,2,2.0,2,390,390,390.0,0.9,0.9999288601360001,1.0,398,0.0005457671122089242,0.1832888379113506,0.028204314468894154,0.00041519757327712625,0.0010882107218302302,4.108322964118516e-14,True,200,750,751
ZDT1,30,2,124,752,2,3,True,29,29,4,4,2,0.035912876390550685,0.035912871047695,0.0023066029361697715,0.002306589063480441,0.004858579789342933,0.004858587389167758,49.65234581311233,49.80739413968695,-0.04025852522992768,-0.04025135118718026,6.0,6,8.0,8,4.0,4,6.0,6,394,394,394.0,0.955,0.9999813224233881,1.0,398,0.00045126926223468353,0.1837959653898783,0.0087016363395378,0.0001930902321749528,0.0016021451833916841,4.10334324710951e-14,True,200,751,752
ZDT1,30,2,125,754,5,3,True,49,49,18,18,5,0.02466391843764623,0.02466391471240066,0.0,0.0,0.0006113580366607866,0.000611357959195281,141.6951224543994,141.80971778371895,-0.5040397127079559,-0.5040294792997884,20.0,20,36.0,36,10.0,10,34.0,34,390,390,390.0,0.98,0.9999914360643724,1.0,398,0.0004734242074664444,0.1835922058215359,0.006801886425819248,0.0002860844763601378,0.0009631040074895567,4.0811774951931544e-14,True,200,753,754
ZDT1,30,2,126,759,5,3,True,34,34,8,8,5,0.021683972630125226,0.021683917903260852,0.0,0.0,0.0037375594729562216,0.003737560739753812,37.3562691538326,37.34725222205452,0.4755731922283861,0.4755702790207579,11.0,11,18.0,18,4.0,4,14.0,14,376,376,376.0,0.965,0.9998878834129724,1.0,398,0.0005983320930299976,0.183663256551698,0.01688390434719622,0.0003153121651848778,0.000982065726221278,4.039310279898729e-14,True,200,758,759
ZDT1,30,2,127,764,4,3,True,40,40,9,9,4,0.06674161638929133,0.06674161766764601,7.174004813453871e-06,7.175132640480086e-06,0.0011059212023536236,0.0011059212386306167,10.494233856672494,10.49149805129855,-0.037458141488648775,-0.03745785899809562,11.0,11,17.0,17,6.0,6,16.0,16,394,394,394.0,0.93,0.9999615849284352,1.0,398,0.0005238736622082143,0.1835831485514145,0.011384419747628272,0.00014898285650044585,0.0006042498662116543,4.0131338248660374e-14,True,200,763,764
ZDT1,30,2,128,768,2,3,True,27,27,3,3,2,0.042420431573655604,0.042420455127720295,0.0013301063144498674,0.0013301062529061545,0.010635400888846513,0.010635425895878736,37.15265763023247,37.43093880900415,-1.1663145078862402,-1.1662916120840237,5.0,5,7.0,7,2.0,2,4.0,4,392,392,392.0,0.925,0.9999372194493429,1.0,398,0.00028732677665008275,0.18340015323828382,0.015679878124501556,0.00019155844821749923,0.0005409045412703143,3.991346662253841e-14,True,200,767,768
ZDT1,30,2,129,770,2,3,True,38,38,7,7,2,0.07375581748863036,0.0737558171700462,0.0,0.0,0.013885245999620516,0.013885240299621876,5.91885210200418,5.876842583238613,-0.16397642171345805,-0.16396401164820418,9.0,9,14.0,14,6.0,6,12.0,12,396,396,396.0,0.9,0.9999688356445234,1.0,398,0.0004332076597012302,0.1835906466311979,0.011703366122674197,0.00022125337196499117,0.0003685326294884947,3.9691005013848297e-14,True,200,769,770
ZDT1,30,2,130,772,2,3,True,49,49,12,12,2,0.06089490825590038,0.0608949472963074,0.0,0.0,0.0,0.0,35.84554428296583,35.841210783750284,0.3844315682656401,0.3844273658178281,13.0,13,30.0,30,8.0,8,22.0,22,394,394,394.0,0.95,0.9999883640057369,1.0,398,0.000410226132146343,0.18363962269255235,0.010598095308523625,0.0002556011703536143,0.0023419575405314013,3.9590415434914434e-14,True,200,771,772
ZDT1,30,2,131,774,1,2,False,47,47,1,1,1,0.043308177015317126,0.04330817723020214,0.043308177015317126,0.04330817723020214,0.043308177015317126,0.04330817723020214,-6.168191658503801,-6.284292096097488,1.2028093368688906,1.2027931759075727,,3,,3,,0,,0,384,384,384.0,0.965,0.9999859947138341,1.0,398,0.00044967488256840275,0.18366854187653248,0.0071989421267062426,0.0001676650281297043,0.0006410232646769855,3.945591616326903e-14,True,200,773,774
ZDT1,30,2,132,775,4,3,True,51,51,9,9,4,0.03733140617419094,0.03733140364123336,0.0,0.0,0.0022644571747451603,0.002264486243629571,91.1532886190352,91.12033743516076,0.6457744326675933,0.6457697057776386,11.0,11,19.0,19,6.0,6,16.0,16,382,382,382.0,0.97,0.9999847363944552,1.0,398,0.0003530694869608484,0.18370846977362157,0.007403183670248836,0.0002545183849038679,0.0012780079629464718,3.939844536010541e-14,True,200,774,775
ZDT1,30,2,133,779,3,3,True,61,61,17,17,3,0.021805585302822304,0.021805578210441896,0.0,0.0,0.00037557156410596696,0.00037557102593327636,142.80063254132733,142.75319362943992,-0.030038819494786654,-0.030034946918021888,19.0,19,34.0,34,6.0,6,32.0,32,370,370,370.0,1.0,1.0,1.0,398,0.00036227030698695846,0.1836802551431581,0.007807362999301404,0.0002657798904692754,0.0011587733920293347,3.908294440368587e-14,True,200,778,779
ZDT1,30,2,134,782,3,3,True,23,23,6,6,3,0.09284014659823456,0.09284015284202989,0.00024282950868020035,0.00024282956794495318,0.0009747086966939442,0.000974708665583036,91.83857991976325,91.81022425118135,-0.8556802588714745,-0.8556625656783581,8.0,8,13.0,13,0.0,0,10.0,10,382,382,382.0,0.985,0.9999959327582981,1.0,398,0.0006043248013235828,0.18387850775811992,0.00678127451101318,0.0001364346396011129,0.0005429175077194402,3.892052435638387e-14,True,200,781,782
ZDT1,30,2,135,785,4,3,True,43,43,21,21,5,0.1037861394733211,0.10378613217972495,0.0,0.0,0.0004491833325359247,0.0004491832783326266,167.54609739257938,167.6142233616556,-0.19759062076185974,-0.19758680238737725,23.0,23,42.0,43,10.0,8,40.0,40,386,386,386.0,0.93,0.9999805160370053,1.0,398,0.0004472133184634975,0.18364808470947905,0.005295570765156299,0.0003005098340604917,0.0008367472721760869,3.8779332254399463e-14,True,200,784,785
ZDT1,30,2,136,789,3,3,True,37,37,10,10,3,0.035515248003444896,0.03551524138732058,1.1320705374017869e-05,1.1320701850044221e-05,0.006207969556298872,0.006207986535278799,36.36888562234388,36.411554081656504,-0.12316265079072802,-0.12315691130788764,12.0,12,21.0,21,4.0,4,18.0,18,380,380,380.0,0.865,0.999769332032553,1.0,398,0.0005190093280423626,0.18361223432206147,0.01809558761306107,0.00021291924841548848,0.0007886679506215066,3.855747969198067e-14,True,200,788,789
ZDT1,30,2,137,792,3,3,True,24,24,12,12,3,0.02716255831972368,0.027162566288241263,6.596963672278466e-05,6.598682166325531e-05,0.000758882530639858,0.0007588823610038531,41.39406681461777,41.394567569412175,-0.9480076026333408,-0.9479869206770672,16.0,16,25.0,25,8.0,8,22.0,22,390,390,390.0,0.97,0.9999945006744638,1.0,398,0.0002803714928464751,0.18372298367265535,0.010060094122309238,7.791863757766748e-05,0.0004990950915289955,3.840279137493536e-14,True,200,791,792
ZDT1,30,2,138,795,7,3,True,42,42,20,20,7,0.03220203388721136,0.03220204026931699,6.954571298183748e-05,6.95458091958881e-05,0.001430235933337349,0.0014302355903558503,78.68560563462769,78.64250008828822,-0.6782270746909753,-0.6782114572852151,26.0,26,39.0,39,6.0,6,38.0,38,386,386,386.0,0.915,0.999957878233828,1.0,398,0.0005450039206977716,0.18373809325967377,0.015318181540351361,0.00044651536154560745,0.0024833244413940917,3.815406494702028e-14,True,200,794,795
ZDT1,30,2,139,802,3,3,True,22,22,7,7,3,0.08297517116477024,0.08297517218027188,0.00036778619396542374,0.0003677862243262962,0.004442727156645301,0.004442720783603429,82.62470845191245,82.57725968788145,0.04296880360031609,0.04297005568514578,9.0,9,15.0,15,4.0,4,12.0,12,396,396,396.0,0.995,0.9999981450391666,1.0,398,0.00042672769150403823,0.18382599385977216,0.0038501271919813007,0.00026306955875732285,0.0011375203804068657,3.7738203707822904e-14,True,200,801,802
ZDT1,30,2,140,805,3,3,True,47,47,7,7,3,0.019059504540529085,0.01905951143234627,2.835837738125388e-05,2.8358354980077913e-05,0.0006996343192183182,0.0006996343968453233,12.147435875481392,12.175583581905812,-0.016908568498526098,-0.016907201148569584,9.0,9,14.0,14,4.0,4,12.0,12,380,380,380.0,0.99,0.9999978383489311,1.0,398,0.0006460825003035109,0.18363360126826983,0.003998991975095123,0.0001721204211202476,0.0009831215704603602,3.750837343044882e-14,True,200,804,805
ZDT1,30,2,141,808,3,3,True,39,39,17,17,3,0.05014421817355684,0.050144213732127754,0.0,0.0,0.00020901383623743615,0.00020901350783155033,181.86706674175502,181.86502391449176,-0.0693431821690638,-0.06934282969450578,19.0,19,35.0,35,10.0,10,32.0,32,392,392,392.0,0.96,0.9999847738123079,1.0,398,0.0002541319794656452,0.1835865171065346,0.009443455201108009,0.0001383314171068406,0.0006725952764264061,3.7375266305311184e-14,True,200,807,808
ZDT1,30,2,142,811,3,3,True,54,54,5,5,3,0.06900176096333589,0.06900175766697074,1.109700341992998e-05,1.1097004356116005e-05,0.0001659645846929141,0.00016596459553196077,20.1891545918661,20.51950676838169,-0.42987101122058624,-0.42986776429825113,8.0,8,11.0,11,4.0,4,8.0,8,388,388,388.0,0.965,0.9999871383958046,1.0,398,0.0004378859625722853,0.18352980648822098,0.009122707226197235,0.0002264743693656257,0.0017932208167996755,3.726390836324703e-14,True,200,810,811
ZDT1,30,2,143,814,5,3,True,70,70,16,16,5,0.044988213566136415,0.04498821290744799,0.0,0.0,0.00043316198652589054,0.0004331621539985089,121.01748483078838,120.86675183431362,0.23534478848684132,0.23534344993458944,18.0,18,35.0,35,2.0,2,30.0,30,392,392,392.0,0.975,0.9999915701603663,1.0,398,0.00041926518357288383,0.18376027219524765,0.010807684942847118,0.0002998754207510501,0.0012405266358079716,3.652904703822268e-14,True,200,813,814
ZDT1,30,2,144,819,6,3,True,46,46,13,13,6,0.05803177965221696,0.0580317804542699,2.276358049257965e-05,2.2763586931477675e-05,0.0009803087814491268,0.000980308801084094,32.384285667557805,32.37336024004617,-0.5135189262958751,-0.5135099902399816,16.0,16,26.0,26,4.0,4,24.0,24,394,394,394.0,0.98,0.999986765565633,1.0,398,0.00026969285003664305,0.18366924613858704,0.008435386756900698,0.00010328261171776987,0.0007550905328983405,3.635878780598617e-14,True,200,818,819
ZDT1,30,2,145,825,3,3,True,31,31,12,12,3,0.04491794101736163,0.04491794462520428,0.0,0.0,0.0011708685416809972,0.0011708539459412137,68.65887265271041,68.65572433888156,-0.1721569392836605,-0.17215166564164974,15.0,15,24.0,24,4.0,4,22.0,22,388,388,388.0,0.955,0.9999888698216031,1.0,398,0.0003722254398197411,0.18350227662627538,0.007270764501299709,0.00019242950623343802,0.001558654014791939,3.592195172574142e-14,True,200,824,825
ZDT1,30,2,146,828,3,3,True,60,59,12,13,3,0.05295820339504993,0.05295820339504993,8.213822400016113e-10,0.0,0.0023017670509832824,0.0021770953164833556,31.872770300137546,30.880653391825035,-0.3455582463215952,-0.25780560498242266,15.0,16,24.0,26,8.0,6,22.0,22,386,386,386.0,0.875,0.9994243829023804,1.0,398,0.00048259719729133754,0.18351458022384332,0.006023029956850223,0.00019035472047601587,0.000868785203232776,3.56874130331384e-14,True,200,827,828
ZDT1,30,2,147,831,2,3,True,35,35,11,11,2,0.13419948872828588,0.1341994846890662,0.00021301110580174143,0.00021301338617563115,0.02247412175144814,0.022474115817537665,151.69022342852944,151.6279133760254,-0.6525546692331637,-0.6525450152694248,13.0,13,22.0,22,4.0,4,20.0,20,386,386,386.0,0.94,0.9999842739232242,1.0,398,0.00041559477905974855,0.18350309419447527,0.008523926138877869,0.000320398707079228,0.002021299273769973,3.547024308146173e-14,True,200,830,831
ZDT1,30,2,148,833,3,3,True,29,29,11,11,3,0.044094593640567434,0.044094591208376076,0.004279210176473203,0.004279210099562725,0.01363387702200595,0.013633894839006303,77.081203281525,77.07306208316004,-1.1423032845691048,-1.14228590716084,14.0,14,22.0,22,0.0,0,20.0,20,390,390,390.0,0.9,0.999942159115643,1.0,398,0.0003453091465577156,0.18377754624883053,0.0054044610587880015,0.0002874226265703328,0.0019472463988254472,3.536002387174541e-14,True,200,832,833
ZDT1,30,2,149,836,3,3,True,27,27,11,11,3,0.06453979438848426,0.06453980448126445,0.00016534202453585833,0.0001653437500501731,0.0095470751993183,0.009547070592648199,128.31023055235255,128.27319109102245,-0.6707652340355392,-0.6707492595814983,13.0,13,21.0,21,8.0,8,20.0,20,376,376,376.0,0.9,0.999940537636716,1.0,398,0.001125060271300979,0.18343918248984808,0.023594446101924405,0.0004111867960050475,0.002276200052284739,3.508003557976667e-14,True,200,835,836
ZDT1,30,2,150,839,2,3,True,36,36,13,13,2,0.07483242088481334,0.07483241676344243,0.0,0.0,0.021087663037130056,0.021087644711203835,190.00742404852107,189.79334072285565,0.14115324343521013,0.1411525500479911,17.0,17,25.0,25,6.0,6,22.0,22,366,366,366.0,0.98,0.9999954197463755,1.0,398,0.00016935068114669205,0.1836057620545193,0.009858589299255982,9.181871428154409e-05,0.0012882249734921273,3.496065442603834e-14,True,200,838,839
ZDT1,30,2,151,841,3,3,True,61,61,21,21,3,0.05446713227873534,0.054467137846939816,0.0,0.0,0.00011752590407052444,0.00011752594330945165,155.35286836603746,155.3047653644462,-0.10444448749497495,-0.1044404642925656,23.0,23,42.0,42,8.0,8,40.0,40,398,398,398.0,0.925,0.9999688535738,1.0,398,0.0005129450976309646,0.18367272930854278,0.022182762942975387,0.0003867530685965903,0.001314214046492678,3.489037585107051e-14,True,200,840,841
ZDT1,30,2,152,844,5,3,True,32,32,11,11,5,0.08028549024329779,0.08028548833445692,0.0,0.0,0.0004898511947188811,0.0004898511223609689,117.71978809133998,117.75176624019514,-0.17947672328078967,-0.1794693749397993,13.0,13,21.0,21,6.0,8,20.0,20,378,378,378.0,0.945,0.999974537108855,1.0,398,0.0003450105914175165,0.1834421318524429,0.008450742112472653,0.00018656866078003986,0.000607294614701144,3.4744555686918215e-14,True,200,843,844
ZDT1,30,2,153,849,3,3,True,35,35,7,7,3,0.022408569677960326,0.02240856726128857,2.6091755597191374e-05,2.6091743838838402e-05,0.0030268891417667173,0.0030268893194523457,23.0339036908898,23.031866810662905,-0.2737017510787623,-0.27369682052449207,9.0,9,15.0,15,6.0,6,12.0,12,398,398,398.0,0.95,0.9999840487541334,1.0,398,0.0003307915452036149,0.18359415070427898,0.004775454610353336,0.00013317641768217925,0.0011155870437940263,3.4449916880491205e-14,True,200,848,849
ZDT1,30,2,154,852,5,3,True,35,35,13,13,5,0.08670204659887998,0.08670204501784601,0.0,0.0,8.98610029894417e-05,8.986103788958264e-05,195.08855523331692,194.95769883599132,0.07330904560573173,0.07330725718929898,15.0,15,28.0,28,6.0,6,24.0,24,380,380,380.0,0.955,0.9999880352046024,1.0,398,0.0004760003150709037,0.1838075119628379,0.004362815932836384,0.00016077224724408978,0.0009764694067783196,3.4210964185238074e-14,True,200,851,852
ZDT1,30,2,155,857,4,3,True,19,19,11,11,4,0.10002858436182127,0.10002860907532629,8.800319106642973e-05,8.80038010586115e-05,0.029565970198993558,0.029565964763180057,146.92542468249698,146.79672364037833,-0.5539876799906293,-0.5539792208219296,13.0,13,21.0,21,6.0,6,20.0,20,396,396,396.0,0.99,0.9999974516331305,1.0,398,0.00022116876146624005,0.1836723494641105,0.005044460820499808,0.00012347095616860315,0.021981393776212436,3.402735895376783e-14,True,200,856,857
ZDT1,30,2,156,861,3,3,True,48,48,4,4,3,0.025236210323197398,0.025236211157280284,0.0002715789549031615,0.0002715788737842062,0.006312585228115896,0.006312585063272225,128.86312170805783,128.81826839291898,0.3832912378604018,0.3832893778435391,6.0,6,9.0,9,2.0,2,6.0,6,392,392,392.0,1.0,1.0,1.0,398,0.0003726401113086356,0.18368871564386927,0.011161406204337254,0.00020353887394541914,0.0017020454788053592,3.388527524929095e-14,True,200,860,861
ZDT1,30,2,157,864,5,3,True,47,47,14,14,5,0.07080661100986962,0.0708066161162878,2.482018037503614e-07,2.4825271130977933e-07,0.00038801807752267877,0.00038801804966978864,110.20988919692873,110.51881744001003,-0.17080689847091332,-0.17080273695319192,16.0,16,26.0,26,4.0,4,26.0,26,390,390,390.0,0.925,0.9999730312127632,1.0,398,0.0005544313781300138,0.18358433038934144,0.029655280552105978,0.00015000403889864344,0.0006517958666756212,3.37848252174784e-14,True,200,863,864
ZDT1,30,2,158,869,7,3,True,37,37,12,12,7,0.047520484223938786,0.04752048341533446,2.0108820662310695e-05,2.010881314592301e-05,0.0001703251319505653,0.0001703251262515184,99.6645906537177,99.6563946059614,0.47606393164315985,0.4760630670862156,15.0,15,23.0,24,6.0,6,22.0,22,386,386,386.0,0.89,0.9999515745856571,1.0,398,0.000518584581228529,0.18362174157214678,0.010427518689539284,0.00015010330253595328,0.0006751095803613058,3.342628464420789e-14,True,200,868,869
ZDT1,30,2,159,876,4,3,True,30,30,11,11,4,0.051048939656951814,0.051048938278751975,0.00027721268682959384,0.0002772126916385422,0.0004672327230523165,0.00046723217319267867,162.15854374075002,162.14073431136785,-0.3845325717006921,-0.38452699415938696,14.0,14,22.0,22,4.0,4,20.0,20,398,398,398.0,0.97,0.999991413519061,1.0,398,0.00024466904702351956,0.18358115187496812,0.004340173123637214,0.0001271241701052972,0.0005438599422963765,3.313786666516852e-14,True,200,875,876
ZDT1,30,2,160,880,3,3,True,37,37,11,11,3,0.05258663245845793,0.052586631952477286,0.0,0.0,2.792742011013252e-05,2.792742796117959e-05,29.459383271757332,29.45390133955516,0.15813167917015827,0.1581309017528838,14.0,14,23.0,23,4.0,4,20.0,20,390,390,390.0,0.95,0.9999717346481038,1.0,398,0.00031638589344552327,0.18346088693137003,0.006780331954360008,5.071128543931991e-05,0.00024179781926436485,3.2971827531585214e-14,True,200,879,880
ZDT1,30,2,161,883,3,3,True,40,40,9,9,3,0.045613522371617435,0.045613521172856,6.21862337782577e-05,6.218603353984851e-05,0.00863407369569058,0.008634072360127754,27.546728723455686,27.876847527804784,-0.6053486941230126,-0.6053293642689823,12.0,12,18.0,18,6.0,6,16.0,16,396,396,396.0,0.9,0.9999221388260052,1.0,398,0.00036278456468330744,0.18345352555738398,0.011424701428040862,0.0001890415296657011,0.0006238339003201119,3.2848356841294596e-14,True,200,882,883
ZDT1,30,2,162,886,6,3,True,50,50,22,22,6,0.03986419141320573,0.03986419228292369,3.697525255559955e-05,3.69752424633045e-05,0.0005738978446342309,0.0005738979200765153,129.80985385099737,129.78930356461206,-0.10735324564876912,-0.10734883054283273,24.0,24,44.0,44,2.0,2,42.0,42,394,394,394.0,0.94,0.9999296120936579,1.0,398,0.00032075796306742054,0.1836151576790609,0.008285735995741561,0.00023479851934382623,0.0013297329250694572,3.273228709996554e-14,True,200,885,886
ZDT1,30,2,163,892,5,3,True,47,47,15,15,5,0.0293488429260665,0.029348841139750934,4.881693024261224e-06,4.891117720284832e-06,0.0007681056211606904,0.0007681056644515787,111.9116637881886,111.96819142226013,0.02652292122854197,0.026522568761720322,17.0,17,30.0,30,8.0,8,28.0,28,364,364,364.0,0.935,0.9999814165563277,1.0,398,0.0003080807584901793,0.18360128031175926,0.007976569497259334,0.00013966992240099785,0.0007574916403155996,3.246139749705893e-14,True,200,891,892
ZDT1,30,2,164,897,3,3,True,44,44,8,8,3,0.04579836760624975,0.045798364886692505,0.0,0.0,0.007061751392777482,0.00706173930184209,-0.070450661084692,-0.12441872445924673,0.37952831986123187,0.37952592759756953,10.0,10,17.0,17,6.0,6,14.0,14,398,398,398.0,0.975,0.9999862466915193,1.0,398,0.00046430703820068964,0.18379377322219764,0.0037713339261244982,0.00011933367988969934,0.0003242145221685257,3.229212473340045e-14,True,200,896,897
ZDT1,30,2,165,900,2,3,True,43,43,8,8,2,0.046826958083448084,0.04682695932464334,5.434939302162434e-06,5.3847780352445085e-06,0.0031653695424604805,0.003165382863026575,8.357702750509816,8.444652757461881,-0.09561802183026785,-0.09561486637903727,10.0,10,17.0,17,6.0,6,14.0,14,386,386,386.0,0.975,0.9999858637055807,1.0,398,0.0006277640717360076,0.1836780532100431,0.0037450604722835124,0.00019953635340108633,0.0011801105189583056,3.198415347967055e-14,True,200,899,900
ZDT1,30,2,166,902,4,3,True,47,47,28,28,4,0.0666315631156439,0.06663156488454704,0.0,0.0,0.0001908399005333683,0.00019083688883540784,55.26183412253519,55.24799558661471,-0.2319302567309463,-0.23192596911576402,32.0,32,52.0,52,12.0,12,54.0,54,388,388,388.0,0.97,0.9999885666343289,1.0,398,0.000206740430824465,0.18361091735465945,0.011639250005828217,9.596289165347827e-05,0.0003038610808951848,3.1918134156264655e-14,True,200,901,902
ZDT1,30,2,167,906,4,3,True,45,45,20,20,4,0.008089122807477311,0.00808911349268071,0.0,0.0,0.0004942672818351911,0.0004942673003904929,66.46620443172108,66.4309836057655,0.044462375681480086,0.04446363484385074,24.0,24,38.0,38,8.0,8,36.0,36,392,392,392.0,0.945,0.9999870000696411,1.0,398,0.0006768047849355306,0.184047215883908,0.007419989531626925,0.0001919624830133415,0.0010600935174707577,3.1306368814813235e-14,True,200,905,906
ZDT1,30,2,168,910,3,3,True,36,36,7,7,3,0.09597673196300475,0.09597673264878845,0.0025575211484666904,0.0025575137816780114,0.012716022364951562,0.012716014053290148,117.67473583182033,117.67100635252427,-0.42602263588598843,-0.4260058389263577,9.0,9,15.0,15,6.0,6,12.0,12,392,392,392.0,0.98,0.9999945140679853,1.0,398,0.0003038755241030458,0.18371155410721146,0.005153586476808414,0.00019033729143913547,0.0025660605256415518,3.113059121474552e-14,True,200,909,910
ZDT1,30,2,169,913,3,3,True,36,36,7,7,3,0.03446508104795665,0.03446508780775426,0.00010543565906512287,0.00010543157862691332,0.004892164145755995,0.004892193694563063,42.323122888692296,42.408564727171324,-1.4506425470433784,-1.4506088848720537,10.0,10,14.0,14,2.0,2,12.0,12,392,392,392.0,0.96,0.9999751770932079,1.0,398,0.0006044434671902754,0.18368661964849153,0.015717915608547628,0.00018127791928401749,0.000595167470852037,3.10103279636765e-14,True,200,912,913
ZDT1,30,2,170,916,3,3,True,57,57,7,7,3,0.09495453115690106,0.09495453103531802,0.0003932572727705086,0.00039331881318194206,0.001138359255127036,0.0011383525319659804,-26.567325840342193,-26.346725434210384,0.08793043409208497,0.0879347130539827,9.0,9,15.0,15,4.0,4,12.0,12,380,380,380.0,0.965,0.9999908164467863,1.0,398,0.0012876658441609806,0.18423627691105837,0.01152612263103947,0.00029803343673284743,0.0010902106619867036,3.0888123702931434e-14,True,200,915,916
ZDT1,30,2,171,919,2,3,True,55,55,9,9,2,0.0434765966672053,0.043476597418365154,7.971417406604786e-05,7.971643963475272e-05,0.007661556582029175,0.007661554931907039,26.353534680311867,26.185421875183238,-0.23808283059914867,-0.23807487907470204,12.0,12,18.0,18,2.0,2,16.0,16,392,392,392.0,0.945,0.999981217832012,1.0,398,0.00074139976927054,0.18373666724442683,0.007006901811109856,0.00024612332106421775,0.0011199412102681765,3.078849463369379e-14,True,200,918,919
ZDT1,30,2,172,921,3,3,True,39,39,12,12,3,0.0348115426124042,0.03481154402478645,0.0,0.0,0.0005428256565376123,0.0005428257230592653,62.034120737932454,62.040749873522145,-0.10642542122202234,-0.10641805463455967,15.0,15,24.0,24,8.0,8,20.0,20,380,380,380.0,0.985,0.9999868431194877,1.0,398,0.0003584419179565871,0.18366249615390318,0.005037708499003202,0.00013192542819773223,0.0006451246077453935,3.0534706916101445e-14,True,200,920,921
ZDT1,30,2,173,924,4,3,True,54,54,14,14,4,0.0766341535882426,0.07663415307279019,0.0,0.0,0.00037613228644325296,0.00037613088803599404,89.47008324777747,89.45104068410001,-0.05725638548502205,-0.0572530045901658,16.0,16,31.0,31,2.0,2,26.0,26,396,396,396.0,0.855,0.9999319943379339,1.0,398,0.000362106244023675,0.1837138647039243,0.008539350528735667,0.00013078714411118852,0.00042835969655427,3.018596939086765e-14,True,200,923,924
ZDT3,30,2,1,329,5,3,True,45,45,9,9,5,0.0595684385851826,0.05956844160098282,0.0010231130292761847,0.001023111237967833,0.016338015288346552,0.016338015239399636,-7.6569359258877725,-7.36344404148565,0.04525001677389304,0.04526444642969041,11.0,11,19.0,19,4.0,4,16.0,16,384,384,384.0,0.41,0.9938949982477808,1.0,398,0.05522020312367125,0.21538558701733646,0.2886654323590534,0.018181379152378607,0.015408150310391177,0.00021407512399000298,True,200,328,329
ZDT3,30,2,2,334,3,3,True,100,100,21,25,2,0.022017321400458076,0.02201732279838947,0.00015094375612551003,0.00015097567476385354,0.005186660723680694,0.004714342159052042,-0.04908341500615876,-0.039092469057777635,0.21224549117600672,0.21226749224623814,24.0,29,40.0,48,8.0,8,40.0,48,394,394,394.0,0.265,0.9842078507192682,1.0,398,0.12057016312797036,0.19128928018113095,0.1825463334099382,0.01017774173377023,0.01084522758190587,6.712422403739803e-05,True,200,333,334
ZDT3,30,2,3,337,4,3,True,112,112,14,12,4,0.02891232005436549,0.028912312301808393,0.001115150518183755,0.0011151514973169463,0.005570399548304586,0.005221207444217252,-0.12914640510366482,0.008479444799547764,0.056682083291245695,0.05729621311294003,16.0,14,28.0,25,4.0,2,26.0,22,376,378,376.0,0.46,0.9961428118194083,1.0,398,0.09018749049808403,0.2038332796088398,0.14938892420282457,0.007882806930708253,0.009403827427441107,4.299795985714541e-05,True,200,336,337
ZDT3,30,2,4,341,3,3,True,111,111,8,8,3,0.028556792719984736,0.02855678202501749,0.00022764669856666087,0.00022764710231507057,0.007925323346446404,0.00792533088637621,0.3299795173270059,0.4061161798981061,0.05267201831311987,0.052675613353072304,10.0,10,17.0,17,4.0,4,14.0,14,388,388,388.0,0.405,0.9877570886748913,1.0,398,0.11256035860667596,0.12321837667369129,0.10145544629859415,0.008548145214803377,0.01821490424988485,1.5879896155754366e-05,True,200,340,341
ZDT3,30,2,5,344,3,3,True,117,117,6,6,3,0.020601079018075785,0.02060107337218045,0.002906434883801823,0.0024106348684322376,0.009000983638492999,0.008776277429257975,-0.9398121504817389,-0.8882475548983777,0.03732104520433291,0.03935270099898547,8.0,8,13.0,12,2.0,4,10.0,10,382,382,382.0,0.595,0.9980887760463235,1.0,398,0.09638948651683132,0.21487303709102523,0.08813989848357551,0.005408035413107831,0.011062600712583552,1.4613718689439638e-05,True,200,343,344
ZDT3,30,2,6,347,6,3,True,83,83,13,13,6,0.027071050474127042,0.027071048849797726,0.002391460260041167,0.00239146328065562,0.010584657414516863,0.010584650279759411,-0.3784241683233418,-0.3678894151354939,0.030405203381017345,0.030405208389154406,17.0,17,26.0,26,2.0,2,24.0,24,396,394,396.0,0.6,0.9985334998580513,1.0,398,0.03685579980060588,0.17929838136161302,0.05513715205262315,0.0026657291869279787,0.004700000422096256,1.0002548178513514e-05,True,200,346,347
ZDT3,30,2,7,353,4,3,True,71,71,5,5,4,0.044742829948092255,0.04474279180603699,0.0013742857503180883,0.0013743115988923138,0.010108020505912751,0.010108012217085571,-0.5446913353944165,-0.5298134432823076,0.016590003107047023,0.016590416840660434,7.0,7,11.0,11,0.0,0,8.0,8,386,386,386.0,0.51,0.9989314120604404,1.0,398,0.03607734193901332,0.19954590496615798,0.0439789187909696,0.0028274732287076887,0.005114637962167878,9.010907685453662e-06,True,200,352,353
ZDT3,30,2,8,357,3,3,True,46,46,9,9,3,0.023158653934488682,0.023158652055104145,0.0008302748223596931,0.0008302750129129885,0.005264390587377252,0.0052643908275702145,-4.393579483869505,-4.422705419643229,0.04870590706788401,0.048704957844225905,11.0,11,19.0,19,4.0,4,16.0,16,386,386,386.0,0.595,0.996003416329429,1.0,398,0.016361453071520995,0.18212294621780917,0.08973571058284247,0.0037494325479777157,0.015566964162310173,3.437540455165791e-06,True,200,356,357
ZDT3,30,2,9,360,3,3,True,72,72,10,10,3,0.030675760329069768,0.03067575562698288,0.0023078410544175726,0.0023078409797468585,0.008340494776741786,0.0083404937383015,-4.608971581489822,-4.531713056680278,0.03459655607390887,0.034599282056865716,13.0,13,21.0,21,4.0,4,18.0,18,388,388,388.0,0.755,0.9997264904262698,1.0,398,0.026431906737245853,0.20341284641540214,0.06715845906090046,0.005578713621326115,0.013432325677823796,2.6274564204876734e-06,True,200,359,360
ZDT3,30,2,10,363,3,3,True,103,103,18,17,2,0.020685707767198303,0.020685694256710463,0.0,0.0,0.005686391029354233,0.0042873387536209034,0.667012603121961,0.7943530671430068,0.03520040543113693,0.03520028199515185,25.0,24,34.0,32,6.0,4,32.0,30,382,384,382.0,0.53,0.9985261200226355,1.0,398,0.023090383139701624,0.18513368142530168,0.03948115066663149,0.0014254569971518527,0.002615236904406005,2.4658830959405015e-06,True,200,362,363
ZDT3,30,2,11,366,2,3,True,56,56,11,11,2,0.023410597989346804,0.023410593980433214,0.0021106574716397847,0.002110657802787713,0.008755123664001191,0.008755119690302876,1.1148313849714562,1.1591581827511135,0.050247006687852626,0.05024740033136909,14.0,14,22.0,22,4.0,4,20.0,20,384,384,384.0,0.64,0.9993545151559771,1.0,398,0.024652354663865846,0.19232533286212528,0.03795754437946375,0.0023277775869576245,0.006302655398776569,1.679558758941165e-06,True,200,365,366
ZDT3,30,2,12,368,4,3,True,62,62,22,22,5,0.0267842098168432,0.026784206107062697,0.0,0.0,0.0038129695853537926,0.004393595333715458,-0.36982055047586826,-0.4640781854453735,0.06864358054380865,0.06828479478544325,24.0,24,44.0,44,4.0,4,42.0,42,394,394,394.0,0.435,0.9977602287488387,1.0,398,0.056854286756757695,0.20149273815857197,0.035924664338555345,0.0016882337795413593,0.004040960906723027,1.6072941566977468e-06,True,200,367,368
ZDT3,30,2,13,372,3,3,True,65,65,11,11,3,0.019743716045579868,0.01974371961201174,0.00014276922285827442,0.00014277234091808477,0.009738959608822956,0.009738957266428941,-1.554509016991494,-1.519044128858539,0.03635680993065952,0.0363574389888546,13.0,13,23.0,23,2.0,2,20.0,20,390,390,390.0,0.63,0.9992928520272681,1.0,398,0.019736518813096217,0.19393554678622177,0.044271709631049205,0.0013355338977151798,0.002957906645385617,1.422122011653944e-06,True,200,371,372
ZDT3,30,2,14,375,3,3,True,97,97,13,12,3,0.02537133694657656,0.025371329766126355,0.0,0.00016885733861424224,0.00889148931820316,0.009423198204277807,-2.96164266463415,-2.6711621261022778,0.017144401165354484,0.017115104007863896,16.0,15,26.0,25,6.0,2,24.0,22,388,388,388.0,0.755,0.9995708796591901,1.0,398,0.02038906919963987,0.19228514449382886,0.03778634725661156,0.002220277251015812,0.005258275745513953,1.3942935560914396e-06,True,200,374,375
ZDT3,30,2,15,378,3,3,True,105,104,13,13,3,0.019607097701776877,0.01960710773104346,0.0001024282631908735,0.00010242054940626244,0.006092421259211445,0.006061756191698631,0.01086099464161805,0.016115149748259228,0.03148527540975163,0.032029747883632644,17.0,17,25.0,26,6.0,2,24.0,24,370,370,370.0,0.56,0.9967515175761527,1.0,398,0.024309064776296838,0.19682816323561353,0.030881018616568667,0.0014964435078431149,0.0029772903817055245,1.3713897560159484e-06,True,200,377,378
ZDT3,30,2,16,381,2,3,True,96,96,7,7,2,0.045586240483777296,0.04558625519477699,0.0074316067003081104,0.007431603064761844,0.011319307044773685,0.0113193189662808,-0.1716940733416763,-0.025477016943469266,0.03335965199153187,0.03336321470452733,9.0,10,15.0,15,4.0,4,12.0,12,388,388,388.0,0.59,0.9959455891705031,1.0,398,0.022299465765009022,0.18899063572331692,0.08734518941410663,0.003941541958488948,0.007618365362723384,1.3560318162637879e-06,True,200,380,381
ZDT3,30,2,17,383,2,3,True,58,58,15,17,3,0.051832592763805876,0.051832580945003134,0.0010097793290651386,0.0010097786793248423,0.00720812628292225,0.0062213953115696635,-1.6597996932130812,-1.66945501140534,0.018203169221456945,0.01820275304871758,19.0,21,29.0,33,2.0,8,28.0,32,382,382,382.0,0.645,0.9988841923537214,1.0,398,0.04785558787599416,0.19909638140539654,0.053327227181666714,0.0018468695128959212,0.0036809649670662445,1.3451006225635477e-06,True,200,382,383
ZDT3,30,2,18,385,1,3,True,102,102,2,5,3,0.026766066976094738,0.02676608472413433,0.0010984277179748592,0.001098407625143738,0.013932247347034799,0.004146981703828323,-0.19058219354983308,-0.018705543649510048,0.0211487507219067,0.015987936078971754,4.0,7,5.0,11,2.0,2,2.0,8,378,378,378.0,0.67,0.9994058404896758,1.0,398,0.0229573033504406,0.19888237041197837,0.023711460861306932,0.001154280138620123,0.0020097128624030707,1.3355830338174304e-06,True,200,384,385
ZDT3,30,2,19,386,3,3,True,95,95,18,18,3,0.027369599410565527,0.027369614353683694,0.00010287432373132233,0.00010287240200444747,0.005645607107524944,0.005645609104933572,0.5266301380419094,0.5176149102388123,0.015712024341726086,0.01571191721811476,20.0,20,37.0,37,6.0,6,34.0,34,398,398,398.0,0.645,0.9994936795144608,1.0,398,0.011875146776739842,0.18970937094888973,0.02623119562829146,0.0006754956374885879,0.0012666231920852745,1.3285675620027312e-06,True,200,385,386
ZDT3,30,2,20,389,2,3,True,53,53,12,13,2,0.05414294578685663,0.05414293358855787,0.0,0.0,0.009752787139029231,0.011805707410876665,0.5216749617733001,0.8047798741356331,0.026303011217285923,0.02630445624402457,15.0,16,24.0,25,4.0,2,22.0,24,360,360,360.0,0.595,0.9971699639045237,1.0,398,0.017014246845878465,0.19410236350289922,0.051755150540980566,0.0017982523419348695,0.003746441705878403,1.2903955626641576e-06,True,200,388,389
ZDT3,30,2,21,391,3,3,True,89,89,20,20,3,0.039367327822659504,0.03936734822503135,0.0,0.0,0.0,0.0,-0.2137437858306157,-0.2348740402347289,0.022040678775989662,0.022040342855821127,23.0,23,41.0,41,8.0,8,38.0,38,364,364,364.0,0.66,0.9991329013521855,1.0,398,0.019280328405919513,0.19532818854432252,0.022808465513771026,0.0020741416893716447,0.003837083175335873,1.2756532673592996e-06,True,200,390,391
ZDT3,30,2,22,394,6,3,True,88,88,13,14,6,0.055714651036418816,0.05571465592546837,0.0,0.0,0.007423889958383945,0.004673881167369453,-0.1810592277374603,-0.1794735767424882,0.03212120583112781,0.03193444699582086,15.0,16,27.0,29,4.0,6,24.0,26,372,372,372.0,0.67,0.99967534079608,1.0,398,0.02706731193774485,0.19646963405778156,0.021020520974090573,0.0009543592127366773,0.002076667236515221,1.2416558170864692e-06,True,200,393,394
ZDT3,30,2,23,400,4,3,True,112,112,17,17,4,0.020606196819484113,0.02060619954861634,4.81975370791865e-05,4.816890554615316e-05,0.004066699647285319,0.00406670083200527,-2.3085616690917945,-2.238510545722562,0.07590634846932312,0.0759084192315917,21.0,21,35.0,35,6.0,6,32.0,32,358,358,358.0,0.565,0.9985179283615454,1.0,398,0.03118650663704059,0.19541477984471972,0.04713480668815251,0.002366602183109967,0.005935244689401035,7.993040983311552e-07,True,200,399,400
ZDT3,30,2,24,404,2,3,True,52,52,5,5,2,0.07847277915667587,0.07847274550866765,0.0,0.0,0.0,0.0,-18.085640275107085,-17.98184669068199,0.03950322461160071,0.0395052565481549,7.0,7,12.0,12,4.0,4,6.0,6,372,372,372.0,0.8,0.9996198239065583,1.0,398,0.009900826125230909,0.18929829484362862,0.04564840444642826,0.002667029911665786,0.006127007116336128,5.754140033707333e-07,True,200,403,404
ZDT3,30,2,25,406,1,2,False,63,63,1,1,1,0.03579658788985046,0.035796607670982646,0.03579658788985046,0.035796607670982646,0.03579658788985046,0.035796607670982646,-15.0325111090179,-14.88969723904873,0.02375158727956479,0.0237544700201493,,3,,3,,0,,0,364,364,364.0,0.615,0.9981143920995753,1.0,398,0.022074318301106302,0.20018711212998927,0.0981324847749967,0.0052147405420277515,0.012381131316059632,3.036891144274928e-07,True,200,405,406
ZDT3,30,2,26,407,3,3,True,77,77,6,6,3,0.05036943752969142,0.05036943657959381,0.006027239080174995,0.006027267736146813,0.027423231616739152,0.02742325834642284,-7.750603639886897,-7.762641533350909,0.033691938618098945,0.03369142881262452,8.0,8,13.0,13,2.0,2,10.0,10,344,344,344.0,0.755,0.9997747594843871,1.0,398,0.0146564660305696,0.18331276378257777,0.01413673593903475,0.0009945993510702966,0.0021489864768988376,2.8812867772214487e-07,True,200,406,407
ZDT3,30,2,27,410,3,3,True,83,83,5,5,3,0.08423718686112214,0.08423718927148005,0.0005640562517130743,0.0005640551312384723,0.006496235901045033,0.006496234345813076,-2.078966694379673,-2.039346324073634,0.02417566334372846,0.024173287275295857,7.0,7,11.0,11,4.0,4,8.0,8,388,388,388.0,0.715,0.9995888289548648,1.0,398,0.022050187605414585,0.1910031543314874,0.027358501531164592,0.0029564533089374845,0.008095879906351447,2.3588962787592328e-07,True,200,409,410
ZDT3,30,2,28,413,2,3,True,42,42,4,4,2,0.09614221429055883,0.09614220738023038,7.721631499818526e-05,7.721040230035392e-05,0.048219128232888264,0.048219128207357714,-2.2893755037526056,-2.1851986558405514,0.02248383061235775,0.02248484172081114,6.0,6,9.0,9,4.0,2,6.0,6,370,370,370.0,0.62,0.9994370303446632,1.0,398,0.019764983150974767,0.1867786090079595,0.0522938807015878,0.0012894076061595594,0.0033854069364538035,2.256176040994789e-07,True,200,412,413
ZDT3,30,2,29,415,2,3,True,43,43,2,2,2,0.06069022027327053,0.060690252645557274,0.009361907738425268,0.009361860877460937,0.0350260640058479,0.035026056761509106,-18.31872346387874,-18.27939664476427,0.040239513446864834,0.040240096309256096,4.0,4,5.0,5,2.0,2,2.0,2,364,364,364.0,0.79,0.9998233636879698,1.0,398,0.004138900192627148,0.18570720204016322,0.05628371237070695,0.0015585829881197277,0.003120721082258234,1.6169583307175764e-07,True,200,414,415
ZDT3,30,2,30,417,2,3,True,27,27,2,2,2,0.07916099537286185,0.07916098476063843,0.03418507364581938,0.034185085466026735,0.056673034509340615,0.05667303511333258,-8.912279026890474,-8.906556988237877,0.03348900326118711,0.03348897752390531,4.0,4,5.0,5,2.0,2,2.0,2,374,374,374.0,0.735,0.9995780316943843,1.0,398,0.017125823231659176,0.19552156086269878,0.033068852384804615,0.0024007149461460764,0.00795001444456626,1.498186862037406e-07,True,200,416,417
ZDT3,30,2,31,419,6,3,True,40,40,11,11,6,0.04572572761172089,0.04572567976221131,0.0,0.0,0.003869585315077591,0.003869585418090307,-3.7179228749264652,-3.6132771617225785,0.03785075638207394,0.03785057303055317,13.0,13,22.0,22,4.0,4,20.0,20,390,390,390.0,0.71,0.9996752822971736,1.0,398,0.011643763053662728,0.18984654765107034,0.029568443935252375,0.0017274029688732484,0.0035746715896365893,1.415063545579146e-07,True,200,418,419
ZDT3,30,2,32,425,2,3,True,39,39,13,13,2,0.0646410098072554,0.06464097059734997,0.0,0.0,0.012325847738518025,0.012325835552644382,-5.861362933406127,-5.872466427583419,0.014303159942661186,0.014304149240237651,17.0,17,27.0,27,6.0,6,24.0,24,390,390,390.0,0.705,0.9997987881734586,1.0,398,0.010556743485550708,0.1902608589622823,0.04301479135346731,0.0012364576452175147,0.003947839226894449,1.2451562289685278e-07,True,200,424,425
ZDT3,30,2,33,427,2,3,True,41,41,3,3,2,0.11077597243043319,0.11077596588324734,0.017001221141474607,0.017001223431119816,0.10717119912281137,0.10717118546051199,-14.518066175874516,-14.446699553204319,0.015004148963939664,0.015005408167689027,5.0,5,7.0,7,2.0,2,4.0,4,366,366,366.0,0.845,0.9998689789907786,1.0,398,0.005276936701231879,0.18639999318018863,0.025639603500401842,0.0009671190174114774,0.0025114442264065934,1.1111685968320443e-07,True,200,426,427
ZDT3,30,2,34,429,3,3,True,47,47,6,6,3,0.042249373884914176,0.042249375501787645,0.0004620061925582897,0.00046200315034436445,0.009596081536915935,0.009596090532043439,-6.9184055485879306,-6.866650604942279,0.013805553953773197,0.013806474627154425,8.0,8,13.0,13,2.0,2,10.0,10,380,380,380.0,0.745,0.9997803021889013,1.0,398,0.00881323529587397,0.18893987905180343,0.029301855525597276,0.0014964575593295892,0.005008120756267359,1.0442610202989924e-07,True,200,428,429
ZDT3,30,2,35,432,5,3,True,83,83,17,17,5,0.03825640321145696,0.038256407572427736,0.0,0.0,0.0011691519124272243,0.001169152073671853,-4.27667766424781,-4.281734711728223,0.029009684983694772,0.02900942250969568,19.0,19,33.0,33,10.0,10,32.0,32,382,382,382.0,0.77,0.9998533798961442,1.0,398,0.006571867451391207,0.18563527746893832,0.020739405810977996,0.0007793065096164398,0.0021478824226591558,9.974762453716062e-08,True,200,431,432
ZDT3,30,2,36,437,1,3,True,30,30,2,2,1,0.03456954911422842,0.034569525558777695,0.0007730431507035063,0.0007730430710754452,0.017671296132465965,0.01767128431492657,-14.74042673660561,-14.702521424140443,0.022657925074964207,0.022658511552324623,4.0,4,5.0,5,2.0,2,2.0,2,374,374,374.0,0.855,0.9998320999711254,1.0,398,0.004157399295905178,0.18580825071595053,0.039918055711041234,0.0012478870152572707,0.002764123705809308,8.008896384373968e-08,True,200,436,437
ZDT3,30,2,37,438,2,3,True,41,41,3,3,2,0.04490672603019738,0.044906721341546635,0.0013298695843569491,0.0013298709533088732,0.025761958847386537,0.025761949652634578,-14.59626635829284,-14.529732242929697,0.019036182057005586,0.019038914483649028,5.0,5,7.0,7,2.0,2,4.0,4,380,382,380.0,0.85,0.9998413015460162,1.0,398,0.00630993459581093,0.1863624081812041,0.046787008570419175,0.0021407513094682806,0.0073360861042168655,7.874049433282492e-08,True,200,437,438
ZDT3,30,2,38,440,2,3,True,34,34,2,2,2,0.14085134258743282,0.14085132596724717,0.007938775745286952,0.007938781472967005,0.07439505916635988,0.07439505372010709,-17.22254293716158,-17.137723192465273,0.018714971192906712,0.018716690777694722,4.0,4,5.0,5,2.0,2,2.0,2,366,366,366.0,0.805,0.9996981037961401,1.0,398,0.0037881393982125543,0.1823893475506975,0.021387270425986316,0.0010059008028321936,0.0028505709166153264,7.440373134077705e-08,True,200,439,440
ZDT3,30,2,39,442,2,3,True,39,39,5,5,2,0.05362837853325905,0.0536283798711516,0.00124044789262584,0.0012404464243210844,0.029520599969470974,0.029520622475365244,-7.857019501123645,-7.851568776577977,0.015152938589428604,0.015153001308989444,7.0,7,11.0,11,2.0,2,8.0,8,354,354,354.0,0.805,0.9997706752337854,1.0,398,0.004581055309321281,0.18540822861298245,0.023607984255569647,0.00096927483768941,0.0033716424534986564,7.333411310241898e-08,True,200,441,442
ZDT3,30,2,40,444,3,3,True,27,27,5,5,3,0.09527191581819208,0.09527191333301546,0.013821507612094205,0.01382150739139465,0.040025758960217254,0.04002576271397009,-7.375715887705351,-7.3788020266887315,0.04706536571371113,0.04706527650434822,7.0,7,11.0,11,2.0,2,8.0,8,384,384,384.0,0.795,0.9998556445813217,1.0,398,0.0052571437405822576,0.18311591275106665,0.027337707911200937,0.0009499595710648623,0.0026772624184818556,7.177536527280526e-08,True,200,443,444
ZDT3,30,2,41,447,3,3,True,34,34,9,9,3,0.06755793207878796,0.06755793206690425,0.0006867367694874664,0.0006867109656155963,0.007021107497391384,0.0070211071210848075,-18.069035149749382,-17.9836259685093,0.03525493125322986,0.035257010676147116,12.0,12,19.0,19,8.0,8,16.0,16,364,364,364.0,0.89,0.9998608867395188,1.0,398,0.004938347113530497,0.1868717436906583,0.041986272278480286,0.0015159663330613915,0.0024212865015377444,6.842951297879628e-08,True,200,446,447
ZDT3,30,2,42,450,4,3,True,42,42,10,10,4,0.06045263890436425,0.06045264492231944,0.0,0.0,0.013764234071315454,0.01376423766000714,-13.79260931962818,-13.793375293739047,0.02418323268404397,0.024183209619366708,15.0,15,18.0,18,6.0,6,16.0,16,362,362,362.0,0.81,0.9998146938383241,1.0,398,0.0035342988733372905,0.18478054360947327,0.032257391449192596,0.0009488250357187755,0.0014661370657965325,6.666603827826692e-08,True,200,449,450
ZDT3,30,2,43,454,3,3,True,43,43,7,7,3,0.06348913309659249,0.06348914467116862,0.0003113277815754087,0.0003113271330621725,0.022233261277891325,0.022233256299456633,-9.355180848032798,-9.306685061907103,0.014426035455432735,0.014426431247469673,9.0,9,15.0,15,4.0,4,12.0,12,390,390,390.0,0.9,0.9999533854758788,1.0,398,0.006230753862628966,0.18780171468505996,0.03148648712830493,0.0011545021626398755,0.0033897842267603118,5.902076916054615e-08,True,200,453,454
ZDT3,30,2,44,457,1,3,True,18,18,2,2,1,0.09952647297281753,0.09952647788686564,0.09840481896910055,0.09840482871958714,0.09896564597095904,0.09896565330322639,-11.157762991386324,-11.152235665975212,0.025486728049507586,0.02548675477799145,4.0,4,5.0,5,2.0,2,2.0,2,378,378,378.0,0.835,0.9999140083736123,1.0,398,0.005278781638650843,0.18111856370307314,0.02728781678985115,0.0013105178935894912,0.002590012538753868,5.845689667299822e-08,True,200,456,457
ZDT3,30,2,45,458,6,3,True,61,61,12,12,6,0.0382623154225058,0.03826231202913788,0.0,0.0,0.0022822267313967913,0.0022822038081949233,-13.933127191479631,-13.919618091146475,0.0102129932936148,0.010213176608640184,14.0,14,26.0,26,6.0,6,22.0,22,380,380,380.0,0.87,0.9998563843088717,1.0,398,0.0025652259792107654,0.18389312841278027,0.014154491754602816,0.0007946913952423529,0.0012348639331243205,5.800834168807382e-08,True,200,457,458
ZDT3,30,2,46,464,3,3,True,20,20,4,4,3,0.12071598299435818,0.12071598452815197,0.0027288303352158566,0.002728829937331624,0.05151004293713371,0.051510044482621226,-9.485251828697951,-9.45257672279152,0.01212842903641032,0.012129091876030201,6.0,6,9.0,9,2.0,2,6.0,6,382,382,382.0,0.7,0.9996347596839485,1.0,398,0.005727037509968667,0.1847706552033601,0.03737242850283451,0.0015113543489553294,0.004202159581435365,4.6905693961158614e-08,True,200,463,464
ZDT3,30,2,47,467,2,3,True,23,23,3,3,2,0.13348254603981236,0.13348253194627885,0.009762331854647588,0.009762367375926173,0.010949978744094618,0.010949993144649284,-9.325140687894478,-9.340295528111369,0.006910516984241379,0.006910231107471354,5.0,5,7.0,7,2.0,2,4.0,4,378,378,378.0,0.8,0.9998503671345174,1.0,398,0.005439209183236817,0.18208706062216126,0.023353194002993405,0.0013193557943568246,0.0034112576675209994,4.659835998628113e-08,True,200,466,467
ZDT3,30,2,48,469,2,3,True,19,19,4,4,2,0.09135724219761993,0.0913572409319241,0.023857473127466184,0.023857460809901622,0.06636832130618707,0.06636832413326724,-11.796340574368337,-11.778669776062543,0.013880482165062612,0.01388069051848062,6.0,6,8.0,8,2.0,2,6.0,6,380,380,380.0,0.825,0.9998581303659237,1.0,398,0.005504517881817267,0.183259508670949,0.023031628145901095,0.0013316190683886897,0.003690386173546758,4.633035567652386e-08,True,200,468,469
ZDT3,30,2,49,471,2,3,True,53,53,5,5,2,0.032331582092014644,0.03233157944979237,0.010428458324714701,0.010428459739066726,0.02220264410679469,0.022202627848801594,-7.995091248053427,-7.991981850597654,0.006897689682165934,0.0068975871892031915,7.0,7,11.0,11,4.0,4,8.0,8,376,376,376.0,0.685,0.9993294588242715,1.0,398,0.013602656747587205,0.18758794566893117,0.025259563276144092,0.0018004063646847035,0.004434312214297834,4.605294644300402e-08,True,200,470,471
ZDT3,30,2,50,473,2,3,True,48,48,8,8,2,0.044097119657293765,0.044097119268138446,0.0,0.0,0.008950966324284451,0.008950966226549992,-6.799327546489806,-6.795323794362503,0.023506006961281942,0.023506025670194386,10.0,10,16.0,16,6.0,6,14.0,14,376,376,376.0,0.78,0.999832863879342,1.0,398,0.00901115445052125,0.18586399052243055,0.026524103144708988,0.000986651449226883,0.00241448626023152,4.565258008640325e-08,True,200,472,473
ZDT3,30,2,51,475,5,3,True,38,38,15,15,5,0.06723751043964504,0.0672375113554049,0.0,0.0,0.0019317072826230408,0.0019316790124549454,-5.6792031226555615,-5.68805381665743,0.024298249556783343,0.024298084093732797,18.0,18,34.0,34,6.0,6,28.0,28,374,374,374.0,0.8,0.9998785230049831,1.0,398,0.010665669227708865,0.1822528178983206,0.015738128560386144,0.0010895687447016744,0.0030453153444676725,4.5146233089202685e-08,True,200,474,475
ZDT3,30,2,52,480,3,3,True,35,35,4,4,3,0.04730178484538117,0.04730178000014182,0.0020914673773339554,0.002091464849648228,0.025528704855023024,0.025528705401343776,-12.15601735125189,-12.192908167031334,0.02183272663551181,0.02183215894255866,6.0,6,9.0,9,2.0,2,6.0,6,366,366,366.0,0.84,0.9998900495405014,1.0,398,0.004686333597501881,0.18573442895806525,0.02671938564220966,0.0011688048242122218,0.0032774158284092094,4.3615923656179474e-08,True,200,479,480
ZDT3,30,2,53,483,3,3,True,24,24,5,5,3,0.14080305497214388,0.14080307062159583,0.0034750959205785137,0.0034750836862781076,0.01846385715206167,0.0184638524676648,-14.299252850087598,-14.255341736701894,0.01989109720783884,0.01989175663907533,7.0,7,11.0,11,2.0,2,8.0,8,392,392,392.0,0.89,0.999912117914495,1.0,398,0.005690478272397453,0.18711411600227834,0.027333344307010066,0.0019096528534277013,0.004994265225276919,4.329861389554456e-08,True,200,482,483
ZDT3,30,2,54,486,4,3,True,70,70,21,20,3,0.05476375777839054,0.05476375869789327,0.0,0.0,0.0011456659317499174,0.0008451525518823992,-5.638537098215259,-5.423791089242741,0.02072326418288254,0.02081889025653494,25.0,24,42.0,40,2.0,4,40.0,38,396,394,396.0,0.695,0.9997129530061568,1.0,398,0.009862690705212583,0.1845174797441923,0.029779054843338315,0.0008798877983669517,0.002294691319836417,4.2981116513879997e-08,True,200,485,486
ZDT3,30,2,55,490,2,3,True,25,25,3,3,2,0.14112998012886968,0.14112998610554986,0.01266594039278341,0.01266594191858221,0.11370109871814393,0.11370111384420656,-6.954523781345362,-6.899248008981203,0.009405436557358303,0.009406378559423667,5.0,5,7.0,7,2.0,2,4.0,4,378,378,378.0,0.84,0.9999040488773746,1.0,398,0.008034456925781296,0.18665340019803425,0.017131803851647476,0.0016937565433821078,0.005500698028578525,4.255246888234575e-08,True,200,489,490
ZDT3,30,2,56,492,3,3,True,36,36,12,12,3,0.17011453063105286,0.17011452454665688,2.4737398906238273e-05,2.4748867796797747e-05,0.006356579626585035,0.006356583538379146,-2.323218704797849,-2.323097284544133,0.009906051527327167,0.009906069471312173,14.0,14,25.0,25,2.0,2,22.0,22,372,372,372.0,0.925,0.9999599392922566,1.0,398,0.005789410760168203,0.18356647318833855,0.011664826943345474,0.0007934723487334483,0.0020690014652984317,4.23407934381536e-08,True,200,491,492
ZDT3,30,2,57,495,3,3,True,44,44,12,12,3,0.08973540156313664,0.0897353953443096,0.00040233670451805814,0.00040235413489753125,0.008215845067346877,0.00821584669891906,-13.651543004262777,-13.60385919378706,0.0157156420249471,0.01571609255479453,15.0,15,24.0,24,4.0,4,22.0,22,380,380,380.0,0.825,0.9999285786748892,1.0,398,0.003990576838034603,0.18600033712925795,0.03801553841232419,0.0011630353227042867,0.0025886735105524663,4.081422987722837e-08,True,200,494,495
ZDT3,30,2,58,498,3,3,True,82,82,11,11,3,0.045290916145095006,0.04529091749774222,0.0,0.0,0.010856244876111365,0.010856215544280623,-5.983698873922037,-5.952725104257297,0.01600733743646043,0.016008977617404496,13.0,14,22.0,22,6.0,6,20.0,20,390,390,390.0,0.825,0.9999088829296705,1.0,398,0.0029851417269333904,0.18530524492076694,0.029302822583758825,0.0007973980050053342,0.0012032016832014044,4.051090460620594e-08,True,200,497,498
ZDT3,30,2,59,501,3,3,True,27,27,10,10,3,0.1549500343973682,0.15495004418302316,0.0004904445529043955,0.0004904457959133968,0.028747343042871576,0.02874733357439105,-6.7228230664643895,-6.731935999464781,0.005300144784007365,0.005300044062486964,14.0,14,21.0,21,4.0,4,18.0,18,368,368,368.0,0.925,0.9999620872961227,1.0,398,0.0023869974347899337,0.1850395624600591,0.005626768152438899,0.0004192277652618204,0.0012253226363031378,3.998862771749188e-08,True,200,500,501
ZDT3,30,2,60,504,3,3,True,36,36,9,9,2,0.07217439054322014,0.07217439947352172,0.0,0.0,0.0002186092463803968,0.00021861657537525225,-5.7114344871250005,-5.694831203293916,0.013140583698763676,0.013140771387576689,11.0,11,19.0,19,6.0,10,14.0,14,384,384,384.0,0.925,0.9999664581865214,1.0,398,0.002815090765673243,0.18555385701586752,0.0056968042239873284,0.0005080075656583305,0.0012323080875042381,3.956441059549087e-08,True,200,503,504
ZDT3,30,2,61,507,4,3,True,40,40,11,11,4,0.07385304901073744,0.07385305191569899,0.0,0.0,0.003617925176713069,0.0036179250017766146,1.758356083297624,1.7214720114147894,0.004767749538520623,0.004767277937941239,13.0,13,22.0,22,4.0,4,20.0,20,394,394,394.0,0.815,0.9995134163786912,1.0,398,0.005316937747882016,0.18640388049055212,0.0244642893763114,0.0009919427971322725,0.003554096957422359,3.7643527438358146e-08,True,200,506,507
ZDT3,30,2,62,511,3,3,True,28,28,10,9,3,0.06613501156251395,0.06613500592237986,1.172041704679272e-05,1.1720233779384526e-05,0.011057610186131807,0.010134819285370583,-5.297335828235326,-5.038725666191112,0.009527077196506204,0.009738541086737662,12.0,11,21.0,19,2.0,2,18.0,16,390,390,390.0,0.865,0.999927804817229,1.0,398,0.011043058301918728,0.19113070446266117,0.022766924736586702,0.0012548352663230844,0.0029851949098208285,3.733218706811792e-08,True,200,510,511
ZDT3,30,2,63,514,6,3,True,53,53,15,13,5,0.10498286388617353,0.10498286477922579,0.0,0.0,0.0,0.00019459281086588176,-4.231640511152747,-4.655537964839141,0.017764209575304713,0.016010899683725988,17.0,15,32.0,28,2.0,8,28.0,24,386,384,386.0,0.825,0.999861529852227,1.0,398,0.0071655262522997325,0.18407778906411468,0.018027489306035704,0.0006230709149036007,0.0013469292479312322,3.7092493175005246e-08,True,200,513,514
ZDT3,30,2,64,520,4,3,True,23,23,11,11,4,0.08512683997244153,0.0851268550497063,0.00038505135733390983,0.00038502740745227637,0.00958931074596275,0.009589310748693809,-0.4622471062650071,-0.46460284041359046,0.006154392352645848,0.006154349486209576,13.0,13,22.0,22,2.0,2,20.0,20,382,382,382.0,0.89,0.9999389813697384,1.0,398,0.00505381245450676,0.18471349088835493,0.012255806502153632,0.0007061543997295139,0.001692612735412806,3.659059604962149e-08,True,200,519,520
ZDT3,30,2,65,524,3,3,True,71,71,16,16,3,0.07492350964160599,0.07492350292770232,0.0,0.0,0.01989534417196623,0.019895328037128457,-1.138328601518655,-1.1557632212837916,0.011681261231147294,0.01168123859021597,18.0,18,34.0,34,4.0,4,30.0,30,384,384,384.0,0.85,0.9999073817101573,1.0,398,0.006082719417626961,0.18340286229671285,0.009310183390908833,0.00042138806286504127,0.000947458874844107,3.6195322130798276e-08,True,200,523,524
ZDT3,30,2,66,527,3,3,True,38,38,3,3,3,0.045128073871103486,0.04512807410453187,0.029829081421603176,0.02982907849909977,0.03220808221467972,0.03220808442314303,-6.84879833653563,-6.802734782006382,0.01765458351634579,0.017655122188061645,5.0,5,7.0,7,0.0,0,4.0,4,396,396,396.0,0.88,0.9999500429339103,1.0,398,0.006022410158780854,0.1864214096670358,0.022886820686409237,0.0008201399917144025,0.0017524911966479914,3.569598450167273e-08,True,200,526,527
ZDT3,30,2,67,530,3,3,True,63,63,10,10,3,0.039659167749142736,0.039659161089171106,0.0,0.0,0.004963212954491536,0.004963224279870032,-0.32892941461918923,-0.34787684329262447,0.0158765816723161,0.015876391015362423,12.0,12,21.0,21,6.0,6,18.0,18,394,394,394.0,0.66,0.9996312403704845,1.0,398,0.00952065776982524,0.18706365333271252,0.0296067108459539,0.0005479627032617673,0.0011998533847575826,3.542245321142322e-08,True,200,529,530
ZDT3,30,2,68,533,3,3,True,51,51,11,11,3,0.053398017587637486,0.053398017294331496,0.000628062155504594,0.00062805970750901,0.010007806713160206,0.010007814185871933,-0.9690061245620285,-0.9661075361186704,0.0037029849172817153,0.0037028946626410097,13.0,13,23.0,23,6.0,6,20.0,20,398,398,398.0,0.88,0.9999206254712615,1.0,398,0.004838372690669503,0.18484239654193468,0.014402069413023355,0.0005010987808610201,0.001161407747528958,3.4632967883844426e-08,True,200,532,533
ZDT3,30,2,69,536,2,3,True,62,62,6,6,2,0.10695828898215376,0.1069582821983176,0.0,0.0,0.01566554887908892,0.015665549111735344,-1.8355157495006722,-1.7608431762776036,0.02110482424570563,0.021105184339551802,8.0,8,13.0,13,6.0,6,10.0,10,384,384,384.0,0.81,0.9998912438500713,1.0,398,0.007096591206949747,0.18691670229729979,0.018723816204044397,0.0012402632120877,0.002812413611310005,3.3942304388223137e-08,True,200,535,536
ZDT3,30,2,70,538,2,3,True,40,40,4,4,2,0.11280666043740623,0.11280665078553959,0.004728667898759031,0.004728651765165237,0.02542648220854477,0.025426479035861763,-3.865192404019826,-3.8488173131303256,0.004584095678046804,0.004584207401103019,6.0,6,9.0,9,4.0,4,6.0,6,368,368,368.0,0.855,0.9998996505214185,1.0,398,0.008142467430659432,0.18527909198782405,0.013868244090190274,0.000540995796481869,0.0013398966553409455,3.380589821204065e-08,True,200,537,538
ZDT3,30,2,71,540,3,3,True,55,55,9,9,3,0.03643699953890078,0.036436996795552956,0.0007285622108151313,0.0007285576307713981,0.012309336278620353,0.01230932257969014,-6.728314459681322,-6.700195298620656,0.0042053342617037305,0.004205665707077755,11.0,11,18.0,18,4.0,4,16.0,16,378,378,378.0,0.9,0.9999784958237024,1.0,398,0.006755082170013298,0.18702827273924727,0.01682419228306742,0.001097430277237632,0.0021511343779675044,3.317727790754634e-08,True,200,539,540
ZDT3,30,2,72,543,4,3,True,91,91,5,5,4,0.05016746889597428,0.050167474134238506,0.0038854119379084506,0.0038854112838077604,0.0104697086947097,0.010469707806047807,-10.588554949677238,-10.561186856227323,0.021332272626578823,0.02133243467905127,8.0,8,11.0,11,4.0,4,8.0,8,394,394,394.0,0.9,0.9999570002536481,1.0,398,0.0054546525284551615,0.1845441565923528,0.019948923604545143,0.0005916188770022368,0.001474017284200981,3.299326252921136e-08,True,200,542,543
ZDT3,30,2,73,547,4,3,True,38,38,9,9,4,0.025784378684405956,0.02578437815605898,0.0,0.0,0.008144789659579488,0.008144786670412796,-6.955499389440487,-6.971281284320867,0.0030908362934405744,0.0030906312059789665,11.0,11,19.0,19,4.0,4,16.0,16,350,350,350.0,0.87,0.9999057560594646,1.0,398,0.004333951291711139,0.18461297388203918,0.011759791183763468,0.0009080347413834289,0.0023915572460911382,3.265129485458551e-08,True,200,546,547
ZDT3,30,2,74,551,2,3,True,17,17,4,4,2,0.12263506320772635,0.12263505403436857,0.014246190192534564,0.014246189246852899,0.03519400057346202,0.03519401720638527,-5.1596914170636445,-5.13085702357364,0.0039616559151669966,0.003961937752339384,6.0,6,9.0,9,2.0,2,6.0,6,392,392,392.0,0.87,0.99988795681878,1.0,398,0.0028545939259955536,0.18461377709375953,0.009049246183465698,0.0004837369952960524,0.0009020556614872389,3.1771533704278284e-08,True,200,550,551
ZDT3,30,2,75,553,2,3,True,38,38,4,4,2,0.08716929942595975,0.08716929871294365,0.008415213514767483,0.008415241957228536,0.025294240468531952,0.025294227265145592,-8.423660118304966,-8.289439775835831,-0.0022113776087751913,-0.002209977245612199,6.0,6,9.0,9,0.0,0,6.0,6,388,388,388.0,0.645,0.9993801779269256,1.0,398,0.006075121031052981,0.18653744355250007,0.033973697272287495,0.0009963792601616062,0.0021636804320683553,3.1564768943826364e-08,True,200,552,553
ZDT3,30,2,76,555,4,3,True,79,79,12,12,4,0.05433867598842701,0.054338674193640135,0.0,0.0,0.0033323590446369122,0.003332367088970889,-5.095400349509237,-5.099774576159234,0.013530596947476284,0.013530601452915653,15.0,15,25.0,25,4.0,4,20.0,20,380,380,380.0,0.935,0.999977690662498,1.0,398,0.0034831103625978443,0.1845977690917315,0.02457391740615833,0.0003896035846450707,0.0006755630677745317,3.143039136376977e-08,True,200,554,555
ZDT3,30,2,77,559,2,3,True,28,28,4,4,2,0.07512530888230698,0.07512531351533586,0.0,0.0,0.0047670516715306414,0.004767047321961131,-10.965361306288479,-10.969353290637855,0.015943501377020015,0.01594341494358309,6.0,6,9.0,9,4.0,4,6.0,6,376,376,376.0,0.92,0.9999012181500118,1.0,398,0.00441136751568777,0.18286240888806019,0.018336632869903724,0.0006826840729630135,0.0012155300737057416,3.0924558145719014e-08,True,200,558,559
ZDT3,30,2,78,561,2,3,True,42,42,6,6,2,0.03173179803115414,0.03173180241405832,0.0006147154196877646,0.0006147148301779643,0.00934180590384968,0.009341809233159594,-5.705868886276111,-5.670995068482284,0.006413252665915846,0.006412906592101808,8.0,8,13.0,13,6.0,6,10.0,10,396,396,396.0,0.945,0.9999435091597105,1.0,398,0.004220729243754057,0.18455410547123755,0.015596420771302633,0.0006034410111558086,0.001855095814265827,3.054289659879527e-08,True,200,560,561
ZDT3,30,2,79,563,2,3,True,44,44,6,6,2,0.147455009795485,0.14745500610745432,0.0021853509666435317,0.002185350352743559,0.015727234632429227,0.015727228680199504,-9.087006408694197,-9.091050550789873,0.005136771804832009,0.005136681652704839,9.0,9,12.0,12,4.0,4,10.0,10,354,354,354.0,0.855,0.9999325050701019,1.0,398,0.004089095592078639,0.18533917989454385,0.020680281858446392,0.0010697304266783503,0.0022875865498521277,3.0384713276438144e-08,True,200,562,563
ZDT3,30,2,80,565,1,3,True,41,41,2,2,1,0.036518750923655696,0.03651875617926838,0.036212227201608105,0.03621222622241527,0.0363654890626319,0.03636549120084182,-8.72735084720852,-8.734332278962142,0.0034339957233951728,0.0034339044897563897,4.0,4,5.0,5,2.0,2,2.0,2,390,390,390.0,0.845,0.9997498790591955,1.0,398,0.007088780134498403,0.1839580970961955,0.010116352231463566,0.0006769728445209788,0.0014957099684672754,3.0246872435185456e-08,True,200,564,565
ZDT3,30,2,81,566,4,3,True,47,47,12,12,4,0.05053969500758004,0.05053970083651166,0.0,0.0,0.006024528557885156,0.006024495830316667,-0.16350586397776823,-0.17818872187319812,0.0036837103228243026,0.003683675723116814,16.0,16,25.0,25,4.0,4,22.0,22,364,364,364.0,0.91,0.9997899776097123,1.0,398,0.004562042878417218,0.18458556245774205,0.018548311606807033,0.0005720199691506833,0.001298609431026176,3.018927225022049e-08,True,200,565,566
ZDT3,30,2,82,570,3,3,True,37,37,7,7,3,0.11644516039014272,0.11644515829921351,0.0,0.0,0.00039962976716714435,0.00039962967472151334,-24.193176914343667,-24.150782480248154,0.008469056521048257,0.00846977462653653,9.0,9,15.0,15,4.0,4,12.0,12,394,394,394.0,0.955,0.9999743619987145,1.0,398,0.0034603171515506116,0.18566260891437353,0.01396132529087879,0.0016395856874609205,0.0039532035831276735,4.833831691960472e-10,True,200,569,570
ZDT3,30,2,83,573,2,3,True,40,40,5,5,2,0.08540375145668627,0.08540375544685008,4.8193553187525495e-05,4.819529571692405e-05,0.006370554245923976,0.00637055612876436,-8.31865566049516,-8.331325573619097,0.0073125885923665075,0.0073124937253910005,8.0,8,10.0,10,4.0,4,8.0,8,382,382,382.0,0.915,0.9999657797836583,1.0,398,0.0027592689557388523,0.18299601091251957,0.008613116573869206,0.00048750977524114614,0.001044607095438945,4.497600862005723e-10,True,200,572,573
ZDT3,30,2,84,575,2,3,True,44,44,16,16,2,0.07500955204490242,0.07500954895039971,4.596702702918537e-05,4.596738854158178e-05,0.003288533752049666,0.0032885336952412033,-3.104445317599559,-3.0914181972082133,0.0009515226364055491,0.0009514420155569137,19.0,19,31.0,31,10.0,10,30.0,30,384,384,384.0,0.94,0.9999829747829431,1.0,398,0.0027078660446710374,0.18376638711451038,0.009540253182564129,0.0005373722181439,0.001532139751634023,4.460691417912169e-10,True,200,574,575
ZDT3,30,2,85,577,3,3,True,35,35,11,11,3,0.03905640520369047,0.039056399456824376,9.494729995496165e-05,9.497131208535681e-05,0.006634439199246667,0.0066344245156835235,-9.661615609337733,-9.697953098121388,0.004723423737538635,0.004723425723850649,14.0,14,22.0,22,6.0,6,20.0,20,384,384,384.0,0.9,0.9998982200407148,1.0,398,0.0037121196987586124,0.18269361083945668,0.007979945646482633,0.000712377899300648,0.0013628554834129384,4.3732740003297465e-10,True,200,576,577
ZDT3,30,2,86,580,3,3,True,35,35,11,11,3,0.0511922402040868,0.05119224792577895,0.0,0.0,0.0053351073263693816,0.005335095981931548,-12.30026784554758,-12.332547333357752,0.008965441507084945,0.008965160533520977,13.0,13,21.0,21,6.0,6,20.0,20,384,384,384.0,0.86,0.9998914363671048,1.0,398,0.004641422222612289,0.18424882624094857,0.015674989168687148,0.0011558391168406956,0.002306180763752381,4.3419904231581824e-10,True,200,579,580
ZDT3,30,2,87,583,3,3,True,29,29,8,8,3,0.09630729768855421,0.09630730016021902,9.237566534911479e-05,9.236869980855378e-05,0.01304470669654123,0.013044688125227577,-6.740928044199016,-6.75140261832837,0.0021521912276443547,0.002152044319113311,10.0,10,17.0,17,4.0,4,14.0,14,382,382,382.0,0.885,0.9999349563828828,1.0,398,0.004091781525192238,0.18145832831804676,0.006227885393570887,0.0005431409991469016,0.0011893077813478583,4.31412185838011e-10,True,200,582,583
ZDT3,30,2,88,586,6,3,True,51,51,12,12,6,0.051324003124918915,0.051323995565858205,0.0,0.0,0.008397232696908941,0.008397236789650847,-4.163565780886223,-4.171849987711994,0.006812830898461271,0.006812698934538508,14.0,14,24.0,24,4.0,4,22.0,22,392,392,392.0,0.865,0.9999413829945186,1.0,398,0.0034172873916901254,0.18343048160561953,0.01716402833156394,0.0006382081712410781,0.0014034240390860327,4.2835335531282686e-10,True,200,585,586
ZDT3,30,2,89,592,3,3,True,61,61,6,6,3,0.11201156947853202,0.11201156754449226,0.00021111760554125975,0.00021113370948303706,0.011369450042331863,0.011369450653488718,-14.021941501532392,-14.00030425756347,0.019033026960024894,0.019033056683915917,8.0,8,12.0,12,4.0,4,10.0,10,392,392,392.0,0.845,0.9999237487371312,1.0,398,0.00438781391556183,0.1845045066430884,0.012221417435753779,0.0006834953702516411,0.0012215946680587213,4.1892528352457547e-10,True,200,591,592
ZDT3,30,2,90,595,6,3,True,54,54,22,21,7,0.0583459986651679,0.058346002897216365,0.0,0.0,0.0026613565299823255,0.002098198740366264,-5.768283891830858,-5.637375842255096,0.03986935136916055,0.040388404348218554,25.0,24,45.0,43,2.0,4,42.0,40,386,386,386.0,0.8,0.9997923583217881,1.0,398,0.003127387740062607,0.18448343651616964,0.04417295420925882,0.0008207925500162139,0.0011003917605822372,3.98743472692746e-10,True,200,594,595
ZDT3,30,2,91,601,2,3,True,65,65,8,8,2,0.048690529039662506,0.048690533902801064,0.0,0.0,0.010279498741246978,0.010279501474114633,-8.223281397023811,-8.029323355677434,0.06817116018792696,0.06817184367374371,12.0,12,15.0,15,6.0,6,14.0,14,368,368,368.0,0.93,0.9999353316838975,1.0,398,0.0028763244200389225,0.18465660919520208,0.02172864690308529,0.0005446764228456136,0.001359543555771405,3.906669999912913e-10,True,200,600,601
ZDT3,30,2,92,603,4,3,True,69,69,8,8,4,0.00917054295617381,0.009170507676436457,0.0,0.0,0.00020950669820142542,0.00020950612414206982,-11.812140156691594,-11.753788549877754,0.02740444207437078,0.027404925729932056,10.0,10,17.0,17,2.0,2,14.0,14,370,370,370.0,0.97,0.9999893930878689,1.0,398,0.0032375724966170016,0.18488858575950193,0.008988520612845718,0.0007239992316130373,0.0033186243376406334,3.887351015372134e-10,True,200,602,603
ZDT3,30,2,93,607,4,3,True,40,40,6,6,4,0.007062015954452998,0.007062024468421514,0.00013033274522369215,0.00013033273572266024,0.0016960473833280273,0.0016960474371376178,-23.61693567579604,-23.623994126790535,0.30007138706780856,0.3000711818239211,8.0,8,13.0,13,2.0,2,10.0,10,388,388,388.0,0.975,0.9999902149897825,1.0,398,0.0023579399076826216,0.18277277558953603,0.007740747045289709,0.0008461633776055688,0.0055035570306027305,3.8574239114334693e-10,True,200,606,607
ZDT3,30,2,94,611,4,3,True,64,64,8,8,4,0.06932524043517699,0.06932523952209999,0.0,0.0,0.0011288320357076762,0.0011288333916940757,-11.165374572315567,-11.179836552407323,0.2244787945218569,0.2244786818899241,10.0,10,17.0,17,0.0,0,14.0,14,388,388,388.0,0.9,0.9999647560026728,1.0,398,0.0033772691291992945,0.18384348400864137,0.012330255322112293,0.000757496092344434,0.0017525747240926311,3.7658393652417474e-10,True,200,610,611
ZDT3,30,2,95,615,2,3,True,73,73,11,11,2,0.02204547196485107,0.02204547130155282,0.0,0.0,0.0035166993095064273,0.0035166993639659597,-8.786892310563736,-8.773762319655475,0.0982246837043972,0.09822477462781554,12.0,12,24.0,24,10.0,10,20.0,20,388,388,388.0,0.93,0.9999200519536818,1.0,398,0.0032922449259793107,0.18491306853436273,0.012246724844274581,0.000596102549907912,0.0011107850170689025,3.714402842544846e-10,True,200,614,615
ZDT3,30,2,96,617,2,3,True,69,69,4,4,2,0.04554702500746711,0.045547017869545244,0.0022993461297434736,0.0022993452399250047,0.009606434111849319,0.009606431548757899,-5.540691344010142,-5.545449552216553,0.027283612654118924,0.027283731620338925,7.0,7,9.0,9,2.0,2,6.0,6,386,386,386.0,0.93,0.9999403305147496,1.0,398,0.005392782240732014,0.18645249144389892,0.0129675372561735,0.0006872556943449126,0.0013904822940232198,3.672450529242852e-10,True,200,616,617
ZDT3,30,2,97,619,3,3,True,52,52,4,4,3,0.25598985276981656,0.2559898519151889,0.003609508485372226,0.003609517282545327,0.01141554992427396,0.011415544582990378,-0.24251230285515746,-0.24988948848636028,0.02349802571084155,0.023497960671787554,6.0,6,9.0,9,0.0,0,6.0,6,376,376,376.0,0.96,0.9999842785815226,1.0,398,0.0038117538794005725,0.18554933094079784,0.008106004232757869,0.000577842076533025,0.0012369013437178427,3.3858382835110053e-10,True,200,618,619
ZDT3,30,2,98,622,5,3,True,86,86,21,21,5,0.03622204979722504,0.03622204702667203,0.0,0.0,0.00024536160364152515,0.00024536161896808115,-3.7159213898748362,-3.709130650323914,0.24472899240843227,0.24472909955866867,25.0,25,43.0,43,6.0,6,40.0,40,382,382,382.0,0.955,0.9999867031257221,1.0,398,0.0019161454477963677,0.1842437227311639,0.01343859016981952,0.0003044509679687446,0.0006366999026234939,3.366155787601484e-10,True,200,621,622
ZDT3,30,2,99,627,3,3,True,55,55,6,6,3,0.039113993634597805,0.03911399415732564,0.00430297452990519,0.004302976663469765,0.014434097958698336,0.014434066606662715,-1.5143453379154153,-1.5140194119812236,0.005022696534973869,0.005022685462898302,9.0,9,12.0,12,6.0,6,10.0,10,384,384,384.0,0.93,0.9998484884920743,1.0,398,0.002660717460541828,0.18511749216462972,0.02205608532740655,0.0005463652327749452,0.0013772951278420824,3.31469196202015e-10,True,200,626,627
ZDT3,30,2,100,630,2,3,True,30,30,5,5,2,0.06362298383335546,0.06362298551097381,0.00021702917021707707,0.00021702918499308561,0.020648079268308583,0.020648079549898612,-9.405223979381475,-9.410612602980677,0.03249670786225417,0.032496661554958006,7.0,7,11.0,11,4.0,4,8.0,8,394,394,394.0,0.99,0.9999966531779156,1.0,398,0.001784972691590052,0.184076055761361,0.0066998987222177675,0.00025205717839682507,0.000702845412768251,3.29768267079392e-10,True,200,629,630
ZDT3,30,2,101,632,3,3,True,79,79,21,21,3,0.04066636479747529,0.04066636731913634,0.0,0.0,0.0005307465105426831,0.0005307465305781633,0.8962764081536321,0.8958082940412169,0.1382652600328366,0.1382651184220034,23.0,23,41.0,41,10.0,10,40.0,40,394,394,394.0,0.915,0.9999725213713314,1.0,398,0.00221471566453279,0.1840944260907433,0.011413365772895645,0.0002581443465090316,0.0005970224801060584,3.2797354639966397e-10,True,200,631,632
ZDT3,30,2,102,635,3,3,True,67,67,17,17,3,0.0835452887103334,0.08354528899016901,0.0,0.0,0.002983726435660552,0.0029837259514705547,3.4294269138880225,3.42647491832804,0.09088080707154479,0.09088109170680453,19.0,19,32.0,32,6.0,6,32.0,32,388,388,388.0,0.885,0.9999129801020323,1.0,398,0.001515512389483229,0.18378035211072036,0.012344127458376875,0.00028300612419229765,0.0006015653726967559,3.2576489013725867e-10,True,200,634,635
ZDT3,30,2,103,638,2,3,True,52,52,6,6,2,0.05300744450586725,0.05300743648978734,0.0015229711037302307,0.0015229687680154425,0.013012316179292036,0.013012342432203311,-0.283517003473591,-0.28326985879846234,0.12423478318222417,0.12423469016889965,8.0,8,12.0,12,4.0,4,10.0,10,390,390,390.0,0.96,0.999965661255207,1.0,398,0.0016016589659626611,0.18421583281816428,0.015697923609671705,0.0002710582985491275,0.0006196650530657685,3.228125992065305e-10,True,200,637,638
ZDT3,30,2,104,640,4,3,True,72,72,20,20,4,0.0584956504870113,0.05849564995874432,0.0,0.0,0.00014416580323573826,0.00014416579407802374,-1.933226797037058,-1.919712079394401,0.02164958304083528,0.021649767425921285,24.0,24,42.0,42,10.0,10,38.0,38,394,394,394.0,0.855,0.9999048717388164,1.0,398,0.0029829846502069488,0.18436954796922564,0.012027543990967615,0.0004238361441627758,0.0008656374524445673,3.0685722773703105e-10,True,200,639,640
ZDT3,30,2,105,644,3,3,True,82,82,9,9,3,0.05179132585529467,0.05179132515612622,0.0,0.0,0.000184022439067566,0.00018399525527923455,-3.976597769658433,-3.9502257979183923,0.2219196902539097,0.22191995470629422,11.0,11,19.0,19,4.0,4,16.0,16,392,392,392.0,0.835,0.9991783257664786,1.0,398,0.002109162021830401,0.18458469734056676,0.010027743399405153,0.0003138343576639113,0.0005715401234473995,3.0384831781425263e-10,True,200,643,644
ZDT3,30,2,106,647,5,3,True,103,103,26,26,5,0.07259967781191629,0.07259967607191453,0.0,0.0,0.0002726908654146192,0.0002726908404162582,0.4649099752906807,0.45475248266302515,0.15766490533788177,0.15766486858758266,28.0,28,52.0,52,12.0,12,50.0,50,388,388,388.0,0.95,0.9999806261266811,1.0,398,0.002732682491312325,0.1850331218520646,0.029179059391026385,0.0003364257788392999,0.0006247188849828998,3.021912736481912e-10,True,200,646,647
ZDT3,30,2,107,652,2,3,True,77,77,17,17,2,0.07901299064907293,0.07901299934641617,0.0,0.0,0.0,0.0,-2.403340252234166,-2.400682561303256,0.1304281952058293,0.1304282106850856,16.0,16,42.0,42,8.0,8,32.0,32,390,390,390.0,0.995,0.9999986763261739,1.0,398,0.0013585616618232,0.1841746575304754,0.006895490207170951,0.00021125701459823176,0.000470042668279024,2.996663791465184e-10,True,200,651,652
ZDT3,30,2,108,654,3,3,True,63,63,8,8,3,0.04175493304686595,0.04175493528845886,0.00035631584697731755,0.0003563277536551279,0.02170729273147834,0.02170729190986495,0.9310483375249348,0.9546979859878775,0.5579136091658016,0.5579139011771108,10.0,10,16.0,16,4.0,4,14.0,14,380,380,380.0,0.96,0.9999915899070454,1.0,398,0.0016406752036212274,0.18387928830048744,0.01128374212748895,0.0004755864627753459,0.0015752805290300716,2.978751788656286e-10,True,200,653,654
ZDT3,30,2,109,657,5,3,True,77,77,17,17,5,0.049938016791116396,0.04993801866764036,0.0,0.0,0.00657463683116849,0.006574637157070684,-1.1794550681417277,-1.1968412399874069,0.2689272422220389,0.268927183113183,20.0,20,33.0,33,0.0,0,32.0,32,382,382,382.0,0.94,0.9999826829795873,1.0,398,0.0019214777922088853,0.1841007320954436,0.009249560953321634,0.00032293453728671206,0.000709964730169564,2.9652586612796917e-10,True,200,656,657
ZDT3,30,2,110,662,2,3,True,71,71,4,4,2,0.09833437087410862,0.09833437399476097,0.001039264695762765,0.0010392393299443192,0.020560377727572,0.020560392108988468,-12.579839011971586,-12.19525437305856,0.21350905083084742,0.2135126646221437,6.0,6,9.0,9,4.0,4,6.0,6,362,362,362.0,0.855,0.9997042338841419,1.0,398,0.001303723593064713,0.18430387862475434,0.05101345314324135,0.0002917439901555241,0.0006191784510994932,2.928621493623419e-10,True,200,661,662
ZDT3,30,2,111,664,4,3,True,79,79,23,23,4,0.019568216170104152,0.01956821457125757,0.0,0.0,0.001245348040035621,0.0012453455140529202,1.1804315573090562,1.181869763910072,0.17344033920603766,0.17344040287198847,27.0,27,47.0,47,8.0,8,44.0,44,386,386,386.0,1.0,1.0,1.0,398,0.0011275084746114774,0.18382597958214078,0.015576155263261171,0.00017979897173991954,0.00046140411563097995,2.917316799416012e-10,True,200,663,664
ZDT3,30,2,112,668,3,3,True,69,69,18,18,3,0.04632375909792921,0.04632376061215712,0.0,0.0,0.0,0.0,-10.524960269810265,-10.511279591883067,0.40004892378814716,0.40004908247248494,20.0,20,42.0,42,8.0,8,34.0,34,364,364,364.0,0.92,0.9999748651589809,1.0,398,0.0015193878805778247,0.18451443618996843,0.005238324389210902,0.0004037552286845214,0.0008863653702526681,2.8964816153003164e-10,True,200,667,668
ZDT3,30,2,113,671,5,3,True,81,81,18,18,5,0.06955312990467455,0.06955312023881377,0.0,0.0,0.0015062081667258382,0.0015062102040351768,-6.23936157945937,-6.240242638930795,0.36012546453823163,0.3601257211242732,21.0,21,38.0,38,2.0,2,34.0,34,376,376,376.0,0.9,0.9999350300699703,1.0,398,0.0038343132826443855,0.18479538644562749,0.04881123356244643,0.0009659582519074839,0.0019680535225000298,2.8836741442884815e-10,True,200,670,671
ZDT3,30,2,114,676,5,3,True,45,45,15,15,5,0.026402658385410598,0.026402670563471665,0.0,0.0,0.0006161657978820956,0.0006161571276429578,3.583261457919562,3.5583706611942034,0.19648130377998935,0.19648110517027817,19.0,19,30.0,30,4.0,4,28.0,28,376,376,376.0,0.985,0.9999964186176216,1.0,398,0.0016783187911106315,0.184259639215611,0.01222400544793345,0.0005251872524392187,0.002029705513180146,2.8613524975319763e-10,True,200,675,676
ZDT3,30,2,115,681,3,3,True,53,53,14,14,3,0.04538446012567446,0.045384462688158315,0.0,0.0,0.000696514237538054,0.0006965144410858506,8.761865180187563,8.75851514232636,0.23275039473881057,0.2327506392933394,16.0,16,29.0,29,4.0,4,26.0,26,388,388,388.0,0.905,0.9999490689817849,1.0,398,0.001832727526994555,0.1844595445850508,0.012185125724499812,0.00048111011224777345,0.0013712211113931921,2.8362029067166006e-10,True,200,680,681
ZDT3,30,2,116,684,5,3,True,50,50,8,8,5,0.11735507381390095,0.11735507011585816,0.0002204354578293176,0.00022043517366628768,0.0010831987061929284,0.0010831987632927975,-4.054838960999334,-4.0358331899115,0.5067848037975397,0.5067849052762554,10.0,10,17.0,17,2.0,2,14.0,14,380,380,380.0,0.985,0.9999965158882459,1.0,398,0.0013787966871120884,0.18446623958872105,0.005578671072726138,0.0004552591104409198,0.03705839218751334,2.8226003447577337e-10,True,200,683,684
ZDT3,30,2,117,689,5,3,True,91,91,20,20,5,0.10283199187676655,0.10283198598271236,0.0,0.0,0.0016314615441528346,0.0016314632723652134,-4.387708613794317,-4.385063142486615,0.2944071533788073,0.29440742286531574,22.0,22,41.0,41,6.0,6,38.0,38,358,358,358.0,0.935,0.9999641525839792,1.0,398,0.0007290120702600345,0.18377554990094444,0.05216866637056228,0.00018750562048808206,0.0006581879134581581,2.801192016492008e-10,True,200,688,689
ZDT3,30,2,118,694,3,3,True,62,62,9,9,3,0.06868376615530863,0.06868376620175448,0.0,0.0,0.0004440781448881159,0.00044407923636491375,6.6896296970835465,6.672566180524882,0.292159966719191,0.29216051963043554,12.0,12,19.0,19,4.0,4,16.0,16,390,390,390.0,0.945,0.9999848988120216,1.0,398,0.0015579929382422703,0.18471842184113388,0.011642881503576064,0.0006768086950614816,0.002288653413167277,2.7735437870060565e-10,True,200,693,694
ZDT3,30,2,119,697,3,3,True,74,74,10,10,3,0.06512515203083563,0.06512517215891409,0.0,0.0,0.005616614011202475,0.005616604807322428,-1.7490389156580335,-1.7520654866093537,0.23747551088194682,0.2374756632979853,12.0,12,23.0,23,6.0,6,18.0,18,390,390,390.0,0.98,0.9999960340960599,1.0,398,0.0007536468222835663,0.18395820182415168,0.0025669330643722787,0.00021483767250174424,0.0006988317968635552,2.75920606014866e-10,True,200,696,697
ZDT3,30,2,120,700,3,3,True,75,75,9,9,3,0.05405955592970773,0.05405954908870481,0.0,0.0,0.007961066688235818,0.007961065931575306,11.764573855887697,11.782464664414874,0.4360670177989224,0.43606797027734245,12.0,12,18.0,18,6.0,6,16.0,16,378,378,378.0,0.96,0.9999901461070719,1.0,398,0.001052462951437916,0.18433344455805273,0.012754066934576258,0.0007180673437687801,0.005184129708926931,2.7481689942809206e-10,True,200,699,700
ZDT3,30,2,121,703,2,3,True,95,95,4,4,2,0.04163609123321152,0.04163609185368081,0.0001491044812148394,0.00014910444747859297,0.0037944870339993303,0.003794487037579633,-1.4092148576887453,-1.4027102404434117,0.3083929251856145,0.308392206161372,6.0,6,9.0,9,4.0,4,6.0,6,378,378,378.0,0.965,0.9999533979568217,1.0,398,0.000730154525278208,0.18394311563035157,0.007496593387259054,0.00010196633593295701,0.00035662290370787266,2.7368934060423607e-10,True,200,702,703
ZDT3,30,2,122,705,5,3,True,54,53,8,8,5,0.035586290475285165,0.035586293013428444,0.0,0.0,0.013195129131312044,0.01319512805380145,1.175905842769808,1.1781316312408308,0.21385938639626276,0.21385948322867065,10.0,10,17.0,17,6.0,6,14.0,14,388,388,388.0,0.9,0.9996843170520877,1.0,398,0.0008497870929864506,0.18368207949657098,0.00578400028643955,0.00014491478839373517,0.0005008249947636644,2.7281560198013053e-10,True,200,704,705
ZDT3,30,2,123,710,2,3,True,25,25,8,8,2,0.07530650991666452,0.07530648785086934,0.0003164616477950178,0.0003164617456517891,0.009250830699933515,0.009250820868464266,5.63140655181364,5.6224295809079194,0.23122511986617425,0.23122523710869558,10.0,10,17.0,17,4.0,4,14.0,14,394,394,394.0,0.995,0.999998969118291,1.0,398,0.0010170266610794692,0.18422970976836425,0.005743807545513846,0.0002096775332215417,0.0006344860194222153,2.703032768422743e-10,True,200,709,710
ZDT3,30,2,124,712,3,3,True,46,46,19,19,3,0.05013751242930158,0.05013751247804856,0.0,0.0,0.0,0.0,0.9554211291271315,0.9475632575631607,0.19037605116118378,0.19037650072415602,22.0,22,40.0,40,6.0,6,36.0,36,392,392,392.0,0.985,0.9999907766510223,1.0,398,0.0005865150072044058,0.18390058144468882,0.0035677157866302878,0.00019642077321635476,0.0006465897060064491,2.695796449202442e-10,True,200,711,712
ZDT3,30,2,125,715,3,3,True,54,54,9,9,3,0.04832411232360273,0.048324113407877345,0.00020377234016366597,0.00020374397441003111,0.007393302700252624,0.007393285904976787,-10.221547280572814,-10.195423386772745,-0.013624303429648913,-0.013623978134361892,12.0,12,18.0,18,2.0,2,16.0,16,390,390,390.0,0.935,0.9999838517721872,1.0,398,0.0007845535178498736,0.18382634770378614,0.0035203115603508195,0.000325735700300811,0.0007507155252020732,2.6853555880362873e-10,True,200,714,715
ZDT3,30,2,126,718,3,3,True,54,54,12,12,3,0.023001465371300475,0.023001465415512456,0.0,0.0,0.006641123845152497,0.006641117902488109,-3.589775717749916,-3.5987811668164795,0.12523807920900132,0.12523809629259475,16.0,16,26.0,26,2.0,2,22.0,22,388,388,388.0,0.975,0.9999937385818961,1.0,398,0.0009881390710964988,0.18348579804954201,0.0031639148655813187,0.00028969395131561715,0.000670389359348257,2.6716937836488163e-10,True,200,717,718
ZDT3,30,2,127,721,4,3,True,43,43,9,9,4,0.0788677618235245,0.07886776520440694,0.0,0.0,0.00023860556311650245,0.0002386055602913821,8.895665841528086,8.898459463205654,0.1717009033864004,0.17170091424030076,12.0,12,19.0,19,0.0,0,16.0,16,386,386,386.0,0.955,0.9999883758416181,1.0,398,0.000529725622844905,0.18382933951412156,0.017259800302781514,0.00018019458366325125,0.0006124542207905038,2.661174099734613e-10,True,200,720,721
ZDT3,30,2,128,725,2,3,True,44,44,5,5,2,0.04837270456938162,0.04837270230634509,0.0010348567185772476,0.0010348628394430612,0.00803057751248172,0.008030577682162268,7.4969977145908615,7.884089972736547,0.579856901440731,0.5798580695683953,7.0,7,10.0,10,2.0,2,8.0,8,388,388,388.0,0.855,0.9999183306146852,1.0,398,0.0010412442939357889,0.18375965520121715,0.02346619222225854,0.00038377568745562307,0.001920917217274923,2.644658447684744e-10,True,200,724,725
ZDT3,30,2,129,727,4,3,True,36,34,5,5,4,0.1665856299780262,0.16658562729222268,0.0004871834879238389,0.00048718352676714247,0.029084325487211182,0.02908432534953931,7.402894406750775,7.4098889964516275,0.16757066985063004,0.16757060121693357,8.0,8,10.0,10,2.0,2,8.0,8,368,368,368.0,0.98,0.999994921078947,1.0,398,0.0009583044113024541,0.18377368967608834,0.010934637030004524,0.00018253353583452814,0.00041036189827240084,2.636590889342047e-10,True,200,726,727
ZDT3,30,2,130,731,2,3,True,48,48,4,4,2,0.11714501978521281,0.11714503038057365,0.00025410965400946006,0.00025408948184457714,0.015553007434343055,0.01555301581045937,-16.59741432455887,-16.644203740921512,0.21623022032203065,0.21623010216967842,7.0,7,8.0,8,2.0,2,6.0,6,392,392,392.0,1.0,1.0,1.0,398,0.0009226751463193015,0.18378283884791308,0.012806287846615305,0.00016777885790458802,0.000461805106451427,2.622682142157248e-10,True,200,730,731
ZDT3,30,2,131,733,2,3,True,26,26,5,5,2,0.0800006881583781,0.0800006946133919,0.0006095509728415129,0.0006095184926394484,0.008698755274572645,0.00869875731883607,-33.9827938538959,-33.97210652937065,0.13025285711984735,0.13025317749339393,7.0,7,10.0,10,2.0,2,8.0,8,372,372,372.0,0.95,0.9999888112280878,1.0,398,0.0006434475685436138,0.18389597342554279,0.007742113099084236,0.00021662797007593326,0.00033941259136022347,2.6155900594011867e-10,True,200,732,733
ZDT3,30,2,132,735,4,3,True,60,60,12,12,4,0.034534682270535716,0.034534681952001295,0.0,0.0,0.0012623030221321496,0.0012622974319331098,-3.6852023070950963,-3.6818571281182813,0.12749234123478576,0.12749233157307316,14.0,14,25.0,25,6.0,6,22.0,22,386,386,386.0,1.0,0.9999999999999998,1.0,398,0.0007623101140788276,0.18406173486582528,0.010403232980024768,0.00015419460949561703,0.0005565992458101789,2.606779476542533e-10,True,200,734,735
ZDT3,30,2,133,739,3,3,True,42,42,9,9,3,0.07676210589977456,0.07676210822858986,0.0009701501154355668,0.0009701486320910085,0.027770356683517405,0.027770355657467022,-18.47375543180447,-18.4792133144947,0.18503439374537958,0.18503446864964346,11.0,11,19.0,19,0.0,0,16.0,16,360,360,360.0,0.97,0.9999931946701764,1.0,398,0.00036054497513797945,0.18350354849945205,0.012303166069614235,0.0001688354724068697,0.00036686323471694433,2.5921232394241375e-10,True,200,738,739
ZDT3,30,2,134,742,4,3,True,72,72,10,10,4,0.03772457086636702,0.0377245755599393,0.005814677413036984,0.005814680649093407,0.012321831796941907,0.0123218383963372,-10.604425464838762,-10.61407832380064,0.12943612353340572,0.12943598688673852,13.0,13,21.0,21,4.0,4,18.0,18,374,374,374.0,0.95,0.999973503981636,1.0,398,0.0006934512586992421,0.18367810942392432,0.010933530596958008,0.00020102121892640046,0.0004354015614397495,2.5827459533372465e-10,True,200,741,742
ZDT3,30,2,135,746,5,3,True,65,65,16,16,5,0.03698386462923908,0.036983845081247746,0.0,0.0,0.002319675134259736,0.0023196759773966014,-6.09688228784718,-6.0956757857929915,0.03028480632476995,0.03028485353377075,18.0,18,36.0,36,6.0,6,30.0,30,370,370,370.0,0.975,0.9999938069781529,1.0,398,0.0005230973019263362,0.18349877823053107,0.002043922351731453,0.00010061953638013099,0.00020860295315022978,2.5665234958958737e-10,True,200,745,746
ZDT3,30,2,136,751,5,3,True,95,95,17,17,5,0.06654223248784365,0.06654223055876803,0.0,0.0,0.0004942835623341635,0.0004942739393408724,-3.647109889086323,-3.6487688367487863,0.0797868168474159,0.07978674408847297,21.0,21,37.0,37,14.0,14,32.0,32,386,386,386.0,0.92,0.9999353213622446,1.0,398,0.0007940614437429315,0.18387320891353393,0.00803439909577719,0.00021421628860973652,0.0004980207358533596,2.55018859556522e-10,True,200,750,751
ZDT3,30,2,137,756,4,3,True,41,41,20,20,4,0.03705236697367245,0.03705237309073317,8.904260097793854e-05,8.904267687807194e-05,0.0052672282427717165,0.005267232446466815,12.880431440601043,12.869062323501566,0.052240959545378954,0.052240702704175135,22.0,22,40.0,40,8.0,8,38.0,38,386,386,386.0,0.905,0.9999624685564861,1.0,398,0.0014262114097286255,0.1841688162391052,0.04181102802976966,0.0002376637785768132,0.0004396701317274828,2.5340383414320513e-10,True,200,755,756
ZDT3,30,2,138,760,3,3,True,55,55,8,8,3,0.07937810771362334,0.07937810518786444,0.0,0.0,0.005662648588876398,0.005662650546881753,-14.917706551879498,-14.92235718521988,0.09454580191334569,0.0945454850690588,11.0,11,16.0,16,6.0,6,14.0,14,382,382,382.0,0.965,0.9999795819778621,1.0,398,0.0006758370909163428,0.18361721703511003,0.011792062752647325,0.0001415921106267537,0.00022707180230269403,2.520284798528256e-10,True,200,759,760
ZDT3,30,2,139,763,4,3,True,24,24,10,10,4,0.10580061730232031,0.10580060185664897,5.4807983882559225e-05,5.480788144813717e-05,0.005570394318564514,0.0055703962614607454,-9.111456887976352,-9.152512638756889,0.036862592769171885,0.03686238559459909,12.0,12,21.0,21,2.0,2,18.0,18,392,392,392.0,0.955,0.9999848023622704,1.0,398,0.0009606549561446718,0.18350937186644772,0.0060102814495621715,0.00023667535970162135,0.0006811383902000164,2.508821560326778e-10,True,200,762,763
ZDT3,30,2,140,767,4,3,True,47,47,12,12,4,0.09304358234796456,0.09304357884158529,0.0,0.0,0.0004351177456025021,0.00043511772117739433,-1.9142880637355475,-1.91142507463519,0.119809141873294,0.11980921884689266,14.0,14,25.0,25,8.0,8,22.0,22,394,394,394.0,0.98,0.9999961081005144,1.0,398,0.0007176459007844626,0.18381265324057205,0.009715024496472324,0.00011695334464112417,0.00025104858105330554,2.4954578734106266e-10,True,200,766,767
ZDT3,30,2,141,771,2,3,True,46,46,3,3,2,0.09410691007368077,0.09410690961769339,0.0004403114141626474,0.0004403113416797527,0.018258122342749802,0.018258130871181985,-16.479123877310684,-16.476570088067092,0.11455222547211028,0.11455208611994294,5.0,5,7.0,7,2.0,2,4.0,4,370,370,370.0,0.985,0.9999927045803293,1.0,398,0.0008148440943784496,0.18388809024055203,0.007855462024963344,0.00014636485840258118,0.00036605404275807875,2.4817705626744364e-10,True,200,770,771
ZDT3,30,2,142,773,4,3,True,52,52,14,14,4,0.08816761187930279,0.08816759628951619,0.0,0.0,0.00013569999665024104,0.00013569932757872757,-23.27095010145709,-23.13834286641213,0.042478337942762616,0.042478907556770196,16.0,16,31.0,31,8.0,8,26.0,26,380,380,380.0,0.985,0.9999960500768124,1.0,398,0.0008615986722093425,0.1839497062912955,0.010164422867092071,0.0002370290274990028,0.0005696913937401007,2.4761604462733097e-10,True,200,772,773
ZDT3,30,2,143,777,4,3,True,73,73,18,18,4,0.04482633220646848,0.04482635739606056,0.0,0.0,0.0005518947923161708,0.0005518947110788163,18.873214590604725,19.142504772593384,0.43566246856000496,0.4356642398034154,21.0,21,38.0,38,10.0,10,34.0,34,390,390,390.0,0.85,0.9999268288720156,1.0,398,0.0010958922294277574,0.18351506685109203,0.028820899364291108,0.00034349794759691576,0.0005877214049188483,2.462534467449227e-10,True,200,776,777
ZDT3,30,2,144,781,3,3,True,53,53,12,12,3,0.06559311315363985,0.06559313184923164,0.0,0.0,0.0027910864085198273,0.0027910817490092305,0.12204566621787905,0.1292500833660597,0.08363177880847904,0.0836317588189921,14.0,14,25.0,25,8.0,8,22.0,22,384,384,384.0,0.945,0.9999720323474156,1.0,398,0.0007209216512705169,0.1838112046644702,0.007684653748583514,0.00013112370925227879,0.00032524754308985767,2.449228412824988e-10,True,200,780,781
ZDT3,30,2,145,784,5,3,True,68,68,22,22,5,0.0959034032985728,0.09590340030289699,0.0,0.0,0.00010522196544701049,0.00010522197180954079,-2.1689111376490118,-2.1620104374960647,0.14735122616975152,0.14735093103851682,25.0,25,44.0,44,8.0,8,42.0,42,382,382,382.0,0.985,0.9999790439852113,1.0,398,0.0009679438369765592,0.18395387968474225,0.005745531507272972,0.0001534305686479165,0.00039317880322218695,2.4355420902813685e-10,True,200,783,784
ZDT3,30,2,146,789,5,3,True,84,84,26,26,5,0.09631299598891895,0.09631300744461511,0.0,0.0,3.1904787842335774e-05,3.190480212301311e-05,6.978689127935581,6.98565474836505,0.1451391410576446,0.14513926317315118,28.0,28,56.0,56,14.0,14,50.0,50,392,392,392.0,0.97,0.9999942733378988,1.0,398,0.0006440688743007485,0.18374590770970206,0.012971116269909544,0.00016936966039793333,0.00044930083931646244,2.4201688651393913e-10,True,200,788,789
ZDT3,30,2,147,794,2,3,True,52,52,4,4,2,0.0810365701174093,0.08103656426590468,0.0056940359391761675,0.005694037597891721,0.02474633261979421,0.024746336764019973,16.231504722660077,16.259241949424904,0.19802691695215674,0.19802703487744466,6.0,6,9.0,9,2.0,2,6.0,6,396,396,396.0,0.985,0.9999943346900956,1.0,398,0.0004280378627570013,0.18375373784150484,0.009561485720041674,0.00015734478256490547,0.00036987602414209094,2.405803750804285e-10,True,200,793,794
ZDT3,30,2,148,796,4,3,True,36,36,7,7,4,0.02911442741805548,0.02911442325177927,0.00014515356664657197,0.00014515389772792875,0.015994038338011884,0.01599403937957894,-1.594115434484742,-1.5908604230935453,0.02054761737523035,0.020547215584437062,10.0,10,15.0,15,4.0,4,12.0,12,384,384,384.0,0.975,0.9999939461863794,1.0,398,0.0006712366259231867,0.18372123335007357,0.011576126602449222,0.00011239674216123596,0.00029024393869667327,2.400191063517781e-10,True,200,795,796
ZDT3,30,2,149,800,3,3,True,61,61,11,11,3,0.10867745939202497,0.10867745188502592,0.0,0.0,0.01259386387917541,0.012593863343099754,4.089533580671997,4.091739078896353,0.10261352781248234,0.10261323783908338,14.0,14,22.0,22,4.0,4,20.0,20,380,380,380.0,0.92,0.999951534108583,1.0,398,0.0004644358771244888,0.18371879602578872,0.010279903839546023,0.00020251688420103164,0.0004826230643223978,2.3885391029825285e-10,True,200,799,800
ZDT3,30,2,150,803,5,3,True,65,65,16,15,5,0.12953726343289307,0.12953725883501876,0.0,0.0,0.0050083062550195095,0.002824604030303546,-1.217820267441219,-1.2283159178623464,0.04767711094833163,0.05389061245931259,18.0,17,31.0,29,8.0,8,30.0,28,390,390,390.0,0.66,0.9992846963118817,1.0,398,0.014861899141140156,0.18101586300986683,0.02624448907226906,0.000117115662774947,0.00029157015062577,2.380404348856233e-10,True,200,802,803
ZDT3,30,2,151,808,4,3,True,77,77,9,9,4,0.06047825800679829,0.06047829234042423,0.0,0.0,0.008400806302699348,0.008400805618015206,10.845247979591704,10.779549303348176,0.08888437750282005,0.08888442207955904,11.0,11,20.0,20,4.0,4,16.0,16,380,380,380.0,0.68,0.9997446659184455,1.0,398,0.014132233715869212,0.18422633285699444,0.02149814094445901,0.00023698722667808703,0.00046795226389910574,2.3668735987208594e-10,True,200,807,808
ZDT3,30,2,152,812,3,3,True,49,49,8,8,3,0.039382069193031,0.03938206936060476,0.0,0.0,0.002575664861500256,0.002575663108682801,-8.010506716272403,-9.417927653033985,0.07427979413946086,0.07427979762954218,11.0,11,16.0,16,6.0,6,14.0,14,366,366,366.0,0.58,0.9990179752280367,1.0,398,0.020341731830415183,0.18550307584189119,0.006145063996882527,0.00012718453350685222,0.00027871232392519474,2.354889304525206e-10,True,200,811,812
ZDT3,30,2,153,815,4,3,True,50,50,10,10,4,0.0683517397147686,0.06835173267727468,0.0,0.0,0.017802029901935412,0.01780202966509277,-8.053904822737152,-9.227045772036945,0.04508132714124596,0.04508132486180827,12.0,12,21.0,21,4.0,4,18.0,18,388,388,388.0,0.7,0.9993336324283955,1.0,398,0.015030939690693247,0.18531709114286712,0.007284227256604936,7.47966582821391e-05,0.0001417072015870085,2.346512429034884e-10,True,200,814,815
ZDT3,30,2,154,819,4,3,True,37,37,11,11,4,0.0208927232804125,0.020892721823245967,9.568588959254706e-05,9.568588289344052e-05,0.004126703525644704,0.004126702378163649,-25.337646671687395,-24.549834137113066,0.04219650456814429,0.04219844255653982,13.0,13,22.0,22,2.0,2,20.0,20,370,370,370.0,0.735,0.9993798225482649,1.0,398,0.009889454566061554,0.18224013490565796,0.02936078105994966,0.00025653712737039314,0.000541689931506345,2.336430928344776e-10,True,200,818,819
ZDT3,30,2,155,823,4,3,True,63,63,17,17,4,0.03887681219826046,0.03887681306895579,0.0,0.0,0.0035686140497132035,0.0035686138574892445,3.0935494693565886,3.1587137350288685,0.06884910237571013,0.06884901615644878,21.0,21,37.0,38,10.0,8,32.0,32,378,378,378.0,0.66,0.998553360808972,1.0,398,0.024283573316621926,0.18442080141071537,0.0034033658102998743,8.418642262053577e-05,0.00018380272483432505,2.3219033303838201e-10,True,200,822,823
ZDT3,30,2,156,827,4,3,True,81,80,13,13,4,0.04115708980629862,0.04115710423967578,0.0,0.0,0.0004215642145609655,0.00042155942561483695,-4.205181993116305,-3.8675819968921132,0.04677266076708362,0.046772706205494785,16.0,16,27.0,27,2.0,2,22.0,24,370,370,370.0,0.68,0.9993016268136884,1.0,398,0.029714165310763138,0.18642724054384344,0.004771133224494406,0.00015920322260853936,0.000328964304622449,2.3098557775274487e-10,True,200,826,827
ZDT3,30,2,157,831,3,3,True,60,60,10,10,3,0.11216562337234472,0.11216563099659048,0.0,0.0,0.0023091053582911733,0.002309107043878142,24.515009511366337,24.480172208503063,0.11493358884635085,0.11493364417534124,13.0,13,20.0,20,4.0,4,16.0,16,378,378,378.0,0.615,0.997408842494633,1.0,398,0.012775754859784574,0.18858840992568826,0.002521521113521885,9.129075442615431e-05,0.00021196542325445513,2.2977260605344382e-10,True,200,830,831
ZDT3,30,2,158,834,3,3,True,77,77,28,28,3,0.11165077215416067,0.11165077587877989,0.0,0.0,0.0,0.0,38.95984745744004,38.683103251925786,0.08554056078050433,0.08554045739256821,30.0,30,58.0,58,8.0,8,54.0,54,392,392,392.0,0.75,0.9985885950494732,1.0,398,0.01333426775591642,0.18922870073526604,0.009144603101958637,0.00018163585309594055,0.0004165528809493948,2.290246215790143e-10,True,200,833,834
ZDT3,30,2,159,837,4,3,True,79,78,16,15,3,0.03133901112269549,0.03133901089675892,0.0,0.0,3.600320833658556e-05,1.775786788792838e-05,-2.536488091273249,-3.728617714950815,0.02370662237451648,0.02370664416184809,19.0,18,34.0,32,6.0,8,30.0,28,380,378,380.0,0.63,0.9971897514503516,1.0,398,0.02417895717236186,0.17696057973632448,0.006589913849893492,0.0001264561239827655,0.0002151268567427964,2.2810660857262628e-10,True,200,836,837
ZDT3,30,2,160,841,5,3,True,108,108,24,26,6,0.08676105785214154,0.08676106328132586,0.0,0.0,4.9115888397816e-05,0.0,27.046771271517095,30.218556477557286,0.21738680747149194,0.21315986754734695,27.0,28,52.0,55,4.0,6,46.0,50,368,368,368.0,0.465,0.9958367212165672,1.0,398,0.03490378961002582,0.17583861612892604,0.02078867940872442,0.00046355028007383225,0.0010495002243023398,2.2705910396411196e-10,True,200,840,841
ZDT3,30,2,161,846,2,3,True,77,77,4,4,2,0.10940629980382767,0.10940630469135992,0.0,0.0,0.0002705402050582756,0.000270545418647683,10.752990843543515,10.867389286038815,0.07216524910545391,0.07216528671120415,6.0,6,10.0,10,2.0,2,6.0,6,396,396,396.0,0.595,0.9993743459125323,1.0,398,0.021875063768587184,0.17798512898550983,0.004215116650811979,9.539247291190378e-05,0.0001888011302932307,2.2571355502950967e-10,True,200,845,846
ZDT3,30,2,162,848,3,3,True,64,64,9,9,3,0.09439771910453118,0.09439771748208617,0.0,0.0,0.013470755309932692,0.013470759517229314,10.887223736813539,14.012211402950925,0.24247100903310875,0.24247122475819083,13.0,13,18.0,18,6.0,6,16.0,16,386,386,386.0,0.505,0.9911609526393391,1.0,398,0.027102977524395847,0.18211721674105613,0.01887609201548912,0.00015821801505683242,0.00023523090135948104,2.2522296498058395e-10,True,200,847,848
ZDT3,30,2,163,851,4,3,True,76,76,17,18,4,0.04773885949411327,0.04773885625478741,0.0,0.0,0.00013102672440273855,0.0002538292584243762,8.688708331787218,7.4578222879063105,0.09128000893325848,0.09050112408739608,19.0,20,35.0,36,6.0,4,32.0,32,374,376,374.0,0.505,0.9960465876472031,1.0,398,0.042210607860519694,0.18415082413657546,0.00553530153047177,0.00019315657118568197,0.0003156503182891635,2.2442122144241283e-10,True,200,850,851
ZDT3,30,2,164,855,6,3,True,80,80,12,12,6,0.0493806986914778,0.04938071163382752,0.0,0.0,0.009038402447034966,0.009038403327968653,-4.339780625520952,-5.3153507705901575,0.07222550745531625,0.07222547947338853,14.0,14,25.0,25,4.0,4,22.0,22,388,388,388.0,0.585,0.9983938492007908,1.0,398,0.023253281265622126,0.18778466089276624,0.005015211145746434,0.00013276510458126722,0.00037157356202026137,2.2350942781873497e-10,True,200,854,855
ZDT3,30,2,165,861,3,3,True,41,41,13,13,3,0.06717710263485532,0.06717712455207159,0.0,0.0,0.004751260601793983,0.004751259639865668,14.075747290551263,14.016415336205682,0.05382342639844371,0.05382331699877341,15.0,15,26.0,26,10.0,8,22.0,22,388,388,388.0,0.605,0.9986179969308518,1.0,398,0.02334823958744491,0.18805024449844226,0.0023236949655256467,0.0001762980632505906,0.0003071246845759612,2.2195434130883198e-10,True,200,860,861
ZDT3,30,2,166,864,4,3,True,72,72,7,7,4,0.040890791524656384,0.0408907998158477,0.0028394427245154175,0.0028394425374450027,0.02112643108605594,0.021126410641319926,-28.392420911851026,-29.1144685990148,0.046168821841388846,0.04616875799665365,10.0,10,15.0,15,4.0,4,12.0,12,378,378,378.0,0.61,0.9968954774862673,1.0,398,0.01905927995808985,0.1913301532039317,0.010021354321906983,0.0002135050456135157,0.00039377234935008133,2.2103323075054176e-10,True,200,863,864
ZDT3,30,2,167,868,3,3,True,54,54,23,23,3,0.0480396586822186,0.048039661840343695,0.0,0.0,0.0,0.0,-16.911141210493163,-16.973518713057274,0.07068626491473484,0.07068628620675099,27.0,27,48.0,48,8.0,8,44.0,44,388,388,388.0,0.685,0.9992086770394382,1.0,398,0.012119437969758314,0.18000991491764998,0.006716109375702217,0.0001579060626681894,0.0003480168685345685,2.2003407246909018e-10,True,200,867,868
ZDT3,30,2,168,871,4,3,True,46,46,19,19,4,0.04175934706920312,0.04175935694859981,0.0,0.0,0.0015824397607634433,0.0015824391158098527,-3.345655291756117,-2.847300995956175,0.041424969871796155,0.041424862006124386,23.0,23,39.0,39,8.0,8,36.0,36,388,388,388.0,0.495,0.9976315963229833,1.0,398,0.05717088740996227,0.18959400662579584,0.006009245931636542,0.00021754628760828343,0.00037915775244168093,2.1933313849939196e-10,True,200,870,871
ZDT3,30,2,169,875,5,3,True,96,96,18,15,4,0.07587680673414476,0.07587681298691953,0.0,0.0,0.004407565792961143,0.00477152104548062,3.342982026153777,0.48581873724469915,0.05039436574516659,0.05017513179666366,21.0,18,37.0,31,4.0,4,34.0,28,396,396,396.0,0.605,0.9985535831598141,1.0,398,0.018952912660466736,0.18503250627596268,0.00810587425075937,9.547801977571879e-05,0.00018673425468077018,2.1823497857387366e-10,True,200,874,875
ZDT3,30,2,170,880,5,3,True,48,48,11,11,5,0.06088835758755187,0.060888339556837645,1.7841027174392288e-05,1.7830418148734317e-05,0.008278171101691656,0.008278179828129562,-5.359486041179942,-5.506878246320412,0.03363540957827325,0.033635380743362475,14.0,14,21.0,21,4.0,4,20.0,20,384,390,384.0,0.63,0.9993115637432978,1.0,398,0.02701067123234202,0.19002323556334855,0.007578362739877775,7.554093661377159e-05,0.00013041015871988537,2.1714849556596833e-10,True,200,879,880
ZDT3,30,2,171,885,3,3,True,77,76,4,4,3,0.05235860925598624,0.05235862025424063,0.00423994057563587,0.004239941706122852,0.007072828527462577,0.007072829876358655,2.5366350217603326,2.6232625271368306,0.05012622320261971,0.05012620719548977,6.0,6,9.0,9,0.0,0,6.0,6,396,394,396.0,0.475,0.9986645262263721,1.0,398,0.03247420595455093,0.19489907566912762,0.0063793423905735835,0.00024413003766382557,0.00045878243248195484,2.156876907947617e-10,True,200,884,885
ZDT3,30,2,172,888,3,3,True,78,78,14,14,4,0.1495019606848062,0.14950196199012009,0.0,0.0,0.001317897261412071,0.0013179100322429638,-9.119296656839701,-9.20537395880092,0.050619067357230894,0.05061917187140352,16.0,16,29.0,29,0.0,2,26.0,26,376,372,376.0,0.615,0.9990962980165717,1.0,398,0.015749356503379344,0.188075385789591,0.007832498755306005,0.00012566041634443081,0.0003023381046117979,2.1496859750901411e-10,True,200,887,888
ZDT3,30,2,173,891,4,3,True,56,56,8,7,3,0.11360233373797858,0.1136023186261938,0.0024765339747381265,0.002476541243589092,0.0058269758902419755,0.006513538648710515,-27.76143557209742,-31.649349401064683,0.050285633484220306,0.05349130380727729,10.0,9,16.0,14,2.0,6,14.0,12,388,388,388.0,0.64,0.9993696793623318,1.0,398,0.013410991284988934,0.18566685632942287,0.010625720635289326,5.1669369581119895e-05,9.191594784813578e-05,2.1430938743340386e-10,True,200,890,891
ZDT3,30,2,174,895,2,3,True,104,104,4,4,2,0.0733511929328038,0.0733512044525762,0.001655435791441895,0.0016554096865363244,0.009961595419610234,0.009961596969032406,-15.078241915072056,-17.44272097805515,0.1459137325264301,0.14591390464192955,7.0,7,8.0,8,2.0,2,6.0,6,384,378,384.0,0.705,0.9974828008302611,1.0,398,0.01714863600984602,0.1839751016679716,0.004770367493620142,4.9719500147205054e-05,0.00010707001639669328,2.134244121143682e-10,True,200,894,895
ZDT3,30,2,175,897,5,3,True,56,56,14,11,5,0.026835955825077362,0.02683599530196834,0.0,0.0013882263567153719,0.008376390787936283,0.00935251804662346,-3.678889690480325,-5.876659759436734,0.030915640687160854,0.011219552987313364,16.0,13,30.0,22,8.0,2,26.0,20,370,370,370.0,0.67,0.999249599967038,1.0,398,0.019723213307797076,0.18840435323385435,0.005050410647527315,0.0001038874960919145,0.00018503595729702784,2.1293391841893238e-10,True,200,896,897
ZDT3,30,2,176,902,5,3,True,67,67,31,31,5,0.06581113855754957,0.06581114331146114,0.0,0.0,3.901433362497875e-05,3.901433280974198e-05,3.365454320659026,3.1894001629552804,0.030481081203937405,0.03048109736027982,35.0,35,61.0,61,4.0,4,60.0,60,390,390,390.0,0.6,0.9984874690020544,1.0,398,0.03157163535280284,0.20001487023709807,0.009387749421875924,8.406712004216388e-05,0.00016281069864364431,2.1180019167256424e-10,True,200,901,902
ZDT3,30,2,177,907,7,3,True,88,88,33,33,7,0.06337082576376626,0.06337081821214496,0.0,0.0,0.0,0.0,-4.1578474760524315,-4.278133383253589,0.045814659935579594,0.04581464981856698,35.0,35,72.0,72,12.0,12,64.0,64,386,386,386.0,0.61,0.9984942834125357,1.0,398,0.01594079992793225,0.18359360235616212,0.0038248091586865485,3.818310095660138e-05,9.334199120299379e-05,2.1072405522584555e-10,True,200,906,907
ZDT3,30,2,178,914,3,3,True,51,51,8,8,3,0.050591376859136714,0.05059140187483302,0.0,0.0,0.005490541949516502,0.005490572134105233,-140.76095436069696,-154.23320727987448,0.5568689637303129,0.5568686724545842,10.0,10,18.0,18,4.0,4,14.0,14,376,376,376.0,0.66,0.9989478180818736,1.0,398,0.13749362219947664,0.14279563702114817,0.017197098990436643,0.0014170667054305142,0.003378315021676003,2.0923823386998496e-10,True,200,913,914
ZDT3,30,2,179,917,3,3,True,42,42,10,10,3,0.13723404154005403,0.13723403569761777,8.956736815172311e-05,8.956736431941364e-05,0.0024983804738702015,0.0024983836725873485,16.24640394021356,14.430331431678496,0.14308258832113796,0.14308254022125766,13.0,13,21.0,21,4.0,4,18.0,18,398,398,398.0,0.635,0.9988481805480424,1.0,398,0.035781193049453666,0.18255508856720154,0.0050904978706967086,0.00038633435264578964,0.00163213530518959,2.0842333192531404e-10,True,200,916,917
ZDT3,30,2,180,920,4,3,True,74,74,14,14,4,0.0657655423390073,0.06576554096734241,0.0,0.0,0.006536538757909716,0.006536518398843928,-86.55001543507628,-89.9158927911194,0.25051115970085003,0.25051068785978714,16.0,16,29.0,29,4.0,4,26.0,26,348,348,348.0,0.53,0.9981681710472563,1.0,398,0.05739888446314459,0.1844734473187755,0.007433563077938743,0.0007784427649104586,0.0020989411415964195,2.0402718499550217e-10,True,200,919,920
ZDT3,30,2,181,924,3,3,True,102,102,17,17,3,0.04610962536436174,0.04610964095126069,0.0,0.0,0.0007071358130325903,0.0007071360026426471,6.027172003013938,6.59658006276004,0.14443151641209648,0.14443193434908608,20.0,20,35.0,35,4.0,4,32.0,32,382,384,382.0,0.605,0.9994477713875171,1.0,398,0.03457925260413949,0.1622869159713152,0.0088629292731639,0.00014691220712848008,0.000433765527460048,1.9145855034315857e-10,True,200,923,924
ZDT4,10,2,1,109,5,3,True,86,86,34,34,5,0.07252498371542544,0.0725249824391353,0.0,0.0,0.0015727635608103196,0.0015727599493410294,0.3918792479958846,0.35519422330897676,0.02619434978977875,0.026188118451480634,36.0,36,69.0,69,6.0,6,66.0,66,366,374,366.0,0.43,0.9975013895874477,1.0,398,0.040852857309634644,0.18526631983144742,8.843543167491191,0.01133201275212241,0.0002801489368178196,0.0013090148186323735,True,200,108,109
ZDT4,10,2,2,114,3,3,True,103,103,13,13,3,0.02434181655475566,0.02434185525461209,0.0,0.0,0.006017648224560163,0.006017814267464505,0.6829236939533825,0.6721504064528575,0.10284142251256372,0.10284086031684529,15.0,15,25.0,25,6.0,6,24.0,24,376,376,376.0,0.385,0.9923680478665486,1.0,398,0.011608287083079618,0.19298154578565385,1.0723847738537131,0.0023438889521094908,7.057982943343792e-05,9.465952549804398e-05,True,200,113,114
ZDT4,10,2,3,117,6,3,True,50,50,29,30,7,0.10117954446612261,0.10117954226132217,0.0,0.0,0.004163472770165322,0.004153397298487963,0.4686646210051659,0.4325400170676429,0.1099101155435392,0.10410515456484008,31.0,32,59.0,60,8.0,10,56.0,58,390,390,390.0,0.775,0.9998798178972991,1.0,398,0.01194477794925683,0.19207337892627127,0.41015652533639013,0.0010153973067516461,2.3427524500003682e-05,7.2180926791782985e-06,True,200,116,117
ZDT4,10,2,4,123,2,3,True,70,70,23,23,2,0.03883143956187218,0.03883143834266284,0.0,0.0,0.004794774338073571,0.004794790233656476,-2.375713844379309,-2.3766746837837287,0.18157681672419534,0.18157634198469105,30.0,30,45.0,45,8.0,8,42.0,42,398,398,398.0,0.795,0.9998973231321223,1.0,398,0.0030344734686560473,0.1837991930923777,0.45540713326958127,0.001305785783917393,0.00015728489720835142,4.928751836570828e-06,True,200,122,123
ZDT4,10,2,5,125,3,3,True,27,27,10,10,3,0.06680229921849562,0.06680229771636187,0.00485263749315952,0.004852653430224112,0.030523521848545405,0.030523587554357162,-2.2577891076683656,-2.2636302957243153,0.05034917598498832,0.05034930370391369,14.0,14,19.0,19,4.0,4,18.0,18,390,390,390.0,0.93,0.9999731384615339,1.0,398,0.0014209799984241786,0.18379157294118376,0.17454326771142803,0.0005326403386300693,1.5045129381079308e-05,4.506130518484569e-06,True,200,124,125
ZDT4,10,2,6,128,2,3,True,57,57,4,4,2,0.02486568757800081,0.02486568780133215,0.012608843486964583,0.012608835434761025,0.017965187034691348,0.017965190049732176,-1.5110816041891297,-1.515036237723391,0.40478318119756646,0.40478260353159035,6.0,6,9.0,9,4.0,4,6.0,6,380,380,380.0,0.85,0.9999090946332657,1.0,398,0.0032997646438168516,0.1830445763288208,0.18279587410836662,0.0006538250907328069,0.008369987278468539,3.6518390094479825e-06,True,200,127,128
ZDT4,10,2,7,130,3,3,True,52,52,8,8,3,0.12594079296807908,0.12594078391080402,0.0,0.0,0.006673907045045502,0.006673903673811564,-2.0134257446694512,-2.0227532733350495,0.42485629661160346,0.4248553552477606,9.0,9,17.0,17,4.0,4,14.0,14,396,396,396.0,0.975,0.9999852326311299,1.0,398,0.0033259298244946154,0.1808692723094102,3.5962868456506953,0.0008135516395677209,0.009748233741419305,3.5815359047006815e-06,True,200,129,130
ZDT4,10,2,8,133,4,3,True,30,30,15,15,4,0.07498303325274541,0.07498300423518497,0.0,0.0,0.013917616974595759,0.013917654293077952,0.08352715504629415,0.08015936147906681,0.15069961753225342,0.15069932170840572,19.0,19,32.0,32,2.0,2,26.0,26,392,392,392.0,0.885,0.9999474093345443,1.0,398,0.0018126090856079523,0.18350845769898444,0.17877388385998927,0.0004127413466693472,1.953399354092182e-05,3.5080762359781475e-06,True,200,132,133
ZDT4,10,2,9,137,3,3,True,54,54,12,12,3,0.029088003272583464,0.029087988187119312,0.0,0.0,0.006744722138738862,0.006744724195213325,-1.3519600780472594,-1.352255252440747,0.10879707582723139,0.108797021458827,14.0,14,25.0,25,2.0,2,22.0,22,394,394,394.0,0.96,0.999963186277794,1.0,398,0.00136989351048456,0.18388758271512207,0.17264260425293543,0.0003626609056581742,2.217788839334785e-05,2.1472560212854054e-06,True,200,136,137
ZDT4,10,2,10,140,4,3,True,87,87,7,7,4,0.0325556493714409,0.032555651397175644,0.0,0.0,0.00633877129257393,0.006338770589553011,-2.684209896256327,-2.6862412150866954,0.15579841900580643,0.1557983328433249,8.0,8,15.0,15,0.0,0,12.0,12,392,392,392.0,0.97,0.9999541063895542,1.0,398,0.0011962002934182677,0.18279817851973268,0.06865222763628731,0.0001809723080339826,0.0015795274272353674,1.1040991136360176e-06,True,200,139,140
ZDT4,10,2,11,144,4,3,True,79,79,16,16,4,0.044551639455610026,0.044551669501745716,0.0,0.0,0.0021563333527620902,0.002156332469050167,-3.419066890787766,-3.416627241186512,0.17153182748938037,0.1715321315349772,18.0,18,33.0,33,8.0,8,30.0,30,384,384,384.0,0.98,0.9999958995686965,1.0,398,0.0008863347246251512,0.18395326830228126,0.2239511650109094,0.0009569658792999702,0.0021347046036860294,5.498536019241958e-07,True,200,143,144
ZDT4,10,2,12,148,2,3,True,32,32,4,4,2,0.15706582025228658,0.15706580493612554,0.012608292254183695,0.012608293065691528,0.017281902023545175,0.017281901494925332,-2.8152558302515267,-2.8357998959234627,0.09109298785896508,0.09109237235470292,6.0,6,9.0,9,4.0,4,6.0,6,396,396,396.0,0.915,0.9999650112438201,1.0,398,0.006188254132838553,0.17913353265286514,0.5411788825067863,0.0012145753239787144,0.0028406973211883824,4.221811899504121e-07,True,200,147,148
ZDT4,10,2,13,150,3,3,True,67,67,7,7,3,0.031533642015697666,0.03153362302571995,0.0,0.0,4.103947907696526e-05,4.111122845951165e-05,-0.2654162204011179,-0.26623821301015776,0.08299315739904536,0.08299310860584211,9.0,9,16.0,16,6.0,6,12.0,12,378,378,378.0,0.98,0.9999948347159682,1.0,398,0.0008437963850462242,0.18406725348852873,0.07458182834977833,0.00043025735095686066,2.9973099515851444e-05,4.1443506640853155e-07,True,200,149,150
ZDT4,10,2,14,153,2,3,True,17,17,7,7,2,0.13323015944883201,0.13323015896926302,0.0071165932432819545,0.007116594129627951,0.04203368826081134,0.04203368179553155,-0.7853707642162302,-0.7837623746634403,0.03385527311437886,0.03385535614405454,10.0,10,15.0,15,2.0,2,12.0,12,362,362,362.0,0.975,0.9999918991727224,1.0,398,0.0007718657762158082,0.18341633966752446,0.15334024624860376,0.00035916246810297793,5.243104881781653e-05,2.417622664713042e-07,True,200,152,153
ZDT4,10,2,15,155,3,3,True,60,60,11,11,3,0.018381411557131938,0.018381412633228705,0.0,0.0,0.0,0.0,-7.277963794273525,-7.284763893669964,0.17925913881738048,0.1792588767875087,11.0,11,26.0,26,6.0,6,18.0,18,342,342,342.0,0.98,0.9999510651524585,1.0,398,0.0005615101048956665,0.18333463725381988,0.11914876335783653,0.00030637528123086955,0.0005868078476529765,2.0446384154030601e-07,True,200,154,155
ZDT4,10,2,16,158,3,3,True,34,34,8,8,3,0.08113285851004878,0.08113285566738952,0.003871309587831162,0.0038713097574473165,0.018342327601731358,0.01834233181298208,-2.7340173201943703,-2.7434479550064275,0.06166211294646984,0.06166202801766042,10.0,10,17.0,17,2.0,2,14.0,14,378,378,378.0,0.97,0.9999831321539742,1.0,398,0.0014996885743705874,0.18264492765414536,0.3765532129283713,0.0007765844231753527,0.0010472287810123543,1.990851524142709e-07,True,200,157,158
ZDT4,10,2,17,161,4,3,True,38,38,11,11,4,0.08087710607941427,0.08087710855244827,0.0,0.0,0.008851001698522334,0.008851001990373437,-0.0019673395816734995,-0.0020469031022180666,0.05180009363024417,0.051800218853489496,13.0,13,23.0,23,4.0,4,18.0,18,380,380,380.0,0.92,0.9998829619030043,1.0,398,0.0004253090349787511,0.18334445638788444,0.27567645162952026,0.00037725059805641253,0.00039179402112620094,1.9494145853782129e-07,True,200,160,161
ZDT4,10,2,18,165,6,3,True,46,46,16,16,6,0.14220352883252463,0.1422035384111248,0.0,0.0,0.0009307771610819193,0.0009307618742666057,0.014299171921770437,0.01410889020889115,0.05286044724097454,0.052860364821786826,18.0,18,32.0,32,4.0,4,28.0,28,364,364,364.0,0.98,0.9999940104764264,1.0,398,0.00044204513118211325,0.1831744547390834,0.07652058777788184,0.00025295492355825733,3.9219892693437676e-05,1.0536977114928134e-07,True,200,164,165
ZDT4,10,2,19,171,3,3,True,44,44,9,9,3,0.04040408519325849,0.04040406579962919,0.0,0.0,0.003133905368329498,0.003133906045893829,-1.0085381732396073,-1.004109750416269,0.06161708510653828,0.06161689681516542,12.0,12,19.0,19,4.0,4,16.0,16,380,380,380.0,0.97,0.9999909078487375,1.0,398,0.0010227248010407607,0.18374993885538854,0.05958431097876371,0.00014950973973750122,2.0727087104338868e-05,2.4969443897341942e-08,True,200,170,171
ZDT4,10,2,20,174,4,3,True,45,45,8,8,4,0.07179561187713093,0.07179559651356682,0.0,0.0,0.003637340870055926,0.003637335235681955,-1.112755832966485,-1.1095195951740693,0.10324162794579503,0.10324126772601264,10.0,10,17.0,17,4.0,4,14.0,14,392,392,392.0,0.995,0.9999984450981756,1.0,398,0.001294575413988696,0.18338490609767966,0.0627277451854269,0.0001547119475730054,1.2014121268250792e-05,2.1346417342197415e-08,True,200,173,174
ZDT4,10,2,21,178,3,3,True,36,36,3,3,3,0.04669302051344584,0.04669303400025417,0.02688250306805129,0.026882503521831254,0.03054613590563504,0.0305461358611947,-5.004728443030821,-5.029739638002083,0.12826440845355883,0.1282648063803699,6.0,6,6.0,6,4.0,4,4.0,4,374,374,374.0,0.99,0.9999976517817988,1.0,398,0.0002972414378538358,0.1835078423205096,0.19444505929699574,0.0004441753530139009,0.0010895825970593926,1.958345823303447e-08,True,200,177,178
ZDT4,10,2,22,181,3,3,True,49,49,14,14,3,0.05094990440492632,0.05094989505364698,0.0,0.0,0.0006787727200918728,0.0006787732685095824,0.09596909026719658,0.09688829143518639,0.08750615800593786,0.08750645152235043,16.0,16,31.0,31,8.0,8,26.0,26,372,372,372.0,0.98,0.9999949414027892,1.0,398,0.0007103088518504016,0.18373460875926062,0.13876762074369253,0.0002770054487422711,1.647580315803427e-05,1.8635845515398567e-08,True,200,180,181
ZDT4,10,2,23,184,4,3,True,41,41,14,14,4,0.08364741691709295,0.08364740599771364,0.0,0.0,0.00790854309151176,0.007908539257142522,4.550722230886372,4.5509436969872565,0.030489472880541824,0.030489474022062854,16.0,16,29.0,29,2.0,2,26.0,26,392,392,392.0,0.99,0.9999974863447476,1.0,398,8.723539789465008e-05,0.18352458086101264,0.1350390017098846,5.87582725872721e-05,3.771175535989805e-06,1.8163712417647568e-08,True,200,183,184
ZDT4,10,2,24,188,3,3,True,21,21,7,7,3,0.09614095280947525,0.09614096164787904,0.0008208699862179356,0.0008208699900889432,0.0083082220607395,0.008308223185420117,1.9218981335485452,1.9218430875829424,0.01523635925300528,0.015236323973831019,9.0,9,15.0,15,4.0,4,12.0,12,374,374,374.0,0.98,0.9999957755617648,1.0,398,3.707201564746068e-05,0.1835034798467688,0.16595659085617953,7.18751178264876e-05,3.0612288139011854e-05,1.343314266752691e-08,True,200,187,188
ZDT4,10,2,25,191,4,3,True,33,33,8,8,4,0.08575609926050881,0.08575610322703824,0.0018832739557014255,0.0018832737993605408,0.0282361755443835,0.028236169483999478,3.073706628162803,3.0738456613286997,0.01832474533953319,0.018324788246174596,10.0,10,17.0,17,2.0,2,14.0,14,382,382,382.0,0.99,0.9999971707012533,1.0,398,9.452041269368396e-05,0.1835022179220763,0.08456902081180928,0.00011149474903575114,2.37589792688974e-05,1.2781914466633853e-08,True,200,190,191
ZDT4,10,2,26,195,4,3,True,66,66,7,7,4,0.03685312796310162,0.03685311269600284,0.0,0.0,0.0019383955064046152,0.0019383954804418069,0.08397711403612007,0.08409760376426034,0.011681595722908283,0.011681738027884634,9.0,9,15.0,15,4.0,4,12.0,12,380,380,380.0,0.985,0.9999965666689716,1.0,398,0.00019904186989092812,0.18344186721616568,0.16098163886442762,9.93033778809993e-05,8.045690315812346e-06,1.2481811538341405e-08,True,200,194,195
ZDT4,10,2,27,199,2,3,True,26,26,12,12,2,0.05706136714251381,0.057061355786583,0.001399367062647699,0.0013993788296455265,0.018537523623515823,0.0185375236437402,6.631501936984339,6.629772056527708,0.012817037964705165,0.01281664021623672,15.0,15,25.0,25,2.0,2,22.0,22,398,398,398.0,0.99,0.9999969760135633,1.0,398,4.115183458009067e-05,0.18350904868743562,0.07484297663998518,4.6343525772379966e-05,2.684792606392817e-06,3.2011771150911946e-09,True,200,198,199
ZDT4,10,2,28,201,4,3,True,54,54,15,15,4,0.11385284703037157,0.11385285226980624,0.0,0.0,0.004693520373748594,0.004693517260668356,1.3716125457044583,1.3717125261648995,0.028220531980499917,0.028220469053122997,19.0,19,32.0,32,8.0,8,28.0,28,386,386,386.0,0.985,0.9999922866695139,1.0,398,4.065879408081319e-05,0.1834790866322465,0.020536079117718486,3.667922559946518e-05,2.1965188138982645e-06,2.993302655135994e-09,True,200,200,201
ZDT4,10,2,29,205,3,3,True,55,55,14,14,3,0.1197619170795646,0.11976189242473764,0.0,0.0,0.0023830793917666293,0.0023830802125018313,6.769097055113171,6.769578307821461,0.00047058612083262266,0.00047059436604507914,17.0,17,30.0,30,8.0,8,26.0,26,394,394,394.0,0.98,0.9999875889714356,1.0,398,4.7739783504596067e-05,0.18349829117421088,0.029871011567038863,4.794398617136153e-05,3.1124443162266617e-06,1.0609120041312135e-10,True,200,204,205
ZDT4,10,2,30,208,5,3,True,57,57,19,19,5,0.22551555649955282,0.22551558368551997,0.0,0.0,0.006092753689159236,0.006092786701192343,6.1575626466208355,6.158410011573423,0.0008016894630029925,0.0008016958795691051,21.0,21,41.0,41,2.0,2,36.0,36,394,394,394.0,1.0,1.0,1.0,398,7.045506762478807e-05,0.1834667779889732,0.019766795940441284,3.8794691703339336e-05,2.3936362158031287e-06,1.0405123068874305e-10,True,200,207,208
ZDT4,10,2,31,213,2,3,True,61,61,11,11,2,0.07540520135557162,0.07540521090224958,0.0,0.0,0.0,0.0,-40.13369644851481,-40.13228193975801,0.002647346500679225,0.002647370730633912,8.0,8,24.0,24,6.0,6,20.0,20,368,368,368.0,0.985,0.9999915187683814,1.0,398,2.611964902871956e-05,0.18350392737039903,0.9352735291564613,8.36589376547181e-05,2.1897585695329578e-05,9.573016493372912e-11,True,200,212,213
ZDT4,10,2,32,215,6,3,True,90,90,52,52,6,0.04876693736231774,0.0487669002005785,0.0,0.0,0.0,0.0,7.721458400468624,7.721038466258398,0.0011637399152521972,0.0011637472640400406,55.0,55,112.0,112,8.0,8,102.0,102,394,394,394.0,0.99,0.9999975230451611,1.0,398,2.9142921896856854e-05,0.18350753924957286,0.02795595327101097,3.636343483037763e-05,2.3331177213492393e-06,9.321460363015567e-11,True,200,214,215
ZDT4,10,2,33,221,4,3,True,41,41,5,5,4,0.20662787831373342,0.20662786129512153,0.004879226405775844,0.004879225710532051,0.03937880048875242,0.03937879958690327,-1.434206326458419,-1.4327974440569475,0.0005493176035368981,0.0005493278316256915,7.0,7,11.0,11,2.0,2,8.0,8,398,398,398.0,1.0,1.0,1.0,398,7.585325577363931e-05,0.1834955432053672,0.05830555464098097,4.8931466492460433e-05,0.0002126401665392902,8.654536705019903e-11,True,200,220,221
ZDT4,10,2,34,225,3,3,True,43,43,5,5,3,0.23892960456015444,0.23892961348623243,0.0,0.0,0.031067228946699832,0.031067252485041608,1.2937823909127886,1.2938148870697121,0.00022793107526833622,0.00022793368459820437,7.0,7,12.0,12,4.0,4,8.0,8,394,394,394.0,0.99,0.9999980906580153,1.0,398,2.59699262311895e-05,0.18349720636025338,0.05796663623293341,8.08913659759887e-05,0.0001436656381346394,8.547079854118858e-11,True,200,224,225
ZDT4,10,2,35,228,2,3,True,100,100,41,41,2,0.04384657628312971,0.04384658200372599,0.0,0.0,0.0,0.0,-1.1644999569531116,-1.1643954527969822,0.0553636799324939,0.05536363997405186,32.0,32,94.0,94,12.0,12,80.0,80,386,386,386.0,1.0,0.9999999999999999,1.0,398,4.0647696998666064e-05,0.18351621534197554,0.04016629152104656,5.261161933306198e-05,4.101250861695556e-06,8.216612211698716e-11,True,200,227,228
ZDT4,10,2,36,230,2,3,True,26,26,9,9,2,0.19460539733474763,0.1946053999015585,0.0,0.0,0.006971656505855572,0.006971669416166837,-0.11820223261804585,-0.11847990359371942,0.019805615904294586,0.01980550148435346,12.0,12,20.0,20,4.0,4,16.0,16,392,392,392.0,1.0,1.0,1.0,398,5.4212822439770233e-05,0.18348257437341703,0.025851196234214058,2.8763058136843656e-05,6.1895027701106855e-06,7.903317795976137e-11,True,200,229,230
ZDT4,10,2,37,232,4,3,True,54,54,30,30,4,0.1941862042224871,0.19418618592056877,0.0,0.0,0.0003467968035390512,0.0003467966762797925,-0.5552113267737617,-0.5552445474399974,0.011404811882409676,0.011404800704781996,32.0,32,60.0,60,14.0,14,58.0,58,394,394,394.0,1.0,0.9999999999999999,1.0,398,3.30204677587283e-05,0.18349227068908575,0.2469210307573917,1.26704391474254e-05,8.62446093976136e-07,7.853449790509059e-11,True,200,231,232
ZDT4,10,2,38,236,3,3,True,26,26,6,6,3,0.0631253133579497,0.06312531199042508,0.0,0.0,0.022548079547290358,0.022548079195534088,-36.24424527297428,-36.29559856525924,0.05982412154079309,0.05982391641417675,9.0,9,12.0,12,4.0,4,10.0,10,386,386,386.0,1.0,1.0,1.0,398,8.731019854426572e-05,0.18344582716951802,0.4583687196510766,0.00021412891083954708,0.00024107493498390316,6.904864604452568e-11,True,200,235,236
ZDT4,10,2,39,239,7,3,True,90,90,29,29,7,0.13198071469861966,0.1319806854125195,0.0,0.0,0.0002351665399977776,0.0002351665605825337,1.26448293061436,1.2644867934879707,0.01761620317898439,0.01761617922769024,32.0,32,60.0,60,10.0,10,56.0,56,378,378,378.0,1.0,1.0,1.0,398,9.045676204776234e-06,0.18350199617669338,0.015613086030299428,1.1831891089122428e-05,8.981751893718673e-07,6.838831631316698e-11,True,200,238,239
ZDT4,10,2,40,246,3,3,True,32,32,7,7,3,0.03333867604351841,0.033338683229529764,4.259301154816916e-05,4.259305386637366e-05,0.0018919413581278046,0.00189194228414754,6.50965810724254,6.509881054337318,0.00013206957139110456,0.00013207592600354554,9.0,9,15.0,15,2.0,2,12.0,12,398,398,398.0,1.0,1.0,1.0,398,1.7249695605663053e-05,0.18350267278257876,0.6036167789031559,1.100162890983118e-05,1.39894882356605e-06,4.2560800991972286e-11,True,200,245,246
ZDT4,10,2,41,249,6,3,True,77,77,10,10,6,0.10357469931104539,0.10357470221768085,0.0012499506726104115,0.0012499560274003008,0.012125038483838169,0.012125062374324452,7.750026232151882,7.750999617541874,3.458308863007335e-05,3.4584278131092084e-05,12.0,12,20.0,20,4.0,4,18.0,18,384,384,384.0,1.0,1.0,1.0,398,1.1380949219581037e-05,0.18350473858711913,0.016835513302751792,9.791112261568844e-06,7.436097120887805e-07,3.4271577919474305e-11,True,200,248,249
ZDT4,10,2,42,255,1,2,False,22,22,1,1,1,0.1666191652400356,0.16661916131880955,0.1666191652400356,0.16661916131880955,0.1666191652400356,0.16661916131880955,-65.68110725545671,-65.68090360103129,0.0012325068008417906,0.0012325953773101052,,3,,3,,0,,0,394,394,394.0,1.0,0.9999999999999999,1.0,398,2.6415722337267038e-05,0.1835050465187247,0.44188738192820587,2.0449087658439176e-05,1.3639822465819621e-05,2.4239077163816896e-11,True,200,254,255
ZDT4,10,2,43,256,4,3,True,79,79,8,8,4,0.0473340953806277,0.047334091912125335,0.0003145697300782251,0.0003145693589618392,0.0018845432238182502,0.0018845434014814477,-1.0709775073919445,-1.0748671292962884,0.000923075090833064,0.0009231308410104495,10.0,10,17.0,17,4.0,4,14.0,14,396,396,396.0,1.0,1.0,1.0,398,1.7092894105649383e-05,0.18350191743593852,1.0159380379639043,1.1069233990365602e-05,1.9802782200289635e-06,2.3980695709247164e-11,True,200,255,256
ZDT4,10,2,44,260,4,3,True,54,54,25,25,4,0.2624705929077468,0.26247056881084485,0.0,0.0,0.000706473454921322,0.0007064758484601891,-5.158815800126355,-5.158640835894104,0.00036306360094193066,0.00036308675437975055,17.0,17,51.0,51,8.0,8,48.0,48,370,370,370.0,0.98,0.999991000996836,1.0,398,2.3417725738599743e-05,0.18350340613939392,0.013567428135303317,1.061282687417361e-05,7.946793313582186e-07,2.351075935195811e-11,True,200,259,260
ZDT4,10,2,45,264,2,3,True,70,70,5,5,2,0.14959760610042866,0.14959760981124776,0.003247919802225073,0.0032479200308739714,0.0182764637273963,0.01827646274578028,-18.763216161253776,-18.873583765263824,0.00010568444893132298,0.0001057129043305831,7.0,7,11.0,11,4.0,4,8.0,8,392,392,392.0,0.99,0.9999975945463606,1.0,398,1.3297548377462548e-05,0.18350053146222706,1.0933127465038472,2.1997450909694294e-05,3.7472516490808696e-05,2.2303925593114194e-11,True,200,263,264
ZDT4,10,2,46,266,5,3,True,85,85,19,19,5,0.08613496591262243,0.08613496072943208,0.0,0.0,0.00042622625012911364,0.0004262262917055226,2.4453574704440477,2.4453856625082704,4.621202742713826e-05,4.621466918082934e-05,21.0,21,38.0,38,6.0,6,34.0,34,396,396,396.0,0.965,0.9999823294455539,1.0,398,1.1001966187337231e-05,0.18350353125617472,0.47643437766043917,4.047469722148029e-06,3.0895986146927775e-07,2.2167958316533945e-11,True,200,265,266
ZDT4,10,2,47,271,3,3,True,42,42,8,8,3,0.08653957229439815,0.08653956973519532,0.000873291059959036,0.0008732910819309048,0.03860941017562741,0.03860943623644314,17.808871078040326,17.821744619801084,-0.000211294642823766,-0.00021133784174209738,10.0,10,17.0,17,4.0,4,14.0,14,390,390,390.0,1.0,0.9999999999999999,1.0,398,1.785144595451142e-05,0.1834978684388223,0.12419615533380579,1.1992963891316322e-05,9.268486030746142e-07,1.1026442847041155e-11,True,200,270,271
ZDT4,10,2,48,274,3,3,True,59,59,7,7,3,0.2029810638540429,0.20298105398354133,0.0,0.0,0.021161182445176507,0.021161196423494233,-1.303357946394133,-1.3033294675677598,0.00045578838501951615,0.0004557842784262355,9.0,9,15.0,15,4.0,4,12.0,12,382,382,382.0,1.0,1.0,1.0,398,2.2199534672797934e-05,0.1835033352348051,0.05980422332544322,3.7083701911281306e-06,2.7842001897001645e-07,1.0784707624631153e-11,True,200,273,274
ZDT4,10,2,49,277,4,3,True,77,77,11,11,4,0.09688472127923906,0.09688473102106178,0.0,0.0,0.002373011782747292,0.0023730117117067295,-7.0583979225976385,-7.058220958514352,0.00282912336355856,0.0028291051897115843,13.0,13,22.0,22,2.0,2,20.0,20,382,382,382.0,1.0,0.9999999999999999,1.0,398,1.1954782551368748e-05,0.18349977665486844,0.031034259180941604,4.56624304063472e-06,4.617099370925046e-07,8.670180145572012e-12,True,200,276,277
ZDT4,10,2,50,281,3,3,True,58,58,4,4,3,0.09795861963518865,0.09795858085005911,0.005049643745935611,0.0050496668493467955,0.0448182841858058,0.04481829661838693,-8.045313842157135,-8.044782649264436,0.004117724799891058,0.0041176952077285785,6.0,6,9.0,9,2.0,2,6.0,6,390,390,390.0,1.0,1.0,1.0,398,1.1291025068575837e-05,0.18350363996451233,0.008519088393128982,1.0933906755289206e-05,8.265454617197047e-07,7.439329626225973e-12,True,200,280,281
ZDT4,10,2,51,284,2,3,True,18,18,6,6,2,0.08992867620987754,0.08992872154586284,0.001586615387466652,0.0015866155032126378,0.009564317069076645,0.00956431211651226,-9.992906863656891,-10.053258131694966,0.0029490604685312866,0.0029491167343853875,8.0,8,13.0,13,6.0,6,10.0,10,396,396,396.0,1.0,1.0,1.0,398,1.4264116678258785e-05,0.1835034118494401,0.7902943784273901,1.1035255239377761e-05,1.3306559500270512e-06,7.38610099182063e-12,True,200,283,284
ZDT4,10,2,52,286,3,3,True,50,49,9,9,3,0.05831272894129713,0.05831267894992535,0.009374263665679672,0.009374323114056199,0.025750257643222862,0.025750259346697252,-23.391147297891703,-23.38515960540705,0.0033961183100713914,0.0033961227727097895,12.0,12,18.0,18,6.0,6,16.0,16,384,384,384.0,0.88,0.9990644408097863,1.0,398,0.0003306297759049081,0.18362391087497842,0.15748138121878696,0.0003263567242030446,0.0009276147492034366,7.350093597324092e-12,True,200,285,286
ZDT4,10,2,53,289,5,3,True,51,51,18,18,5,0.1066923066207549,0.10669238283274862,0.0,0.0,0.00020113791954429194,0.00020113792730125368,2.3077317781772173,2.3113605398582218,0.0003907751281807132,0.00039076855954071264,23.0,23,37.0,37,6.0,6,34.0,34,390,390,390.0,1.0,1.0,1.0,398,1.2026648813738317e-05,0.1835065265225783,0.09168406189846223,5.519463859161421e-06,4.1558758573295106e-07,7.303579234546843e-12,True,200,288,289
ZDT4,10,2,54,294,5,3,True,30,30,8,8,5,0.084862345914397,0.0848623452715415,0.0,0.0,0.0024496919993766478,0.002449690251819403,-5.393583033360592,-5.3951013143892395,0.015255355744592924,0.015255385605786032,11.0,11,16.0,16,2.0,2,14.0,14,390,390,390.0,1.0,0.9999999999999999,1.0,398,3.435712011236868e-05,0.183504209759246,0.151770600444868,4.2787601580940304e-05,5.541362621591671e-05,6.7557101619727065e-12,True,200,293,294
ZDT4,10,2,55,299,4,3,True,103,104,13,13,4,0.06756917895971311,0.06756917721114201,0.0,0.0,0.0,0.0,-65.67258604594747,-65.67403552282954,0.007928301431757946,0.007928348274388439,15.0,15,27.0,27,4.0,4,24.0,24,384,384,384.0,0.6,0.9998327912468626,1.0,398,1.8916601710756907e-05,0.18350500555504706,0.07322919427724628,8.2663055334109e-06,1.847328795233547e-05,6.669085807986688e-12,True,200,298,299
ZDT4,10,2,56,303,2,3,True,48,48,2,2,2,0.2592912959764663,0.2592912857254118,0.002915294940459612,0.002915295412132979,0.13110329545846294,0.1311032905687724,-5.033008608235534,-5.034315402032446,0.005264391467836075,0.005264435679539808,4.0,4,5.0,5,2.0,2,2.0,2,386,386,386.0,1.0,1.0,1.0,398,1.569329372972985e-05,0.18350417758556,0.013395755977285262,3.6819861405055793e-06,2.782680559389584e-07,6.618452732241244e-12,True,200,302,303
ZDT4,10,2,57,305,2,3,True,36,36,7,7,2,0.04583440282001938,0.04583440939062,0.0029617702706310756,0.0029617718008631763,0.02163437687629092,0.021634377339789887,-3.8424376019749964,-3.842621067874778,0.0018206710156311425,0.0018207017078527446,9.0,9,15.0,15,4.0,4,12.0,12,382,382,382.0,1.0,1.0,1.0,398,7.487447338646055e-06,0.18350355254517137,0.43541174250086456,2.5296565553389883e-06,1.251983566543641e-06,6.059511394747423e-12,True,200,304,305
ZDT6,10,2,1,109,2,3,True,45,45,3,3,2,0.050300449396672386,0.050300432595968586,0.027869671845891286,0.027869669232139294,0.02942631244090238,0.029426332423530988,-11.647978944044445,-11.294508407922393,0.1601327038558761,0.1603058955918195,5.0,5,7.0,7,0.0,0,4.0,4,354,356,354.0,0.605,0.9993183735391945,1.0,398,0.022337876781109843,0.20174221908920204,0.3831185859201627,0.04268071006798757,0.011261641613250575,7.258581371270542e-05,True,200,108,109
ZDT6,10,2,2,111,7,3,True,120,120,31,31,7,0.05168770024424417,0.051687696083895826,0.00043565245116017337,0.0004355968173276048,0.006420126556844874,0.006420113650559167,-0.9403654883105403,-0.9526541417848289,0.1790802372322175,0.1790798281337765,34.0,34,62.0,62,10.0,10,60.0,60,390,390,390.0,0.695,0.9993810185087856,1.0,398,0.022819487896371945,0.18376510036545987,0.18490637377764418,0.013098615709011413,0.004568386336690112,7.074213606512356e-05,True,200,110,111
ZDT6,10,2,3,118,6,3,True,121,121,32,28,3,0.034557797522689684,0.0345577292209826,0.0,0.0,0.00555995524779352,0.008249863307918243,-5.223107413900248,-4.40317305527374,0.02317752282578003,0.02832497188213606,39.0,33,66.0,58,8.0,16,62.0,54,392,392,392.0,0.255,0.9378985231522364,1.0,398,0.06920891668174989,0.21946219462878822,0.13386538968181494,0.01134708576641369,0.004144671420379324,1.5183266887395565e-06,True,200,117,118
ZDT6,10,2,4,124,3,3,True,127,127,11,23,5,0.021450435837026466,0.021450435209269036,0.0,0.0,0.006339096841782466,0.005772629582859512,-3.964700432884544,-6.3217082727755205,0.06448885141203924,0.059935349140660496,14.0,26,23.0,47,4.0,10,20.0,44,394,396,394.0,0.245,0.818445968495986,1.0,398,0.9315140041258132,0.592986405003282,0.26754499534046605,0.017224820191689638,0.006420083650326881,1.3074667999565167e-06,True,200,123,124
ZDT6,10,2,5,127,3,3,True,133,133,8,20,6,0.0235647179980375,0.023564757995829466,0.0009433939141350045,0.00010488684140086413,0.009633336828355765,0.005356570636796232,-1.2431436744092563,-4.0916640344030855,0.03302937318160336,0.015249105682788755,12.0,24,15.0,39,2.0,4,14.0,38,386,386,386.0,0.2,0.7401515764589697,1.0,398,2.7658919689517028,2.074837916793201,0.17422697539383591,0.007930456055913027,0.0029373748805247056,1.2455156088492133e-06,True,200,126,127
ZDT6,10,2,6,130,7,3,True,132,132,31,40,4,0.020071243209199063,0.020071271106041455,0.0,0.0,0.004722353207063101,0.004861468671513287,0.6562330542139669,-3.676837069193767,0.34119846834411893,0.4815359278481534,33.0,46,64.0,80,6.0,12,58.0,76,382,398,382.0,0.13,0.47616086385728545,1.0,398,3.7120490854608272,2.847371967443041,0.12243810180412762,0.014215246295705503,0.005249820605410542,1.1206920058272878e-06,True,200,129,130
ZDT6,10,2,7,137,8,3,True,108,108,62,62,8,0.030560208105426145,0.030560287474922565,0.0,0.0,0.005811949563827357,0.0058118998749231085,-13.182461625283581,-13.987212317834782,0.6222508309929553,0.6222556779271808,64.0,64,125.0,126,16.0,16,122.0,122,396,396,396.0,0.735,0.9993670458068182,1.0,398,0.06156158541690959,0.13445548981454794,0.08124557093741736,0.00381272970529567,0.0015386025775304092,4.60037941927364e-08,True,200,136,137
ZDT6,10,2,8,145,4,3,True,146,146,11,11,4,0.02960528980458721,0.02960528372644,0.0009623389898674637,0.0009623555736227578,0.005246635261640931,0.005246644393474553,-248.92312417646934,-257.3683124205558,1.6395885260654146,1.6396024103440794,13.0,13,23.0,23,2.0,2,20.0,20,382,382,382.0,0.82,0.9999206936503197,1.0,398,0.016889124010297372,0.17754221727346847,0.09620495367008175,0.003727695813888765,0.000664660642753309,5.389809866527965e-12,True,200,144,145
ZDT6,10,2,9,149,2,3,True,150,150,3,3,2,0.014467506435647981,0.014467498119477784,0.011946666788069235,0.01194667005665604,0.01256539113305788,0.012565395061238549,741.7778990770746,740.8876637665508,-5.041443459070103,-5.041453346743337,5.0,5,7.0,7,0.0,0,4.0,4,390,390,390.0,0.915,0.9999462883433126,1.0,398,0.01839370930082418,0.16931084001920976,0.09354790521673717,0.002584893185542003,0.0004021305851608446,4.719185676511146e-12,True,200,148,149
ZDT6,10,2,10,151,3,3,True,156,156,4,4,3,0.019913667649746947,0.01991364709591642,0.008314917046115948,0.00831493617923307,0.012784457116824917,0.012784462496022823,-1355.4521314903895,-1356.715337995,9.908036408904819,9.908087172668601,6.0,6,9.0,9,2.0,2,6.0,6,342,342,342.0,0.99,0.9999976639678874,1.0,398,0.0052306845952552646,0.17955209281315065,0.11282570176184237,0.0015575328738477445,0.00017398454198483594,2.4022574894295414e-12,True,200,150,151
ZDT6,10,2,11,154,3,3,True,125,125,6,6,3,0.012367534360277543,0.012367536693962816,0.0001507864282797995,0.00015076341890660238,0.010362714117623722,0.010362714826593497,-413.1053198559524,-442.842077799904,2.1895610107654297,2.1895759053267305,8.0,8,13.0,13,2.0,2,10.0,10,376,376,376.0,0.67,0.9997575518002279,1.0,398,0.04591977276474914,0.14686031527876503,0.08561657403402734,0.0022971550673716035,0.0005855774888341522,2.030620248905568e-12,True,200,153,154
ZDT6,10,2,12,157,5,3,True,133,133,10,10,5,0.02962992567694434,0.02962992594366909,0.000993495275401291,0.0009934993725106323,0.006635715186517364,0.0066357420260065095,-424.4431246724573,-425.69552746978104,2.93375124515936,2.9337698636542493,12.0,12,21.0,21,2.0,2,18.0,18,398,398,398.0,0.86,0.9999070196459067,1.0,398,0.0543610679262341,0.13911779297492122,0.055943056324993634,0.0011741718030533477,0.0003052758685482041,1.9632500446796803e-12,True,200,156,157
ZDT6,10,2,13,162,2,3,True,132,132,3,3,2,0.011824215917761505,0.011824200397049678,0.009288619713938717,0.009288592982783186,0.011804470629816821,0.011804532812493607,-641.2824345190584,-616.238556919708,4.833475864730534,4.83349302957385,5.0,5,7.0,7,0.0,0,4.0,4,394,394,394.0,0.83,0.9998839541229149,1.0,398,0.045334614084337616,0.21927765792676834,0.014190416478403911,0.0013298992149870514,0.00023458395664109453,1.5475243393039112e-12,True,200,161,162
ZDT6,10,2,14,164,3,3,True,154,154,6,6,3,0.012352401448757544,0.012352439227647782,0.0,0.0,0.00748414265009378,0.007484141211651323,-488.65237945499945,-480.5191398712234,3.6576410701292823,3.657661882324617,7.0,7,13.0,13,2.0,2,10.0,10,396,396,396.0,0.865,0.9999288934793521,1.0,398,0.056322849419319435,0.22414169208094392,0.097852009420615,0.0017645812982198805,0.0003345740295250904,1.4514260124795995e-12,True,200,163,164
ZDT6,10,2,15,167,5,3,True,98,98,7,8,4,0.02411539109345162,0.02411539644295113,0.000363832689308851,0.00036386218333466294,0.011533242161682847,0.009229064239487144,-514.3615028280876,-502.3948145148205,4.424309930907398,4.417608794891301,9.0,10,15.0,17,2.0,0,12.0,14,394,392,394.0,0.78,0.9992339306907289,1.0,398,0.042907296725537614,0.2174381622414957,0.09445990647202507,0.0038075988502827007,0.000862753675450324,1.243656148832106e-12,True,200,166,167
ZDT6,10,2,16,172,2,3,True,132,132,2,3,2,0.020877606912780844,0.020877608800911385,0.013792903854772966,0.008157779080814512,0.017335255383776907,0.01379294131531921,-336.0789117286372,-515.3227809326928,2.8407301867859145,3.7874961402368066,4.0,5,5.0,7,2.0,2,2.0,4,390,390,390.0,0.6,0.9872967554241521,1.0,398,0.036530674356063816,0.20599187490373166,0.09830049628927906,0.0017390590933917816,0.0003179038019247923,1.1911494729198588e-12,True,200,171,172
ZDT6,10,2,17,174,4,3,True,160,160,8,11,3,0.012279103840709377,0.012279103907551436,0.001240025894634096,0.0,0.008575800853197505,0.003123875836313025,-374.91451353965135,-460.14704616338184,1.6799517648922533,1.6133050475331183,11.0,14,17.0,23,2.0,0,14.0,20,372,382,372.0,0.84,0.9993980785801443,1.0,398,0.04539755896221076,0.21339161123585632,0.10719514228718374,0.0007967329981491966,0.0002029576790689991,1.1681393774365156e-12,True,200,173,174
ZDT6,10,2,18,178,2,3,True,161,161,4,4,2,0.01421099004530224,0.014211017116690594,0.004870333286364886,0.004870322291266891,0.011864763447911517,0.011864771450399962,-470.8363267323944,-546.1238418363281,2.7365645600480097,2.7365591823026065,6.0,6,9.0,9,4.0,4,6.0,6,378,378,378.0,0.64,0.9994361287468686,1.0,398,0.20435727555046648,0.17718361422331266,0.08701055280654835,0.0013703161858420118,0.0002710810063987485,1.0697842204193994e-12,True,200,177,178
ZDT6,10,2,19,180,1,2,False,150,150,1,2,2,0.06558328397770641,0.06558328759363234,0.06558328397770641,0.006904441558425817,0.06558328397770641,0.03624386457602908,-437.56917093197507,-332.45312094068197,3.958219592492409,3.052050602792837,,4,,5,,2,,2,372,372,372.0,0.65,0.9982797803308486,1.0,398,0.1177037076203828,0.22629936796578687,0.09508729291778018,0.0010971836419818581,0.0003274845816183594,1.0512893206558828e-12,True,200,179,180
ZDT6,10,2,20,181,3,3,True,155,155,4,4,3,0.01796608084751966,0.017966077519316948,0.004114189076114836,0.004114207385366343,0.011505597980348104,0.011505614008933117,-303.05240002221,-279.64231153421287,2.318981414876362,2.318989494765358,6.0,6,9.0,9,2.0,2,6.0,6,382,382,382.0,0.625,0.9988845709803326,1.0,398,0.07051922028706652,0.22598686648263017,0.07524478166622828,0.0011966875454837989,0.00036068633474189337,1.0404335479559804e-12,True,200,180,181
ZDT6,10,2,21,184,2,3,True,167,167,4,5,3,0.03924565300324928,0.03924566523905548,0.007882184064631571,0.005273855556317715,0.02191578237335562,0.012573334561277738,106.33319361961406,-186.38875871320005,-0.5237861823705104,1.56572408122198,6.0,7,9.0,11,2.0,0,6.0,8,340,364,340.0,0.695,0.9979377372306798,1.0,398,0.07474916997380152,0.24198372937604995,0.07439621956637055,0.0016169543608454268,0.0004254604554259715,1.0186669673211467e-12,True,200,183,184
ZDT6,10,2,22,186,3,3,True,144,144,9,10,3,0.023788328657240232,0.023788328524066538,0.00029880066809317204,0.00022248755958920478,0.006828783695404395,0.00498495025947155,-239.74217252128867,-285.6466447691194,1.3310737745749275,1.3397354235284076,12.0,13,19.0,21,4.0,6,16.0,18,364,376,364.0,0.735,0.9988389494607495,1.0,398,0.09526691587667871,0.2419547052711733,0.07720245689792371,0.0017672413792619857,0.0005102109040835349,1.0043949744108905e-12,True,200,185,186
ZDT6,10,2,23,189,1,3,True,104,104,2,2,1,0.06711633208902665,0.06711633515855714,0.024605284934813045,0.024605271766486348,0.04586080851191984,0.04586080346252174,-247.19516628263176,-242.77786168234172,1.7851538281103558,1.7851530716099502,4.0,4,5.0,5,2.0,2,2.0,2,368,366,368.0,0.445,0.9963613061877511,1.0,398,0.12740782454604416,0.2622009015589562,0.01131871817038288,0.0007744853638035343,0.00026243831303607415,9.765571433004546e-13,True,200,188,189
ZDT6,10,2,24,190,2,3,True,101,101,6,7,3,0.04222006737616181,0.04222014665767555,0.0002602148538611848,3.2089036245531615e-06,0.004878440798739357,0.004262326517551013,-200.53275160679692,-192.9851318115662,1.8224576618344006,1.8220924752613388,9.0,11,12.0,14,4.0,4,10.0,12,382,382,382.0,0.5,0.9631695334113303,1.0,398,0.13873151859008734,0.2967772296679896,0.23134494023664587,0.0011364330730844197,0.00047526933465058866,9.630731589373592e-13,True,200,189,190
ZDT6,10,2,25,192,3,3,True,124,124,7,6,2,0.01932007658376722,0.019320066748068965,0.0,0.0,0.0025127617632037056,0.0018665673072804688,-260.5628116925557,-229.66061267257362,2.7473197512244245,2.7513565465071013,9.0,8,15.0,13,2.0,2,12.0,10,358,392,358.0,0.365,0.9270654410951393,1.0,398,0.25034148711287035,0.36750533636689164,0.1344856756185393,0.011296849162953315,0.008118755257137506,9.448429811670591e-13,True,200,191,192
ZDT6,10,2,26,195,3,3,True,176,176,7,16,4,0.03766160502192406,0.03766160617213832,0.0,0.0,0.003570560687013257,0.0001094714432365862,-236.02618711437935,-96.7078483544513,1.3084136581244685,1.313350577543909,9.0,18,15.0,32,4.0,4,12.0,30,366,380,366.0,0.425,0.9938742253447715,1.0,398,0.18329147440761498,0.33220993283505085,0.07660027590386065,0.00246313937799697,0.0008689332111260265,9.26004456744572e-13,True,200,194,195
ZDT6,10,2,27,198,3,3,True,162,162,18,22,3,0.05411548802007543,0.05411549039461827,0.0,0.0,0.0025443589013866563,0.002209028260316801,-256.75813966312194,-266.0962951645818,1.938206520099054,1.9382125504941303,24.0,29,37.0,42,4.0,6,34.0,42,376,376,376.0,0.465,0.9857530440128622,1.0,398,0.1769773299358942,0.32407007359690804,0.03613941350451455,0.0019101033583517335,0.0005270547451247781,9.044838734364275e-13,True,200,197,198
ZDT6,10,2,28,201,4,3,True,161,161,8,9,4,0.03825688823136053,0.038256887298059095,0.001533887992513849,0.0015338941371240969,0.01025015828483402,0.008595395135634988,-194.47286238228503,-164.82591330444993,1.460512252159544,1.5627704624335332,10.0,11,17.0,19,2.0,2,14.0,16,374,376,374.0,0.72,0.999709774622786,1.0,398,0.14815418347475998,0.301816247752973,0.048098194392618865,0.0015881071600658547,0.0006031867195311505,8.735014091022231e-13,True,200,200,201
ZDT6,10,2,29,205,3,3,True,160,160,6,7,3,0.0251819916053192,0.0251819951937593,0.0008990841493677097,0.0008990617427757093,0.013843543654258699,0.00864394544385274,-219.23033206702732,-240.13433752331403,1.62752965423783,1.6097686855998192,8.0,9,13.0,15,2.0,2,10.0,12,366,366,366.0,0.57,0.9994192990455752,1.0,398,0.1604245111379583,0.31306340801332977,0.051386744800399065,0.0009433045973635465,0.0003355287823020278,8.528720864088463e-13,True,200,204,205
ZDT6,10,2,30,208,3,3,True,151,151,3,3,3,0.022235118695667522,0.022235111988884837,0.009820266774163033,0.009820278014281203,0.020349869727820602,0.020349859632027956,-168.11123376626236,-152.19562854092433,1.32844381843846,1.328447010470868,5.0,5,7.0,7,0.0,0,4.0,4,386,384,386.0,0.65,0.9991041126572161,1.0,398,0.15517181502075955,0.30838934393363293,0.04658809650132589,0.001766809759653487,0.0006460128330299893,8.391292813232944e-13,True,200,207,208
ZDT6,10,2,31,211,4,3,True,41,41,11,9,2,0.07794556801389474,0.07794556656841353,0.0,0.0,0.009176115139288551,0.015522661023774406,-237.41174550601656,-267.03838553723944,1.8098052723903086,1.809805516942425,13.0,11,23.0,20,0.0,8,20.0,16,380,372,380.0,0.425,0.9797214160694551,1.0,398,0.10923370670370658,0.14261332815384106,0.018789210372649023,0.000943174566558902,0.00031948783696840585,7.538818660045298e-13,True,200,210,211
ZDT6,10,2,32,215,2,3,True,77,77,10,12,2,0.04768214201619697,0.04768215646077648,0.004541213723510975,0.00360705510225634,0.02082495660222275,0.01495975679905609,-189.98349538043487,-3.436850835811472,1.6156788306088141,1.6246626304116916,12.0,15,21.0,24,4.0,4,18.0,22,388,398,388.0,0.23,0.8799999458477311,1.0,398,0.1794083258852157,0.10271206855980311,0.01579390907794398,0.0010299823397512675,0.00042696534403733103,7.401113815585254e-13,True,200,214,215
ZDT6,10,2,33,217,3,3,True,105,105,4,10,2,0.04826615998232153,0.04826615883085361,0.006731801095496009,0.0003891849291620675,0.017209417484904118,0.010248488113078102,-329.1835420065761,-263.3660643434581,2.771791902293436,2.5454596301777825,6.0,14,9.0,21,2.0,6,6.0,18,390,396,390.0,0.29,0.9212812265035829,1.0,398,0.19074311206879385,0.07482784162248506,0.0610472520404155,0.0011262569861328897,0.00033672301999362615,7.171169480434694e-13,True,200,216,217
ZDT6,10,2,34,220,4,3,True,141,141,8,8,4,0.03187023168288344,0.03187023408186124,0.0,0.0,0.008254122100982947,0.008254125887671687,-240.11215219524775,-250.23704840054745,1.44410095300932,1.4441020361938834,9.0,9,17.0,17,2.0,2,14.0,14,386,386,386.0,0.49,0.9934101323744593,1.0,398,0.06972477727081386,0.14051212687235098,0.02440259799850608,0.0007620522548639208,0.00022677501211173834,6.916594244537345e-13,True,200,219,220
ZDT6,10,2,35,224,2,3,True,110,110,5,6,2,0.03566477746902397,0.03566476856596423,0.004243909054624682,0.004243901273597705,0.018692349777253398,0.01700923597873074,-171.49865966609545,-163.21629810419643,1.304548291389117,1.2412912741904392,8.0,9,11.0,13,2.0,4,8.0,10,376,376,376.0,0.39,0.971400465881168,1.0,398,0.18179952567228566,0.28664809053588713,0.057896158337184644,0.00032098322417328795,0.0001364854922412124,6.653703168625396e-13,True,200,223,224
ZDT6,10,2,36,226,1,2,False,137,137,1,1,1,0.047139766741868046,0.04713975316876361,0.047139766741868046,0.04713975316876361,0.047139766741868046,0.04713975316876361,-168.81523903175793,-185.86112693397055,1.1177299010862443,1.1177322983160758,,3,,3,,0,,0,394,394,394.0,0.4,0.9953349338894949,1.0,398,0.13596051802279951,0.11408997949176061,0.006689387790451917,0.00041953882534018216,0.0001861176643036632,6.586846797491223e-13,True,200,225,226
ZDT6,10,2,37,227,3,3,True,136,136,9,14,3,0.03346665395218229,0.0334666520098765,0.0,0.0,0.012216662175467394,0.00446830004444846,-133.79011884988142,-128.3510984983609,1.3073519694465456,1.1234100638869517,11.0,17,19.0,29,2.0,4,16.0,26,384,384,384.0,0.49,0.991775572041508,1.0,398,0.13879293220544525,0.2657612172777139,0.013925900856794016,0.00045999717081141034,0.0002179882833614599,6.520977345982655e-13,True,200,226,227
ZDT6,10,2,38,230,2,3,True,126,126,2,3,3,0.05645075675241142,0.0564508021084853,0.0294749233661089,0.00562773470416765,0.04296284005926016,0.029474903258776497,-159.1605483421813,-169.81930039535936,1.128655600407527,1.1260362649392677,4.0,5,5.0,7,2.0,2,2.0,4,360,372,360.0,0.59,0.998784487543418,1.0,398,0.10419587623189776,0.11631874348291017,0.008899107513958171,0.00014455558488307707,6.878186012047813e-05,6.424679417183046e-13,True,200,229,230
ZDT6,10,2,39,232,2,3,True,114,114,2,2,2,0.025739863633776505,0.025739831667640375,0.022235776826504787,0.02223578150618386,0.023987820230140646,0.023987806586912117,-220.8170295635174,-238.42784022897817,1.2976845416700453,1.2976867738137772,4.0,4,5.0,5,2.0,2,2.0,2,348,346,348.0,0.595,0.9934685264575538,1.0,398,0.16407022354144002,0.09728354356709662,0.008086755643798682,0.0005015859286712221,0.0002146655402105348,6.342526343886973e-13,True,200,231,232
ZDT6,10,2,40,234,1,2,False,113,113,1,1,1,0.07234967519954964,0.07234968475740386,0.07234967519954964,0.07234968475740386,0.07234967519954964,0.07234968475740386,-178.17179996921465,-161.05579037056222,1.2976705188793745,1.2976766847237926,,3,,3,,0,,0,384,384,384.0,0.3,0.9108323805346614,1.0,398,0.18567978199288226,0.1812612589884866,0.011669998109356414,0.00023050594514140155,0.00012985510620419676,6.282264129064377e-13,True,200,233,234
ZDT6,10,2,41,235,3,3,True,143,143,8,14,5,0.0468869649617555,0.04688696567864602,0.0,0.0,0.003126899500179486,0.0017267024187778632,-163.5301385786939,-145.7227458509965,1.1414389396833788,1.1379217862394837,11.0,16,17.0,29,2.0,0,14.0,26,386,386,386.0,0.505,0.963887763193239,1.0,398,0.19792472756846458,0.1314168893331877,0.038599174691958726,0.00019820594009328785,0.000117926410231896,6.246596743774571e-13,True,200,234,235
ZDT6,10,2,42,238,3,3,True,100,100,3,3,3,0.06832254294860335,0.06832252959095234,0.021137107359396334,0.021137118609827345,0.05942049573713071,0.05942051385390479,-459.48504322366557,-632.3011066111012,2.030466018314514,2.0304766302899644,6.0,5,6.0,7,4.0,2,4.0,4,338,338,338.0,0.545,0.9883994390378457,1.0,398,0.13265735906887943,0.15891779613385806,0.1930727936134513,0.0006452145276052146,0.0005495260097147637,5.559515997655489e-13,True,200,237,238
ZDT6,10,2,43,241,3,3,True,149,149,3,3,3,0.019984065850598864,0.019984021216125747,0.010244406101385228,0.010244414671305865,0.010771783263647694,0.01077173735635939,-166.97292809689193,-144.40646449227714,1.0815046927499838,1.0815076216069748,5.0,5,7.0,7,0.0,0,4.0,4,378,378,378.0,0.56,0.9979405467312716,1.0,398,0.07304467085528321,0.1904885988560668,0.0044239845045259685,0.00031073146575755217,0.00016212572923358798,5.459092502226271e-13,True,200,240,241
ZDT6,10,2,44,244,4,3,True,152,152,6,7,3,0.038655483390653445,0.038655486045278215,0.0,0.0,0.0027029398589963616,0.002145419799775502,-221.95333172332067,-214.82798901108657,1.6487054817151814,1.6250607996570259,8.0,9,13.0,15,2.0,4,10.0,12,388,374,388.0,0.63,0.9988300409177772,1.0,398,0.10863294671991353,0.12545029657387596,0.04117035269926883,0.0006795430983324025,0.00037001552334332735,5.089098924021923e-13,True,200,243,244
ZDT6,10,2,45,248,3,3,True,130,130,9,11,3,0.024801731855694502,0.024801733203771853,0.0010050984209578617,0.0,0.005572503766293483,0.00203995614034589,-169.95522428520263,-141.57226297135261,1.3466426541032137,1.2231510339656397,12.0,15,19.0,23,4.0,6,16.0,20,390,378,390.0,0.325,0.9612240117045592,1.0,398,0.12167429309444669,0.14969819942313864,0.03734170378029056,0.0007352162063700707,0.0003225216657936797,4.932782215771918e-13,True,200,247,248
ZDT6,10,2,46,251,3,3,True,119,119,5,5,3,0.02954448871760937,0.029544492836413472,0.0020469701808887983,0.0020469746750095582,0.00975645820004186,0.009756452743338783,-188.20122214000062,-190.54167055682046,1.381708448833873,1.3817059661963211,7.0,7,11.0,11,0.0,0,8.0,8,382,384,382.0,0.485,0.9944134534638748,1.0,398,0.09092011751370925,0.16884120651657805,0.019687224590438923,0.0006726175616175167,0.0003235154214461556,4.864269546681017e-13,True,200,250,251
ZDT6,10,2,47,254,5,3,True,138,138,9,9,4,0.019031945822181873,0.01903195992916512,0.0,0.0,0.003312025874894011,0.003312025749044767,-160.6468534082409,-177.33190680019496,1.1182611265295297,1.1182602578072574,11.0,11,19.0,19,0.0,4,16.0,16,378,378,378.0,0.695,0.9963388270361258,1.0,398,0.0911502223499431,0.13523699132527403,0.007613791562000927,0.0006383879939416137,0.00027088950046531677,4.800907355321905e-13,True,200,253,254
ZDT6,10,2,48,259,2,3,True,117,117,5,3,2,0.026808872008285814,0.026808871508957263,0.002292242198804764,0.008256796360908494,0.009619086990461956,0.01863867740911007,-147.37226517297125,-175.101972344697,0.9487849715480805,0.9487898744550404,7.0,5,11.0,7,2.0,2,8.0,4,374,374,374.0,0.48,0.9699002853813649,1.0,398,0.11957283097693572,0.1654011220730115,0.029101625963297906,0.000850135338167024,0.0002902968948883373,4.586874324862863e-13,True,200,258,259
ZDT6,10,2,49,261,2,3,True,133,133,4,6,3,0.05687599710393165,0.0568760258820894,0.0036771917848469975,0.0010373874915149406,0.015083319947072085,0.014545893426590038,-187.1517262220725,-185.34532578549326,1.2613366022571701,1.261338222477098,6.0,8,9.0,13,2.0,2,6.0,10,354,350,354.0,0.355,0.9778210520945194,1.0,398,0.1320269459830735,0.10805791149008462,0.004851046996626529,0.00023027319106228017,9.365199298274994e-05,4.5276012577412953e-13,True,200,260,261
ZDT6,10,2,50,263,5,3,True,152,152,11,10,6,0.020360447592715436,0.020360423864673127,0.0,0.0,0.0004904655466881208,0.0009174023291338047,-164.59083164644784,-158.6990614563316,1.3984983670785898,1.3990218902921732,13.0,13,23.0,21,2.0,6,20.0,18,366,380,366.0,0.52,0.9878273237380312,1.0,398,0.17251053684470452,0.15647270540318836,0.008068279609044993,0.0007253569151749462,0.00040803017056863456,4.455766210214572e-13,True,200,262,263
ZDT6,10,2,51,268,3,3,True,144,144,4,4,3,0.011609862182955483,0.01160986052920919,0.0,0.0,0.0026385470359069733,0.0026385492893582926,-248.19062675291033,-385.9193285221024,1.597858789772589,1.5978940841327556,6.0,6,9.0,9,4.0,4,6.0,6,392,392,392.0,0.51,0.9814688277852882,1.0,398,0.2247610425039312,0.11611419887930233,0.10342419379886536,0.0008404955902947542,0.0002896556344479736,4.357995829531353e-13,True,200,267,268
ZDT6,10,2,52,271,2,3,True,123,123,3,4,3,0.011490821352428078,0.011490820611622522,0.000210045785993201,0.00017572964395695667,0.008785298829766086,0.004497654785795745,-234.69837047825,-278.18685044118195,1.582163295601582,1.6054699651992386,5.0,6,7.0,9,0.0,2,4.0,6,386,386,386.0,0.35,0.9647957426019586,1.0,398,0.20814879574402012,0.1942232299957959,0.04576772496397652,0.00044309729135879466,0.00016819913688152278,4.294362742297252e-13,True,200,270,271
ZDT6,10,2,53,273,2,3,True,140,140,5,3,2,0.02733992713966943,0.027339926953971097,0.0034498781884296954,0.014515395901723169,0.014515380921487478,0.02378914719140779,-175.0085456192275,208.8174403731988,0.9854237411111854,-0.6511419989460138,7.0,5,11.0,7,4.0,0,8.0,4,382,382,382.0,0.43,0.9793197049661858,1.0,398,0.12498429991072227,0.18893539903616388,0.05616977008718016,0.0009329472372789915,0.0004882706635956126,4.253994420868435e-13,True,200,272,273
ZDT6,10,2,54,275,2,3,True,142,142,3,3,2,0.013717004552171619,0.013717051164577776,0.0057071049582582715,0.00570710983743594,0.008678888410877513,0.008678896214957613,-224.31714674256065,-204.1551577977739,1.4544181205420685,1.4544193429899686,5.0,5,7.0,7,0.0,0,4.0,4,378,376,378.0,0.545,0.9961380291980673,1.0,398,0.16964872976005607,0.08397386545030829,0.007505736763152138,0.0002984867371225164,0.00016204635308036613,4.2157904444122705e-13,True,200,274,275
ZDT6,10,2,55,277,4,3,True,148,148,9,9,5,0.011638396404734665,0.011638405431214093,0.00012326325745538706,0.0001232590057852461,0.007719368496740663,0.007719365025796686,-137.32610994921694,-136.5859660865407,0.7326563677043141,0.7326652132386441,11.0,11,19.0,19,2.0,0,16.0,16,398,398,398.0,0.58,0.9986298653419251,1.0,398,0.15232295649711497,0.16630672059849913,0.01684455704415866,0.0007549812820910745,0.00046480176868886325,4.1048703011721993e-13,True,200,276,277
ZDT6,10,2,56,281,5,3,True,149,149,12,18,4,0.03530504518267928,0.035305055378091865,0.0,0.0,0.0065349329189874645,0.002473282549701028,-132.71164963338722,-81.75856547857177,1.0379775168694358,1.083055240345658,14.0,22,25.0,37,2.0,6,22.0,34,374,374,374.0,0.455,0.9414865364800633,1.0,398,0.0999703864196463,0.2327770393671937,0.04021058651532128,0.0008980080001633195,0.0004219189243193018,4.041341835039401e-13,True,200,280,281
ZDT6,10,2,57,286,1,3,True,155,155,2,2,1,0.03363835190911603,0.03363834809308708,0.008956948888938632,0.008956953979692742,0.021297650399027333,0.02129765103638991,-226.84181088209152,-248.77013033639372,1.5374993604889897,1.537492358963528,4.0,4,5.0,5,2.0,2,2.0,2,384,384,384.0,0.475,0.9924673876893029,1.0,398,0.15604451995569185,0.09808465230344046,0.014879445812854719,0.0005250796069747599,0.0002619073437201768,3.900195539360453e-13,True,200,285,286
ZDT6,10,2,58,287,3,3,True,171,171,3,2,2,0.014944880407845584,0.01494485709518134,0.0030395596571408156,0.0030395508011128967,0.0038819795918722975,0.008992203948147119,-198.12165391839756,-186.72577837967162,1.5679814173942543,1.5947330420753354,5.0,4,7.0,5,2.0,2,4.0,2,374,374,374.0,0.525,0.9983207593895884,1.0,398,0.16284902596027495,0.09452224932428321,0.021003327984606912,0.0005559708572189237,0.0003405780189833258,3.8802462299457466e-13,True,200,286,287
ZDT6,10,2,59,290,2,3,True,124,124,3,4,3,0.015475316858521548,0.015475321052487279,0.0032783273745933365,0.0009187690004235239,0.009975974205465477,0.0066271562064994256,-158.93478062481717,-198.5699621822494,1.0174742121255171,0.9960551886899797,5.0,6,7.0,9,0.0,2,4.0,6,340,340,340.0,0.49,0.9954438981188732,1.0,398,0.16379622013595266,0.1482078555080798,0.027912930233343403,0.0005751878981417047,0.00031003473648213775,3.831066484148127e-13,True,200,289,290
ZDT6,10,2,60,292,1,2,False,127,127,1,10,3,0.01598929992828785,0.015989305056634394,0.01598929992828785,0.0,0.01598929992828785,0.0007254774681561549,-160.25694987055374,-157.88719230273875,0.9234160704684258,0.7832431626363254,,12,,22,,4,,18,392,392,392.0,0.53,0.9963903557943933,1.0,398,0.12655471981191468,0.15561723919833306,0.0067817349910870295,0.00026504574597030484,0.0001558065296477104,3.7971251707529247e-13,True,200,291,292
ZDT6,10,2,61,293,4,3,True,139,138,8,9,3,0.012092151210610703,0.012092155740582373,2.001574710144144e-05,2.0009540819682092e-05,0.0034413498514326134,0.00253552249600816,-132.66913401439734,-159.89231567587797,0.7277101988019058,0.7293437480861907,10.0,11,17.0,19,4.0,4,14.0,16,392,392,392.0,0.45,0.9962286417338403,1.0,398,0.16802278867146658,0.06584122366624434,0.006677520788464175,0.0002496697750939969,0.000142574594661324,3.7736732903437634e-13,True,200,292,293
ZDT6,10,2,62,297,3,3,True,99,95,6,9,4,0.1570067965512194,0.15700685160026318,0.0,0.0,0.017010803003709885,0.0047126701731962095,-248.4610119538275,-464.9316615602889,1.6838542313880918,1.5249319063421534,7.0,10,13.0,18,2.0,2,10.0,16,390,390,390.0,0.4,0.9854134217740863,1.0,398,0.23818973839782553,0.3235662745375718,0.034276845966513037,0.0007873565946991956,0.0002424503389198006,3.530650645453754e-13,True,200,296,297
ZDT6,10,2,63,300,3,3,True,147,147,4,3,3,0.03570531714174846,0.03570532430669637,0.0046916123914820035,0.0046916458374892675,0.01063185721691512,0.015833477612972602,-170.6992350935936,-255.82642824817043,1.1587401102605834,1.189534258467251,6.0,5,9.0,7,2.0,0,6.0,4,352,352,352.0,0.45,0.9167883376893335,1.0,398,0.1442620380450287,0.10567575319748279,0.03758789355722847,0.0005126816537963652,0.000224236768723369,3.4829252118632677e-13,True,200,299,300
ZDT6,10,2,64,303,5,3,True,125,125,9,12,4,0.016684267354355464,0.016684309695632615,0.00020026006500997728,0.00020021609010783398,0.007714073115307696,0.006614444940770858,-176.57031389215206,-214.3180327850839,1.1547674780952752,1.1542493645883107,11.0,14,19.0,23,4.0,4,16.0,22,366,366,366.0,0.635,0.9958594763110092,1.0,398,0.18857687449165386,0.20822424883557228,0.026401668252449717,0.000664703720979043,0.00040333135027289423,3.4346535753116594e-13,True,200,302,303
