label,problema,M,geracao,kflag,modelo_lider,n_julgados,n_ds_membros,n_front1,pares_ok,pares_total,pares_ok_obj,sqrtmse_surr_max,divergencia
BBOB_F1,BBOB_F1,2,1,0,RBFN,409,64,7,145717.0,167281.0,"[131259, 131375]",21.051905254909812,3.3544865622241757
BBOB_F1,BBOB_F1,2,2,0,RBFN,200,23,8,20154.0,40000.0,"[15062, 14424]",19.35715015471349,6.9068872675047395
BBOB_F1,BBOB_F1,2,3,0,RBFN,200,7,9,14090.0,40000.0,"[10481, 8263]",18.606931169084007,9.423854786737209
BBOB_F1,BBOB_F1,2,4,0,RBFN,200,3,13,9248.0,40000.0,"[6787, 4763]",15.900397452700252,9.116624513317038
BBOB_F1,BBOB_F1,2,5,0,RBFN,200,1,17,8284.0,40000.0,"[5263, 4641]",16.76658125005444,7.96895705188391
BBOB_F1,BBOB_F1,2,6,0,RBFN,200,0,17,6510.0,40000.0,"[4591, 2603]",15.241706664627964,8.627093171601933
BBOB_F1,BBOB_F1,2,7,0,RBFN,200,0,18,4374.0,40000.0,"[3344, 878]",14.545862812488826,8.365369834660996
BBOB_F1,BBOB_F1,2,8,0,RBFN,200,0,19,5394.0,40000.0,"[4738, 508]",15.70749476773759,7.122348425784745
BBOB_F1,BBOB_F1,2,9,0,RBFN,200,0,29,6736.0,40000.0,"[6326, 242]",16.044336674894954,7.4355098618626405
BBOB_F1,BBOB_F1,2,10,0,RBFN,200,0,37,5956.0,40000.0,"[5672, 86]",15.783915129622695,7.049650274569026
BBOB_F1,BBOB_F1,2,11,0,RBFN,200,0,46,4976.0,40000.0,"[4656, 136]",14.467372580254953,6.471426819392823
BBOB_F1,BBOB_F1,2,12,0,RBFN,200,0,45,4262.0,40000.0,"[3964, 126]",14.399175792643064,6.052337664896229
BBOB_F1,BBOB_F1,2,13,0,RBFN,200,0,50,4506.0,40000.0,"[4256, 58]",13.907779929091243,5.878394532833684
BBOB_F1,BBOB_F1,2,14,0,RBFN,200,0,48,3188.0,40000.0,"[2906, 82]",13.892121803696377,5.782469753624883
BBOB_F1,BBOB_F1,2,15,0,RBFN,200,0,52,2944.0,40000.0,"[2588, 156]",13.887132985000173,5.170741766291092
BBOB_F1,BBOB_F1,2,16,0,RBFN,200,0,53,2880.0,40000.0,"[2616, 68]",13.887132985000173,5.18101967680058
BBOB_F1,BBOB_F1,2,17,0,RBFN,200,0,58,1678.0,40000.0,"[1338, 140]",13.36259161584676,5.009892141262037
BBOB_F1,BBOB_F1,2,18,0,RBFN,200,0,55,1354.0,40000.0,"[1138, 16]",13.486004595813018,4.804522120704761
BBOB_F1,BBOB_F1,2,19,0,RBFN,200,0,60,1348.0,40000.0,"[1130, 18]",13.675340525576857,4.575002978215176
BBOB_F1,BBOB_F1,2,20,0,RBFN,200,0,65,1412.0,40000.0,"[1206, 6]",13.486004595813018,4.563551548213358
BBOB_F1,BBOB_F1,2,21,0,RBFN,200,0,70,1104.0,40000.0,"[904, 0]",13.486004595813018,4.343770360299159
BBOB_F1,BBOB_F1,2,22,0,RBFN,200,0,79,1072.0,40000.0,"[866, 6]",13.486004595813018,4.224025536180545
BBOB_F1,BBOB_F1,2,23,0,RBFN,200,0,79,1040.0,40000.0,"[840, 0]",14.281830079854139,4.145986459153055
BBOB_F1,BBOB_F1,2,24,0,RBFN,200,0,78,1334.0,40000.0,"[922, 212]",15.191976169608084,3.9828533661730945
BBOB_F1,BBOB_F1,2,25,0,RBFN,200,0,86,1430.0,40000.0,"[1230, 0]",13.653009153646288,3.7732079142572053
BBOB_F1,BBOB_F1,2,26,0,RBFN,200,0,82,1428.0,40000.0,"[1026, 202]",13.251123494331587,3.5956837799028505
BBOB_F1,BBOB_F1,2,27,0,RBFN,200,0,82,1132.0,40000.0,"[932, 0]",13.273213691190229,3.532607363232573
BBOB_F1,BBOB_F1,2,28,0,RBFN,200,0,84,782.0,40000.0,"[582, 0]",13.5022836766117,3.2979059607122885
BBOB_F1,BBOB_F1,2,29,0,RBFN,200,0,85,586.0,40000.0,"[386, 0]",13.58402112437106,3.023648784796497
BBOB_F1,BBOB_F1,2,30,0,RBFN,200,0,85,848.0,40000.0,"[648, 0]",14.124937434763142,2.807765485232195
BBOB_F1,BBOB_F1,2,31,0,RBFN,200,0,85,514.0,40000.0,"[314, 0]",13.099611581683288,2.689206854017349
BBOB_F1,BBOB_F1,2,32,0,RBFN,200,0,87,486.0,40000.0,"[286, 0]",13.099611581683288,2.6473891031143935
BBOB_F1,BBOB_F1,2,33,0,RBFN,200,0,85,534.0,40000.0,"[334, 0]",13.214288038895518,2.566547196818712
BBOB_F1,BBOB_F1,2,34,0,RBFN,200,0,88,852.0,40000.0,"[652, 0]",13.873094177731108,2.488203875372796
BBOB_F1,BBOB_F1,2,35,0,RBFN,200,0,89,274.0,40000.0,"[70, 4]",12.995672410257802,2.5599637888433415
BBOB_F1,BBOB_F1,2,36,0,RBFN,200,0,93,466.0,40000.0,"[266, 0]",12.979776988227263,2.723995985109624
BBOB_F1,BBOB_F1,2,37,0,RBFN,200,0,93,470.0,40000.0,"[270, 0]",13.501304069689821,2.8134509351886177
BBOB_F1,BBOB_F1,2,38,0,RBFN,200,0,94,312.0,40000.0,"[112, 0]",13.151345959026385,2.731689713898335
BBOB_F1,BBOB_F1,2,39,0,RBFN,200,0,93,314.0,40000.0,"[114, 0]",13.435130413501957,2.6729011946622268
BBOB_F1,BBOB_F1,2,40,0,RBFN,200,0,91,462.0,40000.0,"[252, 10]",13.006709055358975,2.465645022667815
BBOB_F1,BBOB_F1,2,41,0,RBFN,200,0,92,524.0,40000.0,"[324, 0]",13.52571284363126,2.5714865470774804
BBOB_F1,BBOB_F1,2,42,0,RBFN,200,0,91,300.0,40000.0,"[100, 0]",12.869518868234103,2.5492668625302692
BBOB_F1,BBOB_F1,2,43,0,RBFN,200,0,94,360.0,40000.0,"[160, 0]",12.869518868234103,2.4180269215920154
BBOB_F1,BBOB_F1,2,44,0,RBFN,200,0,95,276.0,40000.0,"[76, 0]",12.989109415238193,2.3087443366288327
BBOB_F1,BBOB_F1,2,45,0,RBFN,200,0,94,392.0,40000.0,"[192, 0]",12.869518868234103,2.3814840887569564
BBOB_F1,BBOB_F1,2,46,0,RBFN,200,0,96,270.0,40000.0,"[68, 2]",12.869518868234103,2.341194279162346
BBOB_F1,BBOB_F1,2,47,0,RBFN,200,0,96,274.0,40000.0,"[74, 0]",12.869518868234103,2.3803136526692645
BBOB_F1,BBOB_F1,2,48,0,RBFN,200,0,95,522.0,40000.0,"[314, 8]",13.439184044097617,2.4906767828926046
BBOB_F1,BBOB_F1,2,49,0,RBFN,200,0,95,350.0,40000.0,"[150, 0]",12.938204688290993,2.4674693624633535
BBOB_F1,BBOB_F1,2,50,0,RBFN,200,0,94,264.0,40000.0,"[64, 0]",12.869739081385463,2.5335730699551933
BBOB_F1,BBOB_F1,2,51,0,RBFN,200,0,93,326.0,40000.0,"[126, 0]",13.244404520675797,2.5118347043859393
BBOB_F1,BBOB_F1,2,52,0,RBFN,200,0,95,318.0,40000.0,"[118, 0]",12.869739081385463,2.505051604028357
BBOB_F1,BBOB_F1,2,53,0,RBFN,200,0,97,282.0,40000.0,"[82, 0]",13.06505521544006,2.5427589004842726
BBOB_F1,BBOB_F1,2,54,0,RBFN,200,0,94,476.0,40000.0,"[84, 192]",12.869739081385463,2.6063191927070015
BBOB_F1,BBOB_F1,2,55,0,RBFN,200,0,94,332.0,40000.0,"[132, 0]",13.067247976032146,2.5369525358073766
BBOB_F1,BBOB_F1,2,56,0,RBFN,200,0,94,288.0,40000.0,"[88, 0]",12.869739081385463,2.4323593629250535
BBOB_F1,BBOB_F1,2,57,0,RBFN,200,0,96,290.0,40000.0,"[90, 0]",12.951087516086949,2.5003690694837744
BBOB_F1,BBOB_F1,2,58,0,RBFN,200,0,96,250.0,40000.0,"[50, 0]",12.869518868234103,2.4848140225687514
BBOB_F1,BBOB_F1,2,59,0,RBFN,200,0,96,266.0,40000.0,"[66, 0]",12.881864198844674,2.515834947355482
BBOB_F1,BBOB_F1,2,60,0,RBFN,200,0,96,292.0,40000.0,"[92, 0]",13.54110350494934,2.444911103181373
BBOB_F1,BBOB_F1,2,61,0,RBFN,200,0,96,448.0,40000.0,"[248, 0]",13.811582840567576,2.474611161348765
BBOB_F1,BBOB_F1,2,62,0,RBFN,200,0,98,234.0,40000.0,"[34, 0]",13.07137018812066,2.5436420039082326
BBOB_F1,BBOB_F1,2,63,0,RBFN,200,0,97,524.0,40000.0,"[28, 296]",14.250733399480621,2.4789540724088934
BBOB_F1,BBOB_F1,2,64,0,RBFN,200,0,98,248.0,40000.0,"[48, 0]",13.117253113440569,2.3316536051969745
BBOB_F1,BBOB_F1,2,65,0,RBFN,200,0,99,240.0,40000.0,"[36, 4]",13.428389409984025,2.306767943701274
BBOB_F1,BBOB_F1,2,66,0,RBFN,200,0,100,232.0,40000.0,"[32, 0]",12.869518868234103,2.3342317634639436
BBOB_F1,BBOB_F1,2,67,0,RBFN,200,0,100,370.0,40000.0,"[170, 0]",13.402839708370953,2.3806689263894687
BBOB_F1,BBOB_F1,2,68,0,RBFN,200,0,100,364.0,40000.0,"[164, 0]",12.869518868234103,2.3081943556154925
BBOB_F1,BBOB_F1,2,69,0,RBFN,200,0,98,254.0,40000.0,"[54, 0]",13.181295648684273,2.378574002909475
BBOB_F1,BBOB_F1,2,70,0,RBFN,200,0,98,258.0,40000.0,"[58, 0]",13.142076932947269,2.378019080532984
BBOB_F1,BBOB_F1,2,71,0,RBFN,200,0,99,276.0,40000.0,"[76, 0]",12.869518868234103,2.375754590043696
BBOB_F1,BBOB_F1,2,72,0,RBFN,200,0,99,440.0,40000.0,"[240, 0]",12.869518868234103,2.3824590479243657
BBOB_F1,BBOB_F1,2,73,0,RBFN,200,0,99,404.0,40000.0,"[204, 0]",13.263991749711623,2.5327708174893537
BBOB_F1,BBOB_F1,2,74,0,RBFN,200,0,99,372.0,40000.0,"[172, 0]",13.348545399055773,2.5151636933829193
BBOB_F1,BBOB_F1,2,75,0,RBFN,200,0,99,592.0,40000.0,"[392, 0]",13.917066938007597,2.4345870871029915
BBOB_F1,BBOB_F1,2,76,0,RBFN,200,0,98,748.0,40000.0,"[548, 0]",13.122561045998436,2.4327490533551988
BBOB_F1,BBOB_F1,2,77,0,RBFN,200,0,96,468.0,40000.0,"[268, 0]",13.008680668410447,2.5264913506883664
BBOB_F1,BBOB_F1,2,78,0,RBFN,200,0,97,302.0,40000.0,"[102, 0]",12.877044874898399,2.455163710111691
BBOB_F1,BBOB_F1,2,79,0,RBFN,200,0,98,290.0,40000.0,"[90, 0]",12.871498513239288,2.457421277087887
BBOB_F1,BBOB_F1,2,80,0,RBFN,200,0,98,290.0,40000.0,"[90, 0]",12.869518868234103,2.5034118284088027
BBOB_F1,BBOB_F1,2,81,0,RBFN,200,0,98,346.0,40000.0,"[146, 0]",13.007666738584138,2.466302711733755
BBOB_F1,BBOB_F1,2,82,0,RBFN,200,0,98,550.0,40000.0,"[154, 196]",13.118237491382265,2.3930812809638407
BBOB_F1,BBOB_F1,2,83,0,RBFN,200,0,99,432.0,40000.0,"[232, 0]",13.334804281626994,2.4385158596344714
BBOB_F1,BBOB_F1,2,84,0,RBFN,200,0,100,304.0,40000.0,"[104, 0]",13.007666738584138,2.468456256054489
BBOB_F1,BBOB_F1,2,85,0,RBFN,200,0,99,398.0,40000.0,"[198, 0]",13.007666738584138,2.4622414482972004
BBOB_F1,BBOB_F1,2,86,0,RBFN,200,0,100,374.0,40000.0,"[174, 0]",13.007666738584138,2.5478612572582695
BBOB_F1,BBOB_F1,2,87,0,RBFN,200,0,100,512.0,40000.0,"[312, 0]",13.013908000391416,2.5148944526615873
BBOB_F1,BBOB_F1,2,88,0,RBFN,200,0,100,380.0,40000.0,"[180, 0]",13.369346111480876,2.52049727033735
BBOB_F1,BBOB_F1,2,89,0,RBFN,200,0,100,502.0,40000.0,"[302, 0]",13.007666738584138,2.524878559550757
BBOB_F1,BBOB_F1,2,90,0,RBFN,200,0,100,500.0,40000.0,"[290, 10]",13.081562811589011,2.4620421211233494
BBOB_F1,BBOB_F1,2,91,0,RBFN,200,0,100,454.0,40000.0,"[254, 0]",12.980579718880762,2.456105050278111
BBOB_F1,BBOB_F1,2,92,0,RBFN,200,0,100,306.0,40000.0,"[106, 0]",12.869518868234103,2.5029482653783055
BBOB_F1,BBOB_F1,2,93,0,RBFN,200,0,100,304.0,40000.0,"[104, 0]",12.869518868234103,2.504746066451665
BBOB_F1,BBOB_F1,2,94,0,RBFN,200,0,100,474.0,40000.0,"[272, 2]",14.776596180604004,2.549087122253518
BBOB_F1,BBOB_F1,2,95,0,RBFN,200,0,100,332.0,40000.0,"[132, 0]",13.660368376142253,2.496056528592787
BBOB_F1,BBOB_F1,2,96,0,RBFN,200,0,100,406.0,40000.0,"[206, 0]",13.09608968016421,2.435758772641191
BBOB_F1,BBOB_F1,2,97,0,RBFN,200,0,100,346.0,40000.0,"[146, 0]",13.192152568031677,2.3979575432742974
BBOB_F1,BBOB_F1,2,98,0,RBFN,200,0,100,302.0,40000.0,"[102, 0]",13.577363351830785,2.4432051611460786
BBOB_F1,BBOB_F1,2,99,0,RBFN,200,0,99,378.0,40000.0,"[178, 0]",12.869518868234103,2.486835601859306
BBOB_F17,BBOB_F17,2,1,0,RBFN,409,56,11,149909.0,167281.0,"[146983, 107275]",4127198.680720464,2882599.884541588
BBOB_F17,BBOB_F17,2,2,0,RBFN,200,12,14,18370.0,40000.0,"[17784, 4122]",4675390.6063560145,3357739.019533968
BBOB_F17,BBOB_F17,2,3,0,RBFN,200,1,13,11606.0,40000.0,"[11163, 459]",4675390.6063560145,4202928.606275066
BBOB_F17,BBOB_F17,2,4,0,RBFN,200,1,17,12066.0,40000.0,"[11832, 64]",4675390.6063560145,4235289.671005953
BBOB_F17,BBOB_F17,2,5,0,RBFN,200,0,10,15102.0,40000.0,"[14890, 38]",4294668.796493459,3787039.98811891
BBOB_F17,BBOB_F17,2,6,0,RBFN,200,0,21,15870.0,40000.0,"[15658, 32]",4319769.182835703,3511686.537455655
BBOB_F17,BBOB_F17,2,7,0,RBFN,200,0,25,17614.0,40000.0,"[17414, 0]",4444638.762082783,3298498.3157824995
BBOB_F17,BBOB_F17,2,8,0,RBFN,200,0,33,18018.0,40000.0,"[17818, 0]",4566792.84445638,3639222.867429707
BBOB_F17,BBOB_F17,2,9,0,RBFN,200,0,29,16900.0,40000.0,"[16700, 0]",4634432.777426603,3706445.995653312
BBOB_F17,BBOB_F17,2,10,0,RBFN,200,0,29,14976.0,40000.0,"[14776, 0]",4678751.472902511,3965737.1381039005
BBOB_F17,BBOB_F17,2,11,0,RBFN,200,0,46,10674.0,40000.0,"[10474, 0]",4700449.209068814,4017844.0534459148
BBOB_F17,BBOB_F17,2,12,0,RBFN,200,0,59,6680.0,40000.0,"[6480, 0]",4678751.472902511,3760449.657650309
BBOB_F17,BBOB_F17,2,13,0,RBFN,200,0,69,2890.0,40000.0,"[2690, 0]",4679167.252437374,3626703.4168254137
BBOB_F17,BBOB_F17,2,14,0,RBFN,200,0,68,4108.0,40000.0,"[3908, 0]",4631755.592862769,3601878.055144823
BBOB_F17,BBOB_F17,2,15,0,RBFN,200,0,68,4990.0,40000.0,"[4790, 0]",4614716.919670094,3635007.539302819
BBOB_F17,BBOB_F17,2,16,0,RBFN,200,0,74,3690.0,40000.0,"[3490, 0]",4702124.877144307,3505414.580609434
BBOB_F17,BBOB_F17,2,17,0,RBFN,200,0,76,3220.0,40000.0,"[3020, 0]",4674274.391925259,3366844.649804605
BBOB_F17,BBOB_F17,2,18,0,RBFN,200,0,75,4310.0,40000.0,"[4110, 0]",4614716.919670094,3390949.081109899
BBOB_F17,BBOB_F17,2,19,0,RBFN,200,0,79,4034.0,40000.0,"[3834, 0]",4851991.862473948,3316424.443790486
BBOB_F17,BBOB_F17,2,20,0,RBFN,200,0,77,4034.0,40000.0,"[3834, 0]",4684023.450532005,3370358.530442059
BBOB_F17,BBOB_F17,2,21,0,RBFN,200,0,77,4364.0,40000.0,"[4164, 0]",4848820.6358230775,3361264.943945601
BBOB_F17,BBOB_F17,2,22,0,RBFN,200,0,76,4244.0,40000.0,"[4044, 0]",4914286.670795458,3380405.604702119
BBOB_F17,BBOB_F17,2,23,0,RBFN,200,0,83,6214.0,40000.0,"[6014, 0]",4813817.469894808,3354350.6442633523
BBOB_F17,BBOB_F17,2,24,0,RBFN,200,0,83,3828.0,40000.0,"[3628, 0]",4904191.077735695,3390886.112871498
BBOB_F17,BBOB_F17,2,25,0,RBFN,200,0,83,4144.0,40000.0,"[3944, 0]",4832725.749786501,3475816.3035690375
BBOB_F17,BBOB_F17,2,26,0,RBFN,200,0,92,4682.0,40000.0,"[4482, 0]",4940526.839007534,3452732.7848992883
BBOB_F17,BBOB_F17,2,27,0,RBFN,200,0,91,4744.0,40000.0,"[4544, 0]",4940526.839007534,3505096.2013543276
BBOB_F17,BBOB_F17,2,28,0,RBFN,200,0,89,5954.0,40000.0,"[5754, 0]",4940526.839007534,3526703.8765684133
BBOB_F17,BBOB_F17,2,29,0,RBFN,200,0,95,5270.0,40000.0,"[5070, 0]",4981543.1281024255,3562491.5124535495
BBOB_F17,BBOB_F17,2,30,0,RBFN,200,0,96,6712.0,40000.0,"[6512, 0]",4919493.864072724,3630276.428322469
BBOB_F17,BBOB_F17,2,31,0,RBFN,200,0,95,4228.0,40000.0,"[4028, 0]",4905336.958864239,3609610.523461016
BBOB_F17,BBOB_F17,2,32,0,RBFN,200,0,95,6948.0,40000.0,"[6748, 0]",4900859.828163206,3624577.0956901056
BBOB_F17,BBOB_F17,2,33,0,RBFN,200,0,97,5790.0,40000.0,"[5590, 0]",4952245.732583515,3670635.658018732
BBOB_F17,BBOB_F17,2,34,0,RBFN,200,0,96,5196.0,40000.0,"[4996, 0]",4926407.657343527,3662026.0951746404
BBOB_F17,BBOB_F17,2,35,0,RBFN,200,0,96,5686.0,40000.0,"[5486, 0]",4913747.492780708,3711227.9922938184
BBOB_F17,BBOB_F17,2,36,0,RBFN,200,0,96,5458.0,40000.0,"[5258, 0]",4964086.01921665,3829058.205230439
BBOB_F17,BBOB_F17,2,37,0,RBFN,200,0,94,3866.0,40000.0,"[3666, 0]",4900859.828163206,3787205.5291331136
BBOB_F17,BBOB_F17,2,38,0,RBFN,200,0,94,5166.0,40000.0,"[4966, 0]",4900859.828163206,3770184.176437725
BBOB_F17,BBOB_F17,2,39,0,RBFN,200,0,95,6264.0,40000.0,"[6064, 0]",4916524.403138761,3808561.890515528
BBOB_F17,BBOB_F17,2,40,0,RBFN,200,0,94,4580.0,40000.0,"[4380, 0]",4904863.4781515645,3737893.067023315
BBOB_F17,BBOB_F17,2,41,0,RBFN,200,0,92,5292.0,40000.0,"[5092, 0]",4943159.240180539,3742160.266844458
BBOB_F17,BBOB_F17,2,42,0,RBFN,200,0,95,4322.0,40000.0,"[4122, 0]",4948300.942507864,3848953.0993974055
BBOB_F17,BBOB_F17,2,43,0,RBFN,200,0,94,4168.0,40000.0,"[3968, 0]",4947819.523793059,3849132.022317546
BBOB_F17,BBOB_F17,2,44,0,RBFN,200,0,98,5424.0,40000.0,"[5224, 0]",4905684.7987772385,3856533.184802918
BBOB_F17,BBOB_F17,2,45,0,RBFN,200,0,98,5982.0,40000.0,"[5782, 0]",4974942.013170676,3847259.785484624
BBOB_F17,BBOB_F17,2,46,0,RBFN,200,0,97,5438.0,40000.0,"[5238, 0]",4913575.606683108,3847456.4478926356
BBOB_F17,BBOB_F17,2,47,0,RBFN,200,0,98,6304.0,40000.0,"[6104, 0]",4978390.76605121,3934047.8076797025
BBOB_F17,BBOB_F17,2,48,0,RBFN,200,0,99,5198.0,40000.0,"[4998, 0]",4936619.220585236,3924039.8537944998
BBOB_F17,BBOB_F17,2,49,0,RBFN,200,0,100,4834.0,40000.0,"[4634, 0]",4938883.595719838,3910209.893972887
BBOB_F17,BBOB_F17,2,50,0,RBFN,200,0,100,3826.0,40000.0,"[3626, 0]",5006392.219019939,3944968.4999186164
BBOB_F17,BBOB_F17,2,51,0,RBFN,200,0,99,4662.0,40000.0,"[4462, 0]",4993489.376729061,3889720.2374516977
BBOB_F17,BBOB_F17,2,52,0,RBFN,200,0,99,4472.0,40000.0,"[4272, 0]",4953538.456475585,3833572.675150665
BBOB_F17,BBOB_F17,2,53,0,RBFN,200,0,99,4438.0,40000.0,"[4238, 0]",4969088.465424022,3866316.905013464
BBOB_F17,BBOB_F17,2,54,0,RBFN,200,0,100,3012.0,40000.0,"[2812, 0]",4978148.034902604,3884816.307011326
BBOB_F17,BBOB_F17,2,55,0,RBFN,200,0,100,4946.0,40000.0,"[4746, 0]",4991281.0715299435,3863463.9422306176
BBOB_F17,BBOB_F17,2,56,0,RBFN,200,0,99,5440.0,40000.0,"[5240, 0]",5020974.926756285,3847282.0516698654
BBOB_F17,BBOB_F17,2,57,0,RBFN,200,0,98,5746.0,40000.0,"[5546, 0]",4979122.733855888,3854409.8465677453
BBOB_F17,BBOB_F17,2,58,0,RBFN,200,0,99,5382.0,40000.0,"[5182, 0]",4977708.461737953,3808512.4860782768
BBOB_F17,BBOB_F17,2,59,0,RBFN,200,0,99,4732.0,40000.0,"[4532, 0]",4994550.78005716,3846127.650767382
BBOB_F17,BBOB_F17,2,60,0,RBFN,200,0,99,4950.0,40000.0,"[4750, 0]",4977708.461737953,3823994.644096004
BBOB_F17,BBOB_F17,2,61,0,RBFN,200,0,99,4608.0,40000.0,"[4408, 0]",4977708.461737953,3859519.6351573737
BBOB_F17,BBOB_F17,2,62,0,RBFN,200,0,99,5472.0,40000.0,"[5272, 0]",4978263.022506504,3817172.682297537
BBOB_F17,BBOB_F17,2,63,0,RBFN,200,0,99,4774.0,40000.0,"[4574, 0]",4997714.562628223,3855229.0410183268
BBOB_F17,BBOB_F17,2,64,0,RBFN,200,0,98,4060.0,40000.0,"[3860, 0]",4978263.022506504,3817554.0274561252
BBOB_F17,BBOB_F17,2,65,0,RBFN,200,0,99,4996.0,40000.0,"[4796, 0]",4978263.022506504,3876068.1658465783
BBOB_F17,BBOB_F17,2,66,0,RBFN,200,0,100,4640.0,40000.0,"[4440, 0]",4990371.652452554,3845475.2425804804
BBOB_F17,BBOB_F17,2,67,0,RBFN,200,0,100,4952.0,40000.0,"[4752, 0]",4998299.279220129,3845843.5643478828
BBOB_F17,BBOB_F17,2,68,0,RBFN,200,0,100,4058.0,40000.0,"[3858, 0]",5005977.740671477,3849124.7818899215
BBOB_F17,BBOB_F17,2,69,0,RBFN,200,0,99,4294.0,40000.0,"[4094, 0]",4999967.9391509555,3831830.631905718
BBOB_F17,BBOB_F17,2,70,0,RBFN,200,0,98,5240.0,40000.0,"[5040, 0]",4989395.635412691,3849298.157507882
BBOB_F17,BBOB_F17,2,71,0,RBFN,200,0,99,4160.0,40000.0,"[3960, 0]",5002330.202087567,3834033.6573343747
BBOB_F17,BBOB_F17,2,72,0,RBFN,200,0,98,6034.0,40000.0,"[5834, 0]",5037464.522984295,3834815.256426119
BBOB_F17,BBOB_F17,2,73,0,RBFN,200,0,99,3786.0,40000.0,"[3586, 0]",4993542.732042184,3818740.1882910305
BBOB_F17,BBOB_F17,2,74,0,RBFN,200,0,98,4840.0,40000.0,"[4640, 0]",4994495.9533751635,3844537.7011458813
BBOB_F17,BBOB_F17,2,75,0,RBFN,200,0,98,5166.0,40000.0,"[4966, 0]",4975991.261693691,3836917.22704098
BBOB_F17,BBOB_F17,2,76,0,RBFN,200,0,99,5136.0,40000.0,"[4936, 0]",4975991.261693691,3847341.2587547195
BBOB_F17,BBOB_F17,2,77,0,RBFN,200,0,98,4714.0,40000.0,"[4514, 0]",4980167.248147584,3796137.765038936
BBOB_F17,BBOB_F17,2,78,0,RBFN,200,0,99,5048.0,40000.0,"[4848, 0]",4980167.248147584,3946309.7611059607
BBOB_F17,BBOB_F17,2,79,0,RBFN,200,0,98,3382.0,40000.0,"[3182, 0]",4994330.151913823,3872753.714141222
BBOB_F17,BBOB_F17,2,80,0,RBFN,200,0,99,3824.0,40000.0,"[3624, 0]",5000501.891456217,3885147.2787899124
BBOB_F17,BBOB_F17,2,81,0,RBFN,200,0,100,5850.0,40000.0,"[5650, 0]",4980167.248147584,3872839.0401204415
BBOB_F17,BBOB_F17,2,82,0,RBFN,200,0,100,5204.0,40000.0,"[5004, 0]",4984899.239379867,3899105.0465036975
BBOB_F17,BBOB_F17,2,83,0,RBFN,200,0,99,5424.0,40000.0,"[5224, 0]",4994962.652857987,3871458.4485167563
BBOB_F17,BBOB_F17,2,84,0,RBFN,200,0,99,3952.0,40000.0,"[3752, 0]",5007387.501212955,3786202.757735989
BBOB_F17,BBOB_F17,2,85,0,RBFN,200,0,100,4760.0,40000.0,"[4560, 0]",4979719.444588577,3845555.2413336467
BBOB_F17,BBOB_F17,2,86,0,RBFN,200,0,99,5366.0,40000.0,"[5166, 0]",4963591.149322734,3868970.6435031462
BBOB_F17,BBOB_F17,2,87,0,RBFN,200,0,100,4310.0,40000.0,"[4110, 0]",4992156.0266804155,3882245.259787202
BBOB_F17,BBOB_F17,2,88,0,RBFN,200,0,100,4154.0,40000.0,"[3954, 0]",5006195.699917263,3858818.9008878283
BBOB_F17,BBOB_F17,2,89,0,RBFN,200,0,100,4182.0,40000.0,"[3982, 0]",5004329.856577281,3831851.2096679867
BBOB_F17,BBOB_F17,2,90,0,RBFN,200,0,100,4392.0,40000.0,"[4192, 0]",4999469.251379157,3888269.4348268164
BBOB_F17,BBOB_F17,2,91,0,RBFN,200,0,100,5510.0,40000.0,"[5310, 0]",4994637.969746284,3908154.4505667756
BBOB_F17,BBOB_F17,2,92,0,RBFN,200,0,100,5546.0,40000.0,"[5346, 0]",4995201.107382941,3924115.871486249
BBOB_F17,BBOB_F17,2,93,0,RBFN,200,0,99,4962.0,40000.0,"[4762, 0]",4991135.340752318,3952895.776995653
BBOB_F17,BBOB_F17,2,94,0,RBFN,200,0,100,4130.0,40000.0,"[3930, 0]",4999178.05101246,3913685.889093656
BBOB_F17,BBOB_F17,2,95,0,RBFN,200,0,100,6186.0,40000.0,"[5986, 0]",5007720.46947679,3922668.2461968632
BBOB_F17,BBOB_F17,2,96,0,RBFN,200,0,100,4382.0,40000.0,"[4182, 0]",4978071.728886171,3914406.540440117
BBOB_F17,BBOB_F17,2,97,0,RBFN,200,0,100,3502.0,40000.0,"[3302, 0]",4996981.893398164,3838674.186420741
BBOB_F17,BBOB_F17,2,98,0,RBFN,200,0,100,4228.0,40000.0,"[4028, 0]",4976065.547019495,3886754.064606582
BBOB_F17,BBOB_F17,2,99,0,RBFN,200,0,100,5616.0,40000.0,"[5416, 0]",4975765.264686064,3846806.9124687673
BBOB_F22,BBOB_F22,2,1,0,RBFN,409,63,5,151809.0,167281.0,"[137847, 137127]",160892.63415758914,47385.13083004704
BBOB_F22,BBOB_F22,2,2,0,RBFN,200,20,11,20210.0,40000.0,"[11841, 16621]",183981.59818878197,53329.1469323128
BBOB_F22,BBOB_F22,2,3,0,RBFN,200,11,16,12752.0,40000.0,"[5277, 10291]",188231.1267810158,72552.59649102514
BBOB_F22,BBOB_F22,2,4,0,RBFN,200,7,18,11512.0,40000.0,"[3926, 9422]",188231.1267810158,84903.64962932146
BBOB_F22,BBOB_F22,2,5,0,RBFN,200,6,19,8692.0,40000.0,"[1701, 7609]",189510.860244393,92962.00722573996
BBOB_F22,BBOB_F22,2,6,0,RBFN,200,3,16,5066.0,40000.0,"[718, 4414]",184836.23140097145,85236.88484814925
BBOB_F22,BBOB_F22,2,7,0,RBFN,200,0,17,2676.0,40000.0,"[151, 2351]",184836.23140097145,76945.91755076748
BBOB_F22,BBOB_F22,2,8,0,RBFN,200,0,26,1620.0,40000.0,"[0, 1420]",176232.0366548627,78131.56326220375
BBOB_F22,BBOB_F22,2,9,0,RBFN,200,0,32,1130.0,40000.0,"[0, 930]",175647.67284140142,78392.8248278608
BBOB_F22,BBOB_F22,2,10,0,RBFN,200,0,39,1240.0,40000.0,"[0, 1040]",175084.86993331087,81122.02944433152
BBOB_F22,BBOB_F22,2,11,0,RBFN,200,0,49,1366.0,40000.0,"[0, 1166]",174098.0591026063,85696.40258921206
BBOB_F22,BBOB_F22,2,12,0,RBFN,200,0,51,1004.0,40000.0,"[0, 804]",175452.9457844644,89955.06485588456
BBOB_F22,BBOB_F22,2,13,0,RBFN,200,0,45,884.0,40000.0,"[0, 684]",175452.9457844644,91199.06647944318
BBOB_F22,BBOB_F22,2,14,0,RBFN,200,0,55,500.0,40000.0,"[0, 300]",173381.0686703916,92641.54208703738
BBOB_F22,BBOB_F22,2,15,0,RBFN,200,0,62,600.0,40000.0,"[0, 400]",174972.1396201332,91967.68680169147
BBOB_F22,BBOB_F22,2,16,0,RBFN,200,0,59,732.0,40000.0,"[0, 532]",177361.4170367727,93226.04207038753
BBOB_F22,BBOB_F22,2,17,0,RBFN,200,0,68,492.0,40000.0,"[0, 292]",179682.08284467334,93084.84622786807
BBOB_F22,BBOB_F22,2,18,0,RBFN,200,0,69,426.0,40000.0,"[0, 226]",179682.08284467334,93296.01470459295
BBOB_F22,BBOB_F22,2,19,0,RBFN,200,0,66,352.0,40000.0,"[0, 152]",179682.08284467334,93509.49387063328
BBOB_F22,BBOB_F22,2,20,0,RBFN,200,0,71,624.0,40000.0,"[0, 424]",179682.08284467334,93076.73985658235
BBOB_F22,BBOB_F22,2,21,0,RBFN,200,0,80,462.0,40000.0,"[0, 262]",179682.08284467334,92691.98125011545
BBOB_F22,BBOB_F22,2,22,0,RBFN,200,0,87,204.0,40000.0,"[0, 4]",177888.7393525401,92223.71078586746
BBOB_F22,BBOB_F22,2,23,0,RBFN,200,0,86,200.0,40000.0,"[0, 0]",177888.7393525401,92573.7562726005
BBOB_F22,BBOB_F22,2,24,0,RBFN,200,0,86,238.0,40000.0,"[0, 38]",177888.7393525401,91559.64598421566
BBOB_F22,BBOB_F22,2,25,0,RBFN,200,0,85,212.0,40000.0,"[0, 12]",179140.3893482413,91990.84244776682
BBOB_F22,BBOB_F22,2,26,0,RBFN,200,0,86,202.0,40000.0,"[0, 2]",179140.3893482413,92429.0831231596
BBOB_F22,BBOB_F22,2,27,0,RBFN,200,0,88,200.0,40000.0,"[0, 0]",179140.3893482413,91180.41975207113
BBOB_F22,BBOB_F22,2,28,0,RBFN,200,0,87,232.0,40000.0,"[0, 32]",179140.3893482413,92206.09282248854
BBOB_F22,BBOB_F22,2,29,0,RBFN,200,0,92,204.0,40000.0,"[0, 4]",183269.49701236392,92214.62921760092
BBOB_F22,BBOB_F22,2,30,0,RBFN,200,0,93,200.0,40000.0,"[0, 0]",179140.3893482413,91489.33587973798
BBOB_F22,BBOB_F22,2,31,0,RBFN,200,0,92,200.0,40000.0,"[0, 0]",180901.91127079626,91476.32568044524
BBOB_F22,BBOB_F22,2,32,0,RBFN,200,0,94,204.0,40000.0,"[0, 4]",180617.57803520904,91242.90110176888
BBOB_F22,BBOB_F22,2,33,0,RBFN,200,0,94,200.0,40000.0,"[0, 0]",180038.6068698774,91121.77884706651
BBOB_F22,BBOB_F22,2,34,0,RBFN,200,0,94,202.0,40000.0,"[0, 2]",179583.97305579466,91354.40891618181
BBOB_F22,BBOB_F22,2,35,0,RBFN,200,0,95,224.0,40000.0,"[0, 24]",179973.36916890473,90908.8743509889
BBOB_F22,BBOB_F22,2,36,0,RBFN,200,0,96,206.0,40000.0,"[0, 6]",179583.97305579466,91925.74775382398
BBOB_F22,BBOB_F22,2,37,0,RBFN,200,0,95,212.0,40000.0,"[0, 12]",179583.97305579466,92379.42259267291
BBOB_F22,BBOB_F22,2,38,0,RBFN,200,0,95,204.0,40000.0,"[0, 4]",180405.0931460515,93227.72769362012
BBOB_F22,BBOB_F22,2,39,0,RBFN,200,0,96,278.0,40000.0,"[0, 78]",179583.97305579466,92507.99611572475
BBOB_F22,BBOB_F22,2,40,0,RBFN,200,0,99,212.0,40000.0,"[0, 12]",181289.7575030456,91095.94797986996
BBOB_F22,BBOB_F22,2,41,0,RBFN,200,0,98,272.0,40000.0,"[0, 72]",181289.7575030456,91160.94821884375
BBOB_F22,BBOB_F22,2,42,0,RBFN,200,0,97,256.0,40000.0,"[0, 56]",181289.7575030456,91298.19619486973
BBOB_F22,BBOB_F22,2,43,0,RBFN,200,0,99,326.0,40000.0,"[0, 126]",181289.7575030456,90926.29825657918
BBOB_F22,BBOB_F22,2,44,0,RBFN,200,0,99,330.0,40000.0,"[0, 130]",181292.209462426,90687.6991018078
BBOB_F22,BBOB_F22,2,45,0,RBFN,200,0,97,200.0,40000.0,"[0, 0]",181289.7575030456,90567.46282876769
BBOB_F22,BBOB_F22,2,46,0,RBFN,200,0,100,204.0,40000.0,"[0, 4]",181289.7575030456,90940.69733135529
BBOB_F22,BBOB_F22,2,47,0,RBFN,200,0,100,200.0,40000.0,"[0, 0]",180020.20880640054,91057.57720883809
BBOB_F22,BBOB_F22,2,48,0,RBFN,200,0,100,248.0,40000.0,"[0, 48]",182394.3270186909,91145.76746813655
BBOB_F22,BBOB_F22,2,49,0,RBFN,200,0,100,270.0,40000.0,"[0, 70]",182586.24236394334,90852.17456914095
BBOB_F22,BBOB_F22,2,50,0,RBFN,200,0,99,206.0,40000.0,"[0, 6]",180581.5574317745,90366.44319795805
BBOB_F22,BBOB_F22,2,51,0,RBFN,200,0,99,200.0,40000.0,"[0, 0]",180581.5574317745,90943.73081154328
BBOB_F22,BBOB_F22,2,52,0,RBFN,200,0,100,250.0,40000.0,"[0, 50]",180607.7679398867,90418.4023593607
BBOB_F22,BBOB_F22,2,53,0,RBFN,200,0,100,230.0,40000.0,"[0, 30]",180607.7679398867,91085.53043601182
BBOB_F22,BBOB_F22,2,54,0,RBFN,200,0,100,202.0,40000.0,"[0, 2]",183016.86192422302,90277.56023227792
BBOB_F22,BBOB_F22,2,55,0,RBFN,200,0,98,200.0,40000.0,"[0, 0]",181299.98995485538,90780.69226481566
BBOB_F22,BBOB_F22,2,56,0,RBFN,200,0,99,200.0,40000.0,"[0, 0]",180648.52423517304,91157.0583250413
BBOB_F22,BBOB_F22,2,57,0,RBFN,200,0,100,336.0,40000.0,"[0, 136]",180648.52423517304,90819.64774539665
BBOB_F22,BBOB_F22,2,58,0,RBFN,200,0,100,342.0,40000.0,"[0, 142]",180864.04389297124,90362.04796280478
BBOB_F22,BBOB_F22,2,59,0,RBFN,200,0,100,250.0,40000.0,"[0, 50]",181223.42418927292,90147.06325916269
BBOB_F22,BBOB_F22,2,60,0,RBFN,200,0,100,258.0,40000.0,"[0, 58]",182448.78517061967,89422.17591357838
BBOB_F22,BBOB_F22,2,61,0,RBFN,200,0,100,246.0,40000.0,"[0, 46]",181305.75464785,88966.83910270336
BBOB_F22,BBOB_F22,2,62,0,RBFN,200,0,100,226.0,40000.0,"[0, 26]",181223.42418927292,89367.11863935171
BBOB_F22,BBOB_F22,2,63,0,RBFN,200,0,100,256.0,40000.0,"[0, 56]",181223.42418927292,89543.52149343466
BBOB_F22,BBOB_F22,2,64,0,RBFN,200,0,99,202.0,40000.0,"[0, 2]",181734.9674527251,89154.91596559729
BBOB_F22,BBOB_F22,2,65,0,RBFN,200,0,100,220.0,40000.0,"[0, 20]",181223.42418927292,89962.83100313926
BBOB_F22,BBOB_F22,2,66,0,RBFN,200,0,100,270.0,40000.0,"[0, 70]",181223.42418927292,89864.56509709878
BBOB_F22,BBOB_F22,2,67,0,RBFN,200,0,99,204.0,40000.0,"[0, 4]",182644.34626856694,89783.2118926973
BBOB_F22,BBOB_F22,2,68,0,RBFN,200,0,100,256.0,40000.0,"[0, 56]",181622.7919136175,89564.65833513199
BBOB_F22,BBOB_F22,2,69,0,RBFN,200,0,100,286.0,40000.0,"[0, 86]",182738.80849464991,88854.15915790602
BBOB_F22,BBOB_F22,2,70,0,RBFN,200,0,100,200.0,40000.0,"[0, 0]",182738.80849464991,89710.96574349164
BBOB_F22,BBOB_F22,2,71,0,RBFN,200,0,100,218.0,40000.0,"[0, 18]",183265.09837049939,89168.25521715007
BBOB_F22,BBOB_F22,2,72,0,RBFN,200,0,99,238.0,40000.0,"[0, 38]",184343.39444524262,89776.53045495418
BBOB_F22,BBOB_F22,2,73,0,RBFN,200,0,99,204.0,40000.0,"[0, 4]",183265.09837049939,88452.69656654961
BBOB_F22,BBOB_F22,2,74,0,RBFN,200,0,99,200.0,40000.0,"[0, 0]",183265.09837049939,89516.84079626418
BBOB_F22,BBOB_F22,2,75,0,RBFN,200,0,100,270.0,40000.0,"[0, 70]",183739.98567982877,89813.51311939111
BBOB_F22,BBOB_F22,2,76,0,RBFN,200,0,100,222.0,40000.0,"[0, 22]",188057.68230430587,90165.45838573948
BBOB_F22,BBOB_F22,2,77,0,RBFN,200,0,100,294.0,40000.0,"[0, 94]",186999.82686100077,89823.2725286927
BBOB_F22,BBOB_F22,2,78,0,RBFN,200,0,100,200.0,40000.0,"[0, 0]",183265.09837049939,89543.41230215818
BBOB_F22,BBOB_F22,2,79,0,RBFN,200,0,100,248.0,40000.0,"[0, 48]",183265.09837049939,89737.76976155858
BBOB_F22,BBOB_F22,2,80,0,RBFN,200,0,100,200.0,40000.0,"[0, 0]",183265.09837049939,89356.26546317
BBOB_F22,BBOB_F22,2,81,0,RBFN,200,0,100,388.0,40000.0,"[0, 188]",183265.09837049939,89598.3541149749
BBOB_F22,BBOB_F22,2,82,0,RBFN,200,0,100,200.0,40000.0,"[0, 0]",183834.9394399504,89806.10628056251
BBOB_F22,BBOB_F22,2,83,0,RBFN,200,0,100,316.0,40000.0,"[0, 116]",185885.8246772028,88851.49072649545
BBOB_F22,BBOB_F22,2,84,0,RBFN,200,0,100,200.0,40000.0,"[0, 0]",183265.09837049939,89329.05291392606
BBOB_F22,BBOB_F22,2,85,0,RBFN,200,0,100,282.0,40000.0,"[0, 82]",183265.09837049939,89605.00496061891
BBOB_F22,BBOB_F22,2,86,0,RBFN,200,0,100,200.0,40000.0,"[0, 0]",183265.09837049939,89691.00866487635
BBOB_F22,BBOB_F22,2,87,0,RBFN,200,0,100,258.0,40000.0,"[0, 58]",183638.3310504989,89305.58217533291
BBOB_F22,BBOB_F22,2,88,0,RBFN,200,0,100,204.0,40000.0,"[0, 4]",184159.70305109717,89317.97322003661
BBOB_F22,BBOB_F22,2,89,0,RBFN,200,0,100,204.0,40000.0,"[0, 4]",183308.98584715344,89748.59644114618
BBOB_F22,BBOB_F22,2,90,0,RBFN,200,0,100,226.0,40000.0,"[0, 26]",183793.98120732082,89169.67906658765
BBOB_F22,BBOB_F22,2,91,0,RBFN,200,0,100,236.0,40000.0,"[0, 36]",183308.98584715344,89342.05384335954
BBOB_F22,BBOB_F22,2,92,0,RBFN,200,0,100,304.0,40000.0,"[0, 104]",183682.54397449087,89451.42318942984
BBOB_F22,BBOB_F22,2,93,0,RBFN,200,0,100,200.0,40000.0,"[0, 0]",183367.619696347,88986.94171800921
BBOB_F22,BBOB_F22,2,94,0,RBFN,200,0,100,202.0,40000.0,"[0, 2]",186053.82404686455,88587.1653351497
BBOB_F22,BBOB_F22,2,95,0,RBFN,200,0,100,224.0,40000.0,"[0, 24]",183367.619696347,88961.47755558485
BBOB_F22,BBOB_F22,2,96,0,RBFN,200,0,99,218.0,40000.0,"[0, 18]",183367.619696347,88879.20250819721
BBOB_F22,BBOB_F22,2,97,0,RBFN,200,0,99,240.0,40000.0,"[0, 40]",185278.39474119173,88893.53225180671
BBOB_F22,BBOB_F22,2,98,0,RBFN,200,0,100,200.0,40000.0,"[0, 0]",183367.619696347,88278.8622834544
BBOB_F22,BBOB_F22,2,99,0,RBFN,200,0,100,200.0,40000.0,"[0, 0]",183367.619696347,87620.11035646845
BBOB_F37,BBOB_F37,2,1,0,RBFN,409,64,6,143851.0,167281.0,"[141213, 109317]",777.3315665162164,271.19379512385086
BBOB_F37,BBOB_F37,2,2,0,RBFN,200,25,7,20258.0,40000.0,"[19934, 5282]",759.8479414020163,298.32913581059773
BBOB_F37,BBOB_F37,2,3,0,RBFN,200,10,7,12894.0,40000.0,"[12685, 919]",759.8479414020163,330.37513557362456
BBOB_F37,BBOB_F37,2,4,0,RBFN,200,5,11,9706.0,40000.0,"[9506, 188]",766.9194320834852,359.11437071750925
BBOB_F37,BBOB_F37,2,5,0,RBFN,200,4,13,9216.0,40000.0,"[9005, 79]",744.5677604177652,376.33406063453344
BBOB_F37,BBOB_F37,2,6,0,RBFN,200,3,14,8354.0,40000.0,"[8158, 22]",697.7527662154133,443.1724308151516
BBOB_F37,BBOB_F37,2,7,0,RBFN,200,2,18,7586.0,40000.0,"[7389, 13]",632.5874090875568,506.2740625119053
BBOB_F37,BBOB_F37,2,8,0,RBFN,200,2,15,5782.0,40000.0,"[5584, 4]",660.7236996367777,581.8058885645539
BBOB_F37,BBOB_F37,2,9,0,RBFN,200,2,25,4936.0,40000.0,"[4738, 4]",660.7236996367777,590.2631783868335
BBOB_F37,BBOB_F37,2,10,0,RBFN,200,2,32,3488.0,40000.0,"[3290, 4]",650.6371420566321,622.8792685377398
BBOB_F37,BBOB_F37,2,11,0,RBFN,200,1,36,3846.0,40000.0,"[3648, 6]",650.6371420566321,643.7323897905181
BBOB_F37,BBOB_F37,2,12,0,RBFN,200,1,42,3270.0,40000.0,"[3071, 1]",650.6371420566321,639.099236808801
BBOB_F37,BBOB_F37,2,13,0,RBFN,200,1,42,3666.0,40000.0,"[3467, 1]",652.1567895401363,643.3188994757792
BBOB_F37,BBOB_F37,2,14,0,RBFN,200,0,44,2042.0,40000.0,"[1843, 1]",652.64038527825,658.9687106135467
BBOB_F37,BBOB_F37,2,15,0,RBFN,200,0,48,414.0,40000.0,"[214, 0]",652.64038527825,682.5567528424458
BBOB_F37,BBOB_F37,2,16,0,RBFN,200,0,61,988.0,40000.0,"[788, 0]",721.3679985662983,703.3586050849336
BBOB_F37,BBOB_F37,2,17,0,RBFN,200,0,61,888.0,40000.0,"[688, 0]",627.3596260887682,726.3189428418316
BBOB_F37,BBOB_F37,2,18,0,RBFN,200,0,67,328.0,40000.0,"[128, 0]",597.1061977248655,724.2939913217836
BBOB_F37,BBOB_F37,2,19,0,RBFN,200,0,78,684.0,40000.0,"[484, 0]",597.1061977248655,738.7858809989386
BBOB_F37,BBOB_F37,2,20,0,RBFN,200,0,76,240.0,40000.0,"[40, 0]",629.8684153411772,740.9194624532715
BBOB_F37,BBOB_F37,2,21,0,RBFN,200,0,81,260.0,40000.0,"[60, 0]",587.4625190121894,743.5001423217251
BBOB_F37,BBOB_F37,2,22,0,RBFN,200,0,79,336.0,40000.0,"[136, 0]",615.8681102775873,748.3058708611455
BBOB_F37,BBOB_F37,2,23,0,RBFN,200,0,75,262.0,40000.0,"[62, 0]",614.4135828132212,747.1621681250009
BBOB_F37,BBOB_F37,2,24,0,RBFN,200,0,77,522.0,40000.0,"[322, 0]",588.9029465346306,750.5459327796781
BBOB_F37,BBOB_F37,2,25,0,RBFN,200,0,75,204.0,40000.0,"[4, 0]",623.5445913009501,748.0950101001766
BBOB_F37,BBOB_F37,2,26,0,RBFN,200,0,83,232.0,40000.0,"[32, 0]",661.2012640119972,748.5302375234801
BBOB_F37,BBOB_F37,2,27,0,RBFN,200,0,87,322.0,40000.0,"[122, 0]",596.564259887635,752.3887330389426
BBOB_F37,BBOB_F37,2,28,0,RBFN,200,0,88,320.0,40000.0,"[120, 0]",691.7940236822968,751.5894829809589
BBOB_F37,BBOB_F37,2,29,0,RBFN,200,0,85,416.0,40000.0,"[216, 0]",593.3492544850989,752.9307073613053
BBOB_F37,BBOB_F37,2,30,0,RBFN,200,0,83,382.0,40000.0,"[182, 0]",637.4625097996477,750.0850704174059
BBOB_F37,BBOB_F37,2,31,0,RBFN,200,0,90,454.0,40000.0,"[254, 0]",584.7683415795162,750.9642549890498
BBOB_F37,BBOB_F37,2,32,0,RBFN,200,0,88,224.0,40000.0,"[24, 0]",594.1372721764425,750.5945047506522
BBOB_F37,BBOB_F37,2,33,0,RBFN,200,0,90,264.0,40000.0,"[64, 0]",616.3010653391865,749.3560742099652
BBOB_F37,BBOB_F37,2,34,0,RBFN,200,0,94,264.0,40000.0,"[64, 0]",611.4707738869523,750.4548526031097
BBOB_F37,BBOB_F37,2,35,0,RBFN,200,0,95,312.0,40000.0,"[112, 0]",598.2617038624184,751.8950890533482
BBOB_F37,BBOB_F37,2,36,0,RBFN,200,0,97,244.0,40000.0,"[44, 0]",594.0021218348016,753.2091722181992
BBOB_F37,BBOB_F37,2,37,0,RBFN,200,0,95,224.0,40000.0,"[24, 0]",591.7632038101864,751.8696907630483
BBOB_F37,BBOB_F37,2,38,0,RBFN,200,0,96,220.0,40000.0,"[20, 0]",625.0925833578436,751.31896990207
BBOB_F37,BBOB_F37,2,39,0,RBFN,200,0,94,214.0,40000.0,"[14, 0]",587.44546191303,752.6888620643712
BBOB_F37,BBOB_F37,2,40,0,RBFN,200,0,95,292.0,40000.0,"[92, 0]",587.7411678458583,750.0847660334016
BBOB_F37,BBOB_F37,2,41,0,RBFN,200,0,96,200.0,40000.0,"[0, 0]",585.5368057907099,751.5434232388285
BBOB_F37,BBOB_F37,2,42,0,RBFN,200,0,96,206.0,40000.0,"[6, 0]",580.9542323215319,751.7256892071526
BBOB_F37,BBOB_F37,2,43,0,RBFN,200,0,97,242.0,40000.0,"[42, 0]",584.2806593547684,751.9278718106294
BBOB_F37,BBOB_F37,2,44,0,RBFN,200,0,97,242.0,40000.0,"[42, 0]",585.5787924308046,750.7794356167287
BBOB_F37,BBOB_F37,2,45,0,RBFN,200,0,96,204.0,40000.0,"[4, 0]",598.4606801446062,747.8591313335564
BBOB_F37,BBOB_F37,2,46,0,RBFN,200,0,95,206.0,40000.0,"[6, 0]",614.3129307906,750.1119147267796
BBOB_F37,BBOB_F37,2,47,0,RBFN,200,0,97,262.0,40000.0,"[62, 0]",612.0420531658573,752.2008363295703
BBOB_F37,BBOB_F37,2,48,0,RBFN,200,0,97,748.0,40000.0,"[548, 0]",632.5634454922733,753.1762311763644
BBOB_F37,BBOB_F37,2,49,0,RBFN,200,0,98,350.0,40000.0,"[150, 0]",611.4198362535814,750.3646280234458
BBOB_F37,BBOB_F37,2,50,0,RBFN,200,0,98,200.0,40000.0,"[0, 0]",584.0552112255676,749.7727175592933
BBOB_F37,BBOB_F37,2,51,0,RBFN,200,0,96,214.0,40000.0,"[14, 0]",609.3885416997247,749.9685709670765
BBOB_F37,BBOB_F37,2,52,0,RBFN,200,0,97,270.0,40000.0,"[70, 0]",608.3446870765889,750.7499847731517
BBOB_F37,BBOB_F37,2,53,0,RBFN,200,0,97,218.0,40000.0,"[18, 0]",649.0286108720154,751.3536781147382
BBOB_F37,BBOB_F37,2,54,0,RBFN,200,0,97,474.0,40000.0,"[274, 0]",584.2154527704381,751.8433396831656
BBOB_F37,BBOB_F37,2,55,0,RBFN,200,0,97,798.0,40000.0,"[598, 0]",651.093258086457,753.2802778459175
BBOB_F37,BBOB_F37,2,56,0,RBFN,200,0,99,762.0,40000.0,"[562, 0]",569.7072848937516,752.8649541555529
BBOB_F37,BBOB_F37,2,57,0,RBFN,200,0,99,546.0,40000.0,"[346, 0]",618.9400930105012,755.0288875337652
BBOB_F37,BBOB_F37,2,58,0,RBFN,200,0,99,338.0,40000.0,"[138, 0]",604.0231191842608,753.0975211048337
BBOB_F37,BBOB_F37,2,59,0,RBFN,200,0,99,544.0,40000.0,"[344, 0]",603.9474665132776,754.5408093005846
BBOB_F37,BBOB_F37,2,60,0,RBFN,200,0,99,958.0,40000.0,"[758, 0]",635.5114041965779,751.5869501495257
BBOB_F37,BBOB_F37,2,61,0,RBFN,200,0,98,824.0,40000.0,"[624, 0]",618.338300650623,753.4603324100368
BBOB_F37,BBOB_F37,2,62,0,RBFN,200,0,99,662.0,40000.0,"[462, 0]",591.1038538656563,754.8241376169617
BBOB_F37,BBOB_F37,2,63,0,RBFN,200,0,99,656.0,40000.0,"[456, 0]",585.4355459471768,751.9906378350877
BBOB_F37,BBOB_F37,2,64,0,RBFN,200,0,99,930.0,40000.0,"[730, 0]",602.1982806993581,751.9685099865538
BBOB_F37,BBOB_F37,2,65,0,RBFN,200,0,100,968.0,40000.0,"[768, 0]",694.7375934613246,753.527639115139
BBOB_F37,BBOB_F37,2,66,0,RBFN,200,0,100,574.0,40000.0,"[374, 0]",578.6490717360294,752.7384751548439
BBOB_F37,BBOB_F37,2,67,0,RBFN,200,0,100,1212.0,40000.0,"[1012, 0]",598.602934573598,754.3242986394922
BBOB_F37,BBOB_F37,2,68,0,RBFN,200,0,100,400.0,40000.0,"[200, 0]",582.5662948483216,752.9500083651474
BBOB_F37,BBOB_F37,2,69,0,RBFN,200,0,99,594.0,40000.0,"[394, 0]",577.0860332015803,753.2365921795886
BBOB_F37,BBOB_F37,2,70,0,RBFN,200,0,98,322.0,40000.0,"[122, 0]",640.3904524180374,750.5564614298711
BBOB_F37,BBOB_F37,2,71,0,RBFN,200,0,99,844.0,40000.0,"[644, 0]",589.8835236255184,749.9880931460916
BBOB_F37,BBOB_F37,2,72,0,RBFN,200,0,98,1386.0,40000.0,"[1186, 0]",619.0948644667197,751.6912270381546
BBOB_F37,BBOB_F37,2,73,0,RBFN,200,0,99,616.0,40000.0,"[416, 0]",598.0600995744074,750.8996973431924
BBOB_F37,BBOB_F37,2,74,0,RBFN,200,0,98,772.0,40000.0,"[572, 0]",639.5888601208404,752.1414129460978
BBOB_F37,BBOB_F37,2,75,0,RBFN,200,0,96,554.0,40000.0,"[354, 0]",572.1089205222589,752.606458618735
BBOB_F37,BBOB_F37,2,76,0,RBFN,200,0,96,872.0,40000.0,"[672, 0]",628.9129185371725,751.564383817652
BBOB_F37,BBOB_F37,2,77,0,RBFN,200,0,97,718.0,40000.0,"[518, 0]",608.228675532208,751.3784427989942
BBOB_F37,BBOB_F37,2,78,0,RBFN,200,0,97,490.0,40000.0,"[290, 0]",592.4466896654218,751.9808179986305
BBOB_F37,BBOB_F37,2,79,0,RBFN,200,0,98,506.0,40000.0,"[306, 0]",602.112732572913,750.5328981835413
BBOB_F37,BBOB_F37,2,80,0,RBFN,200,0,99,290.0,40000.0,"[90, 0]",621.0743258747399,751.149599967022
BBOB_F37,BBOB_F37,2,81,0,RBFN,200,0,98,400.0,40000.0,"[200, 0]",593.4163164743373,752.6707601287367
BBOB_F37,BBOB_F37,2,82,0,RBFN,200,0,98,972.0,40000.0,"[772, 0]",633.5443513424168,752.5097479210403
BBOB_F37,BBOB_F37,2,83,0,RBFN,200,0,99,704.0,40000.0,"[504, 0]",629.0550167818627,753.1642875136105
BBOB_F37,BBOB_F37,2,84,0,RBFN,200,0,99,748.0,40000.0,"[548, 0]",566.2831908036793,753.1134168360314
BBOB_F37,BBOB_F37,2,85,0,RBFN,200,0,99,436.0,40000.0,"[236, 0]",600.9730803560392,752.8300056882653
BBOB_F37,BBOB_F37,2,86,0,RBFN,200,0,100,234.0,40000.0,"[34, 0]",603.1882944621873,753.0582611435526
BBOB_F37,BBOB_F37,2,87,0,RBFN,200,0,100,436.0,40000.0,"[236, 0]",580.9417134492771,753.2078368358672
BBOB_F37,BBOB_F37,2,88,0,RBFN,200,0,100,248.0,40000.0,"[48, 0]",621.5837403508722,750.940394364803
BBOB_F37,BBOB_F37,2,89,0,RBFN,200,0,100,280.0,40000.0,"[80, 0]",613.2755709737644,747.7854428540186
BBOB_F37,BBOB_F37,2,90,0,RBFN,200,0,99,306.0,40000.0,"[106, 0]",593.0523896092891,750.4645682898231
BBOB_F37,BBOB_F37,2,91,0,RBFN,200,0,99,626.0,40000.0,"[426, 0]",617.7516140738601,752.7399733584392
BBOB_F37,BBOB_F37,2,92,0,RBFN,200,0,99,384.0,40000.0,"[184, 0]",604.1288783841853,751.6078312197419
BBOB_F37,BBOB_F37,2,93,0,RBFN,200,0,100,316.0,40000.0,"[116, 0]",585.5231525257173,751.8755563101528
BBOB_F37,BBOB_F37,2,94,0,RBFN,200,0,100,840.0,40000.0,"[640, 0]",593.3585846175332,751.4506355643025
BBOB_F37,BBOB_F37,2,95,0,RBFN,200,0,100,458.0,40000.0,"[258, 0]",622.6622751969506,749.3451040625863
BBOB_F37,BBOB_F37,2,96,0,RBFN,200,0,100,572.0,40000.0,"[372, 0]",603.972335769476,751.0076377902286
BBOB_F37,BBOB_F37,2,97,0,RBFN,200,0,100,978.0,40000.0,"[778, 0]",593.2168166039285,752.4413096854748
BBOB_F37,BBOB_F37,2,98,0,RBFN,200,0,100,680.0,40000.0,"[480, 0]",589.1596993881695,752.9819294711518
BBOB_F37,BBOB_F37,2,99,0,RBFN,200,0,100,494.0,40000.0,"[294, 0]",566.8186356923353,749.9030677578309
BBOB_F49,BBOB_F49,2,1,0,RBFN,409,64,8,117197.0,167281.0,"[113283, 105313]",1046.8544071691376,243.75198202384345
BBOB_F49,BBOB_F49,2,2,0,RBFN,200,30,9,9906.0,40000.0,"[7156, 8200]",1019.772323070351,230.1928337589674
BBOB_F49,BBOB_F49,2,3,0,RBFN,200,21,8,3946.0,40000.0,"[2082, 3002]",1019.772323070351,303.408039773496
BBOB_F49,BBOB_F49,2,4,0,RBFN,200,14,16,2680.0,40000.0,"[1043, 2213]",1049.7265330794085,327.95752234083056
BBOB_F49,BBOB_F49,2,5,0,RBFN,200,14,21,2470.0,40000.0,"[564, 2102]",1000.5254550092885,374.8224551445578
BBOB_F49,BBOB_F49,2,6,0,RBFN,200,13,25,2070.0,40000.0,"[470, 1744]",944.7545595942719,436.17029684582803
BBOB_F49,BBOB_F49,2,7,0,RBFN,200,14,30,1640.0,40000.0,"[339, 1409]",873.0807801711554,467.25959926072375
BBOB_F49,BBOB_F49,2,8,0,RBFN,200,13,30,1998.0,40000.0,"[347, 1767]",926.7680517692069,447.617646352733
BBOB_F49,BBOB_F49,2,9,0,RBFN,200,10,37,1888.0,40000.0,"[243, 1681]",896.1206820061016,449.3489185474193
BBOB_F49,BBOB_F49,2,10,0,RBFN,200,10,37,1826.0,40000.0,"[156, 1630]",1011.8988271956904,447.9322447417747
BBOB_F49,BBOB_F49,2,11,0,RBFN,200,9,39,1852.0,40000.0,"[148, 1656]",1027.9515075862612,444.02820470121407
BBOB_F49,BBOB_F49,2,12,0,RBFN,200,9,38,1854.0,40000.0,"[165, 1637]",868.4257247111359,454.0191768723526
BBOB_F49,BBOB_F49,2,13,0,RBFN,200,9,41,2590.0,40000.0,"[151, 2399]",915.871535169252,464.32840651518615
BBOB_F49,BBOB_F49,2,14,0,RBFN,200,9,44,3340.0,40000.0,"[251, 3139]",898.5755400846155,474.4518709114063
BBOB_F49,BBOB_F49,2,15,0,RBFN,200,9,51,2226.0,40000.0,"[179, 2025]",872.886525729405,489.274079736001
BBOB_F49,BBOB_F49,2,16,0,RBFN,200,9,49,1906.0,40000.0,"[265, 1627]",851.8189331738483,502.9999939938659
BBOB_F49,BBOB_F49,2,17,0,RBFN,200,9,49,1704.0,40000.0,"[143, 1507]",866.5251103534754,498.50873743960926
BBOB_F49,BBOB_F49,2,18,0,RBFN,200,9,52,1834.0,40000.0,"[203, 1621]",931.3584530877674,502.56091606005606
BBOB_F49,BBOB_F49,2,19,0,RBFN,200,9,55,2206.0,40000.0,"[201, 2007]",902.7876664024425,509.5042069787313
BBOB_F49,BBOB_F49,2,20,0,RBFN,200,9,59,1834.0,40000.0,"[201, 1633]",888.4358741064676,508.0286570537807
BBOB_F49,BBOB_F49,2,21,0,RBFN,200,9,66,1440.0,40000.0,"[183, 1245]",1023.3382844386099,515.58412349027
BBOB_F49,BBOB_F49,2,22,0,RBFN,200,9,70,1808.0,40000.0,"[189, 1617]",929.0516923392142,516.7329702651429
BBOB_F49,BBOB_F49,2,23,0,RBFN,200,9,70,1802.0,40000.0,"[167, 1611]",967.0484129246047,514.4179104126198
BBOB_F49,BBOB_F49,2,24,0,RBFN,200,9,72,2566.0,40000.0,"[345, 2339]",910.7226660715606,519.5944890927364
BBOB_F49,BBOB_F49,2,25,0,RBFN,200,9,77,2964.0,40000.0,"[399, 2761]",1015.0964425191723,524.1874422321227
BBOB_F49,BBOB_F49,2,26,0,RBFN,200,9,74,2206.0,40000.0,"[185, 2013]",976.5712686480025,522.8838970407803
BBOB_F49,BBOB_F49,2,27,0,RBFN,200,9,69,1472.0,40000.0,"[233, 1227]",936.2028037692537,523.5552245110323
BBOB_F49,BBOB_F49,2,28,0,RBFN,200,9,70,1840.0,40000.0,"[213, 1625]",918.4884272731316,523.8843029226804
BBOB_F49,BBOB_F49,2,29,0,RBFN,200,9,78,1516.0,40000.0,"[277, 1237]",923.7251041471161,525.348454626068
BBOB_F49,BBOB_F49,2,30,0,RBFN,200,9,72,1426.0,40000.0,"[179, 1227]",976.9345720979852,519.1511672832651
BBOB_F49,BBOB_F49,2,31,0,RBFN,200,9,72,1832.0,40000.0,"[181, 1633]",900.2851899250403,525.4931028597264
BBOB_F49,BBOB_F49,2,32,0,RBFN,200,9,70,1942.0,40000.0,"[191, 1749]",937.6710466901043,525.4912329962908
BBOB_F49,BBOB_F49,2,33,0,RBFN,200,9,71,1832.0,40000.0,"[311, 1631]",927.5122820620771,523.4977956190335
BBOB_F49,BBOB_F49,2,34,0,RBFN,200,9,72,2234.0,40000.0,"[243, 2013]",978.7999650945,518.4137291125594
BBOB_F49,BBOB_F49,2,35,0,RBFN,200,9,70,2396.0,40000.0,"[413, 2023]",910.5071754287204,523.9317010738644
BBOB_F49,BBOB_F49,2,36,0,RBFN,200,9,68,1414.0,40000.0,"[169, 1223]",893.0437571506802,522.7923718593801
BBOB_F49,BBOB_F49,2,37,0,RBFN,200,9,69,1444.0,40000.0,"[209, 1223]",991.6708808559737,527.5091888106147
BBOB_F49,BBOB_F49,2,38,0,RBFN,200,9,73,1824.0,40000.0,"[283, 1613]",1024.0017219731317,529.372668079259
BBOB_F49,BBOB_F49,2,39,0,RBFN,200,9,72,2576.0,40000.0,"[183, 2385]",948.5026138038992,524.335183182672
BBOB_F49,BBOB_F49,2,40,0,RBFN,200,9,78,2226.0,40000.0,"[275, 2011]",953.5341091398649,527.865271137069
BBOB_F49,BBOB_F49,2,41,0,RBFN,200,9,77,1498.0,40000.0,"[231, 1247]",1070.958832857114,525.8032511106626
BBOB_F49,BBOB_F49,2,42,0,RBFN,200,9,77,2640.0,40000.0,"[207, 2447]",910.0860115486689,526.1074136939995
BBOB_F49,BBOB_F49,2,43,0,RBFN,200,9,78,1422.0,40000.0,"[179, 1227]",900.2862555385368,521.7712881704144
BBOB_F49,BBOB_F49,2,44,0,RBFN,200,8,81,1838.0,40000.0,"[217, 1641]",1021.9112931219132,529.6255443672595
BBOB_F49,BBOB_F49,2,45,0,RBFN,200,8,80,1876.0,40000.0,"[232, 1672]",997.3363237237913,527.5330847760029
BBOB_F49,BBOB_F49,2,46,0,RBFN,200,8,82,2202.0,40000.0,"[176, 2010]",946.6024159342215,524.3275789094303
BBOB_F49,BBOB_F49,2,47,0,RBFN,200,8,84,1832.0,40000.0,"[206, 1606]",923.8407773183831,524.4932132857979
BBOB_F49,BBOB_F49,2,48,0,RBFN,200,8,85,1816.0,40000.0,"[194, 1620]",1018.0074029450802,525.0326972008968
BBOB_F49,BBOB_F49,2,49,0,RBFN,200,8,82,1800.0,40000.0,"[172, 1600]",1022.3208326987982,522.0936739645675
BBOB_F49,BBOB_F49,2,50,0,RBFN,200,8,84,1476.0,40000.0,"[222, 1216]",980.8460392844715,526.2711988356446
BBOB_F49,BBOB_F49,2,51,0,RBFN,200,8,83,1418.0,40000.0,"[174, 1212]",927.374368830194,526.1481644063352
BBOB_F49,BBOB_F49,2,52,0,RBFN,200,8,83,2964.0,40000.0,"[402, 2770]",981.3310228395786,526.3556056408404
BBOB_F49,BBOB_F49,2,53,0,RBFN,200,8,83,2184.0,40000.0,"[142, 1992]",993.6633653745806,524.205567670739
BBOB_F49,BBOB_F49,2,54,0,RBFN,200,8,85,2476.0,40000.0,"[244, 2280]",979.3112854330083,523.2681346574374
BBOB_F49,BBOB_F49,2,55,0,RBFN,200,8,85,1804.0,40000.0,"[166, 1606]",946.8415926333921,522.2328960731995
BBOB_F49,BBOB_F49,2,56,0,RBFN,200,8,83,1818.0,40000.0,"[180, 1618]",1024.8986975517325,521.9723342212371
BBOB_F49,BBOB_F49,2,57,0,RBFN,200,8,85,2188.0,40000.0,"[160, 1992]",926.5340770666762,523.5716486713574
BBOB_F49,BBOB_F49,2,58,0,RBFN,200,8,86,2210.0,40000.0,"[288, 1998]",1061.3969923617497,524.9023604376522
BBOB_F49,BBOB_F49,2,59,0,RBFN,200,8,86,2582.0,40000.0,"[364, 2378]",1044.551308024728,525.1031255970042
BBOB_F49,BBOB_F49,2,60,0,RBFN,200,8,86,1812.0,40000.0,"[314, 1610]",966.9607356758303,522.9106635202363
BBOB_F49,BBOB_F49,2,61,0,RBFN,200,8,86,1810.0,40000.0,"[196, 1604]",1050.884292699283,524.2719597025424
BBOB_F49,BBOB_F49,2,62,0,RBFN,200,8,85,1796.0,40000.0,"[178, 1604]",966.4983191665091,522.6002617183921
BBOB_F49,BBOB_F49,2,63,0,RBFN,200,8,87,2192.0,40000.0,"[194, 1992]",949.9655429599236,525.7775913345804
BBOB_F49,BBOB_F49,2,64,0,RBFN,200,8,86,2582.0,40000.0,"[306, 2376]",958.7395880384421,526.0569723280864
BBOB_F49,BBOB_F49,2,65,0,RBFN,200,8,87,1404.0,40000.0,"[142, 1212]",982.9072958252253,526.615199225022
BBOB_F49,BBOB_F49,2,66,0,RBFN,200,8,86,1798.0,40000.0,"[176, 1606]",1033.3026024134745,522.0890925206759
BBOB_F49,BBOB_F49,2,67,0,RBFN,200,8,86,2598.0,40000.0,"[300, 2388]",1001.4077314195647,528.3733852627798
BBOB_F49,BBOB_F49,2,68,0,RBFN,200,8,86,1408.0,40000.0,"[162, 1216]",977.2635559231217,528.9969364408513
BBOB_F49,BBOB_F49,2,69,0,RBFN,200,8,87,1814.0,40000.0,"[204, 1604]",1020.0280898715617,526.8345174164654
BBOB_F49,BBOB_F49,2,70,0,RBFN,200,8,87,1806.0,40000.0,"[174, 1606]",1029.750354523803,527.8234681757017
BBOB_F49,BBOB_F49,2,71,0,RBFN,200,8,84,1828.0,40000.0,"[190, 1618]",1011.7307927586149,527.1365673238222
BBOB_F49,BBOB_F49,2,72,0,RBFN,200,8,83,1444.0,40000.0,"[222, 1220]",996.4077119361032,526.3143868060434
BBOB_F49,BBOB_F49,2,73,0,RBFN,200,8,86,1796.0,40000.0,"[186, 1602]",1036.740417725506,528.1665278889817
BBOB_F49,BBOB_F49,2,74,0,RBFN,200,8,88,2196.0,40000.0,"[166, 2002]",1041.018769749111,525.8530855249284
BBOB_F49,BBOB_F49,2,75,0,RBFN,200,8,86,2576.0,40000.0,"[366, 2378]",962.7128506631966,528.9384621721837
BBOB_F49,BBOB_F49,2,76,0,RBFN,200,8,87,2958.0,40000.0,"[358, 2764]",994.135537245344,528.5375078927032
BBOB_F49,BBOB_F49,2,77,0,RBFN,200,8,89,1416.0,40000.0,"[152, 1216]",976.130505766429,528.751837938296
BBOB_F49,BBOB_F49,2,78,0,RBFN,200,8,87,1424.0,40000.0,"[208, 1216]",971.7836933875709,528.7888987248822
BBOB_F49,BBOB_F49,2,79,0,RBFN,200,8,87,1420.0,40000.0,"[158, 1220]",1052.2780245197353,528.4755185445487
BBOB_F49,BBOB_F49,2,80,0,RBFN,200,8,86,2618.0,40000.0,"[328, 2374]",1015.2784337158926,528.0378207276763
BBOB_F49,BBOB_F49,2,81,0,RBFN,200,8,85,2048.0,40000.0,"[282, 1840]",1020.1695409818766,528.4913873883188
BBOB_F49,BBOB_F49,2,82,0,RBFN,200,8,82,1800.0,40000.0,"[168, 1606]",979.9479762547255,527.1565078499076
BBOB_F49,BBOB_F49,2,83,0,RBFN,200,8,84,1814.0,40000.0,"[208, 1606]",986.7022066134506,529.6616741350034
BBOB_F49,BBOB_F49,2,84,0,RBFN,200,8,85,2614.0,40000.0,"[238, 2376]",946.2250119141095,530.5446397005832
BBOB_F49,BBOB_F49,2,85,0,RBFN,200,8,85,2232.0,40000.0,"[196, 2040]",1020.65909273704,530.2710386998311
BBOB_F49,BBOB_F49,2,86,0,RBFN,200,8,85,1834.0,40000.0,"[212, 1606]",954.4726114761437,530.5541459375544
BBOB_F49,BBOB_F49,2,87,0,RBFN,200,8,86,1500.0,40000.0,"[274, 1252]",961.5808840619363,528.1896504266349
BBOB_F49,BBOB_F49,2,88,0,RBFN,200,8,86,2214.0,40000.0,"[236, 2004]",1034.9730618731473,528.1232861000796
BBOB_F49,BBOB_F49,2,89,0,RBFN,200,8,87,1794.0,40000.0,"[186, 1592]",1086.4850830581179,530.5063517734552
BBOB_F49,BBOB_F49,2,90,0,RBFN,200,8,86,3324.0,40000.0,"[214, 3132]",1065.454188786545,525.3345957350322
BBOB_F49,BBOB_F49,2,91,0,RBFN,200,8,88,1808.0,40000.0,"[192, 1606]",1022.4230848748979,525.9969092877067
BBOB_F49,BBOB_F49,2,92,0,RBFN,200,8,89,1802.0,40000.0,"[166, 1598]",1041.1729206230164,528.7641148286648
BBOB_F49,BBOB_F49,2,93,0,RBFN,200,8,90,1802.0,40000.0,"[168, 1606]",964.5814451768078,527.0785095744208
BBOB_F49,BBOB_F49,2,94,0,RBFN,200,8,90,1812.0,40000.0,"[176, 1606]",1098.9855862111153,528.0710820990937
BBOB_F49,BBOB_F49,2,95,0,RBFN,200,8,91,1804.0,40000.0,"[146, 1612]",985.7068416175017,529.3133385373468
BBOB_F49,BBOB_F49,2,96,0,RBFN,200,8,91,1798.0,40000.0,"[172, 1602]",1077.173100974365,531.1173537909909
BBOB_F49,BBOB_F49,2,97,0,RBFN,200,8,91,1404.0,40000.0,"[144, 1212]",1005.2653081038897,531.4418724173829
BBOB_F49,BBOB_F49,2,98,0,RBFN,200,8,92,1408.0,40000.0,"[162, 1216]",1062.5414797480598,530.7003002132474
BBOB_F49,BBOB_F49,2,99,0,RBFN,200,8,90,1814.0,40000.0,"[248, 1620]",985.4220732761678,533.9997867299112
BBOB_F5,BBOB_F5,2,1,0,RBFN,409,62,10,138011.0,167281.0,"[130691, 115809]",317.18753621780377,87.92062567540647
BBOB_F5,BBOB_F5,2,2,0,RBFN,200,32,12,15254.0,40000.0,"[12454, 9598]",285.3733041594636,101.99010488371809
BBOB_F5,BBOB_F5,2,3,0,RBFN,200,16,11,9174.0,40000.0,"[7778, 4418]",310.88879024596537,117.9285204163765
BBOB_F5,BBOB_F5,2,4,0,RBFN,200,12,12,6198.0,40000.0,"[5012, 2896]",262.9129928902703,118.55316226316467
BBOB_F5,BBOB_F5,2,5,0,RBFN,200,6,15,3874.0,40000.0,"[3128, 1856]",256.6535304641535,146.48732513626135
BBOB_F5,BBOB_F5,2,6,0,RBFN,200,4,16,3142.0,40000.0,"[2564, 1442]",256.8938737118042,165.8292239600086
BBOB_F5,BBOB_F5,2,7,0,RBFN,200,3,15,4028.0,40000.0,"[3604, 1626]",264.0629299172786,173.77762953763383
BBOB_F5,BBOB_F5,2,8,0,RBFN,200,3,15,2252.0,40000.0,"[1971, 831]",245.80644529654086,190.47347376332996
BBOB_F5,BBOB_F5,2,9,0,RBFN,200,3,12,2594.0,40000.0,"[2355, 991]",245.80644529654086,199.7751963503028
BBOB_F5,BBOB_F5,2,10,0,RBFN,200,3,16,1752.0,40000.0,"[1539, 805]",264.2176539568796,205.40952384669743
BBOB_F5,BBOB_F5,2,11,0,RBFN,200,2,23,1666.0,40000.0,"[1465, 763]",249.75898681906614,225.45301644486145
BBOB_F5,BBOB_F5,2,12,0,RBFN,200,2,24,2614.0,40000.0,"[2406, 1052]",245.30474709214243,229.46609266160564
BBOB_F5,BBOB_F5,2,13,0,RBFN,200,2,28,3276.0,40000.0,"[3078, 872]",254.8107455356945,235.4611133066134
BBOB_F5,BBOB_F5,2,14,0,RBFN,200,2,35,2540.0,40000.0,"[2342, 744]",251.55735739996953,235.25855989333715
BBOB_F5,BBOB_F5,2,15,0,RBFN,200,2,48,3264.0,40000.0,"[3062, 844]",239.57614056748167,237.62612942593452
BBOB_F5,BBOB_F5,2,16,0,RBFN,200,2,47,1384.0,40000.0,"[1182, 698]",225.58848252461422,245.90623461853662
BBOB_F5,BBOB_F5,2,17,0,RBFN,200,2,48,1686.0,40000.0,"[1488, 706]",255.56616812247393,254.96233970975612
BBOB_F5,BBOB_F5,2,18,0,RBFN,200,2,49,1384.0,40000.0,"[1186, 726]",254.2084545991967,263.10747351992336
BBOB_F5,BBOB_F5,2,19,0,RBFN,200,2,56,2554.0,40000.0,"[2354, 892]",266.5401978595907,272.28454069129987
BBOB_F5,BBOB_F5,2,20,0,RBFN,200,2,51,3428.0,40000.0,"[3226, 1116]",242.0817866158484,276.375799331069
BBOB_F5,BBOB_F5,2,21,0,RBFN,200,2,63,2806.0,40000.0,"[2608, 740]",257.3949767081418,284.70353729556365
BBOB_F5,BBOB_F5,2,22,0,RBFN,200,2,70,3234.0,40000.0,"[3036, 814]",253.2590747262316,291.62607264324197
BBOB_F5,BBOB_F5,2,23,0,RBFN,200,2,74,2410.0,40000.0,"[2212, 728]",255.12763498814098,293.69391568714497
BBOB_F5,BBOB_F5,2,24,0,RBFN,200,2,69,2378.0,40000.0,"[2180, 1108]",243.07130901372605,296.38928535913624
BBOB_F5,BBOB_F5,2,25,0,RBFN,200,2,77,2156.0,40000.0,"[1958, 830]",211.5263367044977,300.48547409599394
BBOB_F5,BBOB_F5,2,26,0,RBFN,200,2,79,2992.0,40000.0,"[2794, 966]",248.8276819419776,302.3896176175774
BBOB_F5,BBOB_F5,2,27,0,RBFN,200,2,80,1764.0,40000.0,"[1566, 914]",238.38572979506236,302.48668304981277
BBOB_F5,BBOB_F5,2,28,0,RBFN,200,2,81,3266.0,40000.0,"[3066, 752]",265.49781314646117,308.06078359238506
BBOB_F5,BBOB_F5,2,29,0,RBFN,200,2,87,2148.0,40000.0,"[1950, 1132]",255.61367879729443,309.6179926000814
BBOB_F5,BBOB_F5,2,30,0,RBFN,200,2,94,2106.0,40000.0,"[1908, 926]",212.2395037544698,313.55718512820357
BBOB_F5,BBOB_F5,2,31,0,RBFN,200,2,91,2588.0,40000.0,"[2390, 952]",261.8480603447846,311.27761788653044
BBOB_F5,BBOB_F5,2,32,0,RBFN,200,2,91,1932.0,40000.0,"[1734, 736]",265.02951062984016,311.46350574874253
BBOB_F5,BBOB_F5,2,33,0,RBFN,200,2,88,994.0,40000.0,"[796, 772]",225.09760988883556,312.5791933084306
BBOB_F5,BBOB_F5,2,34,0,RBFN,200,2,89,4504.0,40000.0,"[4306, 2118]",245.31511639738906,316.16356259201126
BBOB_F5,BBOB_F5,2,35,0,RBFN,200,2,83,1888.0,40000.0,"[1690, 790]",259.38265753031504,315.94920069691426
BBOB_F5,BBOB_F5,2,36,0,RBFN,200,2,92,1384.0,40000.0,"[1186, 764]",217.15632542908835,315.79781068830346
BBOB_F5,BBOB_F5,2,37,0,RBFN,200,2,95,1896.0,40000.0,"[1698, 738]",261.87502535460686,315.94746971856944
BBOB_F5,BBOB_F5,2,38,0,RBFN,200,2,95,1842.0,40000.0,"[1642, 742]",254.80555290667752,317.7064221582484
BBOB_F5,BBOB_F5,2,39,0,RBFN,200,2,95,2356.0,40000.0,"[2156, 1346]",257.1623040334437,316.90284541403673
BBOB_F5,BBOB_F5,2,40,0,RBFN,200,2,94,1384.0,40000.0,"[1186, 766]",215.60727239710747,316.54680666133805
BBOB_F5,BBOB_F5,2,41,0,RBFN,200,2,93,2354.0,40000.0,"[2152, 760]",234.463380114562,319.5973255250186
BBOB_F5,BBOB_F5,2,42,0,RBFN,200,2,93,2646.0,40000.0,"[2448, 1590]",247.81060699858978,319.63908851241024
BBOB_F5,BBOB_F5,2,43,0,RBFN,200,2,91,2280.0,40000.0,"[2082, 938]",267.92234874206946,319.76061630244743
BBOB_F5,BBOB_F5,2,44,0,RBFN,200,2,93,1980.0,40000.0,"[1782, 1038]",232.2843217662704,321.03406722754147
BBOB_F5,BBOB_F5,2,45,0,RBFN,200,2,94,1770.0,40000.0,"[1572, 1158]",244.08528716990193,321.45533405957633
BBOB_F5,BBOB_F5,2,46,0,RBFN,200,2,94,2156.0,40000.0,"[1958, 1030]",214.77889190778222,321.28309779995055
BBOB_F5,BBOB_F5,2,47,0,RBFN,200,2,95,1472.0,40000.0,"[1274, 750]",247.3824953327532,321.37288011865996
BBOB_F5,BBOB_F5,2,48,0,RBFN,200,2,98,3374.0,40000.0,"[3176, 1172]",243.26101585553562,322.3556535024312
BBOB_F5,BBOB_F5,2,49,0,RBFN,200,2,98,2874.0,40000.0,"[2676, 734]",259.0201618839215,318.2802205207135
BBOB_F5,BBOB_F5,2,50,0,RBFN,200,2,98,2582.0,40000.0,"[2384, 746]",233.19777407856543,320.3059166769415
BBOB_F5,BBOB_F5,2,51,0,RBFN,200,2,99,2580.0,40000.0,"[2382, 1304]",244.8867808760665,318.84034562719535
BBOB_F5,BBOB_F5,2,52,0,RBFN,200,2,99,1760.0,40000.0,"[1562, 748]",235.15122857067283,321.80445473514004
BBOB_F5,BBOB_F5,2,53,0,RBFN,200,2,98,2178.0,40000.0,"[1980, 730]",256.4024688595668,318.92250675803285
BBOB_F5,BBOB_F5,2,54,0,RBFN,200,2,99,1978.0,40000.0,"[1780, 750]",243.7671823261607,320.8659502899866
BBOB_F5,BBOB_F5,2,55,0,RBFN,200,2,98,2242.0,40000.0,"[2044, 996]",255.78934690759743,320.6658597871608
BBOB_F5,BBOB_F5,2,56,0,RBFN,200,2,97,2876.0,40000.0,"[2678, 736]",250.5980353161353,319.76404902299595
BBOB_F5,BBOB_F5,2,57,0,RBFN,200,2,97,2312.0,40000.0,"[2114, 1460]",240.8535664796361,319.70881051621126
BBOB_F5,BBOB_F5,2,58,0,RBFN,200,2,97,2110.0,40000.0,"[1912, 748]",243.0761690272972,321.3918229426232
BBOB_F5,BBOB_F5,2,59,0,RBFN,200,2,99,1616.0,40000.0,"[1418, 736]",257.4131128206381,322.60822927821135
BBOB_F5,BBOB_F5,2,60,0,RBFN,200,2,98,1766.0,40000.0,"[1568, 782]",215.72459875925435,319.49756629868233
BBOB_F5,BBOB_F5,2,61,0,RBFN,200,2,98,1704.0,40000.0,"[1504, 1156]",245.6397016296773,319.96814328825565
BBOB_F5,BBOB_F5,2,62,0,RBFN,200,2,98,1934.0,40000.0,"[1732, 760]",257.75455633276005,320.09430456600415
BBOB_F5,BBOB_F5,2,63,0,RBFN,200,2,99,1968.0,40000.0,"[1770, 758]",228.5516592412237,320.8389596727559
BBOB_F5,BBOB_F5,2,64,0,RBFN,200,2,100,2326.0,40000.0,"[2128, 1448]",247.6443434192498,320.51966750031517
BBOB_F5,BBOB_F5,2,65,0,RBFN,200,2,100,2398.0,40000.0,"[2198, 772]",262.3043622156173,319.67940422428904
BBOB_F5,BBOB_F5,2,66,0,RBFN,200,2,100,2078.0,40000.0,"[1880, 1062]",262.3775283232418,319.3598413625615
BBOB_F5,BBOB_F5,2,67,0,RBFN,200,2,99,2206.0,40000.0,"[2008, 750]",242.7567502818916,321.7999901624724
BBOB_F5,BBOB_F5,2,68,0,RBFN,200,2,98,1384.0,40000.0,"[1186, 752]",260.85879218393734,317.58910980009165
BBOB_F5,BBOB_F5,2,69,0,RBFN,200,2,97,2476.0,40000.0,"[2276, 954]",248.58590554200143,321.620980820878
BBOB_F5,BBOB_F5,2,70,0,RBFN,200,2,97,2560.0,40000.0,"[2362, 1318]",260.36909914565126,319.85037649183244
BBOB_F5,BBOB_F5,2,71,0,RBFN,200,2,97,1380.0,40000.0,"[1182, 766]",228.4063834967626,320.50110069479234
BBOB_F5,BBOB_F5,2,72,0,RBFN,200,2,97,1924.0,40000.0,"[1726, 1124]",233.8836730241313,318.2055885218455
BBOB_F5,BBOB_F5,2,73,0,RBFN,200,2,97,1644.0,40000.0,"[1446, 768]",252.69856729636498,319.0815291271321
BBOB_F5,BBOB_F5,2,74,0,RBFN,200,2,97,2238.0,40000.0,"[2038, 1406]",240.11623135415672,319.99583604554886
BBOB_F5,BBOB_F5,2,75,0,RBFN,200,2,97,1286.0,40000.0,"[1088, 758]",253.6901804122562,320.29967707302535
BBOB_F5,BBOB_F5,2,76,0,RBFN,200,2,97,1772.0,40000.0,"[1574, 1180]",222.2320782526092,322.2660918344849
BBOB_F5,BBOB_F5,2,77,0,RBFN,200,2,97,1450.0,40000.0,"[1252, 1046]",260.75367383739825,319.47465425357944
BBOB_F5,BBOB_F5,2,78,0,RBFN,200,2,99,2920.0,40000.0,"[2722, 746]",258.7751155524713,321.13640388121206
BBOB_F5,BBOB_F5,2,79,0,RBFN,200,2,98,2082.0,40000.0,"[1882, 736]",241.9850567484865,318.63990788119526
BBOB_F5,BBOB_F5,2,80,0,RBFN,200,2,97,2672.0,40000.0,"[2474, 744]",240.6544878210522,321.66286842549175
BBOB_F5,BBOB_F5,2,81,0,RBFN,200,2,98,1974.0,40000.0,"[1776, 744]",264.159869918165,321.645986968878
BBOB_F5,BBOB_F5,2,82,0,RBFN,200,2,97,2226.0,40000.0,"[2028, 1100]",263.9313911149802,317.6541950187918
BBOB_F5,BBOB_F5,2,83,0,RBFN,200,2,97,1052.0,40000.0,"[854, 774]",221.9062077514085,322.2766990951757
BBOB_F5,BBOB_F5,2,84,0,RBFN,200,2,97,2704.0,40000.0,"[2506, 988]",252.84945637721296,320.6852296173742
BBOB_F5,BBOB_F5,2,85,0,RBFN,200,2,97,1756.0,40000.0,"[1558, 752]",231.87233641840294,321.4022757527664
BBOB_F5,BBOB_F5,2,86,0,RBFN,200,2,96,3170.0,40000.0,"[2972, 950]",249.09110559203828,321.5608361278729
BBOB_F5,BBOB_F5,2,87,0,RBFN,200,2,96,992.0,40000.0,"[794, 736]",256.65268132417754,317.17248867490275
BBOB_F5,BBOB_F5,2,88,0,RBFN,200,2,97,2804.0,40000.0,"[2606, 1788]",233.14251789191866,319.3416413814446
BBOB_F5,BBOB_F5,2,89,0,RBFN,200,2,97,3056.0,40000.0,"[2856, 1098]",260.9148078713257,320.559500217126
BBOB_F5,BBOB_F5,2,90,0,RBFN,200,2,98,2814.0,40000.0,"[2616, 1198]",224.9355702561652,318.9689883078779
BBOB_F5,BBOB_F5,2,91,0,RBFN,200,2,98,1384.0,40000.0,"[1186, 754]",214.55562401965935,320.26268790451275
BBOB_F5,BBOB_F5,2,92,0,RBFN,200,2,99,1648.0,40000.0,"[1448, 920]",251.6990372471952,320.1516464692497
BBOB_F5,BBOB_F5,2,93,0,RBFN,200,2,99,2526.0,40000.0,"[2328, 1490]",259.60044636022263,319.9588183430892
BBOB_F5,BBOB_F5,2,94,0,RBFN,200,2,99,1386.0,40000.0,"[1188, 1118]",225.19409602571167,318.75254017733903
BBOB_F5,BBOB_F5,2,95,0,RBFN,200,2,98,994.0,40000.0,"[796, 762]",223.58297854036277,317.2220721311524
BBOB_F5,BBOB_F5,2,96,0,RBFN,200,2,99,2146.0,40000.0,"[1948, 754]",252.40005356988476,320.5997095829266
BBOB_F5,BBOB_F5,2,97,0,RBFN,200,2,98,2526.0,40000.0,"[2328, 1104]",224.19113952876035,317.1086733334038
BBOB_F5,BBOB_F5,2,98,0,RBFN,200,2,98,2528.0,40000.0,"[2330, 1378]",232.7003659736282,320.07411899603477
BBOB_F5,BBOB_F5,2,99,0,RBFN,200,2,98,2498.0,40000.0,"[2300, 978]",258.6549310743447,318.86487155015107
BBOB_F55,BBOB_F55,2,1,0,RBFN,409,92,4,107051.0,167281.0,"[102373, 102797]",6.121368174465593,5.177117917923681
BBOB_F55,BBOB_F55,2,2,0,RBFN,200,71,4,14524.0,40000.0,"[12668, 11020]",6.072148367081729,5.221731914369326
BBOB_F55,BBOB_F55,2,3,0,RBFN,200,69,4,12182.0,40000.0,"[10229, 8485]",6.122167747345495,5.417084446160094
BBOB_F55,BBOB_F55,2,4,0,RBFN,200,63,4,13496.0,40000.0,"[10599, 9887]",6.127954613029727,5.594887024598625
BBOB_F55,BBOB_F55,2,5,0,RBFN,200,61,4,11374.0,40000.0,"[8409, 8515]",5.992870660729612,5.5562922362330305
BBOB_F55,BBOB_F55,2,6,0,RBFN,200,58,4,10750.0,40000.0,"[8707, 6971]",6.050069869702046,5.485264000001966
BBOB_F55,BBOB_F55,2,7,0,RBFN,200,54,4,10178.0,40000.0,"[8281, 6479]",6.0676080910524135,5.495217413844808
BBOB_F55,BBOB_F55,2,8,0,RBFN,200,46,4,8658.0,40000.0,"[6964, 5278]",5.949667218676125,5.593813818437626
BBOB_F55,BBOB_F55,2,9,0,RBFN,200,45,4,7648.0,40000.0,"[6376, 4098]",6.095004290512387,5.557370766239615
BBOB_F55,BBOB_F55,2,10,0,RBFN,200,45,4,7524.0,40000.0,"[6269, 3819]",6.06063319743377,5.506554416203894
BBOB_F55,BBOB_F55,2,11,0,RBFN,200,44,4,7684.0,40000.0,"[6214, 4346]",5.9884657824911685,5.509492581748766
BBOB_F55,BBOB_F55,2,12,0,RBFN,200,43,4,6968.0,40000.0,"[5513, 3817]",5.922046686437457,5.597707313396394
BBOB_F55,BBOB_F55,2,13,0,RBFN,200,40,4,6626.0,40000.0,"[5467, 3219]",6.1576795616331745,5.737084198771665
BBOB_F55,BBOB_F55,2,14,0,RBFN,200,38,4,6454.0,40000.0,"[5049, 3537]",5.862503991112079,5.945961238602404
BBOB_F55,BBOB_F55,2,15,0,RBFN,200,37,4,5590.0,40000.0,"[4328, 3144]",5.93976715435709,6.158421131853645
BBOB_F55,BBOB_F55,2,16,0,RBFN,200,35,4,5356.0,40000.0,"[4013, 2977]",5.95969312733933,6.402620129109132
BBOB_F55,BBOB_F55,2,17,0,RBFN,200,34,4,4688.0,40000.0,"[3419, 2495]",5.882366350576816,6.7273427087678614
BBOB_F55,BBOB_F55,2,18,0,RBFN,200,34,4,5030.0,40000.0,"[3650, 2662]",6.0124249372966645,6.823321923956198
BBOB_F55,BBOB_F55,2,19,0,RBFN,200,33,4,7150.0,40000.0,"[4680, 4180]",5.887812230410652,6.877401588482026
BBOB_F55,BBOB_F55,2,20,0,RBFN,200,31,4,6356.0,40000.0,"[4851, 3195]",5.93654739836998,6.877088057467913
BBOB_F55,BBOB_F55,2,21,0,RBFN,200,30,4,5420.0,40000.0,"[2995, 3509]",5.936043000863484,6.912926768900207
BBOB_F55,BBOB_F55,2,22,0,RBFN,200,29,4,6290.0,40000.0,"[4546, 2946]",5.899872379071685,6.926343562268401
BBOB_F55,BBOB_F55,2,23,0,RBFN,200,26,4,4042.0,40000.0,"[2511, 2393]",5.944313116118819,7.036083313961058
BBOB_F55,BBOB_F55,2,24,0,RBFN,200,25,4,5686.0,40000.0,"[2996, 3712]",5.851027146308196,7.0323381719944384
BBOB_F55,BBOB_F55,2,25,0,RBFN,200,24,4,4802.0,40000.0,"[3333, 2335]",5.717321573318132,7.023343069913533
BBOB_F55,BBOB_F55,2,26,0,RBFN,200,24,4,4156.0,40000.0,"[2690, 2108]",5.973610904784111,7.041039180183436
BBOB_F55,BBOB_F55,2,27,0,RBFN,200,24,4,4414.0,40000.0,"[2970, 2048]",5.977549536568982,7.052619613731637
BBOB_F55,BBOB_F55,2,28,0,RBFN,200,24,4,4220.0,40000.0,"[2456, 2318]",5.830558161991908,7.08493874051429
BBOB_F55,BBOB_F55,2,29,0,RBFN,200,22,4,4336.0,40000.0,"[2822, 2252]",6.019749932954134,7.069295221589098
BBOB_F55,BBOB_F55,2,30,0,RBFN,200,22,4,3530.0,40000.0,"[2057, 1913]",5.831187430128203,7.101569063881982
BBOB_F55,BBOB_F55,2,31,0,RBFN,200,22,4,3830.0,40000.0,"[2232, 2100]",5.83272420866865,7.117342225724226
BBOB_F55,BBOB_F55,2,32,0,RBFN,200,22,4,3484.0,40000.0,"[1970, 1896]",5.805660287697412,7.1178427128128074
BBOB_F55,BBOB_F55,2,33,0,RBFN,200,22,4,4356.0,40000.0,"[2394, 2402]",5.926314243816254,7.132044939493596
BBOB_F55,BBOB_F55,2,34,0,RBFN,200,20,4,4800.0,40000.0,"[3018, 2404]",5.910129120124227,7.123447280891082
BBOB_F55,BBOB_F55,2,35,0,RBFN,200,20,4,4904.0,40000.0,"[3395, 1997]",6.007414663759944,7.132577746317695
BBOB_F55,BBOB_F55,2,36,0,RBFN,200,20,4,3504.0,40000.0,"[1928, 1976]",5.964311892585821,7.139193599249185
BBOB_F55,BBOB_F55,2,37,0,RBFN,200,20,4,3390.0,40000.0,"[1854, 1804]",6.0062800589996534,7.150712075373194
BBOB_F55,BBOB_F55,2,38,0,RBFN,200,20,4,4630.0,40000.0,"[2106, 2992]",5.57259383814272,7.148814746418608
BBOB_F55,BBOB_F55,2,39,0,RBFN,200,20,4,4944.0,40000.0,"[2718, 2654]",5.83300349164594,7.155485014430246
BBOB_F55,BBOB_F55,2,40,0,RBFN,200,20,4,3602.0,40000.0,"[1946, 2118]",5.770568210975908,7.1826412112854765
BBOB_F55,BBOB_F55,2,41,0,RBFN,200,20,4,4162.0,40000.0,"[2584, 1996]",5.909069633355182,7.212357728370805
BBOB_F55,BBOB_F55,2,42,0,RBFN,200,20,4,4524.0,40000.0,"[2278, 2790]",5.949985888543812,7.2321727296752405
BBOB_F55,BBOB_F55,2,43,0,RBFN,200,20,4,3890.0,40000.0,"[2349, 1947]",6.0822739319196595,7.2319340475619285
BBOB_F55,BBOB_F55,2,44,0,RBFN,200,20,4,3882.0,40000.0,"[1934, 2292]",6.01928034724771,7.262479946241934
BBOB_F55,BBOB_F55,2,45,0,RBFN,200,20,4,3550.0,40000.0,"[1938, 1968]",5.916171727461107,7.2621348032676245
BBOB_F55,BBOB_F55,2,46,0,RBFN,200,20,4,4238.0,40000.0,"[2664, 1946]",6.0803135642620525,7.259029479326743
BBOB_F55,BBOB_F55,2,47,0,RBFN,200,20,4,3606.0,40000.0,"[2083, 1925]",6.018943135066723,7.2512507267862745
BBOB_F55,BBOB_F55,2,48,0,RBFN,200,20,4,3862.0,40000.0,"[2348, 1846]",5.9470718540636165,7.249025287864961
BBOB_F55,BBOB_F55,2,49,0,RBFN,200,20,4,3844.0,40000.0,"[2064, 2154]",5.763182951293428,7.244574050970373
BBOB_F55,BBOB_F55,2,50,0,RBFN,200,20,4,3448.0,40000.0,"[1898, 1842]",5.787159471994883,7.235538571466232
BBOB_F55,BBOB_F55,2,51,0,RBFN,200,20,4,4322.0,40000.0,"[2754, 1958]",5.756663191493069,7.227585924446268
BBOB_F55,BBOB_F55,2,52,0,RBFN,200,20,4,4264.0,40000.0,"[2705, 1927]",5.8501198949373245,7.222624881165018
BBOB_F55,BBOB_F55,2,53,0,RBFN,200,20,4,3464.0,40000.0,"[1918, 1804]",6.0284651577839155,7.2221721339594005
BBOB_F55,BBOB_F55,2,54,0,RBFN,200,20,4,3994.0,40000.0,"[2102, 2260]",6.061988689135842,7.216935845589689
BBOB_F55,BBOB_F55,2,55,0,RBFN,200,20,4,3846.0,40000.0,"[2346, 1884]",5.9999379582914285,7.213307392443177
BBOB_F55,BBOB_F55,2,56,0,RBFN,200,20,4,3932.0,40000.0,"[1978, 2334]",6.04436037528007,7.20769698534686
BBOB_F55,BBOB_F55,2,57,0,RBFN,200,20,4,4352.0,40000.0,"[2766, 1928]",6.135778455528351,7.206871880999617
BBOB_F55,BBOB_F55,2,58,0,RBFN,200,20,4,3490.0,40000.0,"[1930, 1830]",5.973276775236983,7.204473827919835
BBOB_F55,BBOB_F55,2,59,0,RBFN,200,20,4,4282.0,40000.0,"[2784, 1936]",5.918882244131619,7.201519984173933
BBOB_F55,BBOB_F55,2,60,0,RBFN,200,20,4,4074.0,40000.0,"[2524, 1928]",5.83571846948777,7.203136107532478
BBOB_F55,BBOB_F55,2,61,0,RBFN,200,20,4,3842.0,40000.0,"[2326, 1870]",6.000796033225706,7.197540459825476
BBOB_F55,BBOB_F55,2,62,0,RBFN,200,20,4,3464.0,40000.0,"[1922, 1858]",6.1275094339421825,7.207624183960412
BBOB_F55,BBOB_F55,2,63,0,RBFN,200,20,4,3864.0,40000.0,"[1988, 2218]",5.930715986163716,7.206742620248962
BBOB_F55,BBOB_F55,2,64,0,RBFN,200,20,4,3852.0,40000.0,"[2304, 1866]",5.801091070252407,7.201759731810004
BBOB_F55,BBOB_F55,2,65,0,RBFN,200,20,4,3582.0,40000.0,"[1964, 1964]",5.946564248756897,7.2009039174659915
BBOB_F55,BBOB_F55,2,66,0,RBFN,200,20,4,3494.0,40000.0,"[1920, 1880]",5.8140664267464786,7.195357016592308
BBOB_F55,BBOB_F55,2,67,0,RBFN,200,20,4,4098.0,40000.0,"[2130, 2452]",5.932668504789517,7.195640470300328
BBOB_F55,BBOB_F55,2,68,0,RBFN,200,20,4,4528.0,40000.0,"[2714, 2188]",5.898920151208853,7.192525531639989
BBOB_F55,BBOB_F55,2,69,0,RBFN,200,20,4,3480.0,40000.0,"[1928, 1848]",6.012078351038856,7.189283661471349
BBOB_F55,BBOB_F55,2,70,0,RBFN,200,20,4,3888.0,40000.0,"[2030, 2254]",5.943983046800331,7.190306645813646
BBOB_F55,BBOB_F55,2,71,0,RBFN,200,20,4,3670.0,40000.0,"[2110, 1940]",6.026600622734591,7.184992485584269
BBOB_F55,BBOB_F55,2,72,0,RBFN,200,20,4,4314.0,40000.0,"[2796, 1902]",5.921574839008494,7.182028198745534
BBOB_F55,BBOB_F55,2,73,0,RBFN,200,20,4,4134.0,40000.0,"[2596, 1886]",6.055912924444483,7.179812702756311
BBOB_F55,BBOB_F55,2,74,0,RBFN,200,20,4,3972.0,40000.0,"[2423, 1911]",5.9457005083821315,7.176782655654682
BBOB_F55,BBOB_F55,2,75,0,RBFN,200,20,4,4322.0,40000.0,"[2509, 2363]",5.998324676109561,7.178213488643925
BBOB_F55,BBOB_F55,2,76,0,RBFN,200,20,4,3942.0,40000.0,"[2058, 2262]",6.0195509257826805,7.182348495393436
BBOB_F55,BBOB_F55,2,77,0,RBFN,200,20,4,4328.0,40000.0,"[2452, 2268]",6.042724970562724,7.18311425945901
BBOB_F55,BBOB_F55,2,78,0,RBFN,200,20,4,3536.0,40000.0,"[2012, 1882]",6.003561037741088,7.181009746456587
BBOB_F55,BBOB_F55,2,79,0,RBFN,200,20,4,3576.0,40000.0,"[2038, 1894]",5.772141513770511,7.181425676713463
BBOB_F55,BBOB_F55,2,80,0,RBFN,200,20,4,3800.0,40000.0,"[2252, 1920]",5.89498315079614,7.180737532427966
BBOB_F55,BBOB_F55,2,81,0,RBFN,200,20,4,4120.0,40000.0,"[1866, 2532]",6.0214413574845445,7.184249241186458
BBOB_F55,BBOB_F55,2,82,0,RBFN,200,20,4,3816.0,40000.0,"[2302, 1820]",5.904644137455182,7.185700987634172
BBOB_F55,BBOB_F55,2,83,0,RBFN,200,20,4,4390.0,40000.0,"[2313, 2425]",5.953602656070718,7.1933187838405015
BBOB_F55,BBOB_F55,2,84,0,RBFN,200,20,4,3952.0,40000.0,"[2428, 1900]",5.868136694349461,7.1971045110724985
BBOB_F55,BBOB_F55,2,85,0,RBFN,200,20,4,3488.0,40000.0,"[1926, 1874]",5.926041810381624,7.199585315158999
BBOB_F55,BBOB_F55,2,86,0,RBFN,200,20,4,4048.0,40000.0,"[2518, 2092]",5.9310059931896495,7.20141411530333
BBOB_F55,BBOB_F55,2,87,0,RBFN,200,20,4,3852.0,40000.0,"[2347, 1905]",5.841667694097765,7.203307264991711
BBOB_F55,BBOB_F55,2,88,0,RBFN,200,20,4,3622.0,40000.0,"[2104, 1844]",5.850965055667808,7.2044773779798525
BBOB_F55,BBOB_F55,2,89,0,RBFN,200,20,4,4108.0,40000.0,"[1898, 2578]",5.7915320709776195,7.204876833038888
BBOB_F55,BBOB_F55,2,90,0,RBFN,200,20,4,4238.0,40000.0,"[2375, 2237]",6.016350262173037,7.20490755937656
BBOB_F55,BBOB_F55,2,91,0,RBFN,200,20,4,4140.0,40000.0,"[2612, 1822]",5.790133304207025,7.203264616828705
BBOB_F55,BBOB_F55,2,92,0,RBFN,200,20,4,4580.0,40000.0,"[2712, 2194]",5.954831030982392,7.204005137447354
BBOB_F55,BBOB_F55,2,93,0,RBFN,200,20,4,4238.0,40000.0,"[2700, 1898]",5.905004540404047,7.204579744494673
BBOB_F55,BBOB_F55,2,94,0,RBFN,200,20,4,4626.0,40000.0,"[2686, 2488]",5.993390222196582,7.205668714053225
BBOB_F55,BBOB_F55,2,95,0,RBFN,200,20,4,4618.0,40000.0,"[2744, 2328]",5.849583095646933,7.2071236134618095
BBOB_F55,BBOB_F55,2,96,0,RBFN,200,20,4,4316.0,40000.0,"[2398, 2282]",5.808736633898025,7.205595256267976
BBOB_F55,BBOB_F55,2,97,0,RBFN,200,20,4,4006.0,40000.0,"[2036, 2358]",6.056014158637034,7.206078767746887
BBOB_F55,BBOB_F55,2,98,0,RBFN,200,20,4,3540.0,40000.0,"[2022, 1906]",5.7766368164464685,7.203762560313418
BBOB_F55,BBOB_F55,2,99,0,RBFN,200,20,4,4968.0,40000.0,"[3445, 1915]",5.807294264533924,7.202897598712238
DTLZ1,DTLZ1,3,1,0,RBFN,316,66,58,72802.0,99856.0,"[69300, 74150, 71380]",43.383607807730705,25.17827968332363
DTLZ1,DTLZ1,3,2,0,RBFN,200,46,76,16414.0,40000.0,"[15486, 18068, 16442]",43.41101284666672,24.78854599540473
DTLZ1,DTLZ1,3,3,0,RBFN,200,42,81,12946.0,40000.0,"[13276, 11910, 14220]",43.383607807730705,24.551512890809583
DTLZ1,DTLZ1,3,4,0,RBFN,200,37,87,13012.0,40000.0,"[11942, 13500, 14548]",43.32869850175799,23.0307226658056
DTLZ1,DTLZ1,3,5,0,RBFN,200,37,89,11894.0,40000.0,"[11975, 13433, 12869]",43.32869850175799,23.135464614823935
DTLZ1,DTLZ1,3,6,0,RBFN,200,34,87,12030.0,40000.0,"[11615, 12101, 13003]",43.44595700570922,22.11316491421205
DTLZ1,DTLZ1,3,7,0,RBFN,200,32,90,9664.0,40000.0,"[9540, 11066, 10626]",43.34425401616407,20.59866617675361
DTLZ1,DTLZ1,3,8,0,RBFN,200,31,91,9466.0,40000.0,"[9626, 10796, 11224]",43.22823000067907,21.29233127084939
DTLZ1,DTLZ1,3,9,0,RBFN,200,31,92,9222.0,40000.0,"[8369, 11229, 11141]",43.3772137396858,21.127213369368395
DTLZ1,DTLZ1,3,10,0,RBFN,200,31,91,10080.0,40000.0,"[8637, 12293, 11865]",43.3772137396858,20.914614986003002
DTLZ1,DTLZ1,3,11,0,RBFN,200,31,91,9668.0,40000.0,"[9469, 12729, 10939]",43.23577693197805,21.39170556150244
DTLZ1,DTLZ1,3,12,0,RBFN,200,30,93,9340.0,40000.0,"[8589, 11755, 10893]",43.44482942902708,21.266698159444168
DTLZ1,DTLZ1,3,13,0,RBFN,200,29,94,10014.0,40000.0,"[9332, 12154, 11192]",43.22501851738036,21.201407470424293
DTLZ1,DTLZ1,3,14,0,RBFN,200,29,94,9772.0,40000.0,"[9021, 13311, 10845]",43.34682255650895,21.287638272315913
DTLZ1,DTLZ1,3,15,0,RBFN,200,29,95,9126.0,40000.0,"[8371, 11885, 11083]",43.33085726462504,21.03501693132663
DTLZ1,DTLZ1,3,16,0,RBFN,200,29,94,8590.0,40000.0,"[8261, 11191, 10051]",43.33085726462504,20.57414764649057
DTLZ1,DTLZ1,3,17,0,RBFN,200,29,94,9084.0,40000.0,"[8547, 13019, 10179]",43.33085726462504,20.6692586971908
DTLZ1,DTLZ1,3,18,0,RBFN,200,28,94,9304.0,40000.0,"[8653, 12809, 10219]",43.33085726462504,20.853475500030747
DTLZ1,DTLZ1,3,19,0,RBFN,200,27,94,8488.0,40000.0,"[8658, 10682, 10328]",43.413067262504605,20.34237982060704
DTLZ1,DTLZ1,3,20,0,RBFN,200,27,94,8346.0,40000.0,"[8023, 11973, 9577]",43.413067262504605,20.06997766946819
DTLZ1,DTLZ1,3,21,0,RBFN,200,27,94,8034.0,40000.0,"[8349, 10545, 9609]",43.413067262504605,20.06817159964162
DTLZ1,DTLZ1,3,22,0,RBFN,200,27,95,8392.0,40000.0,"[8045, 11833, 9881]",43.572489337985054,20.400233100307037
DTLZ1,DTLZ1,3,23,0,RBFN,200,26,95,8748.0,40000.0,"[8271, 11681, 10545]",43.42473164170418,20.599725596009968
DTLZ1,DTLZ1,3,24,0,RBFN,200,26,95,8266.0,40000.0,"[8596, 12562, 8608]",43.42473164170418,20.323302607118695
DTLZ1,DTLZ1,3,25,0,RBFN,200,26,94,8180.0,40000.0,"[8742, 10360, 10156]",43.46473243489385,20.17876206555588
DTLZ1,DTLZ1,3,26,0,RBFN,200,26,95,8796.0,40000.0,"[7954, 12708, 10780]",43.41526797035719,20.33372132671693
DTLZ1,DTLZ1,3,27,0,RBFN,200,26,94,9278.0,40000.0,"[9634, 11768, 10304]",43.34260807472618,20.510922978950347
DTLZ1,DTLZ1,3,28,0,RBFN,200,25,94,8008.0,40000.0,"[7606, 11930, 9290]",43.32432881838655,20.466347527615664
DTLZ1,DTLZ1,3,29,0,RBFN,200,25,94,8866.0,40000.0,"[7737, 11955, 10339]",43.32432881838655,20.451432138736333
DTLZ1,DTLZ1,3,30,0,RBFN,200,25,94,7874.0,40000.0,"[7607, 12261, 9615]",43.32432881838655,20.238794508562044
DTLZ1,DTLZ1,3,31,0,RBFN,200,25,94,8436.0,40000.0,"[8233, 11221, 9919]",43.3522655680122,20.535306711562363
DTLZ1,DTLZ1,3,32,0,RBFN,200,25,94,8194.0,40000.0,"[7817, 11029, 9425]",43.37362491427766,20.47474003567791
DTLZ1,DTLZ1,3,33,0,RBFN,200,24,95,8864.0,40000.0,"[8617, 11965, 9913]",43.354324595752956,20.496224966241773
DTLZ1,DTLZ1,3,34,0,RBFN,200,24,96,8936.0,40000.0,"[8736, 12450, 9688]",43.41559890719694,20.510591551114295
DTLZ1,DTLZ1,3,35,0,RBFN,200,24,95,6876.0,40000.0,"[6792, 9580, 8746]",43.42393285216263,20.489157541303783
DTLZ1,DTLZ1,3,36,0,RBFN,200,24,95,9556.0,40000.0,"[8894, 13908, 10198]",43.35618395104416,20.932178214171472
DTLZ1,DTLZ1,3,37,0,RBFN,200,24,96,8792.0,40000.0,"[7514, 12870, 10464]",43.44556177961082,21.10388386901812
DTLZ1,DTLZ1,3,38,0,RBFN,200,24,97,8532.0,40000.0,"[8546, 12286, 9600]",43.63598271702741,20.791879175497936
DTLZ1,DTLZ1,3,39,0,RBFN,200,24,96,7496.0,40000.0,"[7226, 11632, 9330]",43.469139932176006,20.79245838071604
DTLZ1,DTLZ1,3,40,0,RBFN,200,24,96,7400.0,40000.0,"[7320, 11780, 9244]",43.36789870473878,20.948308935188535
DTLZ1,DTLZ1,3,41,0,RBFN,200,24,95,8716.0,40000.0,"[9474, 11028, 9308]",43.51588870044865,20.8017635960228
DTLZ1,DTLZ1,3,42,0,RBFN,200,24,95,8894.0,40000.0,"[8014, 12364, 9906]",43.6951490684664,20.956872576701386
DTLZ1,DTLZ1,3,43,0,RBFN,200,24,95,8512.0,40000.0,"[8652, 11036, 10040]",43.36789870473878,21.059546644719862
DTLZ1,DTLZ1,3,44,0,RBFN,200,24,96,7488.0,40000.0,"[7916, 10894, 8534]",43.62266280169514,20.844624962477557
DTLZ1,DTLZ1,3,45,0,RBFN,200,24,96,7600.0,40000.0,"[6442, 12006, 10146]",43.36789870473878,20.905955377404737
DTLZ1,DTLZ1,3,46,0,RBFN,200,24,96,7586.0,40000.0,"[7950, 11812, 8350]",43.36789870473878,21.027599064995535
DTLZ1,DTLZ1,3,47,0,RBFN,200,24,96,7886.0,40000.0,"[7790, 11424, 9360]",43.36789870473878,20.98439352941007
DTLZ1,DTLZ1,3,48,0,RBFN,200,24,96,7588.0,40000.0,"[7250, 12424, 8748]",43.38030811215433,20.98871026780622
DTLZ1,DTLZ1,3,49,0,RBFN,200,24,96,8030.0,40000.0,"[8526, 11490, 8874]",43.41788036551238,21.15327399016908
DTLZ1,DTLZ1,3,50,0,RBFN,200,23,96,7684.0,40000.0,"[8156, 12234, 8698]",43.550806847582805,21.048778652275008
DTLZ1,DTLZ1,3,51,0,RBFN,200,23,96,6898.0,40000.0,"[7321, 12697, 7747]",43.38030811215433,21.283465928535794
DTLZ1,DTLZ1,3,52,0,RBFN,200,23,96,7854.0,40000.0,"[7425, 11793, 8977]",43.502378179870576,21.170454803983446
DTLZ1,DTLZ1,3,53,0,RBFN,200,23,96,7558.0,40000.0,"[8149, 9611, 9351]",43.38030811215433,21.25157322234367
DTLZ1,DTLZ1,3,54,0,RBFN,200,23,96,7972.0,40000.0,"[8523, 11615, 9305]",43.54895788449806,21.40531663744185
DTLZ1,DTLZ1,3,55,0,RBFN,200,23,96,6176.0,40000.0,"[6647, 11949, 7295]",43.472606927391254,21.443511931634347
DTLZ1,DTLZ1,3,56,0,RBFN,200,23,96,7168.0,40000.0,"[7319, 11851, 8387]",43.48652046878859,21.474459419123182
DTLZ1,DTLZ1,3,57,0,RBFN,200,23,96,7176.0,40000.0,"[6455, 12433, 8269]",43.452394765531565,21.428876791905513
DTLZ1,DTLZ1,3,58,0,RBFN,200,23,96,6830.0,40000.0,"[7195, 12087, 8115]",43.46024223947579,21.453713721003393
DTLZ1,DTLZ1,3,59,0,RBFN,200,23,96,8068.0,40000.0,"[8039, 13737, 8619]",43.458429792659985,21.460863237074886
DTLZ1,DTLZ1,3,60,0,RBFN,200,23,96,7336.0,40000.0,"[7849, 11611, 8215]",43.53831578925936,21.482340888831228
DTLZ1,DTLZ1,3,61,0,RBFN,200,23,96,7218.0,40000.0,"[7681, 11789, 8339]",43.580013410772146,21.465033849752267
DTLZ1,DTLZ1,3,62,0,RBFN,200,23,96,7662.0,40000.0,"[7907, 12503, 8893]",43.580013410772146,21.249403532063923
DTLZ1,DTLZ1,3,63,0,RBFN,200,23,96,8344.0,40000.0,"[7747, 12915, 9279]",43.580013410772146,21.61697030570197
DTLZ1,DTLZ1,3,64,0,RBFN,200,23,96,7260.0,40000.0,"[7281, 12297, 8467]",43.580013410772146,21.192928657248196
DTLZ1,DTLZ1,3,65,0,RBFN,200,23,96,6452.0,40000.0,"[7289, 11499, 7421]",43.665882024637874,21.032292525106772
DTLZ1,DTLZ1,3,66,0,RBFN,200,22,97,7772.0,40000.0,"[7975, 12657, 8393]",43.580013410772146,21.120340499084964
DTLZ1,DTLZ1,3,67,0,RBFN,200,22,97,6620.0,40000.0,"[7836, 12410, 7712]",43.579123039276624,21.217881621156053
DTLZ1,DTLZ1,3,68,0,RBFN,200,22,97,8178.0,40000.0,"[8546, 11172, 9350]",43.59165648055056,21.472045813231663
DTLZ1,DTLZ1,3,69,0,RBFN,200,22,97,7716.0,40000.0,"[7460, 13144, 8740]",43.596352002997584,21.285617718752462
DTLZ1,DTLZ1,3,70,0,RBFN,200,22,97,7616.0,40000.0,"[7792, 12820, 8440]",43.596352002997584,21.048740465655097
DTLZ1,DTLZ1,3,71,0,RBFN,200,22,97,6912.0,40000.0,"[6966, 12076, 7844]",43.596352002997584,21.20035182707788
DTLZ1,DTLZ1,3,72,0,RBFN,200,22,97,7692.0,40000.0,"[7992, 11408, 9620]",43.596352002997584,21.28859854756319
DTLZ1,DTLZ1,3,73,0,RBFN,200,22,97,7686.0,40000.0,"[6698, 13464, 8824]",43.596352002997584,21.245473347439688
DTLZ1,DTLZ1,3,74,0,RBFN,200,22,97,6480.0,40000.0,"[6380, 13028, 7440]",43.596352002997584,20.92673177376422
DTLZ1,DTLZ1,3,75,0,RBFN,200,22,98,7812.0,40000.0,"[8752, 11934, 8096]",43.53197479124626,21.041196774600017
DTLZ1,DTLZ1,3,76,0,RBFN,200,22,98,7596.0,40000.0,"[7786, 14228, 8190]",43.53197479124626,20.924411169107366
DTLZ1,DTLZ1,3,77,0,RBFN,200,22,98,8398.0,40000.0,"[9450, 12842, 9102]",43.56799328846829,21.309980991741323
DTLZ1,DTLZ1,3,78,0,RBFN,200,22,98,8380.0,40000.0,"[8470, 14668, 9398]",43.53197479124626,21.1354196791507
DTLZ1,DTLZ1,3,79,0,RBFN,200,22,98,7992.0,40000.0,"[8180, 13120, 8932]",43.53197479124626,21.021207751209225
DTLZ1,DTLZ1,3,80,0,RBFN,200,22,98,8204.0,40000.0,"[8978, 11938, 8636]",43.56662396719757,21.202752352812265
DTLZ1,DTLZ1,3,81,0,RBFN,200,22,98,8100.0,40000.0,"[8290, 13124, 8536]",43.53197479124626,20.962899282633472
DTLZ1,DTLZ1,3,82,0,RBFN,200,22,98,8012.0,40000.0,"[8744, 12900, 8416]",43.53197479124626,20.952048106813837
DTLZ1,DTLZ1,3,83,0,RBFN,200,22,98,7024.0,40000.0,"[7056, 12622, 8300]",43.53197479124626,20.719866196758282
DTLZ1,DTLZ1,3,84,0,RBFN,200,22,98,8000.0,40000.0,"[8224, 13424, 8644]",43.53197479124626,20.932304624991307
DTLZ1,DTLZ1,3,85,0,RBFN,200,22,98,8450.0,40000.0,"[7560, 14608, 9670]",43.53197479124626,20.89112551730128
DTLZ1,DTLZ1,3,86,0,RBFN,200,22,98,7228.0,40000.0,"[7912, 10668, 8206]",43.543859058852306,20.97660177244367
DTLZ1,DTLZ1,3,87,0,RBFN,200,22,98,8590.0,40000.0,"[8042, 13584, 9488]",43.543859058852306,20.83300614294166
DTLZ1,DTLZ1,3,88,0,RBFN,200,22,98,7446.0,40000.0,"[7994, 13324, 7936]",43.61243377159395,21.01129551084392
DTLZ1,DTLZ1,3,89,0,RBFN,200,22,98,7702.0,40000.0,"[8042, 13360, 8520]",43.66404791208859,20.945803523312946
DTLZ1,DTLZ1,3,90,0,RBFN,200,22,98,8064.0,40000.0,"[7386, 12494, 9308]",43.543859058852306,20.899579140093188
DTLZ1,DTLZ1,3,91,0,RBFN,200,22,98,7150.0,40000.0,"[7492, 13830, 7988]",43.584869826978064,20.849416241590557
DTLZ1,DTLZ1,3,92,0,RBFN,200,22,98,7822.0,40000.0,"[7958, 13636, 8360]",43.543859058852306,20.934251682715853
DTLZ1,DTLZ1,3,93,0,RBFN,200,22,98,8382.0,40000.0,"[8274, 13730, 8720]",43.543859058852306,21.01556927971196
DTLZ1,DTLZ1,3,94,0,RBFN,200,22,98,7438.0,40000.0,"[7508, 11672, 8900]",43.6732177346967,21.155853307836598
DTLZ1,DTLZ1,3,95,0,RBFN,200,22,98,7208.0,40000.0,"[7804, 12694, 8050]",43.6732177346967,21.407030335536433
DTLZ1,DTLZ1,3,96,0,RBFN,200,22,98,7418.0,40000.0,"[6334, 13480, 8388]",43.6732177346967,21.382095245794265
DTLZ1,DTLZ1,3,97,0,RBFN,200,22,98,7408.0,40000.0,"[8090, 12328, 8492]",43.6732177346967,21.688833865326885
DTLZ1,DTLZ1,3,98,0,RBFN,200,22,98,6752.0,40000.0,"[6394, 13298, 8372]",43.6732177346967,21.969888744274677
DTLZ1,DTLZ1,3,99,0,RBFN,200,22,98,6828.0,40000.0,"[7666, 12010, 7868]",43.6732177346967,21.693825572635586
DTLZ2,DTLZ2,3,1,0,RBFN,471,70,81,197203.0,221841.0,"[191999, 191057, 190009]",0.18103930508599253,0.17986393218633445
DTLZ2,DTLZ2,3,2,0,RBFN,200,55,83,24984.0,40000.0,"[23099, 24875, 22285]",0.18860489287542925,0.18989231327402217
DTLZ2,DTLZ2,3,3,0,RBFN,200,47,87,22330.0,40000.0,"[21033, 22169, 21183]",0.18875205882271168,0.19029682548414223
DTLZ2,DTLZ2,3,4,0,RBFN,200,45,90,21420.0,40000.0,"[19635, 20965, 20059]",0.19198191451247795,0.1901400708098385
DTLZ2,DTLZ2,3,5,0,RBFN,200,40,92,21612.0,40000.0,"[19780, 21810, 20322]",0.19228900875478305,0.20575885266742722
DTLZ2,DTLZ2,3,6,0,RBFN,200,38,94,18748.0,40000.0,"[17961, 19553, 17927]",0.18849393149577423,0.20567105171760414
DTLZ2,DTLZ2,3,7,0,RBFN,200,35,93,19714.0,40000.0,"[18914, 19928, 18452]",0.1908250775657999,0.21263349914321622
DTLZ2,DTLZ2,3,8,0,RBFN,200,35,94,17850.0,40000.0,"[17059, 19295, 16389]",0.18698319432326502,0.21225525238345042
DTLZ2,DTLZ2,3,9,0,RBFN,200,31,97,18872.0,40000.0,"[16955, 19799, 18049]",0.18374120616226006,0.2042034018614131
DTLZ2,DTLZ2,3,10,0,RBFN,200,30,98,17350.0,40000.0,"[16723, 17997, 16725]",0.1917659132035395,0.20521181463530372
DTLZ2,DTLZ2,3,11,0,RBFN,200,29,98,17406.0,40000.0,"[17073, 18473, 15925]",0.18983420194890507,0.20837765008471293
DTLZ2,DTLZ2,3,12,0,RBFN,200,29,98,18326.0,40000.0,"[16331, 18855, 16907]",0.1931886768949588,0.20792282482826094
DTLZ2,DTLZ2,3,13,0,RBFN,200,27,98,16622.0,40000.0,"[14855, 18221, 15933]",0.19679515918820273,0.21660132243424526
DTLZ2,DTLZ2,3,14,0,RBFN,200,27,98,18346.0,40000.0,"[16633, 18591, 17497]",0.18560934122986839,0.21732485669757542
DTLZ2,DTLZ2,3,15,0,RBFN,200,27,97,17848.0,40000.0,"[16496, 17666, 16662]",0.18853937129357484,0.21840150473395042
DTLZ2,DTLZ2,3,16,0,RBFN,200,26,99,16684.0,40000.0,"[17035, 17369, 15321]",0.18124681756057923,0.21834546913660602
DTLZ2,DTLZ2,3,17,0,RBFN,200,25,99,16876.0,40000.0,"[16492, 17698, 15878]",0.1834744235582743,0.21914478925290637
DTLZ2,DTLZ2,3,18,0,RBFN,200,25,99,17264.0,40000.0,"[15963, 17269, 16497]",0.19269049094306767,0.2155619840670581
DTLZ2,DTLZ2,3,19,0,RBFN,200,25,99,15704.0,40000.0,"[14915, 16807, 14955]",0.18547721595137717,0.21700784896033173
DTLZ2,DTLZ2,3,20,0,RBFN,200,25,98,17340.0,40000.0,"[16911, 17019, 16159]",0.18332214683009324,0.21811422614716156
DTLZ2,DTLZ2,3,21,0,RBFN,200,23,99,16506.0,40000.0,"[15288, 17598, 16076]",0.1793844408765185,0.21999823836947976
DTLZ2,DTLZ2,3,22,0,RBFN,200,21,99,17056.0,40000.0,"[15180, 17940, 16594]",0.19132068237193878,0.2176032974854109
DTLZ2,DTLZ2,3,23,0,RBFN,200,20,99,15798.0,40000.0,"[15271, 16593, 15241]",0.18950268228182224,0.21678124999085696
DTLZ2,DTLZ2,3,24,0,RBFN,200,20,99,16532.0,40000.0,"[15966, 16718, 15788]",0.19035441752262303,0.2169500092127068
DTLZ2,DTLZ2,3,25,0,RBFN,200,19,99,15730.0,40000.0,"[15738, 15604, 15234]",0.18876797979757762,0.2163545586046085
DTLZ2,DTLZ2,3,26,0,RBFN,200,19,99,16010.0,40000.0,"[15551, 16629, 15431]",0.18996725739610285,0.21590942066648258
DTLZ2,DTLZ2,3,27,0,RBFN,200,19,99,16176.0,40000.0,"[15839, 16901, 15045]",0.19423526886387124,0.21710363553426665
DTLZ2,DTLZ2,3,28,0,RBFN,200,19,99,15430.0,40000.0,"[14871, 16573, 14819]",0.18436060337863358,0.2154507580225688
DTLZ2,DTLZ2,3,29,0,RBFN,200,19,99,16068.0,40000.0,"[14281, 16105, 16133]",0.19252285374458664,0.2156964499663134
DTLZ2,DTLZ2,3,30,0,RBFN,200,19,99,15410.0,40000.0,"[14249, 16349, 15107]",0.18436060337863358,0.21745186974525624
DTLZ2,DTLZ2,3,31,0,RBFN,200,19,99,14192.0,40000.0,"[14107, 15523, 13965]",0.18387310232935758,0.21759996881668486
DTLZ2,DTLZ2,3,32,0,RBFN,200,19,99,14986.0,40000.0,"[14443, 15211, 14529]",0.18443564469063925,0.2149528570284156
DTLZ2,DTLZ2,3,33,0,RBFN,200,19,99,15940.0,40000.0,"[14809, 16367, 15247]",0.19376927536534377,0.21234232642448161
DTLZ2,DTLZ2,3,34,0,RBFN,200,19,99,15766.0,40000.0,"[13817, 16551, 15327]",0.18486912814506404,0.21350180528926052
DTLZ2,DTLZ2,3,35,0,RBFN,200,19,99,16178.0,40000.0,"[15126, 16616, 15472]",0.1840823862958486,0.21736497343948638
DTLZ2,DTLZ2,3,36,0,RBFN,200,19,99,16102.0,40000.0,"[14501, 16309, 15533]",0.1840823862958486,0.21988050480479004
DTLZ2,DTLZ2,3,37,0,RBFN,200,19,99,16328.0,40000.0,"[15551, 15855, 15907]",0.1840823862958486,0.2194206757598737
DTLZ2,DTLZ2,3,38,0,RBFN,200,19,99,16372.0,40000.0,"[15039, 16809, 16185]",0.19629975468154595,0.21857174761717593
DTLZ2,DTLZ2,3,39,0,RBFN,200,19,99,15376.0,40000.0,"[15055, 15039, 14659]",0.1840823862958486,0.2171458988666372
DTLZ2,DTLZ2,3,40,0,RBFN,200,19,99,16236.0,40000.0,"[14241, 16881, 15839]",0.1840823862958486,0.21588123204267953
DTLZ2,DTLZ2,3,41,0,RBFN,200,18,99,16192.0,40000.0,"[15167, 16525, 15807]",0.1864569180000567,0.21576186037913472
DTLZ2,DTLZ2,3,42,0,RBFN,200,18,99,15578.0,40000.0,"[14316, 16362, 15024]",0.18487275759208058,0.21454417776393803
DTLZ2,DTLZ2,3,43,0,RBFN,200,18,99,15944.0,40000.0,"[15214, 15312, 15410]",0.18484055268931668,0.21336730873203333
DTLZ2,DTLZ2,3,44,0,RBFN,200,18,99,15440.0,40000.0,"[13761, 17023, 15043]",0.18973382858389576,0.2163017987019758
DTLZ2,DTLZ2,3,45,0,RBFN,200,18,99,15270.0,40000.0,"[14339, 15827, 15129]",0.1884849221952683,0.21416345145022045
DTLZ2,DTLZ2,3,46,0,RBFN,200,18,99,16716.0,40000.0,"[13591, 17413, 16629]",0.1840823862958486,0.21490851996704624
DTLZ2,DTLZ2,3,47,0,RBFN,200,18,99,15122.0,40000.0,"[12930, 15992, 15286]",0.18689131040369394,0.21309736657584044
DTLZ2,DTLZ2,3,48,0,RBFN,200,18,99,15972.0,40000.0,"[13448, 16516, 16208]",0.1874964750884216,0.2151262871080095
DTLZ2,DTLZ2,3,49,0,RBFN,200,18,99,15690.0,40000.0,"[14042, 15758, 15004]",0.1840777607390147,0.2159042907772545
DTLZ2,DTLZ2,3,50,0,RBFN,200,18,99,14534.0,40000.0,"[12152, 15588, 15148]",0.18515749376428553,0.21274524740958062
DTLZ2,DTLZ2,3,51,0,RBFN,200,18,99,15822.0,40000.0,"[14846, 15992, 15220]",0.18709369078137672,0.21413080190628098
DTLZ2,DTLZ2,3,52,0,RBFN,200,18,99,16754.0,40000.0,"[15182, 15726, 15972]",0.1909715832786481,0.2131293539595121
DTLZ2,DTLZ2,3,53,0,RBFN,200,18,99,15372.0,40000.0,"[13804, 16306, 15356]",0.19074888578616894,0.21284367998764217
DTLZ2,DTLZ2,3,54,0,RBFN,200,18,99,15504.0,40000.0,"[12308, 16654, 15720]",0.18995483919813852,0.21211144575647925
DTLZ2,DTLZ2,3,55,0,RBFN,200,18,99,15200.0,40000.0,"[14274, 15676, 14770]",0.19402295935888683,0.2190487357377701
DTLZ2,DTLZ2,3,56,0,RBFN,200,18,99,16400.0,40000.0,"[14457, 15849, 16177]",0.18660606227296617,0.21721354603421555
DTLZ2,DTLZ2,3,57,0,RBFN,200,18,99,14084.0,40000.0,"[13118, 15530, 14210]",0.1837048775966509,0.2189574028344118
DTLZ2,DTLZ2,3,58,0,RBFN,200,18,99,17034.0,40000.0,"[14984, 16894, 16696]",0.18761049333992058,0.21927441156117922
DTLZ2,DTLZ2,3,59,0,RBFN,200,18,99,14022.0,40000.0,"[13486, 15286, 14038]",0.18464409924403286,0.21801184596536335
DTLZ2,DTLZ2,3,60,0,RBFN,200,18,99,16390.0,40000.0,"[14847, 16311, 16063]",0.18573527344872207,0.21395080022117946
DTLZ2,DTLZ2,3,61,0,RBFN,200,18,99,17466.0,40000.0,"[13766, 17648, 16982]",0.1837048775966509,0.21692892581620868
DTLZ2,DTLZ2,3,62,0,RBFN,200,18,99,15758.0,40000.0,"[14078, 16524, 15590]",0.18405798304892865,0.21692806395421438
DTLZ2,DTLZ2,3,63,0,RBFN,200,18,99,14240.0,40000.0,"[13466, 14684, 14338]",0.18391436153338067,0.21839502217921886
DTLZ2,DTLZ2,3,64,0,RBFN,200,18,99,16644.0,40000.0,"[15268, 15954, 16140]",0.18391436153338067,0.21734359572795933
DTLZ2,DTLZ2,3,65,0,RBFN,200,18,99,15112.0,40000.0,"[13664, 15326, 15056]",0.188533293942873,0.21941837066948922
DTLZ2,DTLZ2,3,66,0,RBFN,200,18,99,15638.0,40000.0,"[13811, 16567, 15749]",0.18873404589979267,0.21743654701496334
DTLZ2,DTLZ2,3,67,0,RBFN,200,18,99,15452.0,40000.0,"[13134, 16954, 15758]",0.18694599599342526,0.2164745414157494
DTLZ2,DTLZ2,3,68,0,RBFN,200,18,99,16578.0,40000.0,"[12976, 16262, 16400]",0.20005457483659697,0.2156911649402738
DTLZ2,DTLZ2,3,69,0,RBFN,200,18,99,16984.0,40000.0,"[15675, 17233, 16309]",0.18613265699586726,0.2157354320933341
DTLZ2,DTLZ2,3,70,0,RBFN,200,18,99,15676.0,40000.0,"[13828, 16272, 15874]",0.18963483254252086,0.2163927552729117
DTLZ2,DTLZ2,3,71,0,RBFN,200,18,99,16392.0,40000.0,"[13492, 17456, 16552]",0.18747011425785381,0.21671747414182135
DTLZ2,DTLZ2,3,72,0,RBFN,200,18,99,15118.0,40000.0,"[13556, 15708, 15440]",0.1949786336099286,0.21644795432784628
DTLZ2,DTLZ2,3,73,0,RBFN,200,18,99,16020.0,40000.0,"[14310, 16496, 15476]",0.1880337537577405,0.21550896078328577
DTLZ2,DTLZ2,3,74,0,RBFN,200,18,99,15596.0,40000.0,"[13078, 17308, 15430]",0.1842249938462573,0.2154352225785637
DTLZ2,DTLZ2,3,75,0,RBFN,200,18,99,16928.0,40000.0,"[14130, 17510, 16732]",0.1937321617227413,0.2144646095775798
DTLZ2,DTLZ2,3,76,0,RBFN,200,18,99,14994.0,40000.0,"[14758, 14604, 14902]",0.18565890464400095,0.2123072119712801
DTLZ2,DTLZ2,3,77,0,RBFN,200,18,99,15520.0,40000.0,"[14242, 16434, 15046]",0.19210080812181302,0.2133952269083564
DTLZ2,DTLZ2,3,78,0,RBFN,200,18,99,14980.0,40000.0,"[12946, 15784, 15028]",0.199098942842308,0.21482904612501103
DTLZ2,DTLZ2,3,79,0,RBFN,200,18,99,14796.0,40000.0,"[13804, 16190, 14186]",0.19434360486133093,0.21658174955226106
DTLZ2,DTLZ2,3,80,0,RBFN,200,18,99,16678.0,40000.0,"[14364, 16998, 15698]",0.19053599773146893,0.21494349068906152
DTLZ2,DTLZ2,3,81,0,RBFN,200,18,99,15680.0,40000.0,"[13418, 16496, 15418]",0.18752443345458744,0.21535562006154607
DTLZ2,DTLZ2,3,82,0,RBFN,200,18,99,15650.0,40000.0,"[13468, 16264, 15770]",0.1847627638683607,0.21406312249178266
DTLZ2,DTLZ2,3,83,0,RBFN,200,18,99,17460.0,40000.0,"[14168, 17290, 16954]",0.18668603775706794,0.21482449314433258
DTLZ2,DTLZ2,3,84,0,RBFN,200,18,99,16672.0,40000.0,"[14967, 17469, 16061]",0.19039630131599403,0.21479513415327656
DTLZ2,DTLZ2,3,85,0,RBFN,200,18,99,17904.0,40000.0,"[14498, 17858, 17552]",0.18748714174386683,0.21332959913025243
DTLZ2,DTLZ2,3,86,0,RBFN,200,18,99,16316.0,40000.0,"[14496, 16630, 15366]",0.1847627638683607,0.21714972332763863
DTLZ2,DTLZ2,3,87,0,RBFN,200,18,99,16890.0,40000.0,"[14652, 16422, 16284]",0.18768909861422994,0.21712301268078146
DTLZ2,DTLZ2,3,88,0,RBFN,200,18,99,16408.0,40000.0,"[14278, 16622, 16142]",0.1856857958321435,0.21740136926964293
DTLZ2,DTLZ2,3,89,0,RBFN,200,18,99,15920.0,40000.0,"[14570, 15960, 15658]",0.18551710513702138,0.216429723417797
DTLZ2,DTLZ2,3,90,0,RBFN,200,18,99,16160.0,40000.0,"[15258, 16150, 15212]",0.1955596264843676,0.21576273604400364
DTLZ2,DTLZ2,3,91,0,RBFN,200,18,99,15218.0,40000.0,"[13652, 16022, 15184]",0.19035904484701024,0.21291915554394464
DTLZ2,DTLZ2,3,92,0,RBFN,200,18,99,16652.0,40000.0,"[15730, 16142, 15548]",0.1866119320174037,0.21320356479887898
DTLZ2,DTLZ2,3,93,0,RBFN,200,18,99,14436.0,40000.0,"[14410, 15296, 13988]",0.1847627638683607,0.21474599802697023
DTLZ2,DTLZ2,3,94,0,RBFN,200,18,99,14810.0,40000.0,"[13440, 16012, 15012]",0.1895783973514972,0.21392337916481674
DTLZ2,DTLZ2,3,95,0,RBFN,200,18,99,15906.0,40000.0,"[13728, 16948, 15200]",0.1847627638683607,0.21489841514755118
DTLZ2,DTLZ2,3,96,0,RBFN,200,18,99,17282.0,40000.0,"[14896, 16744, 16732]",0.1933351612225916,0.21561558140191917
DTLZ2,DTLZ2,3,97,0,RBFN,200,18,99,15394.0,40000.0,"[14224, 16240, 14592]",0.19084012015343407,0.21429123027021504
DTLZ2,DTLZ2,3,98,0,RBFN,200,18,99,16832.0,40000.0,"[15258, 16890, 16294]",0.18748781135866469,0.21712980877277333
DTLZ2,DTLZ2,3,99,0,RBFN,200,18,99,17034.0,40000.0,"[15206, 16558, 16342]",0.18470953887486669,0.21691984365281367
DTLZ3,DTLZ3,3,1,0,RBFN,471,84,44,170323.0,221841.0,"[166739, 171129, 174567]",183.33845422552082,168.9689337826071
DTLZ3,DTLZ3,3,2,0,RBFN,200,68,57,17062.0,40000.0,"[15954, 18862, 18004]",184.96987540321646,155.3509188114465
DTLZ3,DTLZ3,3,3,0,RBFN,200,62,63,15668.0,40000.0,"[13936, 15590, 18112]",184.94103793407515,150.41039508723685
DTLZ3,DTLZ3,3,4,0,RBFN,200,59,61,14204.0,40000.0,"[11766, 13418, 17276]",185.0452277440607,144.50600362923922
DTLZ3,DTLZ3,3,5,0,RBFN,200,57,63,13330.0,40000.0,"[10579, 13069, 16417]",184.51517812706737,142.05051951342887
DTLZ3,DTLZ3,3,6,0,RBFN,200,54,67,12566.0,40000.0,"[10645, 12603, 15065]",184.94632294335253,139.33460887481297
DTLZ3,DTLZ3,3,7,0,RBFN,200,54,70,12946.0,40000.0,"[11434, 12650, 15658]",184.50597772506936,136.9210433192958
DTLZ3,DTLZ3,3,8,0,RBFN,200,52,73,11268.0,40000.0,"[10160, 12146, 13466]",184.08778636462588,131.95270436195653
DTLZ3,DTLZ3,3,9,0,RBFN,200,49,72,11552.0,40000.0,"[10390, 11022, 14002]",184.47738541331196,127.95970209769662
DTLZ3,DTLZ3,3,10,0,RBFN,200,48,77,10746.0,40000.0,"[8731, 11983, 13159]",184.61258851705196,129.98816828274687
DTLZ3,DTLZ3,3,11,0,RBFN,200,45,76,11316.0,40000.0,"[10502, 10806, 14418]",185.10027240826096,128.9187039502156
DTLZ3,DTLZ3,3,12,0,RBFN,200,45,75,9684.0,40000.0,"[9381, 8825, 12809]",185.10027240826096,133.74841908563346
DTLZ3,DTLZ3,3,13,0,RBFN,200,45,76,10552.0,40000.0,"[8539, 10099, 13933]",185.47243798622716,135.8525689026682
DTLZ3,DTLZ3,3,14,0,RBFN,200,45,73,10260.0,40000.0,"[9473, 10789, 12293]",185.35385432045038,137.42389719651226
DTLZ3,DTLZ3,3,15,0,RBFN,200,45,71,9914.0,40000.0,"[8889, 11569, 12547]",185.35385432045038,139.6137921079068
DTLZ3,DTLZ3,3,16,0,RBFN,200,45,73,10146.0,40000.0,"[8981, 10275, 12933]",185.73097548222916,140.15122558056805
DTLZ3,DTLZ3,3,17,0,RBFN,200,44,72,10626.0,40000.0,"[9147, 11221, 13891]",185.73097548222916,140.385918675629
DTLZ3,DTLZ3,3,18,0,RBFN,200,42,78,10166.0,40000.0,"[8916, 10466, 12978]",185.73097548222916,139.32088121767106
DTLZ3,DTLZ3,3,19,0,RBFN,200,41,80,8956.0,40000.0,"[8422, 9846, 11186]",185.73097548222916,140.68558467381342
DTLZ3,DTLZ3,3,20,0,RBFN,200,41,80,10108.0,40000.0,"[9321, 9667, 12847]",186.00311335265914,142.3212937098693
DTLZ3,DTLZ3,3,21,0,RBFN,200,40,78,9638.0,40000.0,"[8235, 9943, 12477]",186.54916721339038,145.00667273938618
DTLZ3,DTLZ3,3,22,0,RBFN,200,40,80,9140.0,40000.0,"[8462, 9730, 11966]",186.54916721339038,146.80694311108198
DTLZ3,DTLZ3,3,23,0,RBFN,200,39,81,9010.0,40000.0,"[8916, 8950, 11490]",186.54916721339038,149.0141668840308
DTLZ3,DTLZ3,3,24,0,RBFN,200,39,80,8730.0,40000.0,"[7257, 9819, 11281]",186.62776138419522,151.4602984620117
DTLZ3,DTLZ3,3,25,0,RBFN,200,37,80,7584.0,40000.0,"[6867, 10423, 9357]",186.62776138419522,149.27152504302143
DTLZ3,DTLZ3,3,26,0,RBFN,200,37,78,9316.0,40000.0,"[7737, 9943, 12159]",187.0023508622877,152.26923804183332
DTLZ3,DTLZ3,3,27,0,RBFN,200,37,79,7752.0,40000.0,"[8007, 8889, 9855]",187.24215984807083,154.8388724796182
DTLZ3,DTLZ3,3,28,0,RBFN,200,37,80,8246.0,40000.0,"[8375, 8733, 10689]",187.24215984807083,156.88106251135164
DTLZ3,DTLZ3,3,29,0,RBFN,200,35,81,6978.0,40000.0,"[7173, 9415, 8703]",187.24215984807083,158.01611014024297
DTLZ3,DTLZ3,3,30,0,RBFN,200,34,86,7052.0,40000.0,"[7251, 8413, 8769]",187.37939990702898,159.76885343465278
DTLZ3,DTLZ3,3,31,0,RBFN,200,34,86,7106.0,40000.0,"[7154, 8248, 9362]",187.37939990702898,161.68708809937542
DTLZ3,DTLZ3,3,32,0,RBFN,200,34,85,6608.0,40000.0,"[5956, 8726, 8602]",187.37939990702898,162.85645258406535
DTLZ3,DTLZ3,3,33,0,RBFN,200,32,86,6774.0,40000.0,"[6594, 8280, 8844]",187.37939990702898,163.64073111871636
DTLZ3,DTLZ3,3,34,0,RBFN,200,30,86,6492.0,40000.0,"[5842, 9342, 8310]",188.23115475230662,165.0514883615247
DTLZ3,DTLZ3,3,35,0,RBFN,200,29,85,7034.0,40000.0,"[6768, 8600, 8820]",188.94037967604103,166.9008215414202
DTLZ3,DTLZ3,3,36,0,RBFN,200,25,86,5676.0,40000.0,"[5801, 7875, 7703]",188.94037967604103,166.92082609424315
DTLZ3,DTLZ3,3,37,0,RBFN,200,23,91,5336.0,40000.0,"[6633, 7329, 6633]",188.94037967604103,167.37310679665347
DTLZ3,DTLZ3,3,38,0,RBFN,200,19,91,4622.0,40000.0,"[5527, 5877, 6361]",188.94194660913956,167.37273158585157
DTLZ3,DTLZ3,3,39,0,RBFN,200,18,92,3264.0,40000.0,"[4433, 6181, 4435]",188.94194660913956,169.1468392612745
DTLZ3,DTLZ3,3,40,0,RBFN,200,18,91,4230.0,40000.0,"[4420, 6264, 6056]",188.94194660913956,171.14223637855906
DTLZ3,DTLZ3,3,41,0,RBFN,200,17,92,3722.0,40000.0,"[4104, 6894, 5210]",188.94194660913956,173.15041432852038
DTLZ3,DTLZ3,3,42,0,RBFN,200,16,93,2796.0,40000.0,"[4341, 5279, 3699]",188.94194660913956,174.36129230641515
DTLZ3,DTLZ3,3,43,0,RBFN,200,16,93,2582.0,40000.0,"[4912, 4814, 3672]",189.5117673171943,176.11555644580108
DTLZ3,DTLZ3,3,44,0,RBFN,200,16,92,2838.0,40000.0,"[4318, 4612, 4034]",189.5117673171943,177.51171997805437
DTLZ3,DTLZ3,3,45,0,RBFN,200,15,94,3094.0,40000.0,"[3776, 5360, 4224]",189.5117673171943,177.53416736935804
DTLZ3,DTLZ3,3,46,0,RBFN,200,14,96,2680.0,40000.0,"[4193, 4765, 3511]",189.5117673171943,179.45774352255611
DTLZ3,DTLZ3,3,47,0,RBFN,200,14,96,2286.0,40000.0,"[4030, 4144, 3482]",189.5117673171943,180.1839070902074
DTLZ3,DTLZ3,3,48,0,RBFN,200,14,97,2636.0,40000.0,"[4410, 4614, 3716]",189.5117673171943,181.36298435460625
DTLZ3,DTLZ3,3,49,0,RBFN,200,13,97,2586.0,40000.0,"[3402, 5286, 3472]",189.5117673171943,181.64244564491398
DTLZ3,DTLZ3,3,50,0,RBFN,200,13,97,2068.0,40000.0,"[3397, 4933, 3005]",189.5117673171943,184.39954213526264
DTLZ3,DTLZ3,3,51,0,RBFN,200,12,97,2896.0,40000.0,"[4163, 5439, 4509]",189.5117673171943,185.43860776692898
DTLZ3,DTLZ3,3,52,0,RBFN,200,11,98,2138.0,40000.0,"[3220, 5032, 2960]",189.5117673171943,186.1684205003413
DTLZ3,DTLZ3,3,53,0,RBFN,200,11,97,1986.0,40000.0,"[3773, 4959, 2863]",189.5117673171943,187.41077782146448
DTLZ3,DTLZ3,3,54,0,RBFN,200,11,97,1810.0,40000.0,"[3765, 4849, 2377]",189.5117673171943,188.4662827915931
DTLZ3,DTLZ3,3,55,0,RBFN,200,11,97,2170.0,40000.0,"[3883, 5147, 2525]",189.5117673171943,188.77550149540704
DTLZ3,DTLZ3,3,56,0,RBFN,200,11,99,2234.0,40000.0,"[3785, 4671, 3199]",189.5117673171943,189.38731574880157
DTLZ3,DTLZ3,3,57,0,RBFN,200,10,99,1904.0,40000.0,"[3883, 3527, 2919]",189.5117673171943,189.54533861634474
DTLZ3,DTLZ3,3,58,0,RBFN,200,9,98,2346.0,40000.0,"[4084, 4322, 3028]",189.5117673171943,188.58131651167028
DTLZ3,DTLZ3,3,59,0,RBFN,200,9,98,2348.0,40000.0,"[2919, 5123, 2907]",189.5117673171943,190.0367601609141
DTLZ3,DTLZ3,3,60,0,RBFN,200,9,99,1488.0,40000.0,"[2967, 3567, 1977]",189.5117673171943,190.1474568021848
DTLZ3,DTLZ3,3,61,0,RBFN,200,9,99,2356.0,40000.0,"[3193, 4381, 3387]",189.5117673171943,190.68726299121982
DTLZ3,DTLZ3,3,62,0,RBFN,200,9,99,1626.0,40000.0,"[3049, 3707, 2147]",189.5117673171943,192.37826993357206
DTLZ3,DTLZ3,3,63,0,RBFN,200,9,99,1526.0,40000.0,"[2783, 3611, 1973]",189.5117673171943,193.14624243765024
DTLZ3,DTLZ3,3,64,0,RBFN,200,9,100,2276.0,40000.0,"[3107, 5361, 2685]",189.51808192061554,193.606650633868
DTLZ3,DTLZ3,3,65,0,RBFN,200,9,100,1880.0,40000.0,"[2905, 4501, 2457]",189.89941126640568,194.7203165443638
DTLZ3,DTLZ3,3,66,0,RBFN,200,9,100,2020.0,40000.0,"[3417, 4731, 2363]",189.89941126640568,194.91019480158803
DTLZ3,DTLZ3,3,67,0,RBFN,200,9,100,1564.0,40000.0,"[2761, 5045, 2085]",189.89941126640568,195.3285498446249
DTLZ3,DTLZ3,3,68,0,RBFN,200,9,99,1752.0,40000.0,"[2525, 4949, 2669]",189.89941126640568,194.8767677133681
DTLZ3,DTLZ3,3,69,0,RBFN,200,8,99,1950.0,40000.0,"[3169, 5149, 2387]",189.89941126640568,195.49338643267316
DTLZ3,DTLZ3,3,70,0,RBFN,200,8,100,1278.0,40000.0,"[2522, 3744, 1638]",189.89941126640568,195.70116566223516
DTLZ3,DTLZ3,3,71,0,RBFN,200,8,99,1410.0,40000.0,"[2294, 4806, 1890]",189.89941126640568,195.88229182974007
DTLZ3,DTLZ3,3,72,0,RBFN,200,8,99,1278.0,40000.0,"[2768, 4048, 1692]",189.89941126640568,196.64627365112466
DTLZ3,DTLZ3,3,73,0,RBFN,200,8,99,1420.0,40000.0,"[2370, 4148, 2016]",189.89941126640568,196.57243527435614
DTLZ3,DTLZ3,3,74,0,RBFN,200,8,100,1300.0,40000.0,"[3026, 4210, 1594]",189.89941126640568,197.25865313141279
DTLZ3,DTLZ3,3,75,0,RBFN,200,8,100,1744.0,40000.0,"[3476, 4524, 2030]",189.89941126640568,197.10706718124177
DTLZ3,DTLZ3,3,76,0,RBFN,200,8,100,1260.0,40000.0,"[2772, 3672, 1588]",189.89941126640568,196.93480233234
DTLZ3,DTLZ3,3,77,0,RBFN,200,8,100,1518.0,40000.0,"[3138, 4080, 1972]",189.89941126640568,197.6662452969164
DTLZ3,DTLZ3,3,78,0,RBFN,200,8,100,1454.0,40000.0,"[2824, 3822, 2068]",189.89941126640568,197.70994031027956
DTLZ3,DTLZ3,3,79,0,RBFN,200,8,100,1460.0,40000.0,"[2818, 4354, 1624]",189.95078425015066,198.24812421770721
DTLZ3,DTLZ3,3,80,0,RBFN,200,8,100,1420.0,40000.0,"[2998, 3822, 1816]",189.89941126640568,198.08170617210635
DTLZ3,DTLZ3,3,81,0,RBFN,200,8,100,1400.0,40000.0,"[2816, 4170, 1640]",189.9890828012918,198.7493299380223
DTLZ3,DTLZ3,3,82,0,RBFN,200,8,100,1418.0,40000.0,"[2800, 3942, 1804]",189.89941126640568,198.24499856766474
DTLZ3,DTLZ3,3,83,0,RBFN,200,8,100,1710.0,40000.0,"[3454, 4046, 2530]",189.89941126640568,198.35820646170166
DTLZ3,DTLZ3,3,84,0,RBFN,200,8,100,2262.0,40000.0,"[3138, 4822, 2942]",189.89941126640568,198.88117074639933
DTLZ3,DTLZ3,3,85,0,RBFN,200,8,100,1912.0,40000.0,"[2794, 4504, 2362]",189.9551552357164,198.5433560505711
DTLZ3,DTLZ3,3,86,0,RBFN,200,8,99,1672.0,40000.0,"[3474, 3898, 2282]",189.9551552357164,198.43804262642928
DTLZ3,DTLZ3,3,87,0,RBFN,200,8,100,1484.0,40000.0,"[2672, 3436, 1816]",189.9551552357164,198.16790985562056
DTLZ3,DTLZ3,3,88,0,RBFN,200,8,100,1536.0,40000.0,"[2984, 3348, 1938]",189.9551552357164,198.2795583919836
DTLZ3,DTLZ3,3,89,0,RBFN,200,8,100,1844.0,40000.0,"[3116, 3984, 2174]",189.94305442086218,198.15499355521362
DTLZ3,DTLZ3,3,90,0,RBFN,200,8,100,1326.0,40000.0,"[2632, 4036, 1738]",189.94305442086218,199.4254120382548
DTLZ3,DTLZ3,3,91,0,RBFN,200,8,100,1726.0,40000.0,"[3282, 3508, 2298]",189.94305442086218,199.19310537020138
DTLZ3,DTLZ3,3,92,0,RBFN,200,8,100,1448.0,40000.0,"[2902, 3760, 1904]",190.00087298927738,199.3606911639186
DTLZ3,DTLZ3,3,93,0,RBFN,200,8,100,1612.0,40000.0,"[3400, 4030, 2130]",190.00087298927738,199.55530848064814
DTLZ3,DTLZ3,3,94,0,RBFN,200,8,100,1434.0,40000.0,"[2982, 3568, 2018]",190.00087298927738,199.4157713252225
DTLZ3,DTLZ3,3,95,0,RBFN,200,8,100,1358.0,40000.0,"[2738, 3852, 1874]",190.00087298927738,199.40798978291548
DTLZ3,DTLZ3,3,96,0,RBFN,200,8,100,1864.0,40000.0,"[2640, 4626, 2682]",190.00087298927738,199.62879260259916
DTLZ3,DTLZ3,3,97,0,RBFN,200,8,100,1350.0,40000.0,"[3162, 3722, 1764]",189.97577661601616,199.5282021527276
DTLZ3,DTLZ3,3,98,0,RBFN,200,8,100,1390.0,40000.0,"[2386, 4490, 1870]",189.97577661601616,199.48720277791418
DTLZ3,DTLZ3,3,99,0,RBFN,200,8,99,1624.0,40000.0,"[2820, 4106, 1902]",189.9817542477518,199.3309005190666
DTLZ4,DTLZ4,3,1,0,RBFN,471,50,20,141307.0,221841.0,"[147921, 141933, 141573]",0.26210747943368,0.10444065613695626
DTLZ4,DTLZ4,3,2,0,RBFN,200,26,25,4434.0,40000.0,"[4608, 4030, 4208]",0.2631966837586256,0.10684060031644117
DTLZ4,DTLZ4,3,3,0,RBFN,200,11,22,2826.0,40000.0,"[2796, 2500, 2470]",0.2650094987038404,0.12798683860703752
DTLZ4,DTLZ4,3,4,0,RBFN,200,8,27,1950.0,40000.0,"[1757, 1715, 2787]",0.24911419753322078,0.1429054568159046
DTLZ4,DTLZ4,3,5,0,RBFN,200,6,31,1934.0,40000.0,"[1734, 1634, 1988]",0.2554274733435063,0.16540519091151182
DTLZ4,DTLZ4,3,6,0,RBFN,200,6,39,1676.0,40000.0,"[1426, 1972, 3134]",0.2539081050858348,0.18127249118696867
DTLZ4,DTLZ4,3,7,0,RBFN,200,6,50,1938.0,40000.0,"[1728, 1588, 1992]",0.2629816423214308,0.19816036916243404
DTLZ4,DTLZ4,3,8,0,RBFN,200,5,57,2346.0,40000.0,"[2152, 1588, 1588]",0.26156680802742566,0.20278615079304102
DTLZ4,DTLZ4,3,9,0,RBFN,200,5,52,1634.0,40000.0,"[1433, 1233, 1197]",0.2669815054140347,0.20814720924630073
DTLZ4,DTLZ4,3,10,0,RBFN,200,5,52,1702.0,40000.0,"[1501, 1971, 805]",0.2594874111586407,0.21749326846857747
DTLZ4,DTLZ4,3,11,0,RBFN,200,5,56,1734.0,40000.0,"[1533, 1971, 805]",0.2594874111586407,0.22289994906153207
DTLZ4,DTLZ4,3,12,0,RBFN,200,5,69,2066.0,40000.0,"[1851, 2359, 1205]",0.2644372488852251,0.22145576378343387
DTLZ4,DTLZ4,3,13,0,RBFN,200,5,73,1982.0,40000.0,"[1743, 3105, 1969]",0.261897985857722,0.22782938439887923
DTLZ4,DTLZ4,3,14,0,RBFN,200,5,64,1648.0,40000.0,"[1413, 1967, 1611]",0.25867961066661466,0.2279501349943125
DTLZ4,DTLZ4,3,15,0,RBFN,200,5,66,1802.0,40000.0,"[1585, 2777, 1195]",0.25718802228208854,0.22858015392013964
DTLZ4,DTLZ4,3,16,0,RBFN,200,5,76,2266.0,40000.0,"[2039, 1967, 2309]",0.25681509168882816,0.22729806922578955
DTLZ4,DTLZ4,3,17,0,RBFN,200,5,72,1516.0,40000.0,"[1683, 1957, 1197]",0.25681509168882816,0.22889493291343518
DTLZ4,DTLZ4,3,18,0,RBFN,200,5,73,1918.0,40000.0,"[1699, 1971, 1583]",0.2664047945061489,0.22796429700642226
DTLZ4,DTLZ4,3,19,0,RBFN,200,5,69,1510.0,40000.0,"[1299, 2085, 1197]",0.2540836379844271,0.2297960582985428
DTLZ4,DTLZ4,3,20,0,RBFN,200,5,71,1602.0,40000.0,"[1389, 2727, 1197]",0.2565807671466667,0.22786877977380862
DTLZ4,DTLZ4,3,21,0,RBFN,200,5,74,1570.0,40000.0,"[1341, 1975, 1971]",0.2497330287229195,0.22538442258763206
DTLZ4,DTLZ4,3,22,0,RBFN,200,5,77,1748.0,40000.0,"[1542, 3104, 812]",0.2599097494057226,0.22526826077754972
DTLZ4,DTLZ4,3,23,0,RBFN,200,5,80,1608.0,40000.0,"[1377, 1973, 2351]",0.2608483619358993,0.2248744544051317
DTLZ4,DTLZ4,3,24,0,RBFN,200,5,79,1512.0,40000.0,"[1287, 3843, 1197]",0.26542758870910904,0.22397228886237688
DTLZ4,DTLZ4,3,25,0,RBFN,200,5,80,1528.0,40000.0,"[1311, 1587, 1891]",0.2602779673498217,0.22526304596698238
DTLZ4,DTLZ4,3,26,0,RBFN,200,5,83,2230.0,40000.0,"[1987, 3305, 1953]",0.2658695558718784,0.22441596909183734
DTLZ4,DTLZ4,3,27,0,RBFN,200,5,80,1488.0,40000.0,"[1291, 1585, 805]",0.2615474555088797,0.227217245103111
DTLZ4,DTLZ4,3,28,0,RBFN,200,5,82,1480.0,40000.0,"[1275, 1585, 1197]",0.26071719691605844,0.22922589660422907
DTLZ4,DTLZ4,3,29,0,RBFN,200,5,83,1940.0,40000.0,"[1739, 2303, 1197]",0.2541713584118232,0.23047679013778785
DTLZ4,DTLZ4,3,30,0,RBFN,200,5,84,1506.0,40000.0,"[1301, 1199, 1585]",0.26673191909789146,0.23124476171488653
DTLZ4,DTLZ4,3,31,0,RBFN,200,5,85,1942.0,40000.0,"[1743, 2737, 805]",0.2507847013808058,0.23158681304633896
DTLZ4,DTLZ4,3,32,0,RBFN,200,5,85,1430.0,40000.0,"[1225, 1585, 1197]",0.2593444933678504,0.23308196129458372
DTLZ4,DTLZ4,3,33,0,RBFN,200,5,89,2062.0,40000.0,"[1923, 1583, 1211]",0.2665266688193639,0.23084976435073357
DTLZ4,DTLZ4,3,34,0,RBFN,200,5,90,1538.0,40000.0,"[1317, 2361, 1589]",0.261901275354636,0.23159105846956626
DTLZ4,DTLZ4,3,35,0,RBFN,200,5,87,2414.0,40000.0,"[2221, 3101, 805]",0.25045790597888135,0.23124213942561653
DTLZ4,DTLZ4,3,36,0,RBFN,200,5,89,1536.0,40000.0,"[1327, 1969, 811]",0.252850195649333,0.2302836608562625
DTLZ4,DTLZ4,3,37,0,RBFN,200,5,90,2220.0,40000.0,"[2009, 1967, 2733]",0.26135442477004783,0.22840663267884756
DTLZ4,DTLZ4,3,38,0,RBFN,200,5,92,1956.0,40000.0,"[1733, 2765, 1217]",0.26292914015643315,0.2269237832656743
DTLZ4,DTLZ4,3,39,0,RBFN,200,5,88,1964.0,40000.0,"[1757, 1209, 1595]",0.2563465180343852,0.22730910112406894
DTLZ4,DTLZ4,3,40,0,RBFN,200,5,88,2688.0,40000.0,"[2475, 2721, 1997]",0.2608174682616501,0.22746570582824044
DTLZ4,DTLZ4,3,41,0,RBFN,200,5,87,2314.0,40000.0,"[2085, 2747, 1585]",0.25922580086206554,0.23004171838086165
DTLZ4,DTLZ4,3,42,0,RBFN,200,5,89,1570.0,40000.0,"[1365, 2333, 815]",0.25612166057365765,0.2285370580177551
DTLZ4,DTLZ4,3,43,0,RBFN,200,5,93,1580.0,40000.0,"[1357, 3109, 1197]",0.2677728241077433,0.229048807361257
DTLZ4,DTLZ4,3,44,0,RBFN,200,5,91,1636.0,40000.0,"[1725, 2423, 805]",0.2530624341293987,0.2299987665113329
DTLZ4,DTLZ4,3,45,0,RBFN,200,5,90,1974.0,40000.0,"[1754, 3460, 1588]",0.26857976043992615,0.22877102899856416
DTLZ4,DTLZ4,3,46,0,RBFN,200,5,86,1384.0,40000.0,"[1183, 1971, 805]",0.252910525238119,0.2302425251801976
DTLZ4,DTLZ4,3,47,0,RBFN,200,5,89,1500.0,40000.0,"[1299, 3849, 805]",0.2614771888654378,0.2306258267908937
DTLZ4,DTLZ4,3,48,0,RBFN,200,5,90,1516.0,40000.0,"[1309, 1967, 1203]",0.2515753975188159,0.22956424351031274
DTLZ4,DTLZ4,3,49,0,RBFN,200,5,91,1398.0,40000.0,"[1191, 1587, 1203]",0.2624100752852802,0.22960224566596024
DTLZ4,DTLZ4,3,50,0,RBFN,200,5,93,1808.0,40000.0,"[1591, 3115, 1197]",0.250287879726069,0.23144837079249447
DTLZ4,DTLZ4,3,51,0,RBFN,200,5,95,1846.0,40000.0,"[1657, 2349, 805]",0.250287879726069,0.23145893767246017
DTLZ4,DTLZ4,3,52,0,RBFN,200,5,96,1414.0,40000.0,"[1201, 1967, 1197]",0.2502536531751247,0.23135410528457537
DTLZ4,DTLZ4,3,53,0,RBFN,200,5,94,1430.0,40000.0,"[1227, 1967, 1197]",0.2568345357970897,0.23107030155446698
DTLZ4,DTLZ4,3,54,0,RBFN,200,5,93,1420.0,40000.0,"[1205, 1581, 1969]",0.26048707601720394,0.23061345864047922
DTLZ4,DTLZ4,3,55,0,RBFN,200,5,91,1444.0,40000.0,"[1237, 1583, 1585]",0.25833124870203583,0.23039819538036374
DTLZ4,DTLZ4,3,56,0,RBFN,200,5,92,2146.0,40000.0,"[1927, 3107, 1205]",0.25318690245905945,0.23097794190514567
DTLZ4,DTLZ4,3,57,0,RBFN,200,5,95,1436.0,40000.0,"[1239, 1587, 805]",0.26378984630348395,0.23078252660780957
DTLZ4,DTLZ4,3,58,0,RBFN,200,5,95,1866.0,40000.0,"[1659, 1979, 1197]",0.2500471333550269,0.23014197813763612
DTLZ4,DTLZ4,3,59,0,RBFN,200,5,97,1508.0,40000.0,"[1291, 2363, 1197]",0.25208326428100836,0.2315173686991056
DTLZ4,DTLZ4,3,60,0,RBFN,200,5,96,1906.0,40000.0,"[1658, 4574, 1590]",0.25090068009685657,0.22991987908504688
DTLZ4,DTLZ4,3,61,0,RBFN,200,5,96,1468.0,40000.0,"[1261, 2343, 805]",0.26444267433260565,0.23094961393314506
DTLZ4,DTLZ4,3,62,0,RBFN,200,5,96,1384.0,40000.0,"[1171, 1971, 1197]",0.25287155291859525,0.23142501492156536
DTLZ4,DTLZ4,3,63,0,RBFN,200,5,96,1464.0,40000.0,"[1263, 2729, 805]",0.26660614660898857,0.23216879055084633
DTLZ4,DTLZ4,3,64,0,RBFN,200,5,96,2158.0,40000.0,"[1947, 2749, 1585]",0.25232583812399534,0.2323394145056173
DTLZ4,DTLZ4,3,65,0,RBFN,200,5,97,1460.0,40000.0,"[1249, 3103, 1197]",0.2604041890328152,0.23231656272693063
DTLZ4,DTLZ4,3,66,0,RBFN,200,5,94,1416.0,40000.0,"[1209, 1589, 1199]",0.248885123492766,0.23040204655424645
DTLZ4,DTLZ4,3,67,0,RBFN,200,5,95,1834.0,40000.0,"[1617, 2353, 1593]",0.24731502650480147,0.23064106052939787
DTLZ4,DTLZ4,3,68,0,RBFN,200,5,95,1392.0,40000.0,"[1183, 2351, 805]",0.25503767653189535,0.23074880525169988
DTLZ4,DTLZ4,3,69,0,RBFN,200,5,97,1430.0,40000.0,"[1203, 2357, 1585]",0.246616161163551,0.23191845524948973
DTLZ4,DTLZ4,3,70,0,RBFN,200,5,97,1412.0,40000.0,"[1207, 1975, 811]",0.2610816836854987,0.2308358146523858
DTLZ4,DTLZ4,3,71,0,RBFN,200,5,97,2036.0,40000.0,"[1805, 2907, 1587]",0.24768659670727933,0.23101110055654922
DTLZ4,DTLZ4,3,72,0,RBFN,200,5,98,1818.0,40000.0,"[1613, 1243, 1197]",0.25842553471072244,0.2312522824210231
DTLZ4,DTLZ4,3,73,0,RBFN,200,5,97,1812.0,40000.0,"[1721, 1965, 1197]",0.2616679218831056,0.2310815066257661
DTLZ4,DTLZ4,3,74,0,RBFN,200,5,97,1500.0,40000.0,"[1297, 1287, 1197]",0.26206874231053356,0.2303414718386037
DTLZ4,DTLZ4,3,75,0,RBFN,200,5,93,2218.0,40000.0,"[1999, 2359, 1593]",0.24381554787103202,0.23087534577833116
DTLZ4,DTLZ4,3,76,0,RBFN,200,5,95,1680.0,40000.0,"[1433, 2737, 1675]",0.2543152595904102,0.22953308717921744
DTLZ4,DTLZ4,3,77,0,RBFN,200,5,95,1836.0,40000.0,"[1613, 1591, 2733]",0.24411585922242351,0.23055245762046933
DTLZ4,DTLZ4,3,78,0,RBFN,200,5,95,1418.0,40000.0,"[1211, 1965, 1197]",0.25244709523747866,0.23117796285352138
DTLZ4,DTLZ4,3,79,0,RBFN,200,5,96,2298.0,40000.0,"[2073, 2359, 1595]",0.2578049679829105,0.23089112344615026
DTLZ4,DTLZ4,3,80,0,RBFN,200,5,97,1440.0,40000.0,"[1229, 1593, 1197]",0.2623033200605291,0.23118094439368317
DTLZ4,DTLZ4,3,81,0,RBFN,200,5,97,3334.0,40000.0,"[3092, 3486, 2740]",0.2620621722556483,0.23114822024976975
DTLZ4,DTLZ4,3,82,0,RBFN,200,5,97,2216.0,40000.0,"[2001, 1971, 2355]",0.25752949161702243,0.2318791508708996
DTLZ4,DTLZ4,3,83,0,RBFN,200,5,97,1484.0,40000.0,"[1271, 1623, 1203]",0.26693397294067,0.2304812773552389
DTLZ4,DTLZ4,3,84,0,RBFN,200,5,97,1756.0,40000.0,"[1555, 1587, 1197]",0.25172425668267523,0.23144206806747955
DTLZ4,DTLZ4,3,85,0,RBFN,200,5,97,1394.0,40000.0,"[1179, 3073, 805]",0.25983957831098414,0.23222951398692862
DTLZ4,DTLZ4,3,86,0,RBFN,200,5,97,1856.0,40000.0,"[1649, 1961, 1583]",0.25774260564451057,0.23153989280059273
DTLZ4,DTLZ4,3,87,0,RBFN,200,5,97,1824.0,40000.0,"[1613, 2355, 1585]",0.24509521176386767,0.23128440292327937
DTLZ4,DTLZ4,3,88,0,RBFN,200,5,97,1488.0,40000.0,"[1223, 2379, 2361]",0.25494767993680933,0.2312041942602475
DTLZ4,DTLZ4,3,89,0,RBFN,200,5,97,2240.0,40000.0,"[2031, 1605, 1973]",0.26697453818948247,0.23123226504847888
DTLZ4,DTLZ4,3,90,0,RBFN,200,5,97,1498.0,40000.0,"[1263, 2351, 1969]",0.25524309970160114,0.2311340929802202
DTLZ4,DTLZ4,3,91,0,RBFN,200,5,98,1752.0,40000.0,"[1547, 1971, 1213]",0.24381554787103202,0.23102739293362926
DTLZ4,DTLZ4,3,92,0,RBFN,200,5,98,1408.0,40000.0,"[1197, 1971, 1197]",0.2540546969622385,0.23173805119384927
DTLZ4,DTLZ4,3,93,0,RBFN,200,5,98,1446.0,40000.0,"[1233, 2349, 1197]",0.25676122011312913,0.23075229523786148
DTLZ4,DTLZ4,3,94,0,RBFN,200,5,98,1368.0,40000.0,"[1165, 2341, 805]",0.2597078034013887,0.2308716606068015
DTLZ4,DTLZ4,3,95,0,RBFN,200,5,98,1868.0,40000.0,"[1613, 2367, 2731]",0.25945792875682405,0.23052384234416798
DTLZ4,DTLZ4,3,96,0,RBFN,200,5,99,1416.0,40000.0,"[1265, 1983, 1197]",0.2506340073863137,0.2302883825857685
DTLZ4,DTLZ4,3,97,0,RBFN,200,5,99,1410.0,40000.0,"[1209, 1675, 805]",0.25242943362299336,0.23037079464407034
DTLZ4,DTLZ4,3,98,0,RBFN,200,5,98,2208.0,40000.0,"[1987, 2621, 1587]",0.2579538918439431,0.2304550742984224
DTLZ4,DTLZ4,3,99,0,RBFN,200,5,99,1978.0,40000.0,"[1775, 1969, 1585]",0.24942841972066043,0.23127750199093
DTLZ7,DTLZ7,3,1,1,Kriging,781,79,50,609961.0,609961.0,"[609961, 609961, 546583]",0.49645815358382145,0.10292426318030329
DTLZ7,DTLZ7,3,2,1,Kriging,200,36,40,40000.0,40000.0,"[40000, 40000, 23581]",0.4967679306514381,0.06068397727457351
DTLZ7,DTLZ7,3,3,1,Kriging,200,8,32,40000.0,40000.0,"[40000, 40000, 18364]",0.4964470616780483,0.03391059720008061
DTLZ7,DTLZ7,3,4,1,Kriging,200,1,23,40000.0,40000.0,"[40000, 40000, 10713]",0.49822952210098337,0.02315636069349048
DTLZ7,DTLZ7,3,5,1,Kriging,200,0,29,40000.0,40000.0,"[40000, 40000, 9203]",0.4990279710032849,0.022565730702568586
DTLZ7,DTLZ7,3,6,1,Kriging,200,0,27,40000.0,40000.0,"[40000, 40000, 8376]",0.4990279710032849,0.025300792048540407
DTLZ7,DTLZ7,3,7,1,Kriging,200,0,20,40000.0,40000.0,"[40000, 40000, 5592]",0.4996631082448897,0.029153442315502414
DTLZ7,DTLZ7,3,8,1,Kriging,200,0,28,40000.0,40000.0,"[40000, 40000, 2544]",0.4996631082448897,0.033932496611931026
DTLZ7,DTLZ7,3,9,1,Kriging,200,0,12,40000.0,40000.0,"[40000, 40000, 2438]",0.4996631082448897,0.03687618490868026
DTLZ7,DTLZ7,3,10,1,Kriging,200,0,17,40000.0,40000.0,"[40000, 40000, 1122]",0.5001307839421938,0.037493998119476624
DTLZ7,DTLZ7,3,11,1,Kriging,200,0,26,40000.0,40000.0,"[40000, 40000, 536]",0.5006517747791531,0.038076675487936966
DTLZ7,DTLZ7,3,12,1,Kriging,200,0,18,40000.0,40000.0,"[40000, 40000, 166]",0.5008528019985145,0.04112218729935415
DTLZ7,DTLZ7,3,13,1,Kriging,200,0,25,40000.0,40000.0,"[40000, 40000, 62]",0.5024881023049849,0.042620957135052706
DTLZ7,DTLZ7,3,14,1,Kriging,200,0,34,40000.0,40000.0,"[40000, 40000, 46]",0.5024881023049849,0.04411074725171163
DTLZ7,DTLZ7,3,15,1,Kriging,200,0,36,40000.0,40000.0,"[40000, 40000, 0]",0.5033146755267013,0.04611351002735734
DTLZ7,DTLZ7,3,16,1,Kriging,200,0,41,40000.0,40000.0,"[40000, 40000, 22]",0.5038999196817253,0.047001098225731085
DTLZ7,DTLZ7,3,17,1,Kriging,200,0,41,40000.0,40000.0,"[40000, 40000, 10]",0.5044536482103614,0.04823086574222843
DTLZ7,DTLZ7,3,18,1,Kriging,200,0,36,40000.0,40000.0,"[40000, 40000, 26]",0.5047377361280159,0.04817952678025666
DTLZ7,DTLZ7,3,19,1,Kriging,200,0,39,40000.0,40000.0,"[40000, 40000, 8]",0.5047377361280159,0.04980933929985766
DTLZ7,DTLZ7,3,20,1,Kriging,200,0,53,40000.0,40000.0,"[40000, 40000, 0]",0.5049381207200332,0.05105901040474832
DTLZ7,DTLZ7,3,21,1,Kriging,200,0,53,40000.0,40000.0,"[40000, 40000, 0]",0.505255194216324,0.050911239506934575
DTLZ7,DTLZ7,3,22,1,Kriging,200,0,68,40000.0,40000.0,"[40000, 40000, 0]",0.505410057655162,0.05227199222198753
DTLZ7,DTLZ7,3,23,1,Kriging,200,0,71,40000.0,40000.0,"[40000, 40000, 0]",0.5054118006453903,0.05291662736301399
DTLZ7,DTLZ7,3,24,1,Kriging,200,0,71,40000.0,40000.0,"[40000, 40000, 2]",0.5054857299431255,0.053344197034780515
DTLZ7,DTLZ7,3,25,1,Kriging,200,0,75,40000.0,40000.0,"[40000, 40000, 0]",0.5059390624769818,0.05342286363701285
DTLZ7,DTLZ7,3,26,1,Kriging,200,0,74,40000.0,40000.0,"[40000, 40000, 0]",0.5061819323426924,0.05328134702205469
DTLZ7,DTLZ7,3,27,1,Kriging,200,0,82,40000.0,40000.0,"[40000, 40000, 0]",0.5062651478576308,0.05308145589818582
DTLZ7,DTLZ7,3,28,1,Kriging,200,0,87,40000.0,40000.0,"[40000, 40000, 0]",0.5062651478576308,0.05351478825231382
DTLZ7,DTLZ7,3,29,1,Kriging,200,0,82,40000.0,40000.0,"[40000, 40000, 0]",0.5066046397750074,0.05440047904914067
DTLZ7,DTLZ7,3,30,1,Kriging,200,0,85,40000.0,40000.0,"[40000, 40000, 0]",0.5066046397750074,0.05474944355760347
DTLZ7,DTLZ7,3,31,1,Kriging,200,0,89,40000.0,40000.0,"[40000, 40000, 0]",0.5066046417441806,0.05524774593393364
DTLZ7,DTLZ7,3,32,1,Kriging,200,0,87,40000.0,40000.0,"[40000, 40000, 0]",0.5067675109427561,0.05576287508334978
DTLZ7,DTLZ7,3,33,1,Kriging,200,0,88,40000.0,40000.0,"[40000, 40000, 0]",0.5067675109427561,0.055825904978138455
DTLZ7,DTLZ7,3,34,1,Kriging,200,0,87,40000.0,40000.0,"[40000, 40000, 0]",0.506921853665993,0.05566705977514087
DTLZ7,DTLZ7,3,35,1,Kriging,200,0,94,40000.0,40000.0,"[40000, 40000, 0]",0.5072261449268823,0.05597670204118694
DTLZ7,DTLZ7,3,36,1,Kriging,200,0,96,40000.0,40000.0,"[40000, 40000, 0]",0.5072657877376786,0.05596345603437954
DTLZ7,DTLZ7,3,37,1,Kriging,200,0,96,40000.0,40000.0,"[40000, 40000, 0]",0.5076421526433315,0.05573795946742077
DTLZ7,DTLZ7,3,38,1,Kriging,200,0,91,40000.0,40000.0,"[40000, 40000, 0]",0.5077742725575947,0.05587561794462492
DTLZ7,DTLZ7,3,39,1,Kriging,200,0,94,40000.0,40000.0,"[40000, 40000, 0]",0.5077742725575947,0.05606650164246145
DTLZ7,DTLZ7,3,40,1,Kriging,200,0,96,40000.0,40000.0,"[40000, 40000, 0]",0.5078587000968484,0.05613920020322863
DTLZ7,DTLZ7,3,41,1,Kriging,200,0,95,40000.0,40000.0,"[40000, 40000, 0]",0.5078587000968484,0.05629283695189328
DTLZ7,DTLZ7,3,42,1,Kriging,200,0,94,40000.0,40000.0,"[40000, 40000, 0]",0.5079629253488908,0.056195847748275775
DTLZ7,DTLZ7,3,43,1,Kriging,200,0,97,40000.0,40000.0,"[40000, 40000, 0]",0.5080115124075696,0.05632908342608085
DTLZ7,DTLZ7,3,44,1,Kriging,200,0,96,40000.0,40000.0,"[40000, 40000, 0]",0.5080115124075696,0.05621748657465825
DTLZ7,DTLZ7,3,45,1,Kriging,200,0,97,40000.0,40000.0,"[40000, 40000, 0]",0.5080086671047782,0.05631615703951698
DTLZ7,DTLZ7,3,46,1,Kriging,200,0,99,40000.0,40000.0,"[40000, 40000, 0]",0.5080086671047782,0.0565054625516198
DTLZ7,DTLZ7,3,47,1,Kriging,200,0,99,40000.0,40000.0,"[40000, 40000, 0]",0.5080679001623564,0.05633157885071185
DTLZ7,DTLZ7,3,48,1,Kriging,200,0,99,40000.0,40000.0,"[40000, 40000, 0]",0.5080679001623564,0.0567235482113748
DTLZ7,DTLZ7,3,49,1,Kriging,200,0,98,40000.0,40000.0,"[40000, 40000, 0]",0.5082365974484678,0.05715201547626479
DTLZ7,DTLZ7,3,50,1,Kriging,200,0,97,40000.0,40000.0,"[40000, 40000, 0]",0.5082365974484678,0.05694776374876471
DTLZ7,DTLZ7,3,51,1,Kriging,200,0,99,40000.0,40000.0,"[40000, 40000, 0]",0.5083395997620512,0.057322976114802415
DTLZ7,DTLZ7,3,52,1,Kriging,200,0,98,40000.0,40000.0,"[40000, 40000, 0]",0.5083395997620512,0.05709688972091614
DTLZ7,DTLZ7,3,53,1,Kriging,200,0,98,40000.0,40000.0,"[40000, 40000, 0]",0.5084426457579031,0.05741551357592563
DTLZ7,DTLZ7,3,54,1,Kriging,200,0,98,40000.0,40000.0,"[40000, 40000, 0]",0.5085473880356893,0.057061329415154655
DTLZ7,DTLZ7,3,55,1,Kriging,200,0,98,40000.0,40000.0,"[40000, 40000, 0]",0.5085473880356893,0.05709446505455696
DTLZ7,DTLZ7,3,56,1,Kriging,200,0,98,40000.0,40000.0,"[40000, 40000, 0]",0.5085473880356893,0.05695880466315219
DTLZ7,DTLZ7,3,57,1,Kriging,200,0,100,40000.0,40000.0,"[40000, 40000, 0]",0.5085431829030586,0.05710987170670749
DTLZ7,DTLZ7,3,58,1,Kriging,200,0,100,40000.0,40000.0,"[40000, 40000, 0]",0.5085610253658809,0.05695733134316755
DTLZ7,DTLZ7,3,59,1,Kriging,200,0,97,40000.0,40000.0,"[40000, 40000, 0]",0.5085610253658809,0.05679686753640118
DTLZ7,DTLZ7,3,60,1,Kriging,200,0,99,40000.0,40000.0,"[40000, 40000, 0]",0.5085610253658809,0.05651420329945478
DTLZ7,DTLZ7,3,61,1,Kriging,200,0,99,40000.0,40000.0,"[40000, 40000, 0]",0.5085628583474959,0.056512155749095606
DTLZ7,DTLZ7,3,62,1,Kriging,200,0,99,40000.0,40000.0,"[40000, 40000, 0]",0.5084830971085796,0.0573707959249341
DTLZ7,DTLZ7,3,63,1,Kriging,200,0,100,40000.0,40000.0,"[40000, 40000, 0]",0.5086493009251524,0.05733954097191372
DTLZ7,DTLZ7,3,64,1,Kriging,200,0,100,40000.0,40000.0,"[40000, 40000, 0]",0.5086493009251524,0.057340514212260454
DTLZ7,DTLZ7,3,65,1,Kriging,200,0,100,40000.0,40000.0,"[40000, 40000, 0]",0.5086741078370273,0.057212210933490236
DTLZ7,DTLZ7,3,66,1,Kriging,200,0,100,40000.0,40000.0,"[40000, 40000, 10]",0.5086741078370273,0.05748260705934784
DTLZ7,DTLZ7,3,67,1,Kriging,200,0,100,40000.0,40000.0,"[40000, 40000, 0]",0.5086741078370273,0.057157439887072
DTLZ7,DTLZ7,3,68,1,Kriging,200,0,100,40000.0,40000.0,"[40000, 40000, 0]",0.5086741078370273,0.05733240206356319
DTLZ7,DTLZ7,3,69,1,Kriging,200,0,100,40000.0,40000.0,"[40000, 40000, 0]",0.5086741078370273,0.05753226834046584
DTLZ7,DTLZ7,3,70,1,Kriging,200,0,100,40000.0,40000.0,"[40000, 40000, 0]",0.5086741078370273,0.05738453147361835
DTLZ7,DTLZ7,3,71,1,Kriging,200,0,100,40000.0,40000.0,"[40000, 40000, 0]",0.5087406039950039,0.057557152356465725
DTLZ7,DTLZ7,3,72,1,Kriging,200,0,100,40000.0,40000.0,"[40000, 40000, 0]",0.5087695468906037,0.057744842430993634
DTLZ7,DTLZ7,3,73,1,Kriging,200,0,99,40000.0,40000.0,"[40000, 40000, 0]",0.5087695468906037,0.05806399883070481
DTLZ7,DTLZ7,3,74,1,Kriging,200,0,100,40000.0,40000.0,"[40000, 40000, 2]",0.5087695468906037,0.05833913637978475
DTLZ7,DTLZ7,3,75,1,Kriging,200,0,100,40000.0,40000.0,"[40000, 40000, 2]",0.5087695468906037,0.05797677256082319
DTLZ7,DTLZ7,3,76,1,Kriging,200,0,100,40000.0,40000.0,"[40000, 40000, 0]",0.5087695468906037,0.058267853817690965
DTLZ7,DTLZ7,3,77,1,Kriging,200,0,99,40000.0,40000.0,"[40000, 40000, 8]",0.5087848603873149,0.05796505714360895
DTLZ7,DTLZ7,3,78,1,Kriging,200,0,100,40000.0,40000.0,"[40000, 40000, 0]",0.5087906934301821,0.0575908662601645
DTLZ7,DTLZ7,3,79,1,Kriging,200,0,100,40000.0,40000.0,"[40000, 40000, 0]",0.5087967137023122,0.05814659249182259
DTLZ7,DTLZ7,3,80,1,Kriging,200,0,100,40000.0,40000.0,"[40000, 40000, 6]",0.5087967137023122,0.05844486524761244
DTLZ7,DTLZ7,3,81,1,Kriging,200,0,100,40000.0,40000.0,"[40000, 40000, 0]",0.5087444665872618,0.058383007382050586
DTLZ7,DTLZ7,3,82,1,Kriging,200,0,100,40000.0,40000.0,"[40000, 40000, 2]",0.5087444665872618,0.05915783650403368
DTLZ7,DTLZ7,3,83,1,Kriging,200,0,100,40000.0,40000.0,"[40000, 40000, 0]",0.5087588888758198,0.0589549902247661
DTLZ7,DTLZ7,3,84,1,Kriging,200,0,100,40000.0,40000.0,"[40000, 40000, 0]",0.5087948319338171,0.058701106238182574
DTLZ7,DTLZ7,3,85,1,Kriging,200,0,100,40000.0,40000.0,"[40000, 40000, 0]",0.5087948319338171,0.059266953916078745
DTLZ7,DTLZ7,3,86,1,Kriging,200,0,100,40000.0,40000.0,"[40000, 40000, 0]",0.5087948319338171,0.05894575922034162
DTLZ7,DTLZ7,3,87,1,Kriging,200,0,100,40000.0,40000.0,"[40000, 40000, 0]",0.5087948319338171,0.059221361296098965
DTLZ7,DTLZ7,3,88,1,Kriging,200,0,100,40000.0,40000.0,"[40000, 40000, 0]",0.5087948319338171,0.05918275086987552
DTLZ7,DTLZ7,3,89,1,Kriging,200,0,100,40000.0,40000.0,"[40000, 40000, 0]",0.5087706525774041,0.05973732580662165
DTLZ7,DTLZ7,3,90,1,Kriging,200,0,100,40000.0,40000.0,"[40000, 40000, 0]",0.5088122285330409,0.05976796389035729
DTLZ7,DTLZ7,3,91,1,Kriging,200,0,100,40000.0,40000.0,"[40000, 40000, 8]",0.5088466824012875,0.05972914672565246
DTLZ7,DTLZ7,3,92,1,Kriging,200,0,100,40000.0,40000.0,"[40000, 40000, 8]",0.5088466824012875,0.05965677926861732
DTLZ7,DTLZ7,3,93,1,Kriging,200,0,100,40000.0,40000.0,"[40000, 40000, 32]",0.5088466824012875,0.05991352457614613
DTLZ7,DTLZ7,3,94,1,Kriging,200,0,100,40000.0,40000.0,"[40000, 40000, 38]",0.5088466824012875,0.05976385414635386
DTLZ7,DTLZ7,3,95,1,Kriging,200,0,100,40000.0,40000.0,"[40000, 40000, 20]",0.5088466824012875,0.05958864547729996
DTLZ7,DTLZ7,3,96,1,Kriging,200,0,100,40000.0,40000.0,"[40000, 40000, 8]",0.5088466824012875,0.06000924550852974
DTLZ7,DTLZ7,3,97,1,Kriging,200,0,100,40000.0,40000.0,"[40000, 40000, 16]",0.5088271177968154,0.060270282638970454
DTLZ7,DTLZ7,3,98,1,Kriging,200,0,100,40000.0,40000.0,"[40000, 40000, 16]",0.5088271177968154,0.059864854274224395
DTLZ7,DTLZ7,3,99,1,Kriging,200,0,100,40000.0,40000.0,"[40000, 40000, 10]",0.5088271177968154,0.05998812449880899
MMF1,MMF1,2,1,0,RBFN,161,42,13,23203.0,25921.0,"[23067, 6909]",2.013546239208928,0.5130125131627913
MMF1,MMF1,2,2,0,RBFN,200,36,15,31886.0,40000.0,"[31612, 5010]",2.0299688851035156,0.5284473054491028
MMF1,MMF1,2,3,0,RBFN,200,35,17,29124.0,40000.0,"[28916, 3134]",2.0161561731578033,0.5698837674553373
MMF1,MMF1,2,4,0,RBFN,200,34,21,28190.0,40000.0,"[27997, 2487]",2.056785993019809,0.6434621920040332
MMF1,MMF1,2,5,0,RBFN,200,34,23,27856.0,40000.0,"[27676, 2064]",2.0292765102001757,0.7120761708890292
MMF1,MMF1,2,6,0,RBFN,200,33,22,26294.0,40000.0,"[26098, 2120]",2.05437363972252,0.7628704549688164
MMF1,MMF1,2,7,0,RBFN,200,32,28,25500.0,40000.0,"[25308, 2652]",2.0310601997802538,0.7864566486320439
MMF1,MMF1,2,8,0,RBFN,200,31,34,25820.0,40000.0,"[25598, 2274]",2.046858071301126,0.7981241468068283
MMF1,MMF1,2,9,0,RBFN,200,30,39,26176.0,40000.0,"[25985, 2071]",2.0312245505766113,0.8099394314109477
MMF1,MMF1,2,10,0,RBFN,200,29,42,25458.0,40000.0,"[25256, 2394]",2.0312245505766113,0.7974379204740663
MMF1,MMF1,2,11,0,RBFN,200,29,53,24434.0,40000.0,"[24237, 1717]",2.031267008593325,0.7901838542892234
MMF1,MMF1,2,12,0,RBFN,200,29,56,25166.0,40000.0,"[24962, 1878]",2.0502349853414907,0.7890620115056095
MMF1,MMF1,2,13,0,RBFN,200,29,55,25246.0,40000.0,"[25052, 1764]",2.0506853149249213,0.7896114541326706
MMF1,MMF1,2,14,0,RBFN,200,29,55,25334.0,40000.0,"[25145, 1659]",2.031309990713399,0.7989990939784843
MMF1,MMF1,2,15,0,RBFN,200,29,55,26788.0,40000.0,"[26595, 2305]",2.031309990713399,0.7970423520777078
MMF1,MMF1,2,16,0,RBFN,200,29,55,24976.0,40000.0,"[24798, 1744]",2.031309990713399,0.7898361010274553
MMF1,MMF1,2,17,0,RBFN,200,29,56,25968.0,40000.0,"[25778, 1604]",2.031309990713399,0.7897124163016523
MMF1,MMF1,2,18,0,RBFN,200,29,56,25746.0,40000.0,"[25543, 2245]",2.031309990713399,0.7913784172370645
MMF1,MMF1,2,19,0,RBFN,200,29,57,26440.0,40000.0,"[26249, 2675]",2.031309990713399,0.7941214570873012
MMF1,MMF1,2,20,0,RBFN,200,29,57,25654.0,40000.0,"[25454, 2202]",2.031309990713399,0.7905269699370578
MMF1,MMF1,2,21,0,RBFN,200,29,57,25500.0,40000.0,"[25295, 2033]",2.031309990713399,0.7901392312958805
MMF1,MMF1,2,22,0,RBFN,200,29,57,25776.0,40000.0,"[25590, 1846]",2.031309990713399,0.7920353419790906
MMF1,MMF1,2,23,0,RBFN,200,29,57,26194.0,40000.0,"[25982, 1994]",2.031309990713399,0.7937746479385274
MMF1,MMF1,2,24,0,RBFN,200,29,57,26790.0,40000.0,"[26604, 2156]",2.031309990713399,0.7924843353421461
MMF1,MMF1,2,25,0,RBFN,200,29,57,27794.0,40000.0,"[27562, 2466]",2.031388474371633,0.7917228914512183
MMF1,MMF1,2,26,0,RBFN,200,29,57,27052.0,40000.0,"[26847, 2205]",2.031309990713399,0.7951570520539935
MMF1,MMF1,2,27,0,RBFN,200,29,57,26006.0,40000.0,"[25823, 2075]",2.031309990713399,0.7950459369011171
MMF1,MMF1,2,28,0,RBFN,200,29,57,25428.0,40000.0,"[25241, 2067]",2.038389383441295,0.7941374969873134
MMF1,MMF1,2,29,0,RBFN,200,29,57,25890.0,40000.0,"[25697, 2239]",2.0357470185312607,0.7936135664849673
MMF1,MMF1,2,30,0,RBFN,200,29,57,26926.0,40000.0,"[26706, 2184]",2.031309990713399,0.7942848040106035
MMF1,MMF1,2,31,0,RBFN,200,29,57,27418.0,40000.0,"[27181, 2283]",2.031309990713399,0.7950253265708169
MMF1,MMF1,2,32,0,RBFN,200,29,57,26738.0,40000.0,"[26542, 1980]",2.031309990713399,0.7941334131438896
MMF1,MMF1,2,33,0,RBFN,200,29,57,25196.0,40000.0,"[24984, 2386]",2.0432866936540433,0.7937488571646605
MMF1,MMF1,2,34,0,RBFN,200,29,57,24616.0,40000.0,"[24423, 2261]",2.031309990713399,0.7928435110863898
MMF1,MMF1,2,35,0,RBFN,200,29,57,27620.0,40000.0,"[27423, 2097]",2.031309990713399,0.7928013777887973
MMF1,MMF1,2,36,0,RBFN,200,29,57,25394.0,40000.0,"[25185, 2265]",2.031309990713399,0.7925563452476102
MMF1,MMF1,2,37,0,RBFN,200,29,57,26076.0,40000.0,"[25877, 1849]",2.031309990713399,0.7937572175127288
MMF1,MMF1,2,38,0,RBFN,200,29,57,27014.0,40000.0,"[26798, 2446]",2.0324338248379736,0.7931224556055091
MMF1,MMF1,2,39,0,RBFN,200,29,57,24940.0,40000.0,"[24738, 2064]",2.031309990713399,0.7932532481949122
MMF1,MMF1,2,40,0,RBFN,200,29,57,26076.0,40000.0,"[25852, 2438]",2.031309990713399,0.7932918478959848
MMF1,MMF1,2,41,0,RBFN,200,29,57,25918.0,40000.0,"[25704, 1938]",2.031309990713399,0.7928246710737887
MMF1,MMF1,2,42,0,RBFN,200,29,57,25320.0,40000.0,"[25141, 1665]",2.031309990713399,0.7942886252507921
MMF1,MMF1,2,43,0,RBFN,200,29,57,25366.0,40000.0,"[25162, 1992]",2.0384308377865854,0.794619708298597
MMF1,MMF1,2,44,0,RBFN,200,29,57,26020.0,40000.0,"[25822, 2032]",2.0513476881389483,0.7942925070653851
MMF1,MMF1,2,45,0,RBFN,200,29,57,27230.0,40000.0,"[27007, 2357]",2.031309990713399,0.7938324497047585
MMF1,MMF1,2,46,0,RBFN,200,29,57,24924.0,40000.0,"[24698, 2444]",2.031309990713399,0.7940080471651078
MMF1,MMF1,2,47,0,RBFN,200,29,57,25508.0,40000.0,"[25324, 1994]",2.031309990713399,0.7940457573097778
MMF1,MMF1,2,48,0,RBFN,200,29,57,25540.0,40000.0,"[25363, 2103]",2.031309990713399,0.7939982093503538
MMF1,MMF1,2,49,0,RBFN,200,29,57,26006.0,40000.0,"[25807, 2725]",2.031309990713399,0.7939215120923983
MMF1,MMF1,2,50,0,RBFN,200,29,57,26022.0,40000.0,"[25832, 2234]",2.033858394066711,0.7940349004583367
MMF1,MMF1,2,51,0,RBFN,200,29,57,25990.0,40000.0,"[25788, 1960]",2.031309990713399,0.7940659553142198
MMF1,MMF1,2,52,0,RBFN,200,29,57,25632.0,40000.0,"[25448, 2094]",2.031309990713399,0.7938092550669684
MMF1,MMF1,2,53,0,RBFN,200,29,57,26238.0,40000.0,"[26036, 2368]",2.031309990713399,0.7940254281471697
MMF1,MMF1,2,54,0,RBFN,200,29,57,25120.0,40000.0,"[24916, 2376]",2.031309990713399,0.7939856076891268
MMF1,MMF1,2,55,0,RBFN,200,29,57,26224.0,40000.0,"[26033, 2379]",2.031309990713399,0.794089069272135
MMF1,MMF1,2,56,0,RBFN,200,29,57,26674.0,40000.0,"[26480, 1858]",2.031309990713399,0.7938749439045348
MMF1,MMF1,2,57,0,RBFN,200,29,57,24636.0,40000.0,"[24441, 1727]",2.031309990713399,0.7938123122885892
MMF1,MMF1,2,58,0,RBFN,200,29,57,25084.0,40000.0,"[24905, 1867]",2.032118497181163,0.7938778134544723
MMF1,MMF1,2,59,0,RBFN,200,29,57,24650.0,40000.0,"[24456, 2218]",2.031309990713399,0.7938500631456662
MMF1,MMF1,2,60,0,RBFN,200,29,57,26810.0,40000.0,"[26625, 1811]",2.031309990713399,0.7942088143256102
MMF1,MMF1,2,61,0,RBFN,200,29,57,26590.0,40000.0,"[26354, 2378]",2.031309990713399,0.7941245517138182
MMF1,MMF1,2,62,0,RBFN,200,29,57,25790.0,40000.0,"[25586, 2124]",2.031309990713399,0.794119332179542
MMF1,MMF1,2,63,0,RBFN,200,29,57,26448.0,40000.0,"[26270, 2182]",2.031309990713399,0.7941568886631184
MMF1,MMF1,2,64,0,RBFN,200,29,57,23810.0,40000.0,"[23610, 2108]",2.031309990713399,0.7945539452794829
MMF1,MMF1,2,65,0,RBFN,200,29,57,24092.0,40000.0,"[23889, 1949]",2.051203828093374,0.7948123221595645
MMF1,MMF1,2,66,0,RBFN,200,29,57,27106.0,40000.0,"[26907, 2311]",2.031309990713399,0.7947585513695091
MMF1,MMF1,2,67,0,RBFN,200,29,57,25624.0,40000.0,"[25433, 1887]",2.031309990713399,0.7948483219626286
MMF1,MMF1,2,68,0,RBFN,200,29,57,26470.0,40000.0,"[26279, 1669]",2.031309990713399,0.7948062128864782
MMF1,MMF1,2,69,0,RBFN,200,29,57,26360.0,40000.0,"[26164, 2416]",2.031309990713399,0.7936351812983792
MMF1,MMF1,2,70,0,RBFN,200,29,57,25220.0,40000.0,"[25033, 1925]",2.031309990713399,0.7944636844415269
MMF1,MMF1,2,71,0,RBFN,200,29,57,27176.0,40000.0,"[26941, 2339]",2.031309990713399,0.7942749230006549
MMF1,MMF1,2,72,0,RBFN,200,29,57,26118.0,40000.0,"[25913, 2025]",2.031309990713399,0.7938497828402572
MMF1,MMF1,2,73,0,RBFN,200,29,58,25820.0,40000.0,"[25626, 1754]",2.031309990713399,0.7996486192253962
MMF1,MMF1,2,74,0,RBFN,200,29,58,26490.0,40000.0,"[26264, 2184]",2.031309990713399,0.7992851409268285
MMF1,MMF1,2,75,0,RBFN,200,29,57,26802.0,40000.0,"[26615, 2113]",2.031309990713399,0.7940094721003602
MMF1,MMF1,2,76,0,RBFN,200,29,57,25624.0,40000.0,"[25427, 2143]",2.031309990713399,0.7950757037343422
MMF1,MMF1,2,77,0,RBFN,200,29,57,25572.0,40000.0,"[25374, 1984]",2.031309990713399,0.7949036142156842
MMF1,MMF1,2,78,0,RBFN,200,29,57,26670.0,40000.0,"[26493, 1691]",2.031309990713399,0.7949257281086314
MMF1,MMF1,2,79,0,RBFN,200,29,57,24904.0,40000.0,"[24726, 1906]",2.031309990713399,0.7949817295141672
MMF1,MMF1,2,80,0,RBFN,200,29,57,25698.0,40000.0,"[25511, 2485]",2.04863986913837,0.7947764167722748
MMF1,MMF1,2,81,0,RBFN,200,29,57,25976.0,40000.0,"[25787, 2201]",2.031309990713399,0.7946305262139898
MMF1,MMF1,2,82,0,RBFN,200,29,57,25140.0,40000.0,"[24945, 1961]",2.031309990713399,0.7946885307169379
MMF1,MMF1,2,83,0,RBFN,200,29,57,26666.0,40000.0,"[26467, 1945]",2.031309990713399,0.7946374674277936
MMF1,MMF1,2,84,0,RBFN,200,29,57,25728.0,40000.0,"[25556, 2290]",2.031309990713399,0.7945481340999495
MMF1,MMF1,2,85,0,RBFN,200,29,57,26324.0,40000.0,"[26144, 1910]",2.031309990713399,0.7945253650022298
MMF1,MMF1,2,86,0,RBFN,200,29,57,26046.0,40000.0,"[25836, 2120]",2.031309990713399,0.7944746833022021
MMF1,MMF1,2,87,0,RBFN,200,29,57,25392.0,40000.0,"[25203, 1883]",2.031309990713399,0.7945656361981901
MMF1,MMF1,2,88,0,RBFN,200,29,57,25802.0,40000.0,"[25611, 1709]",2.031309990713399,0.7942451858180809
MMF1,MMF1,2,89,0,RBFN,200,29,57,26026.0,40000.0,"[25814, 2164]",2.031309990713399,0.793748588304919
MMF1,MMF1,2,90,0,RBFN,200,29,57,26974.0,40000.0,"[26768, 2234]",2.031309990713399,0.794017914184037
MMF1,MMF1,2,91,0,RBFN,200,29,57,23056.0,40000.0,"[22856, 1896]",2.0393489824443636,0.7943560367282663
MMF1,MMF1,2,92,0,RBFN,200,29,57,25876.0,40000.0,"[25661, 2271]",2.031309990713399,0.7947057671032366
MMF1,MMF1,2,93,0,RBFN,200,29,57,27396.0,40000.0,"[27201, 2442]",2.031309990713399,0.7941701641708852
MMF1,MMF1,2,94,0,RBFN,200,29,57,24822.0,40000.0,"[24624, 2064]",2.031309990713399,0.7944778902956011
MMF1,MMF1,2,95,0,RBFN,200,29,57,26310.0,40000.0,"[26101, 1919]",2.0469779221006577,0.7943472265090835
MMF1,MMF1,2,96,0,RBFN,200,29,57,25852.0,40000.0,"[25655, 1885]",2.031309990713399,0.7944008520493482
MMF1,MMF1,2,97,0,RBFN,200,29,57,25830.0,40000.0,"[25638, 1996]",2.031309990713399,0.794428906970598
MMF1,MMF1,2,98,0,RBFN,200,29,57,25220.0,40000.0,"[25019, 1989]",2.031309990713399,0.7928009808900809
MMF1,MMF1,2,99,0,RBFN,200,29,57,25526.0,40000.0,"[25347, 1879]",2.031309990713399,0.7944556158441756
MMF11_L,MMF11_L,2,1,1,Kriging,161,29,23,25921.0,25921.0,"[25921, 23717]",0.9964938980186953,0.5502429500810662
MMF11_L,MMF11_L,2,2,1,Kriging,200,13,34,40000.0,40000.0,"[40000, 35525]",0.9964938980186953,0.674888410486054
MMF11_L,MMF11_L,2,3,1,Kriging,200,6,42,40000.0,40000.0,"[40000, 34432]",1.1015264478716156,0.6057348680467534
MMF11_L,MMF11_L,2,4,1,Kriging,200,2,55,40000.0,40000.0,"[40000, 32406]",1.1015264478716156,0.6723690555714006
MMF11_L,MMF11_L,2,5,1,Kriging,200,0,73,40000.0,40000.0,"[40000, 32465]",0.9311606435325649,0.7083293257925699
MMF11_L,MMF11_L,2,6,1,Kriging,200,0,81,40000.0,40000.0,"[40000, 31626]",0.7826748058747615,0.7091685729746524
MMF11_L,MMF11_L,2,7,1,Kriging,200,0,77,40000.0,40000.0,"[40000, 31564]",0.8100907788326539,0.7228200552194564
MMF11_L,MMF11_L,2,8,1,Kriging,200,0,82,40000.0,40000.0,"[40000, 32762]",0.5344485889397127,0.7308718768523832
MMF11_L,MMF11_L,2,9,1,Kriging,200,0,86,40000.0,40000.0,"[40000, 31816]",0.7117998043017277,0.7222507059656158
MMF11_L,MMF11_L,2,10,1,Kriging,200,0,87,40000.0,40000.0,"[40000, 32452]",0.9152852226060496,0.730356365164673
MMF11_L,MMF11_L,2,11,1,Kriging,200,0,86,40000.0,40000.0,"[40000, 31772]",0.9734230673695842,0.7229541403238045
MMF11_L,MMF11_L,2,12,1,Kriging,200,0,91,40000.0,40000.0,"[40000, 29526]",1.3526173191929067,0.730981865833822
MMF11_L,MMF11_L,2,13,1,Kriging,200,0,91,40000.0,40000.0,"[40000, 29790]",1.4407687869730899,0.7503830916282933
MMF11_L,MMF11_L,2,14,1,Kriging,200,0,90,40000.0,40000.0,"[40000, 27044]",1.510662857992328,0.782830613822521
MMF11_L,MMF11_L,2,15,1,Kriging,200,0,88,40000.0,40000.0,"[40000, 26734]",1.6207001977100368,0.7700006815007261
MMF11_L,MMF11_L,2,16,1,Kriging,200,0,87,40000.0,40000.0,"[40000, 26664]",1.6995787285750346,0.7715011743755593
MMF11_L,MMF11_L,2,17,1,Kriging,200,0,86,40000.0,40000.0,"[40000, 25188]",1.6995787285750346,0.7696616467596624
MMF11_L,MMF11_L,2,18,1,Kriging,200,0,87,40000.0,40000.0,"[40000, 25618]",1.7068891749441064,0.7557949828134783
MMF11_L,MMF11_L,2,19,1,Kriging,200,0,87,40000.0,40000.0,"[40000, 26570]",1.7531882478157723,0.7731037450432907
MMF11_L,MMF11_L,2,20,1,Kriging,200,0,86,40000.0,40000.0,"[40000, 26530]",1.7531882478157723,0.7714432138522163
MMF11_L,MMF11_L,2,21,1,Kriging,200,0,87,40000.0,40000.0,"[40000, 25970]",1.7531882478157723,0.7709175038103666
MMF11_L,MMF11_L,2,22,1,Kriging,200,0,83,40000.0,40000.0,"[40000, 25754]",1.7531882478157723,0.769348057674454
MMF11_L,MMF11_L,2,23,1,Kriging,200,0,84,40000.0,40000.0,"[40000, 25238]",1.7531882478157723,0.7699763823887715
MMF11_L,MMF11_L,2,24,1,Kriging,200,0,86,40000.0,40000.0,"[40000, 25480]",1.7531882478157723,0.7706369749884169
MMF11_L,MMF11_L,2,25,1,Kriging,200,0,88,40000.0,40000.0,"[40000, 26302]",1.7531882478157723,0.7724366609962022
MMF11_L,MMF11_L,2,26,1,Kriging,200,0,89,40000.0,40000.0,"[40000, 26064]",1.7531882478157723,0.7598788587582206
MMF11_L,MMF11_L,2,27,1,Kriging,200,0,88,40000.0,40000.0,"[40000, 26006]",1.7531882478157723,0.7833211889087096
MMF11_L,MMF11_L,2,28,1,Kriging,200,0,90,40000.0,40000.0,"[40000, 25176]",1.7531882478157723,0.759481757844294
MMF11_L,MMF11_L,2,29,1,Kriging,200,0,88,40000.0,40000.0,"[40000, 27118]",1.7531882478157723,0.7771432869953133
MMF11_L,MMF11_L,2,30,1,Kriging,200,0,89,40000.0,40000.0,"[40000, 26124]",1.7531882478157723,0.7981148142081179
MMF11_L,MMF11_L,2,31,1,Kriging,200,0,88,40000.0,40000.0,"[40000, 25258]",1.7531882478157723,0.77322791139629
MMF11_L,MMF11_L,2,32,1,Kriging,200,0,89,40000.0,40000.0,"[40000, 25564]",1.7531882478157723,0.7695083718299301
MMF11_L,MMF11_L,2,33,1,Kriging,200,0,88,40000.0,40000.0,"[40000, 24972]",1.7531882478157723,0.8025510958460154
MMF11_L,MMF11_L,2,34,1,Kriging,200,0,91,40000.0,40000.0,"[40000, 25684]",1.7531882478157723,0.7748725190892267
MMF11_L,MMF11_L,2,35,1,Kriging,200,0,93,40000.0,40000.0,"[40000, 28346]",1.7531882478157723,0.7865578632240129
MMF11_L,MMF11_L,2,36,1,Kriging,200,0,93,40000.0,40000.0,"[40000, 23844]",1.7531882478157723,0.7986343354398514
MMF11_L,MMF11_L,2,37,1,Kriging,200,0,95,40000.0,40000.0,"[40000, 25922]",1.7531882478157723,0.7738616555091312
MMF11_L,MMF11_L,2,38,1,Kriging,200,0,92,40000.0,40000.0,"[40000, 27490]",1.7531882478157723,0.8008021518039052
MMF11_L,MMF11_L,2,39,1,Kriging,200,0,92,40000.0,40000.0,"[40000, 25864]",1.7531882478157723,0.8081026826134956
MMF11_L,MMF11_L,2,40,1,Kriging,200,0,94,40000.0,40000.0,"[40000, 25350]",1.7531882478157723,0.7715350954536377
MMF11_L,MMF11_L,2,41,1,Kriging,200,0,95,40000.0,40000.0,"[40000, 25052]",1.7531882478157723,0.7762340300516307
MMF11_L,MMF11_L,2,42,1,Kriging,200,0,96,40000.0,40000.0,"[40000, 25206]",1.7531882478157723,0.764685220380055
MMF11_L,MMF11_L,2,43,1,Kriging,200,0,95,40000.0,40000.0,"[40000, 24694]",1.7531882478157723,0.7794088339438819
MMF11_L,MMF11_L,2,44,1,Kriging,200,0,90,40000.0,40000.0,"[40000, 24802]",1.7531882478157723,0.7793654107077077
MMF11_L,MMF11_L,2,45,1,Kriging,200,0,91,40000.0,40000.0,"[40000, 26562]",1.7531882478157723,0.7579621836458792
MMF11_L,MMF11_L,2,46,1,Kriging,200,0,91,40000.0,40000.0,"[40000, 25646]",1.7531882478157723,0.7664786352135454
MMF11_L,MMF11_L,2,47,1,Kriging,200,0,89,40000.0,40000.0,"[40000, 26220]",1.7531882478157723,0.7953161549633943
MMF11_L,MMF11_L,2,48,1,Kriging,200,0,91,40000.0,40000.0,"[40000, 26150]",1.7531882478157723,0.7566071855069997
MMF11_L,MMF11_L,2,49,1,Kriging,200,0,87,40000.0,40000.0,"[40000, 27886]",1.7531882478157723,0.7963049209785257
MMF11_L,MMF11_L,2,50,1,Kriging,200,0,91,40000.0,40000.0,"[40000, 26200]",1.7531882478157723,0.7779526148905529
MMF11_L,MMF11_L,2,51,1,Kriging,200,0,91,40000.0,40000.0,"[40000, 26034]",1.7531882478157723,0.7801520143331063
MMF11_L,MMF11_L,2,52,1,Kriging,200,0,90,40000.0,40000.0,"[40000, 24374]",1.7531882478157723,0.7900093611243508
MMF11_L,MMF11_L,2,53,1,Kriging,200,0,90,40000.0,40000.0,"[40000, 26062]",1.7531882478157723,0.7580400076966873
MMF11_L,MMF11_L,2,54,1,Kriging,200,0,90,40000.0,40000.0,"[40000, 26448]",1.7531882478157723,0.7657500096447989
MMF11_L,MMF11_L,2,55,1,Kriging,200,0,91,40000.0,40000.0,"[40000, 25624]",1.7531882478157723,0.7697919456284273
MMF11_L,MMF11_L,2,56,1,Kriging,200,0,91,40000.0,40000.0,"[40000, 25620]",1.7531882478157723,0.760936201923386
MMF11_L,MMF11_L,2,57,1,Kriging,200,0,92,40000.0,40000.0,"[40000, 25650]",1.7531882478157723,0.7711665084456789
MMF11_L,MMF11_L,2,58,1,Kriging,200,0,92,40000.0,40000.0,"[40000, 27430]",1.7531882478157723,0.7664810581845649
MMF11_L,MMF11_L,2,59,1,Kriging,200,0,91,40000.0,40000.0,"[40000, 26410]",1.7531882478157723,0.7869732012581315
MMF11_L,MMF11_L,2,60,1,Kriging,200,0,92,40000.0,40000.0,"[40000, 26736]",1.7531882478157723,0.7733218720137662
MMF11_L,MMF11_L,2,61,1,Kriging,200,0,90,40000.0,40000.0,"[40000, 26740]",1.7531882478157723,0.781614771159423
MMF11_L,MMF11_L,2,62,1,Kriging,200,0,92,40000.0,40000.0,"[40000, 26108]",1.7531882478157723,0.7721602413058875
MMF11_L,MMF11_L,2,63,1,Kriging,200,0,92,40000.0,40000.0,"[40000, 25526]",1.7531882478157723,0.7657754362040049
MMF11_L,MMF11_L,2,64,1,Kriging,200,0,92,40000.0,40000.0,"[40000, 25824]",1.7531882478157723,0.7608277694804795
MMF11_L,MMF11_L,2,65,1,Kriging,200,0,92,40000.0,40000.0,"[40000, 25834]",1.7531882478157723,0.7621453152524501
MMF11_L,MMF11_L,2,66,1,Kriging,200,0,93,40000.0,40000.0,"[40000, 27248]",1.7531882478157723,0.7736816990433639
MMF11_L,MMF11_L,2,67,1,Kriging,200,0,92,40000.0,40000.0,"[40000, 26924]",1.7531882478157723,0.7622677924378326
MMF11_L,MMF11_L,2,68,1,Kriging,200,0,92,40000.0,40000.0,"[40000, 25336]",1.7531882478157723,0.7848691306889404
MMF11_L,MMF11_L,2,69,1,Kriging,200,0,92,40000.0,40000.0,"[40000, 25606]",1.7531882478157723,0.7586083137071086
MMF11_L,MMF11_L,2,70,1,Kriging,200,0,91,40000.0,40000.0,"[40000, 25676]",1.7531882478157679,0.7930594478342229
MMF11_L,MMF11_L,2,71,1,Kriging,200,0,93,40000.0,40000.0,"[40000, 26530]",1.7531882478157723,0.7598143659358452
MMF11_L,MMF11_L,2,72,1,Kriging,200,0,92,40000.0,40000.0,"[40000, 26216]",1.7531882478157723,0.7709299925663673
MMF11_L,MMF11_L,2,73,1,Kriging,200,0,93,40000.0,40000.0,"[40000, 25950]",1.7531882478157723,0.7745618452383368
MMF11_L,MMF11_L,2,74,1,Kriging,200,0,91,40000.0,40000.0,"[40000, 24862]",1.7531882478157723,0.7735916200031585
MMF11_L,MMF11_L,2,75,1,Kriging,200,0,92,40000.0,40000.0,"[40000, 27234]",1.7531882478157723,0.7754323797740565
MMF11_L,MMF11_L,2,76,1,Kriging,200,0,94,40000.0,40000.0,"[40000, 25870]",1.7531882478157723,0.7707572703858016
MMF11_L,MMF11_L,2,77,1,Kriging,200,0,94,40000.0,40000.0,"[40000, 27584]",1.7531882478157723,0.7741565393360529
MMF11_L,MMF11_L,2,78,1,Kriging,200,0,94,40000.0,40000.0,"[40000, 27008]",1.7531882478157723,0.7650797564431562
MMF11_L,MMF11_L,2,79,1,Kriging,200,0,95,40000.0,40000.0,"[40000, 27074]",1.7531882478157723,0.7749105414888896
MMF11_L,MMF11_L,2,80,1,Kriging,200,0,95,40000.0,40000.0,"[40000, 25800]",1.7531882478157723,0.7775733328800999
MMF11_L,MMF11_L,2,81,1,Kriging,200,0,96,40000.0,40000.0,"[40000, 25316]",1.7531882478157723,0.7607572148406808
MMF11_L,MMF11_L,2,82,1,Kriging,200,0,91,40000.0,40000.0,"[40000, 27380]",1.7531882478157723,0.7960028647743614
MMF11_L,MMF11_L,2,83,1,Kriging,200,0,90,40000.0,40000.0,"[40000, 26672]",1.7531882478157723,0.7755477393440556
MMF11_L,MMF11_L,2,84,1,Kriging,200,0,92,40000.0,40000.0,"[40000, 25756]",1.7531882478157723,0.7809194015583262
MMF11_L,MMF11_L,2,85,1,Kriging,200,0,92,40000.0,40000.0,"[40000, 26982]",1.7531882478157723,0.7629283477828924
MMF11_L,MMF11_L,2,86,1,Kriging,200,0,93,40000.0,40000.0,"[40000, 25792]",1.7531882478157723,0.7553123829783723
MMF11_L,MMF11_L,2,87,1,Kriging,200,0,92,40000.0,40000.0,"[40000, 24962]",1.7531882478157723,0.791620063336762
MMF11_L,MMF11_L,2,88,1,Kriging,200,0,94,40000.0,40000.0,"[40000, 25300]",1.7531882478157723,0.7609492919128212
MMF11_L,MMF11_L,2,89,1,Kriging,200,0,91,40000.0,40000.0,"[40000, 26550]",1.7531882478157723,0.7855203773577442
MMF11_L,MMF11_L,2,90,1,Kriging,200,0,93,40000.0,40000.0,"[40000, 26690]",1.7531882478157723,0.7679058177565663
MMF11_L,MMF11_L,2,91,1,Kriging,200,0,93,40000.0,40000.0,"[40000, 26366]",1.7531882478157723,0.7815780384306842
MMF11_L,MMF11_L,2,92,1,Kriging,200,0,94,40000.0,40000.0,"[40000, 25262]",1.7531882478157723,0.773217258262479
MMF11_L,MMF11_L,2,93,1,Kriging,200,0,93,40000.0,40000.0,"[40000, 25786]",1.7531882478157723,0.7760682697486584
MMF11_L,MMF11_L,2,94,1,Kriging,200,0,93,40000.0,40000.0,"[40000, 24784]",1.7531882478157723,0.765721873532402
MMF11_L,MMF11_L,2,95,1,Kriging,200,0,93,40000.0,40000.0,"[40000, 24654]",1.7531882478157723,0.7644819909149538
MMF11_L,MMF11_L,2,96,1,Kriging,200,0,94,40000.0,40000.0,"[40000, 25220]",1.7531882478157723,0.7688481255298478
MMF11_L,MMF11_L,2,97,1,Kriging,200,0,93,40000.0,40000.0,"[40000, 25824]",1.7531882478157723,0.7768735649393175
MMF11_L,MMF11_L,2,98,1,Kriging,200,0,93,40000.0,40000.0,"[40000, 27252]",1.7531882478157723,0.7779445886234629
MMF11_L,MMF11_L,2,99,1,Kriging,200,0,94,40000.0,40000.0,"[40000, 25368]",1.7531882478157723,0.7774733293803202
MMF16_20,MMF16_20,3,1,0,RBFN,719,94,92,444093.0,516961.0,"[434381, 430383, 451359]",0.33492997962041315,0.24734818004888884
MMF16_20,MMF16_20,3,2,0,RBFN,200,84,95,19816.0,40000.0,"[17956, 18610, 21804]",0.3350647896769033,0.23370059255998848
MMF16_20,MMF16_20,3,3,0,RBFN,200,80,95,17106.0,40000.0,"[16832, 15786, 18812]",0.33429063170713724,0.225064745114522
MMF16_20,MMF16_20,3,4,0,RBFN,200,78,96,17670.0,40000.0,"[15170, 16774, 20156]",0.33492038395855134,0.22444971567230307
MMF16_20,MMF16_20,3,5,0,RBFN,200,76,94,17856.0,40000.0,"[16396, 15658, 19992]",0.3354971249333186,0.22168757341210935
MMF16_20,MMF16_20,3,6,0,RBFN,200,73,93,17596.0,40000.0,"[15899, 14519, 20549]",0.3353737642821697,0.21986758366164963
MMF16_20,MMF16_20,3,7,0,RBFN,200,71,93,16318.0,40000.0,"[14517, 14615, 18965]",0.3353737642821697,0.21926803893321883
MMF16_20,MMF16_20,3,8,0,RBFN,200,70,94,16258.0,40000.0,"[15223, 14339, 18677]",0.3353737642821697,0.2187934682666824
MMF16_20,MMF16_20,3,9,0,RBFN,200,68,95,16830.0,40000.0,"[14926, 14550, 19448]",0.3353737642821697,0.21616671161911147
MMF16_20,MMF16_20,3,10,0,RBFN,200,68,95,16358.0,40000.0,"[14172, 14796, 19002]",0.3353737642821697,0.21729374965097084
MMF16_20,MMF16_20,3,11,0,RBFN,200,66,95,16214.0,40000.0,"[15302, 13676, 18382]",0.33570900624207595,0.21790329402457326
MMF16_20,MMF16_20,3,12,0,RBFN,200,64,96,15988.0,40000.0,"[13549, 14797, 18665]",0.33570900624207595,0.2180769635224646
MMF16_20,MMF16_20,3,13,0,RBFN,200,64,98,15948.0,40000.0,"[14472, 12862, 18676]",0.3363541370693384,0.21969948923376592
MMF16_20,MMF16_20,3,14,0,RBFN,200,63,98,14898.0,40000.0,"[12504, 14176, 17828]",0.33819223834832884,0.2238085170827654
MMF16_20,MMF16_20,3,15,0,RBFN,200,61,98,15572.0,40000.0,"[14281, 12641, 18457]",0.33819223834832884,0.22571758953833196
MMF16_20,MMF16_20,3,16,0,RBFN,200,61,98,15458.0,40000.0,"[13405, 13777, 18161]",0.33896525840452035,0.2275490550220941
MMF16_20,MMF16_20,3,17,0,RBFN,200,59,98,14758.0,40000.0,"[13179, 13939, 17063]",0.33896525840452035,0.2284298867782069
MMF16_20,MMF16_20,3,18,0,RBFN,200,59,98,14826.0,40000.0,"[12167, 13511, 17815]",0.33896525840452035,0.23047530881301867
MMF16_20,MMF16_20,3,19,0,RBFN,200,58,97,15044.0,40000.0,"[13401, 12713, 18087]",0.33665414342885525,0.2315127239547984
MMF16_20,MMF16_20,3,20,0,RBFN,200,56,99,14168.0,40000.0,"[11636, 13410, 17174]",0.3362566333727577,0.23407771017903575
MMF16_20,MMF16_20,3,21,0,RBFN,200,54,100,13530.0,40000.0,"[11652, 12974, 16184]",0.3364248312546179,0.24080982041123672
MMF16_20,MMF16_20,3,22,0,RBFN,200,53,97,13954.0,40000.0,"[12417, 12807, 16701]",0.33666874575258615,0.24435331725942788
MMF16_20,MMF16_20,3,23,0,RBFN,200,51,98,13156.0,40000.0,"[10931, 13219, 15903]",0.3367720453589354,0.250720112863496
MMF16_20,MMF16_20,3,24,0,RBFN,200,47,96,13110.0,40000.0,"[11623, 12035, 16267]",0.33689720747090873,0.2547305287755705
MMF16_20,MMF16_20,3,25,0,RBFN,200,42,97,12466.0,40000.0,"[10665, 11427, 15093]",0.33689720747090873,0.25999904551915687
MMF16_20,MMF16_20,3,26,0,RBFN,200,39,93,10442.0,40000.0,"[9604, 9108, 12956]",0.33689720747090873,0.2665188954885253
MMF16_20,MMF16_20,3,27,0,RBFN,200,35,97,10912.0,40000.0,"[10392, 10022, 13278]",0.3371205494196107,0.26467178723520474
MMF16_20,MMF16_20,3,28,0,RBFN,200,33,96,9966.0,40000.0,"[7925, 9889, 12719]",0.337536005216184,0.2712674072331376
MMF16_20,MMF16_20,3,29,0,RBFN,200,33,94,10268.0,40000.0,"[8555, 9295, 13213]",0.33808860471030305,0.279211463171422
MMF16_20,MMF16_20,3,30,0,RBFN,200,31,95,11090.0,40000.0,"[8014, 10260, 14580]",0.3387740941171597,0.2854745748825428
MMF16_20,MMF16_20,3,31,0,RBFN,200,29,96,9780.0,40000.0,"[8807, 8061, 12599]",0.3390272323827907,0.299742001747247
MMF16_20,MMF16_20,3,32,0,RBFN,200,28,98,9892.0,40000.0,"[7864, 8846, 12966]",0.3379285154138266,0.3067350560102502
MMF16_20,MMF16_20,3,33,0,RBFN,200,26,98,8728.0,40000.0,"[7060, 8106, 11324]",0.3382229683560759,0.31311941729482134
MMF16_20,MMF16_20,3,34,0,RBFN,200,22,97,8756.0,40000.0,"[7720, 7596, 11142]",0.33852891079325975,0.31797946988735143
MMF16_20,MMF16_20,3,35,0,RBFN,200,22,97,7488.0,40000.0,"[7018, 6342, 9736]",0.3384441969334143,0.3289075462794679
MMF16_20,MMF16_20,3,36,0,RBFN,200,20,99,7932.0,40000.0,"[6404, 7382, 11014]",0.33807126934891363,0.3391100537748963
MMF16_20,MMF16_20,3,37,0,RBFN,200,18,96,7742.0,40000.0,"[7048, 5862, 10856]",0.33808726163852865,0.3477965472689846
MMF16_20,MMF16_20,3,38,0,RBFN,200,17,96,7382.0,40000.0,"[7146, 5290, 10526]",0.3384183486717577,0.35546436681473154
MMF16_20,MMF16_20,3,39,0,RBFN,200,15,94,7018.0,40000.0,"[6673, 5877, 9767]",0.3386189615915332,0.3621225360348172
MMF16_20,MMF16_20,3,40,0,RBFN,200,12,97,6628.0,40000.0,"[6117, 4803, 9481]",0.33914526576642157,0.3714174533408133
MMF16_20,MMF16_20,3,41,0,RBFN,200,10,97,6318.0,40000.0,"[5400, 5104, 9814]",0.339394994351028,0.37652295596623625
MMF16_20,MMF16_20,3,42,0,RBFN,200,9,98,5422.0,40000.0,"[5278, 4484, 8082]",0.339394994351028,0.3851763645583205
MMF16_20,MMF16_20,3,43,0,RBFN,200,6,99,5268.0,40000.0,"[5179, 4125, 8393]",0.3395086495797687,0.39238291439941086
MMF16_20,MMF16_20,3,44,0,RBFN,200,4,96,6068.0,40000.0,"[5332, 4348, 9656]",0.3395086495797687,0.40272791297240235
MMF16_20,MMF16_20,3,45,0,RBFN,200,3,96,4786.0,40000.0,"[4030, 4444, 8154]",0.3395086495797687,0.4073380470007596
MMF16_20,MMF16_20,3,46,0,RBFN,200,3,97,4852.0,40000.0,"[4037, 4139, 8459]",0.33990176251319915,0.4136211448644192
MMF16_20,MMF16_20,3,47,0,RBFN,200,2,98,4628.0,40000.0,"[4519, 3227, 8055]",0.3397215355640223,0.42274925781644607
MMF16_20,MMF16_20,3,48,0,RBFN,200,2,100,3858.0,40000.0,"[2738, 3786, 7238]",0.3397215355640223,0.42994158161719176
MMF16_20,MMF16_20,3,49,0,RBFN,200,2,100,3748.0,40000.0,"[3420, 3702, 6758]",0.3397215355640223,0.43522951692727757
MMF16_20,MMF16_20,3,50,0,RBFN,200,2,100,4000.0,40000.0,"[3338, 3192, 7502]",0.33981537237028814,0.4401614737038495
MMF16_20,MMF16_20,3,51,0,RBFN,200,2,100,4102.0,40000.0,"[3446, 3952, 7354]",0.339887542684152,0.4457946794958281
MMF16_20,MMF16_20,3,52,0,RBFN,200,2,100,4662.0,40000.0,"[4070, 3640, 8230]",0.33991428702114646,0.45244900370888613
MMF16_20,MMF16_20,3,53,0,RBFN,200,2,100,4574.0,40000.0,"[3346, 4162, 8214]",0.3401593018266606,0.4584862924080207
MMF16_20,MMF16_20,3,54,0,RBFN,200,2,100,4144.0,40000.0,"[3106, 4242, 7324]",0.34035748369929086,0.4637447631444085
MMF16_20,MMF16_20,3,55,0,RBFN,200,2,100,3828.0,40000.0,"[3504, 3168, 6950]",0.34046639824198743,0.46986868155865946
MMF16_20,MMF16_20,3,56,0,RBFN,200,2,98,3910.0,40000.0,"[3598, 3286, 7208]",0.34028531290226005,0.4748809199020544
MMF16_20,MMF16_20,3,57,0,RBFN,200,2,100,4660.0,40000.0,"[3508, 3922, 8284]",0.34028531290226005,0.4777593535676827
MMF16_20,MMF16_20,3,58,0,RBFN,200,2,99,4416.0,40000.0,"[2938, 4400, 7916]",0.3406662494724482,0.48034132480968256
MMF16_20,MMF16_20,3,59,0,RBFN,200,2,100,4486.0,40000.0,"[2874, 4458, 7976]",0.3406662494724482,0.48536871771636914
MMF16_20,MMF16_20,3,60,0,RBFN,200,2,100,4170.0,40000.0,"[3688, 3350, 7508]",0.3406662494724482,0.488133707186704
MMF16_20,MMF16_20,3,61,0,RBFN,200,2,100,4162.0,40000.0,"[3532, 3716, 7456]",0.3406662494724482,0.49134813564547947
MMF16_20,MMF16_20,3,62,0,RBFN,200,2,100,4886.0,40000.0,"[3836, 3618, 8884]",0.3406306147531475,0.494616946281619
MMF16_20,MMF16_20,3,63,0,RBFN,200,2,100,4798.0,40000.0,"[4032, 3832, 8386]",0.3406306147531475,0.5006805320806276
MMF16_20,MMF16_20,3,64,0,RBFN,200,2,100,4008.0,40000.0,"[3426, 3408, 7410]",0.3406306147531475,0.5021559392978704
MMF16_20,MMF16_20,3,65,0,RBFN,200,2,100,4358.0,40000.0,"[3104, 4392, 7788]",0.34063243459418885,0.5047899086050014
MMF16_20,MMF16_20,3,66,0,RBFN,200,2,100,4750.0,40000.0,"[4109, 4007, 8099]",0.3406868753759095,0.5100411028866858
MMF16_20,MMF16_20,3,67,0,RBFN,200,2,99,4066.0,40000.0,"[3032, 4008, 7220]",0.3406868753759095,0.5109255892050941
MMF16_20,MMF16_20,3,68,0,RBFN,200,2,99,4980.0,40000.0,"[3968, 4210, 8996]",0.3408569320166186,0.5111765859420513
MMF16_20,MMF16_20,3,69,0,RBFN,200,2,99,4288.0,40000.0,"[3054, 4238, 7746]",0.3408569320166186,0.5120966872826017
MMF16_20,MMF16_20,3,70,0,RBFN,200,1,100,4938.0,40000.0,"[4134, 3952, 8652]",0.3409701494742398,0.5162191896773648
MMF16_20,MMF16_20,3,71,0,RBFN,200,1,99,4378.0,40000.0,"[3505, 3659, 7903]",0.3409701494742398,0.5175438619017209
MMF16_20,MMF16_20,3,72,0,RBFN,200,1,99,4006.0,40000.0,"[3513, 2921, 7673]",0.3408569320166186,0.5208389256730017
MMF16_20,MMF16_20,3,73,0,RBFN,200,1,100,3888.0,40000.0,"[3047, 3763, 7463]",0.3408569320166186,0.5211600299228485
MMF16_20,MMF16_20,3,74,0,RBFN,200,1,100,4704.0,40000.0,"[3499, 4075, 8475]",0.3412181216107394,0.5218460604579186
MMF16_20,MMF16_20,3,75,0,RBFN,200,1,100,4216.0,40000.0,"[3463, 3807, 7745]",0.34134292775264086,0.525034708606146
MMF16_20,MMF16_20,3,76,0,RBFN,200,1,99,4098.0,40000.0,"[3291, 3649, 7677]",0.34134292775264086,0.526611838945769
MMF16_20,MMF16_20,3,77,0,RBFN,200,1,100,4024.0,40000.0,"[3587, 3735, 7135]",0.34139381107434447,0.5276184123954851
MMF16_20,MMF16_20,3,78,0,RBFN,200,1,100,3540.0,40000.0,"[3381, 2915, 6789]",0.34139381107434447,0.5284606913692099
MMF16_20,MMF16_20,3,79,0,RBFN,200,1,100,4226.0,40000.0,"[3855, 3477, 7803]",0.34139381107434447,0.5302059297706846
MMF16_20,MMF16_20,3,80,0,RBFN,200,1,100,3780.0,40000.0,"[3811, 3073, 6935]",0.34142285915077436,0.5314013440231689
MMF16_20,MMF16_20,3,81,0,RBFN,200,1,100,4034.0,40000.0,"[3473, 3625, 7543]",0.3414273135805878,0.5305072891509627
MMF16_20,MMF16_20,3,82,0,RBFN,200,1,99,4556.0,40000.0,"[3875, 3577, 8437]",0.34142285915077436,0.5360241312170575
MMF16_20,MMF16_20,3,83,0,RBFN,200,1,100,3404.0,40000.0,"[3693, 2731, 6257]",0.34142285915077436,0.5330498875571253
MMF16_20,MMF16_20,3,84,0,RBFN,200,1,100,4350.0,40000.0,"[4247, 2819, 7723]",0.34142285915077436,0.5357524096809938
MMF16_20,MMF16_20,3,85,0,RBFN,200,1,99,3698.0,40000.0,"[3193, 3135, 7217]",0.3414322698695871,0.5385815857488384
MMF16_20,MMF16_20,3,86,0,RBFN,200,1,100,3846.0,40000.0,"[3603, 3443, 7099]",0.3414322698695871,0.5370682617120427
MMF16_20,MMF16_20,3,87,0,RBFN,200,1,100,4932.0,40000.0,"[4057, 4369, 8839]",0.34143879295800933,0.539229341915499
MMF16_20,MMF16_20,3,88,0,RBFN,200,1,100,4108.0,40000.0,"[2827, 4057, 7827]",0.34143879295800933,0.538918062022708
MMF16_20,MMF16_20,3,89,0,RBFN,200,1,100,3624.0,40000.0,"[3209, 3001, 6881]",0.34143879295800933,0.5399280940975818
MMF16_20,MMF16_20,3,90,0,RBFN,200,1,100,3690.0,40000.0,"[3523, 2923, 6923]",0.34143879295800933,0.5402014361466416
MMF16_20,MMF16_20,3,91,0,RBFN,200,1,100,3684.0,40000.0,"[3157, 3125, 6979]",0.34143879295800933,0.540383747079691
MMF16_20,MMF16_20,3,92,0,RBFN,200,1,100,3904.0,40000.0,"[3787, 3341, 7191]",0.3414606713990334,0.5420814152875689
MMF16_20,MMF16_20,3,93,0,RBFN,200,0,100,4506.0,40000.0,"[3269, 3879, 8577]",0.34148786148943466,0.5422282804268215
MMF16_20,MMF16_20,3,94,0,RBFN,200,0,99,3858.0,40000.0,"[3262, 3258, 7642]",0.34148786148943466,0.543431293642725
MMF16_20,MMF16_20,3,95,0,RBFN,200,0,100,3734.0,40000.0,"[3354, 3220, 6984]",0.34148786148943466,0.5450844294651765
MMF16_20,MMF16_20,3,96,0,RBFN,200,0,100,4110.0,40000.0,"[3232, 3602, 7898]",0.34151504409006966,0.5464737793291072
MMF16_20,MMF16_20,3,97,0,RBFN,200,0,100,3300.0,40000.0,"[2848, 2960, 6482]",0.3415272489011972,0.5462349656892684
MMF16_20,MMF16_20,3,98,0,RBFN,200,0,100,3684.0,40000.0,"[2966, 3630, 7024]",0.34155193403718104,0.5469332078764005
MMF16_20,MMF16_20,3,99,0,RBFN,200,0,100,4288.0,40000.0,"[3422, 2902, 8612]",0.34155193403718104,0.5469481792452535
MMF4,MMF4,2,1,0,RBFN,161,41,10,24483.0,25921.0,"[24055, 15279]",0.5618531978708288,0.22506407088584657
MMF4,MMF4,2,2,0,RBFN,200,21,15,36738.0,40000.0,"[35987, 18235]",0.5842976694691108,0.24118006431467343
MMF4,MMF4,2,3,0,RBFN,200,5,17,37456.0,40000.0,"[36716, 16524]",0.5343599723086695,0.2954309860454739
MMF4,MMF4,2,4,0,RBFN,200,3,30,37096.0,40000.0,"[36508, 15898]",0.48355110340741975,0.38640590330757485
MMF4,MMF4,2,5,0,RBFN,200,1,47,37172.0,40000.0,"[36748, 12164]",0.4513008022914434,0.39446669054579914
MMF4,MMF4,2,6,0,RBFN,200,0,64,36448.0,40000.0,"[36117, 8659]",0.5312205238339432,0.4193155864371579
MMF4,MMF4,2,7,0,RBFN,200,0,73,35522.0,40000.0,"[35062, 8088]",0.5134513160547075,0.42980974664970206
MMF4,MMF4,2,8,0,RBFN,200,0,75,35678.0,40000.0,"[35336, 5714]",0.5732694002718599,0.4342120560994918
MMF4,MMF4,2,9,0,RBFN,200,0,71,34886.0,40000.0,"[34580, 5222]",0.48855390204958465,0.44664712501752435
MMF4,MMF4,2,10,0,RBFN,200,0,81,34832.0,40000.0,"[34442, 6864]",0.4424949395852884,0.4524466977224067
MMF4,MMF4,2,11,0,RBFN,200,0,82,35226.0,40000.0,"[34894, 4306]",0.4956897275587483,0.44751392279679697
MMF4,MMF4,2,12,0,RBFN,200,0,85,34764.0,40000.0,"[34524, 3868]",0.5417526844481622,0.4533964802778573
MMF4,MMF4,2,13,0,RBFN,200,0,87,35326.0,40000.0,"[35030, 5124]",0.5316312337146003,0.4552438347458657
MMF4,MMF4,2,14,0,RBFN,200,0,87,35844.0,40000.0,"[35406, 5168]",0.4456178890679865,0.4564276491102108
MMF4,MMF4,2,15,0,RBFN,200,0,86,35836.0,40000.0,"[35482, 4668]",0.4763749932741162,0.45687957523756084
MMF4,MMF4,2,16,0,RBFN,200,0,87,36204.0,40000.0,"[35910, 5512]",0.43890066176947173,0.45772390426802195
MMF4,MMF4,2,17,0,RBFN,200,0,87,36096.0,40000.0,"[35714, 5348]",0.45488951219659185,0.45782493164451565
MMF4,MMF4,2,18,0,RBFN,200,0,92,35870.0,40000.0,"[35584, 4624]",0.3429648184542799,0.457834519802779
MMF4,MMF4,2,19,0,RBFN,200,0,92,35618.0,40000.0,"[35214, 4666]",0.48890880737680326,0.4565274251846757
MMF4,MMF4,2,20,0,RBFN,200,0,94,35710.0,40000.0,"[35354, 3986]",0.576522008773008,0.4541958491671187
MMF4,MMF4,2,21,0,RBFN,200,0,93,35568.0,40000.0,"[35330, 4676]",0.5621195504910202,0.4588655200032214
MMF4,MMF4,2,22,0,RBFN,200,0,94,35812.0,40000.0,"[35504, 5080]",0.5530124723652847,0.4606787092804289
MMF4,MMF4,2,23,0,RBFN,200,0,97,35278.0,40000.0,"[35010, 4566]",0.5036221990998804,0.46112746059695014
MMF4,MMF4,2,24,0,RBFN,200,0,98,35766.0,40000.0,"[35464, 4718]",0.5427781270785998,0.4638498469932819
MMF4,MMF4,2,25,0,RBFN,200,0,100,35432.0,40000.0,"[35134, 4940]",0.5217007374837618,0.4598048062626772
MMF4,MMF4,2,26,0,RBFN,200,0,100,36270.0,40000.0,"[35910, 4816]",0.40028324851183705,0.4602203980946938
MMF4,MMF4,2,27,0,RBFN,200,0,99,35464.0,40000.0,"[35168, 4534]",0.5024499265778324,0.4585849637031733
MMF4,MMF4,2,28,0,RBFN,200,0,98,36024.0,40000.0,"[35732, 4310]",0.5508322154363814,0.45778057334488337
MMF4,MMF4,2,29,0,RBFN,200,0,100,36264.0,40000.0,"[36048, 3386]",0.3760419693729473,0.4552043455660984
MMF4,MMF4,2,30,0,RBFN,200,0,96,36058.0,40000.0,"[35610, 5268]",0.443056168696697,0.4453359702824561
MMF4,MMF4,2,31,0,RBFN,200,0,95,35992.0,40000.0,"[35662, 4700]",0.5062031586461013,0.45206317657719813
MMF4,MMF4,2,32,0,RBFN,200,0,97,35788.0,40000.0,"[35524, 3608]",0.4489853762789728,0.45629945472788364
MMF4,MMF4,2,33,0,RBFN,200,0,97,35466.0,40000.0,"[35228, 4646]",0.4966717589633522,0.45370504057334715
MMF4,MMF4,2,34,0,RBFN,200,0,98,35842.0,40000.0,"[35636, 3476]",0.532033096990309,0.45629395604338846
MMF4,MMF4,2,35,0,RBFN,200,0,97,35968.0,40000.0,"[35706, 4800]",0.5127217437956934,0.45582759096831255
MMF4,MMF4,2,36,0,RBFN,200,0,98,35820.0,40000.0,"[35508, 4312]",0.4374149912719461,0.4594257515642343
MMF4,MMF4,2,37,0,RBFN,200,0,99,35908.0,40000.0,"[35592, 4716]",0.45555644839596804,0.46236094104721714
MMF4,MMF4,2,38,0,RBFN,200,0,100,35652.0,40000.0,"[35396, 4802]",0.5015246667639561,0.4605629516977302
MMF4,MMF4,2,39,0,RBFN,200,0,100,35986.0,40000.0,"[35782, 3682]",0.4471389427525175,0.4606337288302138
MMF4,MMF4,2,40,0,RBFN,200,0,100,35638.0,40000.0,"[35262, 6228]",0.46168809241546704,0.46069643444730046
MMF4,MMF4,2,41,0,RBFN,200,0,100,36062.0,40000.0,"[35730, 4246]",0.5218244952011182,0.4594968714550492
MMF4,MMF4,2,42,0,RBFN,200,0,100,35542.0,40000.0,"[35242, 5832]",0.5349064839136899,0.45757072185837055
MMF4,MMF4,2,43,0,RBFN,200,0,100,35970.0,40000.0,"[35760, 5300]",0.5395564828861263,0.45787137600506933
MMF4,MMF4,2,44,0,RBFN,200,0,100,36230.0,40000.0,"[35782, 5388]",0.37477327291345014,0.4548081293954943
MMF4,MMF4,2,45,0,RBFN,200,0,100,35800.0,40000.0,"[35464, 5262]",0.4422687207684258,0.460648052547961
MMF4,MMF4,2,46,0,RBFN,200,0,100,35830.0,40000.0,"[35524, 4726]",0.5174641053180886,0.4584864831234349
MMF4,MMF4,2,47,0,RBFN,200,0,100,36120.0,40000.0,"[35806, 4634]",0.4594061531600565,0.4585780704819008
MMF4,MMF4,2,48,0,RBFN,200,0,100,36244.0,40000.0,"[35902, 5484]",0.30230963567798685,0.4599091714497374
MMF4,MMF4,2,49,0,RBFN,200,0,100,35884.0,40000.0,"[35592, 4402]",0.4584280384204393,0.4608601260973117
MMF4,MMF4,2,50,0,RBFN,200,0,100,36006.0,40000.0,"[35780, 4336]",0.37464161558375364,0.4593178991899003
MMF4,MMF4,2,51,0,RBFN,200,0,97,35976.0,40000.0,"[35688, 4310]",0.5714507596251976,0.44379934620704115
MMF4,MMF4,2,52,0,RBFN,200,0,99,35596.0,40000.0,"[35308, 3516]",0.46148539383433784,0.454476940701322
MMF4,MMF4,2,53,0,RBFN,200,0,99,35784.0,40000.0,"[35540, 3798]",0.5012538505843915,0.44425049453151805
MMF4,MMF4,2,54,0,RBFN,200,0,97,35812.0,40000.0,"[35490, 3980]",0.47804260382298075,0.45156396818693023
MMF4,MMF4,2,55,0,RBFN,200,0,98,36334.0,40000.0,"[35988, 4508]",0.476324539598651,0.45548430911671545
MMF4,MMF4,2,56,0,RBFN,200,0,98,36156.0,40000.0,"[35906, 3618]",0.3668871742767383,0.4557935452427314
MMF4,MMF4,2,57,0,RBFN,200,0,98,35920.0,40000.0,"[35644, 4450]",0.45654859014707283,0.4486960073523504
MMF4,MMF4,2,58,0,RBFN,200,0,97,36316.0,40000.0,"[36018, 4322]",0.4415203203481895,0.45377724328490204
MMF4,MMF4,2,59,0,RBFN,200,0,99,35914.0,40000.0,"[35638, 4208]",0.533309796611767,0.4568519645316645
MMF4,MMF4,2,60,0,RBFN,200,0,99,35846.0,40000.0,"[35554, 3692]",0.44823024168503695,0.45440875870029673
MMF4,MMF4,2,61,0,RBFN,200,0,100,35650.0,40000.0,"[35226, 4374]",0.43878454297891195,0.4580980522177326
MMF4,MMF4,2,62,0,RBFN,200,0,100,36044.0,40000.0,"[35746, 4638]",0.543303598311691,0.4565569978913387
MMF4,MMF4,2,63,0,RBFN,200,0,100,35730.0,40000.0,"[35292, 4836]",0.526852613625292,0.455790660796239
MMF4,MMF4,2,64,0,RBFN,200,0,100,36120.0,40000.0,"[35838, 4138]",0.4095271085148549,0.4597340610721027
MMF4,MMF4,2,65,0,RBFN,200,0,99,35846.0,40000.0,"[35594, 4760]",0.47628108840093214,0.4587749220501526
MMF4,MMF4,2,66,0,RBFN,200,0,99,35932.0,40000.0,"[35566, 4944]",0.4938386615344063,0.45783401916340216
MMF4,MMF4,2,67,0,RBFN,200,0,99,36016.0,40000.0,"[35748, 3648]",0.5396405324623157,0.45993412606416284
MMF4,MMF4,2,68,0,RBFN,200,0,99,35402.0,40000.0,"[35110, 5206]",0.5346066041393038,0.4599936665598849
MMF4,MMF4,2,69,0,RBFN,200,0,100,36088.0,40000.0,"[35836, 4380]",0.4134204663881561,0.46024455843323514
MMF4,MMF4,2,70,0,RBFN,200,0,99,36028.0,40000.0,"[35748, 4164]",0.3625049422575654,0.45872789492615296
MMF4,MMF4,2,71,0,RBFN,200,0,98,35902.0,40000.0,"[35618, 4426]",0.33629286984286705,0.45662570468657426
MMF4,MMF4,2,72,0,RBFN,200,0,98,36126.0,40000.0,"[35826, 4746]",0.4547362618470585,0.44243669245746275
MMF4,MMF4,2,73,0,RBFN,200,0,99,36180.0,40000.0,"[35812, 4358]",0.461485393834338,0.45822894203836795
MMF4,MMF4,2,74,0,RBFN,200,0,99,35990.0,40000.0,"[35716, 3746]",0.3978717426244131,0.4566161447551269
MMF4,MMF4,2,75,0,RBFN,200,0,99,35824.0,40000.0,"[35568, 4036]",0.45878348562941,0.4550314913074052
MMF4,MMF4,2,76,0,RBFN,200,0,98,35796.0,40000.0,"[35472, 4676]",0.5222960314556198,0.4541213804922142
MMF4,MMF4,2,77,0,RBFN,200,0,97,35452.0,40000.0,"[35138, 4714]",0.4420070784064849,0.45648352751739213
MMF4,MMF4,2,78,0,RBFN,200,0,98,35870.0,40000.0,"[35624, 4340]",0.49777003804706615,0.46063080806760337
MMF4,MMF4,2,79,0,RBFN,200,0,99,35846.0,40000.0,"[35572, 5344]",0.42683471502418113,0.463665592001062
MMF4,MMF4,2,80,0,RBFN,200,0,99,35556.0,40000.0,"[35180, 5542]",0.4665253934457328,0.4579991928528453
MMF4,MMF4,2,81,0,RBFN,200,0,99,35932.0,40000.0,"[35668, 4332]",0.5014411357482489,0.4579145460018278
MMF4,MMF4,2,82,0,RBFN,200,0,100,35596.0,40000.0,"[35318, 5196]",0.42369729164325187,0.45969883843401055
MMF4,MMF4,2,83,0,RBFN,200,0,100,35758.0,40000.0,"[35468, 4456]",0.5624535137902936,0.45734556624462014
MMF4,MMF4,2,84,0,RBFN,200,0,100,36124.0,40000.0,"[35810, 5970]",0.45918825495796106,0.45777037523349096
MMF4,MMF4,2,85,0,RBFN,200,0,100,35752.0,40000.0,"[35490, 4400]",0.43543847300064853,0.46237727998346984
MMF4,MMF4,2,86,0,RBFN,200,0,100,35764.0,40000.0,"[35466, 4550]",0.5049229817565685,0.46294379860387685
MMF4,MMF4,2,87,0,RBFN,200,0,99,35774.0,40000.0,"[35502, 4348]",0.4626926580267342,0.4597257734862932
MMF4,MMF4,2,88,0,RBFN,200,0,100,36300.0,40000.0,"[36068, 4994]",0.47736562014316525,0.4580117669175251
MMF4,MMF4,2,89,0,RBFN,200,0,100,36052.0,40000.0,"[35752, 4154]",0.38665265877260513,0.4584069126665468
MMF4,MMF4,2,90,0,RBFN,200,0,100,36140.0,40000.0,"[35724, 5292]",0.6045774010655824,0.45635378325422515
MMF4,MMF4,2,91,0,RBFN,200,0,100,35892.0,40000.0,"[35614, 3754]",0.49448251014153244,0.4561729510019575
MMF4,MMF4,2,92,0,RBFN,200,0,100,35906.0,40000.0,"[35614, 4946]",0.4184500487850361,0.46132571698112046
MMF4,MMF4,2,93,0,RBFN,200,0,100,36148.0,40000.0,"[35718, 5698]",0.35001139628089895,0.457941564320843
MMF4,MMF4,2,94,0,RBFN,200,0,98,35814.0,40000.0,"[35508, 4898]",0.45117201772458654,0.45688498586878235
MMF4,MMF4,2,95,0,RBFN,200,0,99,35764.0,40000.0,"[35356, 5834]",0.4590965516930551,0.4559435380346288
MMF4,MMF4,2,96,0,RBFN,200,0,98,35624.0,40000.0,"[35274, 4654]",0.536783455822484,0.4572631574370194
MMF4,MMF4,2,97,0,RBFN,200,0,98,36084.0,40000.0,"[35772, 4252]",0.4603891697082263,0.45756914326545894
MMF4,MMF4,2,98,0,RBFN,200,0,99,35698.0,40000.0,"[35426, 5032]",0.5151694853812249,0.4577666720045721
MMF4,MMF4,2,99,0,RBFN,200,0,100,36192.0,40000.0,"[35914, 4824]",0.4438074177887349,0.45915712397131686
WFG1,WFG1,2,1,0,RBFN,781,100,35,502699.0,609961.0,"[502549, 467347]",0.02548270451463918,0.05086394366248567
WFG1,WFG1,2,2,0,RBFN,200,99,35,14740.0,40000.0,"[14450, 12488]",0.02544332159760737,0.050557701520058076
WFG1,WFG1,2,3,0,RBFN,200,98,35,16048.0,40000.0,"[15749, 13303]",0.02541965255539153,0.05032991867093485
WFG1,WFG1,2,4,0,RBFN,200,98,35,14512.0,40000.0,"[14188, 12094]",0.025451143436646475,0.05032991867093486
WFG1,WFG1,2,5,0,RBFN,200,97,35,15388.0,40000.0,"[15109, 12655]",0.025481941617642553,0.0500197093327699
WFG1,WFG1,2,6,0,RBFN,200,97,35,15198.0,40000.0,"[14717, 12681]",0.02546479503425795,0.050057451056801046
WFG1,WFG1,2,7,0,RBFN,200,96,35,15520.0,40000.0,"[15230, 12406]",0.025452636273488514,0.0500477519821847
WFG1,WFG1,2,8,0,RBFN,200,96,35,14560.0,40000.0,"[14240, 11850]",0.025432252600503816,0.0500477519821847
WFG1,WFG1,2,9,0,RBFN,200,96,35,14482.0,40000.0,"[14148, 11948]",0.025457293455048585,0.04983506853576749
WFG1,WFG1,2,10,0,RBFN,200,95,35,14984.0,40000.0,"[14694, 12022]",0.025485447771762943,0.04991245005093038
WFG1,WFG1,2,11,0,RBFN,200,94,35,15500.0,40000.0,"[15109, 12421]",0.025431102035306973,0.0495810261587288
WFG1,WFG1,2,12,0,RBFN,200,93,35,15034.0,40000.0,"[14738, 11844]",0.025398980758684155,0.0494846102678794
WFG1,WFG1,2,13,0,RBFN,200,92,35,15198.0,40000.0,"[14861, 11733]",0.02551236286662748,0.048643918395903075
WFG1,WFG1,2,14,0,RBFN,200,92,36,15290.0,40000.0,"[15001, 12007]",0.025375215446926027,0.04867361329726405
WFG1,WFG1,2,15,0,RBFN,200,91,37,14324.0,40000.0,"[14002, 11376]",0.025486318309800093,0.04876258542834608
WFG1,WFG1,2,16,0,RBFN,200,90,38,15612.0,40000.0,"[15243, 12395]",0.025479141410728143,0.04855877780499617
WFG1,WFG1,2,17,0,RBFN,200,90,39,14896.0,40000.0,"[14654, 11372]",0.025445981800653328,0.04876027850839261
WFG1,WFG1,2,18,0,RBFN,200,90,39,15036.0,40000.0,"[14746, 11390]",0.025451523102815093,0.04876027850839261
WFG1,WFG1,2,19,0,RBFN,200,90,39,14090.0,40000.0,"[13810, 11346]",0.025438625390218326,0.04876027850839261
WFG1,WFG1,2,20,0,RBFN,200,90,39,14536.0,40000.0,"[14198, 11146]",0.025452060581653863,0.04876027850839261
WFG1,WFG1,2,21,0,RBFN,200,89,39,14628.0,40000.0,"[14348, 11256]",0.025475745162342387,0.048707614396201596
WFG1,WFG1,2,22,0,RBFN,200,89,41,14902.0,40000.0,"[14503, 11635]",0.025483949395461582,0.048597068700353824
WFG1,WFG1,2,23,0,RBFN,200,89,41,14496.0,40000.0,"[14153, 11355]",0.025429016658586993,0.048555684022001666
WFG1,WFG1,2,24,0,RBFN,200,88,43,14370.0,40000.0,"[14077, 11349]",0.025448537551811756,0.0486455079434611
WFG1,WFG1,2,25,0,RBFN,200,88,43,14742.0,40000.0,"[14370, 11180]",0.025424376834579224,0.04864550794346111
WFG1,WFG1,2,26,0,RBFN,200,88,43,14564.0,40000.0,"[14212, 11246]",0.025357849238014086,0.04864550794346111
WFG1,WFG1,2,27,0,RBFN,200,88,43,13952.0,40000.0,"[13648, 10858]",0.025397392705565625,0.04864550794346111
WFG1,WFG1,2,28,0,RBFN,200,88,43,14768.0,40000.0,"[14500, 11128]",0.025414862971021114,0.04848002290888762
WFG1,WFG1,2,29,0,RBFN,200,88,43,14534.0,40000.0,"[14194, 11144]",0.025410252907014385,0.04848002290888763
WFG1,WFG1,2,30,0,RBFN,200,88,43,15122.0,40000.0,"[14581, 11681]",0.025401498167341028,0.04876073931098085
WFG1,WFG1,2,31,0,RBFN,200,88,43,14134.0,40000.0,"[13838, 10856]",0.02543230703348731,0.04876073931098085
WFG1,WFG1,2,32,0,RBFN,200,88,43,15262.0,40000.0,"[14979, 11709]",0.025425138983811747,0.04855145497236072
WFG1,WFG1,2,33,0,RBFN,200,87,44,14036.0,40000.0,"[13664, 10884]",0.025431692532392396,0.04851616201753346
WFG1,WFG1,2,34,0,RBFN,200,87,42,14654.0,40000.0,"[14359, 10919]",0.025355468320614364,0.048332034000884344
WFG1,WFG1,2,35,0,RBFN,200,87,41,14632.0,40000.0,"[14347, 11033]",0.02543925001808221,0.048251658646365755
WFG1,WFG1,2,36,0,RBFN,200,87,41,14122.0,40000.0,"[13753, 10851]",0.025489300739100662,0.0480997816935206
WFG1,WFG1,2,37,0,RBFN,200,86,43,15106.0,40000.0,"[14771, 11101]",0.0254627136850965,0.047899059424438006
WFG1,WFG1,2,38,0,RBFN,200,86,43,14948.0,40000.0,"[14597, 11061]",0.02539685348889147,0.047899059424438006
WFG1,WFG1,2,39,0,RBFN,200,86,43,14610.0,40000.0,"[14320, 10944]",0.025482677439083418,0.04793349061383359
WFG1,WFG1,2,40,0,RBFN,200,86,44,15138.0,40000.0,"[14811, 11573]",0.025457180583425974,0.04816245380722418
WFG1,WFG1,2,41,0,RBFN,200,86,43,14586.0,40000.0,"[14288, 10856]",0.025424702778228527,0.048194458141660734
WFG1,WFG1,2,42,0,RBFN,200,86,43,14348.0,40000.0,"[14026, 10644]",0.025347097673573727,0.048194458141660734
WFG1,WFG1,2,43,0,RBFN,200,85,43,15138.0,40000.0,"[14818, 10946]",0.02538030631318946,0.04781072484656395
WFG1,WFG1,2,44,0,RBFN,200,85,45,15296.0,40000.0,"[14965, 11027]",0.02540765550948738,0.04807743238420589
WFG1,WFG1,2,45,0,RBFN,200,84,47,15244.0,40000.0,"[14941, 10937]",0.025448327496170497,0.047638479378858234
WFG1,WFG1,2,46,0,RBFN,200,84,48,15360.0,40000.0,"[15054, 10848]",0.025401123371075328,0.047388092305037474
WFG1,WFG1,2,47,0,RBFN,200,84,48,14292.0,40000.0,"[14034, 10552]",0.025399613080714558,0.047676669687892616
WFG1,WFG1,2,48,0,RBFN,200,84,48,14846.0,40000.0,"[14538, 10690]",0.025495704654282532,0.047817168882747174
WFG1,WFG1,2,49,0,RBFN,200,84,48,15140.0,40000.0,"[14842, 10796]",0.025423384427940083,0.04781802992684857
WFG1,WFG1,2,50,0,RBFN,200,84,47,15816.0,40000.0,"[15510, 10880]",0.025502287942869517,0.047576743211057204
WFG1,WFG1,2,51,0,RBFN,200,84,47,15024.0,40000.0,"[14768, 10796]",0.025488252235903567,0.04744274647836517
WFG1,WFG1,2,52,0,RBFN,200,84,46,14934.0,40000.0,"[14634, 10672]",0.025441304319171885,0.04716708901914296
WFG1,WFG1,2,53,0,RBFN,200,84,44,14934.0,40000.0,"[14620, 10750]",0.025379135554421863,0.04737644205099928
WFG1,WFG1,2,54,0,RBFN,200,84,44,15512.0,40000.0,"[15136, 11024]",0.02546760254006109,0.04737644205099928
WFG1,WFG1,2,55,0,RBFN,200,84,44,15104.0,40000.0,"[14774, 10682]",0.025432545727310185,0.04737644205099928
WFG1,WFG1,2,56,0,RBFN,200,84,44,15832.0,40000.0,"[15542, 10956]",0.025401286925764516,0.04729805750975765
WFG1,WFG1,2,57,0,RBFN,200,84,44,14750.0,40000.0,"[14442, 10574]",0.02546299163614145,0.04767761543444124
WFG1,WFG1,2,58,0,RBFN,200,84,44,15912.0,40000.0,"[15589, 11309]",0.02549327007119024,0.047464789216311816
WFG1,WFG1,2,59,0,RBFN,200,84,48,16904.0,40000.0,"[16603, 11821]",0.025417044361824112,0.04808733546764584
WFG1,WFG1,2,60,0,RBFN,200,84,48,15424.0,40000.0,"[15162, 10850]",0.02545884528400556,0.04808733546764584
WFG1,WFG1,2,61,0,RBFN,200,83,48,14910.0,40000.0,"[14618, 10724]",0.02542211419059145,0.04836122940363053
WFG1,WFG1,2,62,0,RBFN,200,83,49,14768.0,40000.0,"[14475, 10599]",0.02540818158682701,0.04851569147736603
WFG1,WFG1,2,63,0,RBFN,200,83,49,14674.0,40000.0,"[14373, 10595]",0.025483742675315533,0.04859504622334202
WFG1,WFG1,2,64,0,RBFN,200,83,50,14964.0,40000.0,"[14643, 10711]",0.025402085617536905,0.049028590127698495
WFG1,WFG1,2,65,0,RBFN,200,82,52,14616.0,40000.0,"[14291, 10823]",0.025414694359734542,0.0489531933890979
WFG1,WFG1,2,66,0,RBFN,200,82,52,13996.0,40000.0,"[13722, 10382]",0.025381141903477553,0.04895319338909788
WFG1,WFG1,2,67,0,RBFN,200,82,50,15672.0,40000.0,"[15206, 11674]",0.02553497155061506,0.048809388538825195
WFG1,WFG1,2,68,0,RBFN,200,82,51,14228.0,40000.0,"[13888, 10400]",0.02544444324860562,0.04922817490400126
WFG1,WFG1,2,69,0,RBFN,200,82,51,13976.0,40000.0,"[13694, 10602]",0.025401174224762256,0.04922817490400126
WFG1,WFG1,2,70,0,RBFN,200,81,51,15166.0,40000.0,"[14824, 11008]",0.02541615825386027,0.04927873882007158
WFG1,WFG1,2,71,0,RBFN,200,80,52,14812.0,40000.0,"[14505, 10701]",0.025396787233259503,0.04881965897969987
WFG1,WFG1,2,72,0,RBFN,200,80,52,14450.0,40000.0,"[14124, 10324]",0.025424979613131324,0.0483426733791224
WFG1,WFG1,2,73,0,RBFN,200,80,52,14270.0,40000.0,"[13926, 10274]",0.025450297347518018,0.0483426733791224
WFG1,WFG1,2,74,0,RBFN,200,80,52,15212.0,40000.0,"[14860, 11128]",0.02543754245447703,0.04838611009008481
WFG1,WFG1,2,75,0,RBFN,200,80,52,15674.0,40000.0,"[15256, 11510]",0.02542171783640894,0.0483439562486817
WFG1,WFG1,2,76,0,RBFN,200,80,54,14336.0,40000.0,"[14028, 10362]",0.025394386017611754,0.04827733448978143
WFG1,WFG1,2,77,0,RBFN,200,80,54,15004.0,40000.0,"[14747, 11247]",0.025460006255587562,0.048277334489781436
WFG1,WFG1,2,78,0,RBFN,200,80,54,14342.0,40000.0,"[14030, 10476]",0.025502245677936436,0.04833240006103555
WFG1,WFG1,2,79,0,RBFN,200,80,53,15072.0,40000.0,"[14757, 10997]",0.025398165804686148,0.048345350511107686
WFG1,WFG1,2,80,0,RBFN,200,80,52,13972.0,40000.0,"[13689, 10347]",0.025390982195456203,0.048350779471125115
WFG1,WFG1,2,81,0,RBFN,200,80,52,14954.0,40000.0,"[14610, 10776]",0.02548086302475689,0.04826081189639766
WFG1,WFG1,2,82,0,RBFN,200,80,51,14452.0,40000.0,"[14085, 10415]",0.025460701053060034,0.04841628634051313
WFG1,WFG1,2,83,0,RBFN,200,79,53,15450.0,40000.0,"[15119, 11213]",0.025476359625273018,0.04873904192871348
WFG1,WFG1,2,84,0,RBFN,200,79,53,14488.0,40000.0,"[14205, 10587]",0.025515870614938055,0.04873904192871348
WFG1,WFG1,2,85,0,RBFN,200,79,53,14132.0,40000.0,"[13775, 10195]",0.025462214685421113,0.04873904192871348
WFG1,WFG1,2,86,0,RBFN,200,79,51,14328.0,40000.0,"[14025, 10397]",0.025440438546181412,0.04861945590459725
WFG1,WFG1,2,87,0,RBFN,200,79,51,14612.0,40000.0,"[14213, 10825]",0.02546136221568875,0.04861945590459725
WFG1,WFG1,2,88,0,RBFN,200,79,51,14572.0,40000.0,"[14237, 10435]",0.02554992166455129,0.04861945590459725
WFG1,WFG1,2,89,0,RBFN,200,79,52,14366.0,40000.0,"[14089, 10373]",0.02538769800675865,0.04846347805293381
WFG1,WFG1,2,90,0,RBFN,200,79,52,14230.0,40000.0,"[13939, 10237]",0.025457727673193806,0.04846347805293381
WFG1,WFG1,2,91,0,RBFN,200,79,52,14394.0,40000.0,"[14075, 10125]",0.02544618382249913,0.04846347805293381
WFG1,WFG1,2,92,0,RBFN,200,79,52,14298.0,40000.0,"[13918, 10368]",0.025425345499635054,0.04846220340341048
WFG1,WFG1,2,93,0,RBFN,200,79,53,14762.0,40000.0,"[14425, 10377]",0.02542019337657044,0.04840626536953735
WFG1,WFG1,2,94,0,RBFN,200,79,53,13948.0,40000.0,"[13615, 10109]",0.02547330713060099,0.04840626536953734
WFG1,WFG1,2,95,0,RBFN,200,79,53,14612.0,40000.0,"[14347, 10423]",0.025392803850151628,0.048841208959345746
WFG1,WFG1,2,96,0,RBFN,200,79,54,13950.0,40000.0,"[13649, 10085]",0.025381169860529792,0.048639981753425064
WFG1,WFG1,2,97,0,RBFN,200,79,54,13856.0,40000.0,"[13559, 10159]",0.025424349212075998,0.048654997186627635
WFG1,WFG1,2,98,0,RBFN,200,79,54,14966.0,40000.0,"[14668, 10572]",0.025437820074980105,0.048669065909970666
WFG1,WFG1,2,99,0,RBFN,200,79,54,14444.0,40000.0,"[14102, 10438]",0.02547144589883261,0.04865970711204639
WFG2,WFG2,2,1,0,RBFN,781,100,11,554289.0,609961.0,"[554189, 465831]",0.7433982257403857,0.6538460840974966
WFG2,WFG2,2,2,0,RBFN,200,100,11,28116.0,40000.0,"[28017, 11395]",0.742572891842291,0.6538460840974966
WFG2,WFG2,2,3,0,RBFN,200,100,11,28016.0,40000.0,"[27916, 11398]",0.7426054886296677,0.6538460840974966
WFG2,WFG2,2,4,0,RBFN,200,100,11,27158.0,40000.0,"[27058, 11440]",0.7433173781353287,0.6538460840974966
WFG2,WFG2,2,5,0,RBFN,200,100,11,27728.0,40000.0,"[27628, 11058]",0.7432153902950085,0.6538460840974966
WFG2,WFG2,2,6,0,RBFN,200,100,11,28578.0,40000.0,"[28473, 11451]",0.7420483220349039,0.6538460840974966
WFG2,WFG2,2,7,0,RBFN,200,100,11,28768.0,40000.0,"[28668, 11568]",0.7437394961195958,0.6538460840974966
WFG2,WFG2,2,8,0,RBFN,200,100,11,28266.0,40000.0,"[28166, 11132]",0.7410969233817238,0.6538460840974966
WFG2,WFG2,2,9,0,RBFN,200,100,11,28034.0,40000.0,"[27934, 11356]",0.7433806924139432,0.6538460840974966
WFG2,WFG2,2,10,0,RBFN,200,100,11,28300.0,40000.0,"[28203, 12001]",0.741807339153832,0.6538460840974966
WFG2,WFG2,2,11,0,RBFN,200,100,11,28912.0,40000.0,"[28813, 12023]",0.7432022422659668,0.6538460840974966
WFG2,WFG2,2,12,0,RBFN,200,100,11,27984.0,40000.0,"[27883, 11573]",0.7438669504899296,0.6538460840974966
WFG2,WFG2,2,13,0,RBFN,200,100,11,27284.0,40000.0,"[27184, 10984]",0.7425530797994824,0.6538460840974966
WFG2,WFG2,2,14,0,RBFN,200,99,11,28472.0,40000.0,"[28372, 11488]",0.7445115114234251,0.6549780675453241
WFG2,WFG2,2,15,0,RBFN,200,99,11,27750.0,40000.0,"[27649, 10989]",0.7424725486907693,0.6549780675453241
WFG2,WFG2,2,16,0,RBFN,200,99,11,27674.0,40000.0,"[27575, 11297]",0.7424215344963475,0.6549780675453241
WFG2,WFG2,2,17,0,RBFN,200,99,11,28330.0,40000.0,"[28229, 11223]",0.7410058581656733,0.6549780675453241
WFG2,WFG2,2,18,0,RBFN,200,99,11,27850.0,40000.0,"[27749, 11219]",0.7425652552544466,0.6549780675453241
WFG2,WFG2,2,19,0,RBFN,200,99,11,28408.0,40000.0,"[28303, 11833]",0.7424992249368758,0.6549780675453241
WFG2,WFG2,2,20,0,RBFN,200,99,11,28150.0,40000.0,"[28051, 11613]",0.7417004988907803,0.6549780675453241
WFG2,WFG2,2,21,0,RBFN,200,99,11,28616.0,40000.0,"[28515, 11347]",0.7417737902442053,0.6549780675453241
WFG2,WFG2,2,22,0,RBFN,200,99,11,27672.0,40000.0,"[27562, 11620]",0.7412106479940561,0.6549780675453241
WFG2,WFG2,2,23,0,RBFN,200,99,11,28820.0,40000.0,"[28721, 11731]",0.7412102329929234,0.6549780675453241
WFG2,WFG2,2,24,0,RBFN,200,99,11,28322.0,40000.0,"[28224, 11924]",0.7428108161408083,0.6549780675453241
WFG2,WFG2,2,25,0,RBFN,200,99,11,27094.0,40000.0,"[26993, 11167]",0.7421280036511088,0.6549780675453241
WFG2,WFG2,2,26,0,RBFN,200,99,11,27868.0,40000.0,"[27768, 11374]",0.7414479391555059,0.6549780675453241
WFG2,WFG2,2,27,0,RBFN,200,99,11,27502.0,40000.0,"[27398, 11886]",0.742720011960239,0.6549780675453241
WFG2,WFG2,2,28,0,RBFN,200,99,11,27118.0,40000.0,"[27017, 11007]",0.742478553906412,0.6549780675453241
WFG2,WFG2,2,29,0,RBFN,200,99,11,28718.0,40000.0,"[28617, 11095]",0.7415473101121747,0.6549780675453241
WFG2,WFG2,2,30,0,RBFN,200,99,11,27772.0,40000.0,"[27671, 11233]",0.7414927185373344,0.6549780675453241
WFG2,WFG2,2,31,0,RBFN,200,99,11,27794.0,40000.0,"[27693, 11391]",0.7400813886541647,0.6549780675453241
WFG2,WFG2,2,32,0,RBFN,200,99,11,28162.0,40000.0,"[28061, 11177]",0.7425596733981925,0.6549780675453241
WFG2,WFG2,2,33,0,RBFN,200,99,11,27308.0,40000.0,"[27207, 11109]",0.7428847497212561,0.6549780675453241
WFG2,WFG2,2,34,0,RBFN,200,99,11,28024.0,40000.0,"[27925, 11851]",0.7431253775993346,0.6549780675453241
WFG2,WFG2,2,35,0,RBFN,200,99,11,28478.0,40000.0,"[28378, 11504]",0.7435552166468735,0.6549780675453241
WFG2,WFG2,2,36,0,RBFN,200,99,11,27998.0,40000.0,"[27897, 11471]",0.7408465753020151,0.6549780675453241
WFG2,WFG2,2,37,0,RBFN,200,99,11,27222.0,40000.0,"[27121, 11345]",0.7421711701764291,0.650931219851101
WFG2,WFG2,2,38,0,RBFN,200,98,11,27422.0,40000.0,"[27321, 11131]",0.7410888569165749,0.6466478309744487
WFG2,WFG2,2,39,0,RBFN,200,98,11,27294.0,40000.0,"[27192, 10824]",0.742034428562484,0.6466478309744486
WFG2,WFG2,2,40,0,RBFN,200,98,11,27562.0,40000.0,"[27460, 10988]",0.7424647766405693,0.6466478309744486
WFG2,WFG2,2,41,0,RBFN,200,98,11,27854.0,40000.0,"[27752, 11158]",0.742419034653026,0.6466478309744486
WFG2,WFG2,2,42,0,RBFN,200,98,11,27172.0,40000.0,"[27070, 10778]",0.7414262064031039,0.6466478309744486
WFG2,WFG2,2,43,0,RBFN,200,98,11,27896.0,40000.0,"[27794, 10940]",0.7412295222424978,0.6466478309744486
WFG2,WFG2,2,44,0,RBFN,200,98,11,27642.0,40000.0,"[27540, 10838]",0.7417437252740602,0.6466478309744486
WFG2,WFG2,2,45,0,RBFN,200,97,11,28084.0,40000.0,"[27980, 11660]",0.7413239375184486,0.6462317110851479
WFG2,WFG2,2,46,0,RBFN,200,97,11,27380.0,40000.0,"[27277, 10609]",0.7425299445779856,0.6462317110851479
WFG2,WFG2,2,47,0,RBFN,200,97,11,27906.0,40000.0,"[27803, 11145]",0.7413890168390385,0.6462317110851479
WFG2,WFG2,2,48,0,RBFN,200,97,11,27516.0,40000.0,"[27413, 10851]",0.7426630394589799,0.6462317110851479
WFG2,WFG2,2,49,0,RBFN,200,97,11,26702.0,40000.0,"[26599, 10711]",0.7414010048643856,0.6475694093173342
WFG2,WFG2,2,50,0,RBFN,200,97,11,27350.0,40000.0,"[27247, 10689]",0.7445465470123621,0.6475694093173341
WFG2,WFG2,2,51,0,RBFN,200,97,11,28048.0,40000.0,"[27939, 11033]",0.7414199704398542,0.6475694093173341
WFG2,WFG2,2,52,0,RBFN,200,97,11,27558.0,40000.0,"[27455, 10629]",0.7427605344575973,0.6475694093173341
WFG2,WFG2,2,53,0,RBFN,200,96,11,27348.0,40000.0,"[27246, 10680]",0.7427780904677717,0.636983314386822
WFG2,WFG2,2,54,0,RBFN,200,96,11,26980.0,40000.0,"[26876, 10630]",0.7408012894711058,0.636983314386822
WFG2,WFG2,2,55,0,RBFN,200,96,11,27790.0,40000.0,"[27686, 10732]",0.7414919189258772,0.636983314386822
WFG2,WFG2,2,56,0,RBFN,200,96,11,27406.0,40000.0,"[27302, 10362]",0.7439496932324824,0.636983314386822
WFG2,WFG2,2,57,0,RBFN,200,96,11,28320.0,40000.0,"[28216, 10438]",0.7418210419585098,0.636983314386822
WFG2,WFG2,2,58,0,RBFN,200,96,11,27730.0,40000.0,"[27626, 10926]",0.7403249674262041,0.636983314386822
WFG2,WFG2,2,59,0,RBFN,200,95,11,28174.0,40000.0,"[28072, 11090]",0.7420906108763101,0.6334327615840489
WFG2,WFG2,2,60,0,RBFN,200,95,11,26792.0,40000.0,"[26669, 10803]",0.7402664544066346,0.6334327615840489
WFG2,WFG2,2,61,0,RBFN,200,95,11,26906.0,40000.0,"[26801, 10283]",0.7412027282270884,0.6334327615840489
WFG2,WFG2,2,62,0,RBFN,200,95,11,26548.0,40000.0,"[26443, 10215]",0.7429918546249625,0.6334327615840489
WFG2,WFG2,2,63,0,RBFN,200,95,11,27190.0,40000.0,"[27085, 10191]",0.7425228041602647,0.6334327615840489
WFG2,WFG2,2,64,0,RBFN,200,95,11,27784.0,40000.0,"[27679, 10549]",0.7419132419301476,0.6334327615840489
WFG2,WFG2,2,65,0,RBFN,200,95,11,26902.0,40000.0,"[26797, 10173]",0.7459248075225868,0.6334327615840489
WFG2,WFG2,2,66,0,RBFN,200,95,11,27622.0,40000.0,"[27517, 10283]",0.7428735224472947,0.6334327615840489
WFG2,WFG2,2,67,0,RBFN,200,95,11,27232.0,40000.0,"[27124, 10406]",0.740928080282542,0.6334327615840489
WFG2,WFG2,2,68,0,RBFN,200,95,11,28068.0,40000.0,"[27963, 10525]",0.7409569052513577,0.6334327615840489
WFG2,WFG2,2,69,0,RBFN,200,95,11,27076.0,40000.0,"[26971, 10299]",0.7418255657191443,0.6334327615840489
WFG2,WFG2,2,70,0,RBFN,200,95,11,27316.0,40000.0,"[27213, 10695]",0.7428934004224708,0.6334327615840489
WFG2,WFG2,2,71,0,RBFN,200,95,11,27008.0,40000.0,"[26903, 10633]",0.7407089820540446,0.6334327615840489
WFG2,WFG2,2,72,0,RBFN,200,95,11,26878.0,40000.0,"[26773, 10329]",0.7434370814698619,0.6334327615840489
WFG2,WFG2,2,73,0,RBFN,200,95,11,27858.0,40000.0,"[27751, 10471]",0.7432046409811741,0.6334327615840489
WFG2,WFG2,2,74,0,RBFN,200,95,11,27058.0,40000.0,"[26953, 10271]",0.7417333873736259,0.6334327615840489
WFG2,WFG2,2,75,0,RBFN,200,95,11,26530.0,40000.0,"[26425, 10211]",0.7406888562041976,0.6334327615840489
WFG2,WFG2,2,76,0,RBFN,200,95,11,27588.0,40000.0,"[27483, 10267]",0.7436011002312761,0.6334327615840489
WFG2,WFG2,2,77,0,RBFN,200,95,11,28226.0,40000.0,"[28125, 10993]",0.7427509079950022,0.6334327615840489
WFG2,WFG2,2,78,0,RBFN,200,95,11,26936.0,40000.0,"[26827, 10871]",0.7418147330362264,0.6334327615840489
WFG2,WFG2,2,79,0,RBFN,200,95,11,27572.0,40000.0,"[27467, 10199]",0.7426855446073437,0.6334327615840489
WFG2,WFG2,2,80,0,RBFN,200,95,11,26920.0,40000.0,"[26815, 10779]",0.7415084920296257,0.6334327615840489
WFG2,WFG2,2,81,0,RBFN,200,95,11,27392.0,40000.0,"[27287, 10321]",0.7415907577045961,0.6334327615840489
WFG2,WFG2,2,82,0,RBFN,200,95,11,26808.0,40000.0,"[26703, 10295]",0.7426534114200743,0.6334327615840489
WFG2,WFG2,2,83,0,RBFN,200,95,11,27530.0,40000.0,"[27414, 10798]",0.7416925866569896,0.6334327615840489
WFG2,WFG2,2,84,0,RBFN,200,95,11,28128.0,40000.0,"[28021, 10401]",0.7412788719642772,0.6334327615840489
WFG2,WFG2,2,85,0,RBFN,200,95,11,27212.0,40000.0,"[27108, 10584]",0.7422018759820452,0.6334327615840489
WFG2,WFG2,2,86,0,RBFN,200,95,11,27630.0,40000.0,"[27525, 10441]",0.7425275101436851,0.6334327615840489
WFG2,WFG2,2,87,0,RBFN,200,95,11,27054.0,40000.0,"[26950, 10804]",0.7407041034431044,0.6334327615840489
WFG2,WFG2,2,88,0,RBFN,200,95,11,27496.0,40000.0,"[27391, 10253]",0.7415364639488238,0.6334327615840489
WFG2,WFG2,2,89,0,RBFN,200,95,11,28190.0,40000.0,"[28087, 10709]",0.7420995085462575,0.6334327615840489
WFG2,WFG2,2,90,0,RBFN,200,95,11,27772.0,40000.0,"[27669, 10947]",0.7417664553159222,0.6334327615840489
WFG2,WFG2,2,91,0,RBFN,200,95,11,27436.0,40000.0,"[27331, 10129]",0.7427096745642724,0.6334327615840489
WFG2,WFG2,2,92,0,RBFN,200,95,11,26386.0,40000.0,"[26281, 10285]",0.742903297411002,0.6308994194759304
WFG2,WFG2,2,93,0,RBFN,200,95,11,27564.0,40000.0,"[27459, 10453]",0.7434236710729094,0.6308994194759303
WFG2,WFG2,2,94,0,RBFN,200,95,11,27004.0,40000.0,"[26899, 10251]",0.7435773891555271,0.6308994194759303
WFG2,WFG2,2,95,0,RBFN,200,95,11,27690.0,40000.0,"[27585, 10201]",0.7422535746587461,0.6308994194759303
WFG2,WFG2,2,96,0,RBFN,200,95,11,27458.0,40000.0,"[27353, 10345]",0.7407131483083106,0.6305620803365672
WFG2,WFG2,2,97,0,RBFN,200,95,11,27250.0,40000.0,"[27144, 10830]",0.7401439863737925,0.6305620803365671
WFG2,WFG2,2,98,0,RBFN,200,95,11,26942.0,40000.0,"[26838, 10340]",0.7429936709891266,0.6305620803365671
WFG2,WFG2,2,99,0,RBFN,200,95,11,27186.0,40000.0,"[27072, 10816]",0.7418036208884192,0.6305620803365671
WFG4,WFG4,2,1,0,RBFN,781,82,47,466075.0,609961.0,"[463777, 465969]",0.65245371052925,0.5935699519898643
WFG4,WFG4,2,2,0,RBFN,200,68,53,8606.0,40000.0,"[6905, 8477]",0.6522938305370339,0.576758100032895
WFG4,WFG4,2,3,0,RBFN,200,67,53,6732.0,40000.0,"[4936, 6572]",0.6542417651559319,0.5941613638136977
WFG4,WFG4,2,4,0,RBFN,200,62,54,6496.0,40000.0,"[4698, 6304]",0.6529420151807654,0.5694497132866894
WFG4,WFG4,2,5,0,RBFN,200,61,57,5772.0,40000.0,"[3884, 5602]",0.6520612893943312,0.5672461540259178
WFG4,WFG4,2,6,0,RBFN,200,61,55,5648.0,40000.0,"[3769, 5473]",0.6522360647916223,0.5680224374173699
WFG4,WFG4,2,7,0,RBFN,200,61,55,5646.0,40000.0,"[3769, 5477]",0.6504261480850098,0.5637517074694948
WFG4,WFG4,2,8,0,RBFN,200,61,56,5618.0,40000.0,"[3775, 5441]",0.6516842256043124,0.5619911616857949
WFG4,WFG4,2,9,0,RBFN,200,61,55,5914.0,40000.0,"[3915, 5743]",0.6531475507540626,0.5596037847100626
WFG4,WFG4,2,10,0,RBFN,200,61,51,5626.0,40000.0,"[3876, 5468]",0.6524961284319548,0.5560176506613378
WFG4,WFG4,2,11,0,RBFN,200,59,53,5956.0,40000.0,"[3962, 5784]",0.651850211555557,0.5502922793879655
WFG4,WFG4,2,12,0,RBFN,200,59,55,5666.0,40000.0,"[3782, 5514]",0.6518581715573039,0.5512472605349997
WFG4,WFG4,2,13,0,RBFN,200,59,58,5492.0,40000.0,"[3539, 5303]",0.6518425344421449,0.5535660211606193
WFG4,WFG4,2,14,0,RBFN,200,59,60,5810.0,40000.0,"[3674, 5644]",0.6509347988818405,0.5552214226194883
WFG4,WFG4,2,15,0,RBFN,200,58,58,5562.0,40000.0,"[3535, 5401]",0.6509851298589296,0.5549413162704476
WFG4,WFG4,2,16,0,RBFN,200,58,61,5412.0,40000.0,"[3414, 5240]",0.6518888619365192,0.5552049951320429
WFG4,WFG4,2,17,0,RBFN,200,58,62,5676.0,40000.0,"[3426, 5504]",0.6517280020024897,0.5535245403696054
WFG4,WFG4,2,18,0,RBFN,200,58,63,5614.0,40000.0,"[3508, 5428]",0.6507786384362226,0.5556019158436608
WFG4,WFG4,2,19,0,RBFN,200,58,62,5522.0,40000.0,"[3410, 5352]",0.6520327729448007,0.5522036586159088
WFG4,WFG4,2,20,0,RBFN,200,58,61,5448.0,40000.0,"[3422, 5268]",0.6506425733482556,0.5513494652460192
WFG4,WFG4,2,21,0,RBFN,200,57,60,5442.0,40000.0,"[3408, 5276]",0.6525036572573251,0.5463516875649668
WFG4,WFG4,2,22,0,RBFN,200,56,59,5580.0,40000.0,"[3514, 5386]",0.6516011240334217,0.5422600108463472
WFG4,WFG4,2,23,0,RBFN,200,56,61,5260.0,40000.0,"[3184, 5082]",0.6528331044467068,0.5407618297015221
WFG4,WFG4,2,24,0,RBFN,200,56,61,6040.0,40000.0,"[3438, 5858]",0.6526302577016374,0.5414252447697939
WFG4,WFG4,2,25,0,RBFN,200,55,62,5352.0,40000.0,"[3182, 5180]",0.6510230090564851,0.5382816973116539
WFG4,WFG4,2,26,0,RBFN,200,55,63,5348.0,40000.0,"[3137, 5147]",0.6511162956172164,0.537243794887213
WFG4,WFG4,2,27,0,RBFN,200,55,64,5196.0,40000.0,"[3103, 5001]",0.6508626023628676,0.5368960603740128
WFG4,WFG4,2,28,0,RBFN,200,55,64,5310.0,40000.0,"[3276, 5126]",0.651062050751254,0.5361548913792693
WFG4,WFG4,2,29,0,RBFN,200,54,64,5344.0,40000.0,"[3075, 5175]",0.6526783746303491,0.5341686233645959
WFG4,WFG4,2,30,0,RBFN,200,54,62,5412.0,40000.0,"[3302, 5242]",0.6539021980804363,0.5329075244463435
WFG4,WFG4,2,31,0,RBFN,200,54,60,5064.0,40000.0,"[2966, 4884]",0.6516686484176795,0.5336959749675284
WFG4,WFG4,2,32,0,RBFN,200,54,64,4958.0,40000.0,"[2964, 4780]",0.6523658856983998,0.5325914826497975
WFG4,WFG4,2,33,0,RBFN,200,54,62,5054.0,40000.0,"[2934, 4890]",0.6516545304990472,0.5317407070921102
WFG4,WFG4,2,34,0,RBFN,200,54,62,5260.0,40000.0,"[3178, 5086]",0.6518776941366567,0.5310437891462488
WFG4,WFG4,2,35,0,RBFN,200,54,64,5034.0,40000.0,"[2978, 4840]",0.6532430419753823,0.5314068845787321
WFG4,WFG4,2,36,0,RBFN,200,54,63,5434.0,40000.0,"[3358, 5262]",0.6522701889440142,0.5310409803537663
WFG4,WFG4,2,37,0,RBFN,200,54,65,5222.0,40000.0,"[3081, 5029]",0.6513780357105518,0.5313385050752054
WFG4,WFG4,2,38,0,RBFN,200,54,65,5232.0,40000.0,"[3083, 5041]",0.6543085328524476,0.5306591263139606
WFG4,WFG4,2,39,0,RBFN,200,54,65,5334.0,40000.0,"[3143, 5171]",0.6513446191827802,0.5319110415135893
WFG4,WFG4,2,40,0,RBFN,200,54,66,5496.0,40000.0,"[3165, 5341]",0.6511259067540812,0.5315497686288917
WFG4,WFG4,2,41,0,RBFN,200,54,67,4914.0,40000.0,"[2954, 4734]",0.6508916074197786,0.5329048166723438
WFG4,WFG4,2,42,0,RBFN,200,54,67,5002.0,40000.0,"[2946, 4838]",0.6513560847080385,0.5329207529358899
WFG4,WFG4,2,43,0,RBFN,200,53,67,5078.0,40000.0,"[2954, 4906]",0.6511872953647629,0.5306229905764808
WFG4,WFG4,2,44,0,RBFN,200,53,67,4804.0,40000.0,"[2901, 4597]",0.6521785561400937,0.5324126973145762
WFG4,WFG4,2,45,0,RBFN,200,53,68,4904.0,40000.0,"[2843, 4731]",0.6525551778839139,0.5336311852762209
WFG4,WFG4,2,46,0,RBFN,200,53,69,4964.0,40000.0,"[2897, 4791]",0.6519327767892505,0.5327532231552271
WFG4,WFG4,2,47,0,RBFN,200,53,69,5390.0,40000.0,"[3092, 5226]",0.651309779998274,0.533105017395313
WFG4,WFG4,2,48,0,RBFN,200,53,69,4888.0,40000.0,"[2841, 4715]",0.6540840991775801,0.5339166468728467
WFG4,WFG4,2,49,0,RBFN,200,53,69,5014.0,40000.0,"[2869, 4845]",0.6520840992695361,0.5344815326615066
WFG4,WFG4,2,50,0,RBFN,200,53,68,4804.0,40000.0,"[2847, 4623]",0.6498709489829988,0.5336227293571238
WFG4,WFG4,2,51,0,RBFN,200,53,67,5086.0,40000.0,"[3010, 4916]",0.6508806850713108,0.5339476974325368
WFG4,WFG4,2,52,0,RBFN,200,53,67,4954.0,40000.0,"[2988, 4776]",0.6531172625785,0.5339410104359139
WFG4,WFG4,2,53,0,RBFN,200,53,67,4994.0,40000.0,"[2959, 4787]",0.6515232398621613,0.5331613491670975
WFG4,WFG4,2,54,0,RBFN,200,53,68,4788.0,40000.0,"[2857, 4605]",0.6524986301875807,0.5328255399453277
WFG4,WFG4,2,55,0,RBFN,200,53,68,4938.0,40000.0,"[2837, 4777]",0.651258189790027,0.5323955659125286
WFG4,WFG4,2,56,0,RBFN,200,52,69,4834.0,40000.0,"[2825, 4675]",0.6530883649402964,0.5295425389869749
WFG4,WFG4,2,57,0,RBFN,200,52,69,4830.0,40000.0,"[2732, 4664]",0.6522985976448632,0.5284087883694915
WFG4,WFG4,2,58,0,RBFN,200,52,69,5154.0,40000.0,"[2865, 5001]",0.6528163298194013,0.5289860873964098
WFG4,WFG4,2,59,0,RBFN,200,52,68,4888.0,40000.0,"[2869, 4735]",0.6516999297176895,0.5304768802065815
WFG4,WFG4,2,60,0,RBFN,200,52,68,4818.0,40000.0,"[2728, 4656]",0.6503740816916377,0.5304768802065815
WFG4,WFG4,2,61,0,RBFN,200,52,67,4846.0,40000.0,"[2730, 4686]",0.6525014391141873,0.5302370746080481
WFG4,WFG4,2,62,0,RBFN,200,52,65,4782.0,40000.0,"[2742, 4616]",0.6512195384951244,0.5302707024707227
WFG4,WFG4,2,63,0,RBFN,200,52,65,4686.0,40000.0,"[2734, 4512]",0.6531236809480926,0.5315939331845904
WFG4,WFG4,2,64,0,RBFN,200,52,64,4736.0,40000.0,"[2744, 4566]",0.6526772014596263,0.5306702621449757
WFG4,WFG4,2,65,0,RBFN,200,52,65,4796.0,40000.0,"[2734, 4622]",0.6517540592771682,0.5312643882954873
WFG4,WFG4,2,66,0,RBFN,200,52,67,4664.0,40000.0,"[2734, 4492]",0.6519329599039922,0.5312070938656541
WFG4,WFG4,2,67,0,RBFN,200,52,68,5192.0,40000.0,"[2923, 5031]",0.6545066601259881,0.5317397944264113
WFG4,WFG4,2,68,0,RBFN,200,52,68,4666.0,40000.0,"[2728, 4508]",0.6525344940765837,0.5308845881271265
WFG4,WFG4,2,69,0,RBFN,200,52,67,4708.0,40000.0,"[2810, 4550]",0.6525017246817093,0.5300270166119434
WFG4,WFG4,2,70,0,RBFN,200,52,67,4692.0,40000.0,"[2718, 4538]",0.6517490359021951,0.5303042006102195
WFG4,WFG4,2,71,0,RBFN,200,52,68,4582.0,40000.0,"[2720, 4428]",0.6505940136083977,0.5298983136626491
WFG4,WFG4,2,72,0,RBFN,200,52,69,5156.0,40000.0,"[2893, 5003]",0.6531699602280081,0.5305953429334634
WFG4,WFG4,2,73,0,RBFN,200,52,70,4780.0,40000.0,"[2748, 4612]",0.6511801940195542,0.5305094439143743
WFG4,WFG4,2,74,0,RBFN,200,52,69,4646.0,40000.0,"[2752, 4482]",0.650656758695928,0.5303144077547001
WFG4,WFG4,2,75,0,RBFN,200,52,69,4828.0,40000.0,"[2878, 4662]",0.6523405926629892,0.5322642879683754
WFG4,WFG4,2,76,0,RBFN,200,52,70,4560.0,40000.0,"[2742, 4398]",0.651733340002817,0.5314229809678279
WFG4,WFG4,2,77,0,RBFN,200,52,70,4702.0,40000.0,"[2948, 4544]",0.6516463905110077,0.5314656751731723
WFG4,WFG4,2,78,0,RBFN,200,52,69,4686.0,40000.0,"[2740, 4532]",0.6521827313261893,0.5304088669537402
WFG4,WFG4,2,79,0,RBFN,200,52,69,4740.0,40000.0,"[2919, 4561]",0.6528005547530213,0.5316124381445377
WFG4,WFG4,2,80,0,RBFN,200,52,69,5064.0,40000.0,"[2894, 4912]",0.6525292176380502,0.5332878441328252
WFG4,WFG4,2,81,0,RBFN,200,52,69,4648.0,40000.0,"[2772, 4482]",0.6521267169151984,0.5343199792331566
WFG4,WFG4,2,82,0,RBFN,200,52,70,4574.0,40000.0,"[2754, 4392]",0.6505822871829825,0.5348473727694762
WFG4,WFG4,2,83,0,RBFN,200,52,70,5160.0,40000.0,"[3031, 4999]",0.6512541884660764,0.5349601812920671
WFG4,WFG4,2,84,0,RBFN,200,52,68,4728.0,40000.0,"[2949, 4531]",0.6525262724984413,0.5358833059622407
WFG4,WFG4,2,85,0,RBFN,200,52,68,4678.0,40000.0,"[2748, 4526]",0.6524675096001163,0.5363112740257283
WFG4,WFG4,2,86,0,RBFN,200,52,66,5006.0,40000.0,"[2914, 4828]",0.6533907765938944,0.5362919698054932
WFG4,WFG4,2,87,0,RBFN,200,51,68,4604.0,40000.0,"[2851, 4443]",0.6526404584666076,0.5352283255695377
WFG4,WFG4,2,88,0,RBFN,200,51,68,4744.0,40000.0,"[2798, 4582]",0.6520258579928613,0.5352199234373795
WFG4,WFG4,2,89,0,RBFN,200,51,68,4576.0,40000.0,"[2790, 4414]",0.6514964861050722,0.5378729118114444
WFG4,WFG4,2,90,0,RBFN,200,51,68,4820.0,40000.0,"[2836, 4652]",0.6537417977124645,0.5372211481000999
WFG4,WFG4,2,91,0,RBFN,200,51,68,4260.0,40000.0,"[2637, 4089]",0.6518179695371552,0.5378366917413611
WFG4,WFG4,2,92,0,RBFN,200,51,68,4666.0,40000.0,"[2796, 4506]",0.6519858982986607,0.5377043253292935
WFG4,WFG4,2,93,0,RBFN,200,51,68,4440.0,40000.0,"[2625, 4271]",0.651611604818509,0.5365280993640429
WFG4,WFG4,2,94,0,RBFN,200,51,67,4360.0,40000.0,"[2667, 4207]",0.6523202310368635,0.5361436031645826
WFG4,WFG4,2,95,0,RBFN,200,51,66,4460.0,40000.0,"[2621, 4297]",0.6529736084627826,0.5377888186401323
WFG4,WFG4,2,96,0,RBFN,200,51,66,4442.0,40000.0,"[2671, 4243]",0.6528994372929804,0.5377226350417665
WFG4,WFG4,2,97,0,RBFN,200,51,66,4622.0,40000.0,"[2856, 4434]",0.6528833329295749,0.5372562365739858
WFG4,WFG4,2,98,0,RBFN,200,51,66,4402.0,40000.0,"[2724, 4236]",0.6539772632496503,0.5372535797355649
WFG4,WFG4,2,99,0,RBFN,200,51,66,4416.0,40000.0,"[2609, 4259]",0.6521442811020535,0.5377662198873481
WFG5,WFG5,2,1,0,RBFN,781,71,42,464883.0,609961.0,"[464235, 464309]",0.8396636550675858,0.610601836229201
WFG5,WFG5,2,2,0,RBFN,200,63,43,6158.0,40000.0,"[5609, 5461]",0.8436196393314027,0.6087917673914828
WFG5,WFG5,2,3,0,RBFN,200,59,42,5390.0,40000.0,"[4811, 4669]",0.8436196393314027,0.6061139925024812
WFG5,WFG5,2,4,0,RBFN,200,55,39,4662.0,40000.0,"[4195, 3807]",0.8436196393314027,0.6050687764878674
WFG5,WFG5,2,5,0,RBFN,200,55,37,4380.0,40000.0,"[3863, 3459]",0.8466077403706088,0.6030120096684487
WFG5,WFG5,2,6,0,RBFN,200,53,39,4372.0,40000.0,"[3825, 3427]",0.8467715704613481,0.6038713674587206
WFG5,WFG5,2,7,0,RBFN,200,50,40,4318.0,40000.0,"[3866, 3222]",0.8484519385297118,0.600471488654774
WFG5,WFG5,2,8,0,RBFN,200,48,44,3816.0,40000.0,"[3334, 2832]",0.8486798953304786,0.6009007645809554
WFG5,WFG5,2,9,0,RBFN,200,45,43,3730.0,40000.0,"[3208, 2772]",0.8486798953304786,0.6011590534227329
WFG5,WFG5,2,10,0,RBFN,200,43,44,3442.0,40000.0,"[2942, 2462]",0.8490929079985515,0.5993917372757841
WFG5,WFG5,2,11,0,RBFN,200,43,51,3420.0,40000.0,"[2994, 2252]",0.8490929079985515,0.5986621248482277
WFG5,WFG5,2,12,0,RBFN,200,40,48,3300.0,40000.0,"[2829, 2247]",0.8512458901001063,0.5850851060213421
WFG5,WFG5,2,13,0,RBFN,200,38,46,3010.0,40000.0,"[2570, 1880]",0.8527019754056662,0.5788482050936128
WFG5,WFG5,2,14,0,RBFN,200,36,49,2868.0,40000.0,"[2461, 1799]",0.8527019754056662,0.5808931011419287
WFG5,WFG5,2,15,0,RBFN,200,36,55,2708.0,40000.0,"[2186, 1654]",0.8527019754056662,0.5863583458082974
WFG5,WFG5,2,16,0,RBFN,200,35,61,2758.0,40000.0,"[2180, 1710]",0.8527019754056662,0.5842038704580526
WFG5,WFG5,2,17,0,RBFN,200,35,59,2530.0,40000.0,"[2047, 1543]",0.8527019754056662,0.5875996472713568
WFG5,WFG5,2,18,0,RBFN,200,34,46,2636.0,40000.0,"[2133, 1607]",0.8506197944598638,0.5887630789376854
WFG5,WFG5,2,19,0,RBFN,200,33,43,2520.0,40000.0,"[2028, 1482]",0.8516266601312397,0.5970565817124479
WFG5,WFG5,2,20,0,RBFN,200,32,41,2394.0,40000.0,"[1905, 1411]",0.8516266601312397,0.5959048170884087
WFG5,WFG5,2,21,0,RBFN,200,31,49,2342.0,40000.0,"[1814, 1384]",0.8516266601312397,0.5913099968780821
WFG5,WFG5,2,22,0,RBFN,200,31,48,2356.0,40000.0,"[1766, 1472]",0.8516266601312397,0.5826333908379531
WFG5,WFG5,2,23,0,RBFN,200,29,54,2406.0,40000.0,"[1725, 1473]",0.8526632453748095,0.5768845853224992
WFG5,WFG5,2,24,0,RBFN,200,28,57,2578.0,40000.0,"[2020, 1534]",0.8530054407843639,0.5677192128109734
WFG5,WFG5,2,25,0,RBFN,200,27,56,2132.0,40000.0,"[1624, 1120]",0.8535570459166251,0.565531449629621
WFG5,WFG5,2,26,0,RBFN,200,26,54,2066.0,40000.0,"[1541, 1101]",0.8544698673428155,0.5580466393497143
WFG5,WFG5,2,27,0,RBFN,200,26,52,2222.0,40000.0,"[1760, 1034]",0.8546410906342164,0.5590845477702924
WFG5,WFG5,2,28,0,RBFN,200,26,53,2032.0,40000.0,"[1640, 894]",0.8546410906342164,0.5592555559097733
WFG5,WFG5,2,29,0,RBFN,200,25,60,2120.0,40000.0,"[1680, 966]",0.8546410906342164,0.5555409984426624
WFG5,WFG5,2,30,0,RBFN,200,25,65,1974.0,40000.0,"[1473, 951]",0.8565871392528176,0.5618075695550956
WFG5,WFG5,2,31,0,RBFN,200,24,68,2002.0,40000.0,"[1561, 891]",0.8565871392528176,0.5570316257558247
WFG5,WFG5,2,32,0,RBFN,200,24,68,1996.0,40000.0,"[1447, 1033]",0.8565871392528176,0.556134165866617
WFG5,WFG5,2,33,0,RBFN,200,24,62,1780.0,40000.0,"[1332, 848]",0.8549799747353145,0.5580768345099795
WFG5,WFG5,2,34,0,RBFN,200,23,63,2056.0,40000.0,"[1680, 878]",0.8550311665262625,0.5593279086876012
WFG5,WFG5,2,35,0,RBFN,200,23,62,1818.0,40000.0,"[1373, 797]",0.8550311665262625,0.5571694172720651
WFG5,WFG5,2,36,0,RBFN,200,23,60,1830.0,40000.0,"[1423, 779]",0.8555699657932682,0.5582520448609073
WFG5,WFG5,2,37,0,RBFN,200,23,57,1832.0,40000.0,"[1421, 763]",0.8555699657932682,0.5583959798750238
WFG5,WFG5,2,38,0,RBFN,200,23,59,2000.0,40000.0,"[1556, 896]",0.8561096098371327,0.5579493553357515
WFG5,WFG5,2,39,0,RBFN,200,23,58,1744.0,40000.0,"[1381, 715]",0.856240965084047,0.553857917242445
WFG5,WFG5,2,40,0,RBFN,200,23,57,1672.0,40000.0,"[1237, 807]",0.856240965084047,0.5569027149318252
WFG5,WFG5,2,41,0,RBFN,200,23,61,1750.0,40000.0,"[1353, 749]",0.8566949854852439,0.5643780619685314
WFG5,WFG5,2,42,0,RBFN,200,23,54,1868.0,40000.0,"[1459, 761]",0.8566949854852439,0.5645231979636081
WFG5,WFG5,2,43,0,RBFN,200,23,52,1692.0,40000.0,"[1299, 745]",0.8566949854852439,0.5649055011431889
WFG5,WFG5,2,44,0,RBFN,200,23,55,1730.0,40000.0,"[1365, 717]",0.8569901352807319,0.5674667100982878
WFG5,WFG5,2,45,0,RBFN,200,23,56,1666.0,40000.0,"[1219, 799]",0.8569901352807319,0.5716724477645639
WFG5,WFG5,2,46,0,RBFN,200,22,57,1604.0,40000.0,"[1145, 811]",0.8569901352807319,0.5697487215834229
WFG5,WFG5,2,47,0,RBFN,200,22,62,1736.0,40000.0,"[1353, 759]",0.8574982396211808,0.5701975740773956
WFG5,WFG5,2,48,0,RBFN,200,22,66,1660.0,40000.0,"[1226, 740]",0.8578386926001312,0.5725692245984682
WFG5,WFG5,2,49,0,RBFN,200,22,70,1632.0,40000.0,"[1196, 742]",0.8564237845718727,0.5712444412724386
WFG5,WFG5,2,50,0,RBFN,200,22,64,1672.0,40000.0,"[1212, 766]",0.8564237845718727,0.5726079397949456
WFG5,WFG5,2,51,0,RBFN,200,21,61,1582.0,40000.0,"[1100, 788]",0.8569327815561049,0.5663560290902022
WFG5,WFG5,2,52,0,RBFN,200,21,61,1726.0,40000.0,"[1358, 718]",0.8577524377747205,0.5638224813949408
WFG5,WFG5,2,53,0,RBFN,200,21,65,1526.0,40000.0,"[1043, 781]",0.8577524377747205,0.5626956531301196
WFG5,WFG5,2,54,0,RBFN,200,21,60,1526.0,40000.0,"[1097, 715]",0.8578427288194658,0.560902804278708
WFG5,WFG5,2,55,0,RBFN,200,21,56,1548.0,40000.0,"[1071, 739]",0.8578427288194658,0.5626707639803361
WFG5,WFG5,2,56,0,RBFN,200,21,57,1646.0,40000.0,"[1135, 773]",0.8578427288194658,0.5651785817093509
WFG5,WFG5,2,57,0,RBFN,200,21,61,1654.0,40000.0,"[1135, 781]",0.8581039372152197,0.5683354348883198
WFG5,WFG5,2,58,0,RBFN,200,21,68,1674.0,40000.0,"[1233, 703]",0.8578427288194658,0.5687992558505975
WFG5,WFG5,2,59,0,RBFN,200,21,69,1668.0,40000.0,"[1172, 802]",0.858317713164174,0.5687133313062878
WFG5,WFG5,2,60,0,RBFN,200,21,68,1592.0,40000.0,"[1139, 733]",0.858385150999835,0.5690996383533902
WFG5,WFG5,2,61,0,RBFN,200,20,66,1632.0,40000.0,"[1161, 733]",0.859535391892687,0.5645912167750918
WFG5,WFG5,2,62,0,RBFN,200,19,66,1516.0,40000.0,"[1012, 724]",0.859535391892687,0.560029353810419
WFG5,WFG5,2,63,0,RBFN,200,19,67,1564.0,40000.0,"[1047, 697]",0.859535391892687,0.561619449199495
WFG5,WFG5,2,64,0,RBFN,200,19,66,1492.0,40000.0,"[1033, 639]",0.859535391892687,0.5614265123582577
WFG5,WFG5,2,65,0,RBFN,200,19,69,1804.0,40000.0,"[1359, 707]",0.859535391892687,0.5611992679776898
WFG5,WFG5,2,66,0,RBFN,200,19,66,1462.0,40000.0,"[1041, 601]",0.859535391892687,0.5630955239905238
WFG5,WFG5,2,67,0,RBFN,200,19,67,1548.0,40000.0,"[1082, 708]",0.8595804389651419,0.5604041946411165
WFG5,WFG5,2,68,0,RBFN,200,19,68,1538.0,40000.0,"[1057, 661]",0.8595804389651419,0.5589684947420559
WFG5,WFG5,2,69,0,RBFN,200,19,65,1556.0,40000.0,"[1127, 643]",0.8596323697334258,0.5637414998496311
WFG5,WFG5,2,70,0,RBFN,200,19,69,1484.0,40000.0,"[1069, 595]",0.8596323697334258,0.5642667894846414
WFG5,WFG5,2,71,0,RBFN,200,19,72,1510.0,40000.0,"[1085, 621]",0.8596323697334258,0.5632105096027531
WFG5,WFG5,2,72,0,RBFN,200,19,78,1438.0,40000.0,"[1043, 575]",0.8599010804343594,0.5650849638999301
WFG5,WFG5,2,73,0,RBFN,200,19,74,1570.0,40000.0,"[1111, 639]",0.8606484667250714,0.5657993560735395
WFG5,WFG5,2,74,0,RBFN,200,19,77,1474.0,40000.0,"[1105, 549]",0.860545165513768,0.5668295869129716
WFG5,WFG5,2,75,0,RBFN,200,19,75,1572.0,40000.0,"[1140, 700]",0.860545165513768,0.5655691453616659
WFG5,WFG5,2,76,0,RBFN,200,19,72,1534.0,40000.0,"[1075, 639]",0.860545165513768,0.5638929299361757
WFG5,WFG5,2,77,0,RBFN,200,19,67,1476.0,40000.0,"[1039, 617]",0.8607541921072532,0.5637627855337732
WFG5,WFG5,2,78,0,RBFN,200,19,64,1570.0,40000.0,"[1135, 615]",0.8606628207137228,0.5625365414416119
WFG5,WFG5,2,79,0,RBFN,200,19,69,1466.0,40000.0,"[1031, 615]",0.8601827199365313,0.565644681422318
WFG5,WFG5,2,80,0,RBFN,200,19,68,1362.0,40000.0,"[1009, 533]",0.8607171103398806,0.5646269217674067
WFG5,WFG5,2,81,0,RBFN,200,19,61,1526.0,40000.0,"[1071, 635]",0.8601827199365313,0.5643567746115921
WFG5,WFG5,2,82,0,RBFN,200,19,65,1400.0,40000.0,"[1001, 579]",0.8609798747161872,0.5652416574610993
WFG5,WFG5,2,83,0,RBFN,200,19,68,1356.0,40000.0,"[973, 579]",0.8607223605270562,0.5651328588440143
WFG5,WFG5,2,84,0,RBFN,200,19,72,1540.0,40000.0,"[1201, 563]",0.8609273744900351,0.5643181999020308
WFG5,WFG5,2,85,0,RBFN,200,19,70,1484.0,40000.0,"[1157, 507]",0.8604334900741831,0.5617801586693248
WFG5,WFG5,2,86,0,RBFN,200,19,67,1498.0,40000.0,"[1061, 617]",0.8607149463551075,0.5636322972826272
WFG5,WFG5,2,87,0,RBFN,200,19,70,1456.0,40000.0,"[1075, 561]",0.8608892451871913,0.563500737136874
WFG5,WFG5,2,88,0,RBFN,200,19,69,1666.0,40000.0,"[1262, 666]",0.860716597430864,0.5640280958113276
WFG5,WFG5,2,89,0,RBFN,200,19,72,1482.0,40000.0,"[1091, 571]",0.8606480742049131,0.5648105336637295
WFG5,WFG5,2,90,0,RBFN,200,19,69,1340.0,40000.0,"[915, 605]",0.8604334900741831,0.5650061671627047
WFG5,WFG5,2,91,0,RBFN,200,19,72,1290.0,40000.0,"[971, 499]",0.8606745198178462,0.5625609454865645
WFG5,WFG5,2,92,0,RBFN,200,19,75,1798.0,40000.0,"[1427, 657]",0.8608139258859115,0.5630076662587087
WFG5,WFG5,2,93,0,RBFN,200,19,73,1496.0,40000.0,"[1141, 535]",0.8612202437047424,0.561117372280065
WFG5,WFG5,2,94,0,RBFN,200,19,71,1554.0,40000.0,"[1175, 559]",0.8605774117204954,0.5620978716436583
WFG5,WFG5,2,95,0,RBFN,200,19,71,1468.0,40000.0,"[1051, 609]",0.8613910680657617,0.5629500856266223
WFG5,WFG5,2,96,0,RBFN,200,19,73,1432.0,40000.0,"[971, 641]",0.8605774117204954,0.5638428191194027
WFG5,WFG5,2,97,0,RBFN,200,19,66,1438.0,40000.0,"[1070, 614]",0.8622417704657448,0.5666696685908944
WFG5,WFG5,2,98,0,RBFN,200,19,65,1620.0,40000.0,"[1188, 652]",0.8609588206821978,0.5657570824042902
WFG5,WFG5,2,99,0,RBFN,200,19,68,1432.0,40000.0,"[1043, 569]",0.8605843762892608,0.5653459652394186
WFG9,WFG9,2,1,0,RBFN,781,75,26,464963.0,609961.0,"[464705, 463919]",1.0237673540120067,0.5805933429348671
WFG9,WFG9,2,2,0,RBFN,200,60,33,6346.0,40000.0,"[6048, 5950]",1.0266493966383845,0.503129580741688
WFG9,WFG9,2,3,0,RBFN,200,53,34,4414.0,40000.0,"[4038, 4082]",1.0239464571960615,0.46145514444324687
WFG9,WFG9,2,4,0,RBFN,200,47,37,3618.0,40000.0,"[3140, 3248]",1.02464451768724,0.42276072580108603
WFG9,WFG9,2,5,0,RBFN,200,46,37,2782.0,40000.0,"[2433, 2405]",1.0280383970912512,0.42700652852488774
WFG9,WFG9,2,6,0,RBFN,200,43,37,2678.0,40000.0,"[2270, 2372]",1.0250664576198283,0.4100532746770243
WFG9,WFG9,2,7,0,RBFN,200,42,42,2408.0,40000.0,"[1995, 2107]",1.0240165897385045,0.408859941461021
WFG9,WFG9,2,8,0,RBFN,200,41,40,2370.0,40000.0,"[2056, 1980]",1.0240165897385045,0.4121448004119573
WFG9,WFG9,2,9,0,RBFN,200,37,43,2444.0,40000.0,"[1961, 2059]",1.024140021132333,0.405854915919605
WFG9,WFG9,2,10,0,RBFN,200,34,41,2050.0,40000.0,"[1688, 1644]",1.024140021132333,0.3964285802106775
WFG9,WFG9,2,11,0,RBFN,200,32,43,1878.0,40000.0,"[1448, 1420]",1.024140021132333,0.3867150033061385
WFG9,WFG9,2,12,0,RBFN,200,30,53,1746.0,40000.0,"[1296, 1318]",1.0264882877447827,0.3860690518891074
WFG9,WFG9,2,13,0,RBFN,200,26,57,1736.0,40000.0,"[1226, 1254]",1.0247177533368286,0.36293458647756227
WFG9,WFG9,2,14,0,RBFN,200,26,62,1402.0,40000.0,"[894, 1036]",1.0230616101036443,0.36611334767457443
WFG9,WFG9,2,15,0,RBFN,200,26,55,1448.0,40000.0,"[954, 1008]",1.024851175912686,0.3662806924282556
WFG9,WFG9,2,16,0,RBFN,200,26,61,1472.0,40000.0,"[944, 1042]",1.026391691143726,0.367882061091043
WFG9,WFG9,2,17,0,RBFN,200,25,65,1438.0,40000.0,"[964, 988]",1.026391691143726,0.37015095891260413
WFG9,WFG9,2,18,0,RBFN,200,25,57,1434.0,40000.0,"[911, 1013]",1.026391691143726,0.3712057034956946
WFG9,WFG9,2,19,0,RBFN,200,25,56,1432.0,40000.0,"[965, 931]",1.026391691143726,0.37191264102139654
WFG9,WFG9,2,20,0,RBFN,200,23,56,1532.0,40000.0,"[963, 1063]",1.0265698772252443,0.3599583328283819
WFG9,WFG9,2,21,0,RBFN,200,23,59,1258.0,40000.0,"[785, 847]",1.026391691143726,0.3617823490145483
WFG9,WFG9,2,22,0,RBFN,200,22,61,1252.0,40000.0,"[762, 906]",1.026391691143726,0.36306962091106904
WFG9,WFG9,2,23,0,RBFN,200,22,61,1196.0,40000.0,"[688, 830]",1.0264786071843373,0.3628856200398842
WFG9,WFG9,2,24,0,RBFN,200,21,67,1522.0,40000.0,"[903, 1101]",1.027412668102467,0.36038739363250505
WFG9,WFG9,2,25,0,RBFN,200,21,70,1194.0,40000.0,"[679, 809]",1.027412668102467,0.36106903525358314
WFG9,WFG9,2,26,0,RBFN,200,21,68,1168.0,40000.0,"[659, 797]",1.0277424406879587,0.3619211098548388
WFG9,WFG9,2,27,0,RBFN,200,20,62,1304.0,40000.0,"[687, 899]",1.027412668102467,0.35693299251017147
WFG9,WFG9,2,28,0,RBFN,200,19,66,1164.0,40000.0,"[598, 794]",1.0281933764342142,0.34913340636994233
WFG9,WFG9,2,29,0,RBFN,200,19,76,1120.0,40000.0,"[629, 713]",1.0276340399313713,0.3530394633160433
WFG9,WFG9,2,30,0,RBFN,200,19,78,1002.0,40000.0,"[535, 657]",1.028633036626241,0.35490777368722476
WFG9,WFG9,2,31,0,RBFN,200,17,77,1028.0,40000.0,"[549, 677]",1.0293691771624207,0.34582995478363293
WFG9,WFG9,2,32,0,RBFN,200,17,79,962.0,40000.0,"[443, 641]",1.0295244931439858,0.3461211158961825
WFG9,WFG9,2,33,0,RBFN,200,17,77,984.0,40000.0,"[493, 615]",1.0301297611273132,0.3480163289169658
WFG9,WFG9,2,34,0,RBFN,200,17,85,1058.0,40000.0,"[535, 723]",1.0295244931439858,0.3479119447338017
WFG9,WFG9,2,35,0,RBFN,200,17,78,924.0,40000.0,"[467, 583]",1.030245883905236,0.34945712585066974
WFG9,WFG9,2,36,0,RBFN,200,17,79,962.0,40000.0,"[493, 595]",1.0310306140914682,0.3505953191532836
WFG9,WFG9,2,37,0,RBFN,200,16,77,968.0,40000.0,"[532, 604]",1.0295244931439858,0.348066485802224
WFG9,WFG9,2,38,0,RBFN,200,16,82,914.0,40000.0,"[412, 592]",1.0295244931439858,0.3492504427856575
WFG9,WFG9,2,39,0,RBFN,200,16,79,912.0,40000.0,"[404, 606]",1.031544021547236,0.3507866004659624
WFG9,WFG9,2,40,0,RBFN,200,15,78,996.0,40000.0,"[452, 670]",1.0313303650447199,0.35067498762684984
WFG9,WFG9,2,41,0,RBFN,200,15,77,892.0,40000.0,"[355, 623]",1.0313303650447199,0.3513657155302423
WFG9,WFG9,2,42,0,RBFN,200,15,78,970.0,40000.0,"[395, 701]",1.0324736489278206,0.35326235493129937
WFG9,WFG9,2,43,0,RBFN,200,15,79,888.0,40000.0,"[387, 621]",1.0338264055790425,0.3549699820412955
WFG9,WFG9,2,44,0,RBFN,200,15,80,874.0,40000.0,"[355, 621]",1.0316595951691716,0.3571057918413169
WFG9,WFG9,2,45,0,RBFN,200,15,82,864.0,40000.0,"[371, 595]",1.033186638208689,0.35808606149674765
WFG9,WFG9,2,46,0,RBFN,200,14,87,894.0,40000.0,"[381, 627]",1.0327277578426413,0.3534120932300788
WFG9,WFG9,2,47,0,RBFN,200,14,90,770.0,40000.0,"[262, 584]",1.0330663921105463,0.35478122068102225
WFG9,WFG9,2,48,0,RBFN,200,13,91,816.0,40000.0,"[278, 630]",1.0326014655039601,0.34858521577220974
WFG9,WFG9,2,49,0,RBFN,200,12,89,866.0,40000.0,"[277, 679]",1.0346460052471538,0.33605774642971675
WFG9,WFG9,2,50,0,RBFN,200,11,90,758.0,40000.0,"[220, 570]",1.033675018242775,0.3313733984196679
WFG9,WFG9,2,51,0,RBFN,200,11,88,684.0,40000.0,"[183, 495]",1.034253119416951,0.3325381469224164
WFG9,WFG9,2,52,0,RBFN,200,11,88,664.0,40000.0,"[181, 475]",1.033675018242775,0.3339451608447782
WFG9,WFG9,2,53,0,RBFN,200,10,85,612.0,40000.0,"[189, 423]",1.033675018242775,0.32915645975099905
WFG9,WFG9,2,54,0,RBFN,200,10,89,532.0,40000.0,"[156, 342]",1.033675018242775,0.33062689921620253
WFG9,WFG9,2,55,0,RBFN,200,10,86,606.0,40000.0,"[174, 416]",1.0335015444233768,0.3322435257431813
WFG9,WFG9,2,56,0,RBFN,200,10,90,598.0,40000.0,"[188, 408]",1.0335686737437704,0.3320516026317364
WFG9,WFG9,2,57,0,RBFN,200,10,87,668.0,40000.0,"[224, 478]",1.0350130760205067,0.33329535387591996
WFG9,WFG9,2,58,0,RBFN,200,10,87,630.0,40000.0,"[188, 440]",1.0335015444233768,0.3343398887000244
WFG9,WFG9,2,59,0,RBFN,200,10,87,648.0,40000.0,"[234, 458]",1.0349701799175264,0.3357350548207241
WFG9,WFG9,2,60,0,RBFN,200,10,92,654.0,40000.0,"[216, 464]",1.0341645899895173,0.3362100300207516
WFG9,WFG9,2,61,0,RBFN,200,10,89,594.0,40000.0,"[192, 404]",1.0341645899895173,0.33876178438833193
WFG9,WFG9,2,62,0,RBFN,200,10,89,724.0,40000.0,"[226, 534]",1.0344026474183705,0.3404685020602465
WFG9,WFG9,2,63,0,RBFN,200,10,84,736.0,40000.0,"[236, 546]",1.035277155186778,0.34137389053156736
WFG9,WFG9,2,64,0,RBFN,200,10,86,704.0,40000.0,"[238, 514]",1.0367085339765174,0.34253438379384027
WFG9,WFG9,2,65,0,RBFN,200,10,84,902.0,40000.0,"[302, 714]",1.0358958515700545,0.3436409035153051
WFG9,WFG9,2,66,0,RBFN,200,10,86,668.0,40000.0,"[246, 478]",1.0348927417473461,0.3446475073145866
WFG9,WFG9,2,67,0,RBFN,200,10,88,812.0,40000.0,"[279, 623]",1.035553220055017,0.3445448741222144
WFG9,WFG9,2,68,0,RBFN,200,10,90,748.0,40000.0,"[262, 558]",1.036822838546695,0.34524024327527536
WFG9,WFG9,2,69,0,RBFN,200,10,88,820.0,40000.0,"[312, 630]",1.0361177583999321,0.3454128400056166
WFG9,WFG9,2,70,0,RBFN,200,10,91,852.0,40000.0,"[312, 662]",1.0359946927126162,0.3462433839941277
WFG9,WFG9,2,71,0,RBFN,200,10,92,886.0,40000.0,"[334, 696]",1.0348601501882988,0.34741438802141794
WFG9,WFG9,2,72,0,RBFN,200,10,92,946.0,40000.0,"[348, 756]",1.0359093565401702,0.34783074485580845
WFG9,WFG9,2,73,0,RBFN,200,10,91,750.0,40000.0,"[288, 560]",1.0362176728533476,0.34905962774655974
WFG9,WFG9,2,74,0,RBFN,200,10,95,810.0,40000.0,"[342, 618]",1.036987747290119,0.3501382552993475
WFG9,WFG9,2,75,0,RBFN,200,10,94,744.0,40000.0,"[312, 554]",1.0359859151767008,0.3500146971229647
WFG9,WFG9,2,76,0,RBFN,200,10,91,698.0,40000.0,"[300, 506]",1.0375541847110805,0.3505555772236865
WFG9,WFG9,2,77,0,RBFN,200,10,94,1036.0,40000.0,"[586, 846]",1.0381037924583647,0.3512301756142624
WFG9,WFG9,2,78,0,RBFN,200,10,93,906.0,40000.0,"[380, 716]",1.038857024714845,0.35178054137223613
WFG9,WFG9,2,79,0,RBFN,200,10,91,908.0,40000.0,"[432, 716]",1.040059045506625,0.3521571856970894
WFG9,WFG9,2,80,0,RBFN,200,10,88,782.0,40000.0,"[336, 590]",1.0429912907830936,0.35242906942397745
WFG9,WFG9,2,81,0,RBFN,200,10,92,834.0,40000.0,"[360, 642]",1.0424740495378535,0.35185392129664117
WFG9,WFG9,2,82,0,RBFN,200,10,92,974.0,40000.0,"[502, 782]",1.0394972975064047,0.35234021847379177
WFG9,WFG9,2,83,0,RBFN,200,10,94,808.0,40000.0,"[346, 616]",1.0395904707658628,0.35284524151649554
WFG9,WFG9,2,84,0,RBFN,200,10,94,946.0,40000.0,"[425, 755]",1.042614495551732,0.3526253930106896
WFG9,WFG9,2,85,0,RBFN,200,9,90,704.0,40000.0,"[292, 512]",1.0399305417476865,0.3466524550000177
WFG9,WFG9,2,86,0,RBFN,200,9,91,798.0,40000.0,"[337, 607]",1.0401356824239225,0.34724985742528314
WFG9,WFG9,2,87,0,RBFN,200,9,90,734.0,40000.0,"[329, 543]",1.0397213783960648,0.3476009695093466
WFG9,WFG9,2,88,0,RBFN,200,9,91,696.0,40000.0,"[275, 505]",1.0420104082657127,0.3476916859123905
WFG9,WFG9,2,89,0,RBFN,200,9,90,746.0,40000.0,"[327, 555]",1.0404192579918694,0.34845612323225905
WFG9,WFG9,2,90,0,RBFN,200,9,92,778.0,40000.0,"[321, 587]",1.0427168174627701,0.34892924057413155
WFG9,WFG9,2,91,0,RBFN,200,9,93,824.0,40000.0,"[389, 633]",1.039369093429238,0.349695186965506
WFG9,WFG9,2,92,0,RBFN,200,9,95,884.0,40000.0,"[410, 694]",1.0416882918971297,0.3502696141688492
WFG9,WFG9,2,93,0,RBFN,200,9,95,860.0,40000.0,"[383, 669]",1.042292437463762,0.35143544986861547
WFG9,WFG9,2,94,0,RBFN,200,9,95,714.0,40000.0,"[287, 523]",1.04273056491854,0.35175314607068886
WFG9,WFG9,2,95,0,RBFN,200,9,95,918.0,40000.0,"[375, 727]",1.0451225078938773,0.3520920471877765
WFG9,WFG9,2,96,0,RBFN,200,9,95,842.0,40000.0,"[355, 651]",1.042292437463762,0.35204892307057856
WFG9,WFG9,2,97,0,RBFN,200,9,95,816.0,40000.0,"[369, 625]",1.0442165494912568,0.3530971394942726
WFG9,WFG9,2,98,0,RBFN,200,9,95,962.0,40000.0,"[452, 772]",1.042292437463762,0.3530282717861492
WFG9,WFG9,2,99,0,RBFN,200,9,96,786.0,40000.0,"[393, 595]",1.0462838505564949,0.3534193844293491
ZDT1,ZDT1,2,1,1,Kriging,1029,77,14,1058841.0,1058841.0,"[1058841.0, 1007469.0]",0.11280076111194699,0.07929343192867633
ZDT1,ZDT1,2,2,1,Kriging,200,26,15,40000.0,40000.0,"[40000, 29351]",0.11288293516617703,0.054964919206863305
ZDT1,ZDT1,2,3,1,Kriging,200,8,10,40000.0,40000.0,"[40000, 24102]",0.11288293516617703,0.052951932879832846
ZDT1,ZDT1,2,4,1,Kriging,200,3,14,40000.0,40000.0,"[40000, 22376]",0.11294975044326241,0.06893411130035307
ZDT1,ZDT1,2,5,1,Kriging,200,2,18,40000.0,40000.0,"[40000, 21789]",0.11308674500652494,0.08165459491377319
ZDT1,ZDT1,2,6,1,Kriging,200,0,19,40000.0,40000.0,"[40000, 20688]",0.11337949728766107,0.09745333369694689
ZDT1,ZDT1,2,7,1,Kriging,200,0,16,40000.0,40000.0,"[40000, 21264]",0.11340729358598718,0.11075987448988733
ZDT1,ZDT1,2,8,1,Kriging,200,0,21,40000.0,40000.0,"[40000, 21174]",0.11340729358598718,0.12195547825129514
ZDT1,ZDT1,2,9,1,Kriging,200,0,13,40000.0,40000.0,"[40000, 20766]",0.11365589522665841,0.13230795772948192
ZDT1,ZDT1,2,10,1,Kriging,200,0,14,40000.0,40000.0,"[40000, 20562]",0.11368589348568285,0.15450386023863114
ZDT1,ZDT1,2,11,1,Kriging,200,0,19,40000.0,40000.0,"[40000, 20370]",0.11374012014452711,0.17583155991419439
ZDT1,ZDT1,2,12,1,Kriging,200,0,19,40000.0,40000.0,"[40000, 20376]",0.11376183644837405,0.18860766984870472
ZDT1,ZDT1,2,13,1,Kriging,200,0,23,40000.0,40000.0,"[40000, 19152]",0.1139173914319628,0.2020138580111582
ZDT1,ZDT1,2,14,1,Kriging,200,0,22,40000.0,40000.0,"[40000, 18458]",0.11427476912756403,0.2116678431531841
ZDT1,ZDT1,2,15,1,Kriging,200,0,28,40000.0,40000.0,"[40000, 18372]",0.11427476912756403,0.2274488805489308
ZDT1,ZDT1,2,16,1,Kriging,200,0,26,40000.0,40000.0,"[40000, 18178]",0.11427476912756403,0.2423554847233471
ZDT1,ZDT1,2,17,1,Kriging,200,0,35,40000.0,40000.0,"[40000, 17290]",0.1143201966499562,0.24754873369683936
ZDT1,ZDT1,2,18,1,Kriging,200,0,28,40000.0,40000.0,"[40000, 18108]",0.11445332654472785,0.257808075508372
ZDT1,ZDT1,2,19,1,Kriging,200,0,29,40000.0,40000.0,"[40000, 17694]",0.11454993994418096,0.26800274766848386
ZDT1,ZDT1,2,20,1,Kriging,200,0,35,40000.0,40000.0,"[40000, 17482]",0.11458885075170275,0.28034050217463274
ZDT1,ZDT1,2,21,1,Kriging,200,0,37,40000.0,40000.0,"[40000, 17292]",0.114606806879202,0.2844345460284962
ZDT1,ZDT1,2,22,1,Kriging,200,0,41,40000.0,40000.0,"[40000, 17688]",0.11469774705651771,0.2875924977903883
ZDT1,ZDT1,2,23,1,Kriging,200,0,41,40000.0,40000.0,"[40000, 17368]",0.11477389404104606,0.29170879931877214
ZDT1,ZDT1,2,24,1,Kriging,200,0,49,40000.0,40000.0,"[40000, 15614]",0.11477973267034516,0.2945430460908192
ZDT1,ZDT1,2,25,1,Kriging,200,0,38,40000.0,40000.0,"[40000, 15546]",0.11480983102925983,0.29791379541539825
ZDT1,ZDT1,2,26,1,Kriging,200,0,43,40000.0,40000.0,"[40000, 15612]",0.11485015507745455,0.30150538930875925
ZDT1,ZDT1,2,27,1,Kriging,200,0,50,40000.0,40000.0,"[40000, 15856]",0.11499605662976495,0.3053351661279915
ZDT1,ZDT1,2,28,1,Kriging,200,0,55,40000.0,40000.0,"[40000, 14050]",0.11499605662976495,0.3097727624693078
ZDT1,ZDT1,2,29,1,Kriging,200,0,46,40000.0,40000.0,"[40000, 15884]",0.11499605662976495,0.31247523280184153
ZDT1,ZDT1,2,30,1,Kriging,200,0,54,40000.0,40000.0,"[40000, 16782]",0.11501597644785838,0.3147401353912119
ZDT1,ZDT1,2,31,1,Kriging,200,0,57,40000.0,40000.0,"[40000, 16356]",0.11509998576002055,0.31732633144526484
ZDT1,ZDT1,2,32,1,Kriging,200,0,54,40000.0,40000.0,"[40000, 15756]",0.11509998576002055,0.319875566728521
ZDT1,ZDT1,2,33,1,Kriging,200,0,58,40000.0,40000.0,"[40000, 16234]",0.11510881140055822,0.32188526451061505
ZDT1,ZDT1,2,34,1,Kriging,200,0,55,40000.0,40000.0,"[40000, 15236]",0.11512094750177441,0.32387631855448573
ZDT1,ZDT1,2,35,1,Kriging,200,0,57,40000.0,40000.0,"[40000, 14696]",0.11515041357835215,0.32511139791003785
ZDT1,ZDT1,2,36,1,Kriging,200,0,57,40000.0,40000.0,"[40000, 16174]",0.11517809762385368,0.32815252032586506
ZDT1,ZDT1,2,37,1,Kriging,200,0,53,40000.0,40000.0,"[40000, 16652]",0.11519969161956006,0.3321904432652456
ZDT1,ZDT1,2,38,1,Kriging,200,0,61,40000.0,40000.0,"[40000, 14072]",0.11520555603166208,0.33468676543298315
ZDT1,ZDT1,2,39,1,Kriging,200,0,57,40000.0,40000.0,"[40000, 14976]",0.1152507594568872,0.33600775572918345
ZDT1,ZDT1,2,40,1,Kriging,200,0,55,40000.0,40000.0,"[40000, 17054]",0.11526920789676987,0.33734536063158743
ZDT1,ZDT1,2,41,1,Kriging,200,0,72,40000.0,40000.0,"[40000, 17078]",0.11532218982218059,0.3390964597361342
ZDT1,ZDT1,2,42,1,Kriging,200,0,77,40000.0,40000.0,"[40000, 16326]",0.1153435276266456,0.3409098375769554
ZDT1,ZDT1,2,43,1,Kriging,200,0,76,40000.0,40000.0,"[40000, 14764]",0.1153435276266456,0.34314472740862245
ZDT1,ZDT1,2,44,1,Kriging,200,0,69,40000.0,40000.0,"[40000, 16502]",0.11538887401530551,0.34556074419818006
ZDT1,ZDT1,2,45,1,Kriging,200,0,66,40000.0,40000.0,"[40000, 14942]",0.11538887401530551,0.3477663250944327
ZDT1,ZDT1,2,46,1,Kriging,200,0,77,40000.0,40000.0,"[40000, 14736]",0.11538887401530551,0.3503599590955232
ZDT1,ZDT1,2,47,1,Kriging,200,0,75,40000.0,40000.0,"[40000, 16468]",0.1154483822510849,0.35165361086222857
ZDT1,ZDT1,2,48,1,Kriging,200,0,68,40000.0,40000.0,"[40000, 16728]",0.1154483822510849,0.35395378369615516
ZDT1,ZDT1,2,49,1,Kriging,200,0,69,40000.0,40000.0,"[40000, 15834]",0.11546130162817213,0.35610195742678497
ZDT1,ZDT1,2,50,1,Kriging,200,0,70,40000.0,40000.0,"[40000, 16970]",0.1154994380772128,0.3585742224158483
ZDT1,ZDT1,2,51,1,Kriging,200,0,68,40000.0,40000.0,"[40000, 17004]",0.11551429631181784,0.3615555285894773
ZDT1,ZDT1,2,52,1,Kriging,200,0,67,40000.0,40000.0,"[40000, 15804]",0.11551429631181784,0.36321942395752665
ZDT1,ZDT1,2,53,1,Kriging,200,0,65,40000.0,40000.0,"[40000, 14968]",0.11551429631181784,0.36503277894400005
ZDT1,ZDT1,2,54,1,Kriging,200,0,69,40000.0,40000.0,"[40000, 16454]",0.115564454577037,0.3670643161683506
ZDT1,ZDT1,2,55,1,Kriging,200,0,62,40000.0,40000.0,"[40000, 15838]",0.115564454577037,0.3686943573137195
ZDT1,ZDT1,2,56,1,Kriging,200,0,68,40000.0,40000.0,"[40000, 16324]",0.11557412687877157,0.3706440517756369
ZDT1,ZDT1,2,57,1,Kriging,200,0,66,40000.0,40000.0,"[40000, 14686]",0.11557864999852553,0.3717971010469167
ZDT1,ZDT1,2,58,1,Kriging,200,0,68,40000.0,40000.0,"[40000, 15854]",0.11557864999852553,0.37288092876934165
ZDT1,ZDT1,2,59,1,Kriging,200,0,78,40000.0,40000.0,"[40000, 16886]",0.1156020886141367,0.37357208294757027
ZDT1,ZDT1,2,60,1,Kriging,200,0,73,40000.0,40000.0,"[40000, 16084]",0.1156160333723063,0.37489286818068185
ZDT1,ZDT1,2,61,1,Kriging,200,0,81,40000.0,40000.0,"[40000, 16050]",0.11561945677073049,0.37564521366421827
ZDT1,ZDT1,2,62,1,Kriging,200,0,81,40000.0,40000.0,"[40000, 16612]",0.11564516206819604,0.376268526687239
ZDT1,ZDT1,2,63,1,Kriging,200,0,75,40000.0,40000.0,"[40000, 16596]",0.11564818391244727,0.37717658405506127
ZDT1,ZDT1,2,64,1,Kriging,200,0,79,40000.0,40000.0,"[40000, 16402]",0.11564818391244727,0.3775466596726231
ZDT1,ZDT1,2,65,1,Kriging,200,0,77,40000.0,40000.0,"[40000, 14912]",0.11564818391244727,0.3778605349835475
ZDT1,ZDT1,2,66,1,Kriging,200,0,79,40000.0,40000.0,"[40000, 16858]",0.11566387056628855,0.37869433736412594
ZDT1,ZDT1,2,67,1,Kriging,200,0,74,40000.0,40000.0,"[40000, 16582]",0.11566825714768474,0.379481925255935
ZDT1,ZDT1,2,68,1,Kriging,200,0,82,40000.0,40000.0,"[40000, 16432]",0.11566979549117523,0.38011187232988375
ZDT1,ZDT1,2,69,1,Kriging,200,0,91,40000.0,40000.0,"[40000, 14756]",0.11566979549117523,0.38016182163673146
ZDT1,ZDT1,2,70,1,Kriging,200,0,92,40000.0,40000.0,"[40000, 16668]",0.11567117651867088,0.3808887422776215
ZDT1,ZDT1,2,71,1,Kriging,200,0,85,40000.0,40000.0,"[40000, 16390]",0.11567117651867088,0.38086366977231245
ZDT1,ZDT1,2,72,1,Kriging,200,0,82,40000.0,40000.0,"[40000, 16766]",0.11567860463197221,0.38116559656646615
ZDT1,ZDT1,2,73,1,Kriging,200,0,81,40000.0,40000.0,"[40000, 15990]",0.11567860463197221,0.3813669399648749
ZDT1,ZDT1,2,74,1,Kriging,200,0,83,40000.0,40000.0,"[40000, 15318]",0.1156824397611661,0.38137520495811406
ZDT1,ZDT1,2,75,1,Kriging,200,0,85,40000.0,40000.0,"[40000, 16488]",0.1156824397611661,0.3815783151757073
ZDT1,ZDT1,2,76,1,Kriging,200,0,88,40000.0,40000.0,"[40000, 17530]",0.11569292357723547,0.381789089841041
ZDT1,ZDT1,2,77,1,Kriging,200,0,88,40000.0,40000.0,"[40000, 16554]",0.11569292357723547,0.381832760861745
ZDT1,ZDT1,2,78,1,Kriging,200,0,88,40000.0,40000.0,"[40000, 17302]",0.11569292357723547,0.38222940652848125
ZDT1,ZDT1,2,79,1,Kriging,200,0,87,40000.0,40000.0,"[40000, 16694]",0.11569485875841155,0.3823127007610793
ZDT1,ZDT1,2,80,1,Kriging,200,0,88,40000.0,40000.0,"[40000, 16982]",0.11569485875841155,0.38238411580414466
ZDT1,ZDT1,2,81,1,Kriging,200,0,90,40000.0,40000.0,"[40000, 17012]",0.11569485875841155,0.3826055576344311
ZDT1,ZDT1,2,82,1,Kriging,200,0,88,40000.0,40000.0,"[40000, 16372]",0.11569504783783013,0.3827017251058333
ZDT1,ZDT1,2,83,1,Kriging,200,0,84,40000.0,40000.0,"[40000, 16508]",0.11569504783783013,0.3826801707352589
ZDT1,ZDT1,2,84,1,Kriging,200,0,87,40000.0,40000.0,"[40000, 16052]",0.11569993339446706,0.3829058649222977
ZDT1,ZDT1,2,85,1,Kriging,200,0,88,40000.0,40000.0,"[40000, 16264]",0.11570221487562608,0.38333326154308395
ZDT1,ZDT1,2,86,1,Kriging,200,0,87,40000.0,40000.0,"[40000, 15578]",0.11570221487562608,0.3832368655318669
ZDT1,ZDT1,2,87,1,Kriging,200,0,89,40000.0,40000.0,"[40000, 16406]",0.11570221487562608,0.383076481434086
ZDT1,ZDT1,2,88,1,Kriging,200,0,92,40000.0,40000.0,"[40000, 16122]",0.11570310888034015,0.3833410976263271
ZDT1,ZDT1,2,89,1,Kriging,200,0,95,40000.0,40000.0,"[40000, 17018]",0.11570310888034015,0.38361445036336683
ZDT1,ZDT1,2,90,1,Kriging,200,0,94,40000.0,40000.0,"[40000, 16468]",0.11570318173367519,0.3835086171084331
ZDT1,ZDT1,2,91,1,Kriging,200,0,95,40000.0,40000.0,"[40000, 17374]",0.11570545400199127,0.3836181714741111
ZDT1,ZDT1,2,92,1,Kriging,200,0,93,40000.0,40000.0,"[40000, 16592]",0.11570545400199127,0.3838823682909357
ZDT1,ZDT1,2,93,1,Kriging,200,0,94,40000.0,40000.0,"[40000, 15666]",0.11570545400199127,0.3836829908752427
ZDT1,ZDT1,2,94,1,Kriging,200,0,90,40000.0,40000.0,"[40000, 16840]",0.11570545400199127,0.3839976631729155
ZDT1,ZDT1,2,95,1,Kriging,200,0,91,40000.0,40000.0,"[40000, 15380]",0.11570545400199127,0.38410454920996956
ZDT1,ZDT1,2,96,1,Kriging,200,0,93,40000.0,40000.0,"[40000, 17310]",0.11570674397849742,0.3839786510349914
ZDT1,ZDT1,2,97,1,Kriging,200,0,94,40000.0,40000.0,"[40000, 16506]",0.11570674397849742,0.3840228071006132
ZDT1,ZDT1,2,98,1,Kriging,200,0,95,40000.0,40000.0,"[40000, 17092]",0.11570674397849742,0.38402406472030587
ZDT1,ZDT1,2,99,1,Kriging,200,0,95,40000.0,40000.0,"[40000, 17520]",0.11570827876733912,0.3840161878566576
ZDT3,ZDT3,2,1,1,Kriging,1029,89,17,1058841.0,1058841.0,"[1058841.0, 901361]",0.43433564523788615,0.18553450980794964
ZDT3,ZDT3,2,2,1,Kriging,200,56,16,40000.0,40000.0,"[40000, 13696]",0.43446217897420647,0.1430223329087972
ZDT3,ZDT3,2,3,1,Kriging,200,39,17,40000.0,40000.0,"[40000, 8035]",0.43454006011765384,0.12096222834582612
ZDT3,ZDT3,2,4,1,Kriging,200,29,20,40000.0,40000.0,"[40000, 5341]",0.4349479502592014,0.09345128888653681
ZDT3,ZDT3,2,5,1,Kriging,200,16,13,40000.0,40000.0,"[40000, 3187]",0.4353101351390252,0.05947426271789078
ZDT3,ZDT3,2,6,1,Kriging,200,8,19,40000.0,40000.0,"[40000, 880]",0.4355093508571774,0.03990343193000757
ZDT3,ZDT3,2,7,1,Kriging,200,0,12,40000.0,40000.0,"[40000, 220]",0.435549734491591,0.021429013020876853
ZDT3,ZDT3,2,8,1,Kriging,200,0,16,40000.0,40000.0,"[40000, 12]",0.43596344515008856,0.02480506332430975
ZDT3,ZDT3,2,9,1,Kriging,200,0,10,40000.0,40000.0,"[40000, 2]",0.43596344515008856,0.028352044791474615
ZDT3,ZDT3,2,10,1,Kriging,200,0,22,40000.0,40000.0,"[40000, 0]",0.43596344515008856,0.03236736196180395
ZDT3,ZDT3,2,11,1,Kriging,200,0,19,40000.0,40000.0,"[40000, 0]",0.4358326676955901,0.03623602696607858
ZDT3,ZDT3,2,12,1,Kriging,200,0,19,40000.0,40000.0,"[40000, 0]",0.436628804370822,0.04068744339857441
ZDT3,ZDT3,2,13,1,Kriging,200,0,25,40000.0,40000.0,"[40000, 0]",0.43689620855284533,0.04686859620097987
ZDT3,ZDT3,2,14,1,Kriging,200,0,23,40000.0,40000.0,"[40000, 0]",0.43733477121581366,0.05218125351972981
ZDT3,ZDT3,2,15,1,Kriging,200,0,22,40000.0,40000.0,"[40000, 0]",0.43736603337725516,0.05799532963425712
ZDT3,ZDT3,2,16,1,Kriging,200,0,30,40000.0,40000.0,"[40000, 0]",0.4380680578515141,0.06287904801629128
ZDT3,ZDT3,2,17,1,Kriging,200,0,25,40000.0,40000.0,"[40000, 0]",0.4384956691208909,0.06818870875179817
ZDT3,ZDT3,2,18,1,Kriging,200,0,25,40000.0,40000.0,"[40000, 0]",0.43891122200442645,0.07399470971872671
ZDT3,ZDT3,2,19,1,Kriging,200,0,32,40000.0,40000.0,"[40000, 0]",0.43891122200442645,0.07909275211798286
ZDT3,ZDT3,2,20,1,Kriging,200,0,38,40000.0,40000.0,"[40000, 0]",0.4393171512184481,0.08323037225839293
ZDT3,ZDT3,2,21,1,Kriging,200,0,35,40000.0,40000.0,"[40000, 0]",0.43941072541343557,0.08851383044784118
ZDT3,ZDT3,2,22,1,Kriging,200,0,32,40000.0,40000.0,"[40000, 0]",0.4397749139372918,0.09177983347514854
ZDT3,ZDT3,2,23,1,Kriging,200,0,37,40000.0,40000.0,"[40000, 0]",0.43988711702432853,0.0957722045785092
ZDT3,ZDT3,2,24,1,Kriging,200,0,33,40000.0,40000.0,"[40000, 0]",0.43988711702432853,0.10028042794997165
ZDT3,ZDT3,2,25,1,Kriging,200,0,31,40000.0,40000.0,"[40000, 0]",0.4404002779351579,0.1047365436875838
ZDT3,ZDT3,2,26,1,Kriging,200,0,39,40000.0,40000.0,"[40000, 0]",0.4404667951049919,0.10830852044123701
ZDT3,ZDT3,2,27,1,Kriging,200,0,49,40000.0,40000.0,"[40000, 0]",0.44082566128971556,0.1117081031142944
ZDT3,ZDT3,2,28,1,Kriging,200,0,59,40000.0,40000.0,"[40000, 0]",0.44090834260251355,0.11353823378071791
ZDT3,ZDT3,2,29,1,Kriging,200,0,57,40000.0,40000.0,"[40000, 0]",0.44090834260251355,0.11564194239185867
ZDT3,ZDT3,2,30,1,Kriging,200,0,49,40000.0,40000.0,"[40000, 0]",0.44090834260251355,0.11840810783631156
ZDT3,ZDT3,2,31,1,Kriging,200,0,60,40000.0,40000.0,"[40000, 0]",0.4412923139286787,0.12089764332811156
ZDT3,ZDT3,2,32,1,Kriging,200,0,56,40000.0,40000.0,"[40000, 0]",0.44145051517913936,0.12286474071385432
ZDT3,ZDT3,2,33,1,Kriging,200,0,52,40000.0,40000.0,"[40000, 0]",0.44145051517913936,0.12547018148273384
ZDT3,ZDT3,2,34,1,Kriging,200,0,63,40000.0,40000.0,"[40000, 0]",0.44180414987404776,0.12727490405727912
ZDT3,ZDT3,2,35,1,Kriging,200,0,53,40000.0,40000.0,"[40000, 0]",0.4419992327718043,0.12973063398492088
ZDT3,ZDT3,2,36,1,Kriging,200,0,56,40000.0,40000.0,"[40000, 0]",0.4419992327718043,0.1314336461630255
ZDT3,ZDT3,2,37,1,Kriging,200,0,61,40000.0,40000.0,"[40000, 0]",0.44219465496347665,0.1333144474336878
ZDT3,ZDT3,2,38,1,Kriging,200,0,53,40000.0,40000.0,"[40000, 0]",0.4422657962693379,0.13558168427090453
ZDT3,ZDT3,2,39,1,Kriging,200,0,54,40000.0,40000.0,"[40000, 0]",0.4422657962693379,0.13774666033278316
ZDT3,ZDT3,2,40,1,Kriging,200,0,51,40000.0,40000.0,"[40000, 0]",0.4423657309747096,0.14010113207938102
ZDT3,ZDT3,2,41,1,Kriging,200,0,54,40000.0,40000.0,"[40000, 0]",0.4425902123532026,0.14154319906666107
ZDT3,ZDT3,2,42,1,Kriging,200,0,57,40000.0,40000.0,"[40000, 0]",0.4426379271133893,0.14311987684932767
ZDT3,ZDT3,2,43,1,Kriging,200,0,56,40000.0,40000.0,"[40000, 0]",0.44297172204586543,0.14508123854124583
ZDT3,ZDT3,2,44,1,Kriging,200,0,59,40000.0,40000.0,"[40000, 0]",0.4430120519481703,0.14685391985394866
ZDT3,ZDT3,2,45,1,Kriging,200,0,55,40000.0,40000.0,"[40000, 0]",0.4430311666876168,0.14825339439273744
ZDT3,ZDT3,2,46,1,Kriging,200,0,61,40000.0,40000.0,"[40000, 0]",0.4430311666876168,0.14927355016866184
ZDT3,ZDT3,2,47,1,Kriging,200,0,70,40000.0,40000.0,"[40000, 0]",0.44311586239600076,0.14999894533463945
ZDT3,ZDT3,2,48,1,Kriging,200,0,66,40000.0,40000.0,"[40000, 0]",0.4431998155710583,0.15096878114612639
ZDT3,ZDT3,2,49,1,Kriging,200,0,63,40000.0,40000.0,"[40000, 0]",0.4431998155710583,0.15229761815157758
ZDT3,ZDT3,2,50,1,Kriging,200,0,61,40000.0,40000.0,"[40000, 0]",0.44322585102929896,0.15378381664423768
ZDT3,ZDT3,2,51,1,Kriging,200,0,62,40000.0,40000.0,"[40000, 0]",0.4433052611680898,0.1549233407789772
ZDT3,ZDT3,2,52,1,Kriging,200,0,64,40000.0,40000.0,"[40000, 0]",0.44334470570721185,0.15577348115401102
ZDT3,ZDT3,2,53,1,Kriging,200,0,66,40000.0,40000.0,"[40000, 0]",0.4434426295009224,0.15693300501253737
ZDT3,ZDT3,2,54,1,Kriging,200,0,68,40000.0,40000.0,"[40000, 0]",0.4435109626812907,0.15777030925623065
ZDT3,ZDT3,2,55,1,Kriging,200,0,67,40000.0,40000.0,"[40000, 0]",0.4435526360503269,0.15825197496481153
ZDT3,ZDT3,2,56,1,Kriging,200,0,70,40000.0,40000.0,"[40000, 0]",0.44369206706513376,0.15894598293683695
ZDT3,ZDT3,2,57,1,Kriging,200,0,69,40000.0,40000.0,"[40000, 0]",0.44369206706513376,0.15995900963507156
ZDT3,ZDT3,2,58,1,Kriging,200,0,70,40000.0,40000.0,"[40000, 0]",0.44369206706513376,0.16096477649257301
ZDT3,ZDT3,2,59,1,Kriging,200,0,75,40000.0,40000.0,"[40000, 0]",0.4437354644477003,0.16213264522700935
ZDT3,ZDT3,2,60,1,Kriging,200,0,69,40000.0,40000.0,"[40000, 0]",0.4437823033320041,0.16275464251404437
ZDT3,ZDT3,2,61,1,Kriging,200,0,71,40000.0,40000.0,"[40000, 0]",0.44385187281672117,0.16341851707533694
ZDT3,ZDT3,2,62,1,Kriging,200,0,78,40000.0,40000.0,"[40000, 0]",0.44390918446034583,0.16388760123742016
ZDT3,ZDT3,2,63,1,Kriging,200,0,78,40000.0,40000.0,"[40000, 0]",0.44390991470099656,0.16440050018232064
ZDT3,ZDT3,2,64,1,Kriging,200,0,74,40000.0,40000.0,"[40000, 0]",0.44390991470099656,0.16493413139192387
ZDT3,ZDT3,2,65,1,Kriging,200,0,78,40000.0,40000.0,"[40000, 0]",0.44396996410131345,0.16525942923686116
ZDT3,ZDT3,2,66,1,Kriging,200,0,77,40000.0,40000.0,"[40000, 0]",0.44398610384473874,0.16567037640699747
ZDT3,ZDT3,2,67,1,Kriging,200,0,82,40000.0,40000.0,"[40000, 0]",0.444039498247858,0.16616893601637897
ZDT3,ZDT3,2,68,1,Kriging,200,0,84,40000.0,40000.0,"[40000, 0]",0.444039498247858,0.16667846996503802
ZDT3,ZDT3,2,69,1,Kriging,200,0,82,40000.0,40000.0,"[40000, 0]",0.4440569249287767,0.16701957094360417
ZDT3,ZDT3,2,70,1,Kriging,200,0,82,40000.0,40000.0,"[40000, 0]",0.4440905163662637,0.1675433481128132
ZDT3,ZDT3,2,71,1,Kriging,200,0,79,40000.0,40000.0,"[40000, 0]",0.4441098317825663,0.16802274802321093
ZDT3,ZDT3,2,72,1,Kriging,200,0,81,40000.0,40000.0,"[40000, 0]",0.44411419107285105,0.1684384234305097
ZDT3,ZDT3,2,73,1,Kriging,200,0,84,40000.0,40000.0,"[40000, 0]",0.44413855650399303,0.16840275499721735
ZDT3,ZDT3,2,74,1,Kriging,200,0,75,40000.0,40000.0,"[40000, 0]",0.444191567208329,0.1689724813501394
ZDT3,ZDT3,2,75,1,Kriging,200,0,78,40000.0,40000.0,"[40000, 0]",0.444191567208329,0.16910879840487958
ZDT3,ZDT3,2,76,1,Kriging,200,0,81,40000.0,40000.0,"[40000, 0]",0.444191567208329,0.16954175094334073
ZDT3,ZDT3,2,77,1,Kriging,200,0,82,40000.0,40000.0,"[40000, 0]",0.4442155630812062,0.1695641918228913
ZDT3,ZDT3,2,78,1,Kriging,200,0,83,40000.0,40000.0,"[40000, 0]",0.4442155630812062,0.16988238279973356
ZDT3,ZDT3,2,79,1,Kriging,200,0,79,40000.0,40000.0,"[40000, 0]",0.4442228214524443,0.17022764418923514
ZDT3,ZDT3,2,80,1,Kriging,200,0,78,40000.0,40000.0,"[40000, 0]",0.4442479198303235,0.170372059024786
ZDT3,ZDT3,2,81,1,Kriging,200,0,76,40000.0,40000.0,"[40000, 0]",0.4442502605136334,0.17065986143266776
ZDT3,ZDT3,2,82,1,Kriging,200,0,78,40000.0,40000.0,"[40000, 0]",0.4442479198303235,0.17096015785486032
ZDT3,ZDT3,2,83,1,Kriging,200,0,75,40000.0,40000.0,"[40000, 0]",0.4442878115399517,0.17118220100513742
ZDT3,ZDT3,2,84,1,Kriging,200,0,80,40000.0,40000.0,"[40000, 0]",0.4443003409439203,0.17135203477315206
ZDT3,ZDT3,2,85,1,Kriging,200,0,82,40000.0,40000.0,"[40000, 0]",0.4443327915318972,0.171508868727624
ZDT3,ZDT3,2,86,1,Kriging,200,0,83,40000.0,40000.0,"[40000, 0]",0.44433301332951014,0.17164182481489354
ZDT3,ZDT3,2,87,1,Kriging,200,0,81,40000.0,40000.0,"[40000, 0]",0.4443708917075272,0.17175271198656517
ZDT3,ZDT3,2,88,1,Kriging,200,0,87,40000.0,40000.0,"[40000, 0]",0.44437458441455374,0.17178689572549677
ZDT3,ZDT3,2,89,1,Kriging,200,0,88,40000.0,40000.0,"[40000, 0]",0.44437458441455374,0.17231355951675956
ZDT3,ZDT3,2,90,1,Kriging,200,0,88,40000.0,40000.0,"[40000, 0]",0.44437458441455374,0.1722584630567637
ZDT3,ZDT3,2,91,1,Kriging,200,0,89,40000.0,40000.0,"[40000, 0]",0.44438715984742955,0.17227614239426303
ZDT3,ZDT3,2,92,1,Kriging,200,0,87,40000.0,40000.0,"[40000, 0]",0.44438715984742955,0.17228490609758956
ZDT3,ZDT3,2,93,1,Kriging,200,0,89,40000.0,40000.0,"[40000, 0]",0.44438715984742955,0.17256791049877415
ZDT3,ZDT3,2,94,1,Kriging,200,0,88,40000.0,40000.0,"[40000, 0]",0.44438715984742955,0.17233702192947373
ZDT3,ZDT3,2,95,1,Kriging,200,0,87,40000.0,40000.0,"[40000, 0]",0.4443912364212137,0.17245718402335852
ZDT3,ZDT3,2,96,1,Kriging,200,0,89,40000.0,40000.0,"[40000, 0]",0.4443912364212137,0.172764331038321
ZDT3,ZDT3,2,97,1,Kriging,200,0,92,40000.0,40000.0,"[40000, 0]",0.4444036273987032,0.17251234197387716
ZDT3,ZDT3,2,98,1,Kriging,200,0,92,40000.0,40000.0,"[40000, 0]",0.4444068407313061,0.17277569834466847
ZDT3,ZDT3,2,99,1,Kriging,200,0,92,40000.0,40000.0,"[40000, 0]",0.444413958040695,0.17270996898784227
ZDT4,ZDT4,2,1,1,Kriging,409,76,10,167281.0,167281.0,"[167281, 98775]",29.610172365876217,8.628477614890937
ZDT4,ZDT4,2,2,1,Kriging,200,49,10,40000.0,40000.0,"[40000, 6670]",29.64365430164786,8.9937850367607
ZDT4,ZDT4,2,3,1,Kriging,200,34,11,40000.0,40000.0,"[40000, 3803]",29.64365430164786,9.43643244128224
ZDT4,ZDT4,2,4,1,Kriging,200,26,12,40000.0,40000.0,"[40000, 2838]",29.708464422900317,9.26813965060603
ZDT4,ZDT4,2,5,1,Kriging,200,19,13,40000.0,40000.0,"[40000, 1662]",29.738569108585434,8.612285845258064
ZDT4,ZDT4,2,6,1,Kriging,200,17,14,40000.0,40000.0,"[40000, 1103]",29.738569108585434,8.651780646729547
ZDT4,ZDT4,2,7,1,Kriging,200,17,14,40000.0,40000.0,"[40000, 1045]",29.74610236015297,9.489293237523151
ZDT4,ZDT4,2,8,1,Kriging,200,13,16,40000.0,40000.0,"[40000, 1531]",29.74610236015297,9.055868173221214
ZDT4,ZDT4,2,9,1,Kriging,200,13,18,40000.0,40000.0,"[40000, 1553]",29.738569108585434,9.306693166144818
ZDT4,ZDT4,2,10,1,Kriging,200,15,18,40000.0,40000.0,"[40000, 1945]",29.724342425764373,9.349424913056255
ZDT4,ZDT4,2,11,1,Kriging,200,15,23,40000.0,40000.0,"[40000, 2305]",29.629855339298423,9.472642726614383
ZDT4,ZDT4,2,12,1,Kriging,200,14,22,40000.0,40000.0,"[40000, 2903]",29.44122879714376,9.90551915252928
ZDT4,ZDT4,2,13,1,Kriging,200,14,21,40000.0,40000.0,"[40000, 3288]",29.490759253869555,10.082544846974095
ZDT4,ZDT4,2,14,1,Kriging,200,14,23,40000.0,40000.0,"[40000, 3686]",29.581979520923515,9.85351337117307
ZDT4,ZDT4,2,15,1,Kriging,200,13,23,40000.0,40000.0,"[40000, 4290]",29.3973239474247,10.225651700282414
ZDT4,ZDT4,2,16,1,Kriging,200,13,25,40000.0,40000.0,"[40000, 4819]",29.42726798557815,10.89235168449617
ZDT4,ZDT4,2,17,1,Kriging,200,13,25,40000.0,40000.0,"[40000, 4230]",29.494194375081605,10.808401198834245
ZDT4,ZDT4,2,18,1,Kriging,200,10,26,40000.0,40000.0,"[40000, 4724]",29.46612926536848,11.646917481645565
ZDT4,ZDT4,2,19,1,Kriging,200,10,28,40000.0,40000.0,"[40000, 4715]",29.444043498480955,12.364337248059428
ZDT4,ZDT4,2,20,1,Kriging,200,8,29,40000.0,40000.0,"[40000, 4833]",29.458848434919165,13.121685736467487
ZDT4,ZDT4,2,21,1,Kriging,200,8,30,40000.0,40000.0,"[40000, 4555]",29.44097873842994,13.760988114894724
ZDT4,ZDT4,2,22,1,Kriging,200,8,33,40000.0,40000.0,"[40000, 4533]",29.413699018570455,14.167706588255447
ZDT4,ZDT4,2,23,1,Kriging,200,8,38,40000.0,40000.0,"[40000, 4993]",29.470077447403696,15.470384435927832
ZDT4,ZDT4,2,24,1,Kriging,200,8,39,40000.0,40000.0,"[40000, 5203]",29.43798278343477,15.91024331853853
ZDT4,ZDT4,2,25,1,Kriging,200,8,36,40000.0,40000.0,"[40000, 4565]",29.390858632198306,16.029797044061464
ZDT4,ZDT4,2,26,1,Kriging,200,8,36,40000.0,40000.0,"[40000, 5529]",29.417416957839258,16.023134115639383
ZDT4,ZDT4,2,27,1,Kriging,200,8,36,40000.0,40000.0,"[40000, 4599]",29.404696963295976,15.834397031461753
ZDT4,ZDT4,2,28,1,Kriging,200,8,35,40000.0,40000.0,"[40000, 4997]",29.363917947042022,15.784518405122675
ZDT4,ZDT4,2,29,1,Kriging,200,7,38,40000.0,40000.0,"[40000, 5619]",29.428123421519448,16.06765407832942
ZDT4,ZDT4,2,30,1,Kriging,200,6,34,40000.0,40000.0,"[40000, 4459]",29.397197029725547,16.39033075920323
ZDT4,ZDT4,2,31,1,Kriging,200,6,36,40000.0,40000.0,"[40000, 4844]",29.423941429305152,16.384683421106246
ZDT4,ZDT4,2,32,1,Kriging,200,6,36,40000.0,40000.0,"[40000, 4166]",29.451233014203392,16.47173331292406
ZDT4,ZDT4,2,33,1,Kriging,200,5,37,40000.0,40000.0,"[40000, 4430]",29.502814041979306,16.70583814433093
ZDT4,ZDT4,2,34,1,Kriging,200,3,37,40000.0,40000.0,"[40000, 3303]",29.39344048237669,17.373129458976972
ZDT4,ZDT4,2,35,1,Kriging,200,2,39,40000.0,40000.0,"[40000, 3111]",29.41949224450372,17.513780589143828
ZDT4,ZDT4,2,36,1,Kriging,200,2,41,40000.0,40000.0,"[40000, 2772]",29.38928198281607,17.936481357493353
ZDT4,ZDT4,2,37,1,Kriging,200,2,41,40000.0,40000.0,"[40000, 2562]",29.417108004415862,18.099371424816457
ZDT4,ZDT4,2,38,1,Kriging,200,2,41,40000.0,40000.0,"[40000, 2994]",29.4583006302039,18.05764907687576
ZDT4,ZDT4,2,39,1,Kriging,200,2,41,40000.0,40000.0,"[40000, 2954]",29.48042365654333,18.237723281769835
ZDT4,ZDT4,2,40,1,Kriging,200,2,44,40000.0,40000.0,"[40000, 2526]",29.50123865999738,18.335327953573064
ZDT4,ZDT4,2,41,1,Kriging,200,1,42,40000.0,40000.0,"[40000, 2542]",29.416393246599053,18.62424378064225
ZDT4,ZDT4,2,42,1,Kriging,200,0,44,40000.0,40000.0,"[40000, 3049]",29.430530416349637,18.549483073841465
ZDT4,ZDT4,2,43,1,Kriging,200,0,42,40000.0,40000.0,"[40000, 2544]",29.352030959798558,18.77606733491072
ZDT4,ZDT4,2,44,1,Kriging,200,0,43,40000.0,40000.0,"[40000, 2444]",29.420249656400703,18.672459927185315
ZDT4,ZDT4,2,45,1,Kriging,200,0,46,40000.0,40000.0,"[40000, 2672]",29.42724617552281,18.95357748667755
ZDT4,ZDT4,2,46,1,Kriging,200,0,46,40000.0,40000.0,"[40000, 2658]",29.39896263077217,18.83089907979214
ZDT4,ZDT4,2,47,1,Kriging,200,0,46,40000.0,40000.0,"[40000, 2418]",29.47991104769202,18.950845251025786
ZDT4,ZDT4,2,48,1,Kriging,200,0,52,40000.0,40000.0,"[40000, 1934]",29.40128305442908,18.938145037536255
ZDT4,ZDT4,2,49,1,Kriging,200,0,53,40000.0,40000.0,"[40000, 2586]",29.415966968756987,18.963514536946185
ZDT4,ZDT4,2,50,1,Kriging,200,0,55,40000.0,40000.0,"[40000, 2284]",29.383598298013002,18.859307717067928
ZDT4,ZDT4,2,51,1,Kriging,200,0,57,40000.0,40000.0,"[40000, 2260]",29.484528116577536,18.74474921427503
ZDT4,ZDT4,2,52,1,Kriging,200,0,59,40000.0,40000.0,"[40000, 1968]",29.371507897974233,18.769998417299757
ZDT4,ZDT4,2,53,1,Kriging,200,0,57,40000.0,40000.0,"[40000, 2038]",29.41048335702211,18.858140395071516
ZDT4,ZDT4,2,54,1,Kriging,200,0,58,40000.0,40000.0,"[40000, 1654]",29.417851931432523,18.879412237931977
ZDT4,ZDT4,2,55,1,Kriging,200,0,59,40000.0,40000.0,"[40000, 1788]",29.37584986717397,18.86749357002477
ZDT4,ZDT4,2,56,1,Kriging,200,0,59,40000.0,40000.0,"[40000, 2142]",29.492588879665586,18.81130702041177
ZDT4,ZDT4,2,57,1,Kriging,200,0,60,40000.0,40000.0,"[40000, 2258]",29.408928836661637,18.897521439037078
ZDT4,ZDT4,2,58,1,Kriging,200,0,59,40000.0,40000.0,"[40000, 2452]",29.46559890895666,19.042124512767632
ZDT4,ZDT4,2,59,1,Kriging,200,0,62,40000.0,40000.0,"[40000, 2264]",29.380488779614748,18.941685875098408
ZDT4,ZDT4,2,60,1,Kriging,200,0,61,40000.0,40000.0,"[40000, 1904]",29.389391693955396,18.884095099014647
ZDT4,ZDT4,2,61,1,Kriging,200,0,60,40000.0,40000.0,"[40000, 2018]",29.43172956117232,19.016559189119754
ZDT4,ZDT4,2,62,1,Kriging,200,0,62,40000.0,40000.0,"[40000, 2042]",29.341003564344923,18.995196872283692
ZDT4,ZDT4,2,63,1,Kriging,200,0,59,40000.0,40000.0,"[40000, 2188]",29.336877399634997,18.997528178150127
ZDT4,ZDT4,2,64,1,Kriging,200,0,58,40000.0,40000.0,"[40000, 1826]",29.398449661662323,18.95952135249066
ZDT4,ZDT4,2,65,1,Kriging,200,0,57,40000.0,40000.0,"[40000, 2158]",29.38433096503875,19.02593483873484
ZDT4,ZDT4,2,66,1,Kriging,200,0,58,40000.0,40000.0,"[40000, 1752]",29.371652641156185,19.07029992261515
ZDT4,ZDT4,2,67,1,Kriging,200,0,61,40000.0,40000.0,"[40000, 2066]",29.42286023216283,19.0585627916728
ZDT4,ZDT4,2,68,1,Kriging,200,0,60,40000.0,40000.0,"[40000, 2002]",29.373521486692237,19.08640886520074
ZDT4,ZDT4,2,69,1,Kriging,200,0,63,40000.0,40000.0,"[40000, 1702]",29.386570205956914,19.14596277102911
ZDT4,ZDT4,2,70,1,Kriging,200,0,63,40000.0,40000.0,"[40000, 1594]",29.41901124193153,19.145989357414486
ZDT4,ZDT4,2,71,1,Kriging,200,0,64,40000.0,40000.0,"[40000, 1820]",29.356228820513202,18.8353340721763
ZDT4,ZDT4,2,72,1,Kriging,200,0,66,40000.0,40000.0,"[40000, 1932]",29.280089726073424,19.193199863248875
ZDT4,ZDT4,2,73,1,Kriging,200,0,66,40000.0,40000.0,"[40000, 1864]",29.42978548389773,18.89655673567473
ZDT4,ZDT4,2,74,1,Kriging,200,0,67,40000.0,40000.0,"[40000, 2188]",29.42841300671315,19.156807626781045
ZDT4,ZDT4,2,75,1,Kriging,200,0,66,40000.0,40000.0,"[40000, 1812]",29.441306498713242,18.94099527735524
ZDT4,ZDT4,2,76,1,Kriging,200,0,64,40000.0,40000.0,"[40000, 1884]",29.360923857714617,19.031564325986512
ZDT4,ZDT4,2,77,1,Kriging,200,0,65,40000.0,40000.0,"[40000, 1740]",29.402170464829823,19.022449598158165
ZDT4,ZDT4,2,78,1,Kriging,200,0,66,40000.0,40000.0,"[40000, 1982]",29.3644864929207,18.948712793130962
ZDT4,ZDT4,2,79,1,Kriging,200,0,63,40000.0,40000.0,"[40000, 1620]",29.38545120002521,18.987862797587027
ZDT4,ZDT4,2,80,1,Kriging,200,0,64,40000.0,40000.0,"[40000, 2022]",29.39397835550539,19.12876815318987
ZDT4,ZDT4,2,81,1,Kriging,200,0,64,40000.0,40000.0,"[40000, 1900]",29.490785663166914,19.141843351974856
ZDT4,ZDT4,2,82,1,Kriging,200,0,64,40000.0,40000.0,"[40000, 1524]",29.39027575348115,18.89958700542532
ZDT4,ZDT4,2,83,1,Kriging,200,0,66,40000.0,40000.0,"[40000, 1668]",29.473926356781185,19.17031890381842
ZDT4,ZDT4,2,84,1,Kriging,200,0,65,40000.0,40000.0,"[40000, 1584]",29.39456844439977,18.939035451423337
ZDT4,ZDT4,2,85,1,Kriging,200,0,69,40000.0,40000.0,"[40000, 1716]",29.373579162578423,19.061816263332176
ZDT4,ZDT4,2,86,1,Kriging,200,0,70,40000.0,40000.0,"[40000, 1644]",29.39699352499718,19.06206450299662
ZDT4,ZDT4,2,87,1,Kriging,200,0,69,40000.0,40000.0,"[40000, 1796]",29.453805593528855,18.979486642643195
ZDT4,ZDT4,2,88,1,Kriging,200,0,67,40000.0,40000.0,"[40000, 1788]",29.431934378589066,19.135354359202527
ZDT4,ZDT4,2,89,1,Kriging,200,0,69,40000.0,40000.0,"[40000, 1578]",29.427280683921254,18.942927279610334
ZDT4,ZDT4,2,90,1,Kriging,200,0,72,40000.0,40000.0,"[40000, 1916]",29.33482434462888,19.059582526924142
ZDT4,ZDT4,2,91,1,Kriging,200,0,71,40000.0,40000.0,"[40000, 1930]",29.408056231998252,19.08737486002034
ZDT4,ZDT4,2,92,1,Kriging,200,0,70,40000.0,40000.0,"[40000, 1698]",29.346800572984225,19.19420305539409
ZDT4,ZDT4,2,93,1,Kriging,200,0,66,40000.0,40000.0,"[40000, 1532]",29.39210551708663,19.09408479927334
ZDT4,ZDT4,2,94,1,Kriging,200,0,65,40000.0,40000.0,"[40000, 2046]",29.42782144600664,19.050228689864838
ZDT4,ZDT4,2,95,1,Kriging,200,0,66,40000.0,40000.0,"[40000, 1704]",29.377660185327954,19.216822503105977
ZDT4,ZDT4,2,96,1,Kriging,200,0,63,40000.0,40000.0,"[40000, 1578]",29.463624755511216,19.086039034276904
ZDT4,ZDT4,2,97,1,Kriging,200,0,65,40000.0,40000.0,"[40000, 1612]",29.370891977515722,19.165811649991657
ZDT4,ZDT4,2,98,1,Kriging,200,0,64,40000.0,40000.0,"[40000, 1686]",29.37895348675907,19.06253577863018
ZDT4,ZDT4,2,99,1,Kriging,200,0,64,40000.0,40000.0,"[40000, 1638]",29.372139241143124,19.08367706894567
ZDT6,ZDT6,2,1,0,RBFN,409,68,9,157313.0,167281.0,"[100865, 156909]",0.12657737039007,0.07265162271270607
ZDT6,ZDT6,2,2,0,RBFN,200,33,11,33082.0,40000.0,"[8856, 32780]",0.12708129710602892,0.06837189549320401
ZDT6,ZDT6,2,3,0,RBFN,200,17,13,29328.0,40000.0,"[5581, 29099]",0.12708129710602892,0.060391961892943005
ZDT6,ZDT6,2,4,0,RBFN,200,13,11,26816.0,40000.0,"[4193, 26597]",0.12741892726624762,0.05846472690933667
ZDT6,ZDT6,2,5,0,RBFN,200,12,12,28212.0,40000.0,"[4133, 27979]",0.128038470473113,0.05799540437207163
ZDT6,ZDT6,2,6,0,RBFN,200,12,15,27158.0,40000.0,"[4630, 26936]",0.128038470473113,0.05779480636935616
ZDT6,ZDT6,2,7,0,RBFN,200,11,15,26800.0,40000.0,"[4539, 26585]",0.1281793359223343,0.05731213313396452
ZDT6,ZDT6,2,8,0,RBFN,200,11,13,26494.0,40000.0,"[3569, 26261]",0.1285174648266058,0.06191566495193185
ZDT6,ZDT6,2,9,0,RBFN,200,11,15,26986.0,40000.0,"[3613, 26781]",0.12906557436749092,0.06713103417765068
ZDT6,ZDT6,2,10,0,RBFN,200,11,16,28246.0,40000.0,"[3485, 28033]",0.12906557436749092,0.0700697279091834
ZDT6,ZDT6,2,11,0,RBFN,200,11,16,29442.0,40000.0,"[3895, 29209]",0.12906557436749092,0.07250917530340498
ZDT6,ZDT6,2,12,0,RBFN,200,10,26,29424.0,40000.0,"[3535, 29217]",0.12922447048759308,0.07574635402705505
ZDT6,ZDT6,2,13,0,RBFN,200,8,25,29256.0,40000.0,"[2902, 29058]",0.12922447048759308,0.07901002383923862
ZDT6,ZDT6,2,14,0,RBFN,200,8,26,29844.0,40000.0,"[3260, 29638]",0.12922447048759308,0.08046743236648414
ZDT6,ZDT6,2,15,0,RBFN,200,8,23,30712.0,40000.0,"[3063, 30497]",0.12930228311938582,0.08299519242706693
ZDT6,ZDT6,2,16,0,RBFN,200,8,24,30052.0,40000.0,"[2768, 29846]",0.12939107710716716,0.08545650324800719
ZDT6,ZDT6,2,17,0,RBFN,200,8,31,31222.0,40000.0,"[2738, 31008]",0.12939107710716716,0.08795328298738597
ZDT6,ZDT6,2,18,0,RBFN,200,8,25,31580.0,40000.0,"[2888, 31346]",0.12950850805053227,0.09027585675362439
ZDT6,ZDT6,2,19,0,RBFN,200,8,30,31006.0,40000.0,"[2738, 30796]",0.12950850805053227,0.09159581897330532
ZDT6,ZDT6,2,20,0,RBFN,200,8,33,30718.0,40000.0,"[2714, 30520]",0.12959199465549467,0.09269416325252981
ZDT6,ZDT6,2,21,0,RBFN,200,8,36,31074.0,40000.0,"[2756, 30850]",0.12960532651710407,0.09322786547321528
ZDT6,ZDT6,2,22,0,RBFN,200,8,34,31060.0,40000.0,"[3084, 30848]",0.12987213297840802,0.09432747096213585
ZDT6,ZDT6,2,23,0,RBFN,200,8,42,30850.0,40000.0,"[3114, 30642]",0.12987482719064328,0.09534481337363583
ZDT6,ZDT6,2,24,0,RBFN,200,8,38,31636.0,40000.0,"[3454, 31412]",0.12987482719064328,0.09512676286671275
ZDT6,ZDT6,2,25,0,RBFN,200,8,35,31394.0,40000.0,"[2822, 31184]",0.12987482719064328,0.09524018112036209
ZDT6,ZDT6,2,26,0,RBFN,200,8,43,31144.0,40000.0,"[2682, 30936]",0.12987482719064328,0.09597002742494899
ZDT6,ZDT6,2,27,0,RBFN,200,8,50,31400.0,40000.0,"[2660, 31194]",0.1299710343146741,0.09614330576014282
ZDT6,ZDT6,2,28,0,RBFN,200,8,46,31240.0,40000.0,"[2750, 31024]",0.1299710343146741,0.0968919527162853
ZDT6,ZDT6,2,29,0,RBFN,200,8,51,31486.0,40000.0,"[3720, 31264]",0.1299710343146741,0.09720431286341444
ZDT6,ZDT6,2,30,0,RBFN,200,8,46,31098.0,40000.0,"[2729, 30881]",0.1300652345783951,0.09723139837774854
ZDT6,ZDT6,2,31,0,RBFN,200,7,46,30332.0,40000.0,"[3060, 30120]",0.13013525573699253,0.09566449195895187
ZDT6,ZDT6,2,32,0,RBFN,200,7,52,30952.0,40000.0,"[2311, 30741]",0.13013577098395984,0.09558569780543262
ZDT6,ZDT6,2,33,0,RBFN,200,7,50,31402.0,40000.0,"[2333, 31195]",0.1301739459635292,0.09528660349808589
ZDT6,ZDT6,2,34,0,RBFN,200,7,43,31672.0,40000.0,"[2861, 31463]",0.1301739459635292,0.09566376196593032
ZDT6,ZDT6,2,35,0,RBFN,200,7,47,30656.0,40000.0,"[2693, 30453]",0.1301739459635292,0.0957036913104629
ZDT6,ZDT6,2,36,0,RBFN,200,7,45,31618.0,40000.0,"[3093, 31397]",0.12982427659385473,0.09494470628304981
ZDT6,ZDT6,2,37,0,RBFN,200,7,46,31178.0,40000.0,"[2335, 30963]",0.1300932059344219,0.09535924333577675
ZDT6,ZDT6,2,38,0,RBFN,200,7,51,30638.0,40000.0,"[2675, 30435]",0.1299973701446267,0.09596469959215108
ZDT6,ZDT6,2,39,0,RBFN,200,7,58,30828.0,40000.0,"[2335, 30607]",0.13007663808278744,0.0955234617020212
ZDT6,ZDT6,2,40,0,RBFN,200,7,53,30040.0,40000.0,"[2329, 29829]",0.12982427659385473,0.09600078318759869
ZDT6,ZDT6,2,41,0,RBFN,200,7,54,30546.0,40000.0,"[2687, 30345]",0.1302066246720249,0.09611134920006802
ZDT6,ZDT6,2,42,0,RBFN,200,7,59,31104.0,40000.0,"[2295, 30897]",0.12988801154299823,0.09566828985277852
ZDT6,ZDT6,2,43,0,RBFN,200,7,62,30448.0,40000.0,"[2357, 30251]",0.13014372205552435,0.0962423256503072
ZDT6,ZDT6,2,44,0,RBFN,200,7,59,30438.0,40000.0,"[2723, 30223]",0.13005759215567123,0.09586425253298948
ZDT6,ZDT6,2,45,0,RBFN,200,7,58,31234.0,40000.0,"[2311, 31009]",0.13003143183713728,0.09630571499101144
ZDT6,ZDT6,2,46,0,RBFN,200,7,56,29928.0,40000.0,"[2351, 29721]",0.13009255027731653,0.09628305504241197
ZDT6,ZDT6,2,47,0,RBFN,200,7,56,29878.0,40000.0,"[2339, 29681]",0.129835105396627,0.09646435139274842
ZDT6,ZDT6,2,48,0,RBFN,200,7,54,31306.0,40000.0,"[2237, 31079]",0.12995756563982938,0.09607330473645069
ZDT6,ZDT6,2,49,0,RBFN,200,7,59,30974.0,40000.0,"[2293, 30765]",0.129835105396627,0.09629329757947751
ZDT6,ZDT6,2,50,0,RBFN,200,7,58,30390.0,40000.0,"[2351, 30189]",0.13002848673234482,0.09609825555938986
ZDT6,ZDT6,2,51,0,RBFN,200,7,62,30474.0,40000.0,"[2717, 30267]",0.12991571747394956,0.09605449700479093
ZDT6,ZDT6,2,52,0,RBFN,200,7,66,31304.0,40000.0,"[2345, 31081]",0.12983587206214944,0.09630973713988711
ZDT6,ZDT6,2,53,0,RBFN,200,7,65,30086.0,40000.0,"[2717, 29885]",0.1301974645909411,0.09609018462129784
ZDT6,ZDT6,2,54,0,RBFN,200,7,62,30948.0,40000.0,"[2403, 30739]",0.1302106301180884,0.09640260377586914
ZDT6,ZDT6,2,55,0,RBFN,200,7,58,31090.0,40000.0,"[2781, 30883]",0.13004113573570197,0.09583831308249026
ZDT6,ZDT6,2,56,0,RBFN,200,7,57,30710.0,40000.0,"[2305, 30495]",0.1302053467066709,0.09647090312483723
ZDT6,ZDT6,2,57,0,RBFN,200,7,60,30038.0,40000.0,"[2341, 29835]",0.12983745623771525,0.09653286028914325
ZDT6,ZDT6,2,58,0,RBFN,200,7,58,30126.0,40000.0,"[2365, 29923]",0.13020304864444665,0.09618534577848535
ZDT6,ZDT6,2,59,0,RBFN,200,7,59,31416.0,40000.0,"[2687, 31195]",0.1298385992732207,0.09629339976618369
ZDT6,ZDT6,2,60,0,RBFN,200,7,59,31180.0,40000.0,"[3303, 30959]",0.12983880945582038,0.09638858605361746
ZDT6,ZDT6,2,61,0,RBFN,200,7,56,30690.0,40000.0,"[2333, 30469]",0.12983880945582038,0.09640686027836384
ZDT6,ZDT6,2,62,0,RBFN,200,7,56,30206.0,40000.0,"[2345, 30003]",0.1302077226747114,0.09651389549251477
ZDT6,ZDT6,2,63,0,RBFN,200,7,58,30396.0,40000.0,"[2365, 30187]",0.12983880945582038,0.09642216765083657
ZDT6,ZDT6,2,64,0,RBFN,200,7,60,31048.0,40000.0,"[2351, 30835]",0.1298390667634341,0.09633692193653402
ZDT6,ZDT6,2,65,0,RBFN,200,7,62,30316.0,40000.0,"[3089, 30111]",0.1299013913521705,0.09655147706940083
ZDT6,ZDT6,2,66,0,RBFN,200,7,62,31044.0,40000.0,"[2361, 30833]",0.13013398669821546,0.09617008592560922
ZDT6,ZDT6,2,67,0,RBFN,200,7,63,30880.0,40000.0,"[3061, 30659]",0.1300611828691049,0.0961599276343618
ZDT6,ZDT6,2,68,0,RBFN,200,7,64,30718.0,40000.0,"[2667, 30503]",0.12983911024675993,0.09629745375052084
ZDT6,ZDT6,2,69,0,RBFN,200,7,59,29842.0,40000.0,"[2329, 29633]",0.12983911024675993,0.09675762329062323
ZDT6,ZDT6,2,70,0,RBFN,200,7,63,30976.0,40000.0,"[2323, 30765]",0.12983911024675993,0.09633762114894263
ZDT6,ZDT6,2,71,0,RBFN,200,7,61,29968.0,40000.0,"[2329, 29759]",0.13021202215929376,0.09631781918164876
ZDT6,ZDT6,2,72,0,RBFN,200,7,58,30948.0,40000.0,"[2671, 30721]",0.13021246554997676,0.09616703405874194
ZDT6,ZDT6,2,73,0,RBFN,200,7,60,30570.0,40000.0,"[2549, 30339]",0.12983943101643095,0.09621743955305632
ZDT6,ZDT6,2,74,0,RBFN,200,7,59,30640.0,40000.0,"[2670, 30428]",0.12989818253671614,0.09630451906403593
ZDT6,ZDT6,2,75,0,RBFN,200,7,59,30826.0,40000.0,"[3336, 30582]",0.13021053504079097,0.0963968447012124
ZDT6,ZDT6,2,76,0,RBFN,200,7,58,29540.0,40000.0,"[2339, 29327]",0.12983943101643095,0.09661957016574178
ZDT6,ZDT6,2,77,0,RBFN,200,7,56,30210.0,40000.0,"[2341, 29989]",0.12983943101643095,0.09628013196223228
ZDT6,ZDT6,2,78,0,RBFN,200,7,56,29666.0,40000.0,"[2715, 29469]",0.12983974404527074,0.09663564893433446
ZDT6,ZDT6,2,79,0,RBFN,200,7,54,30688.0,40000.0,"[2729, 30463]",0.12995931766952942,0.0960410309122899
ZDT6,ZDT6,2,80,0,RBFN,200,7,56,30272.0,40000.0,"[2299, 30057]",0.12983991074743126,0.09588000422340079
ZDT6,ZDT6,2,81,0,RBFN,200,7,56,29618.0,40000.0,"[2499, 29399]",0.12983991074743126,0.09649438313342733
ZDT6,ZDT6,2,82,0,RBFN,200,7,58,29932.0,40000.0,"[2609, 29731]",0.12983991074743126,0.09634808919701975
ZDT6,ZDT6,2,83,0,RBFN,200,7,59,30698.0,40000.0,"[2285, 30493]",0.12983991074743126,0.09655469929338838
ZDT6,ZDT6,2,84,0,RBFN,200,7,60,30182.0,40000.0,"[2335, 29979]",0.12983991074743126,0.09641277037382304
ZDT6,ZDT6,2,85,0,RBFN,200,7,61,30354.0,40000.0,"[2341, 30155]",0.13006557580235872,0.09611731521079797
ZDT6,ZDT6,2,86,0,RBFN,200,7,59,30192.0,40000.0,"[2333, 29979]",0.12983991074743126,0.09639707210733992
ZDT6,ZDT6,2,87,0,RBFN,200,7,60,30574.0,40000.0,"[3088, 30348]",0.12983991074743126,0.09654541247294364
ZDT6,ZDT6,2,88,0,RBFN,200,7,60,30412.0,40000.0,"[2341, 30193]",0.13020573301821295,0.09636378070828157
ZDT6,ZDT6,2,89,0,RBFN,200,7,62,30580.0,40000.0,"[2353, 30369]",0.1300016438898644,0.09621818843176681
ZDT6,ZDT6,2,90,0,RBFN,200,7,62,30188.0,40000.0,"[2349, 29987]",0.13006123349629004,0.09654651299433423
ZDT6,ZDT6,2,91,0,RBFN,200,7,61,30890.0,40000.0,"[2341, 30667]",0.13016288538425919,0.09653737902050523
ZDT6,ZDT6,2,92,0,RBFN,200,7,60,29950.0,40000.0,"[2315, 29755]",0.12991663329768835,0.09657836922263632
ZDT6,ZDT6,2,93,0,RBFN,200,7,62,30182.0,40000.0,"[2341, 29979]",0.13005506525392735,0.09619389994065475
ZDT6,ZDT6,2,94,0,RBFN,200,7,63,30650.0,40000.0,"[2929, 30439]",0.12983998361968327,0.0961947648756518
ZDT6,ZDT6,2,95,0,RBFN,200,7,64,29820.0,40000.0,"[2747, 29609]",0.12997559509738493,0.09667579907476771
ZDT6,ZDT6,2,96,0,RBFN,200,7,62,30346.0,40000.0,"[2341, 30135]",0.12983998419144796,0.0966709535795805
ZDT6,ZDT6,2,97,0,RBFN,200,7,61,30370.0,40000.0,"[3057, 30159]",0.13002980180214016,0.09666546741030406
ZDT6,ZDT6,2,98,0,RBFN,200,7,61,30690.0,40000.0,"[3059, 30485]",0.12983998993203563,0.09621995761152335
ZDT6,ZDT6,2,99,0,RBFN,200,7,60,30492.0,40000.0,"[2341, 30287]",0.1302100968709579,0.09626356010019982
swap_medium-lhs_DTLZ2,DTLZ2,3,1,0,RBFN,2100,94,67,4365856.0,4410000.0,"[4336634.0, 4336830.0, 4324822.0]",0.12408762681153306,0.1627506002612345
swap_medium-lhs_DTLZ2,DTLZ2,3,2,0,RBFN,200,73,77,36686.0,40000.0,"[35114, 34652, 32000]",0.11230742591608257,0.17832686070372053
swap_medium-lhs_DTLZ2,DTLZ2,3,3,0,RBFN,200,61,79,35760.0,40000.0,"[34091, 33347, 30997]",0.10203183019249117,0.1888091938332492
swap_medium-lhs_DTLZ2,DTLZ2,3,4,0,RBFN,200,54,84,34192.0,40000.0,"[32635, 30859, 29985]",0.1075193125145764,0.2035519686550316
swap_medium-lhs_DTLZ2,DTLZ2,3,5,0,RBFN,200,52,85,34776.0,40000.0,"[32039, 31353, 30239]",0.1065042021295043,0.20027930451261278
swap_medium-lhs_DTLZ2,DTLZ2,3,6,0,RBFN,200,51,89,34532.0,40000.0,"[31536, 31212, 29748]",0.11467026867879261,0.2018158899679139
swap_medium-lhs_DTLZ2,DTLZ2,3,7,0,RBFN,200,48,89,34616.0,40000.0,"[32635, 31477, 29659]",0.11075017625489587,0.2034590551087733
swap_medium-lhs_DTLZ2,DTLZ2,3,8,0,RBFN,200,47,91,34402.0,40000.0,"[31849, 31391, 29711]",0.10915697698739571,0.19667746969131011
swap_medium-lhs_DTLZ2,DTLZ2,3,9,0,RBFN,200,46,92,34138.0,40000.0,"[32315, 30737, 29881]",0.11348492207666609,0.19605560390027862
swap_medium-lhs_DTLZ2,DTLZ2,3,10,0,RBFN,200,45,92,34340.0,40000.0,"[31850, 31048, 29250]",0.11831955003455545,0.20147289739274357
swap_medium-lhs_DTLZ2,DTLZ2,3,11,0,RBFN,200,43,93,33250.0,40000.0,"[31591, 29681, 28701]",0.11344785652895277,0.19978017957008115
swap_medium-lhs_DTLZ2,DTLZ2,3,12,0,RBFN,200,42,93,34048.0,40000.0,"[31899, 30889, 28923]",0.1040401433312855,0.20322349613107188
swap_medium-lhs_DTLZ2,DTLZ2,3,13,0,RBFN,200,41,93,33300.0,40000.0,"[31306, 30464, 28890]",0.1184371890311206,0.19962177411223958
swap_medium-lhs_DTLZ2,DTLZ2,3,14,0,RBFN,200,39,92,33876.0,40000.0,"[32027, 31117, 29047]",0.0924775723880391,0.1983628656140782
swap_medium-lhs_DTLZ2,DTLZ2,3,15,0,RBFN,200,39,92,34052.0,40000.0,"[32584, 30804, 28848]",0.12374262272202978,0.20444205454428455
swap_medium-lhs_DTLZ2,DTLZ2,3,16,0,RBFN,200,39,93,33086.0,40000.0,"[31545, 30369, 28193]",0.11239758369330952,0.20308293412070652
swap_medium-lhs_DTLZ2,DTLZ2,3,17,0,RBFN,200,38,94,33912.0,40000.0,"[31226, 31194, 29370]",0.113059351036781,0.20949781395443193
swap_medium-lhs_DTLZ2,DTLZ2,3,18,0,RBFN,200,38,94,33682.0,40000.0,"[32226, 30522, 28704]",0.12605992756981277,0.20866238335991952
swap_medium-lhs_DTLZ2,DTLZ2,3,19,0,RBFN,200,38,94,33996.0,40000.0,"[32128, 31180, 28724]",0.09923066168161615,0.20753461164679912
swap_medium-lhs_DTLZ2,DTLZ2,3,20,0,RBFN,200,38,94,34122.0,40000.0,"[31732, 31696, 28374]",0.10550069162110505,0.2111404571603686
swap_medium-lhs_DTLZ2,DTLZ2,3,21,0,RBFN,200,38,94,34166.0,40000.0,"[32392, 31408, 28434]",0.09672824285094621,0.21213005552533246
swap_medium-lhs_DTLZ2,DTLZ2,3,22,0,RBFN,200,38,94,34212.0,40000.0,"[32445, 31829, 29109]",0.0983774395894846,0.21227854953003175
swap_medium-lhs_DTLZ2,DTLZ2,3,23,0,RBFN,200,38,95,33276.0,40000.0,"[31824, 30582, 27946]",0.09571343097132692,0.21214802566686833
swap_medium-lhs_DTLZ2,DTLZ2,3,24,0,RBFN,200,36,96,33482.0,40000.0,"[31828, 30642, 28254]",0.11666995772441399,0.2186579825146299
swap_medium-lhs_DTLZ2,DTLZ2,3,25,0,RBFN,200,36,96,33816.0,40000.0,"[32250, 31190, 28016]",0.09760232955699931,0.2185715542610546
swap_medium-lhs_DTLZ2,DTLZ2,3,26,0,RBFN,200,36,96,33746.0,40000.0,"[31974, 31182, 28496]",0.11468129317850609,0.22051852339568556
swap_medium-lhs_DTLZ2,DTLZ2,3,27,0,RBFN,200,35,97,33898.0,40000.0,"[32098, 31000, 28574]",0.1143291178235219,0.21550719663348106
swap_medium-lhs_DTLZ2,DTLZ2,3,28,0,RBFN,200,35,97,32938.0,40000.0,"[30873, 31153, 27551]",0.09970014244950744,0.21495346147451594
swap_medium-lhs_DTLZ2,DTLZ2,3,29,0,RBFN,200,33,97,33100.0,40000.0,"[31063, 30253, 27839]",0.09823223130577534,0.21967537351500563
swap_medium-lhs_DTLZ2,DTLZ2,3,30,0,RBFN,200,33,97,33746.0,40000.0,"[31143, 30675, 28485]",0.11134468827940619,0.21897148111350576
swap_medium-lhs_DTLZ2,DTLZ2,3,31,0,RBFN,200,33,97,33330.0,40000.0,"[31329, 30977, 28453]",0.10306068105483077,0.21159203521287878
swap_medium-lhs_DTLZ2,DTLZ2,3,32,0,RBFN,200,33,97,33156.0,40000.0,"[31055, 30403, 27941]",0.11856975664407603,0.21627617622642897
swap_medium-lhs_DTLZ2,DTLZ2,3,33,0,RBFN,200,33,97,33718.0,40000.0,"[32057, 30505, 28289]",0.11222653413471553,0.21558282149538963
swap_medium-lhs_DTLZ2,DTLZ2,3,34,0,RBFN,200,33,97,33886.0,40000.0,"[32266, 31296, 28374]",0.12625835514187667,0.21945278838109328
swap_medium-lhs_DTLZ2,DTLZ2,3,35,0,RBFN,200,33,97,33812.0,40000.0,"[31433, 31213, 28041]",0.11869040513608446,0.2189387069487189
swap_medium-lhs_DTLZ2,DTLZ2,3,36,0,RBFN,200,33,97,33448.0,40000.0,"[31928, 31456, 28366]",0.09163104406609923,0.22132478800333497
swap_medium-lhs_DTLZ2,DTLZ2,3,37,0,RBFN,200,33,97,33400.0,40000.0,"[31771, 31481, 27653]",0.1091695537691636,0.22187187070539974
swap_medium-lhs_DTLZ2,DTLZ2,3,38,0,RBFN,200,31,97,33978.0,40000.0,"[31607, 32035, 28291]",0.11068679683143237,0.21648059902220415
swap_medium-lhs_DTLZ2,DTLZ2,3,39,0,RBFN,200,30,97,33510.0,40000.0,"[31399, 30939, 28323]",0.09443348272828629,0.21522047657251855
swap_medium-lhs_DTLZ2,DTLZ2,3,40,0,RBFN,200,29,97,33630.0,40000.0,"[31866, 31174, 28060]",0.1022982113793719,0.21557674145842243
swap_medium-lhs_DTLZ2,DTLZ2,3,41,0,RBFN,200,29,97,32938.0,40000.0,"[30429, 31017, 27529]",0.08557498477809801,0.2160813321759078
swap_medium-lhs_DTLZ2,DTLZ2,3,42,0,RBFN,200,29,97,33346.0,40000.0,"[31209, 31011, 27999]",0.08235965457248237,0.22231496415545535
swap_medium-lhs_DTLZ2,DTLZ2,3,43,0,RBFN,200,29,97,33556.0,40000.0,"[30989, 32011, 27913]",0.08238585335981292,0.22286757860039264
swap_medium-lhs_DTLZ2,DTLZ2,3,44,0,RBFN,200,29,97,32888.0,40000.0,"[31565, 30835, 27383]",0.08375966548904179,0.22475980748950997
swap_medium-lhs_DTLZ2,DTLZ2,3,45,0,RBFN,200,29,97,33328.0,40000.0,"[30969, 31103, 27627]",0.11806167927526787,0.22628579497952292
swap_medium-lhs_DTLZ2,DTLZ2,3,46,0,RBFN,200,28,97,33122.0,40000.0,"[31005, 31339, 27415]",0.09588911912955513,0.22706348783267952
swap_medium-lhs_DTLZ2,DTLZ2,3,47,0,RBFN,200,28,97,33438.0,40000.0,"[31218, 31388, 27416]",0.10516337064824367,0.22883225654624567
swap_medium-lhs_DTLZ2,DTLZ2,3,48,0,RBFN,200,28,97,33346.0,40000.0,"[31536, 30676, 28106]",0.13809067222664057,0.2304130968073357
swap_medium-lhs_DTLZ2,DTLZ2,3,49,0,RBFN,200,28,97,33184.0,40000.0,"[31306, 30918, 27768]",0.11231862459813223,0.22848732083255907
swap_medium-lhs_DTLZ2,DTLZ2,3,50,0,RBFN,200,28,97,33174.0,40000.0,"[30796, 30948, 27536]",0.10766780740017688,0.22949573492083705
swap_medium-lhs_DTLZ2,DTLZ2,3,51,0,RBFN,200,28,97,33842.0,40000.0,"[31566, 31224, 28518]",0.09845616086243986,0.22992401990614478
swap_medium-lhs_DTLZ2,DTLZ2,3,52,0,RBFN,200,28,97,33110.0,40000.0,"[30785, 31027, 28189]",0.09665290996896407,0.23166711112827176
swap_medium-lhs_DTLZ2,DTLZ2,3,53,0,RBFN,200,28,97,33144.0,40000.0,"[31164, 30460, 28266]",0.10739445468406339,0.22931827999331053
swap_medium-lhs_DTLZ2,DTLZ2,3,54,0,RBFN,200,28,97,33760.0,40000.0,"[30712, 31556, 28058]",0.10275830825077387,0.2339326982630615
swap_medium-lhs_DTLZ2,DTLZ2,3,55,0,RBFN,200,28,97,33834.0,40000.0,"[30212, 31646, 28920]",0.09655083781601527,0.23378599638956052
swap_medium-lhs_DTLZ2,DTLZ2,3,56,0,RBFN,200,28,97,33796.0,40000.0,"[30588, 31402, 28776]",0.09719205762811291,0.23404141860869374
swap_medium-lhs_DTLZ2,DTLZ2,3,57,0,RBFN,200,28,97,33106.0,40000.0,"[31058, 31208, 28078]",0.08604864396315132,0.2334138504880058
swap_medium-lhs_DTLZ2,DTLZ2,3,58,0,RBFN,200,28,97,33732.0,40000.0,"[31604, 30904, 27882]",0.09547237830994384,0.23683214451065812
swap_medium-lhs_DTLZ2,DTLZ2,3,59,0,RBFN,200,28,97,33672.0,40000.0,"[31587, 31193, 28141]",0.08404186255843137,0.23556941421378103
swap_medium-lhs_DTLZ2,DTLZ2,3,60,0,RBFN,200,28,97,33608.0,40000.0,"[31536, 30950, 27724]",0.11700715616810488,0.23577533265971784
swap_medium-lhs_DTLZ2,DTLZ2,3,61,0,RBFN,200,28,97,33356.0,40000.0,"[30768, 31220, 27504]",0.11574844909624982,0.23520711803801045
swap_medium-lhs_DTLZ2,DTLZ2,3,62,0,RBFN,200,28,97,33456.0,40000.0,"[30605, 30243, 28373]",0.0933026010738257,0.2373787379401358
swap_medium-lhs_DTLZ2,DTLZ2,3,63,0,RBFN,200,28,97,33406.0,40000.0,"[29988, 31382, 28240]",0.09736790321651177,0.23772647321579574
swap_medium-lhs_DTLZ2,DTLZ2,3,64,0,RBFN,200,28,97,33506.0,40000.0,"[30870, 31202, 28180]",0.08841900278686077,0.2352420748265887
swap_medium-lhs_DTLZ2,DTLZ2,3,65,0,RBFN,200,28,97,33278.0,40000.0,"[30876, 30384, 28280]",0.10684391916791891,0.236163793986882
swap_medium-lhs_DTLZ2,DTLZ2,3,66,0,RBFN,200,28,97,33606.0,40000.0,"[31680, 30992, 27786]",0.11165114853257112,0.23462080691633783
swap_medium-lhs_DTLZ2,DTLZ2,3,67,0,RBFN,200,28,97,33088.0,40000.0,"[30892, 30880, 27774]",0.0999759939452575,0.23439615658364915
swap_medium-lhs_DTLZ2,DTLZ2,3,68,0,RBFN,200,27,98,33820.0,40000.0,"[31594, 30992, 27946]",0.08676391192279938,0.23338566007125153
swap_medium-lhs_DTLZ2,DTLZ2,3,69,0,RBFN,200,27,98,33820.0,40000.0,"[31421, 30799, 27875]",0.10537137657307623,0.23621589615849417
swap_medium-lhs_DTLZ2,DTLZ2,3,70,0,RBFN,200,27,98,33136.0,40000.0,"[30735, 31079, 27101]",0.09933969811209775,0.24029330231191356
swap_medium-lhs_DTLZ2,DTLZ2,3,71,0,RBFN,200,27,98,33908.0,40000.0,"[32027, 31095, 27895]",0.10191066511719711,0.23768541312971256
swap_medium-lhs_DTLZ2,DTLZ2,3,72,0,RBFN,200,27,98,34034.0,40000.0,"[31049, 31215, 27899]",0.09146765906490911,0.24024952107353575
swap_medium-lhs_DTLZ2,DTLZ2,3,73,0,RBFN,200,27,98,33666.0,40000.0,"[31079, 31781, 28015]",0.09982705909997576,0.24209430947990632
swap_medium-lhs_DTLZ2,DTLZ2,3,74,0,RBFN,200,27,98,33276.0,40000.0,"[30497, 31491, 28021]",0.08636937326293627,0.23791743964994413
swap_medium-lhs_DTLZ2,DTLZ2,3,75,0,RBFN,200,27,98,33778.0,40000.0,"[31685, 31121, 28431]",0.09437624330547136,0.24043594265151824
swap_medium-lhs_DTLZ2,DTLZ2,3,76,0,RBFN,200,27,98,33484.0,40000.0,"[30561, 31555, 27825]",0.0952871592810441,0.2399607182627076
swap_medium-lhs_DTLZ2,DTLZ2,3,77,0,RBFN,200,27,98,33084.0,40000.0,"[30727, 30775, 28031]",0.09360304954753922,0.23849442721579786
swap_medium-lhs_DTLZ2,DTLZ2,3,78,0,RBFN,200,27,98,33534.0,40000.0,"[31067, 31047, 28655]",0.09808359502190037,0.23833236834032637
swap_medium-lhs_DTLZ2,DTLZ2,3,79,0,RBFN,200,27,98,32812.0,40000.0,"[30843, 29927, 27209]",0.10866603725940722,0.2388082242911861
swap_medium-lhs_DTLZ2,DTLZ2,3,80,0,RBFN,200,27,98,33306.0,40000.0,"[30873, 30887, 27419]",0.09935115734516979,0.24324504763775284
swap_medium-lhs_DTLZ2,DTLZ2,3,81,0,RBFN,200,27,98,34044.0,40000.0,"[31139, 31459, 28251]",0.09347542708569018,0.240934198960938
swap_medium-lhs_DTLZ2,DTLZ2,3,82,0,RBFN,200,27,98,33338.0,40000.0,"[31398, 30356, 27686]",0.09384505334896437,0.24162590523334312
swap_medium-lhs_DTLZ2,DTLZ2,3,83,0,RBFN,200,27,98,33818.0,40000.0,"[31221, 30887, 28145]",0.11060351500319618,0.2428182343106316
swap_medium-lhs_DTLZ2,DTLZ2,3,84,0,RBFN,200,27,98,34086.0,40000.0,"[31514, 30852, 28802]",0.11331211478492485,0.24189801361313007
swap_medium-lhs_DTLZ2,DTLZ2,3,85,0,RBFN,200,27,98,33248.0,40000.0,"[30037, 31561, 27709]",0.10955895745240316,0.24089313667612966
swap_medium-lhs_DTLZ2,DTLZ2,3,86,0,RBFN,200,27,97,33298.0,40000.0,"[30627, 30897, 27693]",0.10439618463932375,0.23805760757374317
swap_medium-lhs_DTLZ2,DTLZ2,3,87,0,RBFN,200,27,98,33632.0,40000.0,"[30791, 30763, 28045]",0.11057890860698973,0.23896769257793518
swap_medium-lhs_DTLZ2,DTLZ2,3,88,0,RBFN,200,27,98,33644.0,40000.0,"[31161, 30837, 27701]",0.09942843848257815,0.24053756981658425
swap_medium-lhs_DTLZ2,DTLZ2,3,89,0,RBFN,200,27,98,33970.0,40000.0,"[31107, 31133, 28063]",0.10332106626120457,0.24050817241521383
swap_medium-lhs_DTLZ2,DTLZ2,3,90,0,RBFN,200,27,98,33110.0,40000.0,"[30747, 30549, 27733]",0.10792405552777382,0.2406697081061831
swap_medium-lhs_DTLZ2,DTLZ2,3,91,0,RBFN,200,27,98,34062.0,40000.0,"[31359, 31521, 27913]",0.08724545218130739,0.24050884649362017
swap_medium-lhs_DTLZ2,DTLZ2,3,92,0,RBFN,200,27,98,33632.0,40000.0,"[31217, 31099, 28061]",0.10849784936519308,0.24243758387137282
swap_medium-lhs_DTLZ2,DTLZ2,3,93,0,RBFN,200,27,98,33530.0,40000.0,"[31541, 30261, 28001]",0.08793062359484347,0.24115108577827432
swap_medium-lhs_DTLZ2,DTLZ2,3,94,0,RBFN,200,27,98,33358.0,40000.0,"[31225, 30281, 28083]",0.10416049313839544,0.24009818210535736
swap_medium-lhs_DTLZ2,DTLZ2,3,95,0,RBFN,200,26,98,33800.0,40000.0,"[30839, 31353, 28015]",0.1084022480677351,0.24178892316571715
swap_medium-lhs_DTLZ2,DTLZ2,3,96,0,RBFN,200,26,98,33204.0,40000.0,"[31142, 30360, 27924]",0.10656495357580187,0.24011525478362963
swap_medium-lhs_DTLZ2,DTLZ2,3,97,0,RBFN,200,26,98,33152.0,40000.0,"[31518, 30124, 27886]",0.09829920435763577,0.2398275880850315
swap_medium-lhs_DTLZ2,DTLZ2,3,98,0,RBFN,200,26,98,33612.0,40000.0,"[31004, 30504, 28022]",0.1409844127160803,0.24243111727844843
swap_medium-lhs_DTLZ2,DTLZ2,3,99,0,RBFN,200,26,98,33566.0,40000.0,"[32018, 30176, 28262]",0.11436012675402493,0.24222193525426317
swap_medium-lhs_MMF16_20,MMF16_20,3,1,0,RBFN,2100,100,98,4192334.0,4410000.0,"[4159906.0, 4148668.0, 4223500.0]",0.33567719237135124,0.22907787216715558
swap_medium-lhs_MMF16_20,MMF16_20,3,2,0,RBFN,200,91,100,17126.0,40000.0,"[17184, 16566, 19000]",0.33555500763192603,0.22794861588761758
swap_medium-lhs_MMF16_20,MMF16_20,3,3,0,RBFN,200,85,99,15952.0,40000.0,"[15781, 15585, 17979]",0.3356924107854135,0.2242174153966598
swap_medium-lhs_MMF16_20,MMF16_20,3,4,0,RBFN,200,78,98,16494.0,40000.0,"[14503, 15157, 19921]",0.33555500763192603,0.2209074554909582
swap_medium-lhs_MMF16_20,MMF16_20,3,5,0,RBFN,200,75,100,17344.0,40000.0,"[15662, 13826, 21046]",0.3356311687701246,0.22307988127919007
swap_medium-lhs_MMF16_20,MMF16_20,3,6,0,RBFN,200,71,96,16094.0,40000.0,"[14905, 12871, 20163]",0.3359548985090274,0.21966847214235793
swap_medium-lhs_MMF16_20,MMF16_20,3,7,0,RBFN,200,69,99,16272.0,40000.0,"[14529, 12805, 20441]",0.3359548985090274,0.22579694096639372
swap_medium-lhs_MMF16_20,MMF16_20,3,8,0,RBFN,200,65,99,15360.0,40000.0,"[13744, 12180, 19694]",0.3359548985090274,0.22652210195251665
swap_medium-lhs_MMF16_20,MMF16_20,3,9,0,RBFN,200,65,99,14756.0,40000.0,"[13189, 12323, 18933]",0.33606814952021347,0.23107628382712714
swap_medium-lhs_MMF16_20,MMF16_20,3,10,0,RBFN,200,62,99,14798.0,40000.0,"[12311, 12795, 19057]",0.3361925533504899,0.23039999729694188
swap_medium-lhs_MMF16_20,MMF16_20,3,11,0,RBFN,200,60,99,13730.0,40000.0,"[12370, 11586, 17810]",0.3362327661825863,0.2322384376094411
swap_medium-lhs_MMF16_20,MMF16_20,3,12,0,RBFN,200,59,98,14196.0,40000.0,"[11938, 12438, 18026]",0.33641253259140413,0.2375467211401898
swap_medium-lhs_MMF16_20,MMF16_20,3,13,0,RBFN,200,57,99,13692.0,40000.0,"[11521, 11463, 18061]",0.33641253259140413,0.23830794346768827
swap_medium-lhs_MMF16_20,MMF16_20,3,14,0,RBFN,200,54,98,12866.0,40000.0,"[10875, 10811, 17269]",0.33641253259140413,0.23889598389105876
swap_medium-lhs_MMF16_20,MMF16_20,3,15,0,RBFN,200,50,100,12810.0,40000.0,"[10586, 11290, 17108]",0.33641253259140413,0.2418770266480116
swap_medium-lhs_MMF16_20,MMF16_20,3,16,0,RBFN,200,47,98,13100.0,40000.0,"[11184, 10480, 17584]",0.33641253259140413,0.24476298274591432
swap_medium-lhs_MMF16_20,MMF16_20,3,17,0,RBFN,200,45,96,11312.0,40000.0,"[9921, 9769, 15515]",0.33641253259140413,0.24895495015329602
swap_medium-lhs_MMF16_20,MMF16_20,3,18,0,RBFN,200,42,96,11686.0,40000.0,"[10532, 9040, 16206]",0.33641253259140413,0.25483553334995795
swap_medium-lhs_MMF16_20,MMF16_20,3,19,0,RBFN,200,35,99,10492.0,40000.0,"[8818, 9088, 14932]",0.33641253259140413,0.26138905021284925
swap_medium-lhs_MMF16_20,MMF16_20,3,20,0,RBFN,200,31,98,9998.0,40000.0,"[8625, 8569, 14025]",0.33641253259140413,0.26807101765258573
swap_medium-lhs_MMF16_20,MMF16_20,3,21,0,RBFN,200,28,96,9378.0,40000.0,"[7985, 8317, 13411]",0.33641253259140413,0.2826115188522631
swap_medium-lhs_MMF16_20,MMF16_20,3,22,0,RBFN,200,23,96,9214.0,40000.0,"[7468, 7904, 13730]",0.3365735360191999,0.2931111942691296
swap_medium-lhs_MMF16_20,MMF16_20,3,23,0,RBFN,200,20,94,7806.0,40000.0,"[6487, 6915, 11563]",0.33657070386246,0.317505111053126
swap_medium-lhs_MMF16_20,MMF16_20,3,24,0,RBFN,200,17,96,6936.0,40000.0,"[6028, 6400, 10450]",0.33669519336980885,0.33579989738869076
swap_medium-lhs_MMF16_20,MMF16_20,3,25,0,RBFN,200,12,94,6608.0,40000.0,"[5499, 5815, 10539]",0.33669519336980885,0.352729559360004
swap_medium-lhs_MMF16_20,MMF16_20,3,26,0,RBFN,200,9,94,5408.0,40000.0,"[4572, 5116, 8592]",0.3367114931813997,0.3769729799859011
swap_medium-lhs_MMF16_20,MMF16_20,3,27,0,RBFN,200,9,94,5498.0,40000.0,"[4567, 5305, 9251]",0.3368226747671306,0.4063423604153513
swap_medium-lhs_MMF16_20,MMF16_20,3,28,0,RBFN,200,6,95,5010.0,40000.0,"[4839, 4937, 8083]",0.337047063994276,0.4341873738877507
swap_medium-lhs_MMF16_20,MMF16_20,3,29,0,RBFN,200,5,95,4634.0,40000.0,"[4480, 4520, 7920]",0.3371259107066622,0.4597978143454751
swap_medium-lhs_MMF16_20,MMF16_20,3,30,0,RBFN,200,4,98,4150.0,40000.0,"[4163, 4415, 7105]",0.3371259107066622,0.48036506017363007
swap_medium-lhs_MMF16_20,MMF16_20,3,31,0,RBFN,200,2,99,4404.0,40000.0,"[4088, 5080, 7862]",0.3371259107066622,0.495423258849999
swap_medium-lhs_MMF16_20,MMF16_20,3,32,0,RBFN,200,1,98,4002.0,40000.0,"[4024, 3916, 7584]",0.33712967818456563,0.5091729840782314
swap_medium-lhs_MMF16_20,MMF16_20,3,33,0,RBFN,200,0,98,3844.0,40000.0,"[4049, 3921, 7221]",0.3372145966915546,0.5270758097808267
swap_medium-lhs_MMF16_20,MMF16_20,3,34,0,RBFN,200,0,98,4578.0,40000.0,"[3888, 4628, 8670]",0.3373430807626502,0.5434349423856958
swap_medium-lhs_MMF16_20,MMF16_20,3,35,0,RBFN,200,0,100,4670.0,40000.0,"[4090, 4200, 8950]",0.33742058179263956,0.5549307071519214
swap_medium-lhs_MMF16_20,MMF16_20,3,36,0,RBFN,200,0,97,4120.0,40000.0,"[4588, 3752, 7742]",0.33742058179263956,0.5678902029173016
swap_medium-lhs_MMF16_20,MMF16_20,3,37,0,RBFN,200,0,99,3764.0,40000.0,"[3844, 3836, 7268]",0.33742058179263956,0.5810666622446673
swap_medium-lhs_MMF16_20,MMF16_20,3,38,0,RBFN,200,0,97,4442.0,40000.0,"[5026, 3926, 8202]",0.33746735275910333,0.592397006427018
swap_medium-lhs_MMF16_20,MMF16_20,3,39,0,RBFN,200,0,97,4080.0,40000.0,"[4218, 4254, 7732]",0.3375091852150707,0.5953844699028876
swap_medium-lhs_MMF16_20,MMF16_20,3,40,0,RBFN,200,0,99,5128.0,40000.0,"[4824, 3430, 9656]",0.3375678378030106,0.6082485884260298
swap_medium-lhs_MMF16_20,MMF16_20,3,41,0,RBFN,200,0,99,4724.0,40000.0,"[4760, 3528, 8930]",0.3375759422037167,0.6171578675828084
swap_medium-lhs_MMF16_20,MMF16_20,3,42,0,RBFN,200,0,99,5046.0,40000.0,"[4224, 3988, 9834]",0.33761994056536215,0.6289351548529313
swap_medium-lhs_MMF16_20,MMF16_20,3,43,0,RBFN,200,0,99,4954.0,40000.0,"[5162, 2840, 9944]",0.33763200387672954,0.6345547133738103
swap_medium-lhs_MMF16_20,MMF16_20,3,44,0,RBFN,200,0,100,4106.0,40000.0,"[4030, 3380, 8422]",0.33763200387672954,0.640625276410711
swap_medium-lhs_MMF16_20,MMF16_20,3,45,0,RBFN,200,0,100,4138.0,40000.0,"[4178, 3434, 8258]",0.33763940919498225,0.6439470839168043
swap_medium-lhs_MMF16_20,MMF16_20,3,46,0,RBFN,200,0,100,4780.0,40000.0,"[4676, 3198, 9288]",0.3377032730785188,0.6504866652341807
swap_medium-lhs_MMF16_20,MMF16_20,3,47,0,RBFN,200,0,100,4074.0,40000.0,"[4084, 3468, 7912]",0.33772011570100346,0.6555074550534462
swap_medium-lhs_MMF16_20,MMF16_20,3,48,0,RBFN,200,0,99,4176.0,40000.0,"[3278, 3492, 8452]",0.3377529563287792,0.659297954394396
swap_medium-lhs_MMF16_20,MMF16_20,3,49,0,RBFN,200,0,99,4542.0,40000.0,"[4796, 3270, 8696]",0.3377529563287792,0.6637258862135123
swap_medium-lhs_MMF16_20,MMF16_20,3,50,0,RBFN,200,0,100,4196.0,40000.0,"[4362, 3146, 8308]",0.33775542006251563,0.6661077558792319
swap_medium-lhs_MMF16_20,MMF16_20,3,51,0,RBFN,200,0,99,4752.0,40000.0,"[4768, 3514, 9358]",0.33784782669536073,0.6716978397451494
swap_medium-lhs_MMF16_20,MMF16_20,3,52,0,RBFN,200,0,100,4766.0,40000.0,"[3552, 4020, 9370]",0.33784782669536073,0.6790515913211024
swap_medium-lhs_MMF16_20,MMF16_20,3,53,0,RBFN,200,0,99,4948.0,40000.0,"[4056, 4058, 9642]",0.33786541818187943,0.678867182844849
swap_medium-lhs_MMF16_20,MMF16_20,3,54,0,RBFN,200,0,100,4400.0,40000.0,"[4338, 3028, 8768]",0.33786541818187943,0.6831779798547561
swap_medium-lhs_MMF16_20,MMF16_20,3,55,0,RBFN,200,0,100,4208.0,40000.0,"[4182, 3046, 8926]",0.33788283515818857,0.6884866459941613
swap_medium-lhs_MMF16_20,MMF16_20,3,56,0,RBFN,200,0,100,5428.0,40000.0,"[4428, 3952, 10304]",0.3379005400238418,0.6906578802006017
swap_medium-lhs_MMF16_20,MMF16_20,3,57,0,RBFN,200,0,100,5760.0,40000.0,"[4604, 4338, 10644]",0.3379594719757453,0.6943058004976946
swap_medium-lhs_MMF16_20,MMF16_20,3,58,0,RBFN,200,0,100,4176.0,40000.0,"[4378, 3504, 8334]",0.337979127316752,0.6912253907991794
swap_medium-lhs_MMF16_20,MMF16_20,3,59,0,RBFN,200,0,99,5504.0,40000.0,"[4934, 3558, 10726]",0.337979127316752,0.6936221905551923
swap_medium-lhs_MMF16_20,MMF16_20,3,60,0,RBFN,200,0,98,5472.0,40000.0,"[5220, 3076, 10522]",0.337979127316752,0.6965181167171217
swap_medium-lhs_MMF16_20,MMF16_20,3,61,0,RBFN,200,0,96,4274.0,40000.0,"[4514, 3014, 8500]",0.337979127316752,0.6995615097365295
swap_medium-lhs_MMF16_20,MMF16_20,3,62,0,RBFN,200,0,100,4720.0,40000.0,"[4716, 3468, 9234]",0.337979127316752,0.7008639692017269
swap_medium-lhs_MMF16_20,MMF16_20,3,63,0,RBFN,200,0,100,4684.0,40000.0,"[4326, 3456, 9322]",0.337979127316752,0.7044712926136724
swap_medium-lhs_MMF16_20,MMF16_20,3,64,0,RBFN,200,0,100,4520.0,40000.0,"[3768, 3964, 9152]",0.337979127316752,0.7092954439932957
swap_medium-lhs_MMF16_20,MMF16_20,3,65,0,RBFN,200,0,99,4998.0,40000.0,"[4766, 3822, 9606]",0.3379905989061786,0.7120528393467361
swap_medium-lhs_MMF16_20,MMF16_20,3,66,0,RBFN,200,0,100,5140.0,40000.0,"[4174, 3670, 10160]",0.3379778088017839,0.7142923581690266
swap_medium-lhs_MMF16_20,MMF16_20,3,67,0,RBFN,200,0,100,5138.0,40000.0,"[3988, 4536, 9946]",0.33801222382952834,0.7151836690693675
swap_medium-lhs_MMF16_20,MMF16_20,3,68,0,RBFN,200,0,100,5142.0,40000.0,"[4584, 3764, 9952]",0.3380489567819171,0.7201176450464244
swap_medium-lhs_MMF16_20,MMF16_20,3,69,0,RBFN,200,0,100,4960.0,40000.0,"[4710, 3746, 9604]",0.33805319122906996,0.7270539130193531
swap_medium-lhs_MMF16_20,MMF16_20,3,70,0,RBFN,200,0,100,5168.0,40000.0,"[5354, 3338, 10226]",0.33805319122906996,0.7219112216568839
swap_medium-lhs_MMF16_20,MMF16_20,3,71,0,RBFN,200,0,100,5218.0,40000.0,"[4334, 4420, 10248]",0.3381001931759591,0.721715144520087
swap_medium-lhs_MMF16_20,MMF16_20,3,72,0,RBFN,200,0,100,4842.0,40000.0,"[4134, 4370, 9374]",0.3381001931759591,0.7217614808500117
swap_medium-lhs_MMF16_20,MMF16_20,3,73,0,RBFN,200,0,99,5210.0,40000.0,"[4358, 3608, 10656]",0.3381277418609152,0.7211314297598869
swap_medium-lhs_MMF16_20,MMF16_20,3,74,0,RBFN,200,0,100,5094.0,40000.0,"[4946, 2778, 10094]",0.3381277418609152,0.7240261973956279
swap_medium-lhs_MMF16_20,MMF16_20,3,75,0,RBFN,200,0,100,4444.0,40000.0,"[3702, 3912, 8934]",0.3381277418609152,0.7250253806373328
swap_medium-lhs_MMF16_20,MMF16_20,3,76,0,RBFN,200,0,100,5058.0,40000.0,"[4500, 3494, 9906]",0.3381439428089647,0.7254521035300296
swap_medium-lhs_MMF16_20,MMF16_20,3,77,0,RBFN,200,0,100,4578.0,40000.0,"[4014, 3442, 9100]",0.3381536840438566,0.7280667384391444
swap_medium-lhs_MMF16_20,MMF16_20,3,78,0,RBFN,200,0,100,4768.0,40000.0,"[4184, 3898, 9632]",0.33819909433598155,0.7323487726463196
swap_medium-lhs_MMF16_20,MMF16_20,3,79,0,RBFN,200,0,100,4872.0,40000.0,"[4268, 3852, 9554]",0.33816168141193054,0.7340747712846415
swap_medium-lhs_MMF16_20,MMF16_20,3,80,0,RBFN,200,0,100,5322.0,40000.0,"[4480, 3584, 10312]",0.3381272568173613,0.7349880200069879
swap_medium-lhs_MMF16_20,MMF16_20,3,81,0,RBFN,200,0,100,4930.0,40000.0,"[4396, 3332, 9802]",0.3381272568173613,0.7338936140697172
swap_medium-lhs_MMF16_20,MMF16_20,3,82,0,RBFN,200,0,100,5268.0,40000.0,"[4416, 3810, 10374]",0.3381272568173613,0.7354547694526241
swap_medium-lhs_MMF16_20,MMF16_20,3,83,0,RBFN,200,0,100,5138.0,40000.0,"[4362, 4158, 9682]",0.3381617070720889,0.7381018629445182
swap_medium-lhs_MMF16_20,MMF16_20,3,84,0,RBFN,200,0,100,4690.0,40000.0,"[3762, 3496, 9460]",0.3381617070720889,0.7380734696160813
swap_medium-lhs_MMF16_20,MMF16_20,3,85,0,RBFN,200,0,100,5354.0,40000.0,"[4382, 3648, 10646]",0.33817707918791273,0.7393747089481635
swap_medium-lhs_MMF16_20,MMF16_20,3,86,0,RBFN,200,0,100,4794.0,40000.0,"[3906, 4338, 9002]",0.33817707918791273,0.7413237071364878
swap_medium-lhs_MMF16_20,MMF16_20,3,87,0,RBFN,200,0,100,4694.0,40000.0,"[4408, 3364, 9338]",0.33817707918791273,0.74318594079039
swap_medium-lhs_MMF16_20,MMF16_20,3,88,0,RBFN,200,0,100,5226.0,40000.0,"[4030, 4562, 10126]",0.33817707918791273,0.742780378857575
swap_medium-lhs_MMF16_20,MMF16_20,3,89,0,RBFN,200,0,100,5546.0,40000.0,"[5694, 3364, 10634]",0.33818616256204165,0.7405700084993788
swap_medium-lhs_MMF16_20,MMF16_20,3,90,0,RBFN,200,0,100,5368.0,40000.0,"[4508, 3804, 10254]",0.3381740362340371,0.7400360289720843
swap_medium-lhs_MMF16_20,MMF16_20,3,91,0,RBFN,200,0,100,4756.0,40000.0,"[4370, 3728, 9348]",0.3381740362340371,0.7383345537375013
swap_medium-lhs_MMF16_20,MMF16_20,3,92,0,RBFN,200,0,100,4806.0,40000.0,"[4084, 3662, 9500]",0.3381757043048491,0.7378466116211219
swap_medium-lhs_MMF16_20,MMF16_20,3,93,0,RBFN,200,0,100,5338.0,40000.0,"[4452, 4006, 10600]",0.3381757043048491,0.7384355974399608
swap_medium-lhs_MMF16_20,MMF16_20,3,94,0,RBFN,200,0,100,5264.0,40000.0,"[5366, 3314, 10316]",0.3381757043048491,0.7375494865076193
swap_medium-lhs_MMF16_20,MMF16_20,3,95,0,RBFN,200,0,100,5342.0,40000.0,"[4504, 4076, 10032]",0.3381757043048491,0.7365598238231149
swap_medium-lhs_MMF16_20,MMF16_20,3,96,0,RBFN,200,0,100,5262.0,40000.0,"[5288, 3354, 9842]",0.3381757043048491,0.7392039799019423
swap_medium-lhs_MMF16_20,MMF16_20,3,97,0,RBFN,200,0,100,4726.0,40000.0,"[4880, 3320, 9256]",0.3381757043048491,0.7426117283896445
swap_medium-lhs_MMF16_20,MMF16_20,3,98,0,RBFN,200,0,100,5796.0,40000.0,"[5382, 3596, 10972]",0.3381757043048491,0.742762808651858
swap_medium-lhs_MMF16_20,MMF16_20,3,99,0,RBFN,200,0,100,5832.0,40000.0,"[3784, 5116, 11044]",0.3381761003117078,0.7406229119526334
swap_medium-lhs_WFG9,WFG9,2,1,0,RBFN,2100,84,25,4001748.0,4410000.0,"[4000856.0, 4000860.0]",0.9813175682635102,0.6558002047408859
swap_medium-lhs_WFG9,WFG9,2,2,0,RBFN,200,69,26,7952.0,40000.0,"[7566, 7326]",0.9813175682635102,0.5740064571865179
swap_medium-lhs_WFG9,WFG9,2,3,0,RBFN,200,54,28,5922.0,40000.0,"[5406, 5290]",0.9813175682635102,0.5393700787440874
swap_medium-lhs_WFG9,WFG9,2,4,0,RBFN,200,44,29,4162.0,40000.0,"[3524, 3630]",0.9808325515590868,0.5151108374008586
swap_medium-lhs_WFG9,WFG9,2,5,0,RBFN,200,40,34,3318.0,40000.0,"[2396, 2702]",0.9808325515590868,0.5092351622324268
swap_medium-lhs_WFG9,WFG9,2,6,0,RBFN,200,36,30,3234.0,40000.0,"[2364, 2360]",0.9792071965189076,0.5180140999014619
swap_medium-lhs_WFG9,WFG9,2,7,0,RBFN,200,36,33,2948.0,40000.0,"[1932, 2322]",0.9793169471683417,0.5269701016236644
swap_medium-lhs_WFG9,WFG9,2,8,0,RBFN,200,33,36,2932.0,40000.0,"[1954, 2134]",0.9795037442482734,0.5136568807007572
swap_medium-lhs_WFG9,WFG9,2,9,0,RBFN,200,32,34,2858.0,40000.0,"[1776, 2072]",0.9795339947157886,0.5260590362318368
swap_medium-lhs_WFG9,WFG9,2,10,0,RBFN,200,31,36,2842.0,40000.0,"[1696, 2108]",0.9799615151402994,0.5465073262915248
swap_medium-lhs_WFG9,WFG9,2,11,0,RBFN,200,28,38,2910.0,40000.0,"[1697, 2005]",0.9800445760645787,0.557232812848088
swap_medium-lhs_WFG9,WFG9,2,12,0,RBFN,200,25,40,2822.0,40000.0,"[1716, 1728]",0.9800445760645787,0.5636262235490641
swap_medium-lhs_WFG9,WFG9,2,13,0,RBFN,200,22,43,2358.0,40000.0,"[1295, 1517]",0.980520678529876,0.5774556275701473
swap_medium-lhs_WFG9,WFG9,2,14,0,RBFN,200,18,36,1960.0,40000.0,"[908, 1362]",0.9799205318979234,0.5737762686017319
swap_medium-lhs_WFG9,WFG9,2,15,0,RBFN,200,15,37,1792.0,40000.0,"[790, 1148]",0.9800117125435032,0.5574539243875135
swap_medium-lhs_WFG9,WFG9,2,16,0,RBFN,200,14,45,1390.0,40000.0,"[377, 1057]",0.9802093992346873,0.5679523627842251
swap_medium-lhs_WFG9,WFG9,2,17,0,RBFN,200,13,45,1058.0,40000.0,"[196, 872]",0.9801576995248485,0.563253562077612
swap_medium-lhs_WFG9,WFG9,2,18,0,RBFN,200,12,48,1048.0,40000.0,"[169, 861]",0.9801576995248485,0.5714722815667277
swap_medium-lhs_WFG9,WFG9,2,19,0,RBFN,200,11,51,960.0,40000.0,"[144, 772]",0.9801594138420447,0.5834996647660166
swap_medium-lhs_WFG9,WFG9,2,20,0,RBFN,200,10,46,942.0,40000.0,"[121, 753]",0.9797611718563377,0.5956022810078503
swap_medium-lhs_WFG9,WFG9,2,21,0,RBFN,200,10,46,1064.0,40000.0,"[100, 874]",0.9803256384227266,0.6041850547853496
swap_medium-lhs_WFG9,WFG9,2,22,0,RBFN,200,10,49,1082.0,40000.0,"[100, 892]",0.9803256384227266,0.6204245544916623
swap_medium-lhs_WFG9,WFG9,2,23,0,RBFN,200,10,51,1022.0,40000.0,"[100, 832]",0.9808759847923213,0.6318646186042965
swap_medium-lhs_WFG9,WFG9,2,24,0,RBFN,200,10,59,1072.0,40000.0,"[121, 883]",0.9803256384227266,0.6399997519123225
swap_medium-lhs_WFG9,WFG9,2,25,0,RBFN,200,9,55,1006.0,40000.0,"[100, 816]",0.9809320523032968,0.650768451766921
swap_medium-lhs_WFG9,WFG9,2,26,0,RBFN,200,9,55,940.0,40000.0,"[81, 749]",0.9809320523032968,0.6707610396998162
swap_medium-lhs_WFG9,WFG9,2,27,0,RBFN,200,9,61,1058.0,40000.0,"[81, 867]",0.9809320523032968,0.6872299758872047
swap_medium-lhs_WFG9,WFG9,2,28,0,RBFN,200,9,59,1108.0,40000.0,"[100, 918]",0.9811947413428952,0.6961233612858271
swap_medium-lhs_WFG9,WFG9,2,29,0,RBFN,200,9,68,874.0,40000.0,"[81, 683]",0.9811947413428952,0.7060670100663909
swap_medium-lhs_WFG9,WFG9,2,30,0,RBFN,200,9,76,760.0,40000.0,"[81, 569]",0.9815421807835375,0.7130543391758489
swap_medium-lhs_WFG9,WFG9,2,31,0,RBFN,200,9,82,864.0,40000.0,"[81, 673]",0.9815421807835375,0.71667532555216
swap_medium-lhs_WFG9,WFG9,2,32,0,RBFN,200,9,78,926.0,40000.0,"[81, 735]",0.9817876031711018,0.719361568112829
swap_medium-lhs_WFG9,WFG9,2,33,0,RBFN,200,9,75,984.0,40000.0,"[81, 793]",0.9812105780133182,0.7210296763032773
swap_medium-lhs_WFG9,WFG9,2,34,0,RBFN,200,9,77,974.0,40000.0,"[81, 783]",0.9816338952010037,0.7177620474813234
swap_medium-lhs_WFG9,WFG9,2,35,0,RBFN,200,9,76,770.0,40000.0,"[81, 579]",0.9818890468239719,0.7150121706465592
swap_medium-lhs_WFG9,WFG9,2,36,0,RBFN,200,9,70,862.0,40000.0,"[81, 671]",0.9812613919438451,0.7173324959660928
swap_medium-lhs_WFG9,WFG9,2,37,0,RBFN,200,9,76,810.0,40000.0,"[81, 619]",0.9812976327254699,0.7205631479924618
swap_medium-lhs_WFG9,WFG9,2,38,0,RBFN,200,9,80,768.0,40000.0,"[81, 577]",0.9812976327254699,0.7248328359058057
swap_medium-lhs_WFG9,WFG9,2,39,0,RBFN,200,9,79,822.0,40000.0,"[81, 631]",0.9817313662393203,0.728356788950372
swap_medium-lhs_WFG9,WFG9,2,40,0,RBFN,200,9,78,804.0,40000.0,"[81, 613]",0.981255188278124,0.7330882387079538
swap_medium-lhs_WFG9,WFG9,2,41,0,RBFN,200,9,84,862.0,40000.0,"[81, 671]",0.9818188494892235,0.7371510524480158
swap_medium-lhs_WFG9,WFG9,2,42,0,RBFN,200,9,85,782.0,40000.0,"[81, 591]",0.9818188494892235,0.7401569426727787
swap_medium-lhs_WFG9,WFG9,2,43,0,RBFN,200,9,84,946.0,40000.0,"[81, 755]",0.9818188494892235,0.7423576967304127
swap_medium-lhs_WFG9,WFG9,2,44,0,RBFN,200,9,81,1030.0,40000.0,"[81, 839]",0.982079053777732,0.7482547534863525
swap_medium-lhs_WFG9,WFG9,2,45,0,RBFN,200,9,83,826.0,40000.0,"[81, 635]",0.9823159647555155,0.7549020141184483
swap_medium-lhs_WFG9,WFG9,2,46,0,RBFN,200,9,79,796.0,40000.0,"[81, 605]",0.9818650987740233,0.7637475575897509
swap_medium-lhs_WFG9,WFG9,2,47,0,RBFN,200,9,73,934.0,40000.0,"[81, 743]",0.9822641210260914,0.772065346699695
swap_medium-lhs_WFG9,WFG9,2,48,0,RBFN,200,9,75,954.0,40000.0,"[95, 763]",0.9819633031357579,0.7812324591148472
swap_medium-lhs_WFG9,WFG9,2,49,0,RBFN,200,9,79,870.0,40000.0,"[83, 679]",0.9820710739294822,0.7839024694399677
swap_medium-lhs_WFG9,WFG9,2,50,0,RBFN,200,9,78,826.0,40000.0,"[81, 635]",0.982871842613501,0.7902352471290658
swap_medium-lhs_WFG9,WFG9,2,51,0,RBFN,200,9,79,994.0,40000.0,"[81, 803]",0.9823448487709134,0.7954808876756111
swap_medium-lhs_WFG9,WFG9,2,52,0,RBFN,200,9,82,786.0,40000.0,"[81, 595]",0.9823448487709134,0.8061390717043883
swap_medium-lhs_WFG9,WFG9,2,53,0,RBFN,200,9,84,900.0,40000.0,"[97, 709]",0.9826133327473621,0.8125868054796379
swap_medium-lhs_WFG9,WFG9,2,54,0,RBFN,200,9,83,958.0,40000.0,"[83, 767]",0.9826984067689285,0.8194059917025279
swap_medium-lhs_WFG9,WFG9,2,55,0,RBFN,200,9,86,856.0,40000.0,"[81, 665]",0.9826984067689285,0.8231477916453245
swap_medium-lhs_WFG9,WFG9,2,56,0,RBFN,200,9,88,876.0,40000.0,"[81, 685]",0.9828310708980498,0.8239188216551909
swap_medium-lhs_WFG9,WFG9,2,57,0,RBFN,200,8,84,766.0,40000.0,"[81, 575]",0.9827459790523955,0.8183650932378774
swap_medium-lhs_WFG9,WFG9,2,58,0,RBFN,200,8,86,742.0,40000.0,"[64, 550]",0.9827459790523955,0.819069659483288
swap_medium-lhs_WFG9,WFG9,2,59,0,RBFN,200,8,85,706.0,40000.0,"[64, 514]",0.9832240001004456,0.8235064679787866
swap_medium-lhs_WFG9,WFG9,2,60,0,RBFN,200,8,87,812.0,40000.0,"[64, 620]",0.9832426506277562,0.829333730386436
swap_medium-lhs_WFG9,WFG9,2,61,0,RBFN,200,8,87,746.0,40000.0,"[64, 554]",0.9832426506277562,0.8305332296579969
swap_medium-lhs_WFG9,WFG9,2,62,0,RBFN,200,8,86,730.0,40000.0,"[66, 538]",0.9832426506277562,0.8305572749457915
swap_medium-lhs_WFG9,WFG9,2,63,0,RBFN,200,8,85,756.0,40000.0,"[66, 564]",0.9832426506277562,0.8299332075512829
swap_medium-lhs_WFG9,WFG9,2,64,0,RBFN,200,8,86,728.0,40000.0,"[66, 536]",0.9832822106966059,0.8357365441349208
swap_medium-lhs_WFG9,WFG9,2,65,0,RBFN,200,8,84,868.0,40000.0,"[68, 676]",0.9841587695435063,0.840155315023295
swap_medium-lhs_WFG9,WFG9,2,66,0,RBFN,200,8,89,896.0,40000.0,"[72, 704]",0.9835962766206294,0.842785475753426
swap_medium-lhs_WFG9,WFG9,2,67,0,RBFN,200,8,87,882.0,40000.0,"[74, 690]",0.9835962766206294,0.8455909274056146
swap_medium-lhs_WFG9,WFG9,2,68,0,RBFN,200,8,87,800.0,40000.0,"[72, 608]",0.9839043775785402,0.8507187133190531
swap_medium-lhs_WFG9,WFG9,2,69,0,RBFN,200,7,87,1002.0,40000.0,"[108, 812]",0.9840658186745077,0.8619845356162037
swap_medium-lhs_WFG9,WFG9,2,70,0,RBFN,200,7,87,850.0,40000.0,"[63, 657]",0.9841490386470361,0.8646656715739155
swap_medium-lhs_WFG9,WFG9,2,71,0,RBFN,200,7,87,946.0,40000.0,"[80, 754]",0.9843803674949351,0.8681694298096682
swap_medium-lhs_WFG9,WFG9,2,72,0,RBFN,200,7,87,850.0,40000.0,"[69, 657]",0.9843712011062703,0.8696348448402808
swap_medium-lhs_WFG9,WFG9,2,73,0,RBFN,200,7,87,798.0,40000.0,"[63, 605]",0.9842407617234332,0.8698773631077483
swap_medium-lhs_WFG9,WFG9,2,74,0,RBFN,200,7,89,866.0,40000.0,"[65, 673]",0.9843486623238722,0.8735519664223199
swap_medium-lhs_WFG9,WFG9,2,75,0,RBFN,200,7,90,862.0,40000.0,"[65, 669]",0.9844175162936036,0.8722124298057969
swap_medium-lhs_WFG9,WFG9,2,76,0,RBFN,200,7,91,742.0,40000.0,"[63, 549]",0.9842612226882921,0.8759211245257674
swap_medium-lhs_WFG9,WFG9,2,77,0,RBFN,200,7,91,770.0,40000.0,"[63, 577]",0.9842612226882921,0.8801352985793258
swap_medium-lhs_WFG9,WFG9,2,78,0,RBFN,200,7,91,858.0,40000.0,"[67, 665]",0.9842763684370116,0.8777951760228971
swap_medium-lhs_WFG9,WFG9,2,79,0,RBFN,200,7,87,700.0,40000.0,"[65, 507]",0.9844895268858096,0.8811474026051489
swap_medium-lhs_WFG9,WFG9,2,80,0,RBFN,200,7,87,674.0,40000.0,"[71, 481]",0.9844415083032015,0.8817269378078763
swap_medium-lhs_WFG9,WFG9,2,81,0,RBFN,200,7,86,908.0,40000.0,"[75, 715]",0.9843710380387414,0.8823798857596863
swap_medium-lhs_WFG9,WFG9,2,82,0,RBFN,200,7,87,898.0,40000.0,"[86, 706]",0.9842612226882921,0.8857198857208347
swap_medium-lhs_WFG9,WFG9,2,83,0,RBFN,200,7,90,982.0,40000.0,"[94, 790]",0.9843381974534299,0.8852619731203589
swap_medium-lhs_WFG9,WFG9,2,84,0,RBFN,200,7,89,820.0,40000.0,"[81, 625]",0.9842612226882921,0.8872763845851693
swap_medium-lhs_WFG9,WFG9,2,85,0,RBFN,200,7,89,1056.0,40000.0,"[113, 863]",0.9842612226882921,0.8867276762498135
swap_medium-lhs_WFG9,WFG9,2,86,0,RBFN,200,7,89,1020.0,40000.0,"[101, 827]",0.9846058796378276,0.886774002338234
swap_medium-lhs_WFG9,WFG9,2,87,0,RBFN,200,7,90,958.0,40000.0,"[107, 765]",0.9843674985899099,0.8877209381702386
swap_medium-lhs_WFG9,WFG9,2,88,0,RBFN,200,7,90,1048.0,40000.0,"[127, 855]",0.9844095440204078,0.8921610608974081
swap_medium-lhs_WFG9,WFG9,2,89,0,RBFN,200,7,95,978.0,40000.0,"[117, 785]",0.9844577436949566,0.8971277586784993
swap_medium-lhs_WFG9,WFG9,2,90,0,RBFN,200,7,92,928.0,40000.0,"[101, 735]",0.9844577436949566,0.902769152325082
swap_medium-lhs_WFG9,WFG9,2,91,0,RBFN,200,7,90,1062.0,40000.0,"[133, 869]",0.9844673466191799,0.9108044623255088
swap_medium-lhs_WFG9,WFG9,2,92,0,RBFN,200,7,92,1000.0,40000.0,"[115, 807]",0.9848006707747244,0.9117803238981148
swap_medium-lhs_WFG9,WFG9,2,93,0,RBFN,200,7,92,836.0,40000.0,"[99, 643]",0.9848499097311604,0.9120476092799463
swap_medium-lhs_WFG9,WFG9,2,94,0,RBFN,200,7,93,1016.0,40000.0,"[125, 823]",0.9848146711599238,0.9095264549767161
swap_medium-lhs_WFG9,WFG9,2,95,0,RBFN,200,7,93,862.0,40000.0,"[103, 669]",0.9852450137075252,0.9140116595752751
swap_medium-lhs_WFG9,WFG9,2,96,0,RBFN,200,7,92,964.0,40000.0,"[109, 771]",0.985513033355326,0.9161335204293285
swap_medium-lhs_WFG9,WFG9,2,97,0,RBFN,200,7,94,1178.0,40000.0,"[105, 985]",0.9848146711599238,0.9156827203772866
swap_medium-lhs_WFG9,WFG9,2,98,0,RBFN,200,7,91,1046.0,40000.0,"[138, 854]",0.9848146711599238,0.9141307940883618
swap_medium-lhs_WFG9,WFG9,2,99,0,RBFN,200,7,91,1022.0,40000.0,"[121, 829]",0.9848146711599238,0.9134426479955657
swap_medium-lhs_ZDT1,ZDT1,2,1,1,Kriging,2100,83,21,4410000.0,4410000.0,"[4410000.0, 4307134.0]",0.11362341375847845,0.060902434020818574
swap_medium-lhs_ZDT1,ZDT1,2,2,1,Kriging,200,33,17,40000.0,40000.0,"[40000, 29205]",0.11371697935443453,0.03443415233954313
swap_medium-lhs_ZDT1,ZDT1,2,3,1,Kriging,200,8,16,40000.0,40000.0,"[40000, 24575]",0.11371697935443453,0.02007471760067178
swap_medium-lhs_ZDT1,ZDT1,2,4,1,Kriging,200,0,17,40000.0,40000.0,"[40000, 22460]",0.11373385713610883,0.0139155191857872
swap_medium-lhs_ZDT1,ZDT1,2,5,1,Kriging,200,0,15,40000.0,40000.0,"[40000, 20576]",0.1137489583748588,0.019081248936927277
swap_medium-lhs_ZDT1,ZDT1,2,6,1,Kriging,200,0,12,40000.0,40000.0,"[40000, 20832]",0.11380261900495305,0.02700164176875737
swap_medium-lhs_ZDT1,ZDT1,2,7,1,Kriging,200,0,20,40000.0,40000.0,"[40000, 21276]",0.11382695123856898,0.03298730918269122
swap_medium-lhs_ZDT1,ZDT1,2,8,1,Kriging,200,0,25,40000.0,40000.0,"[40000, 20154]",0.11388527098671339,0.03774279748816994
swap_medium-lhs_ZDT1,ZDT1,2,9,1,Kriging,200,0,23,40000.0,40000.0,"[40000, 18150]",0.1139521123427975,0.043020279375022924
swap_medium-lhs_ZDT1,ZDT1,2,10,1,Kriging,200,0,18,40000.0,40000.0,"[40000, 17462]",0.114058306738304,0.05007770325511509
swap_medium-lhs_ZDT1,ZDT1,2,11,1,Kriging,200,0,15,40000.0,40000.0,"[40000, 18086]",0.114058306738304,0.055333764974254324
swap_medium-lhs_ZDT1,ZDT1,2,12,1,Kriging,200,0,18,40000.0,40000.0,"[40000, 17022]",0.11412850917123118,0.062161909803300046
swap_medium-lhs_ZDT1,ZDT1,2,13,1,Kriging,200,0,26,40000.0,40000.0,"[40000, 17242]",0.11412850917123118,0.07085548568795524
swap_medium-lhs_ZDT1,ZDT1,2,14,1,Kriging,200,0,28,40000.0,40000.0,"[40000, 17238]",0.11412850917123118,0.07843580480279255
swap_medium-lhs_ZDT1,ZDT1,2,15,1,Kriging,200,0,27,40000.0,40000.0,"[40000, 17894]",0.11418157212228151,0.08651234418765416
swap_medium-lhs_ZDT1,ZDT1,2,16,1,Kriging,200,0,27,40000.0,40000.0,"[40000, 17536]",0.11418157212228151,0.09273439607492943
swap_medium-lhs_ZDT1,ZDT1,2,17,1,Kriging,200,0,32,40000.0,40000.0,"[40000, 18882]",0.11424273418294202,0.09870721273731292
swap_medium-lhs_ZDT1,ZDT1,2,18,1,Kriging,200,0,35,40000.0,40000.0,"[40000, 17712]",0.11427071593557958,0.10177950129155296
swap_medium-lhs_ZDT1,ZDT1,2,19,1,Kriging,200,0,37,40000.0,40000.0,"[40000, 17504]",0.11432612853199155,0.10472438591590144
swap_medium-lhs_ZDT1,ZDT1,2,20,1,Kriging,200,0,39,40000.0,40000.0,"[40000, 18090]",0.1143584892220409,0.11047263902343517
swap_medium-lhs_ZDT1,ZDT1,2,21,1,Kriging,200,0,49,40000.0,40000.0,"[40000, 16428]",0.11438242210842076,0.11435559993327418
swap_medium-lhs_ZDT1,ZDT1,2,22,1,Kriging,200,0,52,40000.0,40000.0,"[40000, 15852]",0.11440104547728801,0.11683605366458046
swap_medium-lhs_ZDT1,ZDT1,2,23,1,Kriging,200,0,44,40000.0,40000.0,"[40000, 14384]",0.11440744282622993,0.11985901165049137
swap_medium-lhs_ZDT1,ZDT1,2,24,1,Kriging,200,0,41,40000.0,40000.0,"[40000, 14702]",0.11441972871634064,0.12215682565653363
swap_medium-lhs_ZDT1,ZDT1,2,25,1,Kriging,200,0,43,40000.0,40000.0,"[40000, 15542]",0.11445975435466796,0.12568117667109407
swap_medium-lhs_ZDT1,ZDT1,2,26,1,Kriging,200,0,47,40000.0,40000.0,"[40000, 16526]",0.11447346815282011,0.12956280174651216
swap_medium-lhs_ZDT1,ZDT1,2,27,1,Kriging,200,0,56,40000.0,40000.0,"[40000, 15800]",0.11448373041555442,0.13269981927945054
swap_medium-lhs_ZDT1,ZDT1,2,28,1,Kriging,200,0,61,40000.0,40000.0,"[40000, 14916]",0.11452114610356129,0.134423845206494
swap_medium-lhs_ZDT1,ZDT1,2,29,1,Kriging,200,0,54,40000.0,40000.0,"[40000, 15646]",0.11452175848042123,0.13725303312818757
swap_medium-lhs_ZDT1,ZDT1,2,30,1,Kriging,200,0,55,40000.0,40000.0,"[40000, 16266]",0.11456954115061732,0.1398538471192367
swap_medium-lhs_ZDT1,ZDT1,2,31,1,Kriging,200,0,65,40000.0,40000.0,"[40000, 15240]",0.11456954115061732,0.14152424487762003
swap_medium-lhs_ZDT1,ZDT1,2,32,1,Kriging,200,0,62,40000.0,40000.0,"[40000, 16660]",0.11456954115061732,0.14340284100057515
swap_medium-lhs_ZDT1,ZDT1,2,33,1,Kriging,200,0,57,40000.0,40000.0,"[40000, 15258]",0.11460682596203839,0.14507808893826193
swap_medium-lhs_ZDT1,ZDT1,2,34,1,Kriging,200,0,64,40000.0,40000.0,"[40000, 16816]",0.11460822943136448,0.14834566045860714
swap_medium-lhs_ZDT1,ZDT1,2,35,1,Kriging,200,0,54,40000.0,40000.0,"[40000, 17150]",0.11463043058480811,0.15147256297683964
swap_medium-lhs_ZDT1,ZDT1,2,36,1,Kriging,200,0,53,40000.0,40000.0,"[40000, 16616]",0.11467941917039154,0.15455627043853673
swap_medium-lhs_ZDT1,ZDT1,2,37,1,Kriging,200,0,52,40000.0,40000.0,"[40000, 14562]",0.11467941917039154,0.1574470474084562
swap_medium-lhs_ZDT1,ZDT1,2,38,1,Kriging,200,0,42,40000.0,40000.0,"[40000, 16116]",0.11467941917039154,0.15900920742038893
swap_medium-lhs_ZDT1,ZDT1,2,39,1,Kriging,200,0,55,40000.0,40000.0,"[40000, 16224]",0.11467941917039154,0.1617386671191523
swap_medium-lhs_ZDT1,ZDT1,2,40,1,Kriging,200,0,57,40000.0,40000.0,"[40000, 16012]",0.11469654043667868,0.16314483085150325
swap_medium-lhs_ZDT1,ZDT1,2,41,1,Kriging,200,0,59,40000.0,40000.0,"[40000, 15040]",0.11473508189028753,0.16496221597603042
swap_medium-lhs_ZDT1,ZDT1,2,42,1,Kriging,200,0,60,40000.0,40000.0,"[40000, 15958]",0.11473508189028753,0.16721435862887588
swap_medium-lhs_ZDT1,ZDT1,2,43,1,Kriging,200,0,61,40000.0,40000.0,"[40000, 16548]",0.11475235644935618,0.16886037037027088
swap_medium-lhs_ZDT1,ZDT1,2,44,1,Kriging,200,0,71,40000.0,40000.0,"[40000, 16266]",0.11476080756301146,0.17032602327997043
swap_medium-lhs_ZDT1,ZDT1,2,45,1,Kriging,200,0,72,40000.0,40000.0,"[40000, 16292]",0.11476556364639,0.17178732690268295
swap_medium-lhs_ZDT1,ZDT1,2,46,1,Kriging,200,0,66,40000.0,40000.0,"[40000, 16210]",0.11477699839542826,0.1736151453837873
swap_medium-lhs_ZDT1,ZDT1,2,47,1,Kriging,200,0,69,40000.0,40000.0,"[40000, 15250]",0.11478787181901799,0.17496891802279788
swap_medium-lhs_ZDT1,ZDT1,2,48,1,Kriging,200,0,71,40000.0,40000.0,"[40000, 16912]",0.11478934784858305,0.1764304220929066
swap_medium-lhs_ZDT1,ZDT1,2,49,1,Kriging,200,0,66,40000.0,40000.0,"[40000, 16234]",0.11479922765001428,0.1775186274646554
swap_medium-lhs_ZDT1,ZDT1,2,50,1,Kriging,200,0,71,40000.0,40000.0,"[40000, 15696]",0.11481823864145399,0.178693717159748
swap_medium-lhs_ZDT1,ZDT1,2,51,1,Kriging,200,0,73,40000.0,40000.0,"[40000, 16154]",0.11481823864145399,0.17879208756348552
swap_medium-lhs_ZDT1,ZDT1,2,52,1,Kriging,200,0,73,40000.0,40000.0,"[40000, 17024]",0.11481823864145399,0.18055771807932275
swap_medium-lhs_ZDT1,ZDT1,2,53,1,Kriging,200,0,75,40000.0,40000.0,"[40000, 16524]",0.11481979672151665,0.18121076990412047
swap_medium-lhs_ZDT1,ZDT1,2,54,1,Kriging,200,0,70,40000.0,40000.0,"[40000, 16554]",0.11482370237330092,0.18256342492767894
swap_medium-lhs_ZDT1,ZDT1,2,55,1,Kriging,200,0,69,40000.0,40000.0,"[40000, 16494]",0.11482370237330092,0.18263725857473523
swap_medium-lhs_ZDT1,ZDT1,2,56,1,Kriging,200,0,71,40000.0,40000.0,"[40000, 16100]",0.11482513962773022,0.18309977096581925
swap_medium-lhs_ZDT1,ZDT1,2,57,1,Kriging,200,0,68,40000.0,40000.0,"[40000, 16598]",0.1148421326679058,0.1843957944290544
swap_medium-lhs_ZDT1,ZDT1,2,58,1,Kriging,200,0,69,40000.0,40000.0,"[40000, 15922]",0.1148421326679058,0.1854030044859499
swap_medium-lhs_ZDT1,ZDT1,2,59,1,Kriging,200,0,75,40000.0,40000.0,"[40000, 16444]",0.11485412670759948,0.18590552194430376
swap_medium-lhs_ZDT1,ZDT1,2,60,1,Kriging,200,0,75,40000.0,40000.0,"[40000, 16276]",0.11485459127914095,0.18603877723646525
swap_medium-lhs_ZDT1,ZDT1,2,61,1,Kriging,200,0,77,40000.0,40000.0,"[40000, 16308]",0.1148711373011474,0.1868640380686112
swap_medium-lhs_ZDT1,ZDT1,2,62,1,Kriging,200,0,80,40000.0,40000.0,"[40000, 17768]",0.11487524270778858,0.18769330788528227
swap_medium-lhs_ZDT1,ZDT1,2,63,1,Kriging,200,0,77,40000.0,40000.0,"[40000, 16332]",0.11487524270778858,0.18871393177253495
swap_medium-lhs_ZDT1,ZDT1,2,64,1,Kriging,200,0,74,40000.0,40000.0,"[40000, 15120]",0.11487524270778858,0.18953095484146443
swap_medium-lhs_ZDT1,ZDT1,2,65,1,Kriging,200,0,68,40000.0,40000.0,"[40000, 15362]",0.11487524270778858,0.1901657082043505
swap_medium-lhs_ZDT1,ZDT1,2,66,1,Kriging,200,0,69,40000.0,40000.0,"[40000, 17428]",0.11488454908771036,0.19070547575363916
swap_medium-lhs_ZDT1,ZDT1,2,67,1,Kriging,200,0,71,40000.0,40000.0,"[40000, 16648]",0.11488722788782535,0.1912399953629304
swap_medium-lhs_ZDT1,ZDT1,2,68,1,Kriging,200,0,81,40000.0,40000.0,"[40000, 17384]",0.11488758249953264,0.19170424034730277
swap_medium-lhs_ZDT1,ZDT1,2,69,1,Kriging,200,0,83,40000.0,40000.0,"[40000, 16582]",0.11489095238017805,0.19247680559096167
swap_medium-lhs_ZDT1,ZDT1,2,70,1,Kriging,200,0,81,40000.0,40000.0,"[40000, 14616]",0.11489095238017805,0.19314538580550272
swap_medium-lhs_ZDT1,ZDT1,2,71,1,Kriging,200,0,79,40000.0,40000.0,"[40000, 14384]",0.11489376098503233,0.1936841005684844
swap_medium-lhs_ZDT1,ZDT1,2,72,1,Kriging,200,0,81,40000.0,40000.0,"[40000, 16558]",0.11489821552737046,0.1936309447680422
swap_medium-lhs_ZDT1,ZDT1,2,73,1,Kriging,200,0,82,40000.0,40000.0,"[40000, 17144]",0.1148995261396088,0.19388971295249086
swap_medium-lhs_ZDT1,ZDT1,2,74,1,Kriging,200,0,82,40000.0,40000.0,"[40000, 15920]",0.11489967860240638,0.19428536851215944
swap_medium-lhs_ZDT1,ZDT1,2,75,1,Kriging,200,0,83,40000.0,40000.0,"[40000, 17032]",0.11489967860240638,0.19456566059163052
swap_medium-lhs_ZDT1,ZDT1,2,76,1,Kriging,200,0,88,40000.0,40000.0,"[40000, 16832]",0.11490148683097179,0.19483970760366887
swap_medium-lhs_ZDT1,ZDT1,2,77,1,Kriging,200,0,90,40000.0,40000.0,"[40000, 16360]",0.11490546614939019,0.19486432630288292
swap_medium-lhs_ZDT1,ZDT1,2,78,1,Kriging,200,0,90,40000.0,40000.0,"[40000, 15260]",0.11490546614939019,0.19467561592466645
swap_medium-lhs_ZDT1,ZDT1,2,79,1,Kriging,200,0,89,40000.0,40000.0,"[40000, 16890]",0.11490684595464584,0.1957403477285853
swap_medium-lhs_ZDT1,ZDT1,2,80,1,Kriging,200,0,88,40000.0,40000.0,"[40000, 17136]",0.11490779315051033,0.19628112716094648
swap_medium-lhs_ZDT1,ZDT1,2,81,1,Kriging,200,0,85,40000.0,40000.0,"[40000, 16340]",0.11491202436141987,0.19624251671999118
swap_medium-lhs_ZDT1,ZDT1,2,82,1,Kriging,200,0,87,40000.0,40000.0,"[40000, 14154]",0.11491210973666231,0.1953636530462731
swap_medium-lhs_ZDT1,ZDT1,2,83,1,Kriging,200,0,85,40000.0,40000.0,"[40000, 16444]",0.11491290044059606,0.19578497141701348
swap_medium-lhs_ZDT1,ZDT1,2,84,1,Kriging,200,0,87,40000.0,40000.0,"[40000, 16810]",0.11491452140016284,0.19603886995858424
swap_medium-lhs_ZDT1,ZDT1,2,85,1,Kriging,200,0,88,40000.0,40000.0,"[40000, 17408]",0.11491566406683959,0.19680523021355775
swap_medium-lhs_ZDT1,ZDT1,2,86,1,Kriging,200,0,82,40000.0,40000.0,"[40000, 16462]",0.11491566406683959,0.19606409825361104
swap_medium-lhs_ZDT1,ZDT1,2,87,1,Kriging,200,0,86,40000.0,40000.0,"[40000, 16524]",0.11491818613002068,0.1969051198927493
swap_medium-lhs_ZDT1,ZDT1,2,88,1,Kriging,200,0,86,40000.0,40000.0,"[40000, 16476]",0.11491879924773385,0.19638178509395934
swap_medium-lhs_ZDT1,ZDT1,2,89,1,Kriging,200,0,86,40000.0,40000.0,"[40000, 15692]",0.11492040432282073,0.19680326743351473
swap_medium-lhs_ZDT1,ZDT1,2,90,1,Kriging,200,0,86,40000.0,40000.0,"[40000, 16166]",0.11492095299710675,0.1970984344520739
swap_medium-lhs_ZDT1,ZDT1,2,91,1,Kriging,200,0,90,40000.0,40000.0,"[40000, 15548]",0.1149218768957674,0.19670705250408385
swap_medium-lhs_ZDT1,ZDT1,2,92,1,Kriging,200,0,88,40000.0,40000.0,"[40000, 16048]",0.11492256155551757,0.19707023004094226
swap_medium-lhs_ZDT1,ZDT1,2,93,1,Kriging,200,0,87,40000.0,40000.0,"[40000, 16452]",0.11492256155551757,0.19732071973392024
swap_medium-lhs_ZDT1,ZDT1,2,94,1,Kriging,200,0,83,40000.0,40000.0,"[40000, 16444]",0.11492256155551757,0.19705789145030222
swap_medium-lhs_ZDT1,ZDT1,2,95,1,Kriging,200,0,89,40000.0,40000.0,"[40000, 16720]",0.11492325523633087,0.19710519879732177
swap_medium-lhs_ZDT1,ZDT1,2,96,1,Kriging,200,0,93,40000.0,40000.0,"[40000, 16656]",0.11492325523633087,0.19741648600314726
swap_medium-lhs_ZDT1,ZDT1,2,97,1,Kriging,200,0,91,40000.0,40000.0,"[40000, 17154]",0.11492457427808563,0.19793715634928033
swap_medium-lhs_ZDT1,ZDT1,2,98,1,Kriging,200,0,93,40000.0,40000.0,"[40000, 16762]",0.11492535209978627,0.19792792793973407
swap_medium-lhs_ZDT1,ZDT1,2,99,1,Kriging,200,0,92,40000.0,40000.0,"[40000, 16684]",0.11492592994219601,0.19783555402897318
swap_medium-lhs_ZDT4,ZDT4,2,1,1,Kriging,2100,93,7,4410000.0,4410000.0,"[4410000.0, 4076996.0]",30.611870668743762,10.483482425306379
swap_medium-lhs_ZDT4,ZDT4,2,2,1,Kriging,200,44,8,40000.0,40000.0,"[40000, 13443]",29.102314561244768,9.283660602092116
swap_medium-lhs_ZDT4,ZDT4,2,3,1,Kriging,200,25,9,40000.0,40000.0,"[40000, 5700]",29.102314561244768,9.62880235922084
swap_medium-lhs_ZDT4,ZDT4,2,4,1,Kriging,200,14,6,40000.0,40000.0,"[40000, 2751]",27.173651857217934,10.37802615604143
swap_medium-lhs_ZDT4,ZDT4,2,5,1,Kriging,200,7,7,40000.0,40000.0,"[40000, 2420]",26.203275026551072,12.016756737743654
swap_medium-lhs_ZDT4,ZDT4,2,6,1,Kriging,200,5,9,40000.0,40000.0,"[40000, 1929]",24.512057034815268,15.017207193960475
swap_medium-lhs_ZDT4,ZDT4,2,7,1,Kriging,200,4,14,40000.0,40000.0,"[40000, 1003]",24.43865776578064,15.122864722407673
swap_medium-lhs_ZDT4,ZDT4,2,8,1,Kriging,200,1,15,40000.0,40000.0,"[40000, 760]",23.772831628244948,16.94463211085999
swap_medium-lhs_ZDT4,ZDT4,2,9,1,Kriging,200,1,16,40000.0,40000.0,"[40000, 231]",21.45783358491399,18.940051578762077
swap_medium-lhs_ZDT4,ZDT4,2,10,1,Kriging,200,1,21,40000.0,40000.0,"[40000, 305]",21.45783358491399,19.890494551446967
swap_medium-lhs_ZDT4,ZDT4,2,11,1,Kriging,200,0,19,40000.0,40000.0,"[40000, 141]",21.88960289012855,21.00818097150984
swap_medium-lhs_ZDT4,ZDT4,2,12,1,Kriging,200,0,20,40000.0,40000.0,"[40000, 152]",21.70250894663568,21.152702985478143
swap_medium-lhs_ZDT4,ZDT4,2,13,1,Kriging,200,0,22,40000.0,40000.0,"[40000, 0]",20.97624552174272,22.03766601004507
swap_medium-lhs_ZDT4,ZDT4,2,14,1,Kriging,200,0,22,40000.0,40000.0,"[40000, 80]",20.9156289253415,22.116385905218003
swap_medium-lhs_ZDT4,ZDT4,2,15,1,Kriging,200,0,24,40000.0,40000.0,"[40000, 78]",20.948263312686255,21.80382963997985
swap_medium-lhs_ZDT4,ZDT4,2,16,1,Kriging,200,0,28,40000.0,40000.0,"[40000, 0]",20.32510884924322,22.392735183372416
swap_medium-lhs_ZDT4,ZDT4,2,17,1,Kriging,200,0,28,40000.0,40000.0,"[40000, 4]",21.607218607089617,22.793571491663887
swap_medium-lhs_ZDT4,ZDT4,2,18,1,Kriging,200,0,28,40000.0,40000.0,"[40000, 18]",21.364445887736057,22.926445440643885
swap_medium-lhs_ZDT4,ZDT4,2,19,1,Kriging,200,0,29,40000.0,40000.0,"[40000, 16]",20.239651585287245,22.957163185285264
swap_medium-lhs_ZDT4,ZDT4,2,20,1,Kriging,200,0,31,40000.0,40000.0,"[40000, 0]",21.483687959148256,22.89323074503368
swap_medium-lhs_ZDT4,ZDT4,2,21,1,Kriging,200,0,35,40000.0,40000.0,"[40000, 0]",20.130834287428666,23.111217440626874
swap_medium-lhs_ZDT4,ZDT4,2,22,1,Kriging,200,0,40,40000.0,40000.0,"[40000, 0]",20.704327850114858,22.799716934547668
swap_medium-lhs_ZDT4,ZDT4,2,23,1,Kriging,200,0,42,40000.0,40000.0,"[40000, 0]",22.569828663073704,22.9323069292891
swap_medium-lhs_ZDT4,ZDT4,2,24,1,Kriging,200,0,41,40000.0,40000.0,"[40000, 0]",20.848127969606193,23.06504835268566
swap_medium-lhs_ZDT4,ZDT4,2,25,1,Kriging,200,0,39,40000.0,40000.0,"[40000, 0]",19.30200214356409,23.057584934598044
swap_medium-lhs_ZDT4,ZDT4,2,26,1,Kriging,200,0,46,40000.0,40000.0,"[40000, 26]",19.525313204673214,23.07639049221075
swap_medium-lhs_ZDT4,ZDT4,2,27,1,Kriging,200,0,47,40000.0,40000.0,"[40000, 0]",20.122907537488963,22.943080089666623
swap_medium-lhs_ZDT4,ZDT4,2,28,1,Kriging,200,0,44,40000.0,40000.0,"[40000, 2]",19.30200214356409,22.79434961455385
swap_medium-lhs_ZDT4,ZDT4,2,29,1,Kriging,200,0,47,40000.0,40000.0,"[40000, 0]",21.04305030610976,22.74697378795811
swap_medium-lhs_ZDT4,ZDT4,2,30,1,Kriging,200,0,43,40000.0,40000.0,"[40000, 0]",20.908509360335728,22.705084579878367
swap_medium-lhs_ZDT4,ZDT4,2,31,1,Kriging,200,0,47,40000.0,40000.0,"[40000, 24]",20.408781299981626,22.66398341120755
swap_medium-lhs_ZDT4,ZDT4,2,32,1,Kriging,200,0,49,40000.0,40000.0,"[40000, 0]",21.32671970555112,22.76208714801637
swap_medium-lhs_ZDT4,ZDT4,2,33,1,Kriging,200,0,50,40000.0,40000.0,"[40000, 0]",21.558916948705114,22.797989954563967
swap_medium-lhs_ZDT4,ZDT4,2,34,1,Kriging,200,0,52,40000.0,40000.0,"[40000, 0]",21.657718602858317,22.87341549860512
swap_medium-lhs_ZDT4,ZDT4,2,35,1,Kriging,200,0,54,40000.0,40000.0,"[40000, 0]",20.221592776148544,22.99799194580474
swap_medium-lhs_ZDT4,ZDT4,2,36,1,Kriging,200,0,52,40000.0,40000.0,"[40000, 0]",22.639360922478115,22.89692424518288
swap_medium-lhs_ZDT4,ZDT4,2,37,1,Kriging,200,0,51,40000.0,40000.0,"[40000, 0]",20.848070630725495,22.915683317266577
swap_medium-lhs_ZDT4,ZDT4,2,38,1,Kriging,200,0,49,40000.0,40000.0,"[40000, 0]",20.683912087423924,23.024760006195844
swap_medium-lhs_ZDT4,ZDT4,2,39,1,Kriging,200,0,51,40000.0,40000.0,"[40000, 0]",19.334466201432694,22.978744610709082
swap_medium-lhs_ZDT4,ZDT4,2,40,1,Kriging,200,0,49,40000.0,40000.0,"[40000, 4]",22.602221245283136,23.038139135115426
swap_medium-lhs_ZDT4,ZDT4,2,41,1,Kriging,200,0,53,40000.0,40000.0,"[40000, 0]",20.40964660963588,22.957553955851495
swap_medium-lhs_ZDT4,ZDT4,2,42,1,Kriging,200,0,54,40000.0,40000.0,"[40000, 0]",19.08709681799761,22.953291499270307
swap_medium-lhs_ZDT4,ZDT4,2,43,1,Kriging,200,0,56,40000.0,40000.0,"[40000, 0]",20.607582561583744,23.008741949775594
swap_medium-lhs_ZDT4,ZDT4,2,44,1,Kriging,200,0,58,40000.0,40000.0,"[40000, 0]",19.364776461665702,22.993430926141276
swap_medium-lhs_ZDT4,ZDT4,2,45,1,Kriging,200,0,60,40000.0,40000.0,"[40000, 0]",20.123045971686448,23.015345161845275
swap_medium-lhs_ZDT4,ZDT4,2,46,1,Kriging,200,0,57,40000.0,40000.0,"[40000, 0]",19.08709681799761,23.0650900569206
swap_medium-lhs_ZDT4,ZDT4,2,47,1,Kriging,200,0,57,40000.0,40000.0,"[40000, 0]",19.104633094295046,23.110125915643753
swap_medium-lhs_ZDT4,ZDT4,2,48,1,Kriging,200,0,56,40000.0,40000.0,"[40000, 0]",19.27277341502493,23.131925697041957
swap_medium-lhs_ZDT4,ZDT4,2,49,1,Kriging,200,0,54,40000.0,40000.0,"[40000, 0]",19.08709681799761,23.07905888568272
swap_medium-lhs_ZDT4,ZDT4,2,50,1,Kriging,200,0,54,40000.0,40000.0,"[40000, 0]",19.746783365425514,23.082465250228864
swap_medium-lhs_ZDT4,ZDT4,2,51,1,Kriging,200,0,59,40000.0,40000.0,"[40000, 0]",19.89617313880445,23.233401713542243
swap_medium-lhs_ZDT4,ZDT4,2,52,1,Kriging,200,0,57,40000.0,40000.0,"[40000, 0]",19.08709681799761,23.274482732093805
swap_medium-lhs_ZDT4,ZDT4,2,53,1,Kriging,200,0,56,40000.0,40000.0,"[40000, 0]",19.69977518260057,23.142663961854442
swap_medium-lhs_ZDT4,ZDT4,2,54,1,Kriging,200,0,54,40000.0,40000.0,"[40000, 0]",19.08709681799761,23.20744393680455
swap_medium-lhs_ZDT4,ZDT4,2,55,1,Kriging,200,0,52,40000.0,40000.0,"[40000, 0]",19.882556148613684,23.05555263357093
swap_medium-lhs_ZDT4,ZDT4,2,56,1,Kriging,200,0,53,40000.0,40000.0,"[40000, 0]",20.306499755038224,23.12704451428813
swap_medium-lhs_ZDT4,ZDT4,2,57,1,Kriging,200,0,50,40000.0,40000.0,"[40000, 0]",19.022457449056994,23.41684519964463
swap_medium-lhs_ZDT4,ZDT4,2,58,1,Kriging,200,0,48,40000.0,40000.0,"[40000, 0]",18.81344727322972,23.346928834188894
swap_medium-lhs_ZDT4,ZDT4,2,59,1,Kriging,200,0,50,40000.0,40000.0,"[40000, 0]",19.345046540348363,23.302646764227962
swap_medium-lhs_ZDT4,ZDT4,2,60,1,Kriging,200,0,54,40000.0,40000.0,"[40000, 0]",19.112739727790146,23.16820869467927
swap_medium-lhs_ZDT4,ZDT4,2,61,1,Kriging,200,0,54,40000.0,40000.0,"[40000, 0]",18.81344727322972,23.326721213025138
swap_medium-lhs_ZDT4,ZDT4,2,62,1,Kriging,200,0,54,40000.0,40000.0,"[40000, 0]",20.64013614407287,23.221504041325232
swap_medium-lhs_ZDT4,ZDT4,2,63,1,Kriging,200,0,56,40000.0,40000.0,"[40000, 0]",20.64013614407287,23.20622286669028
swap_medium-lhs_ZDT4,ZDT4,2,64,1,Kriging,200,0,55,40000.0,40000.0,"[40000, 0]",19.51541809360386,23.18688255407296
swap_medium-lhs_ZDT4,ZDT4,2,65,1,Kriging,200,0,55,40000.0,40000.0,"[40000, 0]",19.751591908835728,23.29537330413115
swap_medium-lhs_ZDT4,ZDT4,2,66,1,Kriging,200,0,54,40000.0,40000.0,"[40000, 0]",19.239512713225885,23.205647075115486
swap_medium-lhs_ZDT4,ZDT4,2,67,1,Kriging,200,0,54,40000.0,40000.0,"[40000, 0]",20.969738105425282,23.184561283222816
swap_medium-lhs_ZDT4,ZDT4,2,68,1,Kriging,200,0,61,40000.0,40000.0,"[40000, 0]",19.488282816749223,23.285206304038347
swap_medium-lhs_ZDT4,ZDT4,2,69,1,Kriging,200,0,58,40000.0,40000.0,"[40000, 0]",20.20091185046638,23.125093665657985
swap_medium-lhs_ZDT4,ZDT4,2,70,1,Kriging,200,0,58,40000.0,40000.0,"[40000, 8]",19.87642202096665,23.238902736971095
swap_medium-lhs_ZDT4,ZDT4,2,71,1,Kriging,200,0,58,40000.0,40000.0,"[40000, 0]",19.406953341370134,23.19078640585071
swap_medium-lhs_ZDT4,ZDT4,2,72,1,Kriging,200,0,58,40000.0,40000.0,"[40000, 0]",20.3259583387956,23.361748348742125
swap_medium-lhs_ZDT4,ZDT4,2,73,1,Kriging,200,0,58,40000.0,40000.0,"[40000, 0]",20.66246727473858,23.136872996890293
swap_medium-lhs_ZDT4,ZDT4,2,74,1,Kriging,200,0,60,40000.0,40000.0,"[40000, 0]",18.953793287231502,23.314722285615435
swap_medium-lhs_ZDT4,ZDT4,2,75,1,Kriging,200,0,61,40000.0,40000.0,"[40000, 0]",18.953793287231502,23.293583288203298
swap_medium-lhs_ZDT4,ZDT4,2,76,1,Kriging,200,0,62,40000.0,40000.0,"[40000, 0]",19.20060768338702,23.47321651894533
swap_medium-lhs_ZDT4,ZDT4,2,77,1,Kriging,200,0,61,40000.0,40000.0,"[40000, 0]",18.953793287231502,23.45239953946974
swap_medium-lhs_ZDT4,ZDT4,2,78,1,Kriging,200,0,63,40000.0,40000.0,"[40000, 0]",18.953793287231502,23.306990456973818
swap_medium-lhs_ZDT4,ZDT4,2,79,1,Kriging,200,0,64,40000.0,40000.0,"[40000, 0]",20.56701299427374,23.33039303436469
swap_medium-lhs_ZDT4,ZDT4,2,80,1,Kriging,200,0,64,40000.0,40000.0,"[40000, 18]",21.01295082982811,23.136196229847773
swap_medium-lhs_ZDT4,ZDT4,2,81,1,Kriging,200,0,66,40000.0,40000.0,"[40000, 0]",19.24717090752861,23.218037709708497
swap_medium-lhs_ZDT4,ZDT4,2,82,1,Kriging,200,0,65,40000.0,40000.0,"[40000, 38]",19.24717090752861,23.069008752897144
swap_medium-lhs_ZDT4,ZDT4,2,83,1,Kriging,200,0,69,40000.0,40000.0,"[40000, 86]",20.568401284367162,23.149075886316833
swap_medium-lhs_ZDT4,ZDT4,2,84,1,Kriging,200,0,72,40000.0,40000.0,"[40000, 0]",20.07882935444842,23.16324790164653
swap_medium-lhs_ZDT4,ZDT4,2,85,1,Kriging,200,0,73,40000.0,40000.0,"[40000, 0]",18.953793287231502,23.365862476136577
swap_medium-lhs_ZDT4,ZDT4,2,86,1,Kriging,200,0,74,40000.0,40000.0,"[40000, 0]",18.953793287231502,23.216799005397032
swap_medium-lhs_ZDT4,ZDT4,2,87,1,Kriging,200,0,75,40000.0,40000.0,"[40000, 0]",18.953793287231502,23.4786784358248
swap_medium-lhs_ZDT4,ZDT4,2,88,1,Kriging,200,0,77,40000.0,40000.0,"[40000, 0]",21.237169463975683,23.225259843199577
swap_medium-lhs_ZDT4,ZDT4,2,89,1,Kriging,200,0,72,40000.0,40000.0,"[40000, 0]",21.3564789180741,23.33074780820617
swap_medium-lhs_ZDT4,ZDT4,2,90,1,Kriging,200,0,75,40000.0,40000.0,"[40000, 0]",18.953793287231502,23.543666634605525
swap_medium-lhs_ZDT4,ZDT4,2,91,1,Kriging,200,0,74,40000.0,40000.0,"[40000, 0]",19.90237261329599,23.28196332556423
swap_medium-lhs_ZDT4,ZDT4,2,92,1,Kriging,200,0,77,40000.0,40000.0,"[40000, 0]",19.946419119164986,23.21224791008257
swap_medium-lhs_ZDT4,ZDT4,2,93,1,Kriging,200,0,75,40000.0,40000.0,"[40000, 0]",20.506775048173257,23.21950640819676
swap_medium-lhs_ZDT4,ZDT4,2,94,1,Kriging,200,0,75,40000.0,40000.0,"[40000, 0]",19.914017250517173,23.167737301682145
swap_medium-lhs_ZDT4,ZDT4,2,95,1,Kriging,200,0,74,40000.0,40000.0,"[40000, 0]",19.27249644642325,23.185491925655857
swap_medium-lhs_ZDT4,ZDT4,2,96,1,Kriging,200,0,74,40000.0,40000.0,"[40000, 0]",20.365420164522767,23.34189700473954
swap_medium-lhs_ZDT4,ZDT4,2,97,1,Kriging,200,0,75,40000.0,40000.0,"[40000, 0]",18.953793287231502,23.392897633710263
swap_medium-lhs_ZDT4,ZDT4,2,98,1,Kriging,200,0,75,40000.0,40000.0,"[40000, 0]",18.953793287231502,23.374114322617302
swap_medium-lhs_ZDT4,ZDT4,2,99,1,Kriging,200,0,74,40000.0,40000.0,"[40000, 0]",20.190018446429416,23.199359697842905
swap_medium-mvns_DTLZ2,DTLZ2,3,1,0,RBFN,2100,95,51,4371396.0,4410000.0,"[4324984.0, 4339308.0, 4345472.0]",0.20299935664614036,0.19139512823479102
swap_medium-mvns_DTLZ2,DTLZ2,3,2,0,RBFN,200,74,65,34158.0,40000.0,"[28174, 33924, 31970]",0.2410417084032452,0.201919799462547
swap_medium-mvns_DTLZ2,DTLZ2,3,3,0,RBFN,200,63,70,32854.0,40000.0,"[26417, 32263, 31033]",0.2467636830255557,0.2024570553723949
swap_medium-mvns_DTLZ2,DTLZ2,3,4,0,RBFN,200,55,72,31410.0,40000.0,"[24421, 30757, 29965]",0.253167873583402,0.19584560290947886
swap_medium-mvns_DTLZ2,DTLZ2,3,5,0,RBFN,200,50,69,30036.0,40000.0,"[22631, 29871, 29133]",0.25569319219700615,0.20551200016416252
swap_medium-mvns_DTLZ2,DTLZ2,3,6,0,RBFN,200,44,77,28274.0,40000.0,"[20632, 28516, 27766]",0.2572537382509925,0.21071038206231768
swap_medium-mvns_DTLZ2,DTLZ2,3,7,0,RBFN,200,39,82,27668.0,40000.0,"[20218, 27868, 26864]",0.2660916584439639,0.21159177099908633
swap_medium-mvns_DTLZ2,DTLZ2,3,8,0,RBFN,200,32,85,25372.0,40000.0,"[17629, 26813, 25283]",0.2660916584439639,0.2060653360144244
swap_medium-mvns_DTLZ2,DTLZ2,3,9,0,RBFN,200,32,87,24764.0,40000.0,"[16656, 26078, 24962]",0.2572537382509925,0.2079920815401525
swap_medium-mvns_DTLZ2,DTLZ2,3,10,0,RBFN,200,31,87,24198.0,40000.0,"[16263, 24983, 24909]",0.2670797738559146,0.20582989225804105
swap_medium-mvns_DTLZ2,DTLZ2,3,11,0,RBFN,200,28,88,23742.0,40000.0,"[16183, 23929, 24797]",0.2670797738559146,0.20216417359176142
swap_medium-mvns_DTLZ2,DTLZ2,3,12,0,RBFN,200,28,90,23504.0,40000.0,"[15308, 23554, 24026]",0.2681261629885809,0.19966843508681584
swap_medium-mvns_DTLZ2,DTLZ2,3,13,0,RBFN,200,27,90,23280.0,40000.0,"[15630, 22690, 24268]",0.2681261629885809,0.1960152377583683
swap_medium-mvns_DTLZ2,DTLZ2,3,14,0,RBFN,200,26,92,22988.0,40000.0,"[14455, 22545, 24599]",0.2681261629885809,0.19421238917446942
swap_medium-mvns_DTLZ2,DTLZ2,3,15,0,RBFN,200,26,92,21980.0,40000.0,"[14205, 22825, 23227]",0.2687672479141481,0.1940596747691833
swap_medium-mvns_DTLZ2,DTLZ2,3,16,0,RBFN,200,26,91,21122.0,40000.0,"[13828, 20786, 23130]",0.2687672479141481,0.19329490188360757
swap_medium-mvns_DTLZ2,DTLZ2,3,17,0,RBFN,200,26,92,23384.0,40000.0,"[15641, 23037, 24203]",0.2633267281681401,0.20193961094862609
swap_medium-mvns_DTLZ2,DTLZ2,3,18,0,RBFN,200,25,92,22330.0,40000.0,"[14478, 21760, 23354]",0.2633267281681401,0.20076718104263214
swap_medium-mvns_DTLZ2,DTLZ2,3,19,0,RBFN,200,25,92,21458.0,40000.0,"[14187, 22803, 22919]",0.2633267281681401,0.20342130614284662
swap_medium-mvns_DTLZ2,DTLZ2,3,20,0,RBFN,200,25,91,21412.0,40000.0,"[13967, 21835, 22515]",0.26623663329905034,0.20300839899757567
swap_medium-mvns_DTLZ2,DTLZ2,3,21,0,RBFN,200,25,92,22186.0,40000.0,"[14620, 21856, 23534]",0.2581388994634572,0.20172795835438648
swap_medium-mvns_DTLZ2,DTLZ2,3,22,0,RBFN,200,24,91,20718.0,40000.0,"[13711, 21791, 21485]",0.26023065730314837,0.20448006174561456
swap_medium-mvns_DTLZ2,DTLZ2,3,23,0,RBFN,200,24,91,20918.0,40000.0,"[12464, 21666, 22200]",0.2581388994634572,0.2059783812449496
swap_medium-mvns_DTLZ2,DTLZ2,3,24,0,RBFN,200,23,92,21324.0,40000.0,"[12948, 23102, 22458]",0.2581388994634572,0.20531753071236972
swap_medium-mvns_DTLZ2,DTLZ2,3,25,0,RBFN,200,23,93,20206.0,40000.0,"[12725, 21477, 21585]",0.2581388994634572,0.20656496435063257
swap_medium-mvns_DTLZ2,DTLZ2,3,26,0,RBFN,200,22,93,21726.0,40000.0,"[13547, 21671, 22951]",0.2581388994634572,0.21026797695569205
swap_medium-mvns_DTLZ2,DTLZ2,3,27,0,RBFN,200,22,93,21678.0,40000.0,"[13474, 22556, 22830]",0.25980186208256734,0.20986552552773494
swap_medium-mvns_DTLZ2,DTLZ2,3,28,0,RBFN,200,19,94,19670.0,40000.0,"[13124, 20424, 20878]",0.27670269794235103,0.20582992222932303
swap_medium-mvns_DTLZ2,DTLZ2,3,29,0,RBFN,200,19,94,21596.0,40000.0,"[13171, 22331, 22499]",0.27670269794235103,0.20476853705623058
swap_medium-mvns_DTLZ2,DTLZ2,3,30,0,RBFN,200,19,94,21602.0,40000.0,"[13223, 22009, 22755]",0.27670269794235103,0.2044483559201962
swap_medium-mvns_DTLZ2,DTLZ2,3,31,0,RBFN,200,19,94,20742.0,40000.0,"[13163, 20853, 22039]",0.27670269794235103,0.205572528962147
swap_medium-mvns_DTLZ2,DTLZ2,3,32,0,RBFN,200,19,94,20692.0,40000.0,"[12990, 20690, 22022]",0.2805948355673491,0.21067653504680697
swap_medium-mvns_DTLZ2,DTLZ2,3,33,0,RBFN,200,19,94,21720.0,40000.0,"[12801, 22613, 22343]",0.2661368637469088,0.21125663244882723
swap_medium-mvns_DTLZ2,DTLZ2,3,34,0,RBFN,200,19,94,21000.0,40000.0,"[12612, 21478, 22646]",0.2666844911082428,0.21330382470951062
swap_medium-mvns_DTLZ2,DTLZ2,3,35,0,RBFN,200,19,94,20954.0,40000.0,"[12113, 21801, 22279]",0.2661368637469088,0.21682254076282112
swap_medium-mvns_DTLZ2,DTLZ2,3,36,0,RBFN,200,18,94,21166.0,40000.0,"[12437, 21893, 22955]",0.2661368637469088,0.21930913370344085
swap_medium-mvns_DTLZ2,DTLZ2,3,37,0,RBFN,200,18,94,21178.0,40000.0,"[13120, 20374, 22644]",0.2682726682535668,0.2193648499124814
swap_medium-mvns_DTLZ2,DTLZ2,3,38,0,RBFN,200,18,94,19968.0,40000.0,"[11278, 20154, 21766]",0.27840522861218825,0.21909788244785033
swap_medium-mvns_DTLZ2,DTLZ2,3,39,0,RBFN,200,18,94,20530.0,40000.0,"[12476, 21290, 22438]",0.268422127903399,0.22175414216409362
swap_medium-mvns_DTLZ2,DTLZ2,3,40,0,RBFN,200,18,94,19944.0,40000.0,"[11472, 20380, 21918]",0.27157187611339706,0.2225204495211998
swap_medium-mvns_DTLZ2,DTLZ2,3,41,0,RBFN,200,17,94,20612.0,40000.0,"[12906, 21138, 22296]",0.2818412476916163,0.22189170055593213
swap_medium-mvns_DTLZ2,DTLZ2,3,42,0,RBFN,200,17,94,19000.0,40000.0,"[10257, 19985, 21125]",0.27666537197578,0.22257096838381168
swap_medium-mvns_DTLZ2,DTLZ2,3,43,0,RBFN,200,17,94,20638.0,40000.0,"[11605, 21703, 22361]",0.27666537197578,0.2236698489825099
swap_medium-mvns_DTLZ2,DTLZ2,3,44,0,RBFN,200,16,94,19600.0,40000.0,"[11550, 20524, 22362]",0.27666537197578,0.22637309493006932
swap_medium-mvns_DTLZ2,DTLZ2,3,45,0,RBFN,200,16,94,19014.0,40000.0,"[11226, 19232, 21536]",0.27720889226771944,0.22831632615701328
swap_medium-mvns_DTLZ2,DTLZ2,3,46,0,RBFN,200,16,94,18962.0,40000.0,"[11112, 19762, 21674]",0.2770365483360187,0.23418881851844978
swap_medium-mvns_DTLZ2,DTLZ2,3,47,0,RBFN,200,16,94,18636.0,40000.0,"[10920, 20398, 20590]",0.2770365483360187,0.2370417797658611
swap_medium-mvns_DTLZ2,DTLZ2,3,48,0,RBFN,200,16,94,20274.0,40000.0,"[12058, 19806, 22330]",0.2770365483360187,0.23188586297889113
swap_medium-mvns_DTLZ2,DTLZ2,3,49,0,RBFN,200,16,94,19276.0,40000.0,"[11418, 19832, 22134]",0.2770365483360187,0.2393085954613101
swap_medium-mvns_DTLZ2,DTLZ2,3,50,0,RBFN,200,16,94,18470.0,40000.0,"[9734, 18994, 21248]",0.27671408067258974,0.23931356842993617
swap_medium-mvns_DTLZ2,DTLZ2,3,51,0,RBFN,200,16,94,19780.0,40000.0,"[11104, 20248, 22834]",0.27671408067258974,0.24291975304698507
swap_medium-mvns_DTLZ2,DTLZ2,3,52,0,RBFN,200,15,95,20542.0,40000.0,"[12387, 20875, 22875]",0.27671408067258974,0.24342529354134645
swap_medium-mvns_DTLZ2,DTLZ2,3,53,0,RBFN,200,15,95,19782.0,40000.0,"[12073, 19549, 22577]",0.27984862668579485,0.24350449874793564
swap_medium-mvns_DTLZ2,DTLZ2,3,54,0,RBFN,200,15,95,18776.0,40000.0,"[10563, 20011, 21907]",0.27671408067258974,0.24387059724072824
swap_medium-mvns_DTLZ2,DTLZ2,3,55,0,RBFN,200,15,95,19162.0,40000.0,"[11664, 19008, 21778]",0.28155840889682604,0.24568351360684024
swap_medium-mvns_DTLZ2,DTLZ2,3,56,0,RBFN,200,15,95,19052.0,40000.0,"[11651, 18783, 22175]",0.27819857955444116,0.2500693878958892
swap_medium-mvns_DTLZ2,DTLZ2,3,57,0,RBFN,200,15,95,18520.0,40000.0,"[11655, 18785, 21713]",0.28044931043464905,0.25044200757818513
swap_medium-mvns_DTLZ2,DTLZ2,3,58,0,RBFN,200,15,95,19646.0,40000.0,"[10551, 20953, 22449]",0.28044931043464905,0.25448590443542474
swap_medium-mvns_DTLZ2,DTLZ2,3,59,0,RBFN,200,15,95,18732.0,40000.0,"[10552, 18692, 22154]",0.2825830585669978,0.2559084461176807
swap_medium-mvns_DTLZ2,DTLZ2,3,60,0,RBFN,200,15,95,18696.0,40000.0,"[11293, 18539, 21541]",0.28044931043464905,0.255655602710168
swap_medium-mvns_DTLZ2,DTLZ2,3,61,0,RBFN,200,15,94,20960.0,40000.0,"[12462, 20850, 23144]",0.28044931043464905,0.25944142481982996
swap_medium-mvns_DTLZ2,DTLZ2,3,62,0,RBFN,200,15,94,18710.0,40000.0,"[10760, 19938, 21892]",0.28044931043464905,0.2608444567671154
swap_medium-mvns_DTLZ2,DTLZ2,3,63,0,RBFN,200,15,95,18574.0,40000.0,"[10993, 18511, 21939]",0.28066907442922356,0.2638903682901839
swap_medium-mvns_DTLZ2,DTLZ2,3,64,0,RBFN,200,15,95,18942.0,40000.0,"[10760, 19098, 22262]",0.28066907442922356,0.26389956786482893
swap_medium-mvns_DTLZ2,DTLZ2,3,65,0,RBFN,200,15,95,17540.0,40000.0,"[10327, 18039, 20497]",0.2825209270788792,0.2631183619107416
swap_medium-mvns_DTLZ2,DTLZ2,3,66,0,RBFN,200,15,95,18200.0,40000.0,"[10137, 19831, 21141]",0.28066907442922356,0.26618942829286707
swap_medium-mvns_DTLZ2,DTLZ2,3,67,0,RBFN,200,14,95,17828.0,40000.0,"[10863, 18661, 20985]",0.28066907442922356,0.26756109962476554
swap_medium-mvns_DTLZ2,DTLZ2,3,68,0,RBFN,200,14,95,17722.0,40000.0,"[9892, 19180, 21024]",0.28115787353219546,0.2726334017421524
swap_medium-mvns_DTLZ2,DTLZ2,3,69,0,RBFN,200,14,95,17892.0,40000.0,"[9998, 18310, 21498]",0.28304689477841677,0.2695076021674295
swap_medium-mvns_DTLZ2,DTLZ2,3,70,0,RBFN,200,14,95,15994.0,40000.0,"[9196, 17692, 19900]",0.28304689477841677,0.27563224410592546
swap_medium-mvns_DTLZ2,DTLZ2,3,71,0,RBFN,200,13,95,17286.0,40000.0,"[9768, 18606, 20990]",0.28115787353219546,0.2813423441899999
swap_medium-mvns_DTLZ2,DTLZ2,3,72,0,RBFN,200,13,95,17700.0,40000.0,"[10767, 17777, 21147]",0.2816127721216527,0.27949649845463037
swap_medium-mvns_DTLZ2,DTLZ2,3,73,0,RBFN,200,13,95,17582.0,40000.0,"[9415, 18487, 21715]",0.28385365546815394,0.2846906515337388
swap_medium-mvns_DTLZ2,DTLZ2,3,74,0,RBFN,200,13,95,17634.0,40000.0,"[9315, 18651, 21235]",0.2834646409041216,0.28650733915503585
swap_medium-mvns_DTLZ2,DTLZ2,3,75,0,RBFN,200,13,95,18406.0,40000.0,"[10847, 18691, 21445]",0.28324443504879593,0.2859314699345043
swap_medium-mvns_DTLZ2,DTLZ2,3,76,0,RBFN,200,13,95,15934.0,40000.0,"[9351, 17877, 18995]",0.2836211448053448,0.28692241766542376
swap_medium-mvns_DTLZ2,DTLZ2,3,77,0,RBFN,200,13,95,16828.0,40000.0,"[9371, 18153, 20491]",0.28324443504879593,0.2885930860032599
swap_medium-mvns_DTLZ2,DTLZ2,3,78,0,RBFN,200,13,94,18180.0,40000.0,"[10139, 18765, 21573]",0.28450857556523096,0.28911413121852547
swap_medium-mvns_DTLZ2,DTLZ2,3,79,0,RBFN,200,13,93,17306.0,40000.0,"[10025, 17513, 20907]",0.28324443504879593,0.2868533990159066
swap_medium-mvns_DTLZ2,DTLZ2,3,80,0,RBFN,200,13,94,16816.0,40000.0,"[9765, 17909, 20527]",0.2827982057621796,0.2913679976653905
swap_medium-mvns_DTLZ2,DTLZ2,3,81,0,RBFN,200,13,92,17880.0,40000.0,"[9803, 18947, 21559]",0.283892187090334,0.28934820415796725
swap_medium-mvns_DTLZ2,DTLZ2,3,82,0,RBFN,200,13,93,16812.0,40000.0,"[9805, 18135, 20175]",0.2827982057621796,0.28968099299923256
swap_medium-mvns_DTLZ2,DTLZ2,3,83,0,RBFN,200,13,95,17810.0,40000.0,"[10889, 18365, 21317]",0.2827982057621796,0.2895990346364864
swap_medium-mvns_DTLZ2,DTLZ2,3,84,0,RBFN,200,13,95,17918.0,40000.0,"[11220, 18258, 21664]",0.2827982057621796,0.2933745064497983
swap_medium-mvns_DTLZ2,DTLZ2,3,85,0,RBFN,200,13,95,17144.0,40000.0,"[9873, 18129, 20755]",0.28050023995119344,0.296284374306241
swap_medium-mvns_DTLZ2,DTLZ2,3,86,0,RBFN,200,13,95,16528.0,40000.0,"[8771, 17757, 20857]",0.28050023995119344,0.30624300264845
swap_medium-mvns_DTLZ2,DTLZ2,3,87,0,RBFN,200,13,95,18080.0,40000.0,"[10465, 18301, 21597]",0.27633919029707643,0.30117689698465283
swap_medium-mvns_DTLZ2,DTLZ2,3,88,0,RBFN,200,13,95,16204.0,40000.0,"[9051, 18161, 19651]",0.27633919029707643,0.30415487686330567
swap_medium-mvns_DTLZ2,DTLZ2,3,89,0,RBFN,200,13,95,16844.0,40000.0,"[9097, 18465, 21025]",0.27633919029707643,0.3029988126318552
swap_medium-mvns_DTLZ2,DTLZ2,3,90,0,RBFN,200,13,95,17138.0,40000.0,"[10157, 18279, 20995]",0.2850511376419879,0.3054600739880113
swap_medium-mvns_DTLZ2,DTLZ2,3,91,0,RBFN,200,13,95,16464.0,40000.0,"[9615, 17977, 20183]",0.28037522551239014,0.29857926878859
swap_medium-mvns_DTLZ2,DTLZ2,3,92,0,RBFN,200,13,95,17098.0,40000.0,"[10211, 17473, 20879]",0.28037522551239014,0.29927797708026954
swap_medium-mvns_DTLZ2,DTLZ2,3,93,0,RBFN,200,13,94,17348.0,40000.0,"[10099, 19035, 20869]",0.28376117171084664,0.30176245499412446
swap_medium-mvns_DTLZ2,DTLZ2,3,94,0,RBFN,200,13,95,16564.0,40000.0,"[9717, 17511, 20089]",0.2863642681257601,0.3033684957655183
swap_medium-mvns_DTLZ2,DTLZ2,3,95,0,RBFN,200,13,95,16522.0,40000.0,"[9391, 16919, 20373]",0.285226726151134,0.3079353634753135
swap_medium-mvns_DTLZ2,DTLZ2,3,96,0,RBFN,200,13,95,16748.0,40000.0,"[10107, 17825, 20839]",0.285226726151134,0.30655643034903285
swap_medium-mvns_DTLZ2,DTLZ2,3,97,0,RBFN,200,13,95,16906.0,40000.0,"[10397, 17187, 20459]",0.285226726151134,0.3060959949277936
swap_medium-mvns_DTLZ2,DTLZ2,3,98,0,RBFN,200,13,95,15860.0,40000.0,"[9109, 16663, 20155]",0.28741012808216376,0.31059943317508465
swap_medium-mvns_DTLZ2,DTLZ2,3,99,0,RBFN,200,13,95,16908.0,40000.0,"[10273, 17195, 20931]",0.2869955756093722,0.30858172335206147
swap_medium-mvns_MMF16_20,MMF16_20,3,1,0,RBFN,2100,99,97,4194206.0,4410000.0,"[4140902.0, 4174282.0, 4234042.0]",0.3591933627832291,0.26790091114209114
swap_medium-mvns_MMF16_20,MMF16_20,3,2,0,RBFN,200,86,95,16904.0,40000.0,"[16525, 18387, 19951]",0.3595069469392281,0.26487929129697907
swap_medium-mvns_MMF16_20,MMF16_20,3,3,0,RBFN,200,75,96,17280.0,40000.0,"[15274, 18962, 21226]",0.3595069469392281,0.26242584720672313
swap_medium-mvns_MMF16_20,MMF16_20,3,4,0,RBFN,200,68,91,17826.0,40000.0,"[15135, 16203, 22619]",0.3595069469392281,0.2627394690294854
swap_medium-mvns_MMF16_20,MMF16_20,3,5,0,RBFN,200,66,92,16364.0,40000.0,"[14142, 14900, 21820]",0.36019916405662505,0.26540052304336587
swap_medium-mvns_MMF16_20,MMF16_20,3,6,0,RBFN,200,65,96,16792.0,40000.0,"[12570, 16428, 22648]",0.36019916405662505,0.26628259465273363
swap_medium-mvns_MMF16_20,MMF16_20,3,7,0,RBFN,200,64,95,17440.0,40000.0,"[14473, 14333, 23283]",0.36019916405662505,0.27796068971869575
swap_medium-mvns_MMF16_20,MMF16_20,3,8,0,RBFN,200,62,98,15944.0,40000.0,"[12460, 14324, 22480]",0.36019916405662505,0.28666660241751313
swap_medium-mvns_MMF16_20,MMF16_20,3,9,0,RBFN,200,60,97,16220.0,40000.0,"[12774, 14588, 22126]",0.36019916405662505,0.2906212315828902
swap_medium-mvns_MMF16_20,MMF16_20,3,10,0,RBFN,200,57,94,16546.0,40000.0,"[13392, 14430, 22324]",0.3603763735967777,0.30044629153614655
swap_medium-mvns_MMF16_20,MMF16_20,3,11,0,RBFN,200,52,93,15242.0,40000.0,"[12023, 14223, 21129]",0.3603763735967777,0.30301327869312844
swap_medium-mvns_MMF16_20,MMF16_20,3,12,0,RBFN,200,49,95,14246.0,40000.0,"[10818, 13940, 20196]",0.36047367015653364,0.311429706500865
swap_medium-mvns_MMF16_20,MMF16_20,3,13,0,RBFN,200,47,94,13656.0,40000.0,"[9625, 13199, 20107]",0.36047367015653364,0.3238851291884787
swap_medium-mvns_MMF16_20,MMF16_20,3,14,0,RBFN,200,39,96,13128.0,40000.0,"[9825, 13399, 19395]",0.36057105635596254,0.3332631778760839
swap_medium-mvns_MMF16_20,MMF16_20,3,15,0,RBFN,200,32,94,11080.0,40000.0,"[8371, 10545, 17779]",0.36047367015653364,0.34458518279895917
swap_medium-mvns_MMF16_20,MMF16_20,3,16,0,RBFN,200,28,92,11398.0,40000.0,"[8276, 10728, 18282]",0.3605662883692162,0.3661763274307196
swap_medium-mvns_MMF16_20,MMF16_20,3,17,0,RBFN,200,20,92,10482.0,40000.0,"[7114, 10892, 17314]",0.360868022329404,0.39157560370771205
swap_medium-mvns_MMF16_20,MMF16_20,3,18,0,RBFN,200,19,90,9472.0,40000.0,"[6244, 9338, 17524]",0.3608871773456026,0.4116698109748334
swap_medium-mvns_MMF16_20,MMF16_20,3,19,0,RBFN,200,15,92,9138.0,40000.0,"[6349, 9933, 16345]",0.3613903408030597,0.4419433786108571
swap_medium-mvns_MMF16_20,MMF16_20,3,20,0,RBFN,200,14,91,8336.0,40000.0,"[5601, 9333, 15397]",0.36144423028973777,0.459348868230292
swap_medium-mvns_MMF16_20,MMF16_20,3,21,0,RBFN,200,10,90,7780.0,40000.0,"[5410, 8860, 15044]",0.3615177956442927,0.48835240155277015
swap_medium-mvns_MMF16_20,MMF16_20,3,22,0,RBFN,200,7,88,7896.0,40000.0,"[5762, 8016, 15166]",0.3616403038668092,0.5149709017054594
swap_medium-mvns_MMF16_20,MMF16_20,3,23,0,RBFN,200,4,92,6892.0,40000.0,"[3769, 9359, 13499]",0.3616403038668092,0.5443485568941594
swap_medium-mvns_MMF16_20,MMF16_20,3,24,0,RBFN,200,4,92,6332.0,40000.0,"[3996, 8178, 12600]",0.3616403038668092,0.5701306793603922
swap_medium-mvns_MMF16_20,MMF16_20,3,25,0,RBFN,200,4,90,6032.0,40000.0,"[3712, 7476, 12630]",0.3616915394611193,0.5967947886123248
swap_medium-mvns_MMF16_20,MMF16_20,3,26,0,RBFN,200,4,93,6996.0,40000.0,"[4154, 8356, 13356]",0.3619445407938782,0.6207721691245678
swap_medium-mvns_MMF16_20,MMF16_20,3,27,0,RBFN,200,3,97,6384.0,40000.0,"[4626, 6904, 12478]",0.3620308384581843,0.6377786631842434
swap_medium-mvns_MMF16_20,MMF16_20,3,28,0,RBFN,200,2,98,5896.0,40000.0,"[3795, 7305, 12023]",0.3620308384581843,0.6581702442809956
swap_medium-mvns_MMF16_20,MMF16_20,3,29,0,RBFN,200,2,97,4924.0,40000.0,"[3572, 6036, 10384]",0.36204484304567763,0.6812236822851082
swap_medium-mvns_MMF16_20,MMF16_20,3,30,0,RBFN,200,1,96,5386.0,40000.0,"[3464, 6740, 12378]",0.36204484304567763,0.6930609592050027
swap_medium-mvns_MMF16_20,MMF16_20,3,31,0,RBFN,200,1,97,4726.0,40000.0,"[2725, 5569, 12047]",0.36215456290944653,0.7161718651517892
swap_medium-mvns_MMF16_20,MMF16_20,3,32,0,RBFN,200,1,96,5114.0,40000.0,"[3141, 6545, 11829]",0.36237854181723855,0.7373045049271253
swap_medium-mvns_MMF16_20,MMF16_20,3,33,0,RBFN,200,0,97,4804.0,40000.0,"[3093, 5901, 11185]",0.36237854181723855,0.7545172494036546
swap_medium-mvns_MMF16_20,MMF16_20,3,34,0,RBFN,200,0,95,4564.0,40000.0,"[2574, 5802, 10908]",0.36237854181723855,0.7713684026590146
swap_medium-mvns_MMF16_20,MMF16_20,3,35,0,RBFN,200,0,96,5258.0,40000.0,"[3190, 5590, 12604]",0.36237854181723855,0.7884950001550262
swap_medium-mvns_MMF16_20,MMF16_20,3,36,0,RBFN,200,0,96,4590.0,40000.0,"[2386, 5564, 11602]",0.3625309083079627,0.8030895297200262
swap_medium-mvns_MMF16_20,MMF16_20,3,37,0,RBFN,200,0,97,3902.0,40000.0,"[2018, 5464, 10520]",0.36272785362861737,0.814683734561194
swap_medium-mvns_MMF16_20,MMF16_20,3,38,0,RBFN,200,0,97,4338.0,40000.0,"[2288, 5230, 11182]",0.362730945027496,0.829938999312134
swap_medium-mvns_MMF16_20,MMF16_20,3,39,0,RBFN,200,0,98,4906.0,40000.0,"[2928, 5788, 11794]",0.36297431500065974,0.839887882672067
swap_medium-mvns_MMF16_20,MMF16_20,3,40,0,RBFN,200,0,96,4612.0,40000.0,"[2366, 5280, 11814]",0.36297431500065974,0.8544159594757896
swap_medium-mvns_MMF16_20,MMF16_20,3,41,0,RBFN,200,0,99,4414.0,40000.0,"[2580, 5520, 10878]",0.36297431500065974,0.8666196457761354
swap_medium-mvns_MMF16_20,MMF16_20,3,42,0,RBFN,200,0,99,4196.0,40000.0,"[2322, 4852, 11314]",0.36297431500065974,0.8864506181026608
swap_medium-mvns_MMF16_20,MMF16_20,3,43,0,RBFN,200,0,97,4256.0,40000.0,"[1708, 5950, 11428]",0.36301001191813215,0.8988107359710923
swap_medium-mvns_MMF16_20,MMF16_20,3,44,0,RBFN,200,0,97,4044.0,40000.0,"[2250, 5064, 11150]",0.36301001191813215,0.9098492740361748
swap_medium-mvns_MMF16_20,MMF16_20,3,45,0,RBFN,200,0,99,4740.0,40000.0,"[2882, 5258, 12126]",0.36318133535421515,0.9180781474077234
swap_medium-mvns_MMF16_20,MMF16_20,3,46,0,RBFN,200,0,99,3976.0,40000.0,"[1866, 6074, 10832]",0.3633553805615077,0.9291913225971535
swap_medium-mvns_MMF16_20,MMF16_20,3,47,0,RBFN,200,0,99,4126.0,40000.0,"[1846, 5496, 11560]",0.36336289132693195,0.947827806172552
swap_medium-mvns_MMF16_20,MMF16_20,3,48,0,RBFN,200,0,100,4160.0,40000.0,"[2536, 5226, 10822]",0.36336289132693195,0.9529822405379665
swap_medium-mvns_MMF16_20,MMF16_20,3,49,0,RBFN,200,0,99,4850.0,40000.0,"[3230, 5470, 11724]",0.3637712394036407,0.9643683786261511
swap_medium-mvns_MMF16_20,MMF16_20,3,50,0,RBFN,200,0,96,5098.0,40000.0,"[2880, 6220, 12010]",0.3637712394036407,0.9820062748414583
swap_medium-mvns_MMF16_20,MMF16_20,3,51,0,RBFN,200,0,97,4516.0,40000.0,"[2308, 5474, 11884]",0.3637712394036407,0.9951772694680665
swap_medium-mvns_MMF16_20,MMF16_20,3,52,0,RBFN,200,0,99,4212.0,40000.0,"[2674, 5478, 11048]",0.3637712394036407,1.0036529610959564
swap_medium-mvns_MMF16_20,MMF16_20,3,53,0,RBFN,200,0,95,4282.0,40000.0,"[2022, 5984, 11670]",0.3638399849828669,1.0146753608181358
swap_medium-mvns_MMF16_20,MMF16_20,3,54,0,RBFN,200,0,97,4400.0,40000.0,"[2276, 5362, 11880]",0.3639107621860882,1.0303828751927808
swap_medium-mvns_MMF16_20,MMF16_20,3,55,0,RBFN,200,0,97,4684.0,40000.0,"[2888, 5678, 11658]",0.36400854394340765,1.0408119855940015
swap_medium-mvns_MMF16_20,MMF16_20,3,56,0,RBFN,200,0,98,5202.0,40000.0,"[3216, 5120, 12526]",0.36400854394340765,1.0434762416832144
swap_medium-mvns_MMF16_20,MMF16_20,3,57,0,RBFN,200,0,98,4046.0,40000.0,"[2656, 4314, 11234]",0.36400828030839555,1.0560435336905538
swap_medium-mvns_MMF16_20,MMF16_20,3,58,0,RBFN,200,0,100,4298.0,40000.0,"[3048, 4160, 11298]",0.36400828030839555,1.0614597679494362
swap_medium-mvns_MMF16_20,MMF16_20,3,59,0,RBFN,200,0,100,4288.0,40000.0,"[3098, 4006, 11952]",0.36412884274497254,1.0674507176753152
swap_medium-mvns_MMF16_20,MMF16_20,3,60,0,RBFN,200,0,99,4150.0,40000.0,"[2188, 5684, 10534]",0.36416165060891886,1.0738678254721483
swap_medium-mvns_MMF16_20,MMF16_20,3,61,0,RBFN,200,0,99,4446.0,40000.0,"[2466, 5120, 12372]",0.36416801679129573,1.0815581386611397
swap_medium-mvns_MMF16_20,MMF16_20,3,62,0,RBFN,200,0,99,4160.0,40000.0,"[2338, 4598, 11808]",0.36435753015566485,1.092042987858283
swap_medium-mvns_MMF16_20,MMF16_20,3,63,0,RBFN,200,0,99,4104.0,40000.0,"[2204, 5318, 11324]",0.36435753015566485,1.1032276969534152
swap_medium-mvns_MMF16_20,MMF16_20,3,64,0,RBFN,200,0,98,4004.0,40000.0,"[2546, 5036, 10626]",0.36435753015566485,1.108640394180472
swap_medium-mvns_MMF16_20,MMF16_20,3,65,0,RBFN,200,0,99,4388.0,40000.0,"[2472, 5124, 11886]",0.3644559001333503,1.1157041353917303
swap_medium-mvns_MMF16_20,MMF16_20,3,66,0,RBFN,200,0,98,4948.0,40000.0,"[2590, 5618, 12578]",0.3645220859187662,1.1229454748422896
swap_medium-mvns_MMF16_20,MMF16_20,3,67,0,RBFN,200,0,99,5022.0,40000.0,"[2930, 6008, 12258]",0.3645121801507494,1.128380458547195
swap_medium-mvns_MMF16_20,MMF16_20,3,68,0,RBFN,200,0,99,4466.0,40000.0,"[2894, 4914, 11310]",0.3645944775908586,1.1319071438042467
swap_medium-mvns_MMF16_20,MMF16_20,3,69,0,RBFN,200,0,100,4234.0,40000.0,"[2226, 5286, 11496]",0.3645944775908586,1.1343215773566533
swap_medium-mvns_MMF16_20,MMF16_20,3,70,0,RBFN,200,0,100,4084.0,40000.0,"[2700, 4438, 11186]",0.36459464202321734,1.1433666514573186
swap_medium-mvns_MMF16_20,MMF16_20,3,71,0,RBFN,200,0,100,4586.0,40000.0,"[2768, 4894, 11890]",0.3645944775908586,1.1464133507914807
swap_medium-mvns_MMF16_20,MMF16_20,3,72,0,RBFN,200,0,100,4550.0,40000.0,"[2364, 5048, 12414]",0.36463555854680796,1.1500504046631819
swap_medium-mvns_MMF16_20,MMF16_20,3,73,0,RBFN,200,0,100,4318.0,40000.0,"[2818, 4500, 11356]",0.36463555854680796,1.1505652881147426
swap_medium-mvns_MMF16_20,MMF16_20,3,74,0,RBFN,200,0,100,4560.0,40000.0,"[2510, 4996, 12148]",0.3645793222803599,1.1537234480867578
swap_medium-mvns_MMF16_20,MMF16_20,3,75,0,RBFN,200,0,100,4548.0,40000.0,"[2864, 5212, 11690]",0.36464084912830447,1.1520227593500132
swap_medium-mvns_MMF16_20,MMF16_20,3,76,0,RBFN,200,0,100,4284.0,40000.0,"[2314, 4884, 11528]",0.3648170530495878,1.15569105092851
swap_medium-mvns_MMF16_20,MMF16_20,3,77,0,RBFN,200,0,100,4580.0,40000.0,"[2666, 5284, 11934]",0.3648419788646596,1.1574998141583588
swap_medium-mvns_MMF16_20,MMF16_20,3,78,0,RBFN,200,0,100,4786.0,40000.0,"[2710, 4954, 12330]",0.3648170530495878,1.160070294345874
swap_medium-mvns_MMF16_20,MMF16_20,3,79,0,RBFN,200,0,100,4706.0,40000.0,"[2752, 4822, 12180]",0.3648192198405581,1.160819099969306
swap_medium-mvns_MMF16_20,MMF16_20,3,80,0,RBFN,200,0,100,4370.0,40000.0,"[2244, 4982, 11856]",0.3648170530495878,1.158768635227714
swap_medium-mvns_MMF16_20,MMF16_20,3,81,0,RBFN,200,0,100,4048.0,40000.0,"[2454, 4720, 10820]",0.3648170530495878,1.1610110078690594
swap_medium-mvns_MMF16_20,MMF16_20,3,82,0,RBFN,200,0,100,4198.0,40000.0,"[2626, 4268, 11664]",0.3648170530495878,1.164307684434468
swap_medium-mvns_MMF16_20,MMF16_20,3,83,0,RBFN,200,0,100,3896.0,40000.0,"[2106, 5066, 11200]",0.3648170530495878,1.1687672656954766
swap_medium-mvns_MMF16_20,MMF16_20,3,84,0,RBFN,200,0,100,3926.0,40000.0,"[1626, 5640, 10822]",0.3648170530495878,1.1710240608882885
swap_medium-mvns_MMF16_20,MMF16_20,3,85,0,RBFN,200,0,100,4048.0,40000.0,"[2362, 4660, 11524]",0.36483127027544343,1.1737438493888643
swap_medium-mvns_MMF16_20,MMF16_20,3,86,0,RBFN,200,0,100,3838.0,40000.0,"[2122, 4440, 11166]",0.36483127027544343,1.1766154454436542
swap_medium-mvns_MMF16_20,MMF16_20,3,87,0,RBFN,200,0,100,3720.0,40000.0,"[2140, 4302, 10986]",0.36483127027544343,1.1780066063989914
swap_medium-mvns_MMF16_20,MMF16_20,3,88,0,RBFN,200,0,97,4026.0,40000.0,"[2252, 4488, 11556]",0.3648557938434444,1.1812625335902085
swap_medium-mvns_MMF16_20,MMF16_20,3,89,0,RBFN,200,0,98,3738.0,40000.0,"[1852, 4714, 11028]",0.36492613457838996,1.1846288383130514
swap_medium-mvns_MMF16_20,MMF16_20,3,90,0,RBFN,200,0,100,4344.0,40000.0,"[2704, 4798, 10820]",0.36500787834858134,1.1858672946206785
swap_medium-mvns_MMF16_20,MMF16_20,3,91,0,RBFN,200,0,100,3974.0,40000.0,"[2240, 4778, 10918]",0.36500787834858134,1.1859246870722426
swap_medium-mvns_MMF16_20,MMF16_20,3,92,0,RBFN,200,0,100,4616.0,40000.0,"[2534, 5138, 12298]",0.36500787834858134,1.1880381601367027
swap_medium-mvns_MMF16_20,MMF16_20,3,93,0,RBFN,200,0,100,4760.0,40000.0,"[2376, 5684, 12526]",0.36500787834858134,1.186764798025061
swap_medium-mvns_MMF16_20,MMF16_20,3,94,0,RBFN,200,0,100,4756.0,40000.0,"[2440, 5432, 12638]",0.36502838546014843,1.1881880549577895
swap_medium-mvns_MMF16_20,MMF16_20,3,95,0,RBFN,200,0,100,4696.0,40000.0,"[3032, 4578, 12034]",0.3650376274419702,1.1892247315046924
swap_medium-mvns_MMF16_20,MMF16_20,3,96,0,RBFN,200,0,100,4344.0,40000.0,"[2404, 4746, 12720]",0.3650376274419702,1.1872496374496904
swap_medium-mvns_MMF16_20,MMF16_20,3,97,0,RBFN,200,0,100,4056.0,40000.0,"[2100, 5040, 11602]",0.3650376274419702,1.1899485308433817
swap_medium-mvns_MMF16_20,MMF16_20,3,98,0,RBFN,200,0,100,3836.0,40000.0,"[2322, 4630, 10596]",0.3650376274419702,1.1891744113783906
swap_medium-mvns_MMF16_20,MMF16_20,3,99,0,RBFN,200,0,100,3856.0,40000.0,"[2072, 4646, 11120]",0.3650376274419702,1.1929572682760898
swap_medium-mvns_WFG9,WFG9,2,1,0,RBFN,2100,100,15,4007982.0,4410000.0,"[4007870.0, 4000012.0]",0.9214429036011209,0.7862392821737436
swap_medium-mvns_WFG9,WFG9,2,2,0,RBFN,200,98,15,12402.0,40000.0,"[12292, 10010]",0.9225542936703812,0.7833801164467036
swap_medium-mvns_WFG9,WFG9,2,3,0,RBFN,200,97,15,12038.0,40000.0,"[11918, 9622]",0.9208536454224919,0.7841593140626919
swap_medium-mvns_WFG9,WFG9,2,4,0,RBFN,200,96,15,12224.0,40000.0,"[12099, 9853]",0.9221242732895687,0.782742949418976
swap_medium-mvns_WFG9,WFG9,2,5,0,RBFN,200,94,15,11758.0,40000.0,"[11634, 9284]",0.9218553204480785,0.7614623532310614
swap_medium-mvns_WFG9,WFG9,2,6,0,RBFN,200,94,15,11514.0,40000.0,"[11407, 9027]",0.9206003346704584,0.7617225961447461
swap_medium-mvns_WFG9,WFG9,2,7,0,RBFN,200,93,15,11356.0,40000.0,"[11236, 8850]",0.922453532279857,0.7497872987952202
swap_medium-mvns_WFG9,WFG9,2,8,0,RBFN,200,92,15,11170.0,40000.0,"[11054, 8880]",0.9219466103944599,0.7520463504223059
swap_medium-mvns_WFG9,WFG9,2,9,0,RBFN,200,92,15,10820.0,40000.0,"[10708, 8468]",0.9220067668985183,0.7522507491972832
swap_medium-mvns_WFG9,WFG9,2,10,0,RBFN,200,91,15,11036.0,40000.0,"[10897, 8735]",0.9225839049359745,0.752428724681856
swap_medium-mvns_WFG9,WFG9,2,11,0,RBFN,200,89,15,11192.0,40000.0,"[11032, 8618]",0.9202885226403877,0.7465621495039432
swap_medium-mvns_WFG9,WFG9,2,12,0,RBFN,200,88,15,10908.0,40000.0,"[10727, 8563]",0.9203145282939836,0.743807923760267
swap_medium-mvns_WFG9,WFG9,2,13,0,RBFN,200,88,15,10450.0,40000.0,"[10339, 8021]",0.9212112187149692,0.7436743553412976
swap_medium-mvns_WFG9,WFG9,2,14,0,RBFN,200,87,15,10190.0,40000.0,"[10068, 7754]",0.9217666808717232,0.7290662668849373
swap_medium-mvns_WFG9,WFG9,2,15,0,RBFN,200,87,15,10084.0,40000.0,"[9966, 7884]",0.9215404511530668,0.7290662668849373
swap_medium-mvns_WFG9,WFG9,2,16,0,RBFN,200,87,15,9820.0,40000.0,"[9697, 7579]",0.92222120255273,0.7290662668849373
swap_medium-mvns_WFG9,WFG9,2,17,0,RBFN,200,87,15,9822.0,40000.0,"[9685, 7593]",0.9228138686818328,0.7290662668849373
swap_medium-mvns_WFG9,WFG9,2,18,0,RBFN,200,86,15,9828.0,40000.0,"[9701, 7583]",0.9213647355532468,0.7209508384580754
swap_medium-mvns_WFG9,WFG9,2,19,0,RBFN,200,86,15,9962.0,40000.0,"[9836, 7758]",0.9214436952848621,0.7206573710100479
swap_medium-mvns_WFG9,WFG9,2,20,0,RBFN,200,86,15,9666.0,40000.0,"[9542, 7406]",0.9205443510383127,0.7207958461498274
swap_medium-mvns_WFG9,WFG9,2,21,0,RBFN,200,85,15,9654.0,40000.0,"[9540, 7396]",0.9220877261332977,0.7206154332776197
swap_medium-mvns_WFG9,WFG9,2,22,0,RBFN,200,84,15,9990.0,40000.0,"[9749, 7727]",0.9216682188184775,0.7178948614760023
swap_medium-mvns_WFG9,WFG9,2,23,0,RBFN,200,84,15,9354.0,40000.0,"[9238, 7056]",0.9220403476290342,0.7168399569403208
swap_medium-mvns_WFG9,WFG9,2,24,0,RBFN,200,84,15,9356.0,40000.0,"[9240, 7056]",0.920400570198982,0.7163200623609808
swap_medium-mvns_WFG9,WFG9,2,25,0,RBFN,200,84,15,9366.0,40000.0,"[9240, 7066]",0.9210118942473882,0.7163200623609808
swap_medium-mvns_WFG9,WFG9,2,26,0,RBFN,200,84,15,9644.0,40000.0,"[9455, 7371]",0.9223020620370643,0.7163200623609808
swap_medium-mvns_WFG9,WFG9,2,27,0,RBFN,200,84,15,9524.0,40000.0,"[9397, 7237]",0.921987438854061,0.716955674863233
swap_medium-mvns_WFG9,WFG9,2,28,0,RBFN,200,84,15,9504.0,40000.0,"[9389, 7225]",0.9204605584132456,0.7170313465961939
swap_medium-mvns_WFG9,WFG9,2,29,0,RBFN,200,84,15,9370.0,40000.0,"[9248, 7062]",0.9226550645855317,0.7181280901202948
swap_medium-mvns_WFG9,WFG9,2,30,0,RBFN,200,83,15,9476.0,40000.0,"[9298, 7192]",0.92318901169375,0.7105176250783174
swap_medium-mvns_WFG9,WFG9,2,31,0,RBFN,200,83,15,9190.0,40000.0,"[9071, 6891]",0.9224949843228777,0.7106448882105479
swap_medium-mvns_WFG9,WFG9,2,32,0,RBFN,200,83,15,9226.0,40000.0,"[9087, 6911]",0.9219268856681331,0.7111164636361579
swap_medium-mvns_WFG9,WFG9,2,33,0,RBFN,200,81,15,9200.0,40000.0,"[9083, 6889]",0.9216778990661608,0.7092503217064083
swap_medium-mvns_WFG9,WFG9,2,34,0,RBFN,200,81,15,8912.0,40000.0,"[8789, 6565]",0.9221977303743851,0.7087082899718049
swap_medium-mvns_WFG9,WFG9,2,35,0,RBFN,200,81,15,8900.0,40000.0,"[8781, 6561]",0.9213637141264097,0.7092484829249538
swap_medium-mvns_WFG9,WFG9,2,36,0,RBFN,200,81,15,9318.0,40000.0,"[9185, 7023]",0.9224507268220925,0.7090847133158463
swap_medium-mvns_WFG9,WFG9,2,37,0,RBFN,200,80,15,9062.0,40000.0,"[8926, 6742]",0.920194934774534,0.7032112211362631
swap_medium-mvns_WFG9,WFG9,2,38,0,RBFN,200,80,15,8784.0,40000.0,"[8642, 6446]",0.9219485487800365,0.7034504204180236
swap_medium-mvns_WFG9,WFG9,2,39,0,RBFN,200,80,15,9060.0,40000.0,"[8922, 6748]",0.9208974414630191,0.702724811791594
swap_medium-mvns_WFG9,WFG9,2,40,0,RBFN,200,78,15,9090.0,40000.0,"[8936, 6770]",0.9237655187136665,0.6985258849982923
swap_medium-mvns_WFG9,WFG9,2,41,0,RBFN,200,77,15,8574.0,40000.0,"[8398, 6204]",0.9237270020582466,0.69779940333728
swap_medium-mvns_WFG9,WFG9,2,42,0,RBFN,200,76,15,8500.0,40000.0,"[8372, 6090]",0.9216259309895544,0.6969691519834632
swap_medium-mvns_WFG9,WFG9,2,43,0,RBFN,200,75,15,8296.0,40000.0,"[8100, 5848]",0.922874941406091,0.6881190818925579
swap_medium-mvns_WFG9,WFG9,2,44,0,RBFN,200,74,15,8100.0,40000.0,"[7975, 5625]",0.9236570348866145,0.6870722809922556
swap_medium-mvns_WFG9,WFG9,2,45,0,RBFN,200,74,15,8030.0,40000.0,"[7880, 5550]",0.9199562593106902,0.6863718505874146
swap_medium-mvns_WFG9,WFG9,2,46,0,RBFN,200,74,15,7962.0,40000.0,"[7822, 5490]",0.920110174249416,0.6861215908697225
swap_medium-mvns_WFG9,WFG9,2,47,0,RBFN,200,73,15,7958.0,40000.0,"[7828, 5480]",0.9213973820077109,0.6769503579170221
swap_medium-mvns_WFG9,WFG9,2,48,0,RBFN,200,73,15,7942.0,40000.0,"[7809, 5445]",0.9235235622008114,0.6769503579170221
swap_medium-mvns_WFG9,WFG9,2,49,0,RBFN,200,73,15,7858.0,40000.0,"[7725, 5335]",0.92097200099374,0.6769409751854042
swap_medium-mvns_WFG9,WFG9,2,50,0,RBFN,200,73,15,7834.0,40000.0,"[7689, 5347]",0.9221524906393271,0.6772655971522237
swap_medium-mvns_WFG9,WFG9,2,51,0,RBFN,200,73,15,7854.0,40000.0,"[7719, 5337]",0.922283595380723,0.677532400079821
swap_medium-mvns_WFG9,WFG9,2,52,0,RBFN,200,73,15,7844.0,40000.0,"[7717, 5329]",0.9230746074741019,0.6775914734841981
swap_medium-mvns_WFG9,WFG9,2,53,0,RBFN,200,73,15,7876.0,40000.0,"[7727, 5351]",0.9204544589078779,0.6776534635996508
swap_medium-mvns_WFG9,WFG9,2,54,0,RBFN,200,73,15,8274.0,40000.0,"[8125, 5803]",0.9216923847636734,0.6774912849601953
swap_medium-mvns_WFG9,WFG9,2,55,0,RBFN,200,72,15,8046.0,40000.0,"[7869, 5567]",0.9222704547738655,0.6764536412588709
swap_medium-mvns_WFG9,WFG9,2,56,0,RBFN,200,72,15,7842.0,40000.0,"[7711, 5349]",0.9213357352571184,0.6764536412588709
swap_medium-mvns_WFG9,WFG9,2,57,0,RBFN,200,72,15,7716.0,40000.0,"[7572, 5200]",0.9229589163771328,0.6764536412588709
swap_medium-mvns_WFG9,WFG9,2,58,0,RBFN,200,72,15,7856.0,40000.0,"[7719, 5339]",0.9229563228318672,0.6764007558880688
swap_medium-mvns_WFG9,WFG9,2,59,0,RBFN,200,72,15,8216.0,40000.0,"[8016, 5786]",0.9220701888598426,0.6759167494423913
swap_medium-mvns_WFG9,WFG9,2,60,0,RBFN,200,72,15,8140.0,40000.0,"[7984, 5676]",0.9215318323193443,0.6757246980888268
swap_medium-mvns_WFG9,WFG9,2,61,0,RBFN,200,72,15,7702.0,40000.0,"[7564, 5194]",0.9200601539624251,0.6751585945436972
swap_medium-mvns_WFG9,WFG9,2,62,0,RBFN,200,72,15,7724.0,40000.0,"[7596, 5184]",0.9223485569948876,0.6749578058283879
swap_medium-mvns_WFG9,WFG9,2,63,0,RBFN,200,72,15,7720.0,40000.0,"[7590, 5186]",0.9221297851544812,0.6749781886352666
swap_medium-mvns_WFG9,WFG9,2,64,0,RBFN,200,72,15,7688.0,40000.0,"[7560, 5184]",0.9234118500355826,0.6751593292752882
swap_medium-mvns_WFG9,WFG9,2,65,0,RBFN,200,72,15,7748.0,40000.0,"[7592, 5242]",0.920725288703018,0.6756105047372598
swap_medium-mvns_WFG9,WFG9,2,66,0,RBFN,200,72,15,7718.0,40000.0,"[7586, 5188]",0.9207171822399154,0.6751320461324667
swap_medium-mvns_WFG9,WFG9,2,67,0,RBFN,200,72,15,7980.0,40000.0,"[7854, 5476]",0.9232083802031731,0.6753637164951146
swap_medium-mvns_WFG9,WFG9,2,68,0,RBFN,200,72,15,7690.0,40000.0,"[7562, 5184]",0.9226850480561686,0.6757149376574851
swap_medium-mvns_WFG9,WFG9,2,69,0,RBFN,200,71,15,7720.0,40000.0,"[7592, 5184]",0.920153427918711,0.6709985608949487
swap_medium-mvns_WFG9,WFG9,2,70,0,RBFN,200,71,15,7622.0,40000.0,"[7471, 5063]",0.9203025667289931,0.671042645952239
swap_medium-mvns_WFG9,WFG9,2,71,0,RBFN,200,71,15,7638.0,40000.0,"[7447, 5103]",0.9198712514566081,0.6707020947405795
swap_medium-mvns_WFG9,WFG9,2,72,0,RBFN,200,71,15,7596.0,40000.0,"[7465, 5043]",0.9206823724628052,0.6702197806452799
swap_medium-mvns_WFG9,WFG9,2,73,0,RBFN,200,71,15,7592.0,40000.0,"[7459, 5045]",0.9221513601455096,0.6710361480046123
swap_medium-mvns_WFG9,WFG9,2,74,0,RBFN,200,70,15,7794.0,40000.0,"[7646, 5288]",0.9202052066992391,0.6631409101843246
swap_medium-mvns_WFG9,WFG9,2,75,0,RBFN,200,70,15,7574.0,40000.0,"[7440, 5002]",0.9223404611324966,0.6642566697354501
swap_medium-mvns_WFG9,WFG9,2,76,0,RBFN,200,69,15,7480.0,40000.0,"[7342, 4908]",0.9244555318922324,0.6649703609626685
swap_medium-mvns_WFG9,WFG9,2,77,0,RBFN,200,69,15,7668.0,40000.0,"[7517, 5139]",0.9208920909108166,0.6635199688668285
swap_medium-mvns_WFG9,WFG9,2,78,0,RBFN,200,69,16,7358.0,40000.0,"[7219, 4769]",0.9213805336802003,0.6632535484740844
swap_medium-mvns_WFG9,WFG9,2,79,0,RBFN,200,69,16,7340.0,40000.0,"[7209, 4761]",0.9203071688898165,0.6637666520748605
swap_medium-mvns_WFG9,WFG9,2,80,0,RBFN,200,69,16,7648.0,40000.0,"[7495, 5105]",0.9212667990670025,0.664372958624015
swap_medium-mvns_WFG9,WFG9,2,81,0,RBFN,200,69,16,7346.0,40000.0,"[7215, 4761]",0.9230188568880019,0.6638046863996162
swap_medium-mvns_WFG9,WFG9,2,82,0,RBFN,200,69,16,7574.0,40000.0,"[7432, 5020]",0.9219526135483505,0.6640407891592419
swap_medium-mvns_WFG9,WFG9,2,83,0,RBFN,200,69,16,7706.0,40000.0,"[7561, 5159]",0.9222562511820851,0.6648014830479783
swap_medium-mvns_WFG9,WFG9,2,84,0,RBFN,200,68,16,7472.0,40000.0,"[7305, 4865]",0.9217604058779459,0.6542005896379908
swap_medium-mvns_WFG9,WFG9,2,85,0,RBFN,200,68,16,7252.0,40000.0,"[7104, 4640]",0.9224363848789483,0.6542005896379907
swap_medium-mvns_WFG9,WFG9,2,86,0,RBFN,200,68,16,7386.0,40000.0,"[7216, 4794]",0.9224639198943895,0.6537292174529421
swap_medium-mvns_WFG9,WFG9,2,87,0,RBFN,200,68,16,7376.0,40000.0,"[7237, 4799]",0.9236490900121986,0.6535812811359301
swap_medium-mvns_WFG9,WFG9,2,88,0,RBFN,200,68,16,7484.0,40000.0,"[7354, 4900]",0.9218778505627874,0.6532849983524178
swap_medium-mvns_WFG9,WFG9,2,89,0,RBFN,200,67,17,7280.0,40000.0,"[7134, 4676]",0.9227485217309952,0.6393295206038135
swap_medium-mvns_WFG9,WFG9,2,90,0,RBFN,200,67,17,6988.0,40000.0,"[6856, 4626]",0.9208980461302165,0.6393094808428
swap_medium-mvns_WFG9,WFG9,2,91,0,RBFN,200,67,18,6858.0,40000.0,"[6725, 4489]",0.9205331527761345,0.6387959053647543
swap_medium-mvns_WFG9,WFG9,2,92,0,RBFN,200,67,18,7094.0,40000.0,"[6959, 4765]",0.9232400386756625,0.6387959053647543
swap_medium-mvns_WFG9,WFG9,2,93,0,RBFN,200,67,18,6874.0,40000.0,"[6715, 4517]",0.9209817202038527,0.639081334569057
swap_medium-mvns_WFG9,WFG9,2,94,0,RBFN,200,67,18,6860.0,40000.0,"[6727, 4489]",0.9217445050863265,0.6396393285614631
swap_medium-mvns_WFG9,WFG9,2,95,0,RBFN,200,67,18,7060.0,40000.0,"[6896, 4724]",0.9218559430560221,0.6400999284269905
swap_medium-mvns_WFG9,WFG9,2,96,0,RBFN,200,67,18,6880.0,40000.0,"[6743, 4493]",0.9207183257227645,0.640045545714774
swap_medium-mvns_WFG9,WFG9,2,97,0,RBFN,200,67,20,6844.0,40000.0,"[6711, 4489]",0.9209824113509285,0.6400871983055836
swap_medium-mvns_WFG9,WFG9,2,98,0,RBFN,200,67,20,7128.0,40000.0,"[6969, 4835]",0.922395961950293,0.6399780967912464
swap_medium-mvns_WFG9,WFG9,2,99,0,RBFN,200,67,20,6952.0,40000.0,"[6785, 4575]",0.9204714830278425,0.6401590061154692
swap_medium-mvns_ZDT1,ZDT1,2,1,1,Kriging,2100,84,16,4410000.0,4410000.0,"[4410000.0, 4241972.0]",0.18635596577484456,0.06889522226469715
swap_medium-mvns_ZDT1,ZDT1,2,2,1,Kriging,200,44,14,40000.0,40000.0,"[40000, 20104]",0.18623047859543768,0.039695472474002076
swap_medium-mvns_ZDT1,ZDT1,2,3,1,Kriging,200,17,17,40000.0,40000.0,"[40000, 16212]",0.18606020001123091,0.024711356771613825
swap_medium-mvns_ZDT1,ZDT1,2,4,1,Kriging,200,5,16,40000.0,40000.0,"[40000, 11235]",0.1860343202224497,0.021434073101584055
swap_medium-mvns_ZDT1,ZDT1,2,5,1,Kriging,200,0,20,40000.0,40000.0,"[40000, 11383]",0.18599549312434446,0.019648695253220487
swap_medium-mvns_ZDT1,ZDT1,2,6,1,Kriging,200,0,20,40000.0,40000.0,"[40000, 9208]",0.18581144548944017,0.023616872978885626
swap_medium-mvns_ZDT1,ZDT1,2,7,1,Kriging,200,0,21,40000.0,40000.0,"[40000, 10090]",0.18589437288413113,0.026871948204310617
swap_medium-mvns_ZDT1,ZDT1,2,8,1,Kriging,200,0,20,40000.0,40000.0,"[40000, 9474]",0.18592308942626187,0.03149102920129739
swap_medium-mvns_ZDT1,ZDT1,2,9,1,Kriging,200,0,26,40000.0,40000.0,"[40000, 8778]",0.18592308942626187,0.034947505502680824
swap_medium-mvns_ZDT1,ZDT1,2,10,1,Kriging,200,0,27,40000.0,40000.0,"[40000, 7754]",0.1860036334196164,0.03832711749819231
swap_medium-mvns_ZDT1,ZDT1,2,11,1,Kriging,200,0,27,40000.0,40000.0,"[40000, 6368]",0.1860036334196164,0.040690555618179844
swap_medium-mvns_ZDT1,ZDT1,2,12,1,Kriging,200,0,28,40000.0,40000.0,"[40000, 8066]",0.18613243299931162,0.04317977365007165
swap_medium-mvns_ZDT1,ZDT1,2,13,1,Kriging,200,0,35,40000.0,40000.0,"[40000, 7772]",0.18613243299931162,0.046518653147454424
swap_medium-mvns_ZDT1,ZDT1,2,14,1,Kriging,200,0,37,40000.0,40000.0,"[40000, 7054]",0.18613243299931162,0.049290733260011536
swap_medium-mvns_ZDT1,ZDT1,2,15,1,Kriging,200,0,38,40000.0,40000.0,"[40000, 6694]",0.18615185140548618,0.052321730631923254
swap_medium-mvns_ZDT1,ZDT1,2,16,1,Kriging,200,0,40,40000.0,40000.0,"[40000, 7252]",0.18620313804012698,0.05479940084907159
swap_medium-mvns_ZDT1,ZDT1,2,17,1,Kriging,200,0,46,40000.0,40000.0,"[40000, 6568]",0.18628451358412887,0.05721552330984072
swap_medium-mvns_ZDT1,ZDT1,2,18,1,Kriging,200,0,50,40000.0,40000.0,"[40000, 8352]",0.18633049319245482,0.05996502491739511
swap_medium-mvns_ZDT1,ZDT1,2,19,1,Kriging,200,0,55,40000.0,40000.0,"[40000, 7064]",0.18633049319245482,0.06145693708582575
swap_medium-mvns_ZDT1,ZDT1,2,20,1,Kriging,200,0,50,40000.0,40000.0,"[40000, 7842]",0.186398846168625,0.06283415790466633
swap_medium-mvns_ZDT1,ZDT1,2,21,1,Kriging,200,0,58,40000.0,40000.0,"[40000, 8736]",0.18643007844375387,0.06409234457352504
swap_medium-mvns_ZDT1,ZDT1,2,22,1,Kriging,200,0,57,40000.0,40000.0,"[40000, 9186]",0.18646966178017851,0.06537282026938143
swap_medium-mvns_ZDT1,ZDT1,2,23,1,Kriging,200,0,61,40000.0,40000.0,"[40000, 8288]",0.18648467615163,0.06672632295016846
swap_medium-mvns_ZDT1,ZDT1,2,24,1,Kriging,200,0,63,40000.0,40000.0,"[40000, 9120]",0.18650037723512566,0.06783839220194361
swap_medium-mvns_ZDT1,ZDT1,2,25,1,Kriging,200,0,64,40000.0,40000.0,"[40000, 9368]",0.18650037723512566,0.06887728217115897
swap_medium-mvns_ZDT1,ZDT1,2,26,1,Kriging,200,0,60,40000.0,40000.0,"[40000, 8850]",0.1865124044844887,0.06960008009914018
swap_medium-mvns_ZDT1,ZDT1,2,27,1,Kriging,200,0,67,40000.0,40000.0,"[40000, 9102]",0.18653857505422047,0.07046660150345024
swap_medium-mvns_ZDT1,ZDT1,2,28,1,Kriging,200,0,73,40000.0,40000.0,"[40000, 8860]",0.18654113257673344,0.07116741922262944
swap_medium-mvns_ZDT1,ZDT1,2,29,1,Kriging,200,0,75,40000.0,40000.0,"[40000, 8870]",0.1865478415005568,0.07158625199069331
swap_medium-mvns_ZDT1,ZDT1,2,30,1,Kriging,200,0,78,40000.0,40000.0,"[40000, 8218]",0.18655110008609582,0.07221095893876216
swap_medium-mvns_ZDT1,ZDT1,2,31,1,Kriging,200,0,79,40000.0,40000.0,"[40000, 8384]",0.18656942769065535,0.07247602439050578
swap_medium-mvns_ZDT1,ZDT1,2,32,1,Kriging,200,0,75,40000.0,40000.0,"[40000, 11066]",0.18656942769065535,0.0728499145021006
swap_medium-mvns_ZDT1,ZDT1,2,33,1,Kriging,200,0,77,40000.0,40000.0,"[40000, 9178]",0.18656942769065535,0.0731990682805017
swap_medium-mvns_ZDT1,ZDT1,2,34,1,Kriging,200,0,82,40000.0,40000.0,"[40000, 8524]",0.18656942769065535,0.07336304523677709
swap_medium-mvns_ZDT1,ZDT1,2,35,1,Kriging,200,0,82,40000.0,40000.0,"[40000, 10472]",0.18656942769065535,0.07374737068351296
swap_medium-mvns_ZDT1,ZDT1,2,36,1,Kriging,200,0,87,40000.0,40000.0,"[40000, 9136]",0.186573029508435,0.07393733682684168
swap_medium-mvns_ZDT1,ZDT1,2,37,1,Kriging,200,0,88,40000.0,40000.0,"[40000, 9400]",0.186573029508435,0.07399463122660126
swap_medium-mvns_ZDT1,ZDT1,2,38,1,Kriging,200,0,83,40000.0,40000.0,"[40000, 8074]",0.186573029508435,0.07432239289830728
swap_medium-mvns_ZDT1,ZDT1,2,39,1,Kriging,200,0,80,40000.0,40000.0,"[40000, 6924]",0.18657412028144396,0.07437027888394622
swap_medium-mvns_ZDT1,ZDT1,2,40,1,Kriging,200,0,83,40000.0,40000.0,"[40000, 8232]",0.1865776659100642,0.0744895469645415
swap_medium-mvns_ZDT1,ZDT1,2,41,1,Kriging,200,0,85,40000.0,40000.0,"[40000, 9186]",0.1865776659100642,0.0744752420450191
swap_medium-mvns_ZDT1,ZDT1,2,42,1,Kriging,200,0,88,40000.0,40000.0,"[40000, 9192]",0.18658290187122797,0.07465462882890336
swap_medium-mvns_ZDT1,ZDT1,2,43,1,Kriging,200,0,85,40000.0,40000.0,"[40000, 8314]",0.18658290187122797,0.07473685951039112
swap_medium-mvns_ZDT1,ZDT1,2,44,1,Kriging,200,0,86,40000.0,40000.0,"[40000, 9888]",0.18658290187122797,0.07478967900103901
swap_medium-mvns_ZDT1,ZDT1,2,45,1,Kriging,200,0,89,40000.0,40000.0,"[40000, 9680]",0.18658930000338905,0.07486049406609377
swap_medium-mvns_ZDT1,ZDT1,2,46,1,Kriging,200,0,89,40000.0,40000.0,"[40000, 10566]",0.18658930000338905,0.0750300942237629
swap_medium-mvns_ZDT1,ZDT1,2,47,1,Kriging,200,0,94,40000.0,40000.0,"[40000, 8530]",0.18658930000338905,0.07500593687576862
swap_medium-mvns_ZDT1,ZDT1,2,48,1,Kriging,200,0,90,40000.0,40000.0,"[40000, 9190]",0.18659542442735327,0.07505138605373964
swap_medium-mvns_ZDT1,ZDT1,2,49,1,Kriging,200,0,89,40000.0,40000.0,"[40000, 9920]",0.18659741680366093,0.07517016838152464
swap_medium-mvns_ZDT1,ZDT1,2,50,1,Kriging,200,0,91,40000.0,40000.0,"[40000, 8454]",0.1865990262069621,0.07532496671368819
swap_medium-mvns_ZDT1,ZDT1,2,51,1,Kriging,200,0,91,40000.0,40000.0,"[40000, 9908]",0.1865990262069621,0.07538446891595271
swap_medium-mvns_ZDT1,ZDT1,2,52,1,Kriging,200,0,90,40000.0,40000.0,"[40000, 9828]",0.18660058333818436,0.07551621511193225
swap_medium-mvns_ZDT1,ZDT1,2,53,1,Kriging,200,0,92,40000.0,40000.0,"[40000, 7624]",0.18660058333818436,0.07550443597206667
swap_medium-mvns_ZDT1,ZDT1,2,54,1,Kriging,200,0,91,40000.0,40000.0,"[40000, 8658]",0.18660058333818436,0.07540798867368281
swap_medium-mvns_ZDT1,ZDT1,2,55,1,Kriging,200,0,88,40000.0,40000.0,"[40000, 10258]",0.18660058333818436,0.07543486945321769
swap_medium-mvns_ZDT1,ZDT1,2,56,1,Kriging,200,0,90,40000.0,40000.0,"[40000, 10152]",0.1866008272504934,0.07553123208953141
swap_medium-mvns_ZDT1,ZDT1,2,57,1,Kriging,200,0,91,40000.0,40000.0,"[40000, 9592]",0.18660097213069612,0.07554163939839294
swap_medium-mvns_ZDT1,ZDT1,2,58,1,Kriging,200,0,92,40000.0,40000.0,"[40000, 10452]",0.18660161401063172,0.07559866657236088
swap_medium-mvns_ZDT1,ZDT1,2,59,1,Kriging,200,0,93,40000.0,40000.0,"[40000, 8978]",0.18660161401063172,0.0757703352467424
swap_medium-mvns_ZDT1,ZDT1,2,60,1,Kriging,200,0,91,40000.0,40000.0,"[40000, 10352]",0.186602127470019,0.07564553654493958
swap_medium-mvns_ZDT1,ZDT1,2,61,1,Kriging,200,0,94,40000.0,40000.0,"[40000, 8906]",0.186602127470019,0.07583632519242446
swap_medium-mvns_ZDT1,ZDT1,2,62,1,Kriging,200,0,93,40000.0,40000.0,"[40000, 9734]",0.186602127470019,0.07584197439217338
swap_medium-mvns_ZDT1,ZDT1,2,63,1,Kriging,200,0,95,40000.0,40000.0,"[40000, 8980]",0.186602127470019,0.07568479995612756
swap_medium-mvns_ZDT1,ZDT1,2,64,1,Kriging,200,0,93,40000.0,40000.0,"[40000, 10338]",0.186602127470019,0.07576179266229155
swap_medium-mvns_ZDT1,ZDT1,2,65,1,Kriging,200,0,95,40000.0,40000.0,"[40000, 9346]",0.186602127470019,0.07582294866645574
swap_medium-mvns_ZDT1,ZDT1,2,66,1,Kriging,200,0,96,40000.0,40000.0,"[40000, 8806]",0.18660224172407752,0.07577576284021655
swap_medium-mvns_ZDT1,ZDT1,2,67,1,Kriging,200,0,94,40000.0,40000.0,"[40000, 9772]",0.18660248842868377,0.0759002665240523
swap_medium-mvns_ZDT1,ZDT1,2,68,1,Kriging,200,0,95,40000.0,40000.0,"[40000, 10424]",0.18660248842868377,0.07576615297958016
swap_medium-mvns_ZDT1,ZDT1,2,69,1,Kriging,200,0,95,40000.0,40000.0,"[40000, 8934]",0.18660248842868377,0.07580883124746284
swap_medium-mvns_ZDT1,ZDT1,2,70,1,Kriging,200,0,95,40000.0,40000.0,"[40000, 10410]",0.18660248842868377,0.07578254843164574
swap_medium-mvns_ZDT1,ZDT1,2,71,1,Kriging,200,0,94,40000.0,40000.0,"[40000, 9398]",0.18660309964516883,0.07600329961987537
swap_medium-mvns_ZDT1,ZDT1,2,72,1,Kriging,200,0,95,40000.0,40000.0,"[40000, 9416]",0.18660309964516883,0.07590290110319985
swap_medium-mvns_ZDT1,ZDT1,2,73,1,Kriging,200,0,93,40000.0,40000.0,"[40000, 9106]",0.18660332915681993,0.07587645611804673
swap_medium-mvns_ZDT1,ZDT1,2,74,1,Kriging,200,0,94,40000.0,40000.0,"[40000, 8686]",0.18660332915681993,0.07594573887887723
swap_medium-mvns_ZDT1,ZDT1,2,75,1,Kriging,200,0,95,40000.0,40000.0,"[40000, 8526]",0.18660332915681993,0.0758829282440701
swap_medium-mvns_ZDT1,ZDT1,2,76,1,Kriging,200,0,94,40000.0,40000.0,"[40000, 7894]",0.18660334389465394,0.07582866725735447
swap_medium-mvns_ZDT1,ZDT1,2,77,1,Kriging,200,0,94,40000.0,40000.0,"[40000, 10190]",0.18660334389465394,0.07588008468745976
swap_medium-mvns_ZDT1,ZDT1,2,78,1,Kriging,200,0,94,40000.0,40000.0,"[40000, 8748]",0.18660354295886386,0.07593284041816883
swap_medium-mvns_ZDT1,ZDT1,2,79,1,Kriging,200,0,93,40000.0,40000.0,"[40000, 9474]",0.1866043225367684,0.07598049057584323
swap_medium-mvns_ZDT1,ZDT1,2,80,1,Kriging,200,0,93,40000.0,40000.0,"[40000, 9790]",0.18660440632083372,0.07586889396620379
swap_medium-mvns_ZDT1,ZDT1,2,81,1,Kriging,200,0,93,40000.0,40000.0,"[40000, 10330]",0.18660440632083372,0.0759588854344926
swap_medium-mvns_ZDT1,ZDT1,2,82,1,Kriging,200,0,92,40000.0,40000.0,"[40000, 8754]",0.18660440632083372,0.07612028978632963
swap_medium-mvns_ZDT1,ZDT1,2,83,1,Kriging,200,0,91,40000.0,40000.0,"[40000, 7718]",0.18660440632083372,0.07592657384922362
swap_medium-mvns_ZDT1,ZDT1,2,84,1,Kriging,200,0,93,40000.0,40000.0,"[40000, 9752]",0.18660440632083372,0.0760022598187724
swap_medium-mvns_ZDT1,ZDT1,2,85,1,Kriging,200,0,94,40000.0,40000.0,"[40000, 10204]",0.18660440632083372,0.07592896827362101
swap_medium-mvns_ZDT1,ZDT1,2,86,1,Kriging,200,0,94,40000.0,40000.0,"[40000, 10130]",0.18660440632083372,0.0759662850857161
swap_medium-mvns_ZDT1,ZDT1,2,87,1,Kriging,200,0,95,40000.0,40000.0,"[40000, 10936]",0.18660451431208777,0.07602569635818623
swap_medium-mvns_ZDT1,ZDT1,2,88,1,Kriging,200,0,94,40000.0,40000.0,"[40000, 9378]",0.18660453750927317,0.0761388855139598
swap_medium-mvns_ZDT1,ZDT1,2,89,1,Kriging,200,0,93,40000.0,40000.0,"[40000, 8288]",0.18660453750927317,0.07596440642998491
swap_medium-mvns_ZDT1,ZDT1,2,90,1,Kriging,200,0,93,40000.0,40000.0,"[40000, 10342]",0.18660457382129633,0.07595581898425888
swap_medium-mvns_ZDT1,ZDT1,2,91,1,Kriging,200,0,94,40000.0,40000.0,"[40000, 9234]",0.18660457835673167,0.07589548834411607
swap_medium-mvns_ZDT1,ZDT1,2,92,1,Kriging,200,0,94,40000.0,40000.0,"[40000, 9004]",0.1866046384844315,0.07595225735355342
swap_medium-mvns_ZDT1,ZDT1,2,93,1,Kriging,200,0,94,40000.0,40000.0,"[40000, 9684]",0.1866046384844315,0.07601303272136911
swap_medium-mvns_ZDT1,ZDT1,2,94,1,Kriging,200,0,94,40000.0,40000.0,"[40000, 10422]",0.18660475848290226,0.07597973255404361
swap_medium-mvns_ZDT1,ZDT1,2,95,1,Kriging,200,0,95,40000.0,40000.0,"[40000, 9672]",0.18660475848290226,0.0760082420032833
swap_medium-mvns_ZDT1,ZDT1,2,96,1,Kriging,200,0,93,40000.0,40000.0,"[40000, 9054]",0.18660477310170967,0.07605208804513408
swap_medium-mvns_ZDT1,ZDT1,2,97,1,Kriging,200,0,94,40000.0,40000.0,"[40000, 8320]",0.18660477310170967,0.07603844915720165
swap_medium-mvns_ZDT1,ZDT1,2,98,1,Kriging,200,0,95,40000.0,40000.0,"[40000, 9998]",0.1866048264535729,0.07602718024193494
swap_medium-mvns_ZDT1,ZDT1,2,99,1,Kriging,200,0,94,40000.0,40000.0,"[40000, 10812]",0.1866048264535729,0.07614762122955271
swap_medium-mvns_ZDT4,ZDT4,2,1,1,Kriging,2100,98,2,4410000.0,4410000.0,"[4410000.0, 4081304.0]",25.569904650385926,12.67728670354719
swap_medium-mvns_ZDT4,ZDT4,2,2,1,Kriging,200,64,2,40000.0,40000.0,"[40000, 13238]",25.130484833984784,12.521205542512808
swap_medium-mvns_ZDT4,ZDT4,2,3,1,Kriging,200,41,2,40000.0,40000.0,"[40000, 7468]",25.37675971230765,12.485848223515925
swap_medium-mvns_ZDT4,ZDT4,2,4,1,Kriging,200,26,2,40000.0,40000.0,"[40000, 4451]",25.552440957119448,13.129484009597514
swap_medium-mvns_ZDT4,ZDT4,2,5,1,Kriging,200,22,2,40000.0,40000.0,"[40000, 2732]",25.42041690040235,15.433354857052509
swap_medium-mvns_ZDT4,ZDT4,2,6,1,Kriging,200,13,2,40000.0,40000.0,"[40000, 2294]",24.85409363369347,16.934267223303383
swap_medium-mvns_ZDT4,ZDT4,2,7,1,Kriging,200,7,2,40000.0,40000.0,"[40000, 1077]",24.58239081205822,20.30001375585813
swap_medium-mvns_ZDT4,ZDT4,2,8,1,Kriging,200,6,2,40000.0,40000.0,"[40000, 635]",24.09932090764719,23.400856148495468
swap_medium-mvns_ZDT4,ZDT4,2,9,1,Kriging,200,5,2,40000.0,40000.0,"[40000, 814]",24.229877243850257,26.521505563383226
swap_medium-mvns_ZDT4,ZDT4,2,10,1,Kriging,200,4,2,40000.0,40000.0,"[40000, 1225]",25.19824805936489,30.39923633336628
swap_medium-mvns_ZDT4,ZDT4,2,11,1,Kriging,200,3,2,40000.0,40000.0,"[40000, 388]",25.031255881229775,33.4868079324448
swap_medium-mvns_ZDT4,ZDT4,2,12,1,Kriging,200,2,3,40000.0,40000.0,"[40000, 1443]",25.168124796154324,33.83600735188726
swap_medium-mvns_ZDT4,ZDT4,2,13,1,Kriging,200,2,3,40000.0,40000.0,"[40000, 2326]",25.14990786830213,33.28055775104751
swap_medium-mvns_ZDT4,ZDT4,2,14,1,Kriging,200,2,4,40000.0,40000.0,"[40000, 3882]",25.30186063934485,33.3669478649756
swap_medium-mvns_ZDT4,ZDT4,2,15,1,Kriging,200,2,4,40000.0,40000.0,"[40000, 4664]",25.085625095620966,33.56321229526896
swap_medium-mvns_ZDT4,ZDT4,2,16,1,Kriging,200,1,7,40000.0,40000.0,"[40000, 3834]",25.054786961855484,32.904246608829936
swap_medium-mvns_ZDT4,ZDT4,2,17,1,Kriging,200,1,8,40000.0,40000.0,"[40000, 4443]",25.308234292424807,32.69524668507061
swap_medium-mvns_ZDT4,ZDT4,2,18,1,Kriging,200,0,7,40000.0,40000.0,"[40000, 5529]",25.252443298936644,32.788202314970206
swap_medium-mvns_ZDT4,ZDT4,2,19,1,Kriging,200,0,9,40000.0,40000.0,"[40000, 3126]",24.882603485810343,32.64544220605701
swap_medium-mvns_ZDT4,ZDT4,2,20,1,Kriging,200,0,12,40000.0,40000.0,"[40000, 3070]",25.07228478309274,32.3893332872666
swap_medium-mvns_ZDT4,ZDT4,2,21,1,Kriging,200,0,12,40000.0,40000.0,"[40000, 3308]",25.274661400224172,32.50333212030483
swap_medium-mvns_ZDT4,ZDT4,2,22,1,Kriging,200,0,13,40000.0,40000.0,"[40000, 3856]",25.05699967119268,32.33161784733923
swap_medium-mvns_ZDT4,ZDT4,2,23,1,Kriging,200,0,12,40000.0,40000.0,"[40000, 3264]",25.100992220168937,32.303751320576005
swap_medium-mvns_ZDT4,ZDT4,2,24,1,Kriging,200,0,12,40000.0,40000.0,"[40000, 3332]",25.342736759689426,32.18115516469201
swap_medium-mvns_ZDT4,ZDT4,2,25,1,Kriging,200,0,18,40000.0,40000.0,"[40000, 2800]",25.256576152984323,32.028420027621756
swap_medium-mvns_ZDT4,ZDT4,2,26,1,Kriging,200,0,18,40000.0,40000.0,"[40000, 2656]",25.38815107019894,32.27745898518785
swap_medium-mvns_ZDT4,ZDT4,2,27,1,Kriging,200,0,18,40000.0,40000.0,"[40000, 2890]",25.05028414702527,32.26599921197466
swap_medium-mvns_ZDT4,ZDT4,2,28,1,Kriging,200,0,20,40000.0,40000.0,"[40000, 1894]",25.15701992799503,31.944948672548204
swap_medium-mvns_ZDT4,ZDT4,2,29,1,Kriging,200,0,18,40000.0,40000.0,"[40000, 3400]",25.23185620335732,32.08996776979875
swap_medium-mvns_ZDT4,ZDT4,2,30,1,Kriging,200,0,19,40000.0,40000.0,"[40000, 3950]",25.25956710770884,32.035611218876674
swap_medium-mvns_ZDT4,ZDT4,2,31,1,Kriging,200,0,21,40000.0,40000.0,"[40000, 2198]",25.158194972876473,31.957359153981432
swap_medium-mvns_ZDT4,ZDT4,2,32,1,Kriging,200,0,18,40000.0,40000.0,"[40000, 2846]",25.307321774836648,32.07102215703717
swap_medium-mvns_ZDT4,ZDT4,2,33,1,Kriging,200,0,19,40000.0,40000.0,"[40000, 1620]",25.099961593864084,31.980174793200387
swap_medium-mvns_ZDT4,ZDT4,2,34,1,Kriging,200,0,23,40000.0,40000.0,"[40000, 3380]",25.358858779673678,31.960647280549498
swap_medium-mvns_ZDT4,ZDT4,2,35,1,Kriging,200,0,19,40000.0,40000.0,"[40000, 2340]",25.005876952429023,31.896205357139042
swap_medium-mvns_ZDT4,ZDT4,2,36,1,Kriging,200,0,21,40000.0,40000.0,"[40000, 2626]",25.135604841241882,31.922995488356168
swap_medium-mvns_ZDT4,ZDT4,2,37,1,Kriging,200,0,16,40000.0,40000.0,"[40000, 3112]",25.149835794852933,31.924965120556426
swap_medium-mvns_ZDT4,ZDT4,2,38,1,Kriging,200,0,14,40000.0,40000.0,"[40000, 3534]",25.211185332276695,31.902735770949967
swap_medium-mvns_ZDT4,ZDT4,2,39,1,Kriging,200,0,15,40000.0,40000.0,"[40000, 1976]",25.17685156099264,31.919258976599703
swap_medium-mvns_ZDT4,ZDT4,2,40,1,Kriging,200,0,22,40000.0,40000.0,"[40000, 1972]",25.251276202637854,31.94034128415493
swap_medium-mvns_ZDT4,ZDT4,2,41,1,Kriging,200,0,23,40000.0,40000.0,"[40000, 1942]",25.053800529533422,32.00642535493059
swap_medium-mvns_ZDT4,ZDT4,2,42,1,Kriging,200,0,21,40000.0,40000.0,"[40000, 1344]",25.07124052609438,31.88112131482596
swap_medium-mvns_ZDT4,ZDT4,2,43,1,Kriging,200,0,21,40000.0,40000.0,"[40000, 2670]",25.26455320506575,31.8848229487551
swap_medium-mvns_ZDT4,ZDT4,2,44,1,Kriging,200,0,27,40000.0,40000.0,"[40000, 2262]",25.19141732283222,31.75642276424872
swap_medium-mvns_ZDT4,ZDT4,2,45,1,Kriging,200,0,28,40000.0,40000.0,"[40000, 2512]",25.202136623201426,31.88051119171685
swap_medium-mvns_ZDT4,ZDT4,2,46,1,Kriging,200,0,29,40000.0,40000.0,"[40000, 1220]",25.108049952655442,31.88675971231133
swap_medium-mvns_ZDT4,ZDT4,2,47,1,Kriging,200,0,27,40000.0,40000.0,"[40000, 2130]",25.040673485152748,31.86993971349589
swap_medium-mvns_ZDT4,ZDT4,2,48,1,Kriging,200,0,23,40000.0,40000.0,"[40000, 4128]",25.2039598098872,31.898865823504412
swap_medium-mvns_ZDT4,ZDT4,2,49,1,Kriging,200,0,24,40000.0,40000.0,"[40000, 2032]",25.117613651743795,31.99637347599909
swap_medium-mvns_ZDT4,ZDT4,2,50,1,Kriging,200,0,25,40000.0,40000.0,"[40000, 1884]",25.305114847553124,31.92194246926736
swap_medium-mvns_ZDT4,ZDT4,2,51,1,Kriging,200,0,26,40000.0,40000.0,"[40000, 2778]",25.17429505035172,31.878722698979363
swap_medium-mvns_ZDT4,ZDT4,2,52,1,Kriging,200,0,23,40000.0,40000.0,"[40000, 2216]",25.21255676639319,31.887044160701272
swap_medium-mvns_ZDT4,ZDT4,2,53,1,Kriging,200,0,28,40000.0,40000.0,"[40000, 3046]",25.240767656958386,31.86872039493448
swap_medium-mvns_ZDT4,ZDT4,2,54,1,Kriging,200,0,28,40000.0,40000.0,"[40000, 3406]",25.18376729361158,31.96582575287879
swap_medium-mvns_ZDT4,ZDT4,2,55,1,Kriging,200,0,30,40000.0,40000.0,"[40000, 1972]",25.142259943310794,31.842865099865925
swap_medium-mvns_ZDT4,ZDT4,2,56,1,Kriging,200,0,29,40000.0,40000.0,"[40000, 1728]",25.209129341588085,31.848048202478573
swap_medium-mvns_ZDT4,ZDT4,2,57,1,Kriging,200,0,30,40000.0,40000.0,"[40000, 2098]",25.090269465419347,31.918130066898016
swap_medium-mvns_ZDT4,ZDT4,2,58,1,Kriging,200,0,32,40000.0,40000.0,"[40000, 2334]",25.05914438353244,31.825184443568496
swap_medium-mvns_ZDT4,ZDT4,2,59,1,Kriging,200,0,31,40000.0,40000.0,"[40000, 2466]",25.281272874596787,31.82901624742726
swap_medium-mvns_ZDT4,ZDT4,2,60,1,Kriging,200,0,36,40000.0,40000.0,"[40000, 2274]",25.106572275254745,31.84287870854807
swap_medium-mvns_ZDT4,ZDT4,2,61,1,Kriging,200,0,31,40000.0,40000.0,"[40000, 1392]",25.277075794917426,31.831907309179417
swap_medium-mvns_ZDT4,ZDT4,2,62,1,Kriging,200,0,31,40000.0,40000.0,"[40000, 2062]",25.146989962625042,31.814674486032054
swap_medium-mvns_ZDT4,ZDT4,2,63,1,Kriging,200,0,40,40000.0,40000.0,"[40000, 1838]",25.11907944923743,31.89686997863122
swap_medium-mvns_ZDT4,ZDT4,2,64,1,Kriging,200,0,36,40000.0,40000.0,"[40000, 2120]",25.09295514721114,31.78639031956331
swap_medium-mvns_ZDT4,ZDT4,2,65,1,Kriging,200,0,34,40000.0,40000.0,"[40000, 1704]",25.16649076453129,31.8830099946461
swap_medium-mvns_ZDT4,ZDT4,2,66,1,Kriging,200,0,35,40000.0,40000.0,"[40000, 2552]",25.217718568659617,31.757027794641218
swap_medium-mvns_ZDT4,ZDT4,2,67,1,Kriging,200,0,35,40000.0,40000.0,"[40000, 2400]",25.2549058595779,31.876501673011763
swap_medium-mvns_ZDT4,ZDT4,2,68,1,Kriging,200,0,38,40000.0,40000.0,"[40000, 2254]",25.144455192045058,31.874019593691155
swap_medium-mvns_ZDT4,ZDT4,2,69,1,Kriging,200,0,42,40000.0,40000.0,"[40000, 1384]",25.177193415856223,31.639920812358664
swap_medium-mvns_ZDT4,ZDT4,2,70,1,Kriging,200,0,41,40000.0,40000.0,"[40000, 2098]",25.048661154579243,31.77105276094726
swap_medium-mvns_ZDT4,ZDT4,2,71,1,Kriging,200,0,39,40000.0,40000.0,"[40000, 2222]",25.313451668319814,31.76016175328056
swap_medium-mvns_ZDT4,ZDT4,2,72,1,Kriging,200,0,39,40000.0,40000.0,"[40000, 1104]",25.12066912547084,31.760077863437253
swap_medium-mvns_ZDT4,ZDT4,2,73,1,Kriging,200,0,38,40000.0,40000.0,"[40000, 2254]",25.03885800890176,31.82720367808959
swap_medium-mvns_ZDT4,ZDT4,2,74,1,Kriging,200,0,41,40000.0,40000.0,"[40000, 2822]",25.06004334599577,31.861369220100578
swap_medium-mvns_ZDT4,ZDT4,2,75,1,Kriging,200,0,38,40000.0,40000.0,"[40000, 3838]",25.061900717818663,31.963859279457033
swap_medium-mvns_ZDT4,ZDT4,2,76,1,Kriging,200,0,40,40000.0,40000.0,"[40000, 724]",24.63353748069938,31.759958276899724
swap_medium-mvns_ZDT4,ZDT4,2,77,1,Kriging,200,0,41,40000.0,40000.0,"[40000, 2116]",24.835047620642303,31.763322790219227
swap_medium-mvns_ZDT4,ZDT4,2,78,1,Kriging,200,0,40,40000.0,40000.0,"[40000, 2930]",25.102917524572643,31.880636686768167
swap_medium-mvns_ZDT4,ZDT4,2,79,1,Kriging,200,0,39,40000.0,40000.0,"[40000, 2412]",25.161518522035074,31.76111549456285
swap_medium-mvns_ZDT4,ZDT4,2,80,1,Kriging,200,0,37,40000.0,40000.0,"[40000, 3300]",25.19389037437508,31.876930728792118
swap_medium-mvns_ZDT4,ZDT4,2,81,1,Kriging,200,0,40,40000.0,40000.0,"[40000, 2852]",25.157296724288255,31.871923430105934
swap_medium-mvns_ZDT4,ZDT4,2,82,1,Kriging,200,0,41,40000.0,40000.0,"[40000, 1798]",25.182423755638435,31.86929829461104
swap_medium-mvns_ZDT4,ZDT4,2,83,1,Kriging,200,0,42,40000.0,40000.0,"[40000, 1740]",25.117739233126507,31.767823153871
swap_medium-mvns_ZDT4,ZDT4,2,84,1,Kriging,200,0,41,40000.0,40000.0,"[40000, 2264]",25.03244131118912,31.881993020686618
swap_medium-mvns_ZDT4,ZDT4,2,85,1,Kriging,200,0,41,40000.0,40000.0,"[40000, 3390]",25.14507671198049,31.874305232448013
swap_medium-mvns_ZDT4,ZDT4,2,86,1,Kriging,200,0,41,40000.0,40000.0,"[40000, 2702]",25.007631354646286,31.870752489158885
swap_medium-mvns_ZDT4,ZDT4,2,87,1,Kriging,200,0,45,40000.0,40000.0,"[40000, 2558]",25.041313924259224,31.886015465681893
swap_medium-mvns_ZDT4,ZDT4,2,88,1,Kriging,200,0,43,40000.0,40000.0,"[40000, 2442]",25.195838783316397,32.01222437771826
swap_medium-mvns_ZDT4,ZDT4,2,89,1,Kriging,200,0,42,40000.0,40000.0,"[40000, 2352]",25.05180420094641,31.883548607530027
swap_medium-mvns_ZDT4,ZDT4,2,90,1,Kriging,200,0,42,40000.0,40000.0,"[40000, 1896]",25.050843933875548,31.896507264809017
swap_medium-mvns_ZDT4,ZDT4,2,91,1,Kriging,200,0,39,40000.0,40000.0,"[40000, 3356]",25.104103989230513,32.00757022270698
swap_medium-mvns_ZDT4,ZDT4,2,92,1,Kriging,200,0,44,40000.0,40000.0,"[40000, 2370]",25.134757572497026,31.906164490993557
swap_medium-mvns_ZDT4,ZDT4,2,93,1,Kriging,200,0,43,40000.0,40000.0,"[40000, 2704]",25.238769603352914,31.900832273193863
swap_medium-mvns_ZDT4,ZDT4,2,94,1,Kriging,200,0,45,40000.0,40000.0,"[40000, 1942]",25.2787321210876,31.901050496772083
swap_medium-mvns_ZDT4,ZDT4,2,95,1,Kriging,200,0,42,40000.0,40000.0,"[40000, 2288]",25.14614468757243,31.882028796133355
swap_medium-mvns_ZDT4,ZDT4,2,96,1,Kriging,200,0,45,40000.0,40000.0,"[40000, 1412]",25.159829716971455,31.862761000221877
swap_medium-mvns_ZDT4,ZDT4,2,97,1,Kriging,200,0,43,40000.0,40000.0,"[40000, 3138]",25.167701101102057,31.858785657927733
swap_medium-mvns_ZDT4,ZDT4,2,98,1,Kriging,200,0,44,40000.0,40000.0,"[40000, 3374]",25.146874252697014,31.962561524582743
swap_medium-mvns_ZDT4,ZDT4,2,99,1,Kriging,200,0,44,40000.0,40000.0,"[40000, 3420]",25.19134977707493,31.855915151446265
swap_small-lhs_DTLZ2,DTLZ2,3,1,0,RBFN,471,70,81,197203.0,221841.0,"[191999, 191057, 190009]",0.18103930508599253,0.17986393218633445
swap_small-lhs_DTLZ2,DTLZ2,3,2,0,RBFN,200,55,83,24984.0,40000.0,"[23099, 24875, 22285]",0.18860489287542925,0.18989231327402217
swap_small-lhs_DTLZ2,DTLZ2,3,3,0,RBFN,200,47,87,22330.0,40000.0,"[21033, 22169, 21183]",0.18875205882271168,0.19029682548414223
swap_small-lhs_DTLZ2,DTLZ2,3,4,0,RBFN,200,45,90,21420.0,40000.0,"[19635, 20965, 20059]",0.19198191451247795,0.1901400708098385
swap_small-lhs_DTLZ2,DTLZ2,3,5,0,RBFN,200,40,92,21612.0,40000.0,"[19780, 21810, 20322]",0.19228900875478305,0.20575885266742722
swap_small-lhs_DTLZ2,DTLZ2,3,6,0,RBFN,200,38,94,18748.0,40000.0,"[17961, 19553, 17927]",0.18849393149577423,0.20567105171760414
swap_small-lhs_DTLZ2,DTLZ2,3,7,0,RBFN,200,35,93,19714.0,40000.0,"[18914, 19928, 18452]",0.1908250775657999,0.21263349914321622
swap_small-lhs_DTLZ2,DTLZ2,3,8,0,RBFN,200,35,94,17850.0,40000.0,"[17059, 19295, 16389]",0.18698319432326502,0.21225525238345042
swap_small-lhs_DTLZ2,DTLZ2,3,9,0,RBFN,200,31,97,18872.0,40000.0,"[16955, 19799, 18049]",0.18374120616226006,0.2042034018614131
swap_small-lhs_DTLZ2,DTLZ2,3,10,0,RBFN,200,30,98,17350.0,40000.0,"[16723, 17997, 16725]",0.1917659132035395,0.20521181463530372
swap_small-lhs_DTLZ2,DTLZ2,3,11,0,RBFN,200,29,98,17406.0,40000.0,"[17073, 18473, 15925]",0.18983420194890507,0.20837765008471293
swap_small-lhs_DTLZ2,DTLZ2,3,12,0,RBFN,200,29,98,18326.0,40000.0,"[16331, 18855, 16907]",0.1931886768949588,0.20792282482826094
swap_small-lhs_DTLZ2,DTLZ2,3,13,0,RBFN,200,27,98,16622.0,40000.0,"[14855, 18221, 15933]",0.19679515918820273,0.21660132243424526
swap_small-lhs_DTLZ2,DTLZ2,3,14,0,RBFN,200,27,98,18346.0,40000.0,"[16633, 18591, 17497]",0.18560934122986839,0.21732485669757542
swap_small-lhs_DTLZ2,DTLZ2,3,15,0,RBFN,200,27,97,17848.0,40000.0,"[16496, 17666, 16662]",0.18853937129357484,0.21840150473395042
swap_small-lhs_DTLZ2,DTLZ2,3,16,0,RBFN,200,26,99,16684.0,40000.0,"[17035, 17369, 15321]",0.18124681756057923,0.21834546913660602
swap_small-lhs_DTLZ2,DTLZ2,3,17,0,RBFN,200,25,99,16876.0,40000.0,"[16492, 17698, 15878]",0.1834744235582743,0.21914478925290637
swap_small-lhs_DTLZ2,DTLZ2,3,18,0,RBFN,200,25,99,17264.0,40000.0,"[15963, 17269, 16497]",0.19269049094306767,0.2155619840670581
swap_small-lhs_DTLZ2,DTLZ2,3,19,0,RBFN,200,25,99,15704.0,40000.0,"[14915, 16807, 14955]",0.18547721595137717,0.21700784896033173
swap_small-lhs_DTLZ2,DTLZ2,3,20,0,RBFN,200,25,98,17340.0,40000.0,"[16911, 17019, 16159]",0.18332214683009324,0.21811422614716156
swap_small-lhs_DTLZ2,DTLZ2,3,21,0,RBFN,200,23,99,16506.0,40000.0,"[15288, 17598, 16076]",0.1793844408765185,0.21999823836947976
swap_small-lhs_DTLZ2,DTLZ2,3,22,0,RBFN,200,21,99,17056.0,40000.0,"[15180, 17940, 16594]",0.19132068237193878,0.2176032974854109
swap_small-lhs_DTLZ2,DTLZ2,3,23,0,RBFN,200,20,99,15798.0,40000.0,"[15271, 16593, 15241]",0.18950268228182224,0.21678124999085696
swap_small-lhs_DTLZ2,DTLZ2,3,24,0,RBFN,200,20,99,16532.0,40000.0,"[15966, 16718, 15788]",0.19035441752262303,0.2169500092127068
swap_small-lhs_DTLZ2,DTLZ2,3,25,0,RBFN,200,19,99,15730.0,40000.0,"[15738, 15604, 15234]",0.18876797979757762,0.2163545586046085
swap_small-lhs_DTLZ2,DTLZ2,3,26,0,RBFN,200,19,99,16010.0,40000.0,"[15551, 16629, 15431]",0.18996725739610285,0.21590942066648258
swap_small-lhs_DTLZ2,DTLZ2,3,27,0,RBFN,200,19,99,16176.0,40000.0,"[15839, 16901, 15045]",0.19423526886387124,0.21710363553426665
swap_small-lhs_DTLZ2,DTLZ2,3,28,0,RBFN,200,19,99,15430.0,40000.0,"[14871, 16573, 14819]",0.18436060337863358,0.2154507580225688
swap_small-lhs_DTLZ2,DTLZ2,3,29,0,RBFN,200,19,99,16068.0,40000.0,"[14281, 16105, 16133]",0.19252285374458664,0.2156964499663134
swap_small-lhs_DTLZ2,DTLZ2,3,30,0,RBFN,200,19,99,15410.0,40000.0,"[14249, 16349, 15107]",0.18436060337863358,0.21745186974525624
swap_small-lhs_DTLZ2,DTLZ2,3,31,0,RBFN,200,19,99,14192.0,40000.0,"[14107, 15523, 13965]",0.18387310232935758,0.21759996881668486
swap_small-lhs_DTLZ2,DTLZ2,3,32,0,RBFN,200,19,99,14986.0,40000.0,"[14443, 15211, 14529]",0.18443564469063925,0.2149528570284156
swap_small-lhs_DTLZ2,DTLZ2,3,33,0,RBFN,200,19,99,15940.0,40000.0,"[14809, 16367, 15247]",0.19376927536534377,0.21234232642448161
swap_small-lhs_DTLZ2,DTLZ2,3,34,0,RBFN,200,19,99,15766.0,40000.0,"[13817, 16551, 15327]",0.18486912814506404,0.21350180528926052
swap_small-lhs_DTLZ2,DTLZ2,3,35,0,RBFN,200,19,99,16178.0,40000.0,"[15126, 16616, 15472]",0.1840823862958486,0.21736497343948638
swap_small-lhs_DTLZ2,DTLZ2,3,36,0,RBFN,200,19,99,16102.0,40000.0,"[14501, 16309, 15533]",0.1840823862958486,0.21988050480479004
swap_small-lhs_DTLZ2,DTLZ2,3,37,0,RBFN,200,19,99,16328.0,40000.0,"[15551, 15855, 15907]",0.1840823862958486,0.2194206757598737
swap_small-lhs_DTLZ2,DTLZ2,3,38,0,RBFN,200,19,99,16372.0,40000.0,"[15039, 16809, 16185]",0.19629975468154595,0.21857174761717593
swap_small-lhs_DTLZ2,DTLZ2,3,39,0,RBFN,200,19,99,15376.0,40000.0,"[15055, 15039, 14659]",0.1840823862958486,0.2171458988666372
swap_small-lhs_DTLZ2,DTLZ2,3,40,0,RBFN,200,19,99,16236.0,40000.0,"[14241, 16881, 15839]",0.1840823862958486,0.21588123204267953
swap_small-lhs_DTLZ2,DTLZ2,3,41,0,RBFN,200,18,99,16192.0,40000.0,"[15167, 16525, 15807]",0.1864569180000567,0.21576186037913472
swap_small-lhs_DTLZ2,DTLZ2,3,42,0,RBFN,200,18,99,15578.0,40000.0,"[14316, 16362, 15024]",0.18487275759208058,0.21454417776393803
swap_small-lhs_DTLZ2,DTLZ2,3,43,0,RBFN,200,18,99,15944.0,40000.0,"[15214, 15312, 15410]",0.18484055268931668,0.21336730873203333
swap_small-lhs_DTLZ2,DTLZ2,3,44,0,RBFN,200,18,99,15440.0,40000.0,"[13761, 17023, 15043]",0.18973382858389576,0.2163017987019758
swap_small-lhs_DTLZ2,DTLZ2,3,45,0,RBFN,200,18,99,15270.0,40000.0,"[14339, 15827, 15129]",0.1884849221952683,0.21416345145022045
swap_small-lhs_DTLZ2,DTLZ2,3,46,0,RBFN,200,18,99,16716.0,40000.0,"[13591, 17413, 16629]",0.1840823862958486,0.21490851996704624
swap_small-lhs_DTLZ2,DTLZ2,3,47,0,RBFN,200,18,99,15122.0,40000.0,"[12930, 15992, 15286]",0.18689131040369394,0.21309736657584044
swap_small-lhs_DTLZ2,DTLZ2,3,48,0,RBFN,200,18,99,15972.0,40000.0,"[13448, 16516, 16208]",0.1874964750884216,0.2151262871080095
swap_small-lhs_DTLZ2,DTLZ2,3,49,0,RBFN,200,18,99,15690.0,40000.0,"[14042, 15758, 15004]",0.1840777607390147,0.2159042907772545
swap_small-lhs_DTLZ2,DTLZ2,3,50,0,RBFN,200,18,99,14534.0,40000.0,"[12152, 15588, 15148]",0.18515749376428553,0.21274524740958062
swap_small-lhs_DTLZ2,DTLZ2,3,51,0,RBFN,200,18,99,15822.0,40000.0,"[14846, 15992, 15220]",0.18709369078137672,0.21413080190628098
swap_small-lhs_DTLZ2,DTLZ2,3,52,0,RBFN,200,18,99,16754.0,40000.0,"[15182, 15726, 15972]",0.1909715832786481,0.2131293539595121
swap_small-lhs_DTLZ2,DTLZ2,3,53,0,RBFN,200,18,99,15372.0,40000.0,"[13804, 16306, 15356]",0.19074888578616894,0.21284367998764217
swap_small-lhs_DTLZ2,DTLZ2,3,54,0,RBFN,200,18,99,15504.0,40000.0,"[12308, 16654, 15720]",0.18995483919813852,0.21211144575647925
swap_small-lhs_DTLZ2,DTLZ2,3,55,0,RBFN,200,18,99,15200.0,40000.0,"[14274, 15676, 14770]",0.19402295935888683,0.2190487357377701
swap_small-lhs_DTLZ2,DTLZ2,3,56,0,RBFN,200,18,99,16400.0,40000.0,"[14457, 15849, 16177]",0.18660606227296617,0.21721354603421555
swap_small-lhs_DTLZ2,DTLZ2,3,57,0,RBFN,200,18,99,14084.0,40000.0,"[13118, 15530, 14210]",0.1837048775966509,0.2189574028344118
swap_small-lhs_DTLZ2,DTLZ2,3,58,0,RBFN,200,18,99,17034.0,40000.0,"[14984, 16894, 16696]",0.18761049333992058,0.21927441156117922
swap_small-lhs_DTLZ2,DTLZ2,3,59,0,RBFN,200,18,99,14022.0,40000.0,"[13486, 15286, 14038]",0.18464409924403286,0.21801184596536335
swap_small-lhs_DTLZ2,DTLZ2,3,60,0,RBFN,200,18,99,16390.0,40000.0,"[14847, 16311, 16063]",0.18573527344872207,0.21395080022117946
swap_small-lhs_DTLZ2,DTLZ2,3,61,0,RBFN,200,18,99,17466.0,40000.0,"[13766, 17648, 16982]",0.1837048775966509,0.21692892581620868
swap_small-lhs_DTLZ2,DTLZ2,3,62,0,RBFN,200,18,99,15758.0,40000.0,"[14078, 16524, 15590]",0.18405798304892865,0.21692806395421438
swap_small-lhs_DTLZ2,DTLZ2,3,63,0,RBFN,200,18,99,14240.0,40000.0,"[13466, 14684, 14338]",0.18391436153338067,0.21839502217921886
swap_small-lhs_DTLZ2,DTLZ2,3,64,0,RBFN,200,18,99,16644.0,40000.0,"[15268, 15954, 16140]",0.18391436153338067,0.21734359572795933
swap_small-lhs_DTLZ2,DTLZ2,3,65,0,RBFN,200,18,99,15112.0,40000.0,"[13664, 15326, 15056]",0.188533293942873,0.21941837066948922
swap_small-lhs_DTLZ2,DTLZ2,3,66,0,RBFN,200,18,99,15638.0,40000.0,"[13811, 16567, 15749]",0.18873404589979267,0.21743654701496334
swap_small-lhs_DTLZ2,DTLZ2,3,67,0,RBFN,200,18,99,15452.0,40000.0,"[13134, 16954, 15758]",0.18694599599342526,0.2164745414157494
swap_small-lhs_DTLZ2,DTLZ2,3,68,0,RBFN,200,18,99,16578.0,40000.0,"[12976, 16262, 16400]",0.20005457483659697,0.2156911649402738
swap_small-lhs_DTLZ2,DTLZ2,3,69,0,RBFN,200,18,99,16984.0,40000.0,"[15675, 17233, 16309]",0.18613265699586726,0.2157354320933341
swap_small-lhs_DTLZ2,DTLZ2,3,70,0,RBFN,200,18,99,15676.0,40000.0,"[13828, 16272, 15874]",0.18963483254252086,0.2163927552729117
swap_small-lhs_DTLZ2,DTLZ2,3,71,0,RBFN,200,18,99,16392.0,40000.0,"[13492, 17456, 16552]",0.18747011425785381,0.21671747414182135
swap_small-lhs_DTLZ2,DTLZ2,3,72,0,RBFN,200,18,99,15118.0,40000.0,"[13556, 15708, 15440]",0.1949786336099286,0.21644795432784628
swap_small-lhs_DTLZ2,DTLZ2,3,73,0,RBFN,200,18,99,16020.0,40000.0,"[14310, 16496, 15476]",0.1880337537577405,0.21550896078328577
swap_small-lhs_DTLZ2,DTLZ2,3,74,0,RBFN,200,18,99,15596.0,40000.0,"[13078, 17308, 15430]",0.1842249938462573,0.2154352225785637
swap_small-lhs_DTLZ2,DTLZ2,3,75,0,RBFN,200,18,99,16928.0,40000.0,"[14130, 17510, 16732]",0.1937321617227413,0.2144646095775798
swap_small-lhs_DTLZ2,DTLZ2,3,76,0,RBFN,200,18,99,14994.0,40000.0,"[14758, 14604, 14902]",0.18565890464400095,0.2123072119712801
swap_small-lhs_DTLZ2,DTLZ2,3,77,0,RBFN,200,18,99,15520.0,40000.0,"[14242, 16434, 15046]",0.19210080812181302,0.2133952269083564
swap_small-lhs_DTLZ2,DTLZ2,3,78,0,RBFN,200,18,99,14980.0,40000.0,"[12946, 15784, 15028]",0.199098942842308,0.21482904612501103
swap_small-lhs_DTLZ2,DTLZ2,3,79,0,RBFN,200,18,99,14796.0,40000.0,"[13804, 16190, 14186]",0.19434360486133093,0.21658174955226106
swap_small-lhs_DTLZ2,DTLZ2,3,80,0,RBFN,200,18,99,16678.0,40000.0,"[14364, 16998, 15698]",0.19053599773146893,0.21494349068906152
swap_small-lhs_DTLZ2,DTLZ2,3,81,0,RBFN,200,18,99,15680.0,40000.0,"[13418, 16496, 15418]",0.18752443345458744,0.21535562006154607
swap_small-lhs_DTLZ2,DTLZ2,3,82,0,RBFN,200,18,99,15650.0,40000.0,"[13468, 16264, 15770]",0.1847627638683607,0.21406312249178266
swap_small-lhs_DTLZ2,DTLZ2,3,83,0,RBFN,200,18,99,17460.0,40000.0,"[14168, 17290, 16954]",0.18668603775706794,0.21482449314433258
swap_small-lhs_DTLZ2,DTLZ2,3,84,0,RBFN,200,18,99,16672.0,40000.0,"[14967, 17469, 16061]",0.19039630131599403,0.21479513415327656
swap_small-lhs_DTLZ2,DTLZ2,3,85,0,RBFN,200,18,99,17904.0,40000.0,"[14498, 17858, 17552]",0.18748714174386683,0.21332959913025243
swap_small-lhs_DTLZ2,DTLZ2,3,86,0,RBFN,200,18,99,16316.0,40000.0,"[14496, 16630, 15366]",0.1847627638683607,0.21714972332763863
swap_small-lhs_DTLZ2,DTLZ2,3,87,0,RBFN,200,18,99,16890.0,40000.0,"[14652, 16422, 16284]",0.18768909861422994,0.21712301268078146
swap_small-lhs_DTLZ2,DTLZ2,3,88,0,RBFN,200,18,99,16408.0,40000.0,"[14278, 16622, 16142]",0.1856857958321435,0.21740136926964293
swap_small-lhs_DTLZ2,DTLZ2,3,89,0,RBFN,200,18,99,15920.0,40000.0,"[14570, 15960, 15658]",0.18551710513702138,0.216429723417797
swap_small-lhs_DTLZ2,DTLZ2,3,90,0,RBFN,200,18,99,16160.0,40000.0,"[15258, 16150, 15212]",0.1955596264843676,0.21576273604400364
swap_small-lhs_DTLZ2,DTLZ2,3,91,0,RBFN,200,18,99,15218.0,40000.0,"[13652, 16022, 15184]",0.19035904484701024,0.21291915554394464
swap_small-lhs_DTLZ2,DTLZ2,3,92,0,RBFN,200,18,99,16652.0,40000.0,"[15730, 16142, 15548]",0.1866119320174037,0.21320356479887898
swap_small-lhs_DTLZ2,DTLZ2,3,93,0,RBFN,200,18,99,14436.0,40000.0,"[14410, 15296, 13988]",0.1847627638683607,0.21474599802697023
swap_small-lhs_DTLZ2,DTLZ2,3,94,0,RBFN,200,18,99,14810.0,40000.0,"[13440, 16012, 15012]",0.1895783973514972,0.21392337916481674
swap_small-lhs_DTLZ2,DTLZ2,3,95,0,RBFN,200,18,99,15906.0,40000.0,"[13728, 16948, 15200]",0.1847627638683607,0.21489841514755118
swap_small-lhs_DTLZ2,DTLZ2,3,96,0,RBFN,200,18,99,17282.0,40000.0,"[14896, 16744, 16732]",0.1933351612225916,0.21561558140191917
swap_small-lhs_DTLZ2,DTLZ2,3,97,0,RBFN,200,18,99,15394.0,40000.0,"[14224, 16240, 14592]",0.19084012015343407,0.21429123027021504
swap_small-lhs_DTLZ2,DTLZ2,3,98,0,RBFN,200,18,99,16832.0,40000.0,"[15258, 16890, 16294]",0.18748781135866469,0.21712980877277333
swap_small-lhs_DTLZ2,DTLZ2,3,99,0,RBFN,200,18,99,17034.0,40000.0,"[15206, 16558, 16342]",0.18470953887486669,0.21691984365281367
swap_small-lhs_MMF16_20,MMF16_20,3,1,0,RBFN,719,94,92,444093.0,516961.0,"[434381, 430383, 451359]",0.33492997962041315,0.24734818004888884
swap_small-lhs_MMF16_20,MMF16_20,3,2,0,RBFN,200,84,95,19816.0,40000.0,"[17956, 18610, 21804]",0.3350647896769033,0.23370059255998848
swap_small-lhs_MMF16_20,MMF16_20,3,3,0,RBFN,200,80,95,17106.0,40000.0,"[16832, 15786, 18812]",0.33429063170713724,0.225064745114522
swap_small-lhs_MMF16_20,MMF16_20,3,4,0,RBFN,200,78,96,17670.0,40000.0,"[15170, 16774, 20156]",0.33492038395855134,0.22444971567230307
swap_small-lhs_MMF16_20,MMF16_20,3,5,0,RBFN,200,76,94,17856.0,40000.0,"[16396, 15658, 19992]",0.3354971249333186,0.22168757341210935
swap_small-lhs_MMF16_20,MMF16_20,3,6,0,RBFN,200,73,93,17596.0,40000.0,"[15899, 14519, 20549]",0.3353737642821697,0.21986758366164963
swap_small-lhs_MMF16_20,MMF16_20,3,7,0,RBFN,200,71,93,16318.0,40000.0,"[14517, 14615, 18965]",0.3353737642821697,0.21926803893321883
swap_small-lhs_MMF16_20,MMF16_20,3,8,0,RBFN,200,70,94,16258.0,40000.0,"[15223, 14339, 18677]",0.3353737642821697,0.2187934682666824
swap_small-lhs_MMF16_20,MMF16_20,3,9,0,RBFN,200,68,95,16830.0,40000.0,"[14926, 14550, 19448]",0.3353737642821697,0.21616671161911147
swap_small-lhs_MMF16_20,MMF16_20,3,10,0,RBFN,200,68,95,16358.0,40000.0,"[14172, 14796, 19002]",0.3353737642821697,0.21729374965097084
swap_small-lhs_MMF16_20,MMF16_20,3,11,0,RBFN,200,66,95,16214.0,40000.0,"[15302, 13676, 18382]",0.33570900624207595,0.21790329402457326
swap_small-lhs_MMF16_20,MMF16_20,3,12,0,RBFN,200,64,96,15988.0,40000.0,"[13549, 14797, 18665]",0.33570900624207595,0.2180769635224646
swap_small-lhs_MMF16_20,MMF16_20,3,13,0,RBFN,200,64,98,15948.0,40000.0,"[14472, 12862, 18676]",0.3363541370693384,0.21969948923376592
swap_small-lhs_MMF16_20,MMF16_20,3,14,0,RBFN,200,63,98,14898.0,40000.0,"[12504, 14176, 17828]",0.33819223834832884,0.2238085170827654
swap_small-lhs_MMF16_20,MMF16_20,3,15,0,RBFN,200,61,98,15572.0,40000.0,"[14281, 12641, 18457]",0.33819223834832884,0.22571758953833196
swap_small-lhs_MMF16_20,MMF16_20,3,16,0,RBFN,200,61,98,15458.0,40000.0,"[13405, 13777, 18161]",0.33896525840452035,0.2275490550220941
swap_small-lhs_MMF16_20,MMF16_20,3,17,0,RBFN,200,59,98,14758.0,40000.0,"[13179, 13939, 17063]",0.33896525840452035,0.2284298867782069
swap_small-lhs_MMF16_20,MMF16_20,3,18,0,RBFN,200,59,98,14826.0,40000.0,"[12167, 13511, 17815]",0.33896525840452035,0.23047530881301867
swap_small-lhs_MMF16_20,MMF16_20,3,19,0,RBFN,200,58,97,15044.0,40000.0,"[13401, 12713, 18087]",0.33665414342885525,0.2315127239547984
swap_small-lhs_MMF16_20,MMF16_20,3,20,0,RBFN,200,56,99,14168.0,40000.0,"[11636, 13410, 17174]",0.3362566333727577,0.23407771017903575
swap_small-lhs_MMF16_20,MMF16_20,3,21,0,RBFN,200,54,100,13530.0,40000.0,"[11652, 12974, 16184]",0.3364248312546179,0.24080982041123672
swap_small-lhs_MMF16_20,MMF16_20,3,22,0,RBFN,200,53,97,13954.0,40000.0,"[12417, 12807, 16701]",0.33666874575258615,0.24435331725942788
swap_small-lhs_MMF16_20,MMF16_20,3,23,0,RBFN,200,51,98,13156.0,40000.0,"[10931, 13219, 15903]",0.3367720453589354,0.250720112863496
swap_small-lhs_MMF16_20,MMF16_20,3,24,0,RBFN,200,47,96,13110.0,40000.0,"[11623, 12035, 16267]",0.33689720747090873,0.2547305287755705
swap_small-lhs_MMF16_20,MMF16_20,3,25,0,RBFN,200,42,97,12466.0,40000.0,"[10665, 11427, 15093]",0.33689720747090873,0.25999904551915687
swap_small-lhs_MMF16_20,MMF16_20,3,26,0,RBFN,200,39,93,10442.0,40000.0,"[9604, 9108, 12956]",0.33689720747090873,0.2665188954885253
swap_small-lhs_MMF16_20,MMF16_20,3,27,0,RBFN,200,35,97,10912.0,40000.0,"[10392, 10022, 13278]",0.3371205494196107,0.26467178723520474
swap_small-lhs_MMF16_20,MMF16_20,3,28,0,RBFN,200,33,96,9966.0,40000.0,"[7925, 9889, 12719]",0.337536005216184,0.2712674072331376
swap_small-lhs_MMF16_20,MMF16_20,3,29,0,RBFN,200,33,94,10268.0,40000.0,"[8555, 9295, 13213]",0.33808860471030305,0.279211463171422
swap_small-lhs_MMF16_20,MMF16_20,3,30,0,RBFN,200,31,95,11090.0,40000.0,"[8014, 10260, 14580]",0.3387740941171597,0.2854745748825428
swap_small-lhs_MMF16_20,MMF16_20,3,31,0,RBFN,200,29,96,9780.0,40000.0,"[8807, 8061, 12599]",0.3390272323827907,0.299742001747247
swap_small-lhs_MMF16_20,MMF16_20,3,32,0,RBFN,200,28,98,9892.0,40000.0,"[7864, 8846, 12966]",0.3379285154138266,0.3067350560102502
swap_small-lhs_MMF16_20,MMF16_20,3,33,0,RBFN,200,26,98,8728.0,40000.0,"[7060, 8106, 11324]",0.3382229683560759,0.31311941729482134
swap_small-lhs_MMF16_20,MMF16_20,3,34,0,RBFN,200,22,97,8756.0,40000.0,"[7720, 7596, 11142]",0.33852891079325975,0.31797946988735143
swap_small-lhs_MMF16_20,MMF16_20,3,35,0,RBFN,200,22,97,7488.0,40000.0,"[7018, 6342, 9736]",0.3384441969334143,0.3289075462794679
swap_small-lhs_MMF16_20,MMF16_20,3,36,0,RBFN,200,20,99,7932.0,40000.0,"[6404, 7382, 11014]",0.33807126934891363,0.3391100537748963
swap_small-lhs_MMF16_20,MMF16_20,3,37,0,RBFN,200,18,96,7742.0,40000.0,"[7048, 5862, 10856]",0.33808726163852865,0.3477965472689846
swap_small-lhs_MMF16_20,MMF16_20,3,38,0,RBFN,200,17,96,7382.0,40000.0,"[7146, 5290, 10526]",0.3384183486717577,0.35546436681473154
swap_small-lhs_MMF16_20,MMF16_20,3,39,0,RBFN,200,15,94,7018.0,40000.0,"[6673, 5877, 9767]",0.3386189615915332,0.3621225360348172
swap_small-lhs_MMF16_20,MMF16_20,3,40,0,RBFN,200,12,97,6628.0,40000.0,"[6117, 4803, 9481]",0.33914526576642157,0.3714174533408133
swap_small-lhs_MMF16_20,MMF16_20,3,41,0,RBFN,200,10,97,6318.0,40000.0,"[5400, 5104, 9814]",0.339394994351028,0.37652295596623625
swap_small-lhs_MMF16_20,MMF16_20,3,42,0,RBFN,200,9,98,5422.0,40000.0,"[5278, 4484, 8082]",0.339394994351028,0.3851763645583205
swap_small-lhs_MMF16_20,MMF16_20,3,43,0,RBFN,200,6,99,5268.0,40000.0,"[5179, 4125, 8393]",0.3395086495797687,0.39238291439941086
swap_small-lhs_MMF16_20,MMF16_20,3,44,0,RBFN,200,4,96,6068.0,40000.0,"[5332, 4348, 9656]",0.3395086495797687,0.40272791297240235
swap_small-lhs_MMF16_20,MMF16_20,3,45,0,RBFN,200,3,96,4786.0,40000.0,"[4030, 4444, 8154]",0.3395086495797687,0.4073380470007596
swap_small-lhs_MMF16_20,MMF16_20,3,46,0,RBFN,200,3,97,4852.0,40000.0,"[4037, 4139, 8459]",0.33990176251319915,0.4136211448644192
swap_small-lhs_MMF16_20,MMF16_20,3,47,0,RBFN,200,2,98,4628.0,40000.0,"[4519, 3227, 8055]",0.3397215355640223,0.42274925781644607
swap_small-lhs_MMF16_20,MMF16_20,3,48,0,RBFN,200,2,100,3858.0,40000.0,"[2738, 3786, 7238]",0.3397215355640223,0.42994158161719176
swap_small-lhs_MMF16_20,MMF16_20,3,49,0,RBFN,200,2,100,3748.0,40000.0,"[3420, 3702, 6758]",0.3397215355640223,0.43522951692727757
swap_small-lhs_MMF16_20,MMF16_20,3,50,0,RBFN,200,2,100,4000.0,40000.0,"[3338, 3192, 7502]",0.33981537237028814,0.4401614737038495
swap_small-lhs_MMF16_20,MMF16_20,3,51,0,RBFN,200,2,100,4102.0,40000.0,"[3446, 3952, 7354]",0.339887542684152,0.4457946794958281
swap_small-lhs_MMF16_20,MMF16_20,3,52,0,RBFN,200,2,100,4662.0,40000.0,"[4070, 3640, 8230]",0.33991428702114646,0.45244900370888613
swap_small-lhs_MMF16_20,MMF16_20,3,53,0,RBFN,200,2,100,4574.0,40000.0,"[3346, 4162, 8214]",0.3401593018266606,0.4584862924080207
swap_small-lhs_MMF16_20,MMF16_20,3,54,0,RBFN,200,2,100,4144.0,40000.0,"[3106, 4242, 7324]",0.34035748369929086,0.4637447631444085
swap_small-lhs_MMF16_20,MMF16_20,3,55,0,RBFN,200,2,100,3828.0,40000.0,"[3504, 3168, 6950]",0.34046639824198743,0.46986868155865946
swap_small-lhs_MMF16_20,MMF16_20,3,56,0,RBFN,200,2,98,3910.0,40000.0,"[3598, 3286, 7208]",0.34028531290226005,0.4748809199020544
swap_small-lhs_MMF16_20,MMF16_20,3,57,0,RBFN,200,2,100,4660.0,40000.0,"[3508, 3922, 8284]",0.34028531290226005,0.4777593535676827
swap_small-lhs_MMF16_20,MMF16_20,3,58,0,RBFN,200,2,99,4416.0,40000.0,"[2938, 4400, 7916]",0.3406662494724482,0.48034132480968256
swap_small-lhs_MMF16_20,MMF16_20,3,59,0,RBFN,200,2,100,4486.0,40000.0,"[2874, 4458, 7976]",0.3406662494724482,0.48536871771636914
swap_small-lhs_MMF16_20,MMF16_20,3,60,0,RBFN,200,2,100,4170.0,40000.0,"[3688, 3350, 7508]",0.3406662494724482,0.488133707186704
swap_small-lhs_MMF16_20,MMF16_20,3,61,0,RBFN,200,2,100,4162.0,40000.0,"[3532, 3716, 7456]",0.3406662494724482,0.49134813564547947
swap_small-lhs_MMF16_20,MMF16_20,3,62,0,RBFN,200,2,100,4886.0,40000.0,"[3836, 3618, 8884]",0.3406306147531475,0.494616946281619
swap_small-lhs_MMF16_20,MMF16_20,3,63,0,RBFN,200,2,100,4798.0,40000.0,"[4032, 3832, 8386]",0.3406306147531475,0.5006805320806276
swap_small-lhs_MMF16_20,MMF16_20,3,64,0,RBFN,200,2,100,4008.0,40000.0,"[3426, 3408, 7410]",0.3406306147531475,0.5021559392978704
swap_small-lhs_MMF16_20,MMF16_20,3,65,0,RBFN,200,2,100,4358.0,40000.0,"[3104, 4392, 7788]",0.34063243459418885,0.5047899086050014
swap_small-lhs_MMF16_20,MMF16_20,3,66,0,RBFN,200,2,100,4750.0,40000.0,"[4109, 4007, 8099]",0.3406868753759095,0.5100411028866858
swap_small-lhs_MMF16_20,MMF16_20,3,67,0,RBFN,200,2,99,4066.0,40000.0,"[3032, 4008, 7220]",0.3406868753759095,0.5109255892050941
swap_small-lhs_MMF16_20,MMF16_20,3,68,0,RBFN,200,2,99,4980.0,40000.0,"[3968, 4210, 8996]",0.3408569320166186,0.5111765859420513
swap_small-lhs_MMF16_20,MMF16_20,3,69,0,RBFN,200,2,99,4288.0,40000.0,"[3054, 4238, 7746]",0.3408569320166186,0.5120966872826017
swap_small-lhs_MMF16_20,MMF16_20,3,70,0,RBFN,200,1,100,4938.0,40000.0,"[4134, 3952, 8652]",0.3409701494742398,0.5162191896773648
swap_small-lhs_MMF16_20,MMF16_20,3,71,0,RBFN,200,1,99,4378.0,40000.0,"[3505, 3659, 7903]",0.3409701494742398,0.5175438619017209
swap_small-lhs_MMF16_20,MMF16_20,3,72,0,RBFN,200,1,99,4006.0,40000.0,"[3513, 2921, 7673]",0.3408569320166186,0.5208389256730017
swap_small-lhs_MMF16_20,MMF16_20,3,73,0,RBFN,200,1,100,3888.0,40000.0,"[3047, 3763, 7463]",0.3408569320166186,0.5211600299228485
swap_small-lhs_MMF16_20,MMF16_20,3,74,0,RBFN,200,1,100,4704.0,40000.0,"[3499, 4075, 8475]",0.3412181216107394,0.5218460604579186
swap_small-lhs_MMF16_20,MMF16_20,3,75,0,RBFN,200,1,100,4216.0,40000.0,"[3463, 3807, 7745]",0.34134292775264086,0.525034708606146
swap_small-lhs_MMF16_20,MMF16_20,3,76,0,RBFN,200,1,99,4098.0,40000.0,"[3291, 3649, 7677]",0.34134292775264086,0.526611838945769
swap_small-lhs_MMF16_20,MMF16_20,3,77,0,RBFN,200,1,100,4024.0,40000.0,"[3587, 3735, 7135]",0.34139381107434447,0.5276184123954851
swap_small-lhs_MMF16_20,MMF16_20,3,78,0,RBFN,200,1,100,3540.0,40000.0,"[3381, 2915, 6789]",0.34139381107434447,0.5284606913692099
swap_small-lhs_MMF16_20,MMF16_20,3,79,0,RBFN,200,1,100,4226.0,40000.0,"[3855, 3477, 7803]",0.34139381107434447,0.5302059297706846
swap_small-lhs_MMF16_20,MMF16_20,3,80,0,RBFN,200,1,100,3780.0,40000.0,"[3811, 3073, 6935]",0.34142285915077436,0.5314013440231689
swap_small-lhs_MMF16_20,MMF16_20,3,81,0,RBFN,200,1,100,4034.0,40000.0,"[3473, 3625, 7543]",0.3414273135805878,0.5305072891509627
swap_small-lhs_MMF16_20,MMF16_20,3,82,0,RBFN,200,1,99,4556.0,40000.0,"[3875, 3577, 8437]",0.34142285915077436,0.5360241312170575
swap_small-lhs_MMF16_20,MMF16_20,3,83,0,RBFN,200,1,100,3404.0,40000.0,"[3693, 2731, 6257]",0.34142285915077436,0.5330498875571253
swap_small-lhs_MMF16_20,MMF16_20,3,84,0,RBFN,200,1,100,4350.0,40000.0,"[4247, 2819, 7723]",0.34142285915077436,0.5357524096809938
swap_small-lhs_MMF16_20,MMF16_20,3,85,0,RBFN,200,1,99,3698.0,40000.0,"[3193, 3135, 7217]",0.3414322698695871,0.5385815857488384
swap_small-lhs_MMF16_20,MMF16_20,3,86,0,RBFN,200,1,100,3846.0,40000.0,"[3603, 3443, 7099]",0.3414322698695871,0.5370682617120427
swap_small-lhs_MMF16_20,MMF16_20,3,87,0,RBFN,200,1,100,4932.0,40000.0,"[4057, 4369, 8839]",0.34143879295800933,0.539229341915499
swap_small-lhs_MMF16_20,MMF16_20,3,88,0,RBFN,200,1,100,4108.0,40000.0,"[2827, 4057, 7827]",0.34143879295800933,0.538918062022708
swap_small-lhs_MMF16_20,MMF16_20,3,89,0,RBFN,200,1,100,3624.0,40000.0,"[3209, 3001, 6881]",0.34143879295800933,0.5399280940975818
swap_small-lhs_MMF16_20,MMF16_20,3,90,0,RBFN,200,1,100,3690.0,40000.0,"[3523, 2923, 6923]",0.34143879295800933,0.5402014361466416
swap_small-lhs_MMF16_20,MMF16_20,3,91,0,RBFN,200,1,100,3684.0,40000.0,"[3157, 3125, 6979]",0.34143879295800933,0.540383747079691
swap_small-lhs_MMF16_20,MMF16_20,3,92,0,RBFN,200,1,100,3904.0,40000.0,"[3787, 3341, 7191]",0.3414606713990334,0.5420814152875689
swap_small-lhs_MMF16_20,MMF16_20,3,93,0,RBFN,200,0,100,4506.0,40000.0,"[3269, 3879, 8577]",0.34148786148943466,0.5422282804268215
swap_small-lhs_MMF16_20,MMF16_20,3,94,0,RBFN,200,0,99,3858.0,40000.0,"[3262, 3258, 7642]",0.34148786148943466,0.543431293642725
swap_small-lhs_MMF16_20,MMF16_20,3,95,0,RBFN,200,0,100,3734.0,40000.0,"[3354, 3220, 6984]",0.34148786148943466,0.5450844294651765
swap_small-lhs_MMF16_20,MMF16_20,3,96,0,RBFN,200,0,100,4110.0,40000.0,"[3232, 3602, 7898]",0.34151504409006966,0.5464737793291072
swap_small-lhs_MMF16_20,MMF16_20,3,97,0,RBFN,200,0,100,3300.0,40000.0,"[2848, 2960, 6482]",0.3415272489011972,0.5462349656892684
swap_small-lhs_MMF16_20,MMF16_20,3,98,0,RBFN,200,0,100,3684.0,40000.0,"[2966, 3630, 7024]",0.34155193403718104,0.5469332078764005
swap_small-lhs_MMF16_20,MMF16_20,3,99,0,RBFN,200,0,100,4288.0,40000.0,"[3422, 2902, 8612]",0.34155193403718104,0.5469481792452535
swap_small-lhs_WFG9,WFG9,2,1,0,RBFN,781,75,26,464963.0,609961.0,"[464705, 463919]",1.0237673540120067,0.5805933429348671
swap_small-lhs_WFG9,WFG9,2,2,0,RBFN,200,60,33,6346.0,40000.0,"[6048, 5950]",1.0266493966383845,0.503129580741688
swap_small-lhs_WFG9,WFG9,2,3,0,RBFN,200,53,34,4414.0,40000.0,"[4038, 4082]",1.0239464571960615,0.46145514444324687
swap_small-lhs_WFG9,WFG9,2,4,0,RBFN,200,47,37,3618.0,40000.0,"[3140, 3248]",1.02464451768724,0.42276072580108603
swap_small-lhs_WFG9,WFG9,2,5,0,RBFN,200,46,37,2782.0,40000.0,"[2433, 2405]",1.0280383970912512,0.42700652852488774
swap_small-lhs_WFG9,WFG9,2,6,0,RBFN,200,43,37,2678.0,40000.0,"[2270, 2372]",1.0250664576198283,0.4100532746770243
swap_small-lhs_WFG9,WFG9,2,7,0,RBFN,200,42,42,2408.0,40000.0,"[1995, 2107]",1.0240165897385045,0.408859941461021
swap_small-lhs_WFG9,WFG9,2,8,0,RBFN,200,41,40,2370.0,40000.0,"[2056, 1980]",1.0240165897385045,0.4121448004119573
swap_small-lhs_WFG9,WFG9,2,9,0,RBFN,200,37,43,2444.0,40000.0,"[1961, 2059]",1.024140021132333,0.405854915919605
swap_small-lhs_WFG9,WFG9,2,10,0,RBFN,200,34,41,2050.0,40000.0,"[1688, 1644]",1.024140021132333,0.3964285802106775
swap_small-lhs_WFG9,WFG9,2,11,0,RBFN,200,32,43,1878.0,40000.0,"[1448, 1420]",1.024140021132333,0.3867150033061385
swap_small-lhs_WFG9,WFG9,2,12,0,RBFN,200,30,53,1746.0,40000.0,"[1296, 1318]",1.0264882877447827,0.3860690518891074
swap_small-lhs_WFG9,WFG9,2,13,0,RBFN,200,26,57,1736.0,40000.0,"[1226, 1254]",1.0247177533368286,0.36293458647756227
swap_small-lhs_WFG9,WFG9,2,14,0,RBFN,200,26,62,1402.0,40000.0,"[894, 1036]",1.0230616101036443,0.36611334767457443
swap_small-lhs_WFG9,WFG9,2,15,0,RBFN,200,26,55,1448.0,40000.0,"[954, 1008]",1.024851175912686,0.3662806924282556
swap_small-lhs_WFG9,WFG9,2,16,0,RBFN,200,26,61,1472.0,40000.0,"[944, 1042]",1.026391691143726,0.367882061091043
swap_small-lhs_WFG9,WFG9,2,17,0,RBFN,200,25,65,1438.0,40000.0,"[964, 988]",1.026391691143726,0.37015095891260413
swap_small-lhs_WFG9,WFG9,2,18,0,RBFN,200,25,57,1434.0,40000.0,"[911, 1013]",1.026391691143726,0.3712057034956946
swap_small-lhs_WFG9,WFG9,2,19,0,RBFN,200,25,56,1432.0,40000.0,"[965, 931]",1.026391691143726,0.37191264102139654
swap_small-lhs_WFG9,WFG9,2,20,0,RBFN,200,23,56,1532.0,40000.0,"[963, 1063]",1.0265698772252443,0.3599583328283819
swap_small-lhs_WFG9,WFG9,2,21,0,RBFN,200,23,59,1258.0,40000.0,"[785, 847]",1.026391691143726,0.3617823490145483
swap_small-lhs_WFG9,WFG9,2,22,0,RBFN,200,22,61,1252.0,40000.0,"[762, 906]",1.026391691143726,0.36306962091106904
swap_small-lhs_WFG9,WFG9,2,23,0,RBFN,200,22,61,1196.0,40000.0,"[688, 830]",1.0264786071843373,0.3628856200398842
swap_small-lhs_WFG9,WFG9,2,24,0,RBFN,200,21,67,1522.0,40000.0,"[903, 1101]",1.027412668102467,0.36038739363250505
swap_small-lhs_WFG9,WFG9,2,25,0,RBFN,200,21,70,1194.0,40000.0,"[679, 809]",1.027412668102467,0.36106903525358314
swap_small-lhs_WFG9,WFG9,2,26,0,RBFN,200,21,68,1168.0,40000.0,"[659, 797]",1.0277424406879587,0.3619211098548388
swap_small-lhs_WFG9,WFG9,2,27,0,RBFN,200,20,62,1304.0,40000.0,"[687, 899]",1.027412668102467,0.35693299251017147
swap_small-lhs_WFG9,WFG9,2,28,0,RBFN,200,19,66,1164.0,40000.0,"[598, 794]",1.0281933764342142,0.34913340636994233
swap_small-lhs_WFG9,WFG9,2,29,0,RBFN,200,19,76,1120.0,40000.0,"[629, 713]",1.0276340399313713,0.3530394633160433
swap_small-lhs_WFG9,WFG9,2,30,0,RBFN,200,19,78,1002.0,40000.0,"[535, 657]",1.028633036626241,0.35490777368722476
swap_small-lhs_WFG9,WFG9,2,31,0,RBFN,200,17,77,1028.0,40000.0,"[549, 677]",1.0293691771624207,0.34582995478363293
swap_small-lhs_WFG9,WFG9,2,32,0,RBFN,200,17,79,962.0,40000.0,"[443, 641]",1.0295244931439858,0.3461211158961825
swap_small-lhs_WFG9,WFG9,2,33,0,RBFN,200,17,77,984.0,40000.0,"[493, 615]",1.0301297611273132,0.3480163289169658
swap_small-lhs_WFG9,WFG9,2,34,0,RBFN,200,17,85,1058.0,40000.0,"[535, 723]",1.0295244931439858,0.3479119447338017
swap_small-lhs_WFG9,WFG9,2,35,0,RBFN,200,17,78,924.0,40000.0,"[467, 583]",1.030245883905236,0.34945712585066974
swap_small-lhs_WFG9,WFG9,2,36,0,RBFN,200,17,79,962.0,40000.0,"[493, 595]",1.0310306140914682,0.3505953191532836
swap_small-lhs_WFG9,WFG9,2,37,0,RBFN,200,16,77,968.0,40000.0,"[532, 604]",1.0295244931439858,0.348066485802224
swap_small-lhs_WFG9,WFG9,2,38,0,RBFN,200,16,82,914.0,40000.0,"[412, 592]",1.0295244931439858,0.3492504427856575
swap_small-lhs_WFG9,WFG9,2,39,0,RBFN,200,16,79,912.0,40000.0,"[404, 606]",1.031544021547236,0.3507866004659624
swap_small-lhs_WFG9,WFG9,2,40,0,RBFN,200,15,78,996.0,40000.0,"[452, 670]",1.0313303650447199,0.35067498762684984
swap_small-lhs_WFG9,WFG9,2,41,0,RBFN,200,15,77,892.0,40000.0,"[355, 623]",1.0313303650447199,0.3513657155302423
swap_small-lhs_WFG9,WFG9,2,42,0,RBFN,200,15,78,970.0,40000.0,"[395, 701]",1.0324736489278206,0.35326235493129937
swap_small-lhs_WFG9,WFG9,2,43,0,RBFN,200,15,79,888.0,40000.0,"[387, 621]",1.0338264055790425,0.3549699820412955
swap_small-lhs_WFG9,WFG9,2,44,0,RBFN,200,15,80,874.0,40000.0,"[355, 621]",1.0316595951691716,0.3571057918413169
swap_small-lhs_WFG9,WFG9,2,45,0,RBFN,200,15,82,864.0,40000.0,"[371, 595]",1.033186638208689,0.35808606149674765
swap_small-lhs_WFG9,WFG9,2,46,0,RBFN,200,14,87,894.0,40000.0,"[381, 627]",1.0327277578426413,0.3534120932300788
swap_small-lhs_WFG9,WFG9,2,47,0,RBFN,200,14,90,770.0,40000.0,"[262, 584]",1.0330663921105463,0.35478122068102225
swap_small-lhs_WFG9,WFG9,2,48,0,RBFN,200,13,91,816.0,40000.0,"[278, 630]",1.0326014655039601,0.34858521577220974
swap_small-lhs_WFG9,WFG9,2,49,0,RBFN,200,12,89,866.0,40000.0,"[277, 679]",1.0346460052471538,0.33605774642971675
swap_small-lhs_WFG9,WFG9,2,50,0,RBFN,200,11,90,758.0,40000.0,"[220, 570]",1.033675018242775,0.3313733984196679
swap_small-lhs_WFG9,WFG9,2,51,0,RBFN,200,11,88,684.0,40000.0,"[183, 495]",1.034253119416951,0.3325381469224164
swap_small-lhs_WFG9,WFG9,2,52,0,RBFN,200,11,88,664.0,40000.0,"[181, 475]",1.033675018242775,0.3339451608447782
swap_small-lhs_WFG9,WFG9,2,53,0,RBFN,200,10,85,612.0,40000.0,"[189, 423]",1.033675018242775,0.32915645975099905
swap_small-lhs_WFG9,WFG9,2,54,0,RBFN,200,10,89,532.0,40000.0,"[156, 342]",1.033675018242775,0.33062689921620253
swap_small-lhs_WFG9,WFG9,2,55,0,RBFN,200,10,86,606.0,40000.0,"[174, 416]",1.0335015444233768,0.3322435257431813
swap_small-lhs_WFG9,WFG9,2,56,0,RBFN,200,10,90,598.0,40000.0,"[188, 408]",1.0335686737437704,0.3320516026317364
swap_small-lhs_WFG9,WFG9,2,57,0,RBFN,200,10,87,668.0,40000.0,"[224, 478]",1.0350130760205067,0.33329535387591996
swap_small-lhs_WFG9,WFG9,2,58,0,RBFN,200,10,87,630.0,40000.0,"[188, 440]",1.0335015444233768,0.3343398887000244
swap_small-lhs_WFG9,WFG9,2,59,0,RBFN,200,10,87,648.0,40000.0,"[234, 458]",1.0349701799175264,0.3357350548207241
swap_small-lhs_WFG9,WFG9,2,60,0,RBFN,200,10,92,654.0,40000.0,"[216, 464]",1.0341645899895173,0.3362100300207516
swap_small-lhs_WFG9,WFG9,2,61,0,RBFN,200,10,89,594.0,40000.0,"[192, 404]",1.0341645899895173,0.33876178438833193
swap_small-lhs_WFG9,WFG9,2,62,0,RBFN,200,10,89,724.0,40000.0,"[226, 534]",1.0344026474183705,0.3404685020602465
swap_small-lhs_WFG9,WFG9,2,63,0,RBFN,200,10,84,736.0,40000.0,"[236, 546]",1.035277155186778,0.34137389053156736
swap_small-lhs_WFG9,WFG9,2,64,0,RBFN,200,10,86,704.0,40000.0,"[238, 514]",1.0367085339765174,0.34253438379384027
swap_small-lhs_WFG9,WFG9,2,65,0,RBFN,200,10,84,902.0,40000.0,"[302, 714]",1.0358958515700545,0.3436409035153051
swap_small-lhs_WFG9,WFG9,2,66,0,RBFN,200,10,86,668.0,40000.0,"[246, 478]",1.0348927417473461,0.3446475073145866
swap_small-lhs_WFG9,WFG9,2,67,0,RBFN,200,10,88,812.0,40000.0,"[279, 623]",1.035553220055017,0.3445448741222144
swap_small-lhs_WFG9,WFG9,2,68,0,RBFN,200,10,90,748.0,40000.0,"[262, 558]",1.036822838546695,0.34524024327527536
swap_small-lhs_WFG9,WFG9,2,69,0,RBFN,200,10,88,820.0,40000.0,"[312, 630]",1.0361177583999321,0.3454128400056166
swap_small-lhs_WFG9,WFG9,2,70,0,RBFN,200,10,91,852.0,40000.0,"[312, 662]",1.0359946927126162,0.3462433839941277
swap_small-lhs_WFG9,WFG9,2,71,0,RBFN,200,10,92,886.0,40000.0,"[334, 696]",1.0348601501882988,0.34741438802141794
swap_small-lhs_WFG9,WFG9,2,72,0,RBFN,200,10,92,946.0,40000.0,"[348, 756]",1.0359093565401702,0.34783074485580845
swap_small-lhs_WFG9,WFG9,2,73,0,RBFN,200,10,91,750.0,40000.0,"[288, 560]",1.0362176728533476,0.34905962774655974
swap_small-lhs_WFG9,WFG9,2,74,0,RBFN,200,10,95,810.0,40000.0,"[342, 618]",1.036987747290119,0.3501382552993475
swap_small-lhs_WFG9,WFG9,2,75,0,RBFN,200,10,94,744.0,40000.0,"[312, 554]",1.0359859151767008,0.3500146971229647
swap_small-lhs_WFG9,WFG9,2,76,0,RBFN,200,10,91,698.0,40000.0,"[300, 506]",1.0375541847110805,0.3505555772236865
swap_small-lhs_WFG9,WFG9,2,77,0,RBFN,200,10,94,1036.0,40000.0,"[586, 846]",1.0381037924583647,0.3512301756142624
swap_small-lhs_WFG9,WFG9,2,78,0,RBFN,200,10,93,906.0,40000.0,"[380, 716]",1.038857024714845,0.35178054137223613
swap_small-lhs_WFG9,WFG9,2,79,0,RBFN,200,10,91,908.0,40000.0,"[432, 716]",1.040059045506625,0.3521571856970894
swap_small-lhs_WFG9,WFG9,2,80,0,RBFN,200,10,88,782.0,40000.0,"[336, 590]",1.0429912907830936,0.35242906942397745
swap_small-lhs_WFG9,WFG9,2,81,0,RBFN,200,10,92,834.0,40000.0,"[360, 642]",1.0424740495378535,0.35185392129664117
swap_small-lhs_WFG9,WFG9,2,82,0,RBFN,200,10,92,974.0,40000.0,"[502, 782]",1.0394972975064047,0.35234021847379177
swap_small-lhs_WFG9,WFG9,2,83,0,RBFN,200,10,94,808.0,40000.0,"[346, 616]",1.0395904707658628,0.35284524151649554
swap_small-lhs_WFG9,WFG9,2,84,0,RBFN,200,10,94,946.0,40000.0,"[425, 755]",1.042614495551732,0.3526253930106896
swap_small-lhs_WFG9,WFG9,2,85,0,RBFN,200,9,90,704.0,40000.0,"[292, 512]",1.0399305417476865,0.3466524550000177
swap_small-lhs_WFG9,WFG9,2,86,0,RBFN,200,9,91,798.0,40000.0,"[337, 607]",1.0401356824239225,0.34724985742528314
swap_small-lhs_WFG9,WFG9,2,87,0,RBFN,200,9,90,734.0,40000.0,"[329, 543]",1.0397213783960648,0.3476009695093466
swap_small-lhs_WFG9,WFG9,2,88,0,RBFN,200,9,91,696.0,40000.0,"[275, 505]",1.0420104082657127,0.3476916859123905
swap_small-lhs_WFG9,WFG9,2,89,0,RBFN,200,9,90,746.0,40000.0,"[327, 555]",1.0404192579918694,0.34845612323225905
swap_small-lhs_WFG9,WFG9,2,90,0,RBFN,200,9,92,778.0,40000.0,"[321, 587]",1.0427168174627701,0.34892924057413155
swap_small-lhs_WFG9,WFG9,2,91,0,RBFN,200,9,93,824.0,40000.0,"[389, 633]",1.039369093429238,0.349695186965506
swap_small-lhs_WFG9,WFG9,2,92,0,RBFN,200,9,95,884.0,40000.0,"[410, 694]",1.0416882918971297,0.3502696141688492
swap_small-lhs_WFG9,WFG9,2,93,0,RBFN,200,9,95,860.0,40000.0,"[383, 669]",1.042292437463762,0.35143544986861547
swap_small-lhs_WFG9,WFG9,2,94,0,RBFN,200,9,95,714.0,40000.0,"[287, 523]",1.04273056491854,0.35175314607068886
swap_small-lhs_WFG9,WFG9,2,95,0,RBFN,200,9,95,918.0,40000.0,"[375, 727]",1.0451225078938773,0.3520920471877765
swap_small-lhs_WFG9,WFG9,2,96,0,RBFN,200,9,95,842.0,40000.0,"[355, 651]",1.042292437463762,0.35204892307057856
swap_small-lhs_WFG9,WFG9,2,97,0,RBFN,200,9,95,816.0,40000.0,"[369, 625]",1.0442165494912568,0.3530971394942726
swap_small-lhs_WFG9,WFG9,2,98,0,RBFN,200,9,95,962.0,40000.0,"[452, 772]",1.042292437463762,0.3530282717861492
swap_small-lhs_WFG9,WFG9,2,99,0,RBFN,200,9,96,786.0,40000.0,"[393, 595]",1.0462838505564949,0.3534193844293491
swap_small-lhs_ZDT1,ZDT1,2,1,1,Kriging,1029,77,14,1058841.0,1058841.0,"[1058841.0, 1007469.0]",0.11280076111194699,0.07929343192867633
swap_small-lhs_ZDT1,ZDT1,2,2,1,Kriging,200,26,15,40000.0,40000.0,"[40000, 29351]",0.11288293516617703,0.054964919206863305
swap_small-lhs_ZDT1,ZDT1,2,3,1,Kriging,200,8,10,40000.0,40000.0,"[40000, 24102]",0.11288293516617703,0.052951932879832846
swap_small-lhs_ZDT1,ZDT1,2,4,1,Kriging,200,3,14,40000.0,40000.0,"[40000, 22376]",0.11294975044326241,0.06893411130035307
swap_small-lhs_ZDT1,ZDT1,2,5,1,Kriging,200,2,18,40000.0,40000.0,"[40000, 21789]",0.11308674500652494,0.08165459491377319
swap_small-lhs_ZDT1,ZDT1,2,6,1,Kriging,200,0,19,40000.0,40000.0,"[40000, 20688]",0.11337949728766107,0.09745333369694689
swap_small-lhs_ZDT1,ZDT1,2,7,1,Kriging,200,0,16,40000.0,40000.0,"[40000, 21264]",0.11340729358598718,0.11075987448988733
swap_small-lhs_ZDT1,ZDT1,2,8,1,Kriging,200,0,21,40000.0,40000.0,"[40000, 21174]",0.11340729358598718,0.12195547825129514
swap_small-lhs_ZDT1,ZDT1,2,9,1,Kriging,200,0,13,40000.0,40000.0,"[40000, 20766]",0.11365589522665841,0.13230795772948192
swap_small-lhs_ZDT1,ZDT1,2,10,1,Kriging,200,0,14,40000.0,40000.0,"[40000, 20562]",0.11368589348568285,0.15450386023863114
swap_small-lhs_ZDT1,ZDT1,2,11,1,Kriging,200,0,19,40000.0,40000.0,"[40000, 20370]",0.11374012014452711,0.17583155991419439
swap_small-lhs_ZDT1,ZDT1,2,12,1,Kriging,200,0,19,40000.0,40000.0,"[40000, 20376]",0.11376183644837405,0.18860766984870472
swap_small-lhs_ZDT1,ZDT1,2,13,1,Kriging,200,0,23,40000.0,40000.0,"[40000, 19152]",0.1139173914319628,0.2020138580111582
swap_small-lhs_ZDT1,ZDT1,2,14,1,Kriging,200,0,22,40000.0,40000.0,"[40000, 18458]",0.11427476912756403,0.2116678431531841
swap_small-lhs_ZDT1,ZDT1,2,15,1,Kriging,200,0,28,40000.0,40000.0,"[40000, 18372]",0.11427476912756403,0.2274488805489308
swap_small-lhs_ZDT1,ZDT1,2,16,1,Kriging,200,0,26,40000.0,40000.0,"[40000, 18178]",0.11427476912756403,0.2423554847233471
swap_small-lhs_ZDT1,ZDT1,2,17,1,Kriging,200,0,35,40000.0,40000.0,"[40000, 17290]",0.1143201966499562,0.24754873369683936
swap_small-lhs_ZDT1,ZDT1,2,18,1,Kriging,200,0,28,40000.0,40000.0,"[40000, 18108]",0.11445332654472785,0.257808075508372
swap_small-lhs_ZDT1,ZDT1,2,19,1,Kriging,200,0,29,40000.0,40000.0,"[40000, 17694]",0.11454993994418096,0.26800274766848386
swap_small-lhs_ZDT1,ZDT1,2,20,1,Kriging,200,0,35,40000.0,40000.0,"[40000, 17482]",0.11458885075170275,0.28034050217463274
swap_small-lhs_ZDT1,ZDT1,2,21,1,Kriging,200,0,37,40000.0,40000.0,"[40000, 17292]",0.114606806879202,0.2844345460284962
swap_small-lhs_ZDT1,ZDT1,2,22,1,Kriging,200,0,41,40000.0,40000.0,"[40000, 17688]",0.11469774705651771,0.2875924977903883
swap_small-lhs_ZDT1,ZDT1,2,23,1,Kriging,200,0,41,40000.0,40000.0,"[40000, 17368]",0.11477389404104606,0.29170879931877214
swap_small-lhs_ZDT1,ZDT1,2,24,1,Kriging,200,0,49,40000.0,40000.0,"[40000, 15614]",0.11477973267034516,0.2945430460908192
swap_small-lhs_ZDT1,ZDT1,2,25,1,Kriging,200,0,38,40000.0,40000.0,"[40000, 15546]",0.11480983102925983,0.29791379541539825
swap_small-lhs_ZDT1,ZDT1,2,26,1,Kriging,200,0,43,40000.0,40000.0,"[40000, 15612]",0.11485015507745455,0.30150538930875925
swap_small-lhs_ZDT1,ZDT1,2,27,1,Kriging,200,0,50,40000.0,40000.0,"[40000, 15856]",0.11499605662976495,0.3053351661279915
swap_small-lhs_ZDT1,ZDT1,2,28,1,Kriging,200,0,55,40000.0,40000.0,"[40000, 14050]",0.11499605662976495,0.3097727624693078
swap_small-lhs_ZDT1,ZDT1,2,29,1,Kriging,200,0,46,40000.0,40000.0,"[40000, 15884]",0.11499605662976495,0.31247523280184153
swap_small-lhs_ZDT1,ZDT1,2,30,1,Kriging,200,0,54,40000.0,40000.0,"[40000, 16782]",0.11501597644785838,0.3147401353912119
swap_small-lhs_ZDT1,ZDT1,2,31,1,Kriging,200,0,57,40000.0,40000.0,"[40000, 16356]",0.11509998576002055,0.31732633144526484
swap_small-lhs_ZDT1,ZDT1,2,32,1,Kriging,200,0,54,40000.0,40000.0,"[40000, 15756]",0.11509998576002055,0.319875566728521
swap_small-lhs_ZDT1,ZDT1,2,33,1,Kriging,200,0,58,40000.0,40000.0,"[40000, 16234]",0.11510881140055822,0.32188526451061505
swap_small-lhs_ZDT1,ZDT1,2,34,1,Kriging,200,0,55,40000.0,40000.0,"[40000, 15236]",0.11512094750177441,0.32387631855448573
swap_small-lhs_ZDT1,ZDT1,2,35,1,Kriging,200,0,57,40000.0,40000.0,"[40000, 14696]",0.11515041357835215,0.32511139791003785
swap_small-lhs_ZDT1,ZDT1,2,36,1,Kriging,200,0,57,40000.0,40000.0,"[40000, 16174]",0.11517809762385368,0.32815252032586506
swap_small-lhs_ZDT1,ZDT1,2,37,1,Kriging,200,0,53,40000.0,40000.0,"[40000, 16652]",0.11519969161956006,0.3321904432652456
swap_small-lhs_ZDT1,ZDT1,2,38,1,Kriging,200,0,61,40000.0,40000.0,"[40000, 14072]",0.11520555603166208,0.33468676543298315
swap_small-lhs_ZDT1,ZDT1,2,39,1,Kriging,200,0,57,40000.0,40000.0,"[40000, 14976]",0.1152507594568872,0.33600775572918345
swap_small-lhs_ZDT1,ZDT1,2,40,1,Kriging,200,0,55,40000.0,40000.0,"[40000, 17054]",0.11526920789676987,0.33734536063158743
swap_small-lhs_ZDT1,ZDT1,2,41,1,Kriging,200,0,72,40000.0,40000.0,"[40000, 17078]",0.11532218982218059,0.3390964597361342
swap_small-lhs_ZDT1,ZDT1,2,42,1,Kriging,200,0,77,40000.0,40000.0,"[40000, 16326]",0.1153435276266456,0.3409098375769554
swap_small-lhs_ZDT1,ZDT1,2,43,1,Kriging,200,0,76,40000.0,40000.0,"[40000, 14764]",0.1153435276266456,0.34314472740862245
swap_small-lhs_ZDT1,ZDT1,2,44,1,Kriging,200,0,69,40000.0,40000.0,"[40000, 16502]",0.11538887401530551,0.34556074419818006
swap_small-lhs_ZDT1,ZDT1,2,45,1,Kriging,200,0,66,40000.0,40000.0,"[40000, 14942]",0.11538887401530551,0.3477663250944327
swap_small-lhs_ZDT1,ZDT1,2,46,1,Kriging,200,0,77,40000.0,40000.0,"[40000, 14736]",0.11538887401530551,0.3503599590955232
swap_small-lhs_ZDT1,ZDT1,2,47,1,Kriging,200,0,75,40000.0,40000.0,"[40000, 16468]",0.1154483822510849,0.35165361086222857
swap_small-lhs_ZDT1,ZDT1,2,48,1,Kriging,200,0,68,40000.0,40000.0,"[40000, 16728]",0.1154483822510849,0.35395378369615516
swap_small-lhs_ZDT1,ZDT1,2,49,1,Kriging,200,0,69,40000.0,40000.0,"[40000, 15834]",0.11546130162817213,0.35610195742678497
swap_small-lhs_ZDT1,ZDT1,2,50,1,Kriging,200,0,70,40000.0,40000.0,"[40000, 16970]",0.1154994380772128,0.3585742224158483
swap_small-lhs_ZDT1,ZDT1,2,51,1,Kriging,200,0,68,40000.0,40000.0,"[40000, 17004]",0.11551429631181784,0.3615555285894773
swap_small-lhs_ZDT1,ZDT1,2,52,1,Kriging,200,0,67,40000.0,40000.0,"[40000, 15804]",0.11551429631181784,0.36321942395752665
swap_small-lhs_ZDT1,ZDT1,2,53,1,Kriging,200,0,65,40000.0,40000.0,"[40000, 14968]",0.11551429631181784,0.36503277894400005
swap_small-lhs_ZDT1,ZDT1,2,54,1,Kriging,200,0,69,40000.0,40000.0,"[40000, 16454]",0.115564454577037,0.3670643161683506
swap_small-lhs_ZDT1,ZDT1,2,55,1,Kriging,200,0,62,40000.0,40000.0,"[40000, 15838]",0.115564454577037,0.3686943573137195
swap_small-lhs_ZDT1,ZDT1,2,56,1,Kriging,200,0,68,40000.0,40000.0,"[40000, 16324]",0.11557412687877157,0.3706440517756369
swap_small-lhs_ZDT1,ZDT1,2,57,1,Kriging,200,0,66,40000.0,40000.0,"[40000, 14686]",0.11557864999852553,0.3717971010469167
swap_small-lhs_ZDT1,ZDT1,2,58,1,Kriging,200,0,68,40000.0,40000.0,"[40000, 15854]",0.11557864999852553,0.37288092876934165
swap_small-lhs_ZDT1,ZDT1,2,59,1,Kriging,200,0,78,40000.0,40000.0,"[40000, 16886]",0.1156020886141367,0.37357208294757027
swap_small-lhs_ZDT1,ZDT1,2,60,1,Kriging,200,0,73,40000.0,40000.0,"[40000, 16084]",0.1156160333723063,0.37489286818068185
swap_small-lhs_ZDT1,ZDT1,2,61,1,Kriging,200,0,81,40000.0,40000.0,"[40000, 16050]",0.11561945677073049,0.37564521366421827
swap_small-lhs_ZDT1,ZDT1,2,62,1,Kriging,200,0,81,40000.0,40000.0,"[40000, 16612]",0.11564516206819604,0.376268526687239
swap_small-lhs_ZDT1,ZDT1,2,63,1,Kriging,200,0,75,40000.0,40000.0,"[40000, 16596]",0.11564818391244727,0.37717658405506127
swap_small-lhs_ZDT1,ZDT1,2,64,1,Kriging,200,0,79,40000.0,40000.0,"[40000, 16402]",0.11564818391244727,0.3775466596726231
swap_small-lhs_ZDT1,ZDT1,2,65,1,Kriging,200,0,77,40000.0,40000.0,"[40000, 14912]",0.11564818391244727,0.3778605349835475
swap_small-lhs_ZDT1,ZDT1,2,66,1,Kriging,200,0,79,40000.0,40000.0,"[40000, 16858]",0.11566387056628855,0.37869433736412594
swap_small-lhs_ZDT1,ZDT1,2,67,1,Kriging,200,0,74,40000.0,40000.0,"[40000, 16582]",0.11566825714768474,0.379481925255935
swap_small-lhs_ZDT1,ZDT1,2,68,1,Kriging,200,0,82,40000.0,40000.0,"[40000, 16432]",0.11566979549117523,0.38011187232988375
swap_small-lhs_ZDT1,ZDT1,2,69,1,Kriging,200,0,91,40000.0,40000.0,"[40000, 14756]",0.11566979549117523,0.38016182163673146
swap_small-lhs_ZDT1,ZDT1,2,70,1,Kriging,200,0,92,40000.0,40000.0,"[40000, 16668]",0.11567117651867088,0.3808887422776215
swap_small-lhs_ZDT1,ZDT1,2,71,1,Kriging,200,0,85,40000.0,40000.0,"[40000, 16390]",0.11567117651867088,0.38086366977231245
swap_small-lhs_ZDT1,ZDT1,2,72,1,Kriging,200,0,82,40000.0,40000.0,"[40000, 16766]",0.11567860463197221,0.38116559656646615
swap_small-lhs_ZDT1,ZDT1,2,73,1,Kriging,200,0,81,40000.0,40000.0,"[40000, 15990]",0.11567860463197221,0.3813669399648749
swap_small-lhs_ZDT1,ZDT1,2,74,1,Kriging,200,0,83,40000.0,40000.0,"[40000, 15318]",0.1156824397611661,0.38137520495811406
swap_small-lhs_ZDT1,ZDT1,2,75,1,Kriging,200,0,85,40000.0,40000.0,"[40000, 16488]",0.1156824397611661,0.3815783151757073
swap_small-lhs_ZDT1,ZDT1,2,76,1,Kriging,200,0,88,40000.0,40000.0,"[40000, 17530]",0.11569292357723547,0.381789089841041
swap_small-lhs_ZDT1,ZDT1,2,77,1,Kriging,200,0,88,40000.0,40000.0,"[40000, 16554]",0.11569292357723547,0.381832760861745
swap_small-lhs_ZDT1,ZDT1,2,78,1,Kriging,200,0,88,40000.0,40000.0,"[40000, 17302]",0.11569292357723547,0.38222940652848125
swap_small-lhs_ZDT1,ZDT1,2,79,1,Kriging,200,0,87,40000.0,40000.0,"[40000, 16694]",0.11569485875841155,0.3823127007610793
swap_small-lhs_ZDT1,ZDT1,2,80,1,Kriging,200,0,88,40000.0,40000.0,"[40000, 16982]",0.11569485875841155,0.38238411580414466
swap_small-lhs_ZDT1,ZDT1,2,81,1,Kriging,200,0,90,40000.0,40000.0,"[40000, 17012]",0.11569485875841155,0.3826055576344311
swap_small-lhs_ZDT1,ZDT1,2,82,1,Kriging,200,0,88,40000.0,40000.0,"[40000, 16372]",0.11569504783783013,0.3827017251058333
swap_small-lhs_ZDT1,ZDT1,2,83,1,Kriging,200,0,84,40000.0,40000.0,"[40000, 16508]",0.11569504783783013,0.3826801707352589
swap_small-lhs_ZDT1,ZDT1,2,84,1,Kriging,200,0,87,40000.0,40000.0,"[40000, 16052]",0.11569993339446706,0.3829058649222977
swap_small-lhs_ZDT1,ZDT1,2,85,1,Kriging,200,0,88,40000.0,40000.0,"[40000, 16264]",0.11570221487562608,0.38333326154308395
swap_small-lhs_ZDT1,ZDT1,2,86,1,Kriging,200,0,87,40000.0,40000.0,"[40000, 15578]",0.11570221487562608,0.3832368655318669
swap_small-lhs_ZDT1,ZDT1,2,87,1,Kriging,200,0,89,40000.0,40000.0,"[40000, 16406]",0.11570221487562608,0.383076481434086
swap_small-lhs_ZDT1,ZDT1,2,88,1,Kriging,200,0,92,40000.0,40000.0,"[40000, 16122]",0.11570310888034015,0.3833410976263271
swap_small-lhs_ZDT1,ZDT1,2,89,1,Kriging,200,0,95,40000.0,40000.0,"[40000, 17018]",0.11570310888034015,0.38361445036336683
swap_small-lhs_ZDT1,ZDT1,2,90,1,Kriging,200,0,94,40000.0,40000.0,"[40000, 16468]",0.11570318173367519,0.3835086171084331
swap_small-lhs_ZDT1,ZDT1,2,91,1,Kriging,200,0,95,40000.0,40000.0,"[40000, 17374]",0.11570545400199127,0.3836181714741111
swap_small-lhs_ZDT1,ZDT1,2,92,1,Kriging,200,0,93,40000.0,40000.0,"[40000, 16592]",0.11570545400199127,0.3838823682909357
swap_small-lhs_ZDT1,ZDT1,2,93,1,Kriging,200,0,94,40000.0,40000.0,"[40000, 15666]",0.11570545400199127,0.3836829908752427
swap_small-lhs_ZDT1,ZDT1,2,94,1,Kriging,200,0,90,40000.0,40000.0,"[40000, 16840]",0.11570545400199127,0.3839976631729155
swap_small-lhs_ZDT1,ZDT1,2,95,1,Kriging,200,0,91,40000.0,40000.0,"[40000, 15380]",0.11570545400199127,0.38410454920996956
swap_small-lhs_ZDT1,ZDT1,2,96,1,Kriging,200,0,93,40000.0,40000.0,"[40000, 17310]",0.11570674397849742,0.3839786510349914
swap_small-lhs_ZDT1,ZDT1,2,97,1,Kriging,200,0,94,40000.0,40000.0,"[40000, 16506]",0.11570674397849742,0.3840228071006132
swap_small-lhs_ZDT1,ZDT1,2,98,1,Kriging,200,0,95,40000.0,40000.0,"[40000, 17092]",0.11570674397849742,0.38402406472030587
swap_small-lhs_ZDT1,ZDT1,2,99,1,Kriging,200,0,95,40000.0,40000.0,"[40000, 17520]",0.11570827876733912,0.3840161878566576
swap_small-lhs_ZDT4,ZDT4,2,1,1,Kriging,409,76,10,167281.0,167281.0,"[167281, 98775]",29.610172365876217,8.628477614890937
swap_small-lhs_ZDT4,ZDT4,2,2,1,Kriging,200,49,10,40000.0,40000.0,"[40000, 6670]",29.64365430164786,8.9937850367607
swap_small-lhs_ZDT4,ZDT4,2,3,1,Kriging,200,34,11,40000.0,40000.0,"[40000, 3803]",29.64365430164786,9.43643244128224
swap_small-lhs_ZDT4,ZDT4,2,4,1,Kriging,200,26,12,40000.0,40000.0,"[40000, 2838]",29.708464422900317,9.26813965060603
swap_small-lhs_ZDT4,ZDT4,2,5,1,Kriging,200,19,13,40000.0,40000.0,"[40000, 1662]",29.738569108585434,8.612285845258064
swap_small-lhs_ZDT4,ZDT4,2,6,1,Kriging,200,17,14,40000.0,40000.0,"[40000, 1103]",29.738569108585434,8.651780646729547
swap_small-lhs_ZDT4,ZDT4,2,7,1,Kriging,200,17,14,40000.0,40000.0,"[40000, 1045]",29.74610236015297,9.489293237523151
swap_small-lhs_ZDT4,ZDT4,2,8,1,Kriging,200,13,16,40000.0,40000.0,"[40000, 1531]",29.74610236015297,9.055868173221214
swap_small-lhs_ZDT4,ZDT4,2,9,1,Kriging,200,13,18,40000.0,40000.0,"[40000, 1553]",29.738569108585434,9.306693166144818
swap_small-lhs_ZDT4,ZDT4,2,10,1,Kriging,200,15,18,40000.0,40000.0,"[40000, 1945]",29.724342425764373,9.349424913056255
swap_small-lhs_ZDT4,ZDT4,2,11,1,Kriging,200,15,23,40000.0,40000.0,"[40000, 2305]",29.629855339298423,9.472642726614383
swap_small-lhs_ZDT4,ZDT4,2,12,1,Kriging,200,14,22,40000.0,40000.0,"[40000, 2903]",29.44122879714376,9.90551915252928
swap_small-lhs_ZDT4,ZDT4,2,13,1,Kriging,200,14,21,40000.0,40000.0,"[40000, 3288]",29.490759253869555,10.082544846974095
swap_small-lhs_ZDT4,ZDT4,2,14,1,Kriging,200,14,23,40000.0,40000.0,"[40000, 3686]",29.581979520923515,9.85351337117307
swap_small-lhs_ZDT4,ZDT4,2,15,1,Kriging,200,13,23,40000.0,40000.0,"[40000, 4290]",29.3973239474247,10.225651700282414
swap_small-lhs_ZDT4,ZDT4,2,16,1,Kriging,200,13,25,40000.0,40000.0,"[40000, 4819]",29.42726798557815,10.89235168449617
swap_small-lhs_ZDT4,ZDT4,2,17,1,Kriging,200,13,25,40000.0,40000.0,"[40000, 4230]",29.494194375081605,10.808401198834245
swap_small-lhs_ZDT4,ZDT4,2,18,1,Kriging,200,10,26,40000.0,40000.0,"[40000, 4724]",29.46612926536848,11.646917481645565
swap_small-lhs_ZDT4,ZDT4,2,19,1,Kriging,200,10,28,40000.0,40000.0,"[40000, 4715]",29.444043498480955,12.364337248059428
swap_small-lhs_ZDT4,ZDT4,2,20,1,Kriging,200,8,29,40000.0,40000.0,"[40000, 4833]",29.458848434919165,13.121685736467487
swap_small-lhs_ZDT4,ZDT4,2,21,1,Kriging,200,8,30,40000.0,40000.0,"[40000, 4555]",29.44097873842994,13.760988114894724
swap_small-lhs_ZDT4,ZDT4,2,22,1,Kriging,200,8,33,40000.0,40000.0,"[40000, 4533]",29.413699018570455,14.167706588255447
swap_small-lhs_ZDT4,ZDT4,2,23,1,Kriging,200,8,38,40000.0,40000.0,"[40000, 4993]",29.470077447403696,15.470384435927832
swap_small-lhs_ZDT4,ZDT4,2,24,1,Kriging,200,8,39,40000.0,40000.0,"[40000, 5203]",29.43798278343477,15.91024331853853
swap_small-lhs_ZDT4,ZDT4,2,25,1,Kriging,200,8,36,40000.0,40000.0,"[40000, 4565]",29.390858632198306,16.029797044061464
swap_small-lhs_ZDT4,ZDT4,2,26,1,Kriging,200,8,36,40000.0,40000.0,"[40000, 5529]",29.417416957839258,16.023134115639383
swap_small-lhs_ZDT4,ZDT4,2,27,1,Kriging,200,8,36,40000.0,40000.0,"[40000, 4599]",29.404696963295976,15.834397031461753
swap_small-lhs_ZDT4,ZDT4,2,28,1,Kriging,200,8,35,40000.0,40000.0,"[40000, 4997]",29.363917947042022,15.784518405122675
swap_small-lhs_ZDT4,ZDT4,2,29,1,Kriging,200,7,38,40000.0,40000.0,"[40000, 5619]",29.428123421519448,16.06765407832942
swap_small-lhs_ZDT4,ZDT4,2,30,1,Kriging,200,6,34,40000.0,40000.0,"[40000, 4459]",29.397197029725547,16.39033075920323
swap_small-lhs_ZDT4,ZDT4,2,31,1,Kriging,200,6,36,40000.0,40000.0,"[40000, 4844]",29.423941429305152,16.384683421106246
swap_small-lhs_ZDT4,ZDT4,2,32,1,Kriging,200,6,36,40000.0,40000.0,"[40000, 4166]",29.451233014203392,16.47173331292406
swap_small-lhs_ZDT4,ZDT4,2,33,1,Kriging,200,5,37,40000.0,40000.0,"[40000, 4430]",29.502814041979306,16.70583814433093
swap_small-lhs_ZDT4,ZDT4,2,34,1,Kriging,200,3,37,40000.0,40000.0,"[40000, 3303]",29.39344048237669,17.373129458976972
swap_small-lhs_ZDT4,ZDT4,2,35,1,Kriging,200,2,39,40000.0,40000.0,"[40000, 3111]",29.41949224450372,17.513780589143828
swap_small-lhs_ZDT4,ZDT4,2,36,1,Kriging,200,2,41,40000.0,40000.0,"[40000, 2772]",29.38928198281607,17.936481357493353
swap_small-lhs_ZDT4,ZDT4,2,37,1,Kriging,200,2,41,40000.0,40000.0,"[40000, 2562]",29.417108004415862,18.099371424816457
swap_small-lhs_ZDT4,ZDT4,2,38,1,Kriging,200,2,41,40000.0,40000.0,"[40000, 2994]",29.4583006302039,18.05764907687576
swap_small-lhs_ZDT4,ZDT4,2,39,1,Kriging,200,2,41,40000.0,40000.0,"[40000, 2954]",29.48042365654333,18.237723281769835
swap_small-lhs_ZDT4,ZDT4,2,40,1,Kriging,200,2,44,40000.0,40000.0,"[40000, 2526]",29.50123865999738,18.335327953573064
swap_small-lhs_ZDT4,ZDT4,2,41,1,Kriging,200,1,42,40000.0,40000.0,"[40000, 2542]",29.416393246599053,18.62424378064225
swap_small-lhs_ZDT4,ZDT4,2,42,1,Kriging,200,0,44,40000.0,40000.0,"[40000, 3049]",29.430530416349637,18.549483073841465
swap_small-lhs_ZDT4,ZDT4,2,43,1,Kriging,200,0,42,40000.0,40000.0,"[40000, 2544]",29.352030959798558,18.77606733491072
swap_small-lhs_ZDT4,ZDT4,2,44,1,Kriging,200,0,43,40000.0,40000.0,"[40000, 2444]",29.420249656400703,18.672459927185315
swap_small-lhs_ZDT4,ZDT4,2,45,1,Kriging,200,0,46,40000.0,40000.0,"[40000, 2672]",29.42724617552281,18.95357748667755
swap_small-lhs_ZDT4,ZDT4,2,46,1,Kriging,200,0,46,40000.0,40000.0,"[40000, 2658]",29.39896263077217,18.83089907979214
swap_small-lhs_ZDT4,ZDT4,2,47,1,Kriging,200,0,46,40000.0,40000.0,"[40000, 2418]",29.47991104769202,18.950845251025786
swap_small-lhs_ZDT4,ZDT4,2,48,1,Kriging,200,0,52,40000.0,40000.0,"[40000, 1934]",29.40128305442908,18.938145037536255
swap_small-lhs_ZDT4,ZDT4,2,49,1,Kriging,200,0,53,40000.0,40000.0,"[40000, 2586]",29.415966968756987,18.963514536946185
swap_small-lhs_ZDT4,ZDT4,2,50,1,Kriging,200,0,55,40000.0,40000.0,"[40000, 2284]",29.383598298013002,18.859307717067928
swap_small-lhs_ZDT4,ZDT4,2,51,1,Kriging,200,0,57,40000.0,40000.0,"[40000, 2260]",29.484528116577536,18.74474921427503
swap_small-lhs_ZDT4,ZDT4,2,52,1,Kriging,200,0,59,40000.0,40000.0,"[40000, 1968]",29.371507897974233,18.769998417299757
swap_small-lhs_ZDT4,ZDT4,2,53,1,Kriging,200,0,57,40000.0,40000.0,"[40000, 2038]",29.41048335702211,18.858140395071516
swap_small-lhs_ZDT4,ZDT4,2,54,1,Kriging,200,0,58,40000.0,40000.0,"[40000, 1654]",29.417851931432523,18.879412237931977
swap_small-lhs_ZDT4,ZDT4,2,55,1,Kriging,200,0,59,40000.0,40000.0,"[40000, 1788]",29.37584986717397,18.86749357002477
swap_small-lhs_ZDT4,ZDT4,2,56,1,Kriging,200,0,59,40000.0,40000.0,"[40000, 2142]",29.492588879665586,18.81130702041177
swap_small-lhs_ZDT4,ZDT4,2,57,1,Kriging,200,0,60,40000.0,40000.0,"[40000, 2258]",29.408928836661637,18.897521439037078
swap_small-lhs_ZDT4,ZDT4,2,58,1,Kriging,200,0,59,40000.0,40000.0,"[40000, 2452]",29.46559890895666,19.042124512767632
swap_small-lhs_ZDT4,ZDT4,2,59,1,Kriging,200,0,62,40000.0,40000.0,"[40000, 2264]",29.380488779614748,18.941685875098408
swap_small-lhs_ZDT4,ZDT4,2,60,1,Kriging,200,0,61,40000.0,40000.0,"[40000, 1904]",29.389391693955396,18.884095099014647
swap_small-lhs_ZDT4,ZDT4,2,61,1,Kriging,200,0,60,40000.0,40000.0,"[40000, 2018]",29.43172956117232,19.016559189119754
swap_small-lhs_ZDT4,ZDT4,2,62,1,Kriging,200,0,62,40000.0,40000.0,"[40000, 2042]",29.341003564344923,18.995196872283692
swap_small-lhs_ZDT4,ZDT4,2,63,1,Kriging,200,0,59,40000.0,40000.0,"[40000, 2188]",29.336877399634997,18.997528178150127
swap_small-lhs_ZDT4,ZDT4,2,64,1,Kriging,200,0,58,40000.0,40000.0,"[40000, 1826]",29.398449661662323,18.95952135249066
swap_small-lhs_ZDT4,ZDT4,2,65,1,Kriging,200,0,57,40000.0,40000.0,"[40000, 2158]",29.38433096503875,19.02593483873484
swap_small-lhs_ZDT4,ZDT4,2,66,1,Kriging,200,0,58,40000.0,40000.0,"[40000, 1752]",29.371652641156185,19.07029992261515
swap_small-lhs_ZDT4,ZDT4,2,67,1,Kriging,200,0,61,40000.0,40000.0,"[40000, 2066]",29.42286023216283,19.0585627916728
swap_small-lhs_ZDT4,ZDT4,2,68,1,Kriging,200,0,60,40000.0,40000.0,"[40000, 2002]",29.373521486692237,19.08640886520074
swap_small-lhs_ZDT4,ZDT4,2,69,1,Kriging,200,0,63,40000.0,40000.0,"[40000, 1702]",29.386570205956914,19.14596277102911
swap_small-lhs_ZDT4,ZDT4,2,70,1,Kriging,200,0,63,40000.0,40000.0,"[40000, 1594]",29.41901124193153,19.145989357414486
swap_small-lhs_ZDT4,ZDT4,2,71,1,Kriging,200,0,64,40000.0,40000.0,"[40000, 1820]",29.356228820513202,18.8353340721763
swap_small-lhs_ZDT4,ZDT4,2,72,1,Kriging,200,0,66,40000.0,40000.0,"[40000, 1932]",29.280089726073424,19.193199863248875
swap_small-lhs_ZDT4,ZDT4,2,73,1,Kriging,200,0,66,40000.0,40000.0,"[40000, 1864]",29.42978548389773,18.89655673567473
swap_small-lhs_ZDT4,ZDT4,2,74,1,Kriging,200,0,67,40000.0,40000.0,"[40000, 2188]",29.42841300671315,19.156807626781045
swap_small-lhs_ZDT4,ZDT4,2,75,1,Kriging,200,0,66,40000.0,40000.0,"[40000, 1812]",29.441306498713242,18.94099527735524
swap_small-lhs_ZDT4,ZDT4,2,76,1,Kriging,200,0,64,40000.0,40000.0,"[40000, 1884]",29.360923857714617,19.031564325986512
swap_small-lhs_ZDT4,ZDT4,2,77,1,Kriging,200,0,65,40000.0,40000.0,"[40000, 1740]",29.402170464829823,19.022449598158165
swap_small-lhs_ZDT4,ZDT4,2,78,1,Kriging,200,0,66,40000.0,40000.0,"[40000, 1982]",29.3644864929207,18.948712793130962
swap_small-lhs_ZDT4,ZDT4,2,79,1,Kriging,200,0,63,40000.0,40000.0,"[40000, 1620]",29.38545120002521,18.987862797587027
swap_small-lhs_ZDT4,ZDT4,2,80,1,Kriging,200,0,64,40000.0,40000.0,"[40000, 2022]",29.39397835550539,19.12876815318987
swap_small-lhs_ZDT4,ZDT4,2,81,1,Kriging,200,0,64,40000.0,40000.0,"[40000, 1900]",29.490785663166914,19.141843351974856
swap_small-lhs_ZDT4,ZDT4,2,82,1,Kriging,200,0,64,40000.0,40000.0,"[40000, 1524]",29.39027575348115,18.89958700542532
swap_small-lhs_ZDT4,ZDT4,2,83,1,Kriging,200,0,66,40000.0,40000.0,"[40000, 1668]",29.473926356781185,19.17031890381842
swap_small-lhs_ZDT4,ZDT4,2,84,1,Kriging,200,0,65,40000.0,40000.0,"[40000, 1584]",29.39456844439977,18.939035451423337
swap_small-lhs_ZDT4,ZDT4,2,85,1,Kriging,200,0,69,40000.0,40000.0,"[40000, 1716]",29.373579162578423,19.061816263332176
swap_small-lhs_ZDT4,ZDT4,2,86,1,Kriging,200,0,70,40000.0,40000.0,"[40000, 1644]",29.39699352499718,19.06206450299662
swap_small-lhs_ZDT4,ZDT4,2,87,1,Kriging,200,0,69,40000.0,40000.0,"[40000, 1796]",29.453805593528855,18.979486642643195
swap_small-lhs_ZDT4,ZDT4,2,88,1,Kriging,200,0,67,40000.0,40000.0,"[40000, 1788]",29.431934378589066,19.135354359202527
swap_small-lhs_ZDT4,ZDT4,2,89,1,Kriging,200,0,69,40000.0,40000.0,"[40000, 1578]",29.427280683921254,18.942927279610334
swap_small-lhs_ZDT4,ZDT4,2,90,1,Kriging,200,0,72,40000.0,40000.0,"[40000, 1916]",29.33482434462888,19.059582526924142
swap_small-lhs_ZDT4,ZDT4,2,91,1,Kriging,200,0,71,40000.0,40000.0,"[40000, 1930]",29.408056231998252,19.08737486002034
swap_small-lhs_ZDT4,ZDT4,2,92,1,Kriging,200,0,70,40000.0,40000.0,"[40000, 1698]",29.346800572984225,19.19420305539409
swap_small-lhs_ZDT4,ZDT4,2,93,1,Kriging,200,0,66,40000.0,40000.0,"[40000, 1532]",29.39210551708663,19.09408479927334
swap_small-lhs_ZDT4,ZDT4,2,94,1,Kriging,200,0,65,40000.0,40000.0,"[40000, 2046]",29.42782144600664,19.050228689864838
swap_small-lhs_ZDT4,ZDT4,2,95,1,Kriging,200,0,66,40000.0,40000.0,"[40000, 1704]",29.377660185327954,19.216822503105977
swap_small-lhs_ZDT4,ZDT4,2,96,1,Kriging,200,0,63,40000.0,40000.0,"[40000, 1578]",29.463624755511216,19.086039034276904
swap_small-lhs_ZDT4,ZDT4,2,97,1,Kriging,200,0,65,40000.0,40000.0,"[40000, 1612]",29.370891977515722,19.165811649991657
swap_small-lhs_ZDT4,ZDT4,2,98,1,Kriging,200,0,64,40000.0,40000.0,"[40000, 1686]",29.37895348675907,19.06253577863018
swap_small-lhs_ZDT4,ZDT4,2,99,1,Kriging,200,0,64,40000.0,40000.0,"[40000, 1638]",29.372139241143124,19.08367706894567
swap_small-mvns_DTLZ2,DTLZ2,3,1,0,RBFN,471,78,45,184523.0,221841.0,"[173805, 185797, 184123]",0.2615173462929984,0.18584329249377146
swap_small-mvns_DTLZ2,DTLZ2,3,2,0,RBFN,200,53,63,21090.0,40000.0,"[16926, 22134, 22320]",0.2624140068606374,0.17123243205984623
swap_small-mvns_DTLZ2,DTLZ2,3,3,0,RBFN,200,43,64,17216.0,40000.0,"[12855, 18975, 19171]",0.2624140068606374,0.16723863245014955
swap_small-mvns_DTLZ2,DTLZ2,3,4,0,RBFN,200,34,73,14970.0,40000.0,"[11284, 15382, 18994]",0.2624140068606374,0.1534286878259283
swap_small-mvns_DTLZ2,DTLZ2,3,5,0,RBFN,200,34,76,14500.0,40000.0,"[10723, 15611, 18057]",0.26226640302102106,0.16115232192920587
swap_small-mvns_DTLZ2,DTLZ2,3,6,0,RBFN,200,27,75,12650.0,40000.0,"[9666, 12964, 17570]",0.26226640302102106,0.14621595482166885
swap_small-mvns_DTLZ2,DTLZ2,3,7,0,RBFN,200,24,83,12534.0,40000.0,"[8571, 12277, 17591]",0.2623515311530394,0.1343852440480234
swap_small-mvns_DTLZ2,DTLZ2,3,8,0,RBFN,200,20,84,10788.0,40000.0,"[6910, 11250, 16514]",0.2638124635491127,0.12261126750982636
swap_small-mvns_DTLZ2,DTLZ2,3,9,0,RBFN,200,15,91,9280.0,40000.0,"[5522, 9946, 15198]",0.2642390538801958,0.11484278478193434
swap_small-mvns_DTLZ2,DTLZ2,3,10,0,RBFN,200,15,92,8042.0,40000.0,"[5135, 9117, 13195]",0.2642390538801958,0.11121216220061877
swap_small-mvns_DTLZ2,DTLZ2,3,11,0,RBFN,200,14,96,8390.0,40000.0,"[5441, 8253, 14453]",0.26489607104907,0.10846423500895509
swap_small-mvns_DTLZ2,DTLZ2,3,12,0,RBFN,200,12,96,8860.0,40000.0,"[5160, 10490, 14740]",0.26489607104907,0.10133569857384359
swap_small-mvns_DTLZ2,DTLZ2,3,13,0,RBFN,200,12,96,8480.0,40000.0,"[5294, 8974, 14598]",0.26489607104907,0.10108421829387758
swap_small-mvns_DTLZ2,DTLZ2,3,14,0,RBFN,200,12,96,8764.0,40000.0,"[5682, 9596, 14372]",0.26339128931531475,0.10074868256081287
swap_small-mvns_DTLZ2,DTLZ2,3,15,0,RBFN,200,12,96,7692.0,40000.0,"[4748, 8756, 13452]",0.26339128931531475,0.09952868315029384
swap_small-mvns_DTLZ2,DTLZ2,3,16,0,RBFN,200,10,97,8358.0,40000.0,"[5080, 8810, 14616]",0.26519963365432736,0.09511679565537384
swap_small-mvns_DTLZ2,DTLZ2,3,17,0,RBFN,200,10,98,8914.0,40000.0,"[4968, 9790, 15312]",0.2635828897372746,0.09348882625495408
swap_small-mvns_DTLZ2,DTLZ2,3,18,0,RBFN,200,9,98,6988.0,40000.0,"[3966, 7444, 14326]",0.2636868949827511,0.09106208294840687
swap_small-mvns_DTLZ2,DTLZ2,3,19,0,RBFN,200,9,99,6692.0,40000.0,"[3855, 7525, 13669]",0.2634232123862533,0.09073847540748765
swap_small-mvns_DTLZ2,DTLZ2,3,20,0,RBFN,200,9,99,6704.0,40000.0,"[4451, 5963, 14491]",0.2636278625498434,0.0901561321795071
swap_small-mvns_DTLZ2,DTLZ2,3,21,0,RBFN,200,8,99,7152.0,40000.0,"[4261, 7869, 13267]",0.2634232123862533,0.08668344860786407
swap_small-mvns_DTLZ2,DTLZ2,3,22,0,RBFN,200,8,99,7360.0,40000.0,"[3700, 8510, 13480]",0.2635291486003581,0.08473820673324413
swap_small-mvns_DTLZ2,DTLZ2,3,23,0,RBFN,200,8,99,7264.0,40000.0,"[4606, 7318, 13628]",0.26348508108364593,0.08492752570434539
swap_small-mvns_DTLZ2,DTLZ2,3,24,0,RBFN,200,7,99,7834.0,40000.0,"[4530, 8388, 14526]",0.2634232123862533,0.08423474598482578
swap_small-mvns_DTLZ2,DTLZ2,3,25,0,RBFN,200,7,99,6758.0,40000.0,"[4337, 7195, 13033]",0.2632954094438272,0.08226844029502642
swap_small-mvns_DTLZ2,DTLZ2,3,26,0,RBFN,200,7,99,7086.0,40000.0,"[3637, 8351, 13727]",0.26331740095527145,0.0827810296596348
swap_small-mvns_DTLZ2,DTLZ2,3,27,0,RBFN,200,7,99,7270.0,40000.0,"[3921, 7983, 13789]",0.2637825405592699,0.08345152133594669
swap_small-mvns_DTLZ2,DTLZ2,3,28,0,RBFN,200,7,99,6490.0,40000.0,"[4175, 7261, 12127]",0.2635573758535337,0.08510636552304542
swap_small-mvns_DTLZ2,DTLZ2,3,29,0,RBFN,200,7,99,7392.0,40000.0,"[4171, 7901, 14307]",0.26392166501833514,0.08596205714390016
swap_small-mvns_DTLZ2,DTLZ2,3,30,0,RBFN,200,7,99,6756.0,40000.0,"[3569, 7657, 13207]",0.26390906026714206,0.0855620980819063
swap_small-mvns_DTLZ2,DTLZ2,3,31,0,RBFN,200,7,99,7070.0,40000.0,"[4147, 7381, 13735]",0.2652085799836646,0.086588202710019
swap_small-mvns_DTLZ2,DTLZ2,3,32,0,RBFN,200,7,99,6566.0,40000.0,"[4147, 6737, 12835]",0.2652085799836646,0.08553378220544694
swap_small-mvns_DTLZ2,DTLZ2,3,33,0,RBFN,200,7,99,7328.0,40000.0,"[4331, 7333, 14093]",0.2647260299677545,0.08754654477072785
swap_small-mvns_DTLZ2,DTLZ2,3,34,0,RBFN,200,7,99,7064.0,40000.0,"[4179, 7263, 13745]",0.2647260299677545,0.08666920438616901
swap_small-mvns_DTLZ2,DTLZ2,3,35,0,RBFN,200,7,99,6872.0,40000.0,"[3402, 7546, 13858]",0.2655413503140071,0.08780619674036881
swap_small-mvns_DTLZ2,DTLZ2,3,36,0,RBFN,200,6,99,6202.0,40000.0,"[4379, 5865, 12625]",0.2655413503140071,0.08296127583782748
swap_small-mvns_DTLZ2,DTLZ2,3,37,0,RBFN,200,6,99,5906.0,40000.0,"[3776, 5920, 12610]",0.2655413503140071,0.08331722170921751
swap_small-mvns_DTLZ2,DTLZ2,3,38,0,RBFN,200,6,99,6206.0,40000.0,"[3792, 6700, 12554]",0.2655664656173092,0.08294400563565484
swap_small-mvns_DTLZ2,DTLZ2,3,39,0,RBFN,200,6,99,6180.0,40000.0,"[3988, 6216, 12248]",0.2655413503140071,0.0826208663879974
swap_small-mvns_DTLZ2,DTLZ2,3,40,0,RBFN,200,6,99,6718.0,40000.0,"[3930, 6704, 14024]",0.26523576029340384,0.08297761659544685
swap_small-mvns_DTLZ2,DTLZ2,3,41,0,RBFN,200,6,99,6614.0,40000.0,"[4286, 6896, 13160]",0.26523576029340384,0.08302009238632445
swap_small-mvns_DTLZ2,DTLZ2,3,42,0,RBFN,200,6,99,6348.0,40000.0,"[3994, 6990, 12382]",0.26563724602402566,0.08333015909084174
swap_small-mvns_DTLZ2,DTLZ2,3,43,0,RBFN,200,6,99,6950.0,40000.0,"[4292, 7518, 13310]",0.2659538104881871,0.08322952492055999
swap_small-mvns_DTLZ2,DTLZ2,3,44,0,RBFN,200,6,99,6974.0,40000.0,"[4018, 7378, 13714]",0.26527127823352253,0.08461487956998308
swap_small-mvns_DTLZ2,DTLZ2,3,45,0,RBFN,200,6,99,5300.0,40000.0,"[2674, 6114, 11530]",0.26527127823352253,0.08459325857619959
swap_small-mvns_DTLZ2,DTLZ2,3,46,0,RBFN,200,6,99,6688.0,40000.0,"[3440, 8054, 12644]",0.26527127823352253,0.08412098511456494
swap_small-mvns_DTLZ2,DTLZ2,3,47,0,RBFN,200,6,99,6848.0,40000.0,"[4366, 7016, 12564]",0.2656454046170002,0.08400749530525213
swap_small-mvns_DTLZ2,DTLZ2,3,48,0,RBFN,200,6,99,7184.0,40000.0,"[4234, 7308, 13290]",0.265414669424262,0.083512430854174
swap_small-mvns_DTLZ2,DTLZ2,3,49,0,RBFN,200,6,99,6276.0,40000.0,"[2900, 7888, 12808]",0.2654844816625165,0.08321759597184862
swap_small-mvns_DTLZ2,DTLZ2,3,50,0,RBFN,200,6,99,6350.0,40000.0,"[3744, 6736, 13048]",0.2653071316018449,0.0834406933005585
swap_small-mvns_DTLZ2,DTLZ2,3,51,0,RBFN,200,6,99,6190.0,40000.0,"[3376, 7580, 11942]",0.26527127823352253,0.08194175579547634
swap_small-mvns_DTLZ2,DTLZ2,3,52,0,RBFN,200,6,99,7692.0,40000.0,"[4246, 8146, 14722]",0.265002125474394,0.08290929621386858
swap_small-mvns_DTLZ2,DTLZ2,3,53,0,RBFN,200,6,99,7520.0,40000.0,"[3982, 8396, 13534]",0.264795914507848,0.0828462203098096
swap_small-mvns_DTLZ2,DTLZ2,3,54,0,RBFN,200,6,99,6710.0,40000.0,"[3948, 7306, 13042]",0.26471649054972435,0.0829959782085787
swap_small-mvns_DTLZ2,DTLZ2,3,55,0,RBFN,200,6,99,5784.0,40000.0,"[2942, 7284, 12450]",0.2643908533247878,0.08254860003522185
swap_small-mvns_DTLZ2,DTLZ2,3,56,0,RBFN,200,6,99,6884.0,40000.0,"[3894, 7432, 13036]",0.265936498298013,0.08238114070987158
swap_small-mvns_DTLZ2,DTLZ2,3,57,0,RBFN,200,6,99,6080.0,40000.0,"[3150, 6894, 12664]",0.2651078368108948,0.08238393524186453
swap_small-mvns_DTLZ2,DTLZ2,3,58,0,RBFN,200,6,99,6592.0,40000.0,"[4328, 6544, 13246]",0.2652948294344166,0.08308156359488945
swap_small-mvns_DTLZ2,DTLZ2,3,59,0,RBFN,200,5,99,6824.0,40000.0,"[3844, 6932, 13860]",0.2658088826059737,0.0826051577667491
swap_small-mvns_DTLZ2,DTLZ2,3,60,0,RBFN,200,5,99,6028.0,40000.0,"[3709, 6229, 12665]",0.2658088826059737,0.08278276040746325
swap_small-mvns_DTLZ2,DTLZ2,3,61,0,RBFN,200,5,99,7446.0,40000.0,"[4701, 6903, 14123]",0.26639837776596315,0.08365768381351761
swap_small-mvns_DTLZ2,DTLZ2,3,62,0,RBFN,200,5,99,6656.0,40000.0,"[3651, 6869, 13649]",0.26571555096168725,0.08349578937714859
swap_small-mvns_DTLZ2,DTLZ2,3,63,0,RBFN,200,5,99,6226.0,40000.0,"[3825, 6215, 12753]",0.26576744516033707,0.08324865566721042
swap_small-mvns_DTLZ2,DTLZ2,3,64,0,RBFN,200,5,99,6558.0,40000.0,"[3437, 6965, 13551]",0.26571555096168725,0.0830167858484598
swap_small-mvns_DTLZ2,DTLZ2,3,65,0,RBFN,200,5,99,6202.0,40000.0,"[3337, 6985, 12883]",0.26571555096168725,0.08277054097969229
swap_small-mvns_DTLZ2,DTLZ2,3,66,0,RBFN,200,5,99,7050.0,40000.0,"[4255, 7317, 14073]",0.26571555096168725,0.08334640144399387
swap_small-mvns_DTLZ2,DTLZ2,3,67,0,RBFN,200,5,99,6672.0,40000.0,"[3445, 7597, 13085]",0.26571555096168725,0.08330240554846777
swap_small-mvns_DTLZ2,DTLZ2,3,68,0,RBFN,200,5,99,6580.0,40000.0,"[3643, 6541, 13893]",0.26571555096168725,0.08423098466505363
swap_small-mvns_DTLZ2,DTLZ2,3,69,0,RBFN,200,5,99,6354.0,40000.0,"[3641, 7151, 12493]",0.26571555096168725,0.08480668452347735
swap_small-mvns_DTLZ2,DTLZ2,3,70,0,RBFN,200,5,99,6082.0,40000.0,"[3765, 6711, 12403]",0.26571555096168725,0.08372833830026832
swap_small-mvns_DTLZ2,DTLZ2,3,71,0,RBFN,200,5,99,7416.0,40000.0,"[4379, 7501, 13481]",0.26589201694071035,0.08397397365663148
swap_small-mvns_DTLZ2,DTLZ2,3,72,0,RBFN,200,5,99,6276.0,40000.0,"[3161, 7973, 12221]",0.26571555096168725,0.08465443395185131
swap_small-mvns_DTLZ2,DTLZ2,3,73,0,RBFN,200,5,99,6494.0,40000.0,"[4061, 6129, 12263]",0.2660162904411927,0.08541463920766013
swap_small-mvns_DTLZ2,DTLZ2,3,74,0,RBFN,200,5,99,6050.0,40000.0,"[3499, 6929, 12165]",0.265786773333984,0.08446690920245875
swap_small-mvns_DTLZ2,DTLZ2,3,75,0,RBFN,200,5,99,6576.0,40000.0,"[3835, 7157, 12787]",0.26537063843642006,0.08456177884726623
swap_small-mvns_DTLZ2,DTLZ2,3,76,0,RBFN,200,5,99,6044.0,40000.0,"[3065, 6769, 12923]",0.26533886224380565,0.08481334942374448
swap_small-mvns_DTLZ2,DTLZ2,3,77,0,RBFN,200,5,99,5022.0,40000.0,"[2715, 6013, 11061]",0.26529895290461636,0.08509956834022149
swap_small-mvns_DTLZ2,DTLZ2,3,78,0,RBFN,200,5,99,6588.0,40000.0,"[3973, 7245, 13207]",0.26582284668382256,0.08584496565149134
swap_small-mvns_DTLZ2,DTLZ2,3,79,0,RBFN,200,5,99,6044.0,40000.0,"[3833, 6337, 12869]",0.26593473886262886,0.08540624250973887
swap_small-mvns_DTLZ2,DTLZ2,3,80,0,RBFN,200,5,99,6232.0,40000.0,"[3829, 6973, 12517]",0.2658931593567354,0.08521781875365997
swap_small-mvns_DTLZ2,DTLZ2,3,81,0,RBFN,200,5,99,6158.0,40000.0,"[3181, 7635, 12191]",0.26529895290461636,0.08500736982350453
swap_small-mvns_DTLZ2,DTLZ2,3,82,0,RBFN,200,5,99,6046.0,40000.0,"[3113, 6429, 13551]",0.2657644910542693,0.08487800371432104
swap_small-mvns_DTLZ2,DTLZ2,3,83,0,RBFN,200,5,99,6482.0,40000.0,"[3921, 6899, 13237]",0.2659745461460556,0.08464334463441443
swap_small-mvns_DTLZ2,DTLZ2,3,84,0,RBFN,200,5,99,6698.0,40000.0,"[3899, 7371, 13361]",0.26532815352351546,0.08494596650163867
swap_small-mvns_DTLZ2,DTLZ2,3,85,0,RBFN,200,5,99,6108.0,40000.0,"[3277, 6355, 13673]",0.26569776820266805,0.08515438681237084
swap_small-mvns_DTLZ2,DTLZ2,3,86,0,RBFN,200,5,99,6186.0,40000.0,"[3663, 6687, 11737]",0.26532815352351546,0.0848884249486206
swap_small-mvns_DTLZ2,DTLZ2,3,87,0,RBFN,200,5,99,5896.0,40000.0,"[3363, 6037, 12997]",0.26560590427119707,0.08491527422617456
swap_small-mvns_DTLZ2,DTLZ2,3,88,0,RBFN,200,5,99,6704.0,40000.0,"[3807, 6559, 14007]",0.26609441424496005,0.08439570820955802
swap_small-mvns_DTLZ2,DTLZ2,3,89,0,RBFN,200,5,99,5756.0,40000.0,"[3521, 6625, 11617]",0.26567493374115153,0.08472152858293022
swap_small-mvns_DTLZ2,DTLZ2,3,90,0,RBFN,200,5,99,6780.0,40000.0,"[3301, 8085, 13657]",0.26653311559415743,0.08504238767710892
swap_small-mvns_DTLZ2,DTLZ2,3,91,0,RBFN,200,5,99,6446.0,40000.0,"[3759, 7371, 12721]",0.2662363639667894,0.08503478350918432
swap_small-mvns_DTLZ2,DTLZ2,3,92,0,RBFN,200,5,99,6232.0,40000.0,"[3273, 7047, 12965]",0.26602357311769875,0.08469650382662307
swap_small-mvns_DTLZ2,DTLZ2,3,93,0,RBFN,200,5,99,7252.0,40000.0,"[3655, 8227, 14349]",0.26567493374115153,0.08479192417512577
swap_small-mvns_DTLZ2,DTLZ2,3,94,0,RBFN,200,5,99,5954.0,40000.0,"[3613, 5449, 13393]",0.2667035358229431,0.08396619286811087
swap_small-mvns_DTLZ2,DTLZ2,3,95,0,RBFN,200,5,99,6902.0,40000.0,"[4195, 7137, 14207]",0.26567493374115153,0.08437860126933336
swap_small-mvns_DTLZ2,DTLZ2,3,96,0,RBFN,200,5,99,6298.0,40000.0,"[3287, 7127, 13415]",0.26567493374115153,0.08477763747790201
swap_small-mvns_DTLZ2,DTLZ2,3,97,0,RBFN,200,5,99,6440.0,40000.0,"[3319, 7735, 12995]",0.2657613637083669,0.08411692507572502
swap_small-mvns_DTLZ2,DTLZ2,3,98,0,RBFN,200,5,99,6272.0,40000.0,"[3149, 7817, 12897]",0.2656949199688467,0.08297926871406441
swap_small-mvns_DTLZ2,DTLZ2,3,99,0,RBFN,200,5,99,6170.0,40000.0,"[3329, 7373, 12753]",0.26549345888034315,0.08310322417802132
swap_small-mvns_MMF16_20,MMF16_20,3,1,0,RBFN,719,93,82,442911.0,516961.0,"[424505, 442053, 456135]",0.3666981822496262,0.2844570845407205
swap_small-mvns_MMF16_20,MMF16_20,3,2,0,RBFN,200,84,87,20066.0,40000.0,"[13893, 22847, 24687]",0.36776193273644936,0.2727987322337134
swap_small-mvns_MMF16_20,MMF16_20,3,3,0,RBFN,200,80,84,18960.0,40000.0,"[13565, 21141, 23679]",0.3664437156284116,0.2651710637746708
swap_small-mvns_MMF16_20,MMF16_20,3,4,0,RBFN,200,75,87,18708.0,40000.0,"[13532, 20590, 24022]",0.36939771245456465,0.2539150531569795
swap_small-mvns_MMF16_20,MMF16_20,3,5,0,RBFN,200,74,91,18098.0,40000.0,"[13313, 18655, 23907]",0.36842909447460737,0.2534354952042673
swap_small-mvns_MMF16_20,MMF16_20,3,6,0,RBFN,200,72,91,18574.0,40000.0,"[13279, 19353, 24031]",0.3690636909407096,0.2512529050138023
swap_small-mvns_MMF16_20,MMF16_20,3,7,0,RBFN,200,70,89,18920.0,40000.0,"[14138, 19246, 24288]",0.3690636909407096,0.2509462946942441
swap_small-mvns_MMF16_20,MMF16_20,3,8,0,RBFN,200,70,91,17622.0,40000.0,"[13216, 17292, 23626]",0.3703135448720051,0.2539785988418735
swap_small-mvns_MMF16_20,MMF16_20,3,9,0,RBFN,200,69,91,17474.0,40000.0,"[12774, 17928, 23098]",0.3704232035298485,0.25417275740721523
swap_small-mvns_MMF16_20,MMF16_20,3,10,0,RBFN,200,68,88,16778.0,40000.0,"[11995, 18289, 22421]",0.3701580487915363,0.2548851191179005
swap_small-mvns_MMF16_20,MMF16_20,3,11,0,RBFN,200,67,91,16174.0,40000.0,"[11812, 17228, 22002]",0.3701580487915363,0.25651316094926296
swap_small-mvns_MMF16_20,MMF16_20,3,12,0,RBFN,200,66,90,17584.0,40000.0,"[13226, 17416, 23088]",0.3701580487915363,0.2582215958367605
swap_small-mvns_MMF16_20,MMF16_20,3,13,0,RBFN,200,63,90,16172.0,40000.0,"[10862, 17288, 22396]",0.3701580487915363,0.2522759138525209
swap_small-mvns_MMF16_20,MMF16_20,3,14,0,RBFN,200,63,91,16512.0,40000.0,"[11453, 17911, 22153]",0.3712584164744094,0.2531979767283928
swap_small-mvns_MMF16_20,MMF16_20,3,15,0,RBFN,200,63,91,16154.0,40000.0,"[10989, 16925, 22409]",0.372103359448956,0.25551282154409205
swap_small-mvns_MMF16_20,MMF16_20,3,16,0,RBFN,200,61,91,16316.0,40000.0,"[12081, 17027, 21661]",0.3714023591461187,0.2537322953630119
swap_small-mvns_MMF16_20,MMF16_20,3,17,0,RBFN,200,57,93,15508.0,40000.0,"[10333, 16151, 21779]",0.3714023591461187,0.2480836077199364
swap_small-mvns_MMF16_20,MMF16_20,3,18,0,RBFN,200,56,92,15640.0,40000.0,"[10355, 17357, 21091]",0.3714023591461187,0.2492537071063753
swap_small-mvns_MMF16_20,MMF16_20,3,19,0,RBFN,200,55,93,15220.0,40000.0,"[10818, 15984, 20908]",0.3715053465837405,0.24854640517002707
swap_small-mvns_MMF16_20,MMF16_20,3,20,0,RBFN,200,54,95,15814.0,40000.0,"[11069, 16447, 21623]",0.3716700322978025,0.2484249991810312
swap_small-mvns_MMF16_20,MMF16_20,3,21,0,RBFN,200,53,96,14384.0,40000.0,"[9554, 16028, 20384]",0.3717377646328731,0.24827391615738384
swap_small-mvns_MMF16_20,MMF16_20,3,22,0,RBFN,200,52,96,15464.0,40000.0,"[9944, 16906, 21236]",0.3718351356593051,0.2474731689615111
swap_small-mvns_MMF16_20,MMF16_20,3,23,0,RBFN,200,51,96,14252.0,40000.0,"[9418, 16192, 20142]",0.3719291889427837,0.248418320087616
swap_small-mvns_MMF16_20,MMF16_20,3,24,0,RBFN,200,50,96,14466.0,40000.0,"[10019, 15705, 20243]",0.3725003250162471,0.24946600414667258
swap_small-mvns_MMF16_20,MMF16_20,3,25,0,RBFN,200,48,96,13370.0,40000.0,"[9144, 14896, 19276]",0.3740030743567141,0.24919433688004575
swap_small-mvns_MMF16_20,MMF16_20,3,26,0,RBFN,200,47,96,13208.0,40000.0,"[9421, 14753, 19065]",0.3730569046354926,0.2493203871079957
swap_small-mvns_MMF16_20,MMF16_20,3,27,0,RBFN,200,47,94,13226.0,40000.0,"[8724, 14880, 19330]",0.3758850927495644,0.25062540678507034
swap_small-mvns_MMF16_20,MMF16_20,3,28,0,RBFN,200,45,93,13764.0,40000.0,"[9273, 14539, 20007]",0.3758850927495644,0.25285747388996377
swap_small-mvns_MMF16_20,MMF16_20,3,29,0,RBFN,200,42,92,13320.0,40000.0,"[8741, 14033, 19919]",0.3758850927495644,0.2553102155273155
swap_small-mvns_MMF16_20,MMF16_20,3,30,0,RBFN,200,39,92,11870.0,40000.0,"[7839, 12873, 18573]",0.3758850927495644,0.25592451451840137
swap_small-mvns_MMF16_20,MMF16_20,3,31,0,RBFN,200,39,94,11610.0,40000.0,"[6933, 13051, 18613]",0.3758850927495644,0.26015460909829524
swap_small-mvns_MMF16_20,MMF16_20,3,32,0,RBFN,200,31,94,11858.0,40000.0,"[7949, 12803, 18223]",0.3758850927495644,0.2538928752967405
swap_small-mvns_MMF16_20,MMF16_20,3,33,0,RBFN,200,27,94,10462.0,40000.0,"[6238, 12296, 17236]",0.3758850927495644,0.25221977821791414
swap_small-mvns_MMF16_20,MMF16_20,3,34,0,RBFN,200,25,96,9098.0,40000.0,"[5285, 10989, 16171]",0.3758850927495644,0.2527312862433389
swap_small-mvns_MMF16_20,MMF16_20,3,35,0,RBFN,200,23,95,9404.0,40000.0,"[5314, 11508, 16176]",0.3758850927495644,0.2578794073682718
swap_small-mvns_MMF16_20,MMF16_20,3,36,0,RBFN,200,21,96,8406.0,40000.0,"[5303, 10139, 15211]",0.3758850927495644,0.25970964672147234
swap_small-mvns_MMF16_20,MMF16_20,3,37,0,RBFN,200,20,94,7990.0,40000.0,"[4585, 9605, 14809]",0.37440655246931137,0.26762102692731893
swap_small-mvns_MMF16_20,MMF16_20,3,38,0,RBFN,200,15,95,8336.0,40000.0,"[4878, 10408, 15052]",0.37440655246931137,0.2612361536763937
swap_small-mvns_MMF16_20,MMF16_20,3,39,0,RBFN,200,14,96,7046.0,40000.0,"[3921, 8745, 14595]",0.3753968753020638,0.26245662953322835
swap_small-mvns_MMF16_20,MMF16_20,3,40,0,RBFN,200,14,98,7070.0,40000.0,"[3594, 9474, 13480]",0.3753968753020638,0.2676887667171236
swap_small-mvns_MMF16_20,MMF16_20,3,41,0,RBFN,200,14,98,7464.0,40000.0,"[3530, 9276, 15442]",0.3753968753020638,0.2705828044951368
swap_small-mvns_MMF16_20,MMF16_20,3,42,0,RBFN,200,14,97,7438.0,40000.0,"[4198, 9182, 14990]",0.3753968753020638,0.2725544214925881
swap_small-mvns_MMF16_20,MMF16_20,3,43,0,RBFN,200,13,97,7646.0,40000.0,"[3720, 9486, 15504]",0.37583663279190116,0.27431434418690853
swap_small-mvns_MMF16_20,MMF16_20,3,44,0,RBFN,200,13,96,7440.0,40000.0,"[3749, 9313, 14929]",0.37583663279190116,0.27731170170408004
swap_small-mvns_MMF16_20,MMF16_20,3,45,0,RBFN,200,12,98,6872.0,40000.0,"[4033, 8053, 14673]",0.37583663279190116,0.27807859829715054
swap_small-mvns_MMF16_20,MMF16_20,3,46,0,RBFN,200,12,97,6982.0,40000.0,"[3962, 8194, 14918]",0.37584022765281805,0.27991562714963564
swap_small-mvns_MMF16_20,MMF16_20,3,47,0,RBFN,200,12,96,6632.0,40000.0,"[3858, 8936, 12798]",0.37592621382382496,0.2821420917320424
swap_small-mvns_MMF16_20,MMF16_20,3,48,0,RBFN,200,12,98,7264.0,40000.0,"[4110, 9100, 14374]",0.37584022765281805,0.2846282749561724
swap_small-mvns_MMF16_20,MMF16_20,3,49,0,RBFN,200,12,97,6774.0,40000.0,"[3440, 8430, 14072]",0.37580861987425435,0.28742405611939814
swap_small-mvns_MMF16_20,MMF16_20,3,50,0,RBFN,200,11,97,6820.0,40000.0,"[4292, 8204, 13862]",0.3761287001289031,0.28728633101215734
swap_small-mvns_MMF16_20,MMF16_20,3,51,0,RBFN,200,10,97,6776.0,40000.0,"[3391, 8085, 14581]",0.3761287001289031,0.28863626131997683
swap_small-mvns_MMF16_20,MMF16_20,3,52,0,RBFN,200,10,95,5692.0,40000.0,"[3166, 7670, 12290]",0.3761287001289031,0.2901853839485076
swap_small-mvns_MMF16_20,MMF16_20,3,53,0,RBFN,200,10,95,6674.0,40000.0,"[3932, 7624, 14168]",0.376650234559966,0.29363866743875516
swap_small-mvns_MMF16_20,MMF16_20,3,54,0,RBFN,200,10,98,6338.0,40000.0,"[3326, 8506, 12818]",0.3771687971744893,0.2971479821714765
swap_small-mvns_MMF16_20,MMF16_20,3,55,0,RBFN,200,9,97,6418.0,40000.0,"[3606, 7718, 13682]",0.37719777157545403,0.29866876970677614
swap_small-mvns_MMF16_20,MMF16_20,3,56,0,RBFN,200,9,95,6478.0,40000.0,"[3189, 8615, 12819]",0.3763892073836583,0.3021891812817907
swap_small-mvns_MMF16_20,MMF16_20,3,57,0,RBFN,200,9,97,6672.0,40000.0,"[3079, 8405, 13477]",0.3765807718497102,0.3054980259984275
swap_small-mvns_MMF16_20,MMF16_20,3,58,0,RBFN,200,8,98,6604.0,40000.0,"[3151, 8513, 13657]",0.37748525910627806,0.3094004122497012
swap_small-mvns_MMF16_20,MMF16_20,3,59,0,RBFN,200,8,98,5766.0,40000.0,"[2760, 7666, 12716]",0.37748525910627806,0.31082394010151526
swap_small-mvns_MMF16_20,MMF16_20,3,60,0,RBFN,200,8,98,5806.0,40000.0,"[2414, 7552, 13232]",0.37748525910627806,0.31264801546082954
swap_small-mvns_MMF16_20,MMF16_20,3,61,0,RBFN,200,8,98,5916.0,40000.0,"[3234, 7406, 12942]",0.37750233180117426,0.3138928349525961
swap_small-mvns_MMF16_20,MMF16_20,3,62,0,RBFN,200,8,99,6596.0,40000.0,"[3652, 8088, 13580]",0.37748525910627806,0.3170757907872349
swap_small-mvns_MMF16_20,MMF16_20,3,63,0,RBFN,200,7,99,5112.0,40000.0,"[2692, 6614, 11512]",0.3774515831089574,0.3173729549064474
swap_small-mvns_MMF16_20,MMF16_20,3,64,0,RBFN,200,7,99,5610.0,40000.0,"[3651, 6711, 11655]",0.37765517269967136,0.3199665556560991
swap_small-mvns_MMF16_20,MMF16_20,3,65,0,RBFN,200,7,99,5520.0,40000.0,"[3019, 7033, 12487]",0.37765517269967136,0.32073883327399644
swap_small-mvns_MMF16_20,MMF16_20,3,66,0,RBFN,200,7,99,5708.0,40000.0,"[2790, 8034, 12362]",0.37765517269967136,0.32140160701825204
swap_small-mvns_MMF16_20,MMF16_20,3,67,0,RBFN,200,7,99,5090.0,40000.0,"[2291, 6989, 11729]",0.37768817108474717,0.32323946491505395
swap_small-mvns_MMF16_20,MMF16_20,3,68,0,RBFN,200,7,99,5820.0,40000.0,"[2467, 7957, 12543]",0.37768817108474717,0.3250124390230398
swap_small-mvns_MMF16_20,MMF16_20,3,69,0,RBFN,200,7,99,5180.0,40000.0,"[2397, 7187, 11203]",0.37768817108474717,0.326518053954164
swap_small-mvns_MMF16_20,MMF16_20,3,70,0,RBFN,200,7,99,5662.0,40000.0,"[2289, 7647, 12519]",0.37768817108474717,0.32733541093968743
swap_small-mvns_MMF16_20,MMF16_20,3,71,0,RBFN,200,6,99,5858.0,40000.0,"[2945, 7733, 12177]",0.37696056850704496,0.32689900523472015
swap_small-mvns_MMF16_20,MMF16_20,3,72,0,RBFN,200,5,99,5420.0,40000.0,"[2766, 7074, 11912]",0.37696056850704496,0.32568441927058683
swap_small-mvns_MMF16_20,MMF16_20,3,73,0,RBFN,200,5,99,5644.0,40000.0,"[3091, 7225, 12677]",0.37732698393137426,0.32805564997915726
swap_small-mvns_MMF16_20,MMF16_20,3,74,0,RBFN,200,5,99,5172.0,40000.0,"[2709, 6875, 11803]",0.377153323807066,0.3280657403596031
swap_small-mvns_MMF16_20,MMF16_20,3,75,0,RBFN,200,5,98,5450.0,40000.0,"[2741, 7361, 12127]",0.3770857244373521,0.3281803449846264
swap_small-mvns_MMF16_20,MMF16_20,3,76,0,RBFN,200,5,99,5164.0,40000.0,"[2521, 7133, 11797]",0.37709941934250396,0.32918339947954706
swap_small-mvns_MMF16_20,MMF16_20,3,77,0,RBFN,200,5,99,5748.0,40000.0,"[2949, 7181, 12855]",0.3777406795908481,0.32964376573116333
swap_small-mvns_MMF16_20,MMF16_20,3,78,0,RBFN,200,5,99,5538.0,40000.0,"[2981, 6721, 12237]",0.3771152471117919,0.3298600668019061
swap_small-mvns_MMF16_20,MMF16_20,3,79,0,RBFN,200,5,98,5708.0,40000.0,"[2547, 7831, 12835]",0.37767538843276954,0.3311143230605893
swap_small-mvns_MMF16_20,MMF16_20,3,80,0,RBFN,200,5,99,5376.0,40000.0,"[3025, 6499, 12025]",0.37767538843276954,0.3311191988815627
swap_small-mvns_MMF16_20,MMF16_20,3,81,0,RBFN,200,4,99,5208.0,40000.0,"[2947, 7125, 11419]",0.3778328965205682,0.33128043071904206
swap_small-mvns_MMF16_20,MMF16_20,3,82,0,RBFN,200,4,99,5938.0,40000.0,"[2664, 7810, 12956]",0.3778328965205682,0.33200106053273665
swap_small-mvns_MMF16_20,MMF16_20,3,83,0,RBFN,200,4,99,5512.0,40000.0,"[2922, 6414, 12432]",0.3772113509888723,0.33142382959880007
swap_small-mvns_MMF16_20,MMF16_20,3,84,0,RBFN,200,4,99,5158.0,40000.0,"[2428, 6914, 12314]",0.37724197224778033,0.33260289381778324
swap_small-mvns_MMF16_20,MMF16_20,3,85,0,RBFN,200,4,99,5098.0,40000.0,"[2550, 6834, 11122]",0.377247095336617,0.3324651712297579
swap_small-mvns_MMF16_20,MMF16_20,3,86,0,RBFN,200,4,99,4686.0,40000.0,"[1928, 6890, 10890]",0.377247095336617,0.3322283317619457
swap_small-mvns_MMF16_20,MMF16_20,3,87,0,RBFN,200,4,99,5740.0,40000.0,"[2703, 7607, 12363]",0.377247095336617,0.3332154507464027
swap_small-mvns_MMF16_20,MMF16_20,3,88,0,RBFN,200,4,99,4874.0,40000.0,"[2560, 6386, 12062]",0.377247095336617,0.33381052957608054
swap_small-mvns_MMF16_20,MMF16_20,3,89,0,RBFN,200,4,99,5688.0,40000.0,"[2546, 7388, 12808]",0.3767046518985928,0.33538065035715353
swap_small-mvns_MMF16_20,MMF16_20,3,90,0,RBFN,200,4,99,4748.0,40000.0,"[2686, 5790, 11388]",0.3767046518985928,0.3346764518891454
swap_small-mvns_MMF16_20,MMF16_20,3,91,0,RBFN,200,4,99,5612.0,40000.0,"[1910, 7816, 12642]",0.37679152736453997,0.3343389272006012
swap_small-mvns_MMF16_20,MMF16_20,3,92,0,RBFN,200,4,99,5454.0,40000.0,"[3050, 6768, 12140]",0.376852530359552,0.3356445592751347
swap_small-mvns_MMF16_20,MMF16_20,3,93,0,RBFN,200,4,98,5210.0,40000.0,"[2854, 6094, 12198]",0.3767982832439071,0.3358365800584288
swap_small-mvns_MMF16_20,MMF16_20,3,94,0,RBFN,200,4,98,5650.0,40000.0,"[3000, 7076, 12470]",0.37651845017622804,0.33666550886731966
swap_small-mvns_MMF16_20,MMF16_20,3,95,0,RBFN,200,4,99,5302.0,40000.0,"[2956, 7250, 11780]",0.3769966234027338,0.3371621650233603
swap_small-mvns_MMF16_20,MMF16_20,3,96,0,RBFN,200,4,99,4896.0,40000.0,"[2588, 7050, 11022]",0.37643862898736874,0.3380658668283901
swap_small-mvns_MMF16_20,MMF16_20,3,97,0,RBFN,200,4,98,5518.0,40000.0,"[2716, 7782, 12302]",0.37681107614367465,0.3398786591857878
swap_small-mvns_MMF16_20,MMF16_20,3,98,0,RBFN,200,4,99,5214.0,40000.0,"[2168, 7558, 12022]",0.3762687854693041,0.3410963720320383
swap_small-mvns_MMF16_20,MMF16_20,3,99,0,RBFN,200,4,99,4660.0,40000.0,"[2760, 6060, 11168]",0.3762687854693041,0.3426815943289739
swap_small-mvns_WFG9,WFG9,2,1,0,RBFN,781,88,12,466235.0,609961.0,"[466107, 463789]",0.9063923985228682,0.7329450947213751
swap_small-mvns_WFG9,WFG9,2,2,0,RBFN,200,74,14,9940.0,40000.0,"[9808, 7764]",0.903942552869076,0.6740100571884193
swap_small-mvns_WFG9,WFG9,2,3,0,RBFN,200,67,15,8024.0,40000.0,"[7858, 5658]",0.9013332776009262,0.6538309206476981
swap_small-mvns_WFG9,WFG9,2,4,0,RBFN,200,66,14,7100.0,40000.0,"[6944, 4648]",0.9023565791318743,0.6424591462771206
swap_small-mvns_WFG9,WFG9,2,5,0,RBFN,200,62,15,6738.0,40000.0,"[6556, 4442]",0.9087603350331189,0.6387977477950934
swap_small-mvns_WFG9,WFG9,2,6,0,RBFN,200,61,17,6284.0,40000.0,"[6134, 3856]",0.9021454173947688,0.6272173042013848
swap_small-mvns_WFG9,WFG9,2,7,0,RBFN,200,60,14,6224.0,40000.0,"[6071, 3735]",0.9088834447380785,0.626967290368738
swap_small-mvns_WFG9,WFG9,2,8,0,RBFN,200,60,17,6052.0,40000.0,"[5896, 3616]",0.9019111551137741,0.6271243181748869
swap_small-mvns_WFG9,WFG9,2,9,0,RBFN,200,60,17,6112.0,40000.0,"[5926, 3660]",0.9030560770757181,0.6281044492871004
swap_small-mvns_WFG9,WFG9,2,10,0,RBFN,200,57,18,6054.0,40000.0,"[5896, 3618]",0.907696435740158,0.6076939290616604
swap_small-mvns_WFG9,WFG9,2,11,0,RBFN,200,55,19,5720.0,40000.0,"[5553, 3377]",0.9048135912069875,0.5971311706594785
swap_small-mvns_WFG9,WFG9,2,12,0,RBFN,200,55,21,5644.0,40000.0,"[5447, 3223]",0.9026549216625293,0.5994773704148301
swap_small-mvns_WFG9,WFG9,2,13,0,RBFN,200,55,23,5432.0,40000.0,"[5249, 3063]",0.9051111797770619,0.6004489443860526
swap_small-mvns_WFG9,WFG9,2,14,0,RBFN,200,55,23,5676.0,40000.0,"[5487, 3341]",0.9033504782675995,0.6023369885720335
swap_small-mvns_WFG9,WFG9,2,15,0,RBFN,200,55,24,5390.0,40000.0,"[5227, 3043]",0.903595313623618,0.5995196049715242
swap_small-mvns_WFG9,WFG9,2,16,0,RBFN,200,54,25,5472.0,40000.0,"[5313, 3129]",0.9023896596702331,0.5959704710381486
swap_small-mvns_WFG9,WFG9,2,17,0,RBFN,200,53,27,5428.0,40000.0,"[5278, 2920]",0.9012838289083019,0.5958430550373808
swap_small-mvns_WFG9,WFG9,2,18,0,RBFN,200,53,29,5374.0,40000.0,"[5223, 2813]",0.9019716775684166,0.5961649966987883
swap_small-mvns_WFG9,WFG9,2,19,0,RBFN,200,53,29,5388.0,40000.0,"[5237, 2813]",0.9016624909592741,0.5967832112731631
swap_small-mvns_WFG9,WFG9,2,20,0,RBFN,200,53,26,5496.0,40000.0,"[5337, 2847]",0.9122044354704265,0.5976380050101265
swap_small-mvns_WFG9,WFG9,2,21,0,RBFN,200,53,24,5234.0,40000.0,"[5079, 2817]",0.9018439991602143,0.5957630594582742
swap_small-mvns_WFG9,WFG9,2,22,0,RBFN,200,52,23,5468.0,40000.0,"[5277, 2941]",0.9122771383953939,0.588085900449229
swap_small-mvns_WFG9,WFG9,2,23,0,RBFN,200,52,25,5306.0,40000.0,"[5156, 2706]",0.9024281227968429,0.5857356803414744
swap_small-mvns_WFG9,WFG9,2,24,0,RBFN,200,52,24,6048.0,40000.0,"[5888, 3152]",0.9019100876847276,0.5824714750679415
swap_small-mvns_WFG9,WFG9,2,25,0,RBFN,200,52,24,5300.0,40000.0,"[5134, 2722]",0.902729851860906,0.5823560330709373
swap_small-mvns_WFG9,WFG9,2,26,0,RBFN,200,52,28,5484.0,40000.0,"[5331, 2815]",0.9044258537534946,0.5838269219624874
swap_small-mvns_WFG9,WFG9,2,27,0,RBFN,200,52,30,5422.0,40000.0,"[5252, 2898]",0.9025599284576239,0.5822151628113206
swap_small-mvns_WFG9,WFG9,2,28,0,RBFN,200,52,30,5332.0,40000.0,"[5172, 2716]",0.9100469742683618,0.5806440147960619
swap_small-mvns_WFG9,WFG9,2,29,0,RBFN,200,52,33,5438.0,40000.0,"[5278, 2830]",0.9019100876847276,0.580765043468694
swap_small-mvns_WFG9,WFG9,2,30,0,RBFN,200,52,32,5422.0,40000.0,"[5268, 2710]",0.9072853096164217,0.583197201443938
swap_small-mvns_WFG9,WFG9,2,31,0,RBFN,200,51,31,5240.0,40000.0,"[5080, 2716]",0.9038216448287996,0.582709182147925
swap_small-mvns_WFG9,WFG9,2,32,0,RBFN,200,51,31,5380.0,40000.0,"[5212, 2816]",0.9024783964526923,0.5808417200052027
swap_small-mvns_WFG9,WFG9,2,33,0,RBFN,200,50,32,5304.0,40000.0,"[5137, 2619]",0.9096203147511553,0.575693321893802
swap_small-mvns_WFG9,WFG9,2,34,0,RBFN,200,50,32,5286.0,40000.0,"[5136, 2706]",0.9019552563673101,0.5739706170972682
swap_small-mvns_WFG9,WFG9,2,35,0,RBFN,200,50,34,5072.0,40000.0,"[4886, 2590]",0.9111497546331085,0.5747714694273485
swap_small-mvns_WFG9,WFG9,2,36,0,RBFN,200,50,35,5466.0,40000.0,"[5304, 2872]",0.9021884753242502,0.5757239763090745
swap_small-mvns_WFG9,WFG9,2,37,0,RBFN,200,50,33,5122.0,40000.0,"[4966, 2506]",0.9077096944013819,0.5765010429438371
swap_small-mvns_WFG9,WFG9,2,38,0,RBFN,200,49,35,5154.0,40000.0,"[4996, 2548]",0.9018439991602143,0.570752826463145
swap_small-mvns_WFG9,WFG9,2,39,0,RBFN,200,49,35,5470.0,40000.0,"[5302, 2658]",0.9033366689198631,0.5692363340911425
swap_small-mvns_WFG9,WFG9,2,40,0,RBFN,200,49,37,5268.0,40000.0,"[5075, 2779]",0.9109791317407665,0.5703174422194209
swap_small-mvns_WFG9,WFG9,2,41,0,RBFN,200,49,39,5284.0,40000.0,"[5097, 2437]",0.907388941656635,0.5706805632751134
swap_small-mvns_WFG9,WFG9,2,42,0,RBFN,200,49,38,5258.0,40000.0,"[5071, 2437]",0.9092626628237752,0.5719654489703264
swap_small-mvns_WFG9,WFG9,2,43,0,RBFN,200,49,39,5278.0,40000.0,"[5127, 2401]",0.9017241778820279,0.5736663661182371
swap_small-mvns_WFG9,WFG9,2,44,0,RBFN,200,49,38,5150.0,40000.0,"[4987, 2413]",0.903828931232358,0.5738027314949226
swap_small-mvns_WFG9,WFG9,2,45,0,RBFN,200,49,36,5144.0,40000.0,"[4983, 2411]",0.9122610162093496,0.5728750585766073
swap_small-mvns_WFG9,WFG9,2,46,0,RBFN,200,48,38,5202.0,40000.0,"[5017, 2553]",0.910816961198346,0.5584341502368589
swap_small-mvns_WFG9,WFG9,2,47,0,RBFN,200,48,41,5004.0,40000.0,"[4847, 2453]",0.9065386966447625,0.5570659982325866
swap_small-mvns_WFG9,WFG9,2,48,0,RBFN,200,48,41,4918.0,40000.0,"[4730, 2340]",0.911928419056274,0.5579082625195799
swap_small-mvns_WFG9,WFG9,2,49,0,RBFN,200,48,39,4954.0,40000.0,"[4782, 2342]",0.9027078005901485,0.5568578982884199
swap_small-mvns_WFG9,WFG9,2,50,0,RBFN,200,47,39,4716.0,40000.0,"[4554, 2342]",0.905425446480131,0.5550162534918744
swap_small-mvns_WFG9,WFG9,2,51,0,RBFN,200,47,39,4830.0,40000.0,"[4659, 2227]",0.9144596494515945,0.5555087257080005
swap_small-mvns_WFG9,WFG9,2,52,0,RBFN,200,47,39,5126.0,40000.0,"[4962, 2358]",0.9027078005901485,0.5567095817711705
swap_small-mvns_WFG9,WFG9,2,53,0,RBFN,200,47,37,4962.0,40000.0,"[4789, 2321]",0.9026849144559256,0.5568106401135666
swap_small-mvns_WFG9,WFG9,2,54,0,RBFN,200,47,36,4816.0,40000.0,"[4657, 2259]",0.9025937135638747,0.5564407069343411
swap_small-mvns_WFG9,WFG9,2,55,0,RBFN,200,47,38,4884.0,40000.0,"[4721, 2219]",0.9076649830473055,0.5555270883606278
swap_small-mvns_WFG9,WFG9,2,56,0,RBFN,200,47,39,4732.0,40000.0,"[4553, 2235]",0.9046162016024084,0.5546198943965378
swap_small-mvns_WFG9,WFG9,2,57,0,RBFN,200,47,39,4830.0,40000.0,"[4675, 2211]",0.9065980331725239,0.5535482896934498
swap_small-mvns_WFG9,WFG9,2,58,0,RBFN,200,47,38,4882.0,40000.0,"[4711, 2275]",0.9045127967298691,0.5539803720102082
swap_small-mvns_WFG9,WFG9,2,59,0,RBFN,200,47,34,4876.0,40000.0,"[4705, 2265]",0.9082175664782935,0.5543128596516085
swap_small-mvns_WFG9,WFG9,2,60,0,RBFN,200,47,34,4884.0,40000.0,"[4717, 2223]",0.9073575045670917,0.5548905020040984
swap_small-mvns_WFG9,WFG9,2,61,0,RBFN,200,47,35,4814.0,40000.0,"[4653, 2217]",0.9100727590550345,0.5548169195555375
swap_small-mvns_WFG9,WFG9,2,62,0,RBFN,200,47,36,4762.0,40000.0,"[4603, 2215]",0.9020166949750907,0.5547255773561137
swap_small-mvns_WFG9,WFG9,2,63,0,RBFN,200,47,36,4916.0,40000.0,"[4757, 2257]",0.9022661494117693,0.5554955098946093
swap_small-mvns_WFG9,WFG9,2,64,0,RBFN,200,47,35,4830.0,40000.0,"[4649, 2237]",0.9031310896079741,0.554541592895029
swap_small-mvns_WFG9,WFG9,2,65,0,RBFN,200,47,36,4926.0,40000.0,"[4767, 2409]",0.9075392778161839,0.5527116435360743
swap_small-mvns_WFG9,WFG9,2,66,0,RBFN,200,47,36,4824.0,40000.0,"[4665, 2215]",0.9016763632844165,0.5525254074067223
swap_small-mvns_WFG9,WFG9,2,67,0,RBFN,200,47,38,4894.0,40000.0,"[4722, 2412]",0.9051398734877575,0.5516390082824585
swap_small-mvns_WFG9,WFG9,2,68,0,RBFN,200,47,39,4872.0,40000.0,"[4707, 2221]",0.909313427601696,0.5513861899920791
swap_small-mvns_WFG9,WFG9,2,69,0,RBFN,200,47,40,4804.0,40000.0,"[4651, 2209]",0.9033068892005773,0.5514585069248354
swap_small-mvns_WFG9,WFG9,2,70,0,RBFN,200,47,39,4866.0,40000.0,"[4697, 2419]",0.9066787574468659,0.5502869683621248
swap_small-mvns_WFG9,WFG9,2,71,0,RBFN,200,47,40,4914.0,40000.0,"[4739, 2231]",0.905177762829967,0.5493426393814378
swap_small-mvns_WFG9,WFG9,2,72,0,RBFN,200,47,40,4738.0,40000.0,"[4573, 2221]",0.9087282060987473,0.549290045129652
swap_small-mvns_WFG9,WFG9,2,73,0,RBFN,200,47,37,4934.0,40000.0,"[4766, 2398]",0.9017812202308051,0.5481212096469534
swap_small-mvns_WFG9,WFG9,2,74,0,RBFN,200,47,37,4952.0,40000.0,"[4797, 2211]",0.9033520221554928,0.5485538170461864
swap_small-mvns_WFG9,WFG9,2,75,0,RBFN,200,47,37,4934.0,40000.0,"[4752, 2392]",0.9096084818158909,0.5485344718071561
swap_small-mvns_WFG9,WFG9,2,76,0,RBFN,200,47,40,4850.0,40000.0,"[4665, 2241]",0.9133812971957437,0.5466959627821901
swap_small-mvns_WFG9,WFG9,2,77,0,RBFN,200,47,39,5184.0,40000.0,"[4976, 2576]",0.9065659788457338,0.5458031429564876
swap_small-mvns_WFG9,WFG9,2,78,0,RBFN,200,47,40,4896.0,40000.0,"[4733, 2219]",0.9115132758049868,0.5449011102851835
swap_small-mvns_WFG9,WFG9,2,79,0,RBFN,200,47,40,5014.0,40000.0,"[4858, 2360]",0.905074920141999,0.5440787016757979
swap_small-mvns_WFG9,WFG9,2,80,0,RBFN,200,47,41,4966.0,40000.0,"[4811, 2249]",0.9117711834045428,0.5442265064665781
swap_small-mvns_WFG9,WFG9,2,81,0,RBFN,200,47,40,5278.0,40000.0,"[5090, 2428]",0.9076885414547659,0.544514999039189
swap_small-mvns_WFG9,WFG9,2,82,0,RBFN,200,46,41,4928.0,40000.0,"[4755, 2229]",0.907200784800109,0.5338510125062625
swap_small-mvns_WFG9,WFG9,2,83,0,RBFN,200,46,40,4852.0,40000.0,"[4674, 2184]",0.9119477598907347,0.533974192915466
swap_small-mvns_WFG9,WFG9,2,84,0,RBFN,200,46,41,4946.0,40000.0,"[4769, 2347]",0.9043253982898097,0.5333824229438224
swap_small-mvns_WFG9,WFG9,2,85,0,RBFN,200,46,41,4842.0,40000.0,"[4684, 2120]",0.9116606396365153,0.5338886740312339
swap_small-mvns_WFG9,WFG9,2,86,0,RBFN,200,46,40,4930.0,40000.0,"[4754, 2266]",0.91144824790429,0.533484684841147
swap_small-mvns_WFG9,WFG9,2,87,0,RBFN,200,46,40,4906.0,40000.0,"[4748, 2120]",0.9078431886334984,0.5327641579184662
swap_small-mvns_WFG9,WFG9,2,88,0,RBFN,200,46,40,5074.0,40000.0,"[4907, 2271]",0.9037608898298746,0.5326470004368761
swap_small-mvns_WFG9,WFG9,2,89,0,RBFN,200,46,39,4908.0,40000.0,"[4750, 2120]",0.9041653034617442,0.5319271955812407
swap_small-mvns_WFG9,WFG9,2,90,0,RBFN,200,46,37,5070.0,40000.0,"[4895, 2303]",0.9059401983938099,0.5320439799950542
swap_small-mvns_WFG9,WFG9,2,91,0,RBFN,200,46,37,4872.0,40000.0,"[4706, 2128]",0.9110060484557619,0.532974169606749
swap_small-mvns_WFG9,WFG9,2,92,0,RBFN,200,46,37,4872.0,40000.0,"[4702, 2132]",0.9107563483377406,0.5329741696067489
swap_small-mvns_WFG9,WFG9,2,93,0,RBFN,200,46,38,4974.0,40000.0,"[4818, 2118]",0.90175094095804,0.5328324461768209
swap_small-mvns_WFG9,WFG9,2,94,0,RBFN,200,46,39,4876.0,40000.0,"[4688, 2150]",0.9087932692954471,0.5329273056285853
swap_small-mvns_WFG9,WFG9,2,95,0,RBFN,200,46,39,4886.0,40000.0,"[4718, 2218]",0.9072013672126253,0.5331625867933877
swap_small-mvns_WFG9,WFG9,2,96,0,RBFN,200,46,40,4982.0,40000.0,"[4814, 2130]",0.9137621464213086,0.5327841931249006
swap_small-mvns_WFG9,WFG9,2,97,0,RBFN,200,46,41,5100.0,40000.0,"[4931, 2343]",0.9041537219565121,0.5322109039745732
swap_small-mvns_WFG9,WFG9,2,98,0,RBFN,200,46,42,4816.0,40000.0,"[4644, 2170]",0.906368560567528,0.5324381051868461
swap_small-mvns_WFG9,WFG9,2,99,0,RBFN,200,46,41,4996.0,40000.0,"[4840, 2118]",0.9058128054798296,0.5323837545695663
swap_small-mvns_ZDT1,ZDT1,2,1,1,Kriging,1029,83,11,1058841.0,1058841.0,"[1058841.0, 982187]",0.18656002602661034,0.06636150047462762
swap_small-mvns_ZDT1,ZDT1,2,2,1,Kriging,200,31,15,40000.0,40000.0,"[40000, 22314]",0.18602501558293255,0.03138018538694115
swap_small-mvns_ZDT1,ZDT1,2,3,1,Kriging,200,11,17,40000.0,40000.0,"[40000, 16631]",0.18609190693829558,0.019957555069447262
swap_small-mvns_ZDT1,ZDT1,2,4,1,Kriging,200,5,17,40000.0,40000.0,"[40000, 12325]",0.18581276854241752,0.01685031833622888
swap_small-mvns_ZDT1,ZDT1,2,5,1,Kriging,200,1,13,40000.0,40000.0,"[40000, 10945]",0.18581276854241752,0.020220172924514692
swap_small-mvns_ZDT1,ZDT1,2,6,1,Kriging,200,1,17,40000.0,40000.0,"[40000, 13697]",0.18581188674979057,0.025819624044652833
swap_small-mvns_ZDT1,ZDT1,2,7,1,Kriging,200,0,23,40000.0,40000.0,"[40000, 13535]",0.18581188674979057,0.029789143721861797
swap_small-mvns_ZDT1,ZDT1,2,8,1,Kriging,200,0,22,40000.0,40000.0,"[40000, 12972]",0.18546620650436468,0.03428435936386437
swap_small-mvns_ZDT1,ZDT1,2,9,1,Kriging,200,0,25,40000.0,40000.0,"[40000, 12268]",0.18554820968947677,0.0400391494130713
swap_small-mvns_ZDT1,ZDT1,2,10,1,Kriging,200,0,28,40000.0,40000.0,"[40000, 11822]",0.18561525945621907,0.04496333957058608
swap_small-mvns_ZDT1,ZDT1,2,11,1,Kriging,200,0,34,40000.0,40000.0,"[40000, 9764]",0.18563553881020245,0.048830617829115394
swap_small-mvns_ZDT1,ZDT1,2,12,1,Kriging,200,0,39,40000.0,40000.0,"[40000, 9966]",0.18565871490957794,0.05283488303254031
swap_small-mvns_ZDT1,ZDT1,2,13,1,Kriging,200,0,42,40000.0,40000.0,"[40000, 11234]",0.18576191758865782,0.05674601270674293
swap_small-mvns_ZDT1,ZDT1,2,14,1,Kriging,200,0,48,40000.0,40000.0,"[40000, 9528]",0.1859357237483572,0.060352076327972105
swap_small-mvns_ZDT1,ZDT1,2,15,1,Kriging,200,0,48,40000.0,40000.0,"[40000, 9472]",0.18594917094600397,0.06446855499807722
swap_small-mvns_ZDT1,ZDT1,2,16,1,Kriging,200,0,50,40000.0,40000.0,"[40000, 9410]",0.1860710840634612,0.06812318065895454
swap_small-mvns_ZDT1,ZDT1,2,17,1,Kriging,200,0,50,40000.0,40000.0,"[40000, 8302]",0.1860710840634612,0.0708257305374753
swap_small-mvns_ZDT1,ZDT1,2,18,1,Kriging,200,0,50,40000.0,40000.0,"[40000, 10240]",0.1860710840634612,0.07342234656460922
swap_small-mvns_ZDT1,ZDT1,2,19,1,Kriging,200,0,46,40000.0,40000.0,"[40000, 9360]",0.18607235741694797,0.07621258562368868
swap_small-mvns_ZDT1,ZDT1,2,20,1,Kriging,200,0,48,40000.0,40000.0,"[40000, 7400]",0.18615152635703736,0.07792706442494371
swap_small-mvns_ZDT1,ZDT1,2,21,1,Kriging,200,0,53,40000.0,40000.0,"[40000, 9606]",0.18615152635703736,0.07967998376510246
swap_small-mvns_ZDT1,ZDT1,2,22,1,Kriging,200,0,55,40000.0,40000.0,"[40000, 8988]",0.18620930807590527,0.0813495117846133
swap_small-mvns_ZDT1,ZDT1,2,23,1,Kriging,200,0,55,40000.0,40000.0,"[40000, 8564]",0.1862382630037115,0.08296669584703377
swap_small-mvns_ZDT1,ZDT1,2,24,1,Kriging,200,0,60,40000.0,40000.0,"[40000, 9236]",0.18629462971854283,0.08486115699338344
swap_small-mvns_ZDT1,ZDT1,2,25,1,Kriging,200,0,64,40000.0,40000.0,"[40000, 8554]",0.1863247422424709,0.08600725676644451
swap_small-mvns_ZDT1,ZDT1,2,26,1,Kriging,200,0,60,40000.0,40000.0,"[40000, 8796]",0.186342096509142,0.08746324659842389
swap_small-mvns_ZDT1,ZDT1,2,27,1,Kriging,200,0,64,40000.0,40000.0,"[40000, 7706]",0.18635040454527943,0.08865957914515836
swap_small-mvns_ZDT1,ZDT1,2,28,1,Kriging,200,0,66,40000.0,40000.0,"[40000, 8860]",0.18640281877376996,0.08945405040068778
swap_small-mvns_ZDT1,ZDT1,2,29,1,Kriging,200,0,71,40000.0,40000.0,"[40000, 8164]",0.18640322165963505,0.09016025171412004
swap_small-mvns_ZDT1,ZDT1,2,30,1,Kriging,200,0,68,40000.0,40000.0,"[40000, 9762]",0.18641949554238968,0.09154213095912851
swap_small-mvns_ZDT1,ZDT1,2,31,1,Kriging,200,0,75,40000.0,40000.0,"[40000, 8980]",0.1864523083132148,0.09243844950736274
swap_small-mvns_ZDT1,ZDT1,2,32,1,Kriging,200,0,70,40000.0,40000.0,"[40000, 7568]",0.1864523083132148,0.09352782947834445
swap_small-mvns_ZDT1,ZDT1,2,33,1,Kriging,200,0,69,40000.0,40000.0,"[40000, 7548]",0.18647030023296132,0.09396010319600843
swap_small-mvns_ZDT1,ZDT1,2,34,1,Kriging,200,0,79,40000.0,40000.0,"[40000, 8442]",0.1864811947765874,0.09462024415464333
swap_small-mvns_ZDT1,ZDT1,2,35,1,Kriging,200,0,79,40000.0,40000.0,"[40000, 7300]",0.1864811947765874,0.09473629085143319
swap_small-mvns_ZDT1,ZDT1,2,36,1,Kriging,200,0,78,40000.0,40000.0,"[40000, 9526]",0.18651642354529652,0.09550865565898067
swap_small-mvns_ZDT1,ZDT1,2,37,1,Kriging,200,0,76,40000.0,40000.0,"[40000, 10018]",0.18651642873242508,0.0956743693300014
swap_small-mvns_ZDT1,ZDT1,2,38,1,Kriging,200,0,76,40000.0,40000.0,"[40000, 8418]",0.18651642873242508,0.0962132777277649
swap_small-mvns_ZDT1,ZDT1,2,39,1,Kriging,200,0,80,40000.0,40000.0,"[40000, 8554]",0.18653076214655837,0.09636007175294603
swap_small-mvns_ZDT1,ZDT1,2,40,1,Kriging,200,0,80,40000.0,40000.0,"[40000, 8824]",0.1865334716232032,0.09665292191307165
swap_small-mvns_ZDT1,ZDT1,2,41,1,Kriging,200,0,83,40000.0,40000.0,"[40000, 8910]",0.1865334716232032,0.09710320029175047
swap_small-mvns_ZDT1,ZDT1,2,42,1,Kriging,200,0,81,40000.0,40000.0,"[40000, 8698]",0.1865334716232032,0.09727099486198937
swap_small-mvns_ZDT1,ZDT1,2,43,1,Kriging,200,0,86,40000.0,40000.0,"[40000, 7972]",0.18653382203961658,0.09773396637704938
swap_small-mvns_ZDT1,ZDT1,2,44,1,Kriging,200,0,87,40000.0,40000.0,"[40000, 8908]",0.18653382203961658,0.09775209514832679
swap_small-mvns_ZDT1,ZDT1,2,45,1,Kriging,200,0,88,40000.0,40000.0,"[40000, 7760]",0.18653382203961658,0.09759778104182354
swap_small-mvns_ZDT1,ZDT1,2,46,1,Kriging,200,0,90,40000.0,40000.0,"[40000, 9064]",0.18653382203961658,0.09776789542559124
swap_small-mvns_ZDT1,ZDT1,2,47,1,Kriging,200,0,93,40000.0,40000.0,"[40000, 9736]",0.18653382203961658,0.09789323220778165
swap_small-mvns_ZDT1,ZDT1,2,48,1,Kriging,200,0,89,40000.0,40000.0,"[40000, 10052]",0.18653382203961658,0.09781853934782644
swap_small-mvns_ZDT1,ZDT1,2,49,1,Kriging,200,0,89,40000.0,40000.0,"[40000, 7280]",0.1865336542891881,0.09843401172443396
swap_small-mvns_ZDT1,ZDT1,2,50,1,Kriging,200,0,89,40000.0,40000.0,"[40000, 8638]",0.18654370731733297,0.09839718648727205
swap_small-mvns_ZDT1,ZDT1,2,51,1,Kriging,200,0,89,40000.0,40000.0,"[40000, 10302]",0.18654867966473068,0.09837192760957457
swap_small-mvns_ZDT1,ZDT1,2,52,1,Kriging,200,0,85,40000.0,40000.0,"[40000, 8046]",0.1865509135018523,0.09852261647177338
swap_small-mvns_ZDT1,ZDT1,2,53,1,Kriging,200,0,82,40000.0,40000.0,"[40000, 8850]",0.18655344583212435,0.0986210882242053
swap_small-mvns_ZDT1,ZDT1,2,54,1,Kriging,200,0,87,40000.0,40000.0,"[40000, 9434]",0.1865554267722613,0.09882007126600073
swap_small-mvns_ZDT1,ZDT1,2,55,1,Kriging,200,0,86,40000.0,40000.0,"[40000, 9570]",0.1865554267722613,0.09879587702585091
swap_small-mvns_ZDT1,ZDT1,2,56,1,Kriging,200,0,86,40000.0,40000.0,"[40000, 10212]",0.18655795832838767,0.0990877064340135
swap_small-mvns_ZDT1,ZDT1,2,57,1,Kriging,200,0,85,40000.0,40000.0,"[40000, 8560]",0.18655795832838767,0.09905558113436688
swap_small-mvns_ZDT1,ZDT1,2,58,1,Kriging,200,0,87,40000.0,40000.0,"[40000, 9272]",0.18655896046843476,0.09875029489938793
swap_small-mvns_ZDT1,ZDT1,2,59,1,Kriging,200,0,89,40000.0,40000.0,"[40000, 9912]",0.18655896046843476,0.09910946002020081
swap_small-mvns_ZDT1,ZDT1,2,60,1,Kriging,200,0,89,40000.0,40000.0,"[40000, 8696]",0.18655936632277859,0.09918026358090025
swap_small-mvns_ZDT1,ZDT1,2,61,1,Kriging,200,0,94,40000.0,40000.0,"[40000, 9086]",0.18655998655651873,0.09924566675528122
swap_small-mvns_ZDT1,ZDT1,2,62,1,Kriging,200,0,94,40000.0,40000.0,"[40000, 9824]",0.18656240517884187,0.09914345257565879
swap_small-mvns_ZDT1,ZDT1,2,63,1,Kriging,200,0,94,40000.0,40000.0,"[40000, 9610]",0.18656302757358426,0.09909133375532164
swap_small-mvns_ZDT1,ZDT1,2,64,1,Kriging,200,0,92,40000.0,40000.0,"[40000, 8164]",0.1865657840781138,0.09934690285051723
swap_small-mvns_ZDT1,ZDT1,2,65,1,Kriging,200,0,90,40000.0,40000.0,"[40000, 9926]",0.18656670520843033,0.09943735196397123
swap_small-mvns_ZDT1,ZDT1,2,66,1,Kriging,200,0,92,40000.0,40000.0,"[40000, 8878]",0.18656670520843033,0.09940022114470573
swap_small-mvns_ZDT1,ZDT1,2,67,1,Kriging,200,0,90,40000.0,40000.0,"[40000, 8772]",0.18656724167138886,0.09972575667003877
swap_small-mvns_ZDT1,ZDT1,2,68,1,Kriging,200,0,93,40000.0,40000.0,"[40000, 8438]",0.18656724167138886,0.09936359422926794
swap_small-mvns_ZDT1,ZDT1,2,69,1,Kriging,200,0,94,40000.0,40000.0,"[40000, 9590]",0.18657016303421972,0.09945023518082306
swap_small-mvns_ZDT1,ZDT1,2,70,1,Kriging,200,0,91,40000.0,40000.0,"[40000, 10416]",0.18657016303421972,0.09951197004556281
swap_small-mvns_ZDT1,ZDT1,2,71,1,Kriging,200,0,90,40000.0,40000.0,"[40000, 9142]",0.18657016303421972,0.0995825673054793
swap_small-mvns_ZDT1,ZDT1,2,72,1,Kriging,200,0,91,40000.0,40000.0,"[40000, 7216]",0.18657016303421972,0.09969800895580931
swap_small-mvns_ZDT1,ZDT1,2,73,1,Kriging,200,0,91,40000.0,40000.0,"[40000, 9498]",0.18657174146409633,0.10004113470335355
swap_small-mvns_ZDT1,ZDT1,2,74,1,Kriging,200,0,95,40000.0,40000.0,"[40000, 8600]",0.18657237470245078,0.10000876793616738
swap_small-mvns_ZDT1,ZDT1,2,75,1,Kriging,200,0,95,40000.0,40000.0,"[40000, 7686]",0.18657237470245078,0.09981691226215958
swap_small-mvns_ZDT1,ZDT1,2,76,1,Kriging,200,0,91,40000.0,40000.0,"[40000, 9330]",0.1865728864360919,0.10011146249933395
swap_small-mvns_ZDT1,ZDT1,2,77,1,Kriging,200,0,95,40000.0,40000.0,"[40000, 9078]",0.1865728864360919,0.09978386422593659
swap_small-mvns_ZDT1,ZDT1,2,78,1,Kriging,200,0,94,40000.0,40000.0,"[40000, 9510]",0.1865728864360919,0.100026540213545
swap_small-mvns_ZDT1,ZDT1,2,79,1,Kriging,200,0,93,40000.0,40000.0,"[40000, 8610]",0.18657341552752849,0.09978834873409582
swap_small-mvns_ZDT1,ZDT1,2,80,1,Kriging,200,0,94,40000.0,40000.0,"[40000, 9292]",0.18657341552752849,0.09990549242730606
swap_small-mvns_ZDT1,ZDT1,2,81,1,Kriging,200,0,93,40000.0,40000.0,"[40000, 9900]",0.18657341552752849,0.09973432448023116
swap_small-mvns_ZDT1,ZDT1,2,82,1,Kriging,200,0,93,40000.0,40000.0,"[40000, 8994]",0.18657341552752849,0.10011595307102038
swap_small-mvns_ZDT1,ZDT1,2,83,1,Kriging,200,0,91,40000.0,40000.0,"[40000, 7352]",0.18657391825198708,0.10008892114929675
swap_small-mvns_ZDT1,ZDT1,2,84,1,Kriging,200,0,93,40000.0,40000.0,"[40000, 8644]",0.18657391825198708,0.09993500353172541
swap_small-mvns_ZDT1,ZDT1,2,85,1,Kriging,200,0,93,40000.0,40000.0,"[40000, 9334]",0.18657391825198708,0.09975003998363113
swap_small-mvns_ZDT1,ZDT1,2,86,1,Kriging,200,0,94,40000.0,40000.0,"[40000, 8742]",0.18657391825198708,0.10014281528173744
swap_small-mvns_ZDT1,ZDT1,2,87,1,Kriging,200,0,93,40000.0,40000.0,"[40000, 9468]",0.18657391825198708,0.09994716025353663
swap_small-mvns_ZDT1,ZDT1,2,88,1,Kriging,200,0,95,40000.0,40000.0,"[40000, 8832]",0.18657391825198708,0.10002887593192833
swap_small-mvns_ZDT1,ZDT1,2,89,1,Kriging,200,0,92,40000.0,40000.0,"[40000, 10300]",0.18657556532578726,0.09976655847439257
swap_small-mvns_ZDT1,ZDT1,2,90,1,Kriging,200,0,93,40000.0,40000.0,"[40000, 7986]",0.18657556532578726,0.09988798735645901
swap_small-mvns_ZDT1,ZDT1,2,91,1,Kriging,200,0,93,40000.0,40000.0,"[40000, 8492]",0.1865757910941072,0.09974743852134858
swap_small-mvns_ZDT1,ZDT1,2,92,1,Kriging,200,0,92,40000.0,40000.0,"[40000, 9396]",0.1865757910941072,0.0999525137616961
swap_small-mvns_ZDT1,ZDT1,2,93,1,Kriging,200,0,91,40000.0,40000.0,"[40000, 9790]",0.1865757910941072,0.10013491344265056
swap_small-mvns_ZDT1,ZDT1,2,94,1,Kriging,200,0,94,40000.0,40000.0,"[40000, 8096]",0.1865757910941072,0.09997148003906295
swap_small-mvns_ZDT1,ZDT1,2,95,1,Kriging,200,0,92,40000.0,40000.0,"[40000, 9146]",0.18657610104694056,0.10004628571933365
swap_small-mvns_ZDT1,ZDT1,2,96,1,Kriging,200,0,93,40000.0,40000.0,"[40000, 8840]",0.18657610104694056,0.09985923005207438
swap_small-mvns_ZDT1,ZDT1,2,97,1,Kriging,200,0,95,40000.0,40000.0,"[40000, 9748]",0.18657610104694056,0.09999803379641023
swap_small-mvns_ZDT1,ZDT1,2,98,1,Kriging,200,0,95,40000.0,40000.0,"[40000, 9972]",0.1865762221205295,0.1000954538546333
swap_small-mvns_ZDT1,ZDT1,2,99,1,Kriging,200,0,96,40000.0,40000.0,"[40000, 7928]",0.1865762221205295,0.09997508781694091
swap_small-mvns_ZDT4,ZDT4,2,1,1,Kriging,409,67,1,167281.0,167281.0,"[167281, 107585]",25.863609624296238,7.369566829064587
swap_small-mvns_ZDT4,ZDT4,2,2,1,Kriging,200,35,1,40000.0,40000.0,"[40000, 7737]",26.04619568142478,7.653314436402211
swap_small-mvns_ZDT4,ZDT4,2,3,1,Kriging,200,18,1,40000.0,40000.0,"[40000, 3174]",26.04619568142478,7.365743368582062
swap_small-mvns_ZDT4,ZDT4,2,4,1,Kriging,200,12,1,40000.0,40000.0,"[40000, 1328]",25.43543511734693,8.400640424362818
swap_small-mvns_ZDT4,ZDT4,2,5,1,Kriging,200,7,1,40000.0,40000.0,"[40000, 1170]",25.294897061643642,10.36110193889837
swap_small-mvns_ZDT4,ZDT4,2,6,1,Kriging,200,4,1,40000.0,40000.0,"[40000, 689]",24.845744394579125,13.711068389811283
swap_small-mvns_ZDT4,ZDT4,2,7,1,Kriging,200,2,1,40000.0,40000.0,"[40000, 902]",24.36422833249605,15.774979512245086
swap_small-mvns_ZDT4,ZDT4,2,8,1,Kriging,200,2,1,40000.0,40000.0,"[40000, 952]",24.06875370774319,18.638338879220708
swap_small-mvns_ZDT4,ZDT4,2,9,1,Kriging,200,2,1,40000.0,40000.0,"[40000, 1092]",24.508072719035976,21.98418608595333
swap_small-mvns_ZDT4,ZDT4,2,10,1,Kriging,200,2,1,40000.0,40000.0,"[40000, 1]",22.40257075901178,23.703800354192996
swap_small-mvns_ZDT4,ZDT4,2,11,1,Kriging,200,0,1,40000.0,40000.0,"[40000, 1]",23.325943330123962,25.882063790579313
swap_small-mvns_ZDT4,ZDT4,2,12,1,Kriging,200,0,1,40000.0,40000.0,"[40000, 0]",23.311512065385127,27.861858099467003
swap_small-mvns_ZDT4,ZDT4,2,13,1,Kriging,200,0,1,40000.0,40000.0,"[40000, 0]",24.467841628444404,27.540129806038685
swap_small-mvns_ZDT4,ZDT4,2,14,1,Kriging,200,0,1,40000.0,40000.0,"[40000, 0]",24.70180232102039,27.23905641472562
swap_small-mvns_ZDT4,ZDT4,2,15,1,Kriging,200,0,1,40000.0,40000.0,"[40000, 0]",20.639381531898266,26.316193483024357
swap_small-mvns_ZDT4,ZDT4,2,16,1,Kriging,200,0,1,40000.0,40000.0,"[40000, 0]",25.11890591120405,25.35977175638061
swap_small-mvns_ZDT4,ZDT4,2,17,1,Kriging,200,0,1,40000.0,40000.0,"[40000, 0]",19.299291551201428,24.968437363361478
swap_small-mvns_ZDT4,ZDT4,2,18,1,Kriging,200,0,1,40000.0,40000.0,"[40000, 0]",21.533578325572375,24.790831328663806
swap_small-mvns_ZDT4,ZDT4,2,19,1,Kriging,200,0,1,40000.0,40000.0,"[40000, 0]",22.182294519744715,24.872395928437726
swap_small-mvns_ZDT4,ZDT4,2,20,1,Kriging,200,0,1,40000.0,40000.0,"[40000, 0]",19.688910663870857,24.960506444438046
swap_small-mvns_ZDT4,ZDT4,2,21,1,Kriging,200,0,1,40000.0,40000.0,"[40000, 0]",25.17194339194493,25.063961025726922
swap_small-mvns_ZDT4,ZDT4,2,22,1,Kriging,200,0,1,40000.0,40000.0,"[40000, 0]",22.10824342742472,25.073069786244734
swap_small-mvns_ZDT4,ZDT4,2,23,1,Kriging,200,0,1,40000.0,40000.0,"[40000, 0]",20.738531855690635,25.068574296718044
swap_small-mvns_ZDT4,ZDT4,2,24,1,Kriging,200,0,1,40000.0,40000.0,"[40000, 0]",22.429279251683052,24.958727667652692
swap_small-mvns_ZDT4,ZDT4,2,25,1,Kriging,200,0,1,40000.0,40000.0,"[40000, 0]",17.9037791952028,24.837820165002178
swap_small-mvns_ZDT4,ZDT4,2,26,1,Kriging,200,0,1,40000.0,40000.0,"[40000, 0]",22.4627908137195,24.746297888125127
swap_small-mvns_ZDT4,ZDT4,2,27,1,Kriging,200,0,1,40000.0,40000.0,"[40000, 0]",17.603193697918773,24.589754167963427
swap_small-mvns_ZDT4,ZDT4,2,28,1,Kriging,200,0,1,40000.0,40000.0,"[40000, 0]",25.091687042391808,24.310980114713175
swap_small-mvns_ZDT4,ZDT4,2,29,1,Kriging,200,0,1,40000.0,40000.0,"[40000, 0]",19.475920891964734,24.175531814575073
swap_small-mvns_ZDT4,ZDT4,2,30,1,Kriging,200,0,1,40000.0,40000.0,"[40000, 0]",20.13043466232358,24.09166871686035
swap_small-mvns_ZDT4,ZDT4,2,31,1,Kriging,200,0,2,40000.0,40000.0,"[40000, 0]",17.911413758474865,24.23456518495355
swap_small-mvns_ZDT4,ZDT4,2,32,1,Kriging,200,0,3,40000.0,40000.0,"[40000, 0]",20.611558640296852,24.22971531098831
swap_small-mvns_ZDT4,ZDT4,2,33,1,Kriging,200,0,3,40000.0,40000.0,"[40000, 0]",20.927337594847653,24.194284942666904
swap_small-mvns_ZDT4,ZDT4,2,34,1,Kriging,200,0,2,40000.0,40000.0,"[40000, 0]",22.960359127769216,24.15629926876596
swap_small-mvns_ZDT4,ZDT4,2,35,1,Kriging,200,0,3,40000.0,40000.0,"[40000, 0]",23.902133501210766,24.144013803019885
swap_small-mvns_ZDT4,ZDT4,2,36,1,Kriging,200,0,3,40000.0,40000.0,"[40000, 0]",18.862439124141417,24.212245699076966
swap_small-mvns_ZDT4,ZDT4,2,37,1,Kriging,200,0,4,40000.0,40000.0,"[40000, 0]",21.697723583701833,24.176348883280642
swap_small-mvns_ZDT4,ZDT4,2,38,1,Kriging,200,0,3,40000.0,40000.0,"[40000, 0]",18.48841075645197,24.14791589659474
swap_small-mvns_ZDT4,ZDT4,2,39,1,Kriging,200,0,2,40000.0,40000.0,"[40000, 0]",19.19448459001394,24.127501635765867
swap_small-mvns_ZDT4,ZDT4,2,40,1,Kriging,200,0,2,40000.0,40000.0,"[40000, 0]",21.065164479288736,24.083690369004294
swap_small-mvns_ZDT4,ZDT4,2,41,1,Kriging,200,0,2,40000.0,40000.0,"[40000, 0]",22.663373489298923,24.067380133360032
swap_small-mvns_ZDT4,ZDT4,2,42,1,Kriging,200,0,3,40000.0,40000.0,"[40000, 0]",17.97309653721716,24.05993175604986
swap_small-mvns_ZDT4,ZDT4,2,43,1,Kriging,200,0,3,40000.0,40000.0,"[40000, 0]",21.117091534226134,24.037009153975042
swap_small-mvns_ZDT4,ZDT4,2,44,1,Kriging,200,0,2,40000.0,40000.0,"[40000, 0]",22.886393197214044,23.98561698411879
swap_small-mvns_ZDT4,ZDT4,2,45,1,Kriging,200,0,2,40000.0,40000.0,"[40000, 0]",22.977275965188518,23.995188524839456
swap_small-mvns_ZDT4,ZDT4,2,46,1,Kriging,200,0,3,40000.0,40000.0,"[40000, 0]",23.223699191181364,23.982786707129335
swap_small-mvns_ZDT4,ZDT4,2,47,1,Kriging,200,0,3,40000.0,40000.0,"[40000, 0]",15.606017079313823,23.98378191519669
swap_small-mvns_ZDT4,ZDT4,2,48,1,Kriging,200,0,3,40000.0,40000.0,"[40000, 0]",23.073368962366597,23.9992097978328
swap_small-mvns_ZDT4,ZDT4,2,49,1,Kriging,200,0,3,40000.0,40000.0,"[40000, 0]",24.44550006661426,24.00754954160727
swap_small-mvns_ZDT4,ZDT4,2,50,1,Kriging,200,0,3,40000.0,40000.0,"[40000, 0]",23.60293931700276,24.009240742660857
swap_small-mvns_ZDT4,ZDT4,2,51,1,Kriging,200,0,2,40000.0,40000.0,"[40000, 0]",19.405130603671306,24.006002382918442
swap_small-mvns_ZDT4,ZDT4,2,52,1,Kriging,200,0,4,40000.0,40000.0,"[40000, 0]",20.9226367957449,24.003051003721016
swap_small-mvns_ZDT4,ZDT4,2,53,1,Kriging,200,0,2,40000.0,40000.0,"[40000, 0]",22.75698805441907,24.01442335548555
swap_small-mvns_ZDT4,ZDT4,2,54,1,Kriging,200,0,2,40000.0,40000.0,"[40000, 0]",22.129696918179008,24.021602687904323
swap_small-mvns_ZDT4,ZDT4,2,55,1,Kriging,200,0,2,40000.0,40000.0,"[40000, 0]",22.152035637359287,24.032502712054917
swap_small-mvns_ZDT4,ZDT4,2,56,1,Kriging,200,0,3,40000.0,40000.0,"[40000, 0]",21.993516945590454,24.051239941152517
swap_small-mvns_ZDT4,ZDT4,2,57,1,Kriging,200,0,3,40000.0,40000.0,"[40000, 0]",24.05105852134308,24.07197879430472
swap_small-mvns_ZDT4,ZDT4,2,58,1,Kriging,200,0,4,40000.0,40000.0,"[40000, 0]",22.88738211086828,24.083250256501515
swap_small-mvns_ZDT4,ZDT4,2,59,1,Kriging,200,0,4,40000.0,40000.0,"[40000, 0]",21.056873109510406,24.080888887419405
swap_small-mvns_ZDT4,ZDT4,2,60,1,Kriging,200,0,4,40000.0,40000.0,"[40000, 0]",25.106141621940864,24.076849711983574
swap_small-mvns_ZDT4,ZDT4,2,61,1,Kriging,200,0,4,40000.0,40000.0,"[40000, 0]",19.236187735995934,24.06738514327337
swap_small-mvns_ZDT4,ZDT4,2,62,1,Kriging,200,0,5,40000.0,40000.0,"[40000, 0]",20.302509560740052,24.084106748350276
swap_small-mvns_ZDT4,ZDT4,2,63,1,Kriging,200,0,6,40000.0,40000.0,"[40000, 0]",20.817937941782542,24.107136147708406
swap_small-mvns_ZDT4,ZDT4,2,64,1,Kriging,200,0,3,40000.0,40000.0,"[40000, 0]",20.70793587938029,24.10789259073319
swap_small-mvns_ZDT4,ZDT4,2,65,1,Kriging,200,0,2,40000.0,40000.0,"[40000, 0]",24.625081565692852,24.107931120017252
swap_small-mvns_ZDT4,ZDT4,2,66,1,Kriging,200,0,3,40000.0,40000.0,"[40000, 0]",17.907900624421334,24.099531173588133
swap_small-mvns_ZDT4,ZDT4,2,67,1,Kriging,200,0,5,40000.0,40000.0,"[40000, 0]",22.794212788996738,24.09714418691341
swap_small-mvns_ZDT4,ZDT4,2,68,1,Kriging,200,0,4,40000.0,40000.0,"[40000, 0]",16.94705124511329,24.098532756490986
swap_small-mvns_ZDT4,ZDT4,2,69,1,Kriging,200,0,5,40000.0,40000.0,"[40000, 0]",20.91254800626578,24.10398595197773
swap_small-mvns_ZDT4,ZDT4,2,70,1,Kriging,200,0,6,40000.0,40000.0,"[40000, 0]",23.489518574076325,24.10760853571273
swap_small-mvns_ZDT4,ZDT4,2,71,1,Kriging,200,0,7,40000.0,40000.0,"[40000, 0]",24.22698213007562,24.11205884313985
swap_small-mvns_ZDT4,ZDT4,2,72,1,Kriging,200,0,9,40000.0,40000.0,"[40000, 0]",24.064681588512535,24.12641652315891
swap_small-mvns_ZDT4,ZDT4,2,73,1,Kriging,200,0,7,40000.0,40000.0,"[40000, 0]",19.204801633410103,24.1234901511459
swap_small-mvns_ZDT4,ZDT4,2,74,1,Kriging,200,0,3,40000.0,40000.0,"[40000, 0]",20.411349441338455,24.128084432589713
swap_small-mvns_ZDT4,ZDT4,2,75,1,Kriging,200,0,8,40000.0,40000.0,"[40000, 0]",20.666393074119235,24.126231898481837
swap_small-mvns_ZDT4,ZDT4,2,76,1,Kriging,200,0,10,40000.0,40000.0,"[40000, 0]",24.434954083079703,24.12978206764486
swap_small-mvns_ZDT4,ZDT4,2,77,1,Kriging,200,0,11,40000.0,40000.0,"[40000, 0]",23.944942363277057,24.129909225717387
swap_small-mvns_ZDT4,ZDT4,2,78,1,Kriging,200,0,7,40000.0,40000.0,"[40000, 0]",22.37449559960513,24.13373202627234
swap_small-mvns_ZDT4,ZDT4,2,79,1,Kriging,200,0,9,40000.0,40000.0,"[40000, 0]",21.53005012941285,24.132695612719086
swap_small-mvns_ZDT4,ZDT4,2,80,1,Kriging,200,0,5,40000.0,40000.0,"[40000, 0]",20.488632269379416,24.1318153787269
swap_small-mvns_ZDT4,ZDT4,2,81,1,Kriging,200,0,6,40000.0,40000.0,"[40000, 0]",22.74187808628485,24.130877364869185
swap_small-mvns_ZDT4,ZDT4,2,82,1,Kriging,200,0,7,40000.0,40000.0,"[40000, 0]",23.561811680962375,24.130656414480914
swap_small-mvns_ZDT4,ZDT4,2,83,1,Kriging,200,0,7,40000.0,40000.0,"[40000, 0]",23.280240857385962,24.129775228476763
swap_small-mvns_ZDT4,ZDT4,2,84,1,Kriging,200,0,6,40000.0,40000.0,"[40000, 0]",21.784287418911426,24.128006765553707
swap_small-mvns_ZDT4,ZDT4,2,85,1,Kriging,200,0,9,40000.0,40000.0,"[40000, 0]",20.801936359911892,24.125369647193807
swap_small-mvns_ZDT4,ZDT4,2,86,1,Kriging,200,0,9,40000.0,40000.0,"[40000, 0]",21.122602114751082,24.12126708904891
swap_small-mvns_ZDT4,ZDT4,2,87,1,Kriging,200,0,8,40000.0,40000.0,"[40000, 0]",19.727634320506986,24.118188921989937
swap_small-mvns_ZDT4,ZDT4,2,88,1,Kriging,200,0,9,40000.0,40000.0,"[40000, 0]",21.897589610684825,24.112459169479756
swap_small-mvns_ZDT4,ZDT4,2,89,1,Kriging,200,0,7,40000.0,40000.0,"[40000, 0]",23.20559765221517,24.109322906856388
swap_small-mvns_ZDT4,ZDT4,2,90,1,Kriging,200,0,1,40000.0,40000.0,"[40000, 0]",19.83003168573568,24.128288882806974
swap_small-mvns_ZDT4,ZDT4,2,91,1,Kriging,200,0,1,40000.0,40000.0,"[40000, 0]",23.852238146043394,24.11314484808858
swap_small-mvns_ZDT4,ZDT4,2,92,1,Kriging,200,0,1,40000.0,40000.0,"[40000, 0]",17.866891667755237,24.1075718164926
swap_small-mvns_ZDT4,ZDT4,2,93,1,Kriging,200,0,1,40000.0,40000.0,"[40000, 0]",19.142983384897484,24.10049079090615
swap_small-mvns_ZDT4,ZDT4,2,94,1,Kriging,200,0,1,40000.0,40000.0,"[40000, 0]",21.10658299561299,24.095166809947337
swap_small-mvns_ZDT4,ZDT4,2,95,1,Kriging,200,0,1,40000.0,40000.0,"[40000, 0]",18.76435830322258,24.096006761485942
swap_small-mvns_ZDT4,ZDT4,2,96,1,Kriging,200,0,1,40000.0,40000.0,"[40000, 0]",17.774557871230318,24.093582136314208
swap_small-mvns_ZDT4,ZDT4,2,97,1,Kriging,200,0,2,40000.0,40000.0,"[40000, 0]",22.144192365948093,24.09044492811643
swap_small-mvns_ZDT4,ZDT4,2,98,1,Kriging,200,0,2,40000.0,40000.0,"[40000, 0]",19.08517927194893,24.081759725128688
swap_small-mvns_ZDT4,ZDT4,2,99,1,Kriging,200,0,3,40000.0,40000.0,"[40000, 0]",19.503341770660473,24.080229030268352
