problema,geracao,seed_log,seed_calc,seed_ok,lote_bit_a_bit,max_absdiff_nat,fe_evento,n_linhas_lote_real,u_min,u_max
DTLZ2,1,933708677,933708677,True,True,2.7939677238464355e-08,141,10,0.0072181811556220055,0.9983977526426315
DTLZ2,2,2994616791,2994616791,True,True,2.9802322387695312e-08,151,10,0.008340197615325451,0.9934827145189047
DTLZ2,3,3342987507,3342987507,True,True,2.9802322387695312e-08,161,10,0.0032687364146113396,0.9943763287737966
DTLZ2,4,644100034,644100034,True,True,2.9802322387695312e-08,171,10,0.014666169881820679,0.9924709293991327
DTLZ2,5,2150065031,2150065031,True,True,2.8870999813079834e-08,181,10,0.0032685641199350357,0.9989672610536218
DTLZ2,6,1260788964,1260788964,True,True,2.9802322387695312e-08,191,10,0.002210398204624653,0.9997830018401146
DTLZ2,7,2740120906,2740120906,True,True,2.8870999813079834e-08,201,10,0.00122846569865942,0.9793830960988998
DTLZ2,8,3526466499,3526466499,True,True,2.9802322387695312e-08,211,10,0.00522843562066555,0.9946388192474842
DTLZ2,9,1118246763,1118246763,True,True,2.8870999813079834e-08,221,10,0.02329453732818365,0.9828735869377851
DTLZ2,10,12212900,12212900,True,True,2.8870999813079834e-08,231,10,0.008106447756290436,0.99472651258111
DTLZ2,11,1124738283,1124738283,True,True,2.8870999813079834e-08,241,10,0.0015366105362772942,0.9949878193438053
DTLZ2,12,1536005704,1536005704,True,True,2.8870999813079834e-08,251,10,0.002986765466630459,0.9750612825155258
DTLZ2,13,1623154133,1623154133,True,True,2.8870999813079834e-08,261,10,0.0032662739977240562,0.9976044036448002
DTLZ2,14,2411994283,2411994283,True,True,2.8870999813079834e-08,271,10,0.0011351602151989937,0.990924833342433
DTLZ2,15,2977824913,2977824913,True,True,2.9802322387695312e-08,281,10,0.02378588542342186,0.9886449659243226
DTLZ2,16,8033846,8033846,True,True,2.9802322387695312e-08,291,10,0.0009704567492008209,0.989188376814127
DTLZ2,17,1849310794,1849310794,True,True,2.8870999813079834e-08,301,10,0.0083865812048316,0.9958280958235264
DTLZ2,18,135365848,135365848,True,True,2.8870999813079834e-08,311,10,0.003379671834409237,0.9989450927823782
DTLZ2,19,3675884182,3675884182,True,True,2.9802322387695312e-08,321,10,0.004713027738034725,0.9942010650411248
DTLZ2,20,4187209530,4187209530,True,True,2.9802322387695312e-08,331,10,0.0022929562255740166,0.9988701408728957
DTLZ2,21,1953483353,1953483353,True,True,2.9802322387695312e-08,341,10,0.00479303952306509,0.9971165955066681
DTLZ2,22,3200210475,3200210475,True,True,2.8870999813079834e-08,351,10,0.02762424573302269,0.9899926474317908
DTLZ2,23,690105596,690105596,True,True,2.9802322387695312e-08,361,10,0.018928401172161102,0.9928043987601995
DTLZ2,24,2376847590,2376847590,True,True,2.8870999813079834e-08,371,10,0.0014260690659284592,0.9743492985144258
DTLZ2,25,1353967299,1353967299,True,True,2.9802322387695312e-08,381,10,0.0009616855531930923,0.9880085065960884
DTLZ2,26,2484501875,2484501875,True,True,2.8870999813079834e-08,391,10,0.007960875518620014,0.9888531668111682
DTLZ2,27,3264550778,3264550778,True,True,2.9802322387695312e-08,401,10,0.007012549787759781,0.9973102230578661
DTLZ2,28,4191262284,4191262284,True,True,2.9802322387695312e-08,411,10,0.003452517092227936,0.9924551602452993
DTLZ2,29,3662099770,3662099770,True,True,2.9802322387695312e-08,421,10,0.020948011428117752,0.9913616720587015
DTLZ2,30,3902364483,3902364483,True,True,2.9802322387695312e-08,431,10,0.0039193639531731606,0.9787798598408699
DTLZ2,31,2348467950,2348467950,True,True,2.8870999813079834e-08,441,10,0.015795592218637466,0.9987375177443027
DTLZ2,32,1924812543,1924812543,True,True,2.9802322387695312e-08,451,10,0.0022347187623381615,0.9957037474960089
DTLZ2,33,2021883790,2021883790,True,True,2.9802322387695312e-08,461,10,0.00035399850457906723,0.9891388518735766
DTLZ2,34,1853367922,1853367922,True,True,2.8870999813079834e-08,471,10,0.0026181740686297417,0.994503503665328
DTLZ2,35,3671139195,3671139195,True,True,2.9802322387695312e-08,481,10,0.005265258252620697,0.9884753692895174
DTLZ2,36,105738018,105738018,True,True,2.9802322387695312e-08,491,10,0.0015035560354590416,0.9810648942366242
DTLZ2,37,3507106890,3507106890,True,True,2.9802322387695312e-08,501,10,0.002194947563111782,0.9960488034412265
DTLZ2,38,2658641751,2658641751,True,True,2.8870999813079834e-08,511,10,0.002002115361392498,0.9734102431684732
DTLZ2,39,378463023,378463023,True,True,2.9802322387695312e-08,521,10,0.005602930672466755,0.9970002360641956
DTLZ2,40,2198060547,2198060547,True,True,2.9802322387695312e-08,531,10,0.003577793948352337,0.9985296623781323
DTLZ2,41,2547117697,2547117697,True,True,2.8870999813079834e-08,541,10,0.0002053976058959961,0.9974007681012154
DTLZ2,42,811038363,811038363,True,True,2.8870999813079834e-08,551,10,0.01052501704543829,0.9903999483212829
DTLZ2,43,3339395492,3339395492,True,True,2.8870999813079834e-08,561,10,0.0005755024030804634,0.9912710813805461
DTLZ2,44,874467473,874467473,True,True,2.9802322387695312e-08,571,10,0.008899297565221786,0.981198962777853
DTLZ2,45,160635831,160635831,True,True,2.8870999813079834e-08,581,10,0.011279807426035404,0.994498535990715
DTLZ2,46,1946352888,1946352888,True,True,2.8870999813079834e-08,591,10,0.001250467263162136,0.992013611830771
DTLZ2,47,3137065642,3137065642,True,True,2.9802322387695312e-08,601,10,0.021530483849346638,0.9998727273195982
DTLZ2,48,2904438633,2904438633,True,True,2.7939677238464355e-08,611,10,0.004997922107577324,0.9974590325728059
DTLZ2,49,4033952540,4033952540,True,True,2.8870999813079834e-08,621,10,0.014348573982715607,0.9959355583414435
DTLZ2,50,714993139,714993139,True,True,2.8870999813079834e-08,631,10,0.004810393787920475,0.985985123552382
DTLZ2,51,3676055588,3676055588,True,True,2.9802322387695312e-08,641,10,0.003246498294174671,0.995410387404263
DTLZ2,52,2451970584,2451970584,True,True,2.9802322387695312e-08,651,10,0.0011888304725289345,0.9924934776499867
DTLZ2,53,389651307,389651307,True,True,2.9802322387695312e-08,661,10,0.0018211454153060913,0.9848653674125671
DTLZ2,54,3625937640,3625937640,True,True,2.9802322387695312e-08,671,10,0.003038724884390831,0.9949740255251527
DTLZ2,55,862069175,862069175,True,True,2.8870999813079834e-08,681,10,0.020099627785384655,0.9849079651758075
DTLZ2,56,1404136993,1404136993,True,True,2.7008354663848877e-08,691,10,0.009544343687593937,0.9988398822024465
DTLZ2,57,1226374421,1226374421,True,True,2.8870999813079834e-08,701,10,0.0070664966478943825,0.9938622647896409
DTLZ2,58,3561557794,3561557794,True,True,2.9802322387695312e-08,711,10,0.013060244731605053,0.9964867727831006
DTLZ2,59,2934202464,2934202464,True,True,2.8870999813079834e-08,721,10,0.005109776742756367,0.9929279834032059
DTLZ2,60,1098335104,1098335104,True,True,2.9802322387695312e-08,731,10,0.005849672481417656,0.9929399285465479
DTLZ2,61,2913975435,2913975435,True,True,2.9802322387695312e-08,741,10,0.009118600748479366,0.9909016499295831
DTLZ2,62,3924500886,3924500886,True,True,2.8870999813079834e-08,751,10,0.0027465736493468285,0.9945112783461809
DTLZ2,63,4271627220,4271627220,True,True,2.8870999813079834e-08,761,10,0.006888644769787788,0.9891629470512271
DTLZ2,64,3011779428,3011779428,True,True,2.8870999813079834e-08,771,10,0.005404201336205006,0.9961415650323033
DTLZ2,65,4250841277,4250841277,True,True,2.7939677238464355e-08,781,10,0.0006272308528423309,0.9975442923605442
DTLZ2,66,366883875,366883875,True,True,2.9802322387695312e-08,791,10,0.0015433663502335548,0.9977247565984726
DTLZ2,67,3776379520,3776379520,True,True,2.9802322387695312e-08,801,10,0.023028403520584106,0.9996076580137014
DTLZ2,68,817661582,817661582,True,True,2.8870999813079834e-08,811,10,0.0009859269484877586,0.9999497849494219
DTLZ2,69,3869574007,3869574007,True,True,2.9802322387695312e-08,821,10,0.0056045176461339,0.9704730799421668
DTLZ2,70,1887547529,1887547529,True,True,2.9802322387695312e-08,831,10,0.008477610535919666,0.9953993912786245
DTLZ2,71,720839126,720839126,True,True,2.9802322387695312e-08,841,10,0.007522966712713242,0.9978784509003162
DTLZ2,72,1985021522,1985021522,True,True,2.8870999813079834e-08,851,10,0.0057577528059482574,0.9928650697693229
DTLZ2,73,2610049498,2610049498,True,True,2.7939677238464355e-08,861,10,0.02182371262460947,0.9895200934261084
DTLZ2,74,1517746977,1517746977,True,True,2.9802322387695312e-08,871,10,0.002918173559010029,0.9939129473641515
DTLZ2,75,3510948951,3510948951,True,True,2.9802322387695312e-08,881,10,0.013552204705774784,0.995666304603219
DTLZ2,76,1130878588,1130878588,True,True,2.9802322387695312e-08,891,10,0.0014970097690820694,0.994291789829731
DTLZ2,77,2151269100,2151269100,True,True,2.9802322387695312e-08,901,10,0.005425580777227879,0.9987581949681044
DTLZ2,78,632815734,632815734,True,True,2.9802322387695312e-08,911,10,0.004465195350348949,0.9912072150036693
DTLZ2,79,3538986738,3538986738,True,True,2.9802322387695312e-08,921,10,0.018285589292645454,0.9969379752874374
DTLZ2,80,516636034,516636034,True,True,2.9802322387695312e-08,931,10,0.007155146449804306,0.9820012329146266
DTLZ2,81,2371957930,2371957930,True,True,2.8870999813079834e-08,941,10,0.015358736738562584,0.9974727714434266
DTLZ2,82,342957437,342957437,True,True,2.8870999813079834e-08,951,10,0.0036123571917414665,0.9967180984094739
DTLZ2,83,399575080,399575080,True,True,2.8870999813079834e-08,961,10,0.00430198572576046,0.9877628395333886
DTLZ2,84,911814076,911814076,True,True,2.9802322387695312e-08,971,10,0.022568983025848866,0.9903407953679562
DTLZ2,85,1521155427,1521155427,True,True,2.9802322387695312e-08,981,10,0.01154764462262392,0.9950807774439454
DTLZ2,86,3750218832,3750218832,True,True,2.8870999813079834e-08,991,10,0.004454795271158218,0.993608576245606
DTLZ2,87,1112316872,1112316872,True,True,2.9802322387695312e-08,1001,10,0.0009369729086756706,0.9969723764806986
DTLZ2,88,3015908081,3015908081,True,True,2.9802322387695312e-08,1011,10,0.0016556335613131523,0.9921985678374767
DTLZ2,89,1898687068,1898687068,True,True,2.9802322387695312e-08,1021,10,0.008255606517195702,0.9979039272293448
DTLZ2,90,3933139375,3933139375,True,True,2.9802322387695312e-08,1031,10,0.0013111568987369537,0.998249969445169
DTLZ2,91,91271492,91271492,True,True,2.9802322387695312e-08,1041,10,0.008131715469062328,0.9885298376902938
DTLZ2,92,2749793150,2749793150,True,True,2.8870999813079834e-08,1051,10,0.0006206538528203964,0.9773010825738311
DTLZ2,93,3782835874,3782835874,True,True,2.9802322387695312e-08,1061,10,0.01389243733137846,0.9985720170661807
DTLZ2,94,1788915900,1788915900,True,True,2.9802322387695312e-08,1071,10,0.003833145834505558,0.9983825739473104
DTLZ2,95,896154316,896154316,True,True,2.8870999813079834e-08,1081,10,0.019891396164894104,0.9893941450864077
DTLZ2,96,2253721466,2253721466,True,True,2.9802322387695312e-08,1091,10,0.0027847299352288246,0.9915330754593015
DTLZ2,97,1112773141,1112773141,True,True,2.9802322387695312e-08,1101,10,0.011363768950104713,0.9973948979750276
DTLZ2,98,469138701,469138701,True,True,2.8870999813079834e-08,1111,10,0.00040539074689149857,0.9836795059964061
DTLZ2,99,2683574398,2683574398,True,True,2.9802322387695312e-08,1121,10,0.0031009046360850334,0.9863806525245309
DTLZ2,100,280708244,280708244,True,True,2.9802322387695312e-08,1131,10,0.038852304220199585,0.9915167419239879
DTLZ2,101,2278267685,2278267685,True,True,2.9802322387695312e-08,1141,10,0.0028072539716959,0.9995183767750859
DTLZ2,102,1275801284,1275801284,True,True,2.9802322387695312e-08,1151,10,0.0007829749956727028,0.9895939845591784
DTLZ2,103,2670535944,2670535944,True,True,2.9802322387695312e-08,1161,10,0.0042173778638243675,0.9924452574923635
DTLZ2,104,3481144348,3481144348,True,True,2.8870999813079834e-08,1171,10,0.03471741732209921,0.999105422757566
DTLZ2,105,1849433549,1849433549,True,True,2.8870999813079834e-08,1181,10,0.00748029537498951,0.998733407817781
DTLZ2,106,1073027652,1073027652,True,True,2.8870999813079834e-08,1191,10,0.001745392568409443,0.998407993465662
DTLZ2,107,1999785332,1999785332,True,True,2.9802322387695312e-08,1201,10,0.004813814535737038,0.9999206829816103
DTLZ2,108,557315839,557315839,True,True,2.9802322387695312e-08,1211,10,0.008289183489978313,0.9825304234400392
DTLZ2,109,3572270399,3572270399,True,True,2.8870999813079834e-08,1221,10,0.0071988292038440704,0.998124361038208
DTLZ2,110,791436992,791436992,True,True,2.7939677238464355e-08,1231,10,0.006534162908792496,0.9925458850339055
DTLZ2,111,905798919,905798919,True,True,2.8870999813079834e-08,1241,10,0.0006192121654748917,0.9934048186987638
DTLZ2,112,3330113532,3330113532,True,True,2.8870999813079834e-08,1251,10,0.0014965655282139778,0.9984002774581313
DTLZ2,113,310355428,310355428,True,True,2.9802322387695312e-08,1261,10,0.016065465286374092,0.9869041256606579
DTLZ2,114,3787355612,3787355612,True,True,2.8870999813079834e-08,1271,10,0.027355489321053028,0.9814662151038647
DTLZ2,115,829557018,829557018,True,True,2.8870999813079834e-08,1281,10,0.009770084172487259,0.9966636747121811
DTLZ2,116,4165220514,4165220514,True,True,2.8870999813079834e-08,1291,10,0.0008020363748073578,0.992428163997829
DTLZ2,117,673564029,673564029,True,True,2.8870999813079834e-08,1301,10,0.00511617586016655,0.9997067833319306
DTLZ2,118,1286616897,1286616897,True,True,2.9802322387695312e-08,1311,10,0.0033100834116339684,0.9932431569322944
DTLZ2,119,2892962097,2892962097,True,True,2.9802322387695312e-08,1321,10,0.0028465809300541878,0.9980595912784338
DTLZ2,120,3401421247,3401421247,True,True,2.7008354663848877e-08,1331,10,0.012565070763230324,0.9998113866895437
DTLZ2,121,1097979843,1097979843,True,True,2.9802322387695312e-08,1341,10,0.00914737582206726,0.9987711785361171
DTLZ2,122,978110580,978110580,True,True,2.8870999813079834e-08,1351,10,0.0010754875838756561,0.979884434491396
DTLZ2,123,1217947320,1217947320,True,True,2.9802322387695312e-08,1361,10,0.0006515225395560265,0.9866750705987215
DTLZ2,124,2547088148,2547088148,True,True,2.9802322387695312e-08,1371,10,0.0292548555880785,0.9927150020375848
DTLZ2,125,2373209474,2373209474,True,True,2.8870999813079834e-08,1381,10,0.0030337972566485405,0.9993133936077356
DTLZ2,126,4281731174,4281731174,True,True,2.9802322387695312e-08,1391,10,0.01288566179573536,0.997585597448051
DTLZ2,127,2237316625,2237316625,True,True,2.7939677238464355e-08,1401,10,0.021283412352204323,0.9848676649853587
DTLZ2,128,1406375660,1406375660,True,True,2.7939677238464355e-08,1411,10,0.006482327356934547,0.9991341819986701
DTLZ2,129,2389504378,2389504378,True,True,2.8870999813079834e-08,1421,10,0.022682773880660534,0.9902609698474407
DTLZ2,130,874188926,874188926,True,True,2.9802322387695312e-08,1431,10,0.0016506854444742203,0.9955987250432372
DTLZ2,131,2088416102,2088416102,True,True,2.9802322387695312e-08,1441,10,0.017837541177868843,0.9887415068224072
DTLZ2,132,2781256627,2781256627,True,True,2.9802322387695312e-08,1451,10,0.004165735095739365,0.9996869210153818
DTLZ2,133,3612219559,3612219559,True,True,2.9802322387695312e-08,1461,10,0.003952073864638805,0.9952756157144904
DTLZ2,134,217849553,217849553,True,True,2.9802322387695312e-08,1471,10,0.019974108785390854,0.9988146210089326
DTLZ2,135,2964425710,2964425710,True,True,2.9802322387695312e-08,1481,10,0.008685641922056675,0.9989978633821011
DTLZ2,136,3840522651,3840522651,True,True,2.8870999813079834e-08,1491,10,0.01585199683904648,0.9968938650563359
DTLZ2,137,2263838889,2263838889,True,True,2.8870999813079834e-08,1501,10,0.012944638729095459,0.9788389299064875
DTLZ2,138,3597571576,3597571576,True,True,2.9802322387695312e-08,1511,10,0.010829504579305649,0.9980014180764556
DTLZ2,139,4254793566,4254793566,True,True,2.8870999813079834e-08,1521,10,0.0033804820850491524,0.9968602592125535
DTLZ2,140,3011301605,3011301605,True,True,2.8870999813079834e-08,1531,10,0.0011489978060126305,0.9960807515308261
DTLZ2,141,3865017833,3865017833,True,True,2.8870999813079834e-08,1541,10,0.015291739255189896,0.993667908012867
DTLZ2,142,3797178146,3797178146,True,True,2.8870999813079834e-08,1551,10,0.008043231442570686,0.9934854181483388
DTLZ2,143,820777656,820777656,True,True,2.8870999813079834e-08,1561,10,0.002080908976495266,0.9968957956880331
DTLZ2,144,3045333213,3045333213,True,True,2.8870999813079834e-08,1571,10,0.006331148557364941,0.979932639747858
DTLZ2,145,3638811665,3638811665,True,True,2.8870999813079834e-08,1581,10,0.005860781297087669,0.9983109114691615
DTLZ2,146,3242637894,3242637894,True,True,2.8870999813079834e-08,1591,10,2.7785077691078186e-05,0.9942127736285329
DTLZ2,147,284945584,284945584,True,True,2.9802322387695312e-08,1601,10,0.014996892772614956,0.9946464048698545
DTLZ2,148,950976045,950976045,True,True,2.8870999813079834e-08,1611,10,0.003945899195969105,0.9849101155996323
DTLZ2,149,4190101277,4190101277,True,True,2.9802322387695312e-08,1621,10,0.002870950847864151,0.9907075455412269
DTLZ2,150,4240298493,4240298493,True,True,2.9802322387695312e-08,1631,10,0.017514594830572605,0.9992072712630033
DTLZ2,151,2734206366,2734206366,True,True,2.9802322387695312e-08,1641,10,0.004327909089624882,0.9883681023493409
DTLZ2,152,897201061,897201061,True,True,2.7939677238464355e-08,1651,10,0.0009610746055841446,0.9894359381869435
DTLZ2,153,800841217,800841217,True,True,2.8870999813079834e-08,1661,10,0.0016362443566322327,0.990426030009985
DTLZ2,154,3727287082,3727287082,True,True,2.9802322387695312e-08,1671,10,0.024089002050459385,0.978097771294415
DTLZ2,155,2285187862,2285187862,True,True,2.8870999813079834e-08,1681,10,0.02877130638808012,0.9930495973676443
DTLZ2,156,39571393,39571393,True,True,2.9802322387695312e-08,1691,10,0.0012471051886677742,0.9769584471359849
DTLZ2,157,101994020,101994020,True,True,2.8870999813079834e-08,1701,10,0.006960679776966572,0.9986330317333341
DTLZ2,158,347657349,347657349,True,True,2.9802322387695312e-08,1711,10,0.0015191379934549332,0.9977729693055153
DTLZ2,159,4188814821,4188814821,True,True,2.9802322387695312e-08,1721,10,0.0026556681841611862,0.9983417056500912
DTLZ2,160,2227096487,2227096487,True,True,2.8870999813079834e-08,1731,10,0.021399433724582195,0.9971077516674995
DTLZ2,161,3681653188,3681653188,True,True,2.9802322387695312e-08,1741,10,0.006841881200671196,0.9971951432526112
DTLZ2,162,2381844788,2381844788,True,True,2.8870999813079834e-08,1751,10,0.002569722943007946,0.9940695147961378
DTLZ2,163,1132760349,1132760349,True,True,2.9802322387695312e-08,1761,10,0.000368497334420681,0.9963796874508262
DTLZ2,164,2557017996,2557017996,True,True,2.9802322387695312e-08,1771,10,0.00775793194770813,0.987909116782248
DTLZ2,165,2707086986,2707086986,True,True,2.8870999813079834e-08,1781,10,0.01353265531361103,0.9849259769544005
DTLZ2,166,1960506298,1960506298,True,True,2.9802322387695312e-08,1791,10,0.03899503964930773,0.9973209239542484
DTLZ2,167,4198347951,4198347951,True,True,2.9802322387695312e-08,1801,10,0.00879178661853075,0.996061529032886
DTLZ2,168,3034052617,3034052617,True,True,2.9802322387695312e-08,1811,10,0.016115309670567513,0.9861347330734134
DTLZ2,169,1813513565,1813513565,True,True,2.9802322387695312e-08,1821,10,0.007433533668518066,0.9991022543981671
DTLZ2,170,1076051391,1076051391,True,True,2.9802322387695312e-08,1831,10,0.012738019227981567,0.9991293353959918
DTLZ2,171,3145112,3145112,True,True,2.7939677238464355e-08,1841,10,0.013393515720963478,0.9999214382842183
DTLZ2,172,447480960,447480960,True,True,2.9802322387695312e-08,1851,10,0.00019509997218847275,0.994838890619576
DTLZ2,173,543610436,543610436,True,True,2.7939677238464355e-08,1861,10,0.002420397475361824,0.9952127141878009
DTLZ2,174,234800418,234800418,True,True,2.9802322387695312e-08,1871,10,0.010603006929159164,0.9897812167182565
DTLZ2,175,3569818446,3569818446,True,True,2.9802322387695312e-08,1881,10,0.011168083176016808,0.9943814566358924
DTLZ2,176,3937749341,3937749341,True,True,2.7939677238464355e-08,1891,10,0.020879942923784256,0.9947643326595426
DTLZ2,177,3167630698,3167630698,True,True,2.9802322387695312e-08,1901,10,0.003044290468096733,0.9901318000629544
DTLZ2,178,3754766837,3754766837,True,True,2.9802322387695312e-08,1911,10,0.003758735954761505,0.9843466561287642
DTLZ2,179,3440455371,3440455371,True,True,2.8870999813079834e-08,1921,10,0.017217103391885757,0.9851237731054425
DTLZ2,180,4062738837,4062738837,True,True,2.9802322387695312e-08,1931,10,0.011384798213839531,0.9987197164446115
DTLZ2,181,4238092138,4238092138,True,True,2.9802322387695312e-08,1941,10,0.006966143846511841,0.9991740435361862
DTLZ2,182,3191159481,3191159481,True,True,2.7008354663848877e-08,1951,10,0.0032419804483652115,0.9770542774349451
DTLZ2,183,338272653,338272653,True,True,2.8870999813079834e-08,1961,10,0.0034620901569724083,0.9953785976395011
DTLZ2,184,3364110680,3364110680,True,True,2.9802322387695312e-08,1971,10,0.003393951803445816,0.9923759773373604
DTLZ2,185,2691828570,2691828570,True,True,2.8870999813079834e-08,1981,10,0.012434826232492924,0.9893564162775874
DTLZ2,186,1756661230,1756661230,True,True,2.8870999813079834e-08,1991,10,0.0038132797926664352,0.9981529619544744
DTLZ2,187,930869526,930869526,True,True,2.9802322387695312e-08,2001,10,0.0036965860053896904,0.9974789563566446
DTLZ2,188,3121039207,3121039207,True,True,2.8870999813079834e-08,2011,10,0.004835747182369232,0.9873323319479823
DTLZ2,189,4202236004,4202236004,True,True,2.7939677238464355e-08,2021,10,0.009143278934061527,0.9985684361308813
DTLZ2,190,39050894,39050894,True,True,2.9802322387695312e-08,2031,10,0.001090596430003643,0.995968627743423
DTLZ2,191,2680218704,2680218704,True,True,2.9802322387695312e-08,2041,10,0.010871514678001404,0.9945675171911716
DTLZ2,192,1723573172,1723573172,True,True,2.9802322387695312e-08,2051,10,0.001299714669585228,0.9965161811560392
DTLZ2,193,3826296998,3826296998,True,True,2.8870999813079834e-08,2061,10,0.0024010678753256798,0.9919036449864507
DTLZ2,194,356140725,356140725,True,True,2.9802322387695312e-08,2071,10,5.747564136981964e-05,0.9893114380538464
DTLZ2,195,1879428589,1879428589,True,True,2.9802322387695312e-08,2081,10,0.014692828059196472,0.9859997732564807
DTLZ2,196,1473390918,1473390918,True,True,2.8870999813079834e-08,2091,10,0.003349529579281807,0.9978384422138333
DTLZ2,197,2716802463,2716802463,True,True,2.8870999813079834e-08,2101,10,0.005812519229948521,0.9941763142123818
DTLZ2,198,1121008210,1121008210,True,True,2.8870999813079834e-08,2111,10,0.01853787526488304,0.9738777549937367
DTLZ2,199,76518805,76518805,True,True,2.9802322387695312e-08,2121,10,0.005449503660202026,0.9941604668274522
DTLZ2,200,1989099844,1989099844,True,True,2.9802322387695312e-08,2131,10,0.0023925695568323135,0.9925969578325748
MMF16_20,1,933708677,933708677,True,True,2.9802322387695312e-08,229,10,0.00035819225013256073,0.9989303164184093
MMF16_20,2,2994616791,2994616791,True,True,2.9802322387695312e-08,239,10,0.003148425370454788,0.999350544065237
MMF16_20,3,3342987507,3342987507,True,True,2.9802322387695312e-08,249,10,0.012530477717518806,0.9990491485223174
MMF16_20,4,644100034,644100034,True,True,2.9802322387695312e-08,259,10,0.0043191928416490555,0.9977446002885699
MMF16_20,5,2150065031,2150065031,True,True,2.9802322387695312e-08,269,10,0.0017512282356619835,0.9998564478009939
MMF16_20,6,1260788964,1260788964,True,True,2.9802322387695312e-08,279,10,0.002210398204624653,0.9987510023638606
MMF16_20,7,2740120906,2740120906,True,True,2.9802322387695312e-08,289,10,0.0028731506317853928,0.9907471537590027
MMF16_20,8,3526466499,3526466499,True,True,2.9802322387695312e-08,299,10,0.0022561512887477875,0.9803162673488259
MMF16_20,9,1118246763,1118246763,True,True,2.9802322387695312e-08,309,10,0.0069359345361590385,0.9981494657695293
MMF16_20,10,12212900,12212900,True,True,2.9802322387695312e-08,319,10,0.011175046674907207,0.9943164708092809
MMF16_20,11,1124738283,1124738283,True,True,2.9802322387695312e-08,329,10,0.006609278731048107,0.9914965024217963
MMF16_20,12,1536005704,1536005704,True,True,2.9802322387695312e-08,339,10,0.006528844125568867,0.9946774635463953
MMF16_20,13,1623154133,1623154133,True,True,2.9802322387695312e-08,349,10,0.007136505097150803,0.9990709191188216
MMF16_20,14,2411994283,2411994283,True,True,2.9802322387695312e-08,359,10,0.0001807352527976036,0.987890631891787
MMF16_20,15,2977824913,2977824913,True,True,2.9802322387695312e-08,369,10,0.004903443157672882,0.9966551540419459
MMF16_20,16,8033846,8033846,True,True,2.9802322387695312e-08,379,10,0.0008756760507822037,0.995416859164834
MMF16_20,17,1849310794,1849310794,True,True,2.9802322387695312e-08,389,10,0.007539805024862289,0.9949617981910706
MMF16_20,18,135365848,135365848,True,True,2.9802322387695312e-08,399,10,0.005435926839709282,0.9968525916337967
MMF16_20,19,3675884182,3675884182,True,True,2.8870999813079834e-08,409,10,0.01554217841476202,0.9953891513869166
MMF16_20,20,4187209530,4187209530,True,True,2.9802322387695312e-08,419,10,0.010402331128716469,0.9965877961367369
MMF16_20,21,1953483353,1953483353,True,True,2.9802322387695312e-08,429,10,0.011086491867899895,0.9998942082747817
MMF16_20,22,3200210475,3200210475,True,True,2.9802322387695312e-08,439,10,0.002641892060637474,0.9989436268806458
MMF16_20,23,690105596,690105596,True,True,2.9802322387695312e-08,449,10,0.018928401172161102,0.9987526945769787
MMF16_20,24,2376847590,2376847590,True,True,2.9802322387695312e-08,459,10,0.0032757679000496864,0.9978073481470346
MMF16_20,25,1353967299,1353967299,True,True,2.8870999813079834e-08,469,10,0.0009616855531930923,0.9909291639924049
MMF16_20,26,2484501875,2484501875,True,True,2.9802322387695312e-08,479,10,0.009680191054940224,0.9971990929916501
MMF16_20,27,3264550778,3264550778,True,True,2.9802322387695312e-08,489,10,0.0015385588631033897,0.9946293123066425
MMF16_20,28,4191262284,4191262284,True,True,2.9802322387695312e-08,499,10,1.5188008546829224e-05,0.9986881474032998
MMF16_20,29,3662099770,3662099770,True,True,2.9802322387695312e-08,509,10,0.0029959939420223236,0.9986685682088137
MMF16_20,30,3902364483,3902364483,True,True,2.9802322387695312e-08,519,10,0.009440449066460133,0.9990104325115681
MMF16_20,31,2348467950,2348467950,True,True,2.9802322387695312e-08,529,10,0.004878719337284565,0.987421945668757
MMF16_20,32,1924812543,1924812543,True,True,2.9802322387695312e-08,539,10,0.0027431389316916466,0.9937981963157654
MMF16_20,33,2021883790,2021883790,True,True,2.9802322387695312e-08,549,10,0.005654880777001381,0.9999369848519564
MMF16_20,34,1853367922,1853367922,True,True,2.9802322387695312e-08,559,10,0.0036761444061994553,0.9986291155219078
MMF16_20,35,3671139195,3671139195,True,True,2.8870999813079834e-08,569,10,0.0016037551686167717,0.9959093844518065
MMF16_20,36,105738018,105738018,True,True,2.9802322387695312e-08,579,10,0.00448957271873951,0.995561495423317
MMF16_20,37,3507106890,3507106890,True,True,2.9802322387695312e-08,589,10,0.002194947563111782,0.9988711504265666
MMF16_20,38,2658641751,2658641751,True,True,2.9802322387695312e-08,599,10,0.004993920214474201,0.9987313570454717
MMF16_20,39,378463023,378463023,True,True,2.9802322387695312e-08,609,10,0.010450801812112331,0.9679882442578673
MMF16_20,40,2198060547,2198060547,True,True,2.9802322387695312e-08,619,10,0.014365274459123611,0.9943796433508396
MMF16_20,41,2547117697,2547117697,True,True,2.8870999813079834e-08,629,10,0.004802507348358631,0.9974007681012154
MMF16_20,42,811038363,811038363,True,True,2.8870999813079834e-08,639,10,0.002592393197119236,0.9952232697978616
MMF16_20,43,3339395492,3339395492,True,True,2.9802322387695312e-08,649,10,0.0021673720329999924,0.9969414556398988
MMF16_20,44,874467473,874467473,True,True,2.9802322387695312e-08,659,10,0.006515802815556526,0.9986498421058059
MMF16_20,45,160635831,160635831,True,True,2.8870999813079834e-08,669,10,0.015822303481400013,0.9994863281026483
MMF16_20,46,1946352888,1946352888,True,True,2.9802322387695312e-08,679,10,0.003036883659660816,0.9995149057358503
MMF16_20,47,3137065642,3137065642,True,True,2.9802322387695312e-08,689,10,0.010566504672169685,0.9968603178858757
MMF16_20,48,2904438633,2904438633,True,True,2.9802322387695312e-08,699,10,0.0036817556247115135,0.9981978051364422
MMF16_20,49,4033952540,4033952540,True,True,2.9802322387695312e-08,709,10,0.007307564839720726,0.9967794883996248
MMF16_20,50,714993139,714993139,True,True,2.9802322387695312e-08,719,10,0.0037605399265885353,0.9749468732625246
MMF16_20,51,3676055588,3676055588,True,True,2.9802322387695312e-08,729,10,0.003532995469868183,0.9944424228742719
MMF16_20,52,2451970584,2451970584,True,True,2.9802322387695312e-08,739,10,0.005440359935164452,0.9992528073489666
MMF16_20,53,389651307,389651307,True,True,2.9802322387695312e-08,749,10,0.010399987921118736,0.9971420364454389
MMF16_20,54,3625937640,3625937640,True,True,2.9802322387695312e-08,759,10,0.002239537425339222,0.9991092765703797
MMF16_20,55,862069175,862069175,True,True,2.9802322387695312e-08,769,10,0.0025374814867973328,0.9993706243112683
MMF16_20,56,1404136993,1404136993,True,True,2.9802322387695312e-08,779,10,0.0006643682718276978,0.9958511143922806
MMF16_20,57,1226374421,1226374421,True,True,2.9802322387695312e-08,789,10,0.005322292447090149,0.984141475521028
MMF16_20,58,3561557794,3561557794,True,True,2.9802322387695312e-08,799,10,0.008570525795221329,0.9911379534751177
MMF16_20,59,2934202464,2934202464,True,True,2.9802322387695312e-08,809,10,0.004368748515844345,0.9953247243538499
MMF16_20,60,1098335104,1098335104,True,True,2.9802322387695312e-08,819,10,0.005326377227902412,0.997944769449532
MMF16_20,61,2913975435,2913975435,True,True,2.9802322387695312e-08,829,10,0.003615051507949829,0.9980952935293317
MMF16_20,62,3924500886,3924500886,True,True,2.9802322387695312e-08,839,10,0.010451571084558964,0.9953186605125666
MMF16_20,63,4271627220,4271627220,True,True,2.9802322387695312e-08,849,10,0.004777262918651104,0.9996389010921121
MMF16_20,64,3011779428,3011779428,True,True,2.9802322387695312e-08,859,10,0.008640160784125328,0.9951638616621494
MMF16_20,65,4250841277,4250841277,True,True,2.9802322387695312e-08,869,10,0.0006272308528423309,0.9988269340246916
MMF16_20,66,366883875,366883875,True,True,2.9802322387695312e-08,879,10,0.01277466956526041,0.9943979540839791
MMF16_20,67,3776379520,3776379520,True,True,2.8870999813079834e-08,889,10,0.008561955764889717,0.9925262155011296
MMF16_20,68,817661582,817661582,True,True,2.9802322387695312e-08,899,10,0.001560734584927559,0.9939301311969757
MMF16_20,69,3869574007,3869574007,True,True,2.9802322387695312e-08,909,10,0.0049937404692173,0.996777543798089
MMF16_20,70,1887547529,1887547529,True,True,2.9802322387695312e-08,919,10,0.0009133359417319298,0.9968532044440508
MMF16_20,71,720839126,720839126,True,True,2.9802322387695312e-08,929,10,3.6199577152729034e-05,0.9974564984440804
MMF16_20,72,1985021522,1985021522,True,True,2.9802322387695312e-08,939,10,0.0016726162284612656,0.9921160517260432
MMF16_20,73,2610049498,2610049498,True,True,2.9802322387695312e-08,949,10,0.0010395534336566925,0.9918597675859928
MMF16_20,74,1517746977,1517746977,True,True,2.9802322387695312e-08,959,10,0.002742324024438858,0.9970605345442891
MMF16_20,75,3510948951,3510948951,True,True,2.9802322387695312e-08,969,10,0.0016459934413433075,0.9926421446725726
MMF16_20,76,1130878588,1130878588,True,True,2.8870999813079834e-08,979,10,0.002611943520605564,0.9973496925085783
MMF16_20,77,2151269100,2151269100,True,True,2.9802322387695312e-08,989,10,0.005398772656917572,0.9955293359234929
MMF16_20,78,632815734,632815734,True,True,2.9802322387695312e-08,999,10,0.006343098357319832,0.9960221415385604
MMF16_20,79,3538986738,3538986738,True,True,2.9802322387695312e-08,1009,10,0.00013824272900819778,0.9969379752874374
MMF16_20,80,516636034,516636034,True,True,2.9802322387695312e-08,1019,10,0.004857737571001053,0.9996350528672338
MMF16_20,81,2371957930,2371957930,True,True,2.8870999813079834e-08,1029,10,0.008506017737090588,0.9989882335066795
MMF16_20,82,342957437,342957437,True,True,2.8870999813079834e-08,1039,10,0.0029694372788071632,0.9883923335000873
MMF16_20,83,399575080,399575080,True,True,2.9802322387695312e-08,1049,10,0.004684783518314362,0.9998913481831551
MMF16_20,84,911814076,911814076,True,True,2.8870999813079834e-08,1059,10,0.019609399139881134,0.9998847283422947
MMF16_20,85,1521155427,1521155427,True,True,2.8870999813079834e-08,1069,10,0.0004046643152832985,0.994464373216033
MMF16_20,86,3750218832,3750218832,True,True,2.9802322387695312e-08,1079,10,0.004454795271158218,0.9971124771982431
MMF16_20,87,1112316872,1112316872,True,True,2.9802322387695312e-08,1089,10,0.005410315468907356,0.9970343131572008
MMF16_20,88,3015908081,3015908081,True,True,2.9802322387695312e-08,1099,10,0.0008037788793444633,0.9871178148314357
MMF16_20,89,1898687068,1898687068,True,True,2.9802322387695312e-08,1109,10,0.007256641052663326,0.9987259935587645
MMF16_20,90,3933139375,3933139375,True,True,2.8870999813079834e-08,1119,10,0.0013111568987369537,0.9972177967429161
MMF16_20,91,91271492,91271492,True,True,2.9802322387695312e-08,1129,10,0.01063917763531208,0.9971187496557832
MMF16_20,92,2749793150,2749793150,True,True,2.8870999813079834e-08,1139,10,0.0007000351324677467,0.9968667086213827
MMF16_20,93,3782835874,3782835874,True,True,2.9802322387695312e-08,1149,10,0.0005412790924310684,0.9975398620590568
MMF16_20,94,1788915900,1788915900,True,True,2.9802322387695312e-08,1159,10,0.005574158392846584,0.9961053347215056
MMF16_20,95,896154316,896154316,True,True,2.8870999813079834e-08,1169,10,0.004751581698656082,0.9973948281258345
MMF16_20,96,2253721466,2253721466,True,True,2.9802322387695312e-08,1179,10,0.005777593702077866,0.9980175346136093
MMF16_20,97,1112773141,1112773141,True,True,2.9802322387695312e-08,1189,10,0.00025460682809352875,0.9981978423893452
MMF16_20,98,469138701,469138701,True,True,2.9802322387695312e-08,1199,10,0.008628008887171745,0.9917545989155769
MMF16_20,99,2683574398,2683574398,True,True,2.9802322387695312e-08,1209,10,0.0032861139625310898,0.9990873783826828
MMF16_20,100,280708244,280708244,True,True,2.9802322387695312e-08,1219,10,0.001479804515838623,0.9945914456620812
MMF16_20,101,2278267685,2278267685,True,True,2.9802322387695312e-08,1229,10,0.001664995215833187,0.9995183767750859
MMF16_20,102,1275801284,1275801284,True,True,2.8870999813079834e-08,1239,10,0.00021886080503463745,0.9980731252580881
MMF16_20,103,2670535944,2670535944,True,True,2.9802322387695312e-08,1249,10,0.007271443493664265,0.9913293151184916
MMF16_20,104,3481144348,3481144348,True,True,2.9802322387695312e-08,1259,10,0.0012738117948174477,0.9961589844897389
MMF16_20,105,1849433549,1849433549,True,True,2.9802322387695312e-08,1269,10,0.011541139334440231,0.9996046610176563
MMF16_20,106,1073027652,1073027652,True,True,2.9802322387695312e-08,1279,10,0.004866007715463638,0.997269406914711
MMF16_20,107,1999785332,1999785332,True,True,2.9802322387695312e-08,1289,10,0.003327752463519573,0.9914431199431419
MMF16_20,108,557315839,557315839,True,True,2.8870999813079834e-08,1299,10,0.004672194831073284,0.9958567703142762
MMF16_20,109,3572270399,3572270399,True,True,2.8870999813079834e-08,1309,10,0.000994647853076458,0.9949145186692476
MMF16_20,110,791436992,791436992,True,True,2.8870999813079834e-08,1319,10,0.0067283157259225845,0.9979367488995194
MMF16_20,111,905798919,905798919,True,True,2.9802322387695312e-08,1329,10,0.005956733599305153,0.9990112204104662
MMF16_20,112,3330113532,3330113532,True,True,2.9802322387695312e-08,1339,10,0.0010330397635698318,0.9988416563719511
MMF16_20,113,310355428,310355428,True,True,2.9802322387695312e-08,1349,10,0.009943051263689995,0.9898954313248396
MMF16_20,114,3787355612,3787355612,True,True,2.9802322387695312e-08,1359,10,0.0017406865954399109,0.9968458842486143
MMF16_20,115,829557018,829557018,True,True,2.8870999813079834e-08,1369,10,0.0010726535692811012,0.9942548470571637
MMF16_20,116,4165220514,4165220514,True,True,2.9802322387695312e-08,1379,10,0.01115617249161005,0.9988870276138186
MMF16_20,117,673564029,673564029,True,True,2.8870999813079834e-08,1389,10,0.0018646158277988434,0.9940041871741414
MMF16_20,118,1286616897,1286616897,True,True,2.9802322387695312e-08,1399,10,0.0033100834116339684,0.999679864384234
MMF16_20,119,2892962097,2892962097,True,True,2.9802322387695312e-08,1409,10,0.005085844546556473,0.9986106874421239
MMF16_20,120,3401421247,3401421247,True,True,2.8870999813079834e-08,1419,10,0.015807723626494408,0.9954042406752706
MMF16_20,121,1097979843,1097979843,True,True,2.9802322387695312e-08,1429,10,0.0012405375018715858,0.9719599820673466
MMF16_20,122,978110580,978110580,True,True,2.9802322387695312e-08,1439,10,0.0014156913384795189,0.9938124977052212
MMF16_20,123,1217947320,1217947320,True,True,2.9802322387695312e-08,1449,10,0.0072745056822896,0.9908981900662184
MMF16_20,124,2547088148,2547088148,True,True,2.9802322387695312e-08,1459,10,0.002526405267417431,0.9959494713693857
MMF16_20,125,2373209474,2373209474,True,True,2.9802322387695312e-08,1469,10,0.00028387829661369324,0.9835764458402991
MMF16_20,126,4281731174,4281731174,True,True,2.9802322387695312e-08,1479,10,0.007653381675481796,0.9919787785038352
MMF16_20,127,2237316625,2237316625,True,True,2.8870999813079834e-08,1489,10,0.0009372830390930176,0.9980593761429191
MMF16_20,128,1406375660,1406375660,True,True,2.9802322387695312e-08,1499,10,0.0023680860176682472,0.9942045863717794
MMF16_20,129,2389504378,2389504378,True,True,2.9802322387695312e-08,1509,10,0.005954248830676079,0.9943489637225866
MMF16_20,130,874188926,874188926,True,True,2.9802322387695312e-08,1519,10,0.011378108523786068,0.9993088841438293
MMF16_20,131,2088416102,2088416102,True,True,2.8870999813079834e-08,1529,10,0.00035581551492214203,0.997065294533968
MMF16_20,132,2781256627,2781256627,True,True,2.9802322387695312e-08,1539,10,0.01025321427732706,0.9934611320495605
MMF16_20,133,3612219559,3612219559,True,True,2.9802322387695312e-08,1549,10,0.00801462959498167,0.9952756157144904
MMF16_20,134,217849553,217849553,True,True,2.9802322387695312e-08,1559,10,0.0034046703949570656,0.983829390257597
MMF16_20,135,2964425710,2964425710,True,True,2.9802322387695312e-08,1569,10,0.000382336787879467,0.9981399569660425
MMF16_20,136,3840522651,3840522651,True,True,2.8870999813079834e-08,1579,10,0.0066754622384905815,0.999177067540586
MMF16_20,137,2263838889,2263838889,True,True,2.9802322387695312e-08,1589,10,0.009618309326469898,0.9939528908580542
MMF16_20,138,3597571576,3597571576,True,True,2.8870999813079834e-08,1599,10,0.018799505196511745,0.9983868123963475
MMF16_20,139,4254793566,4254793566,True,True,2.8870999813079834e-08,1609,10,0.006802160292863846,0.9857547329738736
MMF16_20,140,3011301605,3011301605,True,True,2.9802322387695312e-08,1619,10,0.0009673358872532845,0.9931286117061973
MMF16_20,141,3865017833,3865017833,True,True,2.9802322387695312e-08,1629,10,0.00035118404775857925,0.9925826610997319
MMF16_20,142,3797178146,3797178146,True,True,2.9802322387695312e-08,1639,10,0.00017259735614061356,0.9975664941594005
MMF16_20,143,820777656,820777656,True,True,2.9802322387695312e-08,1649,10,0.0010727029293775558,0.9941385490819812
MMF16_20,144,3045333213,3045333213,True,True,2.9802322387695312e-08,1659,10,0.001694890670478344,0.9986012382432818
MMF16_20,145,3638811665,3638811665,True,True,2.8870999813079834e-08,1669,10,0.003072855994105339,0.9896962074562907
MMF16_20,146,3242637894,3242637894,True,True,2.9802322387695312e-08,1679,10,0.006099543534219265,0.9923789231106639
MMF16_20,147,284945584,284945584,True,True,2.9802322387695312e-08,1689,10,0.005050258710980415,0.9998065801337361
MMF16_20,148,950976045,950976045,True,True,2.8870999813079834e-08,1699,10,0.007659701630473137,0.9945866595953703
MMF16_20,149,4190101277,4190101277,True,True,2.9802322387695312e-08,1709,10,0.0021708710119128227,0.9957319190725684
MMF16_20,150,4240298493,4240298493,True,True,2.9802322387695312e-08,1719,10,0.0006841728463768959,0.9983947891741991
MMF16_20,151,2734206366,2734206366,True,True,2.9802322387695312e-08,1729,10,0.0063698915764689445,0.999646226875484
MMF16_20,152,897201061,897201061,True,True,2.9802322387695312e-08,1739,10,0.007835022173821926,0.9899218585342169
MMF16_20,153,800841217,800841217,True,True,2.8870999813079834e-08,1749,10,0.007377920672297478,0.999098508618772
MMF16_20,154,3727287082,3727287082,True,True,2.9802322387695312e-08,1759,10,0.0007338579744100571,0.9989170115441084
MMF16_20,155,2285187862,2285187862,True,True,2.9802322387695312e-08,1769,10,0.0029605869203805923,0.9832128025591373
MMF16_20,156,39571393,39571393,True,True,2.9802322387695312e-08,1779,10,0.004279186949133873,0.9979594834148884
MMF16_20,157,101994020,101994020,True,True,2.9802322387695312e-08,1789,10,0.002867691218852997,0.9946811366826296
MMF16_20,158,347657349,347657349,True,True,2.8870999813079834e-08,1799,10,0.0018848991021513939,0.9991247793659568
MMF16_20,159,4188814821,4188814821,True,True,2.9802322387695312e-08,1809,10,0.0018694819882512093,0.9880304541438818
MMF16_20,160,2227096487,2227096487,True,True,2.9802322387695312e-08,1819,10,0.0017919614911079407,0.9974173447117209
MMF16_20,161,3681653188,3681653188,True,True,2.9802322387695312e-08,1829,10,0.001551453024148941,0.9876513853669167
MMF16_20,162,2381844788,2381844788,True,True,2.9802322387695312e-08,1839,10,0.0024236654862761497,0.9975897995755076
MMF16_20,163,1132760349,1132760349,True,True,2.9802322387695312e-08,1849,10,0.0014140987768769264,0.9933922737836838
MMF16_20,164,2557017996,2557017996,True,True,2.9802322387695312e-08,1859,10,0.006991414353251457,0.9984116237610579
MMF16_20,165,2707086986,2707086986,True,True,2.8870999813079834e-08,1869,10,0.00043151993304491043,0.988404618576169
MMF16_20,166,1960506298,1960506298,True,True,2.9802322387695312e-08,1879,10,0.0076891276985406876,0.9959690421819687
MMF16_20,167,4198347951,4198347951,True,True,2.9802322387695312e-08,1889,10,0.0005870666354894638,0.9984891023486853
MMF16_20,168,3034052617,3034052617,True,True,2.9802322387695312e-08,1899,10,0.0018452238291501999,0.9970491239801049
MMF16_20,169,1813513565,1813513565,True,True,2.9802322387695312e-08,1909,10,0.00995519571006298,0.9990373253822327
MMF16_20,170,1076051391,1076051391,True,True,2.9802322387695312e-08,1919,10,0.004170936532318592,0.9991293353959918
MMF16_20,171,3145112,3145112,True,True,2.9802322387695312e-08,1929,10,0.0007922761142253876,0.998062620870769
MMF16_20,172,447480960,447480960,True,True,2.9802322387695312e-08,1939,10,0.008686896413564682,0.9938859231770039
MMF16_20,173,543610436,543610436,True,True,2.9802322387695312e-08,1949,10,0.0008879462257027626,0.9987641954794526
MMF16_20,174,234800418,234800418,True,True,2.9802322387695312e-08,1959,10,0.007099932059645653,0.9946951577439904
MMF16_20,175,3569818446,3569818446,True,True,2.8870999813079834e-08,1969,10,0.00015074852854013443,0.9990144884213805
MMF16_20,176,3937749341,3937749341,True,True,2.9802322387695312e-08,1979,10,0.002520982176065445,0.9954030439257622
MMF16_20,177,3167630698,3167630698,True,True,2.9802322387695312e-08,1989,10,0.001325349323451519,0.9997669337317348
MMF16_20,178,3754766837,3754766837,True,True,2.9802322387695312e-08,1999,10,0.006281699985265732,0.9997011888772249
MMF16_20,179,3440455371,3440455371,True,True,2.9802322387695312e-08,2009,10,0.00332631915807724,0.9972625700756907
MMF16_20,180,4062738837,4062738837,True,True,2.9802322387695312e-08,2019,10,0.005384108051657677,0.9928425522521138
MMF16_20,181,4238092138,4238092138,True,True,2.8870999813079834e-08,2029,10,0.010235880501568317,0.9979063794016838
MMF16_20,182,3191159481,3191159481,True,True,2.9802322387695312e-08,2039,10,0.013246102258563042,0.9964716993272305
MMF16_20,183,338272653,338272653,True,True,2.8870999813079834e-08,2049,10,0.007312530651688576,0.9962496915832162
MMF16_20,184,3364110680,3364110680,True,True,2.9802322387695312e-08,2059,10,0.003393951803445816,0.9969304017722607
MMF16_20,185,2691828570,2691828570,True,True,2.9802322387695312e-08,2069,10,0.001052251085639,0.9961339989677072
MMF16_20,186,1756661230,1756661230,True,True,2.9802322387695312e-08,2079,10,0.011304636485874653,0.9968948904424906
MMF16_20,187,930869526,930869526,True,True,2.9802322387695312e-08,2089,10,0.0010643396526575089,0.9875551173463464
MMF16_20,188,3121039207,3121039207,True,True,2.9802322387695312e-08,2099,10,0.013306643813848495,0.9989490052685142
MMF16_20,189,4202236004,4202236004,True,True,2.9802322387695312e-08,2109,10,0.00045457109808921814,0.9985684361308813
MMF16_20,190,39050894,39050894,True,True,2.9802322387695312e-08,2119,10,0.018995041027665138,0.9860516441985965
MMF16_20,191,2680218704,2680218704,True,True,2.8870999813079834e-08,2129,10,0.005398423410952091,0.9990068003535271
MMF16_20,192,1723573172,1723573172,True,True,2.8870999813079834e-08,2139,10,0.0013499567285180092,0.9989045793190598
MMF16_20,193,3826296998,3826296998,True,True,2.9802322387695312e-08,2149,10,0.0018459493294358253,0.9992654593661427
MMF16_20,194,356140725,356140725,True,True,2.9802322387695312e-08,2159,10,5.747564136981964e-05,0.9841703725978732
MMF16_20,195,1879428589,1879428589,True,True,2.9802322387695312e-08,2169,10,0.008110451512038708,0.9921503094956279
MMF16_20,196,1473390918,1473390918,True,True,2.9802322387695312e-08,2179,10,0.0013230545446276665,0.9993139812722802
MMF16_20,197,2716802463,2716802463,True,True,2.8870999813079834e-08,2189,10,0.009493613615632057,0.9949093023315072
MMF16_20,198,1121008210,1121008210,True,True,2.9802322387695312e-08,2199,10,0.00035706162452697754,0.9987852703779936
MMF16_20,199,76518805,76518805,True,True,2.8870999813079834e-08,2209,10,0.0028121760115027428,0.9893923001363873
MMF16_20,200,1989099844,1989099844,True,True,2.9802322387695312e-08,2219,10,0.0005395878106355667,0.9946889840066433
WFG9,1,933708677,933708677,True,True,1.8868595361709595e-06,251,10,0.0017851395532488823,0.9983977526426315
WFG9,2,2994616791,2994616791,True,True,1.7639249563217163e-06,261,10,0.0003899550065398216,0.9994632704183459
WFG9,3,3342987507,3342987507,True,True,1.8142163753509521e-06,271,10,0.0005645174533128738,0.9899133024737239
WFG9,4,644100034,644100034,True,True,1.773238182067871e-06,281,10,0.005399751476943493,0.9993969304487109
WFG9,5,2150065031,2150065031,True,True,1.8812716007232666e-06,291,10,0.007215740159153938,0.9961364232003689
WFG9,6,1260788964,1260788964,True,True,1.8030405044555664e-06,301,10,0.00039712991565465927,0.9945236807689071
WFG9,7,2740120906,2740120906,True,True,1.6316771507263184e-06,311,10,0.005133914761245251,0.9899672726169229
WFG9,8,3526466499,3526466499,True,True,1.5459954738616943e-06,321,10,0.003828456625342369,0.9996615247800946
WFG9,9,1118246763,1118246763,True,True,1.7993152141571045e-06,331,10,0.01848200149834156,0.9959561480209231
WFG9,10,12212900,12212900,True,True,1.7024576663970947e-06,341,10,0.016514559276401997,0.9969875160604715
WFG9,11,1124738283,1124738283,True,True,1.8440186977386475e-06,351,10,0.005216670222580433,0.9906044183298945
WFG9,12,1536005704,1536005704,True,True,1.9073486328125e-06,361,10,0.005865084007382393,0.9890509126707911
WFG9,13,1623154133,1623154133,True,True,1.778826117515564e-06,371,10,0.008725856430828571,0.999816769734025
WFG9,14,2411994283,2411994283,True,True,1.7546117305755615e-06,381,10,0.004346036352217197,0.9938165349885821
WFG9,15,2977824913,2977824913,True,True,1.5273690223693848e-06,391,10,0.005200168117880821,0.9922763695940375
WFG9,16,8033846,8033846,True,True,1.7397105693817139e-06,401,10,0.008307293988764286,0.9903919054195285
WFG9,17,1849310794,1849310794,True,True,1.8831342458724976e-06,411,10,0.00014989729970693588,0.9999619480222464
WFG9,18,135365848,135365848,True,True,1.8291175365447998e-06,421,10,0.0018699439242482185,0.9989834679290652
WFG9,19,3675884182,3675884182,True,True,1.6670674085617065e-06,431,10,0.007308400236070156,0.9974962370470166
WFG9,20,4187209530,4187209530,True,True,1.6279518604278564e-06,441,10,0.0007592746987938881,0.9993201708421111
WFG9,21,1953483353,1953483353,True,True,1.8011778593063354e-06,451,10,0.019975746050477028,0.9905441496521235
WFG9,22,3200210475,3200210475,True,True,1.8011778593063354e-06,461,10,0.00249385554343462,0.9968987023457885
WFG9,23,690105596,690105596,True,True,1.8551945686340332e-06,471,10,0.0005404511466622353,0.99279909953475
WFG9,24,2376847590,2376847590,True,True,1.4007091522216797e-06,481,10,0.0006614746525883675,0.997132258489728
WFG9,25,1353967299,1353967299,True,True,1.8775463104248047e-06,491,10,0.0009616855531930923,0.9957805592566729
WFG9,26,2484501875,2484501875,True,True,1.5813857316970825e-06,501,10,0.0015850234776735306,0.9907125234603882
WFG9,27,3264550778,3264550778,True,True,1.8365681171417236e-06,511,10,0.009134968742728233,0.9997945642098784
WFG9,28,4191262284,4191262284,True,True,1.8998980522155762e-06,521,10,0.003446156159043312,0.9926247540861368
WFG9,29,3662099770,3662099770,True,True,1.4565885066986084e-06,531,10,0.0022870488464832306,0.996902878396213
WFG9,30,3902364483,3902364483,True,True,1.7881393432617188e-06,541,10,0.00039756111800670624,0.9987833788618445
WFG9,31,2348467950,2348467950,True,True,1.8998980522155762e-06,551,10,0.004522285424172878,0.9985838728025556
WFG9,32,1924812543,1924812543,True,True,1.7546117305755615e-06,561,10,0.004102515056729317,0.9979468835517764
WFG9,33,2021883790,2021883790,True,True,1.8365681171417236e-06,571,10,0.004391055554151535,0.9905407298356295
WFG9,34,1853367922,1853367922,True,True,1.1026859283447266e-06,581,10,0.008771594613790512,0.9993622312322259
WFG9,35,3671139195,3671139195,True,True,1.8030405044555664e-06,591,10,0.001827126368880272,0.9963565189391375
WFG9,36,105738018,105738018,True,True,1.6838312149047852e-06,601,10,0.01346732396632433,0.995537931099534
WFG9,37,3507106890,3507106890,True,True,1.5683472156524658e-06,611,10,0.002194947563111782,0.9976754933595657
WFG9,38,2658641751,2658641751,True,True,1.8998980522155762e-06,621,10,0.009188568219542503,0.982342422939837
WFG9,39,378463023,378463023,True,True,1.7862766981124878e-06,631,10,0.0014236541464924812,0.9974681502208114
WFG9,40,2198060547,2198060547,True,True,1.6577541828155518e-06,641,10,4.890467971563339e-05,0.9931863741949201
WFG9,41,2547117697,2547117697,True,True,1.8253922462463379e-06,651,10,0.005083264783024788,0.9974007681012154
WFG9,42,811038363,811038363,True,True,1.5310943126678467e-06,661,10,0.002739713527262211,0.9921689284965396
WFG9,43,3339395492,3339395492,True,True,1.8328428268432617e-06,671,10,0.004214723594486713,0.9937671981751919
WFG9,44,874467473,874467473,True,True,1.8011778593063354e-06,681,10,0.0012912992388010025,0.9953738041222095
WFG9,45,160635831,160635831,True,True,1.8998980522155762e-06,691,10,0.006164091639220715,0.9979886757209897
WFG9,46,1946352888,1946352888,True,True,1.8477439880371094e-06,701,10,0.000816047191619873,0.9958514021709561
WFG9,47,3137065642,3137065642,True,True,1.5310943126678467e-06,711,10,0.005095053464174271,0.9991174908354878
WFG9,48,2904438633,2904438633,True,True,1.8700957298278809e-06,721,10,0.0033421581611037254,0.989977652207017
WFG9,49,4033952540,4033952540,True,True,1.5720725059509277e-06,731,10,0.0007262825965881348,0.9996211351826787
WFG9,50,714993139,714993139,True,True,1.8514692783355713e-06,741,10,0.003171214833855629,0.9999183379113674
WFG9,51,3676055588,3676055588,True,True,1.8291175365447998e-06,751,10,0.00012762192636728287,0.9989008437842131
WFG9,52,2451970584,2451970584,True,True,1.7546117305755615e-06,761,10,0.006602664478123188,0.998489442281425
WFG9,53,389651307,389651307,True,True,1.817941665649414e-06,771,10,0.003225678578019142,0.9885436594486237
WFG9,54,3625937640,3625937640,True,True,1.8030405044555664e-06,781,10,0.015009406954050064,0.9996746461838484
WFG9,55,862069175,862069175,True,True,1.4379620552062988e-06,791,10,0.0008386978879570961,0.9956429097801447
WFG9,56,1404136993,1404136993,True,True,1.7471611499786377e-06,801,10,0.0007892865687608719,0.999924061819911
WFG9,57,1226374421,1226374421,True,True,1.605600118637085e-06,811,10,0.002429475076496601,0.9912041397765279
WFG9,58,3561557794,3561557794,True,True,1.7583370208740234e-06,821,10,0.0008236067369580269,0.9981395741924644
WFG9,59,2934202464,2934202464,True,True,1.7695128917694092e-06,831,10,0.005109776742756367,0.9967771135270596
WFG9,60,1098335104,1098335104,True,True,1.4863908290863037e-06,841,10,0.000974711962044239,0.9983126949518919
WFG9,61,2913975435,2913975435,True,True,1.8477439880371094e-06,851,10,0.007323191501200199,0.9980728048831224
WFG9,62,3924500886,3924500886,True,True,1.5292316675186157e-06,861,10,0.0005334392189979553,0.9992683185264468
WFG9,63,4271627220,4271627220,True,True,1.5422701835632324e-06,871,10,0.0008478313684463501,0.9995747776702046
WFG9,64,3011779428,3011779428,True,True,1.5124678611755371e-06,881,10,8.090119808912277e-05,0.9994394909590483
WFG9,65,4250841277,4250841277,True,True,1.3522803783416748e-06,891,10,0.0006272308528423309,0.9890439677983522
WFG9,66,366883875,366883875,True,True,1.6521662473678589e-06,901,10,0.0008046440780162811,0.9880908215418458
WFG9,67,3776379520,3776379520,True,True,1.8328428268432617e-06,911,10,0.010048864409327507,0.9955480936914682
WFG9,68,817661582,817661582,True,True,1.7844140529632568e-06,921,10,0.0002705547958612442,0.9990998730063438
WFG9,69,3869574007,3869574007,True,True,1.5348196029663086e-06,931,10,0.007386392913758755,0.9999565538018942
WFG9,70,1887547529,1887547529,True,True,1.8272548913955688e-06,941,10,0.001440698280930519,0.9968532044440508
WFG9,71,720839126,720839126,True,True,1.5385448932647705e-06,951,10,0.007273003458976746,0.9922240814194083
WFG9,72,1985021522,1985021522,True,True,1.821666955947876e-06,961,10,0.003433428704738617,0.9981732554733753
WFG9,73,2610049498,2610049498,True,True,1.8998980522155762e-06,971,10,0.001266726292669773,0.9801026862114668
WFG9,74,1517746977,1517746977,True,True,1.7117708921432495e-06,981,10,0.0004713330417871475,0.9968317318707705
WFG9,75,3510948951,3510948951,True,True,1.8030405044555664e-06,991,10,0.018291992135345936,0.9982519615441561
WFG9,76,1130878588,1130878588,True,True,1.8067657947540283e-06,1001,10,0.003180362284183502,0.9990541897714138
WFG9,77,2151269100,2151269100,True,True,1.4100223779678345e-06,1011,10,0.005425580777227879,0.9999774806201458
WFG9,78,632815734,632815734,True,True,1.7136335372924805e-06,1021,10,0.003445618785917759,0.9967547664418817
WFG9,79,3538986738,3538986738,True,True,1.8440186977386475e-06,1031,10,0.002552136778831482,0.9969379752874374
WFG9,80,516636034,516636034,True,True,1.8291175365447998e-06,1041,10,0.0007403567433357239,0.9923418909311295
WFG9,81,2371957930,2371957930,True,True,1.8551945686340332e-06,1051,10,0.0013801148161292076,0.9993935786187649
WFG9,82,342957437,342957437,True,True,1.7061829566955566e-06,1061,10,0.0029694372788071632,0.9897138467058539
WFG9,83,399575080,399575080,True,True,1.8477439880371094e-06,1071,10,0.002213885076344013,0.9934476781636477
WFG9,84,911814076,911814076,True,True,1.5683472156524658e-06,1081,10,0.005810979753732681,0.9964402550831437
WFG9,85,1521155427,1521155427,True,True,1.903623342514038e-06,1091,10,0.007478559389710426,0.9898274363949895
WFG9,86,3750218832,3750218832,True,True,1.905485987663269e-06,1101,10,0.002479035407304764,0.9937295811250806
WFG9,87,1112316872,1112316872,True,True,1.8104910850524902e-06,1111,10,0.002104397863149643,0.9974193498492241
WFG9,88,3015908081,3015908081,True,True,1.8514692783355713e-06,1121,10,0.010462064296007156,0.9966321410611272
WFG9,89,1898687068,1898687068,True,True,1.780688762664795e-06,1131,10,0.004880672320723534,0.9967540400102735
WFG9,90,3933139375,3933139375,True,True,1.737847924232483e-06,1141,10,0.0013111568987369537,0.9962550168856978
WFG9,91,91271492,91271492,True,True,1.8905848264694214e-06,1151,10,0.0019877683371305466,0.998964068479836
WFG9,92,2749793150,2749793150,True,True,1.8589198589324951e-06,1161,10,0.0007000351324677467,0.9946997044607997
WFG9,93,3782835874,3782835874,True,True,1.7266720533370972e-06,1171,10,0.002087281085550785,0.9936957489699125
WFG9,94,1788915900,1788915900,True,True,1.6205012798309326e-06,1181,10,0.0030480101704597473,0.9939918480813503
WFG9,95,896154316,896154316,True,True,1.5683472156524658e-06,1191,10,0.007364294491708279,0.9973948281258345
WFG9,96,2253721466,2253721466,True,True,1.7024576663970947e-06,1201,10,0.0020846519619226456,0.9915330754593015
WFG9,97,1112773141,1112773141,True,True,1.4640390872955322e-06,1211,10,0.0001037847250699997,0.9989743521437049
WFG9,98,469138701,469138701,True,True,1.2814998626708984e-06,1221,10,0.0017770398408174515,0.9996565105393529
WFG9,99,2683574398,2683574398,True,True,1.8551945686340332e-06,1231,10,0.00035832077264785767,0.9973765769973397
WFG9,100,280708244,280708244,True,True,1.8551945686340332e-06,1241,10,0.002216755412518978,0.9872195310890675
WFG9,101,2278267685,2278267685,True,True,1.7415732145309448e-06,1251,10,0.0025260653346776962,0.9995183767750859
WFG9,102,1275801284,1275801284,True,True,1.7620623111724854e-06,1261,10,0.002253672108054161,0.9988658279180527
WFG9,103,2670535944,2670535944,True,True,1.780688762664795e-06,1271,10,0.005930842831730843,0.9825948569923639
WFG9,104,3481144348,3481144348,True,True,1.8905848264694214e-06,1281,10,0.0008538970723748207,0.9975103260949254
WFG9,105,1849433549,1849433549,True,True,1.471489667892456e-06,1291,10,0.0030285511165857315,0.9989267447963357
WFG9,106,1073027652,1073027652,True,True,1.8253922462463379e-06,1301,10,0.00789669156074524,0.99818005412817
WFG9,107,1999785332,1999785332,True,True,1.5273690223693848e-06,1311,10,0.0011924253776669502,0.9953305125236511
WFG9,108,557315839,557315839,True,True,1.4081597328186035e-06,1321,10,0.0011645779013633728,0.9995052022859454
WFG9,109,3572270399,3572270399,True,True,1.8905848264694214e-06,1331,10,0.00047737639397382736,0.9996364722028375
WFG9,110,791436992,791436992,True,True,1.7508864402770996e-06,1341,10,0.00898219645023346,0.996679050847888
WFG9,111,905798919,905798919,True,True,1.8253922462463379e-06,1351,10,0.0016911579295992851,0.9990320643410087
WFG9,112,3330113532,3330113532,True,True,1.7210841178894043e-06,1361,10,0.0017743976786732674,0.9996866350993514
WFG9,113,310355428,310355428,True,True,1.8253922462463379e-06,1371,10,0.00029257312417030334,0.9979110220447183
WFG9,114,3787355612,3787355612,True,True,1.6987323760986328e-06,1381,10,0.001460384577512741,0.9974247450008988
WFG9,115,829557018,829557018,True,True,1.903623342514038e-06,1391,10,0.0010678740218281746,0.9963561203330755
WFG9,116,4165220514,4165220514,True,True,1.6689300537109375e-06,1401,10,0.007361384108662605,0.9981401553377509
WFG9,117,673564029,673564029,True,True,1.9017606973648071e-06,1411,10,0.010315882973372936,0.9939576191827655
WFG9,118,1286616897,1286616897,True,True,1.8700957298278809e-06,1421,10,0.0033100834116339684,0.9888059515506029
WFG9,119,2892962097,2892962097,True,True,1.8738210201263428e-06,1431,10,0.006981841288506985,0.9980595912784338
WFG9,120,3401421247,3401421247,True,True,1.3783574104309082e-06,1441,10,0.0007055643945932388,0.9948670761659741
WFG9,121,1097979843,1097979843,True,True,1.8700957298278809e-06,1451,10,0.0033142799511551857,0.9971145512536168
WFG9,122,978110580,978110580,True,True,1.695007085800171e-06,1461,10,0.0007540937513113022,0.9999308614060283
WFG9,123,1217947320,1217947320,True,True,1.475214958190918e-06,1471,10,0.001054856926202774,0.9955032933503389
WFG9,124,2547088148,2547088148,True,True,1.8328428268432617e-06,1481,10,0.0002040443941950798,0.9995628260076046
WFG9,125,2373209474,2373209474,True,True,1.778826117515564e-06,1491,10,0.0006099548190832138,0.996113290078938
WFG9,126,4281731174,4281731174,True,True,1.817941665649414e-06,1501,10,0.006022975780069828,0.9962583808228374
WFG9,127,2237316625,2237316625,True,True,1.780688762664795e-06,1511,10,0.0029347753152251244,0.9965896615758538
WFG9,128,1406375660,1406375660,True,True,1.7601996660232544e-06,1521,10,0.0023680860176682472,0.9997734557837248
WFG9,129,2389504378,2389504378,True,True,1.8514692783355713e-06,1531,10,0.008303267881274223,0.9936251323670149
WFG9,130,874188926,874188926,True,True,1.7248094081878662e-06,1541,10,0.00632818229496479,0.9947238191962242
WFG9,131,2088416102,2088416102,True,True,1.7210841178894043e-06,1551,10,0.01270714495331049,0.991301286034286
WFG9,132,2781256627,2781256627,True,True,1.8458813428878784e-06,1561,10,0.00021400582045316696,0.9979396359995008
WFG9,133,3612219559,3612219559,True,True,1.4156103134155273e-06,1571,10,0.01005949079990387,0.9972702572122216
WFG9,134,217849553,217849553,True,True,1.6633421182632446e-06,1581,10,0.0014462918043136597,0.9996882611885667
WFG9,135,2964425710,2964425710,True,True,1.69314444065094e-06,1591,10,0.002275870181620121,0.9885497083887458
WFG9,136,3840522651,3840522651,True,True,1.6167759895324707e-06,1601,10,0.00437148567289114,0.9932283107191324
WFG9,137,2263838889,2263838889,True,True,1.7285346984863281e-06,1611,10,0.0034610163420438766,0.990436908788979
WFG9,138,3597571576,3597571576,True,True,1.8700957298278809e-06,1621,10,0.0014381110668182373,0.9968427261337638
WFG9,139,4254793566,4254793566,True,True,1.8700957298278809e-06,1631,10,0.022740865126252174,0.998676098883152
WFG9,140,3011301605,3011301605,True,True,1.7695128917694092e-06,1641,10,0.0008454294875264168,0.9974517477676272
WFG9,141,3865017833,3865017833,True,True,1.6968697309494019e-06,1651,10,0.014373649843037128,0.9915936263278127
WFG9,142,3797178146,3797178146,True,True,1.8756836652755737e-06,1661,10,0.008043231442570686,0.9996649520471692
WFG9,143,820777656,820777656,True,True,1.6652047634124756e-06,1671,10,0.0002037007361650467,0.9976172558963299
WFG9,144,3045333213,3045333213,True,True,1.432374119758606e-06,1681,10,0.007078894414007664,0.9998660441488028
WFG9,145,3638811665,3638811665,True,True,1.773238182067871e-06,1691,10,0.0014176424592733383,0.9924256838858128
WFG9,146,3242637894,3242637894,True,True,1.8849968910217285e-06,1701,10,0.001997103914618492,0.9911145269870758
WFG9,147,284945584,284945584,True,True,1.8961727619171143e-06,1711,10,0.00309565756469965,0.9962961478158832
WFG9,148,950976045,950976045,True,True,1.8253922462463379e-06,1721,10,0.016589082777500153,0.9866445809602737
WFG9,149,4190101277,4190101277,True,True,1.8030405044555664e-06,1731,10,0.009472324512898922,0.9980472968891263
WFG9,150,4240298493,4240298493,True,True,1.6801059246063232e-06,1741,10,0.022323712706565857,0.9935545902699232
WFG9,151,2734206366,2734206366,True,True,1.8719583749771118e-06,1751,10,0.0021030819043517113,0.9915485996752977
WFG9,152,897201061,897201061,True,True,1.7825514078140259e-06,1761,10,0.014256719499826431,0.9990415219217539
WFG9,153,800841217,800841217,True,True,1.8756836652755737e-06,1771,10,0.0013498058542609215,0.993716417811811
WFG9,154,3727287082,3727287082,True,True,1.8943101167678833e-06,1781,10,0.003846287727355957,0.9903498804196715
WFG9,155,2285187862,2285187862,True,True,1.8980354070663452e-06,1791,10,0.003831370733678341,0.9969214163720608
WFG9,156,39571393,39571393,True,True,1.8142163753509521e-06,1801,10,0.009119454771280289,0.9872530782595277
WFG9,157,101994020,101994020,True,True,1.7136335372924805e-06,1811,10,0.0029177842661738396,0.997893039137125
WFG9,158,347657349,347657349,True,True,1.8998980522155762e-06,1821,10,0.0007009357213973999,0.9977481858804822
WFG9,159,4188814821,4188814821,True,True,1.7620623111724854e-06,1831,10,0.0035957014188170433,0.9969631237909198
WFG9,160,2227096487,2227096487,True,True,1.5720725059509277e-06,1841,10,0.0022456133738160133,0.9985663751140237
WFG9,161,3681653188,3681653188,True,True,1.8551945686340332e-06,1851,10,0.016453595831990242,0.996334133669734
WFG9,162,2381844788,2381844788,True,True,1.7825514078140259e-06,1861,10,0.002047446556389332,0.9914916977286339
WFG9,163,1132760349,1132760349,True,True,1.7285346984863281e-06,1871,10,0.010323446244001389,0.9924754649400711
WFG9,164,2557017996,2557017996,True,True,1.8402934074401855e-06,1881,10,0.0005902163684368134,0.9895149990916252
WFG9,165,2707086986,2707086986,True,True,1.8700957298278809e-06,1891,10,0.0031690774485468864,0.987867409363389
WFG9,166,1960506298,1960506298,True,True,1.905485987663269e-06,1901,10,0.01589952316135168,0.9992371341213584
WFG9,167,4198347951,4198347951,True,True,1.8514692783355713e-06,1911,10,0.009764496237039566,0.9909127177670598
WFG9,168,3034052617,3034052617,True,True,1.8998980522155762e-06,1921,10,0.002038193866610527,0.9927971502766013
WFG9,169,1813513565,1813513565,True,True,1.7546117305755615e-06,1931,10,0.006270409561693668,0.9960211226716638
WFG9,170,1076051391,1076051391,True,True,1.6763806343078613e-06,1941,10,0.0002035144716501236,0.9991293353959918
WFG9,171,3145112,3145112,True,True,1.8849968910217285e-06,1951,10,0.006708069704473019,0.9973833151161671
WFG9,172,447480960,447480960,True,True,1.8440186977386475e-06,1961,10,0.0072211408987641335,0.9994411608204246
WFG9,173,543610436,543610436,True,True,1.4938414096832275e-06,1971,10,0.0008879462257027626,0.9954815246164799
WFG9,174,234800418,234800418,True,True,1.2908130884170532e-06,1981,10,0.010065073147416115,0.9987526033073664
WFG9,175,3569818446,3569818446,True,True,1.8253922462463379e-06,1991,10,0.003473161719739437,0.998363945633173
WFG9,176,3937749341,3937749341,True,True,1.7601996660232544e-06,2001,10,0.0028651701286435127,0.991256040520966
WFG9,177,3167630698,3167630698,True,True,1.3187527656555176e-06,2011,10,0.019374961964786053,0.9970501828938723
WFG9,178,3754766837,3754766837,True,True,1.773238182067871e-06,2021,10,0.012253593653440475,0.9997011888772249
WFG9,179,3440455371,3440455371,True,True,1.862645149230957e-06,2031,10,0.005466490052640438,0.9905826216563582
WFG9,180,4062738837,4062738837,True,True,1.7061829566955566e-06,2041,10,0.00021638348698616028,0.9958724686875939
WFG9,181,4238092138,4238092138,True,True,1.646578311920166e-06,2051,10,0.004659679718315601,0.9965888727456331
WFG9,182,3191159481,3191159481,True,True,1.6316771507263184e-06,2061,10,0.0009156577289104462,0.9717770796269178
WFG9,183,338272653,338272653,True,True,1.8998980522155762e-06,2071,10,0.00042443815618753433,0.9958639601245522
WFG9,184,3364110680,3364110680,True,True,1.4826655387878418e-06,2081,10,0.003393951803445816,0.9980107108131051
WFG9,185,2691828570,2691828570,True,True,1.7583370208740234e-06,2091,10,0.0018742252141237259,0.9964636107906699
WFG9,186,1756661230,1756661230,True,True,1.7527490854263306e-06,2101,10,0.009877683594822884,0.9968948904424906
WFG9,187,930869526,930869526,True,True,1.6763806343078613e-06,2111,10,0.0009669456630945206,0.9937925776466727
WFG9,188,3121039207,3121039207,True,True,1.4603137969970703e-06,2121,10,0.000940629281103611,0.99812285695225
WFG9,189,4202236004,4202236004,True,True,1.8049031496047974e-06,2131,10,0.0023821424692869186,0.9985684361308813
WFG9,190,39050894,39050894,True,True,1.8496066331863403e-06,2141,10,0.003751475363969803,0.9882640466094017
WFG9,191,2680218704,2680218704,True,True,1.8142163753509521e-06,2151,10,0.0026114238426089287,0.9990068003535271
WFG9,192,1723573172,1723573172,True,True,1.7508864402770996e-06,2161,10,0.006592298857867718,0.9965161811560392
WFG9,193,3826296998,3826296998,True,True,1.8514692783355713e-06,2171,10,0.011337646283209324,0.9953457284718752
WFG9,194,356140725,356140725,True,True,1.7248094081878662e-06,2181,10,5.747564136981964e-05,0.9943992802873254
WFG9,195,1879428589,1879428589,True,True,1.8961727619171143e-06,2191,10,0.019006649032235146,0.998955269344151
WFG9,196,1473390918,1473390918,True,True,1.7695128917694092e-06,2201,10,0.007850064896047115,0.9882567198947072
WFG9,197,2716802463,2716802463,True,True,1.4584511518478394e-06,2211,10,0.008592925034463406,0.9950436111539602
WFG9,198,1121008210,1121008210,True,True,1.8589198589324951e-06,2221,10,0.0024140560999512672,0.9987852703779936
WFG9,199,76518805,76518805,True,True,1.8477439880371094e-06,2231,10,0.004807131364941597,0.9952095709741116
WFG9,200,1989099844,1989099844,True,True,1.7657876014709473e-06,2241,10,0.004328534007072449,0.9974243147298694
ZDT1,1,933708677,933708677,True,True,2.9802322387695312e-08,339,10,0.0018423963338136673,0.9999428782612085
ZDT1,2,2994616791,2994616791,True,True,2.9802322387695312e-08,349,10,0.008079785853624344,0.9984034271910787
ZDT1,3,3342987507,3342987507,True,True,2.8870999813079834e-08,359,10,0.0050508733838796616,0.9959323881193995
ZDT1,4,644100034,644100034,True,True,2.9802322387695312e-08,369,10,0.005961082875728607,0.9969608997926116
ZDT1,5,2150065031,2150065031,True,True,2.9802322387695312e-08,379,10,0.0008684918284416199,0.9886220525950193
ZDT1,6,1260788964,1260788964,True,True,2.9802322387695312e-08,389,10,0.0017984891310334206,0.9976015770807862
ZDT1,7,2740120906,2740120906,True,True,2.8870999813079834e-08,399,10,0.009192642755806446,0.995152953080833
ZDT1,8,3526466499,3526466499,True,True,2.9802322387695312e-08,409,10,0.0032030167058110237,0.9916053209453821
ZDT1,9,1118246763,1118246763,True,True,2.9802322387695312e-08,419,10,0.0016881106421351433,0.9974048538133502
ZDT1,10,12212900,12212900,True,True,2.9802322387695312e-08,429,10,0.00010971259325742722,0.9981041960418224
ZDT1,11,1124738283,1124738283,True,True,2.9802322387695312e-08,439,10,0.01005551777780056,0.9911153865978122
ZDT1,12,1536005704,1536005704,True,True,2.9802322387695312e-08,449,10,0.001391892321407795,0.9934596680104733
ZDT1,13,1623154133,1623154133,True,True,2.9802322387695312e-08,459,10,0.0018569985404610634,0.9986491119489074
ZDT1,14,2411994283,2411994283,True,True,2.8870999813079834e-08,469,10,0.0005248738452792168,0.9991377089172602
ZDT1,15,2977824913,2977824913,True,True,2.9802322387695312e-08,479,10,0.009773893281817436,0.9976315964013338
ZDT1,16,8033846,8033846,True,True,2.9802322387695312e-08,489,10,0.0005042031407356262,0.9998564478009939
ZDT1,17,1849310794,1849310794,True,True,2.9802322387695312e-08,499,10,0.0005087852478027344,0.9993126234039664
ZDT1,18,135365848,135365848,True,True,2.9802322387695312e-08,509,10,0.001475646160542965,0.998485810123384
ZDT1,19,3675884182,3675884182,True,True,2.9802322387695312e-08,519,10,0.0024449843913316727,0.9997781245037913
ZDT1,20,4187209530,4187209530,True,True,2.9802322387695312e-08,529,10,0.0013223439455032349,0.9979300610721111
ZDT1,21,1953483353,1953483353,True,True,2.9802322387695312e-08,539,10,0.0007078759372234344,0.9969941014423966
ZDT1,22,3200210475,3200210475,True,True,2.9802322387695312e-08,549,10,0.0014223027974367142,0.9845844144001603
ZDT1,23,690105596,690105596,True,True,2.9802322387695312e-08,559,10,0.0010249223560094833,0.9941634936258197
ZDT1,24,2376847590,2376847590,True,True,2.9802322387695312e-08,569,10,0.003351975232362747,0.9994604252278805
ZDT1,25,1353967299,1353967299,True,True,2.9802322387695312e-08,579,10,0.0009616855531930923,0.9967001229524612
ZDT1,26,2484501875,2484501875,True,True,2.9802322387695312e-08,589,10,0.003429243341088295,0.9990325244143605
ZDT1,27,3264550778,3264550778,True,True,2.9802322387695312e-08,599,10,0.0008519692346453667,0.9976770551875234
ZDT1,28,4191262284,4191262284,True,True,2.9802322387695312e-08,609,10,0.012617496773600578,0.9992481553927064
ZDT1,29,3662099770,3662099770,True,True,2.9802322387695312e-08,619,10,0.0043791234493255615,0.9976761816069484
ZDT1,30,3902364483,3902364483,True,True,2.9802322387695312e-08,629,10,0.004513260908424854,0.9899656968191266
ZDT1,31,2348467950,2348467950,True,True,2.9802322387695312e-08,639,10,0.0033891750499606133,0.9956685462966561
ZDT1,32,1924812543,1924812543,True,True,2.9802322387695312e-08,649,10,0.001870371401309967,0.9964104844257236
ZDT1,33,2021883790,2021883790,True,True,2.9802322387695312e-08,659,10,0.003598286770284176,0.9936237977817655
ZDT1,34,1853367922,1853367922,True,True,2.9802322387695312e-08,669,10,0.0010676803067326546,0.9963209656998515
ZDT1,35,3671139195,3671139195,True,True,2.9802322387695312e-08,679,10,0.0011521847918629646,0.9987557865679264
ZDT1,36,105738018,105738018,True,True,2.9802322387695312e-08,689,10,0.00789688527584076,0.9973083212971687
ZDT1,37,3507106890,3507106890,True,True,2.9802322387695312e-08,699,10,0.002194947563111782,0.997305866330862
ZDT1,38,2658641751,2658641751,True,True,2.9802322387695312e-08,709,10,0.0007612621411681175,0.9969959892332554
ZDT1,39,378463023,378463023,True,True,2.8870999813079834e-08,719,10,0.0012152902781963348,0.998593701981008
ZDT1,40,2198060547,2198060547,True,True,2.9802322387695312e-08,729,10,0.005168380215764046,0.988192955031991
ZDT1,41,2547117697,2547117697,True,True,2.9802322387695312e-08,739,10,0.0024890899658203125,0.9974564984440804
ZDT1,42,811038363,811038363,True,True,2.9802322387695312e-08,749,10,0.007627975195646286,0.9980969540774822
ZDT1,43,3339395492,3339395492,True,True,2.8870999813079834e-08,759,10,0.00042748358100652695,0.9991635102778673
ZDT1,44,874467473,874467473,True,True,2.9802322387695312e-08,769,10,0.0012619532644748688,0.9992548665031791
ZDT1,45,160635831,160635831,True,True,2.9802322387695312e-08,779,10,0.0004569627344608307,0.9994804328307509
ZDT1,46,1946352888,1946352888,True,True,2.9802322387695312e-08,789,10,0.0008399570360779762,0.9989242628216743
ZDT1,47,3137065642,3137065642,True,True,2.9802322387695312e-08,799,10,0.0038654524832963943,0.9931885600090027
ZDT1,48,2904438633,2904438633,True,True,2.9802322387695312e-08,809,10,0.0012153219431638718,0.9966141050681472
ZDT1,49,4033952540,4033952540,True,True,2.9802322387695312e-08,819,10,0.0006713895127177238,0.9964196989312768
ZDT1,50,714993139,714993139,True,True,2.9802322387695312e-08,829,10,0.00042703282088041306,0.9990272065624595
ZDT1,51,3676055588,3676055588,True,True,2.9802322387695312e-08,839,10,0.006155870854854584,0.9938527708873153
ZDT1,52,2451970584,2451970584,True,True,2.9802322387695312e-08,849,10,0.001503095030784607,0.9978433549404144
ZDT1,53,389651307,389651307,True,True,2.9802322387695312e-08,859,10,0.004894142039120197,0.9958594897761941
ZDT1,54,3625937640,3625937640,True,True,2.9802322387695312e-08,869,10,0.003803773783147335,0.9968068553134799
ZDT1,55,862069175,862069175,True,True,2.9802322387695312e-08,879,10,0.0003348281607031822,0.999741823412478
ZDT1,56,1404136993,1404136993,True,True,2.8870999813079834e-08,889,10,0.003674659878015518,0.9984591510146856
ZDT1,57,1226374421,1226374421,True,True,2.9802322387695312e-08,899,10,0.011839209124445915,0.9993600994348526
ZDT1,58,3561557794,3561557794,True,True,2.9802322387695312e-08,909,10,0.0003550304099917412,0.9979860205203295
ZDT1,59,2934202464,2934202464,True,True,2.9802322387695312e-08,919,10,0.005109776742756367,0.9922199910506606
ZDT1,60,1098335104,1098335104,True,True,2.9802322387695312e-08,929,10,0.0030852947384119034,0.9938467359170318
ZDT1,61,2913975435,2913975435,True,True,2.9802322387695312e-08,939,10,0.0008687181398272514,0.9923104355111718
ZDT1,62,3924500886,3924500886,True,True,2.9802322387695312e-08,949,10,0.008146706037223339,0.9978377632796764
ZDT1,63,4271627220,4271627220,True,True,2.9802322387695312e-08,959,10,0.0033888155594468117,0.9992070430889726
ZDT1,64,3011779428,3011779428,True,True,2.9802322387695312e-08,969,10,0.0008192555978894234,0.9986851895228028
ZDT1,65,4250841277,4250841277,True,True,2.8870999813079834e-08,979,10,0.0006272308528423309,0.9982295921072364
ZDT1,66,366883875,366883875,True,True,2.9802322387695312e-08,989,10,0.0064763268455863,0.9927906841039658
ZDT1,67,3776379520,3776379520,True,True,2.9802322387695312e-08,999,10,0.0007482962682843208,0.9906695559620857
ZDT1,68,817661582,817661582,True,True,2.8870999813079834e-08,1009,10,0.0022644028067588806,0.9996535331010818
ZDT1,69,3869574007,3869574007,True,True,2.9802322387695312e-08,1019,10,0.0022404156625270844,0.9999565538018942
ZDT1,70,1887547529,1887547529,True,True,2.9802322387695312e-08,1029,10,0.00820944830775261,0.9982432899996638
ZDT1,71,720839126,720839126,True,True,2.8870999813079834e-08,1039,10,0.0008373288437724113,0.996692355722189
ZDT1,72,1985021522,1985021522,True,True,2.9802322387695312e-08,1049,10,0.004694797098636627,0.9976917309686542
ZDT1,73,2610049498,2610049498,True,True,2.9802322387695312e-08,1059,10,0.0011522388085722923,0.9937833566218615
ZDT1,74,1517746977,1517746977,True,True,2.9802322387695312e-08,1069,10,0.0025384658947587013,0.9989404501393437
ZDT1,75,3510948951,3510948951,True,True,2.9802322387695312e-08,1079,10,0.0009292876347899437,0.9938339414075017
ZDT1,76,1130878588,1130878588,True,True,2.9802322387695312e-08,1089,10,0.010344574227929115,0.9952900474891067
ZDT1,77,2151269100,2151269100,True,True,2.9802322387695312e-08,1099,10,0.005425580777227879,0.9957383899018168
ZDT1,78,632815734,632815734,True,True,2.9802322387695312e-08,1109,10,0.0016723405569791794,0.991820796392858
ZDT1,79,3538986738,3538986738,True,True,2.9802322387695312e-08,1119,10,0.01200509537011385,0.9969379752874374
ZDT1,80,516636034,516636034,True,True,2.9802322387695312e-08,1129,10,0.00015127286314964294,0.9949816791340709
ZDT1,81,2371957930,2371957930,True,True,2.9802322387695312e-08,1139,10,0.0042665870860219,0.9982221517711878
ZDT1,82,342957437,342957437,True,True,2.9802322387695312e-08,1149,10,0.0005071917548775673,0.9981532879173756
ZDT1,83,399575080,399575080,True,True,2.9802322387695312e-08,1159,10,0.0010869428515434265,0.9991737697273493
ZDT1,84,911814076,911814076,True,True,2.9802322387695312e-08,1169,10,0.004906296730041504,0.994454356841743
ZDT1,85,1521155427,1521155427,True,True,2.9802322387695312e-08,1179,10,0.007394618354737759,0.9980962248519063
ZDT1,86,3750218832,3750218832,True,True,2.9802322387695312e-08,1189,10,0.0022370386868715286,0.9956669574603438
ZDT1,87,1112316872,1112316872,True,True,2.9802322387695312e-08,1199,10,8.092354983091354e-05,0.9936408549547195
ZDT1,88,3015908081,3015908081,True,True,2.9802322387695312e-08,1209,10,0.0005606049671769142,0.9982060203328729
ZDT1,89,1898687068,1898687068,True,True,2.9802322387695312e-08,1219,10,0.001207803376019001,0.9972452111542225
ZDT1,90,3933139375,3933139375,True,True,2.9802322387695312e-08,1229,10,0.0013111568987369537,0.9980610897764564
ZDT1,91,91271492,91271492,True,True,2.9802322387695312e-08,1239,10,0.0020088059827685356,0.995530997402966
ZDT1,92,2749793150,2749793150,True,True,2.9802322387695312e-08,1249,10,0.0007000351324677467,0.9964151484891772
ZDT1,93,3782835874,3782835874,True,True,2.9802322387695312e-08,1259,10,0.003287196159362793,0.9962038118392229
ZDT1,94,1788915900,1788915900,True,True,2.9802322387695312e-08,1269,10,0.00016626715660095215,0.9982322268188
ZDT1,95,896154316,896154316,True,True,2.9802322387695312e-08,1279,10,0.0025987476110458374,0.9973948281258345
ZDT1,96,2253721466,2253721466,True,True,2.9802322387695312e-08,1289,10,0.000603722408413887,0.9915330754593015
ZDT1,97,1112773141,1112773141,True,True,2.9802322387695312e-08,1299,10,0.009969012811779976,0.999513347633183
ZDT1,98,469138701,469138701,True,True,2.9802322387695312e-08,1309,10,0.0006657969206571579,0.9977239510044456
ZDT1,99,2683574398,2683574398,True,True,2.9802322387695312e-08,1319,10,0.002527891658246517,0.9981816951185465
ZDT1,100,280708244,280708244,True,True,2.9802322387695312e-08,1329,10,0.0005441615357995033,0.9979557525366545
ZDT1,101,2278267685,2278267685,True,True,2.9802322387695312e-08,1339,10,0.0028072539716959,0.9995183767750859
ZDT1,102,1275801284,1275801284,True,True,2.9802322387695312e-08,1349,10,0.0012357346713542938,0.9997146250680089
ZDT1,103,2670535944,2670535944,True,True,2.8870999813079834e-08,1359,10,0.005722124129533768,0.9996018214151263
ZDT1,104,3481144348,3481144348,True,True,2.9802322387695312e-08,1369,10,0.007915494032204151,0.9971293620765209
ZDT1,105,1849433549,1849433549,True,True,2.9802322387695312e-08,1379,10,0.0006990628316998482,0.998733407817781
ZDT1,106,1073027652,1073027652,True,True,2.9802322387695312e-08,1389,10,0.0011813044548034668,0.9957654494792223
ZDT1,107,1999785332,1999785332,True,True,2.9802322387695312e-08,1399,10,0.0005792360752820969,0.9997007288038731
ZDT1,108,557315839,557315839,True,True,2.9802322387695312e-08,1409,10,0.0012562619522213936,0.9990785801783204
ZDT1,109,3572270399,3572270399,True,True,2.9802322387695312e-08,1419,10,0.0024573495611548424,0.999363062903285
ZDT1,110,791436992,791436992,True,True,2.9802322387695312e-08,1429,10,0.0010491879656910896,0.99718520604074
ZDT1,111,905798919,905798919,True,True,2.9802322387695312e-08,1439,10,0.0010940507054328918,0.9990112204104662
ZDT1,112,3330113532,3330113532,True,True,2.9802322387695312e-08,1449,10,0.004109914414584637,0.9982040552422404
ZDT1,113,310355428,310355428,True,True,2.9802322387695312e-08,1459,10,0.0002309028059244156,0.9978156769648194
ZDT1,114,3787355612,3787355612,True,True,2.9802322387695312e-08,1469,10,0.004967165179550648,0.9968458842486143
ZDT1,115,829557018,829557018,True,True,2.9802322387695312e-08,1479,10,0.0028176726773381233,0.9947691671550274
ZDT1,116,4165220514,4165220514,True,True,2.9802322387695312e-08,1489,10,0.000206751748919487,0.9983555134385824
ZDT1,117,673564029,673564029,True,True,2.9802322387695312e-08,1499,10,0.0136595843359828,0.9947686642408371
ZDT1,118,1286616897,1286616897,True,True,2.9802322387695312e-08,1509,10,0.0015596011653542519,0.9988033007830381
ZDT1,119,2892962097,2892962097,True,True,2.9802322387695312e-08,1519,10,0.0014857705682516098,0.999052258208394
ZDT1,120,3401421247,3401421247,True,True,2.9802322387695312e-08,1529,10,0.00023648608475923538,0.999424054287374
ZDT1,121,1097979843,1097979843,True,True,2.9802322387695312e-08,1539,10,0.0013448288664221764,0.9974938500672579
ZDT1,122,978110580,978110580,True,True,2.9802322387695312e-08,1549,10,0.009496926330029964,0.9987521097064018
ZDT1,123,1217947320,1217947320,True,True,2.9802322387695312e-08,1559,10,0.0013367747887969017,0.9957592329010367
ZDT1,124,2547088148,2547088148,True,True,2.8870999813079834e-08,1569,10,0.003917187452316284,0.994053584523499
ZDT1,125,2373209474,2373209474,True,True,2.9802322387695312e-08,1579,10,0.001757897436618805,0.9952844232320786
ZDT1,126,4281731174,4281731174,True,True,2.9802322387695312e-08,1589,10,0.010127040557563305,0.990551601164043
ZDT1,127,2237316625,2237316625,True,True,2.9802322387695312e-08,1599,10,0.0024788416922092438,0.9968396490439773
ZDT1,128,1406375660,1406375660,True,True,2.8870999813079834e-08,1609,10,0.0009580580517649651,0.9974733870476484
ZDT1,129,2389504378,2389504378,True,True,2.9802322387695312e-08,1619,10,0.0027841515839099884,0.9941534781828523
ZDT1,130,874188926,874188926,True,True,2.9802322387695312e-08,1629,10,0.0005378825590014458,0.9984848471358418
ZDT1,131,2088416102,2088416102,True,True,2.9802322387695312e-08,1639,10,0.00028404686599969864,0.9904109286144376
ZDT1,132,2781256627,2781256627,True,True,2.9802322387695312e-08,1649,10,0.00498197041451931,0.996123586781323
ZDT1,133,3612219559,3612219559,True,True,2.8870999813079834e-08,1659,10,0.006175225600600243,0.9952756157144904
ZDT1,134,217849553,217849553,True,True,2.9802322387695312e-08,1669,10,8.659623563289642e-05,0.9971813960000873
ZDT1,135,2964425710,2964425710,True,True,2.9802322387695312e-08,1679,10,0.0001681298017501831,0.9997384054586291
ZDT1,136,3840522651,3840522651,True,True,2.9802322387695312e-08,1689,10,0.005630145780742168,0.9905053041875362
ZDT1,137,2263838889,2263838889,True,True,2.9802322387695312e-08,1699,10,0.011909499764442444,0.9927434464916587
ZDT1,138,3597571576,3597571576,True,True,2.9802322387695312e-08,1709,10,0.004312758333981037,0.9986818507313728
ZDT1,139,4254793566,4254793566,True,True,2.9802322387695312e-08,1719,10,0.005771489813923836,0.9992523724213243
ZDT1,140,3011301605,3011301605,True,True,2.9802322387695312e-08,1729,10,0.003463849425315857,0.994921438395977
ZDT1,141,3865017833,3865017833,True,True,2.8870999813079834e-08,1739,10,0.007214301265776157,0.9929650761187077
ZDT1,142,3797178146,3797178146,True,True,2.9802322387695312e-08,1749,10,0.0024644210934638977,0.9996795812621713
ZDT1,143,820777656,820777656,True,True,2.9802322387695312e-08,1759,10,0.002080908976495266,0.9917980898171663
ZDT1,144,3045333213,3045333213,True,True,2.9802322387695312e-08,1769,10,0.010690412484109402,0.998363284394145
ZDT1,145,3638811665,3638811665,True,True,2.9802322387695312e-08,1779,10,0.001693672500550747,0.9979968201369047
ZDT1,146,3242637894,3242637894,True,True,2.9802322387695312e-08,1789,10,0.013029287569224834,0.9984435029327869
ZDT1,147,284945584,284945584,True,True,2.8870999813079834e-08,1799,10,0.007619007490575314,0.9998248098418117
ZDT1,148,950976045,950976045,True,True,2.9802322387695312e-08,1809,10,0.0017062900587916374,0.9994584517553449
ZDT1,149,4190101277,4190101277,True,True,2.9802322387695312e-08,1819,10,0.0020070159807801247,0.9935000315308571
ZDT1,150,4240298493,4240298493,True,True,2.9802322387695312e-08,1829,10,0.003514016978442669,0.9935835925862193
ZDT1,151,2734206366,2734206366,True,True,2.9802322387695312e-08,1839,10,0.002767469733953476,0.9986138995736837
ZDT1,152,897201061,897201061,True,True,2.9802322387695312e-08,1849,10,0.002925143577158451,0.9966232609003782
ZDT1,153,800841217,800841217,True,True,2.9802322387695312e-08,1859,10,0.0002942848950624466,0.9946010624989867
ZDT1,154,3727287082,3727287082,True,True,2.9802322387695312e-08,1869,10,0.0024665119126439095,0.993636610917747
ZDT1,155,2285187862,2285187862,True,True,2.8870999813079834e-08,1879,10,0.0023343702778220177,0.9996157418936491
ZDT1,156,39571393,39571393,True,True,2.9802322387695312e-08,1889,10,0.0011180583387613297,0.9971102979034185
ZDT1,157,101994020,101994020,True,True,2.9802322387695312e-08,1899,10,0.0002199821174144745,0.9978055991232395
ZDT1,158,347657349,347657349,True,True,2.9802322387695312e-08,1909,10,0.0031379135325551033,0.9998869122937322
ZDT1,159,4188814821,4188814821,True,True,2.9802322387695312e-08,1919,10,0.005762647837400436,0.9883619332686067
ZDT1,160,2227096487,2227096487,True,True,2.9802322387695312e-08,1929,10,0.000304332934319973,0.9965188875794411
ZDT1,161,3681653188,3681653188,True,True,2.9802322387695312e-08,1939,10,0.0013200417160987854,0.9996790653094649
ZDT1,162,2381844788,2381844788,True,True,2.9802322387695312e-08,1949,10,0.007272589951753616,0.9959873966872692
ZDT1,163,1132760349,1132760349,True,True,2.9802322387695312e-08,1959,10,0.0016394313424825668,0.9853557366877794
ZDT1,164,2557017996,2557017996,True,True,2.9802322387695312e-08,1969,10,0.005021501332521439,0.9944179188460112
ZDT1,165,2707086986,2707086986,True,True,2.9802322387695312e-08,1979,10,0.009897571057081223,0.9961187709122896
ZDT1,166,1960506298,1960506298,True,True,2.9802322387695312e-08,1989,10,0.002009662799537182,0.9965253248810768
ZDT1,167,4198347951,4198347951,True,True,2.9802322387695312e-08,1999,10,0.005344844423234463,0.9919318472966552
ZDT1,168,3034052617,3034052617,True,True,2.9802322387695312e-08,2009,10,0.002917327918112278,0.9976043114438653
ZDT1,169,1813513565,1813513565,True,True,2.9802322387695312e-08,2019,10,0.010956463403999805,0.9972042143344879
ZDT1,170,1076051391,1076051391,True,True,2.9802322387695312e-08,2029,10,0.003421020694077015,0.9991293353959918
ZDT1,171,3145112,3145112,True,True,2.9802322387695312e-08,2039,10,0.0010572345927357674,0.9990664124488831
ZDT1,172,447480960,447480960,True,True,2.9802322387695312e-08,2049,10,0.002611609175801277,0.9940093569457531
ZDT1,173,543610436,543610436,True,True,2.9802322387695312e-08,2059,10,0.00020059198141098022,0.9911955604329705
ZDT1,174,234800418,234800418,True,True,2.9802322387695312e-08,2069,10,0.0012538209557533264,0.9993004901334643
ZDT1,175,3569818446,3569818446,True,True,2.9802322387695312e-08,2079,10,0.0017268601804971695,0.9992016078904271
ZDT1,176,3937749341,3937749341,True,True,2.9802322387695312e-08,2089,10,0.0023625539615750313,0.9981494713574648
ZDT1,177,3167630698,3167630698,True,True,2.9802322387695312e-08,2099,10,0.008814320899546146,0.9948851820081472
ZDT1,178,3754766837,3754766837,True,True,2.9802322387695312e-08,2109,10,0.002606797032058239,0.9997011888772249
ZDT1,179,3440455371,3440455371,True,True,2.9802322387695312e-08,2119,10,0.0022465121001005173,0.9996765675023198
ZDT1,180,4062738837,4062738837,True,True,2.9802322387695312e-08,2129,10,0.0006468482315540314,0.9962254054844379
ZDT1,181,4238092138,4238092138,True,True,2.9802322387695312e-08,2139,10,0.008205417543649673,0.9956906856968999
ZDT1,182,3191159481,3191159481,True,True,2.9802322387695312e-08,2149,10,0.0031080972403287888,0.9999609552323818
ZDT1,183,338272653,338272653,True,True,2.9802322387695312e-08,2159,10,0.010059409774839878,0.9989610277116299
ZDT1,184,3364110680,3364110680,True,True,2.9802322387695312e-08,2169,10,0.003393951803445816,0.9980312250554562
ZDT1,185,2691828570,2691828570,True,True,2.9802322387695312e-08,2179,10,0.0019467463716864586,0.9961945107206702
ZDT1,186,1756661230,1756661230,True,True,2.9802322387695312e-08,2189,10,0.00048748403787612915,0.9991762423887849
ZDT1,187,930869526,930869526,True,True,2.9802322387695312e-08,2199,10,0.0005788113921880722,0.9991267267614603
ZDT1,188,3121039207,3121039207,True,True,2.9802322387695312e-08,2209,10,0.009041108191013336,0.987756572663784
ZDT1,189,4202236004,4202236004,True,True,2.9802322387695312e-08,2219,10,0.002569287084043026,0.9985684361308813
ZDT1,190,39050894,39050894,True,True,2.9802322387695312e-08,2229,10,0.003690711222589016,0.9930933499708772
ZDT1,191,2680218704,2680218704,True,True,2.9802322387695312e-08,2239,10,0.001206517219543457,0.9990068003535271
ZDT1,192,1723573172,1723573172,True,True,2.9802322387695312e-08,2249,10,0.0010024923831224442,0.9975052932277322
ZDT1,193,3826296998,3826296998,True,True,2.9802322387695312e-08,2259,10,0.008916469290852547,0.9985246546566486
ZDT1,194,356140725,356140725,True,True,2.9802322387695312e-08,2269,10,5.747564136981964e-05,0.9923579022288322
ZDT1,195,1879428589,1879428589,True,True,2.9802322387695312e-08,2279,10,0.0033433549106121063,0.9947671564295888
ZDT1,196,1473390918,1473390918,True,True,2.9802322387695312e-08,2289,10,0.0016943737864494324,0.9988362276926637
ZDT1,197,2716802463,2716802463,True,True,2.9802322387695312e-08,2299,10,0.0026910221204161644,0.9994777850806713
ZDT1,198,1121008210,1121008210,True,True,2.9802322387695312e-08,2309,10,0.001932663843035698,0.9987852703779936
ZDT1,199,76518805,76518805,True,True,2.9802322387695312e-08,2319,10,0.0006750710308551788,0.9988763844594359
ZDT1,200,1989099844,1989099844,True,True,2.9802322387695312e-08,2329,10,0.004619402810931206,0.9998759254813194
ZDT4,1,933708677,933708677,True,True,1.9371509552001953e-07,119,10,0.004821239039301872,0.9959562746807933
ZDT4,2,2994616791,2994616791,True,True,2.253800630569458e-07,129,10,0.0029375506564974785,0.9884822620078921
ZDT4,3,3342987507,3342987507,True,True,2.3096799850463867e-07,139,10,0.0005498416721820831,0.9903753958642483
ZDT4,4,644100034,644100034,True,True,2.1606683731079102e-07,149,10,0.003213736228644848,0.9885052684694529
ZDT4,5,2150065031,2150065031,True,True,2.253800630569458e-07,159,10,0.00015437323600053787,0.9878102811053395
ZDT4,6,1260788964,1260788964,True,True,2.3283064365386963e-07,169,10,0.002210398204624653,0.9965076548978686
ZDT4,7,2740120906,2740120906,True,True,2.2910535335540771e-07,179,10,0.0030499156564474106,0.9972393112257123
ZDT4,8,3526466499,3526466499,True,True,2.3655593395233154e-07,189,10,0.0017465520650148392,0.9974064957350492
ZDT4,9,1118246763,1118246763,True,True,2.2910535335540771e-07,199,10,0.0011207535862922668,0.9918580017983913
ZDT4,10,12212900,12212900,True,True,2.2165477275848389e-07,209,10,0.03789252880960703,0.996649457141757
ZDT4,11,1124738283,1124738283,True,True,2.1979212760925293e-07,219,10,0.00805574655532837,0.9943483732640743
ZDT4,12,1536005704,1536005704,True,True,1.8998980522155762e-07,229,10,0.003840734250843525,0.9879856193438172
ZDT4,13,1623154133,1623154133,True,True,2.3283064365386963e-07,239,10,0.0010625217109918594,0.9884020835161209
ZDT4,14,2411994283,2411994283,True,True,2.3469328880310059e-07,249,10,0.010667663998901844,0.9932090444490314
ZDT4,15,2977824913,2977824913,True,True,2.384185791015625e-07,259,10,0.01301395334303379,0.9900729404762387
ZDT4,16,8033846,8033846,True,True,2.123415470123291e-07,269,10,0.0019425572827458382,0.989188376814127
ZDT4,17,1849310794,1849310794,True,True,2.384185791015625e-07,279,10,0.033212246373295784,0.9891804456710815
ZDT4,18,135365848,135365848,True,True,2.3283064365386963e-07,289,10,0.008477711118757725,0.9934950098395348
ZDT4,19,3675884182,3675884182,True,True,2.3096799850463867e-07,299,10,0.014252062886953354,0.9954141424968839
ZDT4,20,4187209530,4187209530,True,True,2.123415470123291e-07,309,10,0.01778827514499426,0.9929529866203666
ZDT4,21,1953483353,1953483353,True,True,1.8998980522155762e-07,319,10,0.0056751566007733345,0.9711295058950782
ZDT4,22,3200210475,3200210475,True,True,2.2165477275848389e-07,329,10,0.014773547649383545,0.9891592403873801
ZDT4,23,690105596,690105596,True,True,2.2910535335540771e-07,339,10,0.00975601002573967,0.9698753673583269
ZDT4,24,2376847590,2376847590,True,True,2.1047890186309814e-07,349,10,0.016810350120067596,0.9862386668100953
ZDT4,25,1353967299,1353967299,True,True,2.2910535335540771e-07,359,10,0.0009616855531930923,0.9965429427102208
ZDT4,26,2484501875,2484501875,True,True,2.3283064365386963e-07,369,10,0.005632417276501656,0.9837604472413659
ZDT4,27,3264550778,3264550778,True,True,2.3283064365386963e-07,379,10,0.010636637918651104,0.992041134275496
ZDT4,28,4191262284,4191262284,True,True,2.1606683731079102e-07,389,10,0.003761742264032364,0.9917749743908644
ZDT4,29,3662099770,3662099770,True,True,2.3283064365386963e-07,399,10,0.007876803167164326,0.9807050572708249
ZDT4,30,3902364483,3902364483,True,True,2.253800630569458e-07,409,10,0.009372248314321041,0.9948145309463143
ZDT4,31,2348467950,2348467950,True,True,2.3283064365386963e-07,419,10,0.008249115198850632,0.9980304008349776
ZDT4,32,1924812543,1924812543,True,True,2.3655593395233154e-07,429,10,0.005421987734735012,0.9994222968816757
ZDT4,33,2021883790,2021883790,True,True,2.2724270820617676e-07,439,10,0.01457124575972557,0.962209484539926
ZDT4,34,1853367922,1853367922,True,True,2.3655593395233154e-07,449,10,0.0030563054606318474,0.9991683615371585
ZDT4,35,3671139195,3671139195,True,True,2.3283064365386963e-07,459,10,0.019519610330462456,0.9808352896943688
ZDT4,36,105738018,105738018,True,True,1.825392246246338e-07,469,10,0.0034106913954019547,0.9904849044978619
ZDT4,37,3507106890,3507106890,True,True,2.2724270820617676e-07,479,10,0.0020676832646131516,0.9956826437264681
ZDT4,38,2658641751,2658641751,True,True,2.384185791015625e-07,489,10,0.004698031581938267,0.9994471855461597
ZDT4,39,378463023,378463023,True,True,2.3469328880310059e-07,499,10,0.004618072882294655,0.9677691832184792
ZDT4,40,2198060547,2198060547,True,True,2.3283064365386963e-07,509,10,0.022402891889214516,0.9980940353125334
ZDT4,41,2547117697,2547117697,True,True,2.3469328880310059e-07,519,10,0.0015761284157633781,0.9845003979280591
ZDT4,42,811038363,811038363,True,True,2.3283064365386963e-07,529,10,0.0081891268491745,0.9869306245818734
ZDT4,43,3339395492,3339395492,True,True,2.384185791015625e-07,539,10,0.0139303645119071,0.9986055977642536
ZDT4,44,874467473,874467473,True,True,2.2724270820617676e-07,549,10,0.022818810306489468,0.9959213826805353
ZDT4,45,160635831,160635831,True,True,2.2910535335540771e-07,559,10,0.008083543740212917,0.9936045007780194
ZDT4,46,1946352888,1946352888,True,True,2.1792948246002197e-07,569,10,0.006504719145596027,0.9737165542319417
ZDT4,47,3137065642,3137065642,True,True,2.253800630569458e-07,579,10,0.006366214714944363,0.9926648391410708
ZDT4,48,2904438633,2904438633,True,True,2.3655593395233154e-07,589,10,0.00714190024882555,0.9996089553460479
ZDT4,49,4033952540,4033952540,True,True,2.2351741790771484e-07,599,10,0.004738016054034233,0.9910167064517736
ZDT4,50,714993139,714993139,True,True,2.2724270820617676e-07,609,10,0.01517244428396225,0.9940342744812369
ZDT4,51,3676055588,3676055588,True,True,2.1979212760925293e-07,619,10,0.003748658113181591,0.9898597411811352
ZDT4,52,2451970584,2451970584,True,True,2.123415470123291e-07,629,10,0.029643917456269264,0.9996241619810462
ZDT4,53,389651307,389651307,True,True,2.3655593395233154e-07,639,10,0.023845268413424492,0.9947006395086646
ZDT4,54,3625937640,3625937640,True,True,2.1792948246002197e-07,649,10,0.0031353263184428215,0.9982302226126194
ZDT4,55,862069175,862069175,True,True,2.384185791015625e-07,659,10,0.01124096754938364,0.9986275685951114
ZDT4,56,1404136993,1404136993,True,True,2.384185791015625e-07,669,10,0.004049728624522686,0.9956634165719151
ZDT4,57,1226374421,1226374421,True,True,1.8812716007232666e-07,679,10,0.03153891209512949,0.9992245752364397
ZDT4,58,3561557794,3561557794,True,True,2.3283064365386963e-07,689,10,0.0018533077090978622,0.986598102375865
ZDT4,59,2934202464,2934202464,True,True,2.2910535335540771e-07,699,10,0.0014685895293951035,0.9920531371608377
ZDT4,60,1098335104,1098335104,True,True,2.2724270820617676e-07,709,10,0.00215131975710392,0.99284334667027
ZDT4,61,2913975435,2913975435,True,True,2.0116567611694336e-07,719,10,0.028723355382680893,0.9996419716626406
ZDT4,62,3924500886,3924500886,True,True,2.3096799850463867e-07,729,10,0.0006180908530950546,0.9851643731817603
ZDT4,63,4271627220,4271627220,True,True,2.3469328880310059e-07,739,10,0.015901588834822178,0.9939134540036321
ZDT4,64,3011779428,3011779428,True,True,2.384185791015625e-07,749,10,0.0025702714920043945,0.9952866770327091
ZDT4,65,4250841277,4250841277,True,True,2.3283064365386963e-07,759,10,0.003198615275323391,0.9948555259034038
ZDT4,66,366883875,366883875,True,True,2.253800630569458e-07,769,10,0.0043645864352583885,0.9981328817084432
ZDT4,67,3776379520,3776379520,True,True,2.2910535335540771e-07,779,10,0.004423134028911591,0.9928871747106314
ZDT4,68,817661582,817661582,True,True,2.3096799850463867e-07,789,10,0.0023859338834881783,0.9925242550671101
ZDT4,69,3869574007,3869574007,True,True,2.086162567138672e-07,799,10,0.003050968050956726,0.9932774864137173
ZDT4,70,1887547529,1887547529,True,True,2.3469328880310059e-07,809,10,0.023365986533463,0.9953494733199477
ZDT4,71,720839126,720839126,True,True,2.1792948246002197e-07,819,10,0.009311649017035961,0.9928421638906002
ZDT4,72,1985021522,1985021522,True,True,2.1420419216156006e-07,829,10,0.01017253752797842,0.9826101120561361
ZDT4,73,2610049498,2610049498,True,True,2.2165477275848389e-07,839,10,0.005204644054174423,0.999876270070672
ZDT4,74,1517746977,1517746977,True,True,1.993030309677124e-07,849,10,0.001810493879020214,0.9842562954872847
ZDT4,75,3510948951,3510948951,True,True,2.1792948246002197e-07,859,10,0.029298003762960434,0.9987541977316141
ZDT4,76,1130878588,1130878588,True,True,2.3655593395233154e-07,869,10,0.0008566807955503464,0.994291789829731
ZDT4,77,2151269100,2151269100,True,True,2.2910535335540771e-07,879,10,0.012254379689693451,0.9850868750363588
ZDT4,78,632815734,632815734,True,True,2.3283064365386963e-07,889,10,0.011193123646080494,0.9978436818346381
ZDT4,79,3538986738,3538986738,True,True,2.3283064365386963e-07,899,10,0.018561558797955513,0.9969379752874374
ZDT4,80,516636034,516636034,True,True,2.1792948246002197e-07,909,10,0.006097596138715744,0.9947191523388028
ZDT4,81,2371957930,2371957930,True,True,2.3096799850463867e-07,919,10,0.0066338833421468735,0.9836296187713742
ZDT4,82,342957437,342957437,True,True,2.253800630569458e-07,929,10,0.026027544401586056,0.9938675342127681
ZDT4,83,399575080,399575080,True,True,2.3655593395233154e-07,939,10,0.009541398845613003,0.9953168984502554
ZDT4,84,911814076,911814076,True,True,2.1420419216156006e-07,949,10,0.016546270810067654,0.9897528029978275
ZDT4,85,1521155427,1521155427,True,True,2.384185791015625e-07,959,10,0.004355055280029774,0.9981010351330042
ZDT4,86,3750218832,3750218832,True,True,2.2165477275848389e-07,969,10,0.004454795271158218,0.9758336748927832
ZDT4,87,1112316872,1112316872,True,True,2.384185791015625e-07,979,10,0.01807058695703745,0.9826385378837585
ZDT4,88,3015908081,3015908081,True,True,2.2910535335540771e-07,989,10,0.0076510244980454445,0.9850085964426398
ZDT4,89,1898687068,1898687068,True,True,1.9744038581848145e-07,999,10,0.007859434001147747,0.9961069021373987
ZDT4,90,3933139375,3933139375,True,True,2.2351741790771484e-07,1009,10,0.0013111568987369537,0.9765275400131941
ZDT4,91,91271492,91271492,True,True,2.1979212760925293e-07,1019,10,0.028434155508875847,0.9977135071530938
ZDT4,92,2749793150,2749793150,True,True,2.384185791015625e-07,1029,10,0.0007000351324677467,0.9884738307446241
ZDT4,93,3782835874,3782835874,True,True,2.3469328880310059e-07,1039,10,0.0015366561710834503,0.9933021580800414
ZDT4,94,1788915900,1788915900,True,True,2.2910535335540771e-07,1049,10,0.010087154805660248,0.9945452827960253
ZDT4,95,896154316,896154316,True,True,2.2165477275848389e-07,1059,10,0.009472833946347237,0.9893941450864077
ZDT4,96,2253721466,2253721466,True,True,2.2165477275848389e-07,1069,10,0.009121939539909363,0.9978439519181848
ZDT4,97,1112773141,1112773141,True,True,2.3283064365386963e-07,1079,10,0.005011175759136677,0.999700466170907
ZDT4,98,469138701,469138701,True,True,2.1792948246002197e-07,1089,10,0.011112207546830177,0.9709932496771216
ZDT4,99,2683574398,2683574398,True,True,2.2351741790771484e-07,1099,10,0.0004115486517548561,0.9964683605358005
ZDT4,100,280708244,280708244,True,True,2.1792948246002197e-07,1109,10,0.006376219913363457,0.9934596819803119
ZDT4,101,2278267685,2278267685,True,True,2.2165477275848389e-07,1119,10,0.0028072539716959,0.9995183767750859
ZDT4,102,1275801284,1275801284,True,True,2.3283064365386963e-07,1129,10,0.003130619414150715,0.9966050535440445
ZDT4,103,2670535944,2670535944,True,True,2.3283064365386963e-07,1139,10,0.01149754785001278,0.9604613212868571
ZDT4,104,3481144348,3481144348,True,True,2.2724270820617676e-07,1149,10,0.0017131716012954712,0.998088926076889
ZDT4,105,1849433549,1849433549,True,True,2.1979212760925293e-07,1159,10,0.017186845652759075,0.9991110563278198
ZDT4,106,1073027652,1073027652,True,True,2.2724270820617676e-07,1169,10,0.00024186167865991592,0.9776898603886366
ZDT4,107,1999785332,1999785332,True,True,2.1979212760925293e-07,1179,10,0.004844227805733681,0.9737930586561561
ZDT4,108,557315839,557315839,True,True,2.1792948246002197e-07,1189,10,0.0015225084498524666,0.962853834964335
ZDT4,109,3572270399,3572270399,True,True,2.2351741790771484e-07,1199,10,0.005700601264834404,0.9930359395220876
ZDT4,110,791436992,791436992,True,True,2.123415470123291e-07,1209,10,0.009085859172046185,0.9915382862091064
ZDT4,111,905798919,905798919,True,True,2.384185791015625e-07,1219,10,0.015905139967799187,0.9814711026847363
ZDT4,112,3330113532,3330113532,True,True,2.3469328880310059e-07,1229,10,0.0019138678908348083,0.9917241325601935
ZDT4,113,310355428,310355428,True,True,2.1606683731079102e-07,1239,10,0.004277970641851425,0.9981957944110036
ZDT4,114,3787355612,3787355612,True,True,2.2165477275848389e-07,1249,10,0.003514232113957405,0.9989560348913074
ZDT4,115,829557018,829557018,True,True,2.0302832126617432e-07,1259,10,0.020425911992788315,0.9830191330984235
ZDT4,116,4165220514,4165220514,True,True,2.2910535335540771e-07,1269,10,0.00147247314453125,0.9944045338779688
ZDT4,117,673564029,673564029,True,True,2.1420419216156006e-07,1279,10,0.025056473910808563,0.9974063877016306
ZDT4,118,1286616897,1286616897,True,True,2.3469328880310059e-07,1289,10,0.0007488792762160301,0.991126786917448
ZDT4,119,2892962097,2892962097,True,True,2.0675361156463623e-07,1299,10,0.00920974463224411,0.9920278592035174
ZDT4,120,3401421247,3401421247,True,True,2.3096799850463867e-07,1309,10,0.02517096698284149,0.9924531439319253
ZDT4,121,1097979843,1097979843,True,True,2.1792948246002197e-07,1319,10,0.01554157119244337,0.9921992644667625
ZDT4,122,978110580,978110580,True,True,1.993030309677124e-07,1329,10,0.013175155967473984,0.9947578897699714
ZDT4,123,1217947320,1217947320,True,True,2.2724270820617676e-07,1339,10,0.0014889026060700417,0.9892697650939226
ZDT4,124,2547088148,2547088148,True,True,2.2724270820617676e-07,1349,10,0.015229225158691406,0.9816802879795432
ZDT4,125,2373209474,2373209474,True,True,2.2910535335540771e-07,1359,10,0.009761792607605457,0.9994857981801033
ZDT4,126,4281731174,4281731174,True,True,2.086162567138672e-07,1369,10,0.025134213268756866,0.9924350753426552
ZDT4,127,2237316625,2237316625,True,True,2.3469328880310059e-07,1379,10,0.016472660936415195,0.9848676649853587
ZDT4,128,1406375660,1406375660,True,True,1.9185245037078857e-07,1389,10,0.01145586371421814,0.9818698987364769
ZDT4,129,2389504378,2389504378,True,True,2.086162567138672e-07,1399,10,0.004971168003976345,0.992713650688529
ZDT4,130,874188926,874188926,True,True,2.3469328880310059e-07,1409,10,0.0016174586489796638,0.9895972199738026
ZDT4,131,2088416102,2088416102,True,True,2.2724270820617676e-07,1419,10,0.025352241471409798,0.9978165831416845
ZDT4,132,2781256627,2781256627,True,True,2.2724270820617676e-07,1429,10,0.0014177272096276283,0.9829699816182256
ZDT4,133,3612219559,3612219559,True,True,2.384185791015625e-07,1439,10,0.008966616354882717,0.9952756157144904
ZDT4,134,217849553,217849553,True,True,2.123415470123291e-07,1449,10,0.006307071074843407,0.993587477132678
ZDT4,135,2964425710,2964425710,True,True,2.253800630569458e-07,1459,10,0.010538006201386452,0.9970504269003868
ZDT4,136,3840522651,3840522651,True,True,2.3283064365386963e-07,1469,10,0.0008129104971885681,0.980931063182652
ZDT4,137,2263838889,2263838889,True,True,2.3283064365386963e-07,1479,10,0.029706639237701893,0.9927932070568204
ZDT4,138,3597571576,3597571576,True,True,2.2910535335540771e-07,1489,10,0.0052075935527682304,0.9955966100096703
ZDT4,139,4254793566,4254793566,True,True,2.2165477275848389e-07,1499,10,0.01704691257327795,0.9861298920586705
ZDT4,140,3011301605,3011301605,True,True,2.3096799850463867e-07,1509,10,0.03485784865915775,0.9961502933874726
ZDT4,141,3865017833,3865017833,True,True,2.1047890186309814e-07,1519,10,0.0020102784037590027,0.9936022646725178
ZDT4,142,3797178146,3797178146,True,True,2.253800630569458e-07,1529,10,0.00017938390374183655,0.9755340693518519
ZDT4,143,820777656,820777656,True,True,2.1420419216156006e-07,1539,10,0.002080908976495266,0.991558282636106
ZDT4,144,3045333213,3045333213,True,True,2.3096799850463867e-07,1549,10,0.0012219706550240517,0.9889653660356998
ZDT4,145,3638811665,3638811665,True,True,2.2910535335540771e-07,1559,10,0.01652119029313326,0.9946770397946239
ZDT4,146,3242637894,3242637894,True,True,2.3655593395233154e-07,1569,10,0.01914188452064991,0.996444646269083
ZDT4,147,284945584,284945584,True,True,2.3469328880310059e-07,1579,10,0.0001494409516453743,0.999459651298821
ZDT4,148,950976045,950976045,True,True,2.384185791015625e-07,1589,10,0.004968922585248947,0.988082810305059
ZDT4,149,4190101277,4190101277,True,True,2.3655593395233154e-07,1599,10,0.004965239204466343,0.9904624214395881
ZDT4,150,4240298493,4240298493,True,True,2.123415470123291e-07,1609,10,0.002796834334731102,0.9967443402856588
ZDT4,151,2734206366,2734206366,True,True,2.2351741790771484e-07,1619,10,0.01585670467466116,0.9949057949706912
ZDT4,152,897201061,897201061,True,True,2.384185791015625e-07,1629,10,0.004361389204859734,0.9985925471410155
ZDT4,153,800841217,800841217,True,True,2.3655593395233154e-07,1639,10,0.0012070881202816963,0.9980463609099388
ZDT4,154,3727287082,3727287082,True,True,2.3655593395233154e-07,1649,10,0.02359611541032791,0.9844382684677839
ZDT4,155,2285187862,2285187862,True,True,2.253800630569458e-07,1659,10,0.009371062740683556,0.9788021249696612
ZDT4,156,39571393,39571393,True,True,2.1047890186309814e-07,1669,10,0.002354418858885765,0.987230971455574
ZDT4,157,101994020,101994020,True,True,2.2724270820617676e-07,1679,10,0.0009190589189529419,0.9849013173952699
ZDT4,158,347657349,347657349,True,True,2.1420419216156006e-07,1689,10,0.012366184964776039,0.9912264049053192
ZDT4,159,4188814821,4188814821,True,True,2.3469328880310059e-07,1699,10,0.01586056873202324,0.9991819178685546
ZDT4,160,2227096487,2227096487,True,True,2.2165477275848389e-07,1709,10,0.002861727960407734,0.9890243271365762
ZDT4,161,3681653188,3681653188,True,True,2.3096799850463867e-07,1719,10,0.01048712432384491,0.9980944776907563
ZDT4,162,2381844788,2381844788,True,True,2.1606683731079102e-07,1729,10,0.025993304327130318,0.9944258760660887
ZDT4,163,1132760349,1132760349,True,True,2.2724270820617676e-07,1739,10,0.0018746834248304367,0.9927705228328705
ZDT4,164,2557017996,2557017996,True,True,2.0675361156463623e-07,1749,10,0.004798523150384426,0.9986014505848289
ZDT4,165,2707086986,2707086986,True,True,2.1606683731079102e-07,1759,10,0.0004452168941497803,0.9963433481752872
ZDT4,166,1960506298,1960506298,True,True,1.9744038581848145e-07,1769,10,0.03877830598503351,0.9958898741751909
ZDT4,167,4198347951,4198347951,True,True,2.384185791015625e-07,1779,10,0.0007081301882863045,0.977669264189899
ZDT4,168,3034052617,3034052617,True,True,2.3469328880310059e-07,1789,10,0.02370474487543106,0.9986971700564027
ZDT4,169,1813513565,1813513565,True,True,1.8812716007232666e-07,1799,10,0.006500007584691048,0.9953559935092926
ZDT4,170,1076051391,1076051391,True,True,2.3283064365386963e-07,1809,10,0.0020151017233729362,0.9991293353959918
ZDT4,171,3145112,3145112,True,True,2.1979212760925293e-07,1819,10,0.01458753552287817,0.9884539823979139
ZDT4,172,447480960,447480960,True,True,2.384185791015625e-07,1829,10,0.018996628932654858,0.9982772674411535
ZDT4,173,543610436,543610436,True,True,2.3096799850463867e-07,1839,10,0.009470295161008835,0.9999149469658732
ZDT4,174,234800418,234800418,True,True,2.253800630569458e-07,1849,10,0.019327196292579174,0.9894434614107013
ZDT4,175,3569818446,3569818446,True,True,2.0675361156463623e-07,1859,10,0.02959043625742197,0.9875776786357164
ZDT4,176,3937749341,3937749341,True,True,2.1047890186309814e-07,1869,10,0.012592903338372707,0.991256040520966
ZDT4,177,3167630698,3167630698,True,True,2.0675361156463623e-07,1879,10,0.00504013616591692,0.9690572125837207
ZDT4,178,3754766837,3754766837,True,True,2.086162567138672e-07,1889,10,0.005364034324884415,0.9870075844228268
ZDT4,179,3440455371,3440455371,True,True,2.2165477275848389e-07,1899,10,0.0033700047060847282,0.9844394894316792
ZDT4,180,4062738837,4062738837,True,True,2.384185791015625e-07,1909,10,0.005529044196009636,0.9951990749686956
ZDT4,181,4238092138,4238092138,True,True,2.0302832126617432e-07,1919,10,0.027150982059538364,0.9996148040518165
ZDT4,182,3191159481,3191159481,True,True,2.2724270820617676e-07,1929,10,0.0063648344948887825,0.9959162445738912
ZDT4,183,338272653,338272653,True,True,2.3283064365386963e-07,1939,10,0.014301443472504616,0.9843178046867251
ZDT4,184,3364110680,3364110680,True,True,2.3096799850463867e-07,1949,10,0.003393951803445816,0.9968865690752864
ZDT4,185,2691828570,2691828570,True,True,2.1606683731079102e-07,1959,10,0.01038419920951128,0.9967657187953591
ZDT4,186,1756661230,1756661230,True,True,2.2165477275848389e-07,1969,10,0.001516805961728096,0.9855893990024924
ZDT4,187,930869526,930869526,True,True,2.384185791015625e-07,1979,10,0.007908949628472328,0.9831231432035565
ZDT4,188,3121039207,3121039207,True,True,2.2910535335540771e-07,1989,10,0.0063470639288425446,0.9984663361683488
ZDT4,189,4202236004,4202236004,True,True,2.3655593395233154e-07,1999,10,0.006552893668413162,0.9985684361308813
ZDT4,190,39050894,39050894,True,True,2.3096799850463867e-07,2009,10,0.009580008685588837,0.9998995400965214
ZDT4,191,2680218704,2680218704,True,True,2.3655593395233154e-07,2019,10,0.004576960578560829,0.9937886567786336
ZDT4,192,1723573172,1723573172,True,True,2.123415470123291e-07,2029,10,0.007222241722047329,0.9974708473309875
ZDT4,193,3826296998,3826296998,True,True,2.384185791015625e-07,2039,10,0.010783995501697063,0.9733187863603234
ZDT4,194,356140725,356140725,True,True,2.253800630569458e-07,2049,10,5.747564136981964e-05,0.9903383841738105
ZDT4,195,1879428589,1879428589,True,True,2.3096799850463867e-07,2059,10,0.00626599695533514,0.991609575226903
ZDT4,196,1473390918,1473390918,True,True,2.3469328880310059e-07,2069,10,0.0007333634421229362,0.9997099852189422
ZDT4,197,2716802463,2716802463,True,True,2.2910535335540771e-07,2079,10,0.007995214313268661,0.9965995028614998
ZDT4,198,1121008210,1121008210,True,True,2.3469328880310059e-07,2089,10,0.0031280601397156715,0.9970816345885396
ZDT4,199,76518805,76518805,True,True,2.3655593395233154e-07,2099,10,0.007554773241281509,0.99901925586164
ZDT4,200,1989099844,1989099844,True,True,2.3096799850463867e-07,2109,10,0.009893141686916351,0.9815521258860826
